Issue ID,Issue Body,issue User,commitID,Commit Subject,Semantic Confidence Level
16623,BUG: Initialize stop-reading in array_from_text,1fab43749,fcedf44c7,Merge pull request #11534 from eric-wieser/concatenate-reference-block,2
16623,BUG: Initialize stop-reading in array_from_text,1fab43749,a32c37710,Merge pull request #11424 from eric-wieser/empty-svd,2
16623,BUG: Initialize stop-reading in array_from_text,1fab43749,ff8b29808,Merge pull request #9643 from rgommers/council-members,2
16623,BUG: Initialize stop-reading in array_from_text,1fab43749,707f33f6a,Merge pull request #9586 from b-carter/fix_nonzero_docstring,2
16623,BUG: Initialize stop-reading in array_from_text,1fab43749,22bd314b6,Merge pull request #9552 from charris/fix-invalid-escape,2
16623,BUG: Initialize stop-reading in array_from_text,1fab43749,dfba08642,Merge pull request #9520 from eric-wieser/remove-TypeType,2
16623,BUG: Initialize stop-reading in array_from_text,1fab43749,74e603fe5,Merge pull request #9519 from charris/remove-level-in-tests,2
16623,BUG: Initialize stop-reading in array_from_text,1fab43749,6958be1c9,Merge pull request #9446 from charris/fix-gcc7.1-compile,2
16623,BUG: Initialize stop-reading in array_from_text,1fab43749,d7c8103f9,Merge pull request #9423 from rgommers/nf-https,2
16623,BUG: Initialize stop-reading in array_from_text,1fab43749,3484c83f8,Merge pull request #9407 from rgommers/testingdocs,2
16623,BUG: Initialize stop-reading in array_from_text,1fab43749,8d01ee40e,Merge pull request #3861 from seberg/nditer-remove-empty,2
16623,BUG: Initialize stop-reading in array_from_text,1fab43749,82e0860e2,Merge pull request #8388 from gfyoung/real-imag-scalar,2
16623,BUG: Initialize stop-reading in array_from_text,1fab43749,533cef981,Merge pull request #8704 from charris/fix-zerosize-deep-copy,2
16623,BUG: Initialize stop-reading in array_from_text,1fab43749,d9c1a1f91,Merge pull request #8468 from mhvk/testing-utils-assert-equal-safe-for-matrices,2
16623,BUG: Initialize stop-reading in array_from_text,1fab43749,95e935fba,Merge pull request #8443 from lesteve/mmap-offset,2
16623,BUG: Initialize stop-reading in array_from_text,1fab43749,124c3d809,Merge pull request #8452 from mhvk/testing-avoid-subclass-bool-arrays,2
16623,BUG: Initialize stop-reading in array_from_text,1fab43749,83fe06df8,Merge pull request #8448 from rgommers/laplacetest,2
16623,BUG: Initialize stop-reading in array_from_text,1fab43749,b9fb98626,Merge pull request #8410 from jotasi/arrayAssertLessFix,2
16623,BUG: Initialize stop-reading in array_from_text,1fab43749,4f84a4508,Merge pull request #8445 from grlee77/rfft_norm_fix,2
16623,BUG: Initialize stop-reading in array_from_text,1fab43749,ce6d3ffc9,Merge pull request #8284 from rainwoodman/fix-8264,2
16623,BUG: Initialize stop-reading in array_from_text,1fab43749,443c2f6d2,Merge pull request #8277 from eric-wieser/patch-7,2
16623,BUG: Initialize stop-reading in array_from_text,1fab43749,a7d244ce2,Merge pull request #8267 from petetanru/doc-shapemod,2
16623,BUG: Initialize stop-reading in array_from_text,1fab43749,0268680e5,Merge pull request #8194 from alvarosg/scalar-piecewise,2
16623,BUG: Initialize stop-reading in array_from_text,1fab43749,19fc7ad7f,Merge pull request #8083 from njase/enh_7949,2
16623,BUG: Initialize stop-reading in array_from_text,1fab43749,9914e603f,Merge pull request #8114 from pv/bugfix,2
16623,BUG: Initialize stop-reading in array_from_text,1fab43749,6463a7602,Merge pull request #8080 from ahaldane/int_offsets_fix,2
16623,BUG: Initialize stop-reading in array_from_text,1fab43749,cb4f81737,Merge pull request #8050 from mattip/pypy-fixes,2
16623,BUG: Initialize stop-reading in array_from_text,1fab43749,8d3673db9,Merge pull request #8042 from pv/fix-nditer-contig,2
16623,BUG: Initialize stop-reading in array_from_text,1fab43749,d50cff555,Merge pull request #8008 from charris/remove-imp-imports,2
16623,BUG: Initialize stop-reading in array_from_text,1fab43749,8eedd3e91,Merge pull request #7999 from juliantaylor/inplace-opt,2
16623,BUG: Initialize stop-reading in array_from_text,1fab43749,f65b233dc,Merge pull request #7482 from simongibbons/clip_memory_leak_fix,2
16623,BUG: Initialize stop-reading in array_from_text,1fab43749,1fc180b4c,DOC: fix PEP8 code in example file,2
16623,BUG: Initialize stop-reading in array_from_text,1fab43749,c6e65b7aa,Merge pull request #5706 from ahaldane/ma_methods_args,2
16623,BUG: Initialize stop-reading in array_from_text,1fab43749,4b228a5d5,Merge pull request #7438 from anntzer/multidim-roll,2
16623,BUG: Initialize stop-reading in array_from_text,1fab43749,75c5af30d,Merge pull request #7468 from jaimefrio/inplace_reduction_memmove,2
16623,BUG: Initialize stop-reading in array_from_text,1fab43749,63f3f246f,Merge pull request #7466 from jaimefrio/inplace_reduceat_segfault,2
16623,BUG: Initialize stop-reading in array_from_text,1fab43749,4b200d27e,Merge pull request #7456 from jaimefrio/reshape_segfault,2
16623,BUG: Initialize stop-reading in array_from_text,1fab43749,1380fdd88,Merge pull request #7229 from ewmoore/__complex__,2
16623,BUG: Initialize stop-reading in array_from_text,1fab43749,5c24db244,Merge pull request #7445 from jaimefrio/bincount_leak,2
16623,BUG: Initialize stop-reading in array_from_text,1fab43749,c70e88b17,Merge pull request #7442 from jaimefrio/refactor_diagonal,2
16623,BUG: Initialize stop-reading in array_from_text,1fab43749,a52eef3ff,Merge pull request #7437 from anntzer/new-fill-dtype-behavior,2
16623,BUG: Initialize stop-reading in array_from_text,1fab43749,a835270d7,Merge pull request #7359 from charris/update-7314,2
16623,BUG: Initialize stop-reading in array_from_text,1fab43749,74487e4a9,Merge pull request #7373 from charris/add-bitwise_and-identity,2
16623,BUG: Initialize stop-reading in array_from_text,1fab43749,386639363,Merge pull request #7361 from golnazir/multiarraymodule_fix,2
16623,BUG: Initialize stop-reading in array_from_text,1fab43749,4b78b9025,Merge pull request #7308 from madphysicist/madphysicist-pyref-bug,2
16623,BUG: Initialize stop-reading in array_from_text,1fab43749,4991e2124,Merge pull request #7278 from gfyoung/unravel_writable,2
16623,BUG: Initialize stop-reading in array_from_text,1fab43749,a5c852973,Merge pull request #7090 from madphysicist/hist-estimators,2
16623,BUG: Initialize stop-reading in array_from_text,1fab43749,c4bb7e9c7,Merge pull request #7211 from omegahm/doc-fix-fmin-examples,2
16623,BUG: Initialize stop-reading in array_from_text,1fab43749,d1dada15f,Merge pull request #6656 from I--P/loadtxt-int,2
16623,BUG: Initialize stop-reading in array_from_text,1fab43749,8a1c58201,Merge pull request #6630 from shoyer/moveaxis,2
16623,BUG: Initialize stop-reading in array_from_text,1fab43749,b8fef84a5,Merge pull request #6934 from juliantaylor/werr-pointer,2
16623,BUG: Initialize stop-reading in array_from_text,1fab43749,5dab92754,Merge pull request #6924 from charris/fix-segfault-gh-6922,2
16623,BUG: Initialize stop-reading in array_from_text,1fab43749,d2435303f,Merge pull request #6903 from gfyoung/np_random_cleanup,2
16623,BUG: Initialize stop-reading in array_from_text,1fab43749,3af5f0574,Merge pull request #6823 from gfyoung/order_arg_validate,2
16623,BUG: Initialize stop-reading in array_from_text,1fab43749,6d323aea6,Merge pull request #6797 from njsmith/clean-up-builtin-alias-usages,2
16623,BUG: Initialize stop-reading in array_from_text,1fab43749,dfdd18845,Merge pull request #6789 from njsmith/governance-title-tweak,2
16623,BUG: Initialize stop-reading in array_from_text,1fab43749,ddb41af04,Merge pull request #6480 from samuelstjean/patch-1,2
16623,BUG: Initialize stop-reading in array_from_text,1fab43749,6e8b869d5,Merge pull request #6029 from nayyarv/master,2
16623,BUG: Initialize stop-reading in array_from_text,1fab43749,fe0cb80d2,Merge pull request #6181 from anntzer/pad-requires-mode-argument,2
16623,BUG: Initialize stop-reading in array_from_text,1fab43749,f09380a7f,Merge pull request #6077 from ndjensen/master,2
16623,BUG: Initialize stop-reading in array_from_text,1fab43749,daf0497d2,Merge pull request #6098 from ahaldane/commastring_bool,2
16623,BUG: Initialize stop-reading in array_from_text,1fab43749,cc7e908ab,Merge pull request #6093 from ahaldane/PyArray_View_decref,2
16623,BUG: Initialize stop-reading in array_from_text,1fab43749,23e10e18f,Merge pull request #6000 from njsmith/inplace-matmul-error,2
16623,BUG: Initialize stop-reading in array_from_text,1fab43749,88937f8f1,Merge pull request #5963 from charris/rubustify-tuple-loop-search,2
16623,BUG: Initialize stop-reading in array_from_text,1fab43749,fa9e8c4a6,Merge pull request #5792 from jaimefrio/unused_vars,2
16623,BUG: Initialize stop-reading in array_from_text,1fab43749,d61152aaa,Merge pull request #5793 from jaimefrio/pyobject_cast,2
16623,BUG: Initialize stop-reading in array_from_text,1fab43749,32e23a1d5,Merge pull request #5609 from mspacek/patch-1,2
16623,BUG: Initialize stop-reading in array_from_text,1fab43749,22ae19366,Merge pull request #4622 from mhvk/lib/stride_tricks/subclasses,2
16623,BUG: Initialize stop-reading in array_from_text,1fab43749,6968c25fa,Merge pull request #5035 from juliantaylor/fft-test,2
16623,BUG: Initialize stop-reading in array_from_text,1fab43749,138b3bfa4,Merge pull request #5031 from charris/speedup-old-polynomial-functions,2
16623,BUG: Initialize stop-reading in array_from_text,1fab43749,036efee0c,Merge pull request #5012 from jaimefrio/faster_return_inverse,2
16623,BUG: Initialize stop-reading in array_from_text,1fab43749,145422826,Merge pull request #5002 from juliantaylor/convolve-nocopy,2
16623,BUG: Initialize stop-reading in array_from_text,1fab43749,412591201,Merge pull request #4968 from WarrenWeckesser/bug-genfromtxt,2
16623,BUG: Initialize stop-reading in array_from_text,1fab43749,3e09d375f,Merge pull request #4750 from jaimefrio/tri-sty,2
16623,BUG: Initialize stop-reading in array_from_text,1fab43749,9dd46ee2e,Merge pull request #4722 from mtkni/master,2
16623,BUG: Initialize stop-reading in array_from_text,1fab43749,b0990170e,Merge pull request #4457 from cimarronm/linalg_lstsq_docfix,2
16623,BUG: Initialize stop-reading in array_from_text,1fab43749,997f65e1b,Merge pull request #4333 from charris/fix-gh-2312,2
16623,BUG: Initialize stop-reading in array_from_text,1fab43749,5100498ea,Merge pull request #4302 from charris/fix-gh-605,2
16623,BUG: Initialize stop-reading in array_from_text,1fab43749,0178b12f3,Merge pull request #4321 from juliantaylor/half-sum-fix,2
16623,BUG: Initialize stop-reading in array_from_text,1fab43749,8997167e0,Merge pull request #4325 from charris/memmap-has-no-close,2
16623,BUG: Initialize stop-reading in array_from_text,1fab43749,b5b47b144,Merge pull request #4316 from charris/fix-gh-4092,2
16623,BUG: Initialize stop-reading in array_from_text,1fab43749,297f54b28,Merge pull request #4303 from charris/fix-gh-588,2
16623,BUG: Initialize stop-reading in array_from_text,1fab43749,2a8eea93f,Merge pull request #4304 from charris/fix-gh-3332,2
16623,BUG: Initialize stop-reading in array_from_text,1fab43749,68ae04741,Merge pull request #4300 from charris/fix-gh-636,2
16623,BUG: Initialize stop-reading in array_from_text,1fab43749,0e9956e67,Merge pull request #4286 from juliantaylor/flex-shuffle,2
16623,BUG: Initialize stop-reading in array_from_text,1fab43749,0a2be8302,Merge pull request #4239 from astaric/documentation_fix,2
16623,BUG: Initialize stop-reading in array_from_text,1fab43749,c159cb078,Merge pull request #4238 from pv/reduceat-doc,2
16623,BUG: Initialize stop-reading in array_from_text,1fab43749,05b236430,Merge pull request #4234 from jennystone/Branch1,2
16623,BUG: Initialize stop-reading in array_from_text,1fab43749,8358f04ce,Merge pull request #4215 from juliantaylor/where-obj-fix,2
16623,BUG: Initialize stop-reading in array_from_text,1fab43749,631655e66,Merge pull request #4213 from juliantaylor/choice-improv,2
16623,BUG: Initialize stop-reading in array_from_text,1fab43749,bc54f96e7,Merge pull request #4220 from juliantaylor/ufunc-at-ver,2
16623,BUG: Initialize stop-reading in array_from_text,1fab43749,5e5cf6236,Merge pull request #4221 from rgommers/fix-f2py-warning,2
16623,BUG: Initialize stop-reading in array_from_text,1fab43749,14fb70006,Merge pull request #3916 from larsmans/dotblas-64bit-safe,2
16623,BUG: Initialize stop-reading in array_from_text,1fab43749,0856259fd,Merge pull request #4112 from rhewett/meshgrid_single,2
16623,BUG: Initialize stop-reading in array_from_text,1fab43749,b7144d207,Merge pull request #4127 from nouiz/argmax,2
16623,BUG: Initialize stop-reading in array_from_text,1fab43749,a2507f658,Merge pull request #4128 from longjon/master,2
16623,BUG: Initialize stop-reading in array_from_text,1fab43749,205598b0a,Merge pull request #4117 from abalkin/gh-2276,2
16623,BUG: Initialize stop-reading in array_from_text,1fab43749,043e3574f,Merge pull request #4058 from juliantaylor/intern-strings,2
16623,BUG: Initialize stop-reading in array_from_text,1fab43749,8db0dc738,Merge pull request #4066 from garyo/master,2
16623,BUG: Initialize stop-reading in array_from_text,1fab43749,f4749b7b2,Merge pull request #4077 from ogrisel/streaming-numpy-save,2
16623,BUG: Initialize stop-reading in array_from_text,1fab43749,78e29a323,Merge pull request #4064 from juliantaylor/import-speed,2
16623,BUG: Initialize stop-reading in array_from_text,1fab43749,9f611dec1,Merge pull request #3980 from larsmans/refactor-gemm-gemv,2
16623,BUG: Initialize stop-reading in array_from_text,1fab43749,e4d8ad84b,Merge pull request #4039 from abalkin/issue-4026,2
16623,BUG: Initialize stop-reading in array_from_text,1fab43749,4050ac73a,Merge pull request #4024 from eltjpm/from_sequence_fix,2
16623,BUG: Initialize stop-reading in array_from_text,1fab43749,e7e365fa6,Merge pull request #4010 from juliantaylor/reduce-opt,2
16623,BUG: Initialize stop-reading in array_from_text,1fab43749,54d3559c3,Merge pull request #3952 from JStech/issue_2052,2
16623,BUG: Initialize stop-reading in array_from_text,1fab43749,4c4d51745,Merge pull request #3769 from juliantaylor/percentile-compat,2
16623,BUG: Initialize stop-reading in array_from_text,1fab43749,5da4888cd,Merge pull request #3799 from esc/fix_typos_in_npyio.py,2
16623,BUG: Initialize stop-reading in array_from_text,1fab43749,4f1f9d27a,Merge pull request #3482 from jjhelmus/linspace_enh,2
16623,BUG: Initialize stop-reading in array_from_text,1fab43749,0a6217dc8,Merge pull request #3632 from charris/remove-commented-out-code,2
16623,BUG: Initialize stop-reading in array_from_text,1fab43749,cdbdaf182,Merge pull request #3629 from charris/fix-out-of-order-declaration,2
16623,BUG: Initialize stop-reading in array_from_text,1fab43749,90ececac5,Merge pull request #3539 from WarrenWeckesser/bug-norm-performance,2
16623,BUG: Initialize stop-reading in array_from_text,1fab43749,65fe95ccc,Merge pull request #3431 from WarrenWeckesser/mtrand-hypergeom-edge-case,2
16623,BUG: Initialize stop-reading in array_from_text,1fab43749,dff8c9497,Merge pull request #3385 from juliantaylor/memleak-3384,2
16623,BUG: Initialize stop-reading in array_from_text,1fab43749,6bc59a039,Merge pull request #3374 from cgohlke/patch-4,2
16623,BUG: Initialize stop-reading in array_from_text,1fab43749,56a878c53,Merge pull request #3324 from nouiz/prio_cmp,2
16623,BUG: Initialize stop-reading in array_from_text,1fab43749,4a1736a79,Merge pull request #2701 from seberg/indexing,2
16623,BUG: Initialize stop-reading in array_from_text,1fab43749,b76df8583,Merge pull request #3313 from ecatmur/master,2
16623,BUG: Initialize stop-reading in array_from_text,1fab43749,0d9eac4bb,Merge pull request #3280 from seberg/issue-3279,2
16623,BUG: Initialize stop-reading in array_from_text,1fab43749,e1055868e,Merge pull request #2992 from seberg/choice-object-scalar,2
16623,BUG: Initialize stop-reading in array_from_text,1fab43749,22decf9ed,Merge pull request #3027 from charris/2to3-remove-has_key-update,2
16623,BUG: Initialize stop-reading in array_from_text,1fab43749,e84885aa3,Merge pull request #3028 from charris/2to3-except-update,2
16623,BUG: Initialize stop-reading in array_from_text,1fab43749,e1f0c1bba,Merge pull request #3020 from charris/2to3-remove-has_key,2
16623,BUG: Initialize stop-reading in array_from_text,1fab43749,a369522a3,Merge pull request #3023 from charris/2to3-except,2
16623,BUG: Initialize stop-reading in array_from_text,1fab43749,b859daed2,Merge pull request #2979 from charris/fix-nansum,2
16623,BUG: Initialize stop-reading in array_from_text,1fab43749,dce10183b,Merge pull request #2725 from seberg/take_0d,2
16623,BUG: Initialize stop-reading in array_from_text,1fab43749,161bfe73e,Merge pull request #2882 from seberg/issue2503,2
16596,BUG: Fix reference count leak in mapping.c,74647b34d,fcedf44c7,Merge pull request #11534 from eric-wieser/concatenate-reference-block,2
16596,BUG: Fix reference count leak in mapping.c,74647b34d,a32c37710,Merge pull request #11424 from eric-wieser/empty-svd,2
16596,BUG: Fix reference count leak in mapping.c,74647b34d,ff8b29808,Merge pull request #9643 from rgommers/council-members,2
16596,BUG: Fix reference count leak in mapping.c,74647b34d,707f33f6a,Merge pull request #9586 from b-carter/fix_nonzero_docstring,2
16596,BUG: Fix reference count leak in mapping.c,74647b34d,22bd314b6,Merge pull request #9552 from charris/fix-invalid-escape,2
16596,BUG: Fix reference count leak in mapping.c,74647b34d,dfba08642,Merge pull request #9520 from eric-wieser/remove-TypeType,2
16596,BUG: Fix reference count leak in mapping.c,74647b34d,74e603fe5,Merge pull request #9519 from charris/remove-level-in-tests,2
16596,BUG: Fix reference count leak in mapping.c,74647b34d,6958be1c9,Merge pull request #9446 from charris/fix-gcc7.1-compile,2
16596,BUG: Fix reference count leak in mapping.c,74647b34d,d7c8103f9,Merge pull request #9423 from rgommers/nf-https,2
16596,BUG: Fix reference count leak in mapping.c,74647b34d,3484c83f8,Merge pull request #9407 from rgommers/testingdocs,2
16596,BUG: Fix reference count leak in mapping.c,74647b34d,8d01ee40e,Merge pull request #3861 from seberg/nditer-remove-empty,2
16596,BUG: Fix reference count leak in mapping.c,74647b34d,82e0860e2,Merge pull request #8388 from gfyoung/real-imag-scalar,2
16596,BUG: Fix reference count leak in mapping.c,74647b34d,533cef981,Merge pull request #8704 from charris/fix-zerosize-deep-copy,2
16596,BUG: Fix reference count leak in mapping.c,74647b34d,d9c1a1f91,Merge pull request #8468 from mhvk/testing-utils-assert-equal-safe-for-matrices,2
16596,BUG: Fix reference count leak in mapping.c,74647b34d,95e935fba,Merge pull request #8443 from lesteve/mmap-offset,2
16596,BUG: Fix reference count leak in mapping.c,74647b34d,124c3d809,Merge pull request #8452 from mhvk/testing-avoid-subclass-bool-arrays,2
16596,BUG: Fix reference count leak in mapping.c,74647b34d,83fe06df8,Merge pull request #8448 from rgommers/laplacetest,2
16596,BUG: Fix reference count leak in mapping.c,74647b34d,b9fb98626,Merge pull request #8410 from jotasi/arrayAssertLessFix,2
16596,BUG: Fix reference count leak in mapping.c,74647b34d,4f84a4508,Merge pull request #8445 from grlee77/rfft_norm_fix,2
16596,BUG: Fix reference count leak in mapping.c,74647b34d,ce6d3ffc9,Merge pull request #8284 from rainwoodman/fix-8264,2
16596,BUG: Fix reference count leak in mapping.c,74647b34d,443c2f6d2,Merge pull request #8277 from eric-wieser/patch-7,2
16596,BUG: Fix reference count leak in mapping.c,74647b34d,a7d244ce2,Merge pull request #8267 from petetanru/doc-shapemod,2
16596,BUG: Fix reference count leak in mapping.c,74647b34d,0268680e5,Merge pull request #8194 from alvarosg/scalar-piecewise,2
16596,BUG: Fix reference count leak in mapping.c,74647b34d,19fc7ad7f,Merge pull request #8083 from njase/enh_7949,2
16596,BUG: Fix reference count leak in mapping.c,74647b34d,9914e603f,Merge pull request #8114 from pv/bugfix,2
16596,BUG: Fix reference count leak in mapping.c,74647b34d,6463a7602,Merge pull request #8080 from ahaldane/int_offsets_fix,2
16596,BUG: Fix reference count leak in mapping.c,74647b34d,cb4f81737,Merge pull request #8050 from mattip/pypy-fixes,2
16596,BUG: Fix reference count leak in mapping.c,74647b34d,8d3673db9,Merge pull request #8042 from pv/fix-nditer-contig,2
16596,BUG: Fix reference count leak in mapping.c,74647b34d,d50cff555,Merge pull request #8008 from charris/remove-imp-imports,2
16596,BUG: Fix reference count leak in mapping.c,74647b34d,8eedd3e91,Merge pull request #7999 from juliantaylor/inplace-opt,2
16596,BUG: Fix reference count leak in mapping.c,74647b34d,f65b233dc,Merge pull request #7482 from simongibbons/clip_memory_leak_fix,2
16596,BUG: Fix reference count leak in mapping.c,74647b34d,1fc180b4c,DOC: fix PEP8 code in example file,2
16596,BUG: Fix reference count leak in mapping.c,74647b34d,c6e65b7aa,Merge pull request #5706 from ahaldane/ma_methods_args,2
16596,BUG: Fix reference count leak in mapping.c,74647b34d,4b228a5d5,Merge pull request #7438 from anntzer/multidim-roll,2
16596,BUG: Fix reference count leak in mapping.c,74647b34d,75c5af30d,Merge pull request #7468 from jaimefrio/inplace_reduction_memmove,2
16596,BUG: Fix reference count leak in mapping.c,74647b34d,63f3f246f,Merge pull request #7466 from jaimefrio/inplace_reduceat_segfault,2
16596,BUG: Fix reference count leak in mapping.c,74647b34d,4b200d27e,Merge pull request #7456 from jaimefrio/reshape_segfault,2
16596,BUG: Fix reference count leak in mapping.c,74647b34d,1380fdd88,Merge pull request #7229 from ewmoore/__complex__,2
16596,BUG: Fix reference count leak in mapping.c,74647b34d,5c24db244,Merge pull request #7445 from jaimefrio/bincount_leak,2
16596,BUG: Fix reference count leak in mapping.c,74647b34d,c70e88b17,Merge pull request #7442 from jaimefrio/refactor_diagonal,2
16596,BUG: Fix reference count leak in mapping.c,74647b34d,a52eef3ff,Merge pull request #7437 from anntzer/new-fill-dtype-behavior,2
16596,BUG: Fix reference count leak in mapping.c,74647b34d,a835270d7,Merge pull request #7359 from charris/update-7314,2
16596,BUG: Fix reference count leak in mapping.c,74647b34d,74487e4a9,Merge pull request #7373 from charris/add-bitwise_and-identity,2
16596,BUG: Fix reference count leak in mapping.c,74647b34d,386639363,Merge pull request #7361 from golnazir/multiarraymodule_fix,2
16596,BUG: Fix reference count leak in mapping.c,74647b34d,4b78b9025,Merge pull request #7308 from madphysicist/madphysicist-pyref-bug,2
16596,BUG: Fix reference count leak in mapping.c,74647b34d,4991e2124,Merge pull request #7278 from gfyoung/unravel_writable,2
16596,BUG: Fix reference count leak in mapping.c,74647b34d,a5c852973,Merge pull request #7090 from madphysicist/hist-estimators,2
16596,BUG: Fix reference count leak in mapping.c,74647b34d,c4bb7e9c7,Merge pull request #7211 from omegahm/doc-fix-fmin-examples,2
16596,BUG: Fix reference count leak in mapping.c,74647b34d,d1dada15f,Merge pull request #6656 from I--P/loadtxt-int,2
16596,BUG: Fix reference count leak in mapping.c,74647b34d,8a1c58201,Merge pull request #6630 from shoyer/moveaxis,2
16596,BUG: Fix reference count leak in mapping.c,74647b34d,b8fef84a5,Merge pull request #6934 from juliantaylor/werr-pointer,2
16596,BUG: Fix reference count leak in mapping.c,74647b34d,5dab92754,Merge pull request #6924 from charris/fix-segfault-gh-6922,2
16596,BUG: Fix reference count leak in mapping.c,74647b34d,d2435303f,Merge pull request #6903 from gfyoung/np_random_cleanup,2
16596,BUG: Fix reference count leak in mapping.c,74647b34d,3af5f0574,Merge pull request #6823 from gfyoung/order_arg_validate,2
16596,BUG: Fix reference count leak in mapping.c,74647b34d,6d323aea6,Merge pull request #6797 from njsmith/clean-up-builtin-alias-usages,2
16596,BUG: Fix reference count leak in mapping.c,74647b34d,dfdd18845,Merge pull request #6789 from njsmith/governance-title-tweak,2
16596,BUG: Fix reference count leak in mapping.c,74647b34d,ddb41af04,Merge pull request #6480 from samuelstjean/patch-1,2
16596,BUG: Fix reference count leak in mapping.c,74647b34d,6e8b869d5,Merge pull request #6029 from nayyarv/master,2
16596,BUG: Fix reference count leak in mapping.c,74647b34d,fe0cb80d2,Merge pull request #6181 from anntzer/pad-requires-mode-argument,2
16596,BUG: Fix reference count leak in mapping.c,74647b34d,f09380a7f,Merge pull request #6077 from ndjensen/master,2
16596,BUG: Fix reference count leak in mapping.c,74647b34d,daf0497d2,Merge pull request #6098 from ahaldane/commastring_bool,2
16596,BUG: Fix reference count leak in mapping.c,74647b34d,cc7e908ab,Merge pull request #6093 from ahaldane/PyArray_View_decref,2
16596,BUG: Fix reference count leak in mapping.c,74647b34d,23e10e18f,Merge pull request #6000 from njsmith/inplace-matmul-error,2
16596,BUG: Fix reference count leak in mapping.c,74647b34d,88937f8f1,Merge pull request #5963 from charris/rubustify-tuple-loop-search,2
16596,BUG: Fix reference count leak in mapping.c,74647b34d,fa9e8c4a6,Merge pull request #5792 from jaimefrio/unused_vars,2
16596,BUG: Fix reference count leak in mapping.c,74647b34d,d61152aaa,Merge pull request #5793 from jaimefrio/pyobject_cast,2
16596,BUG: Fix reference count leak in mapping.c,74647b34d,32e23a1d5,Merge pull request #5609 from mspacek/patch-1,2
16596,BUG: Fix reference count leak in mapping.c,74647b34d,22ae19366,Merge pull request #4622 from mhvk/lib/stride_tricks/subclasses,2
16596,BUG: Fix reference count leak in mapping.c,74647b34d,6968c25fa,Merge pull request #5035 from juliantaylor/fft-test,2
16596,BUG: Fix reference count leak in mapping.c,74647b34d,138b3bfa4,Merge pull request #5031 from charris/speedup-old-polynomial-functions,2
16596,BUG: Fix reference count leak in mapping.c,74647b34d,036efee0c,Merge pull request #5012 from jaimefrio/faster_return_inverse,2
16596,BUG: Fix reference count leak in mapping.c,74647b34d,145422826,Merge pull request #5002 from juliantaylor/convolve-nocopy,2
16596,BUG: Fix reference count leak in mapping.c,74647b34d,412591201,Merge pull request #4968 from WarrenWeckesser/bug-genfromtxt,2
16596,BUG: Fix reference count leak in mapping.c,74647b34d,3e09d375f,Merge pull request #4750 from jaimefrio/tri-sty,2
16596,BUG: Fix reference count leak in mapping.c,74647b34d,9dd46ee2e,Merge pull request #4722 from mtkni/master,2
16596,BUG: Fix reference count leak in mapping.c,74647b34d,b0990170e,Merge pull request #4457 from cimarronm/linalg_lstsq_docfix,2
16596,BUG: Fix reference count leak in mapping.c,74647b34d,997f65e1b,Merge pull request #4333 from charris/fix-gh-2312,2
16596,BUG: Fix reference count leak in mapping.c,74647b34d,5100498ea,Merge pull request #4302 from charris/fix-gh-605,2
16596,BUG: Fix reference count leak in mapping.c,74647b34d,0178b12f3,Merge pull request #4321 from juliantaylor/half-sum-fix,2
16596,BUG: Fix reference count leak in mapping.c,74647b34d,8997167e0,Merge pull request #4325 from charris/memmap-has-no-close,2
16596,BUG: Fix reference count leak in mapping.c,74647b34d,b5b47b144,Merge pull request #4316 from charris/fix-gh-4092,2
16596,BUG: Fix reference count leak in mapping.c,74647b34d,297f54b28,Merge pull request #4303 from charris/fix-gh-588,2
16596,BUG: Fix reference count leak in mapping.c,74647b34d,2a8eea93f,Merge pull request #4304 from charris/fix-gh-3332,2
16596,BUG: Fix reference count leak in mapping.c,74647b34d,68ae04741,Merge pull request #4300 from charris/fix-gh-636,2
16596,BUG: Fix reference count leak in mapping.c,74647b34d,0e9956e67,Merge pull request #4286 from juliantaylor/flex-shuffle,2
16596,BUG: Fix reference count leak in mapping.c,74647b34d,0a2be8302,Merge pull request #4239 from astaric/documentation_fix,2
16596,BUG: Fix reference count leak in mapping.c,74647b34d,c159cb078,Merge pull request #4238 from pv/reduceat-doc,2
16596,BUG: Fix reference count leak in mapping.c,74647b34d,05b236430,Merge pull request #4234 from jennystone/Branch1,2
16596,BUG: Fix reference count leak in mapping.c,74647b34d,8358f04ce,Merge pull request #4215 from juliantaylor/where-obj-fix,2
16596,BUG: Fix reference count leak in mapping.c,74647b34d,631655e66,Merge pull request #4213 from juliantaylor/choice-improv,2
16596,BUG: Fix reference count leak in mapping.c,74647b34d,bc54f96e7,Merge pull request #4220 from juliantaylor/ufunc-at-ver,2
16596,BUG: Fix reference count leak in mapping.c,74647b34d,5e5cf6236,Merge pull request #4221 from rgommers/fix-f2py-warning,2
16596,BUG: Fix reference count leak in mapping.c,74647b34d,14fb70006,Merge pull request #3916 from larsmans/dotblas-64bit-safe,2
16596,BUG: Fix reference count leak in mapping.c,74647b34d,0856259fd,Merge pull request #4112 from rhewett/meshgrid_single,2
16596,BUG: Fix reference count leak in mapping.c,74647b34d,b7144d207,Merge pull request #4127 from nouiz/argmax,2
16596,BUG: Fix reference count leak in mapping.c,74647b34d,a2507f658,Merge pull request #4128 from longjon/master,2
16596,BUG: Fix reference count leak in mapping.c,74647b34d,205598b0a,Merge pull request #4117 from abalkin/gh-2276,2
16596,BUG: Fix reference count leak in mapping.c,74647b34d,043e3574f,Merge pull request #4058 from juliantaylor/intern-strings,2
16596,BUG: Fix reference count leak in mapping.c,74647b34d,8db0dc738,Merge pull request #4066 from garyo/master,2
16596,BUG: Fix reference count leak in mapping.c,74647b34d,f4749b7b2,Merge pull request #4077 from ogrisel/streaming-numpy-save,2
16596,BUG: Fix reference count leak in mapping.c,74647b34d,78e29a323,Merge pull request #4064 from juliantaylor/import-speed,2
16596,BUG: Fix reference count leak in mapping.c,74647b34d,9f611dec1,Merge pull request #3980 from larsmans/refactor-gemm-gemv,2
16596,BUG: Fix reference count leak in mapping.c,74647b34d,e4d8ad84b,Merge pull request #4039 from abalkin/issue-4026,2
16596,BUG: Fix reference count leak in mapping.c,74647b34d,4050ac73a,Merge pull request #4024 from eltjpm/from_sequence_fix,2
16596,BUG: Fix reference count leak in mapping.c,74647b34d,e7e365fa6,Merge pull request #4010 from juliantaylor/reduce-opt,2
16596,BUG: Fix reference count leak in mapping.c,74647b34d,54d3559c3,Merge pull request #3952 from JStech/issue_2052,2
16596,BUG: Fix reference count leak in mapping.c,74647b34d,4c4d51745,Merge pull request #3769 from juliantaylor/percentile-compat,2
16596,BUG: Fix reference count leak in mapping.c,74647b34d,5da4888cd,Merge pull request #3799 from esc/fix_typos_in_npyio.py,2
16596,BUG: Fix reference count leak in mapping.c,74647b34d,4f1f9d27a,Merge pull request #3482 from jjhelmus/linspace_enh,2
16596,BUG: Fix reference count leak in mapping.c,74647b34d,0a6217dc8,Merge pull request #3632 from charris/remove-commented-out-code,2
16596,BUG: Fix reference count leak in mapping.c,74647b34d,cdbdaf182,Merge pull request #3629 from charris/fix-out-of-order-declaration,2
16596,BUG: Fix reference count leak in mapping.c,74647b34d,90ececac5,Merge pull request #3539 from WarrenWeckesser/bug-norm-performance,2
16596,BUG: Fix reference count leak in mapping.c,74647b34d,65fe95ccc,Merge pull request #3431 from WarrenWeckesser/mtrand-hypergeom-edge-case,2
16596,BUG: Fix reference count leak in mapping.c,74647b34d,dff8c9497,Merge pull request #3385 from juliantaylor/memleak-3384,2
16596,BUG: Fix reference count leak in mapping.c,74647b34d,6bc59a039,Merge pull request #3374 from cgohlke/patch-4,2
16596,BUG: Fix reference count leak in mapping.c,74647b34d,56a878c53,Merge pull request #3324 from nouiz/prio_cmp,2
16596,BUG: Fix reference count leak in mapping.c,74647b34d,4a1736a79,Merge pull request #2701 from seberg/indexing,2
16596,BUG: Fix reference count leak in mapping.c,74647b34d,b76df8583,Merge pull request #3313 from ecatmur/master,2
16596,BUG: Fix reference count leak in mapping.c,74647b34d,0d9eac4bb,Merge pull request #3280 from seberg/issue-3279,2
16596,BUG: Fix reference count leak in mapping.c,74647b34d,e1055868e,Merge pull request #2992 from seberg/choice-object-scalar,2
16596,BUG: Fix reference count leak in mapping.c,74647b34d,22decf9ed,Merge pull request #3027 from charris/2to3-remove-has_key-update,2
16596,BUG: Fix reference count leak in mapping.c,74647b34d,e84885aa3,Merge pull request #3028 from charris/2to3-except-update,2
16596,BUG: Fix reference count leak in mapping.c,74647b34d,e1f0c1bba,Merge pull request #3020 from charris/2to3-remove-has_key,2
16596,BUG: Fix reference count leak in mapping.c,74647b34d,a369522a3,Merge pull request #3023 from charris/2to3-except,2
16596,BUG: Fix reference count leak in mapping.c,74647b34d,b859daed2,Merge pull request #2979 from charris/fix-nansum,2
16596,BUG: Fix reference count leak in mapping.c,74647b34d,dce10183b,Merge pull request #2725 from seberg/take_0d,2
16596,BUG: Fix reference count leak in mapping.c,74647b34d,161bfe73e,Merge pull request #2882 from seberg/issue2503,2
16596,BUG: Fix reference count leak in mapping.c,a9652077b,fcedf44c7,Merge pull request #11534 from eric-wieser/concatenate-reference-block,2
16596,BUG: Fix reference count leak in mapping.c,a9652077b,a32c37710,Merge pull request #11424 from eric-wieser/empty-svd,2
16596,BUG: Fix reference count leak in mapping.c,a9652077b,ff8b29808,Merge pull request #9643 from rgommers/council-members,2
16596,BUG: Fix reference count leak in mapping.c,a9652077b,707f33f6a,Merge pull request #9586 from b-carter/fix_nonzero_docstring,2
16596,BUG: Fix reference count leak in mapping.c,a9652077b,22bd314b6,Merge pull request #9552 from charris/fix-invalid-escape,2
16596,BUG: Fix reference count leak in mapping.c,a9652077b,dfba08642,Merge pull request #9520 from eric-wieser/remove-TypeType,2
16596,BUG: Fix reference count leak in mapping.c,a9652077b,74e603fe5,Merge pull request #9519 from charris/remove-level-in-tests,2
16596,BUG: Fix reference count leak in mapping.c,a9652077b,6958be1c9,Merge pull request #9446 from charris/fix-gcc7.1-compile,2
16596,BUG: Fix reference count leak in mapping.c,a9652077b,d7c8103f9,Merge pull request #9423 from rgommers/nf-https,2
16596,BUG: Fix reference count leak in mapping.c,a9652077b,3484c83f8,Merge pull request #9407 from rgommers/testingdocs,2
16596,BUG: Fix reference count leak in mapping.c,a9652077b,8d01ee40e,Merge pull request #3861 from seberg/nditer-remove-empty,2
16596,BUG: Fix reference count leak in mapping.c,a9652077b,82e0860e2,Merge pull request #8388 from gfyoung/real-imag-scalar,2
16596,BUG: Fix reference count leak in mapping.c,a9652077b,533cef981,Merge pull request #8704 from charris/fix-zerosize-deep-copy,2
16596,BUG: Fix reference count leak in mapping.c,a9652077b,d9c1a1f91,Merge pull request #8468 from mhvk/testing-utils-assert-equal-safe-for-matrices,2
16596,BUG: Fix reference count leak in mapping.c,a9652077b,95e935fba,Merge pull request #8443 from lesteve/mmap-offset,2
16596,BUG: Fix reference count leak in mapping.c,a9652077b,124c3d809,Merge pull request #8452 from mhvk/testing-avoid-subclass-bool-arrays,2
16596,BUG: Fix reference count leak in mapping.c,a9652077b,83fe06df8,Merge pull request #8448 from rgommers/laplacetest,2
16596,BUG: Fix reference count leak in mapping.c,a9652077b,b9fb98626,Merge pull request #8410 from jotasi/arrayAssertLessFix,2
16596,BUG: Fix reference count leak in mapping.c,a9652077b,4f84a4508,Merge pull request #8445 from grlee77/rfft_norm_fix,2
16596,BUG: Fix reference count leak in mapping.c,a9652077b,ce6d3ffc9,Merge pull request #8284 from rainwoodman/fix-8264,2
16596,BUG: Fix reference count leak in mapping.c,a9652077b,443c2f6d2,Merge pull request #8277 from eric-wieser/patch-7,2
16596,BUG: Fix reference count leak in mapping.c,a9652077b,a7d244ce2,Merge pull request #8267 from petetanru/doc-shapemod,2
16596,BUG: Fix reference count leak in mapping.c,a9652077b,0268680e5,Merge pull request #8194 from alvarosg/scalar-piecewise,2
16596,BUG: Fix reference count leak in mapping.c,a9652077b,19fc7ad7f,Merge pull request #8083 from njase/enh_7949,2
16596,BUG: Fix reference count leak in mapping.c,a9652077b,9914e603f,Merge pull request #8114 from pv/bugfix,2
16596,BUG: Fix reference count leak in mapping.c,a9652077b,6463a7602,Merge pull request #8080 from ahaldane/int_offsets_fix,2
16596,BUG: Fix reference count leak in mapping.c,a9652077b,cb4f81737,Merge pull request #8050 from mattip/pypy-fixes,2
16596,BUG: Fix reference count leak in mapping.c,a9652077b,8d3673db9,Merge pull request #8042 from pv/fix-nditer-contig,2
16596,BUG: Fix reference count leak in mapping.c,a9652077b,d50cff555,Merge pull request #8008 from charris/remove-imp-imports,2
16596,BUG: Fix reference count leak in mapping.c,a9652077b,8eedd3e91,Merge pull request #7999 from juliantaylor/inplace-opt,2
16596,BUG: Fix reference count leak in mapping.c,a9652077b,f65b233dc,Merge pull request #7482 from simongibbons/clip_memory_leak_fix,2
16596,BUG: Fix reference count leak in mapping.c,a9652077b,1fc180b4c,DOC: fix PEP8 code in example file,2
16596,BUG: Fix reference count leak in mapping.c,a9652077b,c6e65b7aa,Merge pull request #5706 from ahaldane/ma_methods_args,2
16596,BUG: Fix reference count leak in mapping.c,a9652077b,4b228a5d5,Merge pull request #7438 from anntzer/multidim-roll,2
16596,BUG: Fix reference count leak in mapping.c,a9652077b,75c5af30d,Merge pull request #7468 from jaimefrio/inplace_reduction_memmove,2
16596,BUG: Fix reference count leak in mapping.c,a9652077b,63f3f246f,Merge pull request #7466 from jaimefrio/inplace_reduceat_segfault,2
16596,BUG: Fix reference count leak in mapping.c,a9652077b,4b200d27e,Merge pull request #7456 from jaimefrio/reshape_segfault,2
16596,BUG: Fix reference count leak in mapping.c,a9652077b,1380fdd88,Merge pull request #7229 from ewmoore/__complex__,2
16596,BUG: Fix reference count leak in mapping.c,a9652077b,5c24db244,Merge pull request #7445 from jaimefrio/bincount_leak,2
16596,BUG: Fix reference count leak in mapping.c,a9652077b,c70e88b17,Merge pull request #7442 from jaimefrio/refactor_diagonal,2
16596,BUG: Fix reference count leak in mapping.c,a9652077b,a52eef3ff,Merge pull request #7437 from anntzer/new-fill-dtype-behavior,2
16596,BUG: Fix reference count leak in mapping.c,a9652077b,a835270d7,Merge pull request #7359 from charris/update-7314,2
16596,BUG: Fix reference count leak in mapping.c,a9652077b,74487e4a9,Merge pull request #7373 from charris/add-bitwise_and-identity,2
16596,BUG: Fix reference count leak in mapping.c,a9652077b,386639363,Merge pull request #7361 from golnazir/multiarraymodule_fix,2
16596,BUG: Fix reference count leak in mapping.c,a9652077b,4b78b9025,Merge pull request #7308 from madphysicist/madphysicist-pyref-bug,2
16596,BUG: Fix reference count leak in mapping.c,a9652077b,4991e2124,Merge pull request #7278 from gfyoung/unravel_writable,2
16596,BUG: Fix reference count leak in mapping.c,a9652077b,a5c852973,Merge pull request #7090 from madphysicist/hist-estimators,2
16596,BUG: Fix reference count leak in mapping.c,a9652077b,c4bb7e9c7,Merge pull request #7211 from omegahm/doc-fix-fmin-examples,2
16596,BUG: Fix reference count leak in mapping.c,a9652077b,d1dada15f,Merge pull request #6656 from I--P/loadtxt-int,2
16596,BUG: Fix reference count leak in mapping.c,a9652077b,8a1c58201,Merge pull request #6630 from shoyer/moveaxis,2
16596,BUG: Fix reference count leak in mapping.c,a9652077b,b8fef84a5,Merge pull request #6934 from juliantaylor/werr-pointer,2
16596,BUG: Fix reference count leak in mapping.c,a9652077b,5dab92754,Merge pull request #6924 from charris/fix-segfault-gh-6922,2
16596,BUG: Fix reference count leak in mapping.c,a9652077b,d2435303f,Merge pull request #6903 from gfyoung/np_random_cleanup,2
16596,BUG: Fix reference count leak in mapping.c,a9652077b,3af5f0574,Merge pull request #6823 from gfyoung/order_arg_validate,2
16596,BUG: Fix reference count leak in mapping.c,a9652077b,6d323aea6,Merge pull request #6797 from njsmith/clean-up-builtin-alias-usages,2
16596,BUG: Fix reference count leak in mapping.c,a9652077b,dfdd18845,Merge pull request #6789 from njsmith/governance-title-tweak,2
16596,BUG: Fix reference count leak in mapping.c,a9652077b,ddb41af04,Merge pull request #6480 from samuelstjean/patch-1,2
16596,BUG: Fix reference count leak in mapping.c,a9652077b,6e8b869d5,Merge pull request #6029 from nayyarv/master,2
16596,BUG: Fix reference count leak in mapping.c,a9652077b,fe0cb80d2,Merge pull request #6181 from anntzer/pad-requires-mode-argument,2
16596,BUG: Fix reference count leak in mapping.c,a9652077b,f09380a7f,Merge pull request #6077 from ndjensen/master,2
16596,BUG: Fix reference count leak in mapping.c,a9652077b,daf0497d2,Merge pull request #6098 from ahaldane/commastring_bool,2
16596,BUG: Fix reference count leak in mapping.c,a9652077b,cc7e908ab,Merge pull request #6093 from ahaldane/PyArray_View_decref,2
16596,BUG: Fix reference count leak in mapping.c,a9652077b,23e10e18f,Merge pull request #6000 from njsmith/inplace-matmul-error,2
16596,BUG: Fix reference count leak in mapping.c,a9652077b,88937f8f1,Merge pull request #5963 from charris/rubustify-tuple-loop-search,2
16596,BUG: Fix reference count leak in mapping.c,a9652077b,fa9e8c4a6,Merge pull request #5792 from jaimefrio/unused_vars,2
16596,BUG: Fix reference count leak in mapping.c,a9652077b,d61152aaa,Merge pull request #5793 from jaimefrio/pyobject_cast,2
16596,BUG: Fix reference count leak in mapping.c,a9652077b,32e23a1d5,Merge pull request #5609 from mspacek/patch-1,2
16596,BUG: Fix reference count leak in mapping.c,a9652077b,22ae19366,Merge pull request #4622 from mhvk/lib/stride_tricks/subclasses,2
16596,BUG: Fix reference count leak in mapping.c,a9652077b,6968c25fa,Merge pull request #5035 from juliantaylor/fft-test,2
16596,BUG: Fix reference count leak in mapping.c,a9652077b,138b3bfa4,Merge pull request #5031 from charris/speedup-old-polynomial-functions,2
16596,BUG: Fix reference count leak in mapping.c,a9652077b,036efee0c,Merge pull request #5012 from jaimefrio/faster_return_inverse,2
16596,BUG: Fix reference count leak in mapping.c,a9652077b,145422826,Merge pull request #5002 from juliantaylor/convolve-nocopy,2
16596,BUG: Fix reference count leak in mapping.c,a9652077b,412591201,Merge pull request #4968 from WarrenWeckesser/bug-genfromtxt,2
16596,BUG: Fix reference count leak in mapping.c,a9652077b,3e09d375f,Merge pull request #4750 from jaimefrio/tri-sty,2
16596,BUG: Fix reference count leak in mapping.c,a9652077b,9dd46ee2e,Merge pull request #4722 from mtkni/master,2
16596,BUG: Fix reference count leak in mapping.c,a9652077b,b0990170e,Merge pull request #4457 from cimarronm/linalg_lstsq_docfix,2
16596,BUG: Fix reference count leak in mapping.c,a9652077b,997f65e1b,Merge pull request #4333 from charris/fix-gh-2312,2
16596,BUG: Fix reference count leak in mapping.c,a9652077b,5100498ea,Merge pull request #4302 from charris/fix-gh-605,2
16596,BUG: Fix reference count leak in mapping.c,a9652077b,0178b12f3,Merge pull request #4321 from juliantaylor/half-sum-fix,2
16596,BUG: Fix reference count leak in mapping.c,a9652077b,8997167e0,Merge pull request #4325 from charris/memmap-has-no-close,2
16596,BUG: Fix reference count leak in mapping.c,a9652077b,b5b47b144,Merge pull request #4316 from charris/fix-gh-4092,2
16596,BUG: Fix reference count leak in mapping.c,a9652077b,297f54b28,Merge pull request #4303 from charris/fix-gh-588,2
16596,BUG: Fix reference count leak in mapping.c,a9652077b,2a8eea93f,Merge pull request #4304 from charris/fix-gh-3332,2
16596,BUG: Fix reference count leak in mapping.c,a9652077b,68ae04741,Merge pull request #4300 from charris/fix-gh-636,2
16596,BUG: Fix reference count leak in mapping.c,a9652077b,0e9956e67,Merge pull request #4286 from juliantaylor/flex-shuffle,2
16596,BUG: Fix reference count leak in mapping.c,a9652077b,0a2be8302,Merge pull request #4239 from astaric/documentation_fix,2
16596,BUG: Fix reference count leak in mapping.c,a9652077b,c159cb078,Merge pull request #4238 from pv/reduceat-doc,2
16596,BUG: Fix reference count leak in mapping.c,a9652077b,05b236430,Merge pull request #4234 from jennystone/Branch1,2
16596,BUG: Fix reference count leak in mapping.c,a9652077b,8358f04ce,Merge pull request #4215 from juliantaylor/where-obj-fix,2
16596,BUG: Fix reference count leak in mapping.c,a9652077b,631655e66,Merge pull request #4213 from juliantaylor/choice-improv,2
16596,BUG: Fix reference count leak in mapping.c,a9652077b,bc54f96e7,Merge pull request #4220 from juliantaylor/ufunc-at-ver,2
16596,BUG: Fix reference count leak in mapping.c,a9652077b,5e5cf6236,Merge pull request #4221 from rgommers/fix-f2py-warning,2
16596,BUG: Fix reference count leak in mapping.c,a9652077b,14fb70006,Merge pull request #3916 from larsmans/dotblas-64bit-safe,2
16596,BUG: Fix reference count leak in mapping.c,a9652077b,0856259fd,Merge pull request #4112 from rhewett/meshgrid_single,2
16596,BUG: Fix reference count leak in mapping.c,a9652077b,b7144d207,Merge pull request #4127 from nouiz/argmax,2
16596,BUG: Fix reference count leak in mapping.c,a9652077b,a2507f658,Merge pull request #4128 from longjon/master,2
16596,BUG: Fix reference count leak in mapping.c,a9652077b,205598b0a,Merge pull request #4117 from abalkin/gh-2276,2
16596,BUG: Fix reference count leak in mapping.c,a9652077b,043e3574f,Merge pull request #4058 from juliantaylor/intern-strings,2
16596,BUG: Fix reference count leak in mapping.c,a9652077b,8db0dc738,Merge pull request #4066 from garyo/master,2
16596,BUG: Fix reference count leak in mapping.c,a9652077b,f4749b7b2,Merge pull request #4077 from ogrisel/streaming-numpy-save,2
16596,BUG: Fix reference count leak in mapping.c,a9652077b,78e29a323,Merge pull request #4064 from juliantaylor/import-speed,2
16596,BUG: Fix reference count leak in mapping.c,a9652077b,9f611dec1,Merge pull request #3980 from larsmans/refactor-gemm-gemv,2
16596,BUG: Fix reference count leak in mapping.c,a9652077b,e4d8ad84b,Merge pull request #4039 from abalkin/issue-4026,2
16596,BUG: Fix reference count leak in mapping.c,a9652077b,4050ac73a,Merge pull request #4024 from eltjpm/from_sequence_fix,2
16596,BUG: Fix reference count leak in mapping.c,a9652077b,e7e365fa6,Merge pull request #4010 from juliantaylor/reduce-opt,2
16596,BUG: Fix reference count leak in mapping.c,a9652077b,54d3559c3,Merge pull request #3952 from JStech/issue_2052,2
16596,BUG: Fix reference count leak in mapping.c,a9652077b,4c4d51745,Merge pull request #3769 from juliantaylor/percentile-compat,2
16596,BUG: Fix reference count leak in mapping.c,a9652077b,5da4888cd,Merge pull request #3799 from esc/fix_typos_in_npyio.py,2
16596,BUG: Fix reference count leak in mapping.c,a9652077b,4f1f9d27a,Merge pull request #3482 from jjhelmus/linspace_enh,2
16596,BUG: Fix reference count leak in mapping.c,a9652077b,0a6217dc8,Merge pull request #3632 from charris/remove-commented-out-code,2
16596,BUG: Fix reference count leak in mapping.c,a9652077b,cdbdaf182,Merge pull request #3629 from charris/fix-out-of-order-declaration,2
16596,BUG: Fix reference count leak in mapping.c,a9652077b,90ececac5,Merge pull request #3539 from WarrenWeckesser/bug-norm-performance,2
16596,BUG: Fix reference count leak in mapping.c,a9652077b,65fe95ccc,Merge pull request #3431 from WarrenWeckesser/mtrand-hypergeom-edge-case,2
16596,BUG: Fix reference count leak in mapping.c,a9652077b,dff8c9497,Merge pull request #3385 from juliantaylor/memleak-3384,2
16596,BUG: Fix reference count leak in mapping.c,a9652077b,6bc59a039,Merge pull request #3374 from cgohlke/patch-4,2
16596,BUG: Fix reference count leak in mapping.c,a9652077b,56a878c53,Merge pull request #3324 from nouiz/prio_cmp,2
16596,BUG: Fix reference count leak in mapping.c,a9652077b,4a1736a79,Merge pull request #2701 from seberg/indexing,2
16596,BUG: Fix reference count leak in mapping.c,a9652077b,b76df8583,Merge pull request #3313 from ecatmur/master,2
16596,BUG: Fix reference count leak in mapping.c,a9652077b,0d9eac4bb,Merge pull request #3280 from seberg/issue-3279,2
16596,BUG: Fix reference count leak in mapping.c,a9652077b,e1055868e,Merge pull request #2992 from seberg/choice-object-scalar,2
16596,BUG: Fix reference count leak in mapping.c,a9652077b,22decf9ed,Merge pull request #3027 from charris/2to3-remove-has_key-update,2
16596,BUG: Fix reference count leak in mapping.c,a9652077b,e84885aa3,Merge pull request #3028 from charris/2to3-except-update,2
16596,BUG: Fix reference count leak in mapping.c,a9652077b,e1f0c1bba,Merge pull request #3020 from charris/2to3-remove-has_key,2
16596,BUG: Fix reference count leak in mapping.c,a9652077b,a369522a3,Merge pull request #3023 from charris/2to3-except,2
16596,BUG: Fix reference count leak in mapping.c,a9652077b,b859daed2,Merge pull request #2979 from charris/fix-nansum,2
16596,BUG: Fix reference count leak in mapping.c,a9652077b,dce10183b,Merge pull request #2725 from seberg/take_0d,2
16596,BUG: Fix reference count leak in mapping.c,a9652077b,161bfe73e,Merge pull request #2882 from seberg/issue2503,2
16485,BUG: Fix result when a gufunc output broadcasts the inputs.,72a4e301d,fcedf44c7,Merge pull request #11534 from eric-wieser/concatenate-reference-block,2
16485,BUG: Fix result when a gufunc output broadcasts the inputs.,72a4e301d,a32c37710,Merge pull request #11424 from eric-wieser/empty-svd,2
16485,BUG: Fix result when a gufunc output broadcasts the inputs.,72a4e301d,ff8b29808,Merge pull request #9643 from rgommers/council-members,2
16485,BUG: Fix result when a gufunc output broadcasts the inputs.,72a4e301d,707f33f6a,Merge pull request #9586 from b-carter/fix_nonzero_docstring,2
16485,BUG: Fix result when a gufunc output broadcasts the inputs.,72a4e301d,22bd314b6,Merge pull request #9552 from charris/fix-invalid-escape,2
16485,BUG: Fix result when a gufunc output broadcasts the inputs.,72a4e301d,dfba08642,Merge pull request #9520 from eric-wieser/remove-TypeType,2
16485,BUG: Fix result when a gufunc output broadcasts the inputs.,72a4e301d,74e603fe5,Merge pull request #9519 from charris/remove-level-in-tests,2
16485,BUG: Fix result when a gufunc output broadcasts the inputs.,72a4e301d,6958be1c9,Merge pull request #9446 from charris/fix-gcc7.1-compile,2
16485,BUG: Fix result when a gufunc output broadcasts the inputs.,72a4e301d,d7c8103f9,Merge pull request #9423 from rgommers/nf-https,2
16485,BUG: Fix result when a gufunc output broadcasts the inputs.,72a4e301d,3484c83f8,Merge pull request #9407 from rgommers/testingdocs,2
16485,BUG: Fix result when a gufunc output broadcasts the inputs.,72a4e301d,8d01ee40e,Merge pull request #3861 from seberg/nditer-remove-empty,2
16485,BUG: Fix result when a gufunc output broadcasts the inputs.,72a4e301d,82e0860e2,Merge pull request #8388 from gfyoung/real-imag-scalar,2
16485,BUG: Fix result when a gufunc output broadcasts the inputs.,72a4e301d,533cef981,Merge pull request #8704 from charris/fix-zerosize-deep-copy,2
16485,BUG: Fix result when a gufunc output broadcasts the inputs.,72a4e301d,d9c1a1f91,Merge pull request #8468 from mhvk/testing-utils-assert-equal-safe-for-matrices,2
16485,BUG: Fix result when a gufunc output broadcasts the inputs.,72a4e301d,95e935fba,Merge pull request #8443 from lesteve/mmap-offset,2
16485,BUG: Fix result when a gufunc output broadcasts the inputs.,72a4e301d,124c3d809,Merge pull request #8452 from mhvk/testing-avoid-subclass-bool-arrays,2
16485,BUG: Fix result when a gufunc output broadcasts the inputs.,72a4e301d,83fe06df8,Merge pull request #8448 from rgommers/laplacetest,2
16485,BUG: Fix result when a gufunc output broadcasts the inputs.,72a4e301d,b9fb98626,Merge pull request #8410 from jotasi/arrayAssertLessFix,2
16485,BUG: Fix result when a gufunc output broadcasts the inputs.,72a4e301d,4f84a4508,Merge pull request #8445 from grlee77/rfft_norm_fix,2
16485,BUG: Fix result when a gufunc output broadcasts the inputs.,72a4e301d,ce6d3ffc9,Merge pull request #8284 from rainwoodman/fix-8264,2
16485,BUG: Fix result when a gufunc output broadcasts the inputs.,72a4e301d,443c2f6d2,Merge pull request #8277 from eric-wieser/patch-7,2
16485,BUG: Fix result when a gufunc output broadcasts the inputs.,72a4e301d,a7d244ce2,Merge pull request #8267 from petetanru/doc-shapemod,2
16485,BUG: Fix result when a gufunc output broadcasts the inputs.,72a4e301d,0268680e5,Merge pull request #8194 from alvarosg/scalar-piecewise,2
16485,BUG: Fix result when a gufunc output broadcasts the inputs.,72a4e301d,19fc7ad7f,Merge pull request #8083 from njase/enh_7949,2
16485,BUG: Fix result when a gufunc output broadcasts the inputs.,72a4e301d,9914e603f,Merge pull request #8114 from pv/bugfix,2
16485,BUG: Fix result when a gufunc output broadcasts the inputs.,72a4e301d,6463a7602,Merge pull request #8080 from ahaldane/int_offsets_fix,2
16485,BUG: Fix result when a gufunc output broadcasts the inputs.,72a4e301d,cb4f81737,Merge pull request #8050 from mattip/pypy-fixes,2
16485,BUG: Fix result when a gufunc output broadcasts the inputs.,72a4e301d,8d3673db9,Merge pull request #8042 from pv/fix-nditer-contig,2
16485,BUG: Fix result when a gufunc output broadcasts the inputs.,72a4e301d,d50cff555,Merge pull request #8008 from charris/remove-imp-imports,2
16485,BUG: Fix result when a gufunc output broadcasts the inputs.,72a4e301d,8eedd3e91,Merge pull request #7999 from juliantaylor/inplace-opt,2
16485,BUG: Fix result when a gufunc output broadcasts the inputs.,72a4e301d,f65b233dc,Merge pull request #7482 from simongibbons/clip_memory_leak_fix,2
16485,BUG: Fix result when a gufunc output broadcasts the inputs.,72a4e301d,1fc180b4c,DOC: fix PEP8 code in example file,2
16485,BUG: Fix result when a gufunc output broadcasts the inputs.,72a4e301d,c6e65b7aa,Merge pull request #5706 from ahaldane/ma_methods_args,2
16485,BUG: Fix result when a gufunc output broadcasts the inputs.,72a4e301d,4b228a5d5,Merge pull request #7438 from anntzer/multidim-roll,2
16485,BUG: Fix result when a gufunc output broadcasts the inputs.,72a4e301d,75c5af30d,Merge pull request #7468 from jaimefrio/inplace_reduction_memmove,2
16485,BUG: Fix result when a gufunc output broadcasts the inputs.,72a4e301d,63f3f246f,Merge pull request #7466 from jaimefrio/inplace_reduceat_segfault,2
16485,BUG: Fix result when a gufunc output broadcasts the inputs.,72a4e301d,4b200d27e,Merge pull request #7456 from jaimefrio/reshape_segfault,2
16485,BUG: Fix result when a gufunc output broadcasts the inputs.,72a4e301d,1380fdd88,Merge pull request #7229 from ewmoore/__complex__,2
16485,BUG: Fix result when a gufunc output broadcasts the inputs.,72a4e301d,5c24db244,Merge pull request #7445 from jaimefrio/bincount_leak,2
16485,BUG: Fix result when a gufunc output broadcasts the inputs.,72a4e301d,c70e88b17,Merge pull request #7442 from jaimefrio/refactor_diagonal,2
16485,BUG: Fix result when a gufunc output broadcasts the inputs.,72a4e301d,a52eef3ff,Merge pull request #7437 from anntzer/new-fill-dtype-behavior,2
16485,BUG: Fix result when a gufunc output broadcasts the inputs.,72a4e301d,a835270d7,Merge pull request #7359 from charris/update-7314,2
16485,BUG: Fix result when a gufunc output broadcasts the inputs.,72a4e301d,74487e4a9,Merge pull request #7373 from charris/add-bitwise_and-identity,2
16485,BUG: Fix result when a gufunc output broadcasts the inputs.,72a4e301d,386639363,Merge pull request #7361 from golnazir/multiarraymodule_fix,2
16485,BUG: Fix result when a gufunc output broadcasts the inputs.,72a4e301d,4b78b9025,Merge pull request #7308 from madphysicist/madphysicist-pyref-bug,2
16485,BUG: Fix result when a gufunc output broadcasts the inputs.,72a4e301d,4991e2124,Merge pull request #7278 from gfyoung/unravel_writable,2
16485,BUG: Fix result when a gufunc output broadcasts the inputs.,72a4e301d,a5c852973,Merge pull request #7090 from madphysicist/hist-estimators,2
16485,BUG: Fix result when a gufunc output broadcasts the inputs.,72a4e301d,c4bb7e9c7,Merge pull request #7211 from omegahm/doc-fix-fmin-examples,2
16485,BUG: Fix result when a gufunc output broadcasts the inputs.,72a4e301d,d1dada15f,Merge pull request #6656 from I--P/loadtxt-int,2
16485,BUG: Fix result when a gufunc output broadcasts the inputs.,72a4e301d,8a1c58201,Merge pull request #6630 from shoyer/moveaxis,2
16485,BUG: Fix result when a gufunc output broadcasts the inputs.,72a4e301d,b8fef84a5,Merge pull request #6934 from juliantaylor/werr-pointer,2
16485,BUG: Fix result when a gufunc output broadcasts the inputs.,72a4e301d,5dab92754,Merge pull request #6924 from charris/fix-segfault-gh-6922,2
16485,BUG: Fix result when a gufunc output broadcasts the inputs.,72a4e301d,d2435303f,Merge pull request #6903 from gfyoung/np_random_cleanup,2
16485,BUG: Fix result when a gufunc output broadcasts the inputs.,72a4e301d,3af5f0574,Merge pull request #6823 from gfyoung/order_arg_validate,2
16485,BUG: Fix result when a gufunc output broadcasts the inputs.,72a4e301d,6d323aea6,Merge pull request #6797 from njsmith/clean-up-builtin-alias-usages,2
16485,BUG: Fix result when a gufunc output broadcasts the inputs.,72a4e301d,dfdd18845,Merge pull request #6789 from njsmith/governance-title-tweak,2
16485,BUG: Fix result when a gufunc output broadcasts the inputs.,72a4e301d,ddb41af04,Merge pull request #6480 from samuelstjean/patch-1,2
16485,BUG: Fix result when a gufunc output broadcasts the inputs.,72a4e301d,6e8b869d5,Merge pull request #6029 from nayyarv/master,2
16485,BUG: Fix result when a gufunc output broadcasts the inputs.,72a4e301d,fe0cb80d2,Merge pull request #6181 from anntzer/pad-requires-mode-argument,2
16485,BUG: Fix result when a gufunc output broadcasts the inputs.,72a4e301d,f09380a7f,Merge pull request #6077 from ndjensen/master,2
16485,BUG: Fix result when a gufunc output broadcasts the inputs.,72a4e301d,daf0497d2,Merge pull request #6098 from ahaldane/commastring_bool,2
16485,BUG: Fix result when a gufunc output broadcasts the inputs.,72a4e301d,cc7e908ab,Merge pull request #6093 from ahaldane/PyArray_View_decref,2
16485,BUG: Fix result when a gufunc output broadcasts the inputs.,72a4e301d,23e10e18f,Merge pull request #6000 from njsmith/inplace-matmul-error,2
16485,BUG: Fix result when a gufunc output broadcasts the inputs.,72a4e301d,88937f8f1,Merge pull request #5963 from charris/rubustify-tuple-loop-search,2
16485,BUG: Fix result when a gufunc output broadcasts the inputs.,72a4e301d,fa9e8c4a6,Merge pull request #5792 from jaimefrio/unused_vars,2
16485,BUG: Fix result when a gufunc output broadcasts the inputs.,72a4e301d,d61152aaa,Merge pull request #5793 from jaimefrio/pyobject_cast,2
16485,BUG: Fix result when a gufunc output broadcasts the inputs.,72a4e301d,32e23a1d5,Merge pull request #5609 from mspacek/patch-1,2
16485,BUG: Fix result when a gufunc output broadcasts the inputs.,72a4e301d,22ae19366,Merge pull request #4622 from mhvk/lib/stride_tricks/subclasses,2
16485,BUG: Fix result when a gufunc output broadcasts the inputs.,72a4e301d,6968c25fa,Merge pull request #5035 from juliantaylor/fft-test,2
16485,BUG: Fix result when a gufunc output broadcasts the inputs.,72a4e301d,138b3bfa4,Merge pull request #5031 from charris/speedup-old-polynomial-functions,2
16485,BUG: Fix result when a gufunc output broadcasts the inputs.,72a4e301d,036efee0c,Merge pull request #5012 from jaimefrio/faster_return_inverse,2
16485,BUG: Fix result when a gufunc output broadcasts the inputs.,72a4e301d,145422826,Merge pull request #5002 from juliantaylor/convolve-nocopy,2
16485,BUG: Fix result when a gufunc output broadcasts the inputs.,72a4e301d,412591201,Merge pull request #4968 from WarrenWeckesser/bug-genfromtxt,2
16485,BUG: Fix result when a gufunc output broadcasts the inputs.,72a4e301d,3e09d375f,Merge pull request #4750 from jaimefrio/tri-sty,2
16485,BUG: Fix result when a gufunc output broadcasts the inputs.,72a4e301d,9dd46ee2e,Merge pull request #4722 from mtkni/master,2
16485,BUG: Fix result when a gufunc output broadcasts the inputs.,72a4e301d,b0990170e,Merge pull request #4457 from cimarronm/linalg_lstsq_docfix,2
16485,BUG: Fix result when a gufunc output broadcasts the inputs.,72a4e301d,997f65e1b,Merge pull request #4333 from charris/fix-gh-2312,2
16485,BUG: Fix result when a gufunc output broadcasts the inputs.,72a4e301d,5100498ea,Merge pull request #4302 from charris/fix-gh-605,2
16485,BUG: Fix result when a gufunc output broadcasts the inputs.,72a4e301d,0178b12f3,Merge pull request #4321 from juliantaylor/half-sum-fix,2
16485,BUG: Fix result when a gufunc output broadcasts the inputs.,72a4e301d,8997167e0,Merge pull request #4325 from charris/memmap-has-no-close,2
16485,BUG: Fix result when a gufunc output broadcasts the inputs.,72a4e301d,b5b47b144,Merge pull request #4316 from charris/fix-gh-4092,2
16485,BUG: Fix result when a gufunc output broadcasts the inputs.,72a4e301d,297f54b28,Merge pull request #4303 from charris/fix-gh-588,2
16485,BUG: Fix result when a gufunc output broadcasts the inputs.,72a4e301d,2a8eea93f,Merge pull request #4304 from charris/fix-gh-3332,2
16485,BUG: Fix result when a gufunc output broadcasts the inputs.,72a4e301d,68ae04741,Merge pull request #4300 from charris/fix-gh-636,2
16485,BUG: Fix result when a gufunc output broadcasts the inputs.,72a4e301d,0e9956e67,Merge pull request #4286 from juliantaylor/flex-shuffle,2
16485,BUG: Fix result when a gufunc output broadcasts the inputs.,72a4e301d,0a2be8302,Merge pull request #4239 from astaric/documentation_fix,2
16485,BUG: Fix result when a gufunc output broadcasts the inputs.,72a4e301d,c159cb078,Merge pull request #4238 from pv/reduceat-doc,2
16485,BUG: Fix result when a gufunc output broadcasts the inputs.,72a4e301d,05b236430,Merge pull request #4234 from jennystone/Branch1,2
16485,BUG: Fix result when a gufunc output broadcasts the inputs.,72a4e301d,8358f04ce,Merge pull request #4215 from juliantaylor/where-obj-fix,2
16485,BUG: Fix result when a gufunc output broadcasts the inputs.,72a4e301d,631655e66,Merge pull request #4213 from juliantaylor/choice-improv,2
16485,BUG: Fix result when a gufunc output broadcasts the inputs.,72a4e301d,bc54f96e7,Merge pull request #4220 from juliantaylor/ufunc-at-ver,2
16485,BUG: Fix result when a gufunc output broadcasts the inputs.,72a4e301d,5e5cf6236,Merge pull request #4221 from rgommers/fix-f2py-warning,2
16485,BUG: Fix result when a gufunc output broadcasts the inputs.,72a4e301d,14fb70006,Merge pull request #3916 from larsmans/dotblas-64bit-safe,2
16485,BUG: Fix result when a gufunc output broadcasts the inputs.,72a4e301d,0856259fd,Merge pull request #4112 from rhewett/meshgrid_single,2
16485,BUG: Fix result when a gufunc output broadcasts the inputs.,72a4e301d,b7144d207,Merge pull request #4127 from nouiz/argmax,2
16485,BUG: Fix result when a gufunc output broadcasts the inputs.,72a4e301d,a2507f658,Merge pull request #4128 from longjon/master,2
16485,BUG: Fix result when a gufunc output broadcasts the inputs.,72a4e301d,205598b0a,Merge pull request #4117 from abalkin/gh-2276,2
16485,BUG: Fix result when a gufunc output broadcasts the inputs.,72a4e301d,043e3574f,Merge pull request #4058 from juliantaylor/intern-strings,2
16485,BUG: Fix result when a gufunc output broadcasts the inputs.,72a4e301d,8db0dc738,Merge pull request #4066 from garyo/master,2
16485,BUG: Fix result when a gufunc output broadcasts the inputs.,72a4e301d,f4749b7b2,Merge pull request #4077 from ogrisel/streaming-numpy-save,2
16485,BUG: Fix result when a gufunc output broadcasts the inputs.,72a4e301d,78e29a323,Merge pull request #4064 from juliantaylor/import-speed,2
16485,BUG: Fix result when a gufunc output broadcasts the inputs.,72a4e301d,9f611dec1,Merge pull request #3980 from larsmans/refactor-gemm-gemv,2
16485,BUG: Fix result when a gufunc output broadcasts the inputs.,72a4e301d,e4d8ad84b,Merge pull request #4039 from abalkin/issue-4026,2
16485,BUG: Fix result when a gufunc output broadcasts the inputs.,72a4e301d,4050ac73a,Merge pull request #4024 from eltjpm/from_sequence_fix,2
16485,BUG: Fix result when a gufunc output broadcasts the inputs.,72a4e301d,e7e365fa6,Merge pull request #4010 from juliantaylor/reduce-opt,2
16485,BUG: Fix result when a gufunc output broadcasts the inputs.,72a4e301d,54d3559c3,Merge pull request #3952 from JStech/issue_2052,2
16485,BUG: Fix result when a gufunc output broadcasts the inputs.,72a4e301d,4c4d51745,Merge pull request #3769 from juliantaylor/percentile-compat,2
16485,BUG: Fix result when a gufunc output broadcasts the inputs.,72a4e301d,5da4888cd,Merge pull request #3799 from esc/fix_typos_in_npyio.py,2
16485,BUG: Fix result when a gufunc output broadcasts the inputs.,72a4e301d,4f1f9d27a,Merge pull request #3482 from jjhelmus/linspace_enh,2
16485,BUG: Fix result when a gufunc output broadcasts the inputs.,72a4e301d,0a6217dc8,Merge pull request #3632 from charris/remove-commented-out-code,2
16485,BUG: Fix result when a gufunc output broadcasts the inputs.,72a4e301d,cdbdaf182,Merge pull request #3629 from charris/fix-out-of-order-declaration,2
16485,BUG: Fix result when a gufunc output broadcasts the inputs.,72a4e301d,90ececac5,Merge pull request #3539 from WarrenWeckesser/bug-norm-performance,2
16485,BUG: Fix result when a gufunc output broadcasts the inputs.,72a4e301d,65fe95ccc,Merge pull request #3431 from WarrenWeckesser/mtrand-hypergeom-edge-case,2
16485,BUG: Fix result when a gufunc output broadcasts the inputs.,72a4e301d,dff8c9497,Merge pull request #3385 from juliantaylor/memleak-3384,2
16485,BUG: Fix result when a gufunc output broadcasts the inputs.,72a4e301d,6bc59a039,Merge pull request #3374 from cgohlke/patch-4,2
16485,BUG: Fix result when a gufunc output broadcasts the inputs.,72a4e301d,56a878c53,Merge pull request #3324 from nouiz/prio_cmp,2
16485,BUG: Fix result when a gufunc output broadcasts the inputs.,72a4e301d,4a1736a79,Merge pull request #2701 from seberg/indexing,2
16485,BUG: Fix result when a gufunc output broadcasts the inputs.,72a4e301d,b76df8583,Merge pull request #3313 from ecatmur/master,2
16485,BUG: Fix result when a gufunc output broadcasts the inputs.,72a4e301d,0d9eac4bb,Merge pull request #3280 from seberg/issue-3279,2
16485,BUG: Fix result when a gufunc output broadcasts the inputs.,72a4e301d,e1055868e,Merge pull request #2992 from seberg/choice-object-scalar,2
16485,BUG: Fix result when a gufunc output broadcasts the inputs.,72a4e301d,22decf9ed,Merge pull request #3027 from charris/2to3-remove-has_key-update,2
16485,BUG: Fix result when a gufunc output broadcasts the inputs.,72a4e301d,e84885aa3,Merge pull request #3028 from charris/2to3-except-update,2
16485,BUG: Fix result when a gufunc output broadcasts the inputs.,72a4e301d,e1f0c1bba,Merge pull request #3020 from charris/2to3-remove-has_key,2
16485,BUG: Fix result when a gufunc output broadcasts the inputs.,72a4e301d,a369522a3,Merge pull request #3023 from charris/2to3-except,2
16485,BUG: Fix result when a gufunc output broadcasts the inputs.,72a4e301d,b859daed2,Merge pull request #2979 from charris/fix-nansum,2
16485,BUG: Fix result when a gufunc output broadcasts the inputs.,72a4e301d,dce10183b,Merge pull request #2725 from seberg/take_0d,2
16485,BUG: Fix result when a gufunc output broadcasts the inputs.,72a4e301d,161bfe73e,Merge pull request #2882 from seberg/issue2503,2
16435,BUG: Add extern to PyArrayDTypeMeta_Type declaration,a811b099b,fcedf44c7,Merge pull request #11534 from eric-wieser/concatenate-reference-block,2
16435,BUG: Add extern to PyArrayDTypeMeta_Type declaration,a811b099b,a32c37710,Merge pull request #11424 from eric-wieser/empty-svd,2
16435,BUG: Add extern to PyArrayDTypeMeta_Type declaration,a811b099b,ff8b29808,Merge pull request #9643 from rgommers/council-members,2
16435,BUG: Add extern to PyArrayDTypeMeta_Type declaration,a811b099b,707f33f6a,Merge pull request #9586 from b-carter/fix_nonzero_docstring,2
16435,BUG: Add extern to PyArrayDTypeMeta_Type declaration,a811b099b,22bd314b6,Merge pull request #9552 from charris/fix-invalid-escape,2
16435,BUG: Add extern to PyArrayDTypeMeta_Type declaration,a811b099b,dfba08642,Merge pull request #9520 from eric-wieser/remove-TypeType,2
16435,BUG: Add extern to PyArrayDTypeMeta_Type declaration,a811b099b,74e603fe5,Merge pull request #9519 from charris/remove-level-in-tests,2
16435,BUG: Add extern to PyArrayDTypeMeta_Type declaration,a811b099b,6958be1c9,Merge pull request #9446 from charris/fix-gcc7.1-compile,2
16435,BUG: Add extern to PyArrayDTypeMeta_Type declaration,a811b099b,d7c8103f9,Merge pull request #9423 from rgommers/nf-https,2
16435,BUG: Add extern to PyArrayDTypeMeta_Type declaration,a811b099b,3484c83f8,Merge pull request #9407 from rgommers/testingdocs,2
16435,BUG: Add extern to PyArrayDTypeMeta_Type declaration,a811b099b,8d01ee40e,Merge pull request #3861 from seberg/nditer-remove-empty,2
16435,BUG: Add extern to PyArrayDTypeMeta_Type declaration,a811b099b,82e0860e2,Merge pull request #8388 from gfyoung/real-imag-scalar,2
16435,BUG: Add extern to PyArrayDTypeMeta_Type declaration,a811b099b,533cef981,Merge pull request #8704 from charris/fix-zerosize-deep-copy,2
16435,BUG: Add extern to PyArrayDTypeMeta_Type declaration,a811b099b,d9c1a1f91,Merge pull request #8468 from mhvk/testing-utils-assert-equal-safe-for-matrices,2
16435,BUG: Add extern to PyArrayDTypeMeta_Type declaration,a811b099b,95e935fba,Merge pull request #8443 from lesteve/mmap-offset,2
16435,BUG: Add extern to PyArrayDTypeMeta_Type declaration,a811b099b,124c3d809,Merge pull request #8452 from mhvk/testing-avoid-subclass-bool-arrays,2
16435,BUG: Add extern to PyArrayDTypeMeta_Type declaration,a811b099b,83fe06df8,Merge pull request #8448 from rgommers/laplacetest,2
16435,BUG: Add extern to PyArrayDTypeMeta_Type declaration,a811b099b,b9fb98626,Merge pull request #8410 from jotasi/arrayAssertLessFix,2
16435,BUG: Add extern to PyArrayDTypeMeta_Type declaration,a811b099b,4f84a4508,Merge pull request #8445 from grlee77/rfft_norm_fix,2
16435,BUG: Add extern to PyArrayDTypeMeta_Type declaration,a811b099b,ce6d3ffc9,Merge pull request #8284 from rainwoodman/fix-8264,2
16435,BUG: Add extern to PyArrayDTypeMeta_Type declaration,a811b099b,443c2f6d2,Merge pull request #8277 from eric-wieser/patch-7,2
16435,BUG: Add extern to PyArrayDTypeMeta_Type declaration,a811b099b,a7d244ce2,Merge pull request #8267 from petetanru/doc-shapemod,2
16435,BUG: Add extern to PyArrayDTypeMeta_Type declaration,a811b099b,0268680e5,Merge pull request #8194 from alvarosg/scalar-piecewise,2
16435,BUG: Add extern to PyArrayDTypeMeta_Type declaration,a811b099b,19fc7ad7f,Merge pull request #8083 from njase/enh_7949,2
16435,BUG: Add extern to PyArrayDTypeMeta_Type declaration,a811b099b,9914e603f,Merge pull request #8114 from pv/bugfix,2
16435,BUG: Add extern to PyArrayDTypeMeta_Type declaration,a811b099b,6463a7602,Merge pull request #8080 from ahaldane/int_offsets_fix,2
16435,BUG: Add extern to PyArrayDTypeMeta_Type declaration,a811b099b,cb4f81737,Merge pull request #8050 from mattip/pypy-fixes,2
16435,BUG: Add extern to PyArrayDTypeMeta_Type declaration,a811b099b,8d3673db9,Merge pull request #8042 from pv/fix-nditer-contig,2
16435,BUG: Add extern to PyArrayDTypeMeta_Type declaration,a811b099b,d50cff555,Merge pull request #8008 from charris/remove-imp-imports,2
16435,BUG: Add extern to PyArrayDTypeMeta_Type declaration,a811b099b,8eedd3e91,Merge pull request #7999 from juliantaylor/inplace-opt,2
16435,BUG: Add extern to PyArrayDTypeMeta_Type declaration,a811b099b,f65b233dc,Merge pull request #7482 from simongibbons/clip_memory_leak_fix,2
16435,BUG: Add extern to PyArrayDTypeMeta_Type declaration,a811b099b,1fc180b4c,DOC: fix PEP8 code in example file,2
16435,BUG: Add extern to PyArrayDTypeMeta_Type declaration,a811b099b,c6e65b7aa,Merge pull request #5706 from ahaldane/ma_methods_args,2
16435,BUG: Add extern to PyArrayDTypeMeta_Type declaration,a811b099b,4b228a5d5,Merge pull request #7438 from anntzer/multidim-roll,2
16435,BUG: Add extern to PyArrayDTypeMeta_Type declaration,a811b099b,75c5af30d,Merge pull request #7468 from jaimefrio/inplace_reduction_memmove,2
16435,BUG: Add extern to PyArrayDTypeMeta_Type declaration,a811b099b,63f3f246f,Merge pull request #7466 from jaimefrio/inplace_reduceat_segfault,2
16435,BUG: Add extern to PyArrayDTypeMeta_Type declaration,a811b099b,4b200d27e,Merge pull request #7456 from jaimefrio/reshape_segfault,2
16435,BUG: Add extern to PyArrayDTypeMeta_Type declaration,a811b099b,1380fdd88,Merge pull request #7229 from ewmoore/__complex__,2
16435,BUG: Add extern to PyArrayDTypeMeta_Type declaration,a811b099b,5c24db244,Merge pull request #7445 from jaimefrio/bincount_leak,2
16435,BUG: Add extern to PyArrayDTypeMeta_Type declaration,a811b099b,c70e88b17,Merge pull request #7442 from jaimefrio/refactor_diagonal,2
16435,BUG: Add extern to PyArrayDTypeMeta_Type declaration,a811b099b,a52eef3ff,Merge pull request #7437 from anntzer/new-fill-dtype-behavior,2
16435,BUG: Add extern to PyArrayDTypeMeta_Type declaration,a811b099b,a835270d7,Merge pull request #7359 from charris/update-7314,2
16435,BUG: Add extern to PyArrayDTypeMeta_Type declaration,a811b099b,74487e4a9,Merge pull request #7373 from charris/add-bitwise_and-identity,2
16435,BUG: Add extern to PyArrayDTypeMeta_Type declaration,a811b099b,386639363,Merge pull request #7361 from golnazir/multiarraymodule_fix,2
16435,BUG: Add extern to PyArrayDTypeMeta_Type declaration,a811b099b,4b78b9025,Merge pull request #7308 from madphysicist/madphysicist-pyref-bug,2
16435,BUG: Add extern to PyArrayDTypeMeta_Type declaration,a811b099b,4991e2124,Merge pull request #7278 from gfyoung/unravel_writable,2
16435,BUG: Add extern to PyArrayDTypeMeta_Type declaration,a811b099b,a5c852973,Merge pull request #7090 from madphysicist/hist-estimators,2
16435,BUG: Add extern to PyArrayDTypeMeta_Type declaration,a811b099b,c4bb7e9c7,Merge pull request #7211 from omegahm/doc-fix-fmin-examples,2
16435,BUG: Add extern to PyArrayDTypeMeta_Type declaration,a811b099b,d1dada15f,Merge pull request #6656 from I--P/loadtxt-int,2
16435,BUG: Add extern to PyArrayDTypeMeta_Type declaration,a811b099b,8a1c58201,Merge pull request #6630 from shoyer/moveaxis,2
16435,BUG: Add extern to PyArrayDTypeMeta_Type declaration,a811b099b,b8fef84a5,Merge pull request #6934 from juliantaylor/werr-pointer,2
16435,BUG: Add extern to PyArrayDTypeMeta_Type declaration,a811b099b,5dab92754,Merge pull request #6924 from charris/fix-segfault-gh-6922,2
16435,BUG: Add extern to PyArrayDTypeMeta_Type declaration,a811b099b,d2435303f,Merge pull request #6903 from gfyoung/np_random_cleanup,2
16435,BUG: Add extern to PyArrayDTypeMeta_Type declaration,a811b099b,3af5f0574,Merge pull request #6823 from gfyoung/order_arg_validate,2
16435,BUG: Add extern to PyArrayDTypeMeta_Type declaration,a811b099b,6d323aea6,Merge pull request #6797 from njsmith/clean-up-builtin-alias-usages,2
16435,BUG: Add extern to PyArrayDTypeMeta_Type declaration,a811b099b,dfdd18845,Merge pull request #6789 from njsmith/governance-title-tweak,2
16435,BUG: Add extern to PyArrayDTypeMeta_Type declaration,a811b099b,ddb41af04,Merge pull request #6480 from samuelstjean/patch-1,2
16435,BUG: Add extern to PyArrayDTypeMeta_Type declaration,a811b099b,6e8b869d5,Merge pull request #6029 from nayyarv/master,2
16435,BUG: Add extern to PyArrayDTypeMeta_Type declaration,a811b099b,fe0cb80d2,Merge pull request #6181 from anntzer/pad-requires-mode-argument,2
16435,BUG: Add extern to PyArrayDTypeMeta_Type declaration,a811b099b,f09380a7f,Merge pull request #6077 from ndjensen/master,2
16435,BUG: Add extern to PyArrayDTypeMeta_Type declaration,a811b099b,daf0497d2,Merge pull request #6098 from ahaldane/commastring_bool,2
16435,BUG: Add extern to PyArrayDTypeMeta_Type declaration,a811b099b,cc7e908ab,Merge pull request #6093 from ahaldane/PyArray_View_decref,2
16435,BUG: Add extern to PyArrayDTypeMeta_Type declaration,a811b099b,23e10e18f,Merge pull request #6000 from njsmith/inplace-matmul-error,2
16435,BUG: Add extern to PyArrayDTypeMeta_Type declaration,a811b099b,88937f8f1,Merge pull request #5963 from charris/rubustify-tuple-loop-search,2
16435,BUG: Add extern to PyArrayDTypeMeta_Type declaration,a811b099b,fa9e8c4a6,Merge pull request #5792 from jaimefrio/unused_vars,2
16435,BUG: Add extern to PyArrayDTypeMeta_Type declaration,a811b099b,d61152aaa,Merge pull request #5793 from jaimefrio/pyobject_cast,2
16435,BUG: Add extern to PyArrayDTypeMeta_Type declaration,a811b099b,32e23a1d5,Merge pull request #5609 from mspacek/patch-1,2
16435,BUG: Add extern to PyArrayDTypeMeta_Type declaration,a811b099b,22ae19366,Merge pull request #4622 from mhvk/lib/stride_tricks/subclasses,2
16435,BUG: Add extern to PyArrayDTypeMeta_Type declaration,a811b099b,6968c25fa,Merge pull request #5035 from juliantaylor/fft-test,2
16435,BUG: Add extern to PyArrayDTypeMeta_Type declaration,a811b099b,138b3bfa4,Merge pull request #5031 from charris/speedup-old-polynomial-functions,2
16435,BUG: Add extern to PyArrayDTypeMeta_Type declaration,a811b099b,036efee0c,Merge pull request #5012 from jaimefrio/faster_return_inverse,2
16435,BUG: Add extern to PyArrayDTypeMeta_Type declaration,a811b099b,145422826,Merge pull request #5002 from juliantaylor/convolve-nocopy,2
16435,BUG: Add extern to PyArrayDTypeMeta_Type declaration,a811b099b,412591201,Merge pull request #4968 from WarrenWeckesser/bug-genfromtxt,2
16435,BUG: Add extern to PyArrayDTypeMeta_Type declaration,a811b099b,3e09d375f,Merge pull request #4750 from jaimefrio/tri-sty,2
16435,BUG: Add extern to PyArrayDTypeMeta_Type declaration,a811b099b,9dd46ee2e,Merge pull request #4722 from mtkni/master,2
16435,BUG: Add extern to PyArrayDTypeMeta_Type declaration,a811b099b,b0990170e,Merge pull request #4457 from cimarronm/linalg_lstsq_docfix,2
16435,BUG: Add extern to PyArrayDTypeMeta_Type declaration,a811b099b,997f65e1b,Merge pull request #4333 from charris/fix-gh-2312,2
16435,BUG: Add extern to PyArrayDTypeMeta_Type declaration,a811b099b,5100498ea,Merge pull request #4302 from charris/fix-gh-605,2
16435,BUG: Add extern to PyArrayDTypeMeta_Type declaration,a811b099b,0178b12f3,Merge pull request #4321 from juliantaylor/half-sum-fix,2
16435,BUG: Add extern to PyArrayDTypeMeta_Type declaration,a811b099b,8997167e0,Merge pull request #4325 from charris/memmap-has-no-close,2
16435,BUG: Add extern to PyArrayDTypeMeta_Type declaration,a811b099b,b5b47b144,Merge pull request #4316 from charris/fix-gh-4092,2
16435,BUG: Add extern to PyArrayDTypeMeta_Type declaration,a811b099b,297f54b28,Merge pull request #4303 from charris/fix-gh-588,2
16435,BUG: Add extern to PyArrayDTypeMeta_Type declaration,a811b099b,2a8eea93f,Merge pull request #4304 from charris/fix-gh-3332,2
16435,BUG: Add extern to PyArrayDTypeMeta_Type declaration,a811b099b,68ae04741,Merge pull request #4300 from charris/fix-gh-636,2
16435,BUG: Add extern to PyArrayDTypeMeta_Type declaration,a811b099b,0e9956e67,Merge pull request #4286 from juliantaylor/flex-shuffle,2
16435,BUG: Add extern to PyArrayDTypeMeta_Type declaration,a811b099b,0a2be8302,Merge pull request #4239 from astaric/documentation_fix,2
16435,BUG: Add extern to PyArrayDTypeMeta_Type declaration,a811b099b,c159cb078,Merge pull request #4238 from pv/reduceat-doc,2
16435,BUG: Add extern to PyArrayDTypeMeta_Type declaration,a811b099b,05b236430,Merge pull request #4234 from jennystone/Branch1,2
16435,BUG: Add extern to PyArrayDTypeMeta_Type declaration,a811b099b,8358f04ce,Merge pull request #4215 from juliantaylor/where-obj-fix,2
16435,BUG: Add extern to PyArrayDTypeMeta_Type declaration,a811b099b,631655e66,Merge pull request #4213 from juliantaylor/choice-improv,2
16435,BUG: Add extern to PyArrayDTypeMeta_Type declaration,a811b099b,bc54f96e7,Merge pull request #4220 from juliantaylor/ufunc-at-ver,2
16435,BUG: Add extern to PyArrayDTypeMeta_Type declaration,a811b099b,5e5cf6236,Merge pull request #4221 from rgommers/fix-f2py-warning,2
16435,BUG: Add extern to PyArrayDTypeMeta_Type declaration,a811b099b,14fb70006,Merge pull request #3916 from larsmans/dotblas-64bit-safe,2
16435,BUG: Add extern to PyArrayDTypeMeta_Type declaration,a811b099b,0856259fd,Merge pull request #4112 from rhewett/meshgrid_single,2
16435,BUG: Add extern to PyArrayDTypeMeta_Type declaration,a811b099b,b7144d207,Merge pull request #4127 from nouiz/argmax,2
16435,BUG: Add extern to PyArrayDTypeMeta_Type declaration,a811b099b,a2507f658,Merge pull request #4128 from longjon/master,2
16435,BUG: Add extern to PyArrayDTypeMeta_Type declaration,a811b099b,205598b0a,Merge pull request #4117 from abalkin/gh-2276,2
16435,BUG: Add extern to PyArrayDTypeMeta_Type declaration,a811b099b,043e3574f,Merge pull request #4058 from juliantaylor/intern-strings,2
16435,BUG: Add extern to PyArrayDTypeMeta_Type declaration,a811b099b,8db0dc738,Merge pull request #4066 from garyo/master,2
16435,BUG: Add extern to PyArrayDTypeMeta_Type declaration,a811b099b,f4749b7b2,Merge pull request #4077 from ogrisel/streaming-numpy-save,2
16435,BUG: Add extern to PyArrayDTypeMeta_Type declaration,a811b099b,78e29a323,Merge pull request #4064 from juliantaylor/import-speed,2
16435,BUG: Add extern to PyArrayDTypeMeta_Type declaration,a811b099b,9f611dec1,Merge pull request #3980 from larsmans/refactor-gemm-gemv,2
16435,BUG: Add extern to PyArrayDTypeMeta_Type declaration,a811b099b,e4d8ad84b,Merge pull request #4039 from abalkin/issue-4026,2
16435,BUG: Add extern to PyArrayDTypeMeta_Type declaration,a811b099b,4050ac73a,Merge pull request #4024 from eltjpm/from_sequence_fix,2
16435,BUG: Add extern to PyArrayDTypeMeta_Type declaration,a811b099b,e7e365fa6,Merge pull request #4010 from juliantaylor/reduce-opt,2
16435,BUG: Add extern to PyArrayDTypeMeta_Type declaration,a811b099b,54d3559c3,Merge pull request #3952 from JStech/issue_2052,2
16435,BUG: Add extern to PyArrayDTypeMeta_Type declaration,a811b099b,4c4d51745,Merge pull request #3769 from juliantaylor/percentile-compat,2
16435,BUG: Add extern to PyArrayDTypeMeta_Type declaration,a811b099b,5da4888cd,Merge pull request #3799 from esc/fix_typos_in_npyio.py,2
16435,BUG: Add extern to PyArrayDTypeMeta_Type declaration,a811b099b,4f1f9d27a,Merge pull request #3482 from jjhelmus/linspace_enh,2
16435,BUG: Add extern to PyArrayDTypeMeta_Type declaration,a811b099b,0a6217dc8,Merge pull request #3632 from charris/remove-commented-out-code,2
16435,BUG: Add extern to PyArrayDTypeMeta_Type declaration,a811b099b,cdbdaf182,Merge pull request #3629 from charris/fix-out-of-order-declaration,2
16435,BUG: Add extern to PyArrayDTypeMeta_Type declaration,a811b099b,90ececac5,Merge pull request #3539 from WarrenWeckesser/bug-norm-performance,2
16435,BUG: Add extern to PyArrayDTypeMeta_Type declaration,a811b099b,65fe95ccc,Merge pull request #3431 from WarrenWeckesser/mtrand-hypergeom-edge-case,2
16435,BUG: Add extern to PyArrayDTypeMeta_Type declaration,a811b099b,dff8c9497,Merge pull request #3385 from juliantaylor/memleak-3384,2
16435,BUG: Add extern to PyArrayDTypeMeta_Type declaration,a811b099b,6bc59a039,Merge pull request #3374 from cgohlke/patch-4,2
16435,BUG: Add extern to PyArrayDTypeMeta_Type declaration,a811b099b,56a878c53,Merge pull request #3324 from nouiz/prio_cmp,2
16435,BUG: Add extern to PyArrayDTypeMeta_Type declaration,a811b099b,4a1736a79,Merge pull request #2701 from seberg/indexing,2
16435,BUG: Add extern to PyArrayDTypeMeta_Type declaration,a811b099b,b76df8583,Merge pull request #3313 from ecatmur/master,2
16435,BUG: Add extern to PyArrayDTypeMeta_Type declaration,a811b099b,0d9eac4bb,Merge pull request #3280 from seberg/issue-3279,2
16435,BUG: Add extern to PyArrayDTypeMeta_Type declaration,a811b099b,e1055868e,Merge pull request #2992 from seberg/choice-object-scalar,2
16435,BUG: Add extern to PyArrayDTypeMeta_Type declaration,a811b099b,22decf9ed,Merge pull request #3027 from charris/2to3-remove-has_key-update,2
16435,BUG: Add extern to PyArrayDTypeMeta_Type declaration,a811b099b,e84885aa3,Merge pull request #3028 from charris/2to3-except-update,2
16435,BUG: Add extern to PyArrayDTypeMeta_Type declaration,a811b099b,e1f0c1bba,Merge pull request #3020 from charris/2to3-remove-has_key,2
16435,BUG: Add extern to PyArrayDTypeMeta_Type declaration,a811b099b,a369522a3,Merge pull request #3023 from charris/2to3-except,2
16435,BUG: Add extern to PyArrayDTypeMeta_Type declaration,a811b099b,b859daed2,Merge pull request #2979 from charris/fix-nansum,2
16435,BUG: Add extern to PyArrayDTypeMeta_Type declaration,a811b099b,dce10183b,Merge pull request #2725 from seberg/take_0d,2
16435,BUG: Add extern to PyArrayDTypeMeta_Type declaration,a811b099b,161bfe73e,Merge pull request #2882 from seberg/issue2503,2
16351,BUG: Fix small leaks in error path and ``empty_like`` with shape,ce3d79a7c,fcedf44c7,Merge pull request #11534 from eric-wieser/concatenate-reference-block,2
16351,BUG: Fix small leaks in error path and ``empty_like`` with shape,ce3d79a7c,a32c37710,Merge pull request #11424 from eric-wieser/empty-svd,2
16351,BUG: Fix small leaks in error path and ``empty_like`` with shape,ce3d79a7c,ff8b29808,Merge pull request #9643 from rgommers/council-members,2
16351,BUG: Fix small leaks in error path and ``empty_like`` with shape,ce3d79a7c,707f33f6a,Merge pull request #9586 from b-carter/fix_nonzero_docstring,2
16351,BUG: Fix small leaks in error path and ``empty_like`` with shape,ce3d79a7c,22bd314b6,Merge pull request #9552 from charris/fix-invalid-escape,2
16351,BUG: Fix small leaks in error path and ``empty_like`` with shape,ce3d79a7c,dfba08642,Merge pull request #9520 from eric-wieser/remove-TypeType,2
16351,BUG: Fix small leaks in error path and ``empty_like`` with shape,ce3d79a7c,74e603fe5,Merge pull request #9519 from charris/remove-level-in-tests,2
16351,BUG: Fix small leaks in error path and ``empty_like`` with shape,ce3d79a7c,6958be1c9,Merge pull request #9446 from charris/fix-gcc7.1-compile,2
16351,BUG: Fix small leaks in error path and ``empty_like`` with shape,ce3d79a7c,d7c8103f9,Merge pull request #9423 from rgommers/nf-https,2
16351,BUG: Fix small leaks in error path and ``empty_like`` with shape,ce3d79a7c,3484c83f8,Merge pull request #9407 from rgommers/testingdocs,2
16351,BUG: Fix small leaks in error path and ``empty_like`` with shape,ce3d79a7c,8d01ee40e,Merge pull request #3861 from seberg/nditer-remove-empty,2
16351,BUG: Fix small leaks in error path and ``empty_like`` with shape,ce3d79a7c,82e0860e2,Merge pull request #8388 from gfyoung/real-imag-scalar,2
16351,BUG: Fix small leaks in error path and ``empty_like`` with shape,ce3d79a7c,533cef981,Merge pull request #8704 from charris/fix-zerosize-deep-copy,2
16351,BUG: Fix small leaks in error path and ``empty_like`` with shape,ce3d79a7c,d9c1a1f91,Merge pull request #8468 from mhvk/testing-utils-assert-equal-safe-for-matrices,2
16351,BUG: Fix small leaks in error path and ``empty_like`` with shape,ce3d79a7c,95e935fba,Merge pull request #8443 from lesteve/mmap-offset,2
16351,BUG: Fix small leaks in error path and ``empty_like`` with shape,ce3d79a7c,124c3d809,Merge pull request #8452 from mhvk/testing-avoid-subclass-bool-arrays,2
16351,BUG: Fix small leaks in error path and ``empty_like`` with shape,ce3d79a7c,83fe06df8,Merge pull request #8448 from rgommers/laplacetest,2
16351,BUG: Fix small leaks in error path and ``empty_like`` with shape,ce3d79a7c,b9fb98626,Merge pull request #8410 from jotasi/arrayAssertLessFix,2
16351,BUG: Fix small leaks in error path and ``empty_like`` with shape,ce3d79a7c,4f84a4508,Merge pull request #8445 from grlee77/rfft_norm_fix,2
16351,BUG: Fix small leaks in error path and ``empty_like`` with shape,ce3d79a7c,ce6d3ffc9,Merge pull request #8284 from rainwoodman/fix-8264,2
16351,BUG: Fix small leaks in error path and ``empty_like`` with shape,ce3d79a7c,443c2f6d2,Merge pull request #8277 from eric-wieser/patch-7,2
16351,BUG: Fix small leaks in error path and ``empty_like`` with shape,ce3d79a7c,a7d244ce2,Merge pull request #8267 from petetanru/doc-shapemod,2
16351,BUG: Fix small leaks in error path and ``empty_like`` with shape,ce3d79a7c,0268680e5,Merge pull request #8194 from alvarosg/scalar-piecewise,2
16351,BUG: Fix small leaks in error path and ``empty_like`` with shape,ce3d79a7c,19fc7ad7f,Merge pull request #8083 from njase/enh_7949,2
16351,BUG: Fix small leaks in error path and ``empty_like`` with shape,ce3d79a7c,9914e603f,Merge pull request #8114 from pv/bugfix,2
16351,BUG: Fix small leaks in error path and ``empty_like`` with shape,ce3d79a7c,6463a7602,Merge pull request #8080 from ahaldane/int_offsets_fix,2
16351,BUG: Fix small leaks in error path and ``empty_like`` with shape,ce3d79a7c,cb4f81737,Merge pull request #8050 from mattip/pypy-fixes,2
16351,BUG: Fix small leaks in error path and ``empty_like`` with shape,ce3d79a7c,8d3673db9,Merge pull request #8042 from pv/fix-nditer-contig,2
16351,BUG: Fix small leaks in error path and ``empty_like`` with shape,ce3d79a7c,d50cff555,Merge pull request #8008 from charris/remove-imp-imports,2
16351,BUG: Fix small leaks in error path and ``empty_like`` with shape,ce3d79a7c,8eedd3e91,Merge pull request #7999 from juliantaylor/inplace-opt,2
16351,BUG: Fix small leaks in error path and ``empty_like`` with shape,ce3d79a7c,f65b233dc,Merge pull request #7482 from simongibbons/clip_memory_leak_fix,2
16351,BUG: Fix small leaks in error path and ``empty_like`` with shape,ce3d79a7c,1fc180b4c,DOC: fix PEP8 code in example file,2
16351,BUG: Fix small leaks in error path and ``empty_like`` with shape,ce3d79a7c,c6e65b7aa,Merge pull request #5706 from ahaldane/ma_methods_args,2
16351,BUG: Fix small leaks in error path and ``empty_like`` with shape,ce3d79a7c,4b228a5d5,Merge pull request #7438 from anntzer/multidim-roll,2
16351,BUG: Fix small leaks in error path and ``empty_like`` with shape,ce3d79a7c,75c5af30d,Merge pull request #7468 from jaimefrio/inplace_reduction_memmove,2
16351,BUG: Fix small leaks in error path and ``empty_like`` with shape,ce3d79a7c,63f3f246f,Merge pull request #7466 from jaimefrio/inplace_reduceat_segfault,2
16351,BUG: Fix small leaks in error path and ``empty_like`` with shape,ce3d79a7c,4b200d27e,Merge pull request #7456 from jaimefrio/reshape_segfault,2
16351,BUG: Fix small leaks in error path and ``empty_like`` with shape,ce3d79a7c,1380fdd88,Merge pull request #7229 from ewmoore/__complex__,2
16351,BUG: Fix small leaks in error path and ``empty_like`` with shape,ce3d79a7c,5c24db244,Merge pull request #7445 from jaimefrio/bincount_leak,2
16351,BUG: Fix small leaks in error path and ``empty_like`` with shape,ce3d79a7c,c70e88b17,Merge pull request #7442 from jaimefrio/refactor_diagonal,2
16351,BUG: Fix small leaks in error path and ``empty_like`` with shape,ce3d79a7c,a52eef3ff,Merge pull request #7437 from anntzer/new-fill-dtype-behavior,2
16351,BUG: Fix small leaks in error path and ``empty_like`` with shape,ce3d79a7c,a835270d7,Merge pull request #7359 from charris/update-7314,2
16351,BUG: Fix small leaks in error path and ``empty_like`` with shape,ce3d79a7c,74487e4a9,Merge pull request #7373 from charris/add-bitwise_and-identity,2
16351,BUG: Fix small leaks in error path and ``empty_like`` with shape,ce3d79a7c,386639363,Merge pull request #7361 from golnazir/multiarraymodule_fix,2
16351,BUG: Fix small leaks in error path and ``empty_like`` with shape,ce3d79a7c,4b78b9025,Merge pull request #7308 from madphysicist/madphysicist-pyref-bug,2
16351,BUG: Fix small leaks in error path and ``empty_like`` with shape,ce3d79a7c,4991e2124,Merge pull request #7278 from gfyoung/unravel_writable,2
16351,BUG: Fix small leaks in error path and ``empty_like`` with shape,ce3d79a7c,a5c852973,Merge pull request #7090 from madphysicist/hist-estimators,2
16351,BUG: Fix small leaks in error path and ``empty_like`` with shape,ce3d79a7c,c4bb7e9c7,Merge pull request #7211 from omegahm/doc-fix-fmin-examples,2
16351,BUG: Fix small leaks in error path and ``empty_like`` with shape,ce3d79a7c,d1dada15f,Merge pull request #6656 from I--P/loadtxt-int,2
16351,BUG: Fix small leaks in error path and ``empty_like`` with shape,ce3d79a7c,8a1c58201,Merge pull request #6630 from shoyer/moveaxis,2
16351,BUG: Fix small leaks in error path and ``empty_like`` with shape,ce3d79a7c,b8fef84a5,Merge pull request #6934 from juliantaylor/werr-pointer,2
16351,BUG: Fix small leaks in error path and ``empty_like`` with shape,ce3d79a7c,5dab92754,Merge pull request #6924 from charris/fix-segfault-gh-6922,2
16351,BUG: Fix small leaks in error path and ``empty_like`` with shape,ce3d79a7c,d2435303f,Merge pull request #6903 from gfyoung/np_random_cleanup,2
16351,BUG: Fix small leaks in error path and ``empty_like`` with shape,ce3d79a7c,3af5f0574,Merge pull request #6823 from gfyoung/order_arg_validate,2
16351,BUG: Fix small leaks in error path and ``empty_like`` with shape,ce3d79a7c,6d323aea6,Merge pull request #6797 from njsmith/clean-up-builtin-alias-usages,2
16351,BUG: Fix small leaks in error path and ``empty_like`` with shape,ce3d79a7c,dfdd18845,Merge pull request #6789 from njsmith/governance-title-tweak,2
16351,BUG: Fix small leaks in error path and ``empty_like`` with shape,ce3d79a7c,ddb41af04,Merge pull request #6480 from samuelstjean/patch-1,2
16351,BUG: Fix small leaks in error path and ``empty_like`` with shape,ce3d79a7c,6e8b869d5,Merge pull request #6029 from nayyarv/master,2
16351,BUG: Fix small leaks in error path and ``empty_like`` with shape,ce3d79a7c,fe0cb80d2,Merge pull request #6181 from anntzer/pad-requires-mode-argument,2
16351,BUG: Fix small leaks in error path and ``empty_like`` with shape,ce3d79a7c,f09380a7f,Merge pull request #6077 from ndjensen/master,2
16351,BUG: Fix small leaks in error path and ``empty_like`` with shape,ce3d79a7c,daf0497d2,Merge pull request #6098 from ahaldane/commastring_bool,2
16351,BUG: Fix small leaks in error path and ``empty_like`` with shape,ce3d79a7c,cc7e908ab,Merge pull request #6093 from ahaldane/PyArray_View_decref,2
16351,BUG: Fix small leaks in error path and ``empty_like`` with shape,ce3d79a7c,23e10e18f,Merge pull request #6000 from njsmith/inplace-matmul-error,2
16351,BUG: Fix small leaks in error path and ``empty_like`` with shape,ce3d79a7c,88937f8f1,Merge pull request #5963 from charris/rubustify-tuple-loop-search,2
16351,BUG: Fix small leaks in error path and ``empty_like`` with shape,ce3d79a7c,fa9e8c4a6,Merge pull request #5792 from jaimefrio/unused_vars,2
16351,BUG: Fix small leaks in error path and ``empty_like`` with shape,ce3d79a7c,d61152aaa,Merge pull request #5793 from jaimefrio/pyobject_cast,2
16351,BUG: Fix small leaks in error path and ``empty_like`` with shape,ce3d79a7c,32e23a1d5,Merge pull request #5609 from mspacek/patch-1,2
16351,BUG: Fix small leaks in error path and ``empty_like`` with shape,ce3d79a7c,22ae19366,Merge pull request #4622 from mhvk/lib/stride_tricks/subclasses,2
16351,BUG: Fix small leaks in error path and ``empty_like`` with shape,ce3d79a7c,6968c25fa,Merge pull request #5035 from juliantaylor/fft-test,2
16351,BUG: Fix small leaks in error path and ``empty_like`` with shape,ce3d79a7c,138b3bfa4,Merge pull request #5031 from charris/speedup-old-polynomial-functions,2
16351,BUG: Fix small leaks in error path and ``empty_like`` with shape,ce3d79a7c,036efee0c,Merge pull request #5012 from jaimefrio/faster_return_inverse,2
16351,BUG: Fix small leaks in error path and ``empty_like`` with shape,ce3d79a7c,145422826,Merge pull request #5002 from juliantaylor/convolve-nocopy,2
16351,BUG: Fix small leaks in error path and ``empty_like`` with shape,ce3d79a7c,412591201,Merge pull request #4968 from WarrenWeckesser/bug-genfromtxt,2
16351,BUG: Fix small leaks in error path and ``empty_like`` with shape,ce3d79a7c,3e09d375f,Merge pull request #4750 from jaimefrio/tri-sty,2
16351,BUG: Fix small leaks in error path and ``empty_like`` with shape,ce3d79a7c,9dd46ee2e,Merge pull request #4722 from mtkni/master,2
16351,BUG: Fix small leaks in error path and ``empty_like`` with shape,ce3d79a7c,b0990170e,Merge pull request #4457 from cimarronm/linalg_lstsq_docfix,2
16351,BUG: Fix small leaks in error path and ``empty_like`` with shape,ce3d79a7c,997f65e1b,Merge pull request #4333 from charris/fix-gh-2312,2
16351,BUG: Fix small leaks in error path and ``empty_like`` with shape,ce3d79a7c,5100498ea,Merge pull request #4302 from charris/fix-gh-605,2
16351,BUG: Fix small leaks in error path and ``empty_like`` with shape,ce3d79a7c,0178b12f3,Merge pull request #4321 from juliantaylor/half-sum-fix,2
16351,BUG: Fix small leaks in error path and ``empty_like`` with shape,ce3d79a7c,8997167e0,Merge pull request #4325 from charris/memmap-has-no-close,2
16351,BUG: Fix small leaks in error path and ``empty_like`` with shape,ce3d79a7c,b5b47b144,Merge pull request #4316 from charris/fix-gh-4092,2
16351,BUG: Fix small leaks in error path and ``empty_like`` with shape,ce3d79a7c,297f54b28,Merge pull request #4303 from charris/fix-gh-588,2
16351,BUG: Fix small leaks in error path and ``empty_like`` with shape,ce3d79a7c,2a8eea93f,Merge pull request #4304 from charris/fix-gh-3332,2
16351,BUG: Fix small leaks in error path and ``empty_like`` with shape,ce3d79a7c,68ae04741,Merge pull request #4300 from charris/fix-gh-636,2
16351,BUG: Fix small leaks in error path and ``empty_like`` with shape,ce3d79a7c,0e9956e67,Merge pull request #4286 from juliantaylor/flex-shuffle,2
16351,BUG: Fix small leaks in error path and ``empty_like`` with shape,ce3d79a7c,0a2be8302,Merge pull request #4239 from astaric/documentation_fix,2
16351,BUG: Fix small leaks in error path and ``empty_like`` with shape,ce3d79a7c,c159cb078,Merge pull request #4238 from pv/reduceat-doc,2
16351,BUG: Fix small leaks in error path and ``empty_like`` with shape,ce3d79a7c,05b236430,Merge pull request #4234 from jennystone/Branch1,2
16351,BUG: Fix small leaks in error path and ``empty_like`` with shape,ce3d79a7c,8358f04ce,Merge pull request #4215 from juliantaylor/where-obj-fix,2
16351,BUG: Fix small leaks in error path and ``empty_like`` with shape,ce3d79a7c,631655e66,Merge pull request #4213 from juliantaylor/choice-improv,2
16351,BUG: Fix small leaks in error path and ``empty_like`` with shape,ce3d79a7c,bc54f96e7,Merge pull request #4220 from juliantaylor/ufunc-at-ver,2
16351,BUG: Fix small leaks in error path and ``empty_like`` with shape,ce3d79a7c,5e5cf6236,Merge pull request #4221 from rgommers/fix-f2py-warning,2
16351,BUG: Fix small leaks in error path and ``empty_like`` with shape,ce3d79a7c,14fb70006,Merge pull request #3916 from larsmans/dotblas-64bit-safe,2
16351,BUG: Fix small leaks in error path and ``empty_like`` with shape,ce3d79a7c,0856259fd,Merge pull request #4112 from rhewett/meshgrid_single,2
16351,BUG: Fix small leaks in error path and ``empty_like`` with shape,ce3d79a7c,b7144d207,Merge pull request #4127 from nouiz/argmax,2
16351,BUG: Fix small leaks in error path and ``empty_like`` with shape,ce3d79a7c,a2507f658,Merge pull request #4128 from longjon/master,2
16351,BUG: Fix small leaks in error path and ``empty_like`` with shape,ce3d79a7c,205598b0a,Merge pull request #4117 from abalkin/gh-2276,2
16351,BUG: Fix small leaks in error path and ``empty_like`` with shape,ce3d79a7c,043e3574f,Merge pull request #4058 from juliantaylor/intern-strings,2
16351,BUG: Fix small leaks in error path and ``empty_like`` with shape,ce3d79a7c,8db0dc738,Merge pull request #4066 from garyo/master,2
16351,BUG: Fix small leaks in error path and ``empty_like`` with shape,ce3d79a7c,f4749b7b2,Merge pull request #4077 from ogrisel/streaming-numpy-save,2
16351,BUG: Fix small leaks in error path and ``empty_like`` with shape,ce3d79a7c,78e29a323,Merge pull request #4064 from juliantaylor/import-speed,2
16351,BUG: Fix small leaks in error path and ``empty_like`` with shape,ce3d79a7c,9f611dec1,Merge pull request #3980 from larsmans/refactor-gemm-gemv,2
16351,BUG: Fix small leaks in error path and ``empty_like`` with shape,ce3d79a7c,e4d8ad84b,Merge pull request #4039 from abalkin/issue-4026,2
16351,BUG: Fix small leaks in error path and ``empty_like`` with shape,ce3d79a7c,4050ac73a,Merge pull request #4024 from eltjpm/from_sequence_fix,2
16351,BUG: Fix small leaks in error path and ``empty_like`` with shape,ce3d79a7c,e7e365fa6,Merge pull request #4010 from juliantaylor/reduce-opt,2
16351,BUG: Fix small leaks in error path and ``empty_like`` with shape,ce3d79a7c,54d3559c3,Merge pull request #3952 from JStech/issue_2052,2
16351,BUG: Fix small leaks in error path and ``empty_like`` with shape,ce3d79a7c,4c4d51745,Merge pull request #3769 from juliantaylor/percentile-compat,2
16351,BUG: Fix small leaks in error path and ``empty_like`` with shape,ce3d79a7c,5da4888cd,Merge pull request #3799 from esc/fix_typos_in_npyio.py,2
16351,BUG: Fix small leaks in error path and ``empty_like`` with shape,ce3d79a7c,4f1f9d27a,Merge pull request #3482 from jjhelmus/linspace_enh,2
16351,BUG: Fix small leaks in error path and ``empty_like`` with shape,ce3d79a7c,0a6217dc8,Merge pull request #3632 from charris/remove-commented-out-code,2
16351,BUG: Fix small leaks in error path and ``empty_like`` with shape,ce3d79a7c,cdbdaf182,Merge pull request #3629 from charris/fix-out-of-order-declaration,2
16351,BUG: Fix small leaks in error path and ``empty_like`` with shape,ce3d79a7c,90ececac5,Merge pull request #3539 from WarrenWeckesser/bug-norm-performance,2
16351,BUG: Fix small leaks in error path and ``empty_like`` with shape,ce3d79a7c,65fe95ccc,Merge pull request #3431 from WarrenWeckesser/mtrand-hypergeom-edge-case,2
16351,BUG: Fix small leaks in error path and ``empty_like`` with shape,ce3d79a7c,dff8c9497,Merge pull request #3385 from juliantaylor/memleak-3384,2
16351,BUG: Fix small leaks in error path and ``empty_like`` with shape,ce3d79a7c,6bc59a039,Merge pull request #3374 from cgohlke/patch-4,2
16351,BUG: Fix small leaks in error path and ``empty_like`` with shape,ce3d79a7c,56a878c53,Merge pull request #3324 from nouiz/prio_cmp,2
16351,BUG: Fix small leaks in error path and ``empty_like`` with shape,ce3d79a7c,4a1736a79,Merge pull request #2701 from seberg/indexing,2
16351,BUG: Fix small leaks in error path and ``empty_like`` with shape,ce3d79a7c,b76df8583,Merge pull request #3313 from ecatmur/master,2
16351,BUG: Fix small leaks in error path and ``empty_like`` with shape,ce3d79a7c,0d9eac4bb,Merge pull request #3280 from seberg/issue-3279,2
16351,BUG: Fix small leaks in error path and ``empty_like`` with shape,ce3d79a7c,e1055868e,Merge pull request #2992 from seberg/choice-object-scalar,2
16351,BUG: Fix small leaks in error path and ``empty_like`` with shape,ce3d79a7c,22decf9ed,Merge pull request #3027 from charris/2to3-remove-has_key-update,2
16351,BUG: Fix small leaks in error path and ``empty_like`` with shape,ce3d79a7c,e84885aa3,Merge pull request #3028 from charris/2to3-except-update,2
16351,BUG: Fix small leaks in error path and ``empty_like`` with shape,ce3d79a7c,e1f0c1bba,Merge pull request #3020 from charris/2to3-remove-has_key,2
16351,BUG: Fix small leaks in error path and ``empty_like`` with shape,ce3d79a7c,a369522a3,Merge pull request #3023 from charris/2to3-except,2
16351,BUG: Fix small leaks in error path and ``empty_like`` with shape,ce3d79a7c,b859daed2,Merge pull request #2979 from charris/fix-nansum,2
16351,BUG: Fix small leaks in error path and ``empty_like`` with shape,ce3d79a7c,dce10183b,Merge pull request #2725 from seberg/take_0d,2
16351,BUG: Fix small leaks in error path and ``empty_like`` with shape,ce3d79a7c,161bfe73e,Merge pull request #2882 from seberg/issue2503,2
16351,BUG: Fix small leaks in error path and ``empty_like`` with shape,1e7ef595c,fcedf44c7,Merge pull request #11534 from eric-wieser/concatenate-reference-block,2
16351,BUG: Fix small leaks in error path and ``empty_like`` with shape,1e7ef595c,a32c37710,Merge pull request #11424 from eric-wieser/empty-svd,2
16351,BUG: Fix small leaks in error path and ``empty_like`` with shape,1e7ef595c,ff8b29808,Merge pull request #9643 from rgommers/council-members,2
16351,BUG: Fix small leaks in error path and ``empty_like`` with shape,1e7ef595c,707f33f6a,Merge pull request #9586 from b-carter/fix_nonzero_docstring,2
16351,BUG: Fix small leaks in error path and ``empty_like`` with shape,1e7ef595c,22bd314b6,Merge pull request #9552 from charris/fix-invalid-escape,2
16351,BUG: Fix small leaks in error path and ``empty_like`` with shape,1e7ef595c,dfba08642,Merge pull request #9520 from eric-wieser/remove-TypeType,2
16351,BUG: Fix small leaks in error path and ``empty_like`` with shape,1e7ef595c,74e603fe5,Merge pull request #9519 from charris/remove-level-in-tests,2
16351,BUG: Fix small leaks in error path and ``empty_like`` with shape,1e7ef595c,6958be1c9,Merge pull request #9446 from charris/fix-gcc7.1-compile,2
16351,BUG: Fix small leaks in error path and ``empty_like`` with shape,1e7ef595c,d7c8103f9,Merge pull request #9423 from rgommers/nf-https,2
16351,BUG: Fix small leaks in error path and ``empty_like`` with shape,1e7ef595c,3484c83f8,Merge pull request #9407 from rgommers/testingdocs,2
16351,BUG: Fix small leaks in error path and ``empty_like`` with shape,1e7ef595c,8d01ee40e,Merge pull request #3861 from seberg/nditer-remove-empty,2
16351,BUG: Fix small leaks in error path and ``empty_like`` with shape,1e7ef595c,82e0860e2,Merge pull request #8388 from gfyoung/real-imag-scalar,2
16351,BUG: Fix small leaks in error path and ``empty_like`` with shape,1e7ef595c,533cef981,Merge pull request #8704 from charris/fix-zerosize-deep-copy,2
16351,BUG: Fix small leaks in error path and ``empty_like`` with shape,1e7ef595c,d9c1a1f91,Merge pull request #8468 from mhvk/testing-utils-assert-equal-safe-for-matrices,2
16351,BUG: Fix small leaks in error path and ``empty_like`` with shape,1e7ef595c,95e935fba,Merge pull request #8443 from lesteve/mmap-offset,2
16351,BUG: Fix small leaks in error path and ``empty_like`` with shape,1e7ef595c,124c3d809,Merge pull request #8452 from mhvk/testing-avoid-subclass-bool-arrays,2
16351,BUG: Fix small leaks in error path and ``empty_like`` with shape,1e7ef595c,83fe06df8,Merge pull request #8448 from rgommers/laplacetest,2
16351,BUG: Fix small leaks in error path and ``empty_like`` with shape,1e7ef595c,b9fb98626,Merge pull request #8410 from jotasi/arrayAssertLessFix,2
16351,BUG: Fix small leaks in error path and ``empty_like`` with shape,1e7ef595c,4f84a4508,Merge pull request #8445 from grlee77/rfft_norm_fix,2
16351,BUG: Fix small leaks in error path and ``empty_like`` with shape,1e7ef595c,ce6d3ffc9,Merge pull request #8284 from rainwoodman/fix-8264,2
16351,BUG: Fix small leaks in error path and ``empty_like`` with shape,1e7ef595c,443c2f6d2,Merge pull request #8277 from eric-wieser/patch-7,2
16351,BUG: Fix small leaks in error path and ``empty_like`` with shape,1e7ef595c,a7d244ce2,Merge pull request #8267 from petetanru/doc-shapemod,2
16351,BUG: Fix small leaks in error path and ``empty_like`` with shape,1e7ef595c,0268680e5,Merge pull request #8194 from alvarosg/scalar-piecewise,2
16351,BUG: Fix small leaks in error path and ``empty_like`` with shape,1e7ef595c,19fc7ad7f,Merge pull request #8083 from njase/enh_7949,2
16351,BUG: Fix small leaks in error path and ``empty_like`` with shape,1e7ef595c,9914e603f,Merge pull request #8114 from pv/bugfix,2
16351,BUG: Fix small leaks in error path and ``empty_like`` with shape,1e7ef595c,6463a7602,Merge pull request #8080 from ahaldane/int_offsets_fix,2
16351,BUG: Fix small leaks in error path and ``empty_like`` with shape,1e7ef595c,cb4f81737,Merge pull request #8050 from mattip/pypy-fixes,2
16351,BUG: Fix small leaks in error path and ``empty_like`` with shape,1e7ef595c,8d3673db9,Merge pull request #8042 from pv/fix-nditer-contig,2
16351,BUG: Fix small leaks in error path and ``empty_like`` with shape,1e7ef595c,d50cff555,Merge pull request #8008 from charris/remove-imp-imports,2
16351,BUG: Fix small leaks in error path and ``empty_like`` with shape,1e7ef595c,8eedd3e91,Merge pull request #7999 from juliantaylor/inplace-opt,2
16351,BUG: Fix small leaks in error path and ``empty_like`` with shape,1e7ef595c,f65b233dc,Merge pull request #7482 from simongibbons/clip_memory_leak_fix,2
16351,BUG: Fix small leaks in error path and ``empty_like`` with shape,1e7ef595c,1fc180b4c,DOC: fix PEP8 code in example file,2
16351,BUG: Fix small leaks in error path and ``empty_like`` with shape,1e7ef595c,c6e65b7aa,Merge pull request #5706 from ahaldane/ma_methods_args,2
16351,BUG: Fix small leaks in error path and ``empty_like`` with shape,1e7ef595c,4b228a5d5,Merge pull request #7438 from anntzer/multidim-roll,2
16351,BUG: Fix small leaks in error path and ``empty_like`` with shape,1e7ef595c,75c5af30d,Merge pull request #7468 from jaimefrio/inplace_reduction_memmove,2
16351,BUG: Fix small leaks in error path and ``empty_like`` with shape,1e7ef595c,63f3f246f,Merge pull request #7466 from jaimefrio/inplace_reduceat_segfault,2
16351,BUG: Fix small leaks in error path and ``empty_like`` with shape,1e7ef595c,4b200d27e,Merge pull request #7456 from jaimefrio/reshape_segfault,2
16351,BUG: Fix small leaks in error path and ``empty_like`` with shape,1e7ef595c,1380fdd88,Merge pull request #7229 from ewmoore/__complex__,2
16351,BUG: Fix small leaks in error path and ``empty_like`` with shape,1e7ef595c,5c24db244,Merge pull request #7445 from jaimefrio/bincount_leak,2
16351,BUG: Fix small leaks in error path and ``empty_like`` with shape,1e7ef595c,c70e88b17,Merge pull request #7442 from jaimefrio/refactor_diagonal,2
16351,BUG: Fix small leaks in error path and ``empty_like`` with shape,1e7ef595c,a52eef3ff,Merge pull request #7437 from anntzer/new-fill-dtype-behavior,2
16351,BUG: Fix small leaks in error path and ``empty_like`` with shape,1e7ef595c,a835270d7,Merge pull request #7359 from charris/update-7314,2
16351,BUG: Fix small leaks in error path and ``empty_like`` with shape,1e7ef595c,74487e4a9,Merge pull request #7373 from charris/add-bitwise_and-identity,2
16351,BUG: Fix small leaks in error path and ``empty_like`` with shape,1e7ef595c,386639363,Merge pull request #7361 from golnazir/multiarraymodule_fix,2
16351,BUG: Fix small leaks in error path and ``empty_like`` with shape,1e7ef595c,4b78b9025,Merge pull request #7308 from madphysicist/madphysicist-pyref-bug,2
16351,BUG: Fix small leaks in error path and ``empty_like`` with shape,1e7ef595c,4991e2124,Merge pull request #7278 from gfyoung/unravel_writable,2
16351,BUG: Fix small leaks in error path and ``empty_like`` with shape,1e7ef595c,a5c852973,Merge pull request #7090 from madphysicist/hist-estimators,2
16351,BUG: Fix small leaks in error path and ``empty_like`` with shape,1e7ef595c,c4bb7e9c7,Merge pull request #7211 from omegahm/doc-fix-fmin-examples,2
16351,BUG: Fix small leaks in error path and ``empty_like`` with shape,1e7ef595c,d1dada15f,Merge pull request #6656 from I--P/loadtxt-int,2
16351,BUG: Fix small leaks in error path and ``empty_like`` with shape,1e7ef595c,8a1c58201,Merge pull request #6630 from shoyer/moveaxis,2
16351,BUG: Fix small leaks in error path and ``empty_like`` with shape,1e7ef595c,b8fef84a5,Merge pull request #6934 from juliantaylor/werr-pointer,2
16351,BUG: Fix small leaks in error path and ``empty_like`` with shape,1e7ef595c,5dab92754,Merge pull request #6924 from charris/fix-segfault-gh-6922,2
16351,BUG: Fix small leaks in error path and ``empty_like`` with shape,1e7ef595c,d2435303f,Merge pull request #6903 from gfyoung/np_random_cleanup,2
16351,BUG: Fix small leaks in error path and ``empty_like`` with shape,1e7ef595c,3af5f0574,Merge pull request #6823 from gfyoung/order_arg_validate,2
16351,BUG: Fix small leaks in error path and ``empty_like`` with shape,1e7ef595c,6d323aea6,Merge pull request #6797 from njsmith/clean-up-builtin-alias-usages,2
16351,BUG: Fix small leaks in error path and ``empty_like`` with shape,1e7ef595c,dfdd18845,Merge pull request #6789 from njsmith/governance-title-tweak,2
16351,BUG: Fix small leaks in error path and ``empty_like`` with shape,1e7ef595c,ddb41af04,Merge pull request #6480 from samuelstjean/patch-1,2
16351,BUG: Fix small leaks in error path and ``empty_like`` with shape,1e7ef595c,6e8b869d5,Merge pull request #6029 from nayyarv/master,2
16351,BUG: Fix small leaks in error path and ``empty_like`` with shape,1e7ef595c,fe0cb80d2,Merge pull request #6181 from anntzer/pad-requires-mode-argument,2
16351,BUG: Fix small leaks in error path and ``empty_like`` with shape,1e7ef595c,f09380a7f,Merge pull request #6077 from ndjensen/master,2
16351,BUG: Fix small leaks in error path and ``empty_like`` with shape,1e7ef595c,daf0497d2,Merge pull request #6098 from ahaldane/commastring_bool,2
16351,BUG: Fix small leaks in error path and ``empty_like`` with shape,1e7ef595c,cc7e908ab,Merge pull request #6093 from ahaldane/PyArray_View_decref,2
16351,BUG: Fix small leaks in error path and ``empty_like`` with shape,1e7ef595c,23e10e18f,Merge pull request #6000 from njsmith/inplace-matmul-error,2
16351,BUG: Fix small leaks in error path and ``empty_like`` with shape,1e7ef595c,88937f8f1,Merge pull request #5963 from charris/rubustify-tuple-loop-search,2
16351,BUG: Fix small leaks in error path and ``empty_like`` with shape,1e7ef595c,fa9e8c4a6,Merge pull request #5792 from jaimefrio/unused_vars,2
16351,BUG: Fix small leaks in error path and ``empty_like`` with shape,1e7ef595c,d61152aaa,Merge pull request #5793 from jaimefrio/pyobject_cast,2
16351,BUG: Fix small leaks in error path and ``empty_like`` with shape,1e7ef595c,32e23a1d5,Merge pull request #5609 from mspacek/patch-1,2
16351,BUG: Fix small leaks in error path and ``empty_like`` with shape,1e7ef595c,22ae19366,Merge pull request #4622 from mhvk/lib/stride_tricks/subclasses,2
16351,BUG: Fix small leaks in error path and ``empty_like`` with shape,1e7ef595c,6968c25fa,Merge pull request #5035 from juliantaylor/fft-test,2
16351,BUG: Fix small leaks in error path and ``empty_like`` with shape,1e7ef595c,138b3bfa4,Merge pull request #5031 from charris/speedup-old-polynomial-functions,2
16351,BUG: Fix small leaks in error path and ``empty_like`` with shape,1e7ef595c,036efee0c,Merge pull request #5012 from jaimefrio/faster_return_inverse,2
16351,BUG: Fix small leaks in error path and ``empty_like`` with shape,1e7ef595c,145422826,Merge pull request #5002 from juliantaylor/convolve-nocopy,2
16351,BUG: Fix small leaks in error path and ``empty_like`` with shape,1e7ef595c,412591201,Merge pull request #4968 from WarrenWeckesser/bug-genfromtxt,2
16351,BUG: Fix small leaks in error path and ``empty_like`` with shape,1e7ef595c,3e09d375f,Merge pull request #4750 from jaimefrio/tri-sty,2
16351,BUG: Fix small leaks in error path and ``empty_like`` with shape,1e7ef595c,9dd46ee2e,Merge pull request #4722 from mtkni/master,2
16351,BUG: Fix small leaks in error path and ``empty_like`` with shape,1e7ef595c,b0990170e,Merge pull request #4457 from cimarronm/linalg_lstsq_docfix,2
16351,BUG: Fix small leaks in error path and ``empty_like`` with shape,1e7ef595c,997f65e1b,Merge pull request #4333 from charris/fix-gh-2312,2
16351,BUG: Fix small leaks in error path and ``empty_like`` with shape,1e7ef595c,5100498ea,Merge pull request #4302 from charris/fix-gh-605,2
16351,BUG: Fix small leaks in error path and ``empty_like`` with shape,1e7ef595c,0178b12f3,Merge pull request #4321 from juliantaylor/half-sum-fix,2
16351,BUG: Fix small leaks in error path and ``empty_like`` with shape,1e7ef595c,8997167e0,Merge pull request #4325 from charris/memmap-has-no-close,2
16351,BUG: Fix small leaks in error path and ``empty_like`` with shape,1e7ef595c,b5b47b144,Merge pull request #4316 from charris/fix-gh-4092,2
16351,BUG: Fix small leaks in error path and ``empty_like`` with shape,1e7ef595c,297f54b28,Merge pull request #4303 from charris/fix-gh-588,2
16351,BUG: Fix small leaks in error path and ``empty_like`` with shape,1e7ef595c,2a8eea93f,Merge pull request #4304 from charris/fix-gh-3332,2
16351,BUG: Fix small leaks in error path and ``empty_like`` with shape,1e7ef595c,68ae04741,Merge pull request #4300 from charris/fix-gh-636,2
16351,BUG: Fix small leaks in error path and ``empty_like`` with shape,1e7ef595c,0e9956e67,Merge pull request #4286 from juliantaylor/flex-shuffle,2
16351,BUG: Fix small leaks in error path and ``empty_like`` with shape,1e7ef595c,0a2be8302,Merge pull request #4239 from astaric/documentation_fix,2
16351,BUG: Fix small leaks in error path and ``empty_like`` with shape,1e7ef595c,c159cb078,Merge pull request #4238 from pv/reduceat-doc,2
16351,BUG: Fix small leaks in error path and ``empty_like`` with shape,1e7ef595c,05b236430,Merge pull request #4234 from jennystone/Branch1,2
16351,BUG: Fix small leaks in error path and ``empty_like`` with shape,1e7ef595c,8358f04ce,Merge pull request #4215 from juliantaylor/where-obj-fix,2
16351,BUG: Fix small leaks in error path and ``empty_like`` with shape,1e7ef595c,631655e66,Merge pull request #4213 from juliantaylor/choice-improv,2
16351,BUG: Fix small leaks in error path and ``empty_like`` with shape,1e7ef595c,bc54f96e7,Merge pull request #4220 from juliantaylor/ufunc-at-ver,2
16351,BUG: Fix small leaks in error path and ``empty_like`` with shape,1e7ef595c,5e5cf6236,Merge pull request #4221 from rgommers/fix-f2py-warning,2
16351,BUG: Fix small leaks in error path and ``empty_like`` with shape,1e7ef595c,14fb70006,Merge pull request #3916 from larsmans/dotblas-64bit-safe,2
16351,BUG: Fix small leaks in error path and ``empty_like`` with shape,1e7ef595c,0856259fd,Merge pull request #4112 from rhewett/meshgrid_single,2
16351,BUG: Fix small leaks in error path and ``empty_like`` with shape,1e7ef595c,b7144d207,Merge pull request #4127 from nouiz/argmax,2
16351,BUG: Fix small leaks in error path and ``empty_like`` with shape,1e7ef595c,a2507f658,Merge pull request #4128 from longjon/master,2
16351,BUG: Fix small leaks in error path and ``empty_like`` with shape,1e7ef595c,205598b0a,Merge pull request #4117 from abalkin/gh-2276,2
16351,BUG: Fix small leaks in error path and ``empty_like`` with shape,1e7ef595c,043e3574f,Merge pull request #4058 from juliantaylor/intern-strings,2
16351,BUG: Fix small leaks in error path and ``empty_like`` with shape,1e7ef595c,8db0dc738,Merge pull request #4066 from garyo/master,2
16351,BUG: Fix small leaks in error path and ``empty_like`` with shape,1e7ef595c,f4749b7b2,Merge pull request #4077 from ogrisel/streaming-numpy-save,2
16351,BUG: Fix small leaks in error path and ``empty_like`` with shape,1e7ef595c,78e29a323,Merge pull request #4064 from juliantaylor/import-speed,2
16351,BUG: Fix small leaks in error path and ``empty_like`` with shape,1e7ef595c,9f611dec1,Merge pull request #3980 from larsmans/refactor-gemm-gemv,2
16351,BUG: Fix small leaks in error path and ``empty_like`` with shape,1e7ef595c,e4d8ad84b,Merge pull request #4039 from abalkin/issue-4026,2
16351,BUG: Fix small leaks in error path and ``empty_like`` with shape,1e7ef595c,4050ac73a,Merge pull request #4024 from eltjpm/from_sequence_fix,2
16351,BUG: Fix small leaks in error path and ``empty_like`` with shape,1e7ef595c,e7e365fa6,Merge pull request #4010 from juliantaylor/reduce-opt,2
16351,BUG: Fix small leaks in error path and ``empty_like`` with shape,1e7ef595c,54d3559c3,Merge pull request #3952 from JStech/issue_2052,2
16351,BUG: Fix small leaks in error path and ``empty_like`` with shape,1e7ef595c,4c4d51745,Merge pull request #3769 from juliantaylor/percentile-compat,2
16351,BUG: Fix small leaks in error path and ``empty_like`` with shape,1e7ef595c,5da4888cd,Merge pull request #3799 from esc/fix_typos_in_npyio.py,2
16351,BUG: Fix small leaks in error path and ``empty_like`` with shape,1e7ef595c,4f1f9d27a,Merge pull request #3482 from jjhelmus/linspace_enh,2
16351,BUG: Fix small leaks in error path and ``empty_like`` with shape,1e7ef595c,0a6217dc8,Merge pull request #3632 from charris/remove-commented-out-code,2
16351,BUG: Fix small leaks in error path and ``empty_like`` with shape,1e7ef595c,cdbdaf182,Merge pull request #3629 from charris/fix-out-of-order-declaration,2
16351,BUG: Fix small leaks in error path and ``empty_like`` with shape,1e7ef595c,90ececac5,Merge pull request #3539 from WarrenWeckesser/bug-norm-performance,2
16351,BUG: Fix small leaks in error path and ``empty_like`` with shape,1e7ef595c,65fe95ccc,Merge pull request #3431 from WarrenWeckesser/mtrand-hypergeom-edge-case,2
16351,BUG: Fix small leaks in error path and ``empty_like`` with shape,1e7ef595c,dff8c9497,Merge pull request #3385 from juliantaylor/memleak-3384,2
16351,BUG: Fix small leaks in error path and ``empty_like`` with shape,1e7ef595c,6bc59a039,Merge pull request #3374 from cgohlke/patch-4,2
16351,BUG: Fix small leaks in error path and ``empty_like`` with shape,1e7ef595c,56a878c53,Merge pull request #3324 from nouiz/prio_cmp,2
16351,BUG: Fix small leaks in error path and ``empty_like`` with shape,1e7ef595c,4a1736a79,Merge pull request #2701 from seberg/indexing,2
16351,BUG: Fix small leaks in error path and ``empty_like`` with shape,1e7ef595c,b76df8583,Merge pull request #3313 from ecatmur/master,2
16351,BUG: Fix small leaks in error path and ``empty_like`` with shape,1e7ef595c,0d9eac4bb,Merge pull request #3280 from seberg/issue-3279,2
16351,BUG: Fix small leaks in error path and ``empty_like`` with shape,1e7ef595c,e1055868e,Merge pull request #2992 from seberg/choice-object-scalar,2
16351,BUG: Fix small leaks in error path and ``empty_like`` with shape,1e7ef595c,22decf9ed,Merge pull request #3027 from charris/2to3-remove-has_key-update,2
16351,BUG: Fix small leaks in error path and ``empty_like`` with shape,1e7ef595c,e84885aa3,Merge pull request #3028 from charris/2to3-except-update,2
16351,BUG: Fix small leaks in error path and ``empty_like`` with shape,1e7ef595c,e1f0c1bba,Merge pull request #3020 from charris/2to3-remove-has_key,2
16351,BUG: Fix small leaks in error path and ``empty_like`` with shape,1e7ef595c,a369522a3,Merge pull request #3023 from charris/2to3-except,2
16351,BUG: Fix small leaks in error path and ``empty_like`` with shape,1e7ef595c,b859daed2,Merge pull request #2979 from charris/fix-nansum,2
16351,BUG: Fix small leaks in error path and ``empty_like`` with shape,1e7ef595c,dce10183b,Merge pull request #2725 from seberg/take_0d,2
16351,BUG: Fix small leaks in error path and ``empty_like`` with shape,1e7ef595c,161bfe73e,Merge pull request #2882 from seberg/issue2503,2
16348,BUG: Fix dtype leak in `PyArray_FromAny` error path,a9652077b,fcedf44c7,Merge pull request #11534 from eric-wieser/concatenate-reference-block,2
16348,BUG: Fix dtype leak in `PyArray_FromAny` error path,a9652077b,a32c37710,Merge pull request #11424 from eric-wieser/empty-svd,2
16348,BUG: Fix dtype leak in `PyArray_FromAny` error path,a9652077b,ff8b29808,Merge pull request #9643 from rgommers/council-members,2
16348,BUG: Fix dtype leak in `PyArray_FromAny` error path,a9652077b,707f33f6a,Merge pull request #9586 from b-carter/fix_nonzero_docstring,2
16348,BUG: Fix dtype leak in `PyArray_FromAny` error path,a9652077b,22bd314b6,Merge pull request #9552 from charris/fix-invalid-escape,2
16348,BUG: Fix dtype leak in `PyArray_FromAny` error path,a9652077b,dfba08642,Merge pull request #9520 from eric-wieser/remove-TypeType,2
16348,BUG: Fix dtype leak in `PyArray_FromAny` error path,a9652077b,74e603fe5,Merge pull request #9519 from charris/remove-level-in-tests,2
16348,BUG: Fix dtype leak in `PyArray_FromAny` error path,a9652077b,6958be1c9,Merge pull request #9446 from charris/fix-gcc7.1-compile,2
16348,BUG: Fix dtype leak in `PyArray_FromAny` error path,a9652077b,d7c8103f9,Merge pull request #9423 from rgommers/nf-https,2
16348,BUG: Fix dtype leak in `PyArray_FromAny` error path,a9652077b,3484c83f8,Merge pull request #9407 from rgommers/testingdocs,2
16348,BUG: Fix dtype leak in `PyArray_FromAny` error path,a9652077b,8d01ee40e,Merge pull request #3861 from seberg/nditer-remove-empty,2
16348,BUG: Fix dtype leak in `PyArray_FromAny` error path,a9652077b,82e0860e2,Merge pull request #8388 from gfyoung/real-imag-scalar,2
16348,BUG: Fix dtype leak in `PyArray_FromAny` error path,a9652077b,533cef981,Merge pull request #8704 from charris/fix-zerosize-deep-copy,2
16348,BUG: Fix dtype leak in `PyArray_FromAny` error path,a9652077b,d9c1a1f91,Merge pull request #8468 from mhvk/testing-utils-assert-equal-safe-for-matrices,2
16348,BUG: Fix dtype leak in `PyArray_FromAny` error path,a9652077b,95e935fba,Merge pull request #8443 from lesteve/mmap-offset,2
16348,BUG: Fix dtype leak in `PyArray_FromAny` error path,a9652077b,124c3d809,Merge pull request #8452 from mhvk/testing-avoid-subclass-bool-arrays,2
16348,BUG: Fix dtype leak in `PyArray_FromAny` error path,a9652077b,83fe06df8,Merge pull request #8448 from rgommers/laplacetest,2
16348,BUG: Fix dtype leak in `PyArray_FromAny` error path,a9652077b,b9fb98626,Merge pull request #8410 from jotasi/arrayAssertLessFix,2
16348,BUG: Fix dtype leak in `PyArray_FromAny` error path,a9652077b,4f84a4508,Merge pull request #8445 from grlee77/rfft_norm_fix,2
16348,BUG: Fix dtype leak in `PyArray_FromAny` error path,a9652077b,ce6d3ffc9,Merge pull request #8284 from rainwoodman/fix-8264,2
16348,BUG: Fix dtype leak in `PyArray_FromAny` error path,a9652077b,443c2f6d2,Merge pull request #8277 from eric-wieser/patch-7,2
16348,BUG: Fix dtype leak in `PyArray_FromAny` error path,a9652077b,a7d244ce2,Merge pull request #8267 from petetanru/doc-shapemod,2
16348,BUG: Fix dtype leak in `PyArray_FromAny` error path,a9652077b,0268680e5,Merge pull request #8194 from alvarosg/scalar-piecewise,2
16348,BUG: Fix dtype leak in `PyArray_FromAny` error path,a9652077b,19fc7ad7f,Merge pull request #8083 from njase/enh_7949,2
16348,BUG: Fix dtype leak in `PyArray_FromAny` error path,a9652077b,9914e603f,Merge pull request #8114 from pv/bugfix,2
16348,BUG: Fix dtype leak in `PyArray_FromAny` error path,a9652077b,6463a7602,Merge pull request #8080 from ahaldane/int_offsets_fix,2
16348,BUG: Fix dtype leak in `PyArray_FromAny` error path,a9652077b,cb4f81737,Merge pull request #8050 from mattip/pypy-fixes,2
16348,BUG: Fix dtype leak in `PyArray_FromAny` error path,a9652077b,8d3673db9,Merge pull request #8042 from pv/fix-nditer-contig,2
16348,BUG: Fix dtype leak in `PyArray_FromAny` error path,a9652077b,d50cff555,Merge pull request #8008 from charris/remove-imp-imports,2
16348,BUG: Fix dtype leak in `PyArray_FromAny` error path,a9652077b,8eedd3e91,Merge pull request #7999 from juliantaylor/inplace-opt,2
16348,BUG: Fix dtype leak in `PyArray_FromAny` error path,a9652077b,f65b233dc,Merge pull request #7482 from simongibbons/clip_memory_leak_fix,2
16348,BUG: Fix dtype leak in `PyArray_FromAny` error path,a9652077b,1fc180b4c,DOC: fix PEP8 code in example file,2
16348,BUG: Fix dtype leak in `PyArray_FromAny` error path,a9652077b,c6e65b7aa,Merge pull request #5706 from ahaldane/ma_methods_args,2
16348,BUG: Fix dtype leak in `PyArray_FromAny` error path,a9652077b,4b228a5d5,Merge pull request #7438 from anntzer/multidim-roll,2
16348,BUG: Fix dtype leak in `PyArray_FromAny` error path,a9652077b,75c5af30d,Merge pull request #7468 from jaimefrio/inplace_reduction_memmove,2
16348,BUG: Fix dtype leak in `PyArray_FromAny` error path,a9652077b,63f3f246f,Merge pull request #7466 from jaimefrio/inplace_reduceat_segfault,2
16348,BUG: Fix dtype leak in `PyArray_FromAny` error path,a9652077b,4b200d27e,Merge pull request #7456 from jaimefrio/reshape_segfault,2
16348,BUG: Fix dtype leak in `PyArray_FromAny` error path,a9652077b,1380fdd88,Merge pull request #7229 from ewmoore/__complex__,2
16348,BUG: Fix dtype leak in `PyArray_FromAny` error path,a9652077b,5c24db244,Merge pull request #7445 from jaimefrio/bincount_leak,2
16348,BUG: Fix dtype leak in `PyArray_FromAny` error path,a9652077b,c70e88b17,Merge pull request #7442 from jaimefrio/refactor_diagonal,2
16348,BUG: Fix dtype leak in `PyArray_FromAny` error path,a9652077b,a52eef3ff,Merge pull request #7437 from anntzer/new-fill-dtype-behavior,2
16348,BUG: Fix dtype leak in `PyArray_FromAny` error path,a9652077b,a835270d7,Merge pull request #7359 from charris/update-7314,2
16348,BUG: Fix dtype leak in `PyArray_FromAny` error path,a9652077b,74487e4a9,Merge pull request #7373 from charris/add-bitwise_and-identity,2
16348,BUG: Fix dtype leak in `PyArray_FromAny` error path,a9652077b,386639363,Merge pull request #7361 from golnazir/multiarraymodule_fix,2
16348,BUG: Fix dtype leak in `PyArray_FromAny` error path,a9652077b,4b78b9025,Merge pull request #7308 from madphysicist/madphysicist-pyref-bug,2
16348,BUG: Fix dtype leak in `PyArray_FromAny` error path,a9652077b,4991e2124,Merge pull request #7278 from gfyoung/unravel_writable,2
16348,BUG: Fix dtype leak in `PyArray_FromAny` error path,a9652077b,a5c852973,Merge pull request #7090 from madphysicist/hist-estimators,2
16348,BUG: Fix dtype leak in `PyArray_FromAny` error path,a9652077b,c4bb7e9c7,Merge pull request #7211 from omegahm/doc-fix-fmin-examples,2
16348,BUG: Fix dtype leak in `PyArray_FromAny` error path,a9652077b,d1dada15f,Merge pull request #6656 from I--P/loadtxt-int,2
16348,BUG: Fix dtype leak in `PyArray_FromAny` error path,a9652077b,8a1c58201,Merge pull request #6630 from shoyer/moveaxis,2
16348,BUG: Fix dtype leak in `PyArray_FromAny` error path,a9652077b,b8fef84a5,Merge pull request #6934 from juliantaylor/werr-pointer,2
16348,BUG: Fix dtype leak in `PyArray_FromAny` error path,a9652077b,5dab92754,Merge pull request #6924 from charris/fix-segfault-gh-6922,2
16348,BUG: Fix dtype leak in `PyArray_FromAny` error path,a9652077b,d2435303f,Merge pull request #6903 from gfyoung/np_random_cleanup,2
16348,BUG: Fix dtype leak in `PyArray_FromAny` error path,a9652077b,3af5f0574,Merge pull request #6823 from gfyoung/order_arg_validate,2
16348,BUG: Fix dtype leak in `PyArray_FromAny` error path,a9652077b,6d323aea6,Merge pull request #6797 from njsmith/clean-up-builtin-alias-usages,2
16348,BUG: Fix dtype leak in `PyArray_FromAny` error path,a9652077b,dfdd18845,Merge pull request #6789 from njsmith/governance-title-tweak,2
16348,BUG: Fix dtype leak in `PyArray_FromAny` error path,a9652077b,ddb41af04,Merge pull request #6480 from samuelstjean/patch-1,2
16348,BUG: Fix dtype leak in `PyArray_FromAny` error path,a9652077b,6e8b869d5,Merge pull request #6029 from nayyarv/master,2
16348,BUG: Fix dtype leak in `PyArray_FromAny` error path,a9652077b,fe0cb80d2,Merge pull request #6181 from anntzer/pad-requires-mode-argument,2
16348,BUG: Fix dtype leak in `PyArray_FromAny` error path,a9652077b,f09380a7f,Merge pull request #6077 from ndjensen/master,2
16348,BUG: Fix dtype leak in `PyArray_FromAny` error path,a9652077b,daf0497d2,Merge pull request #6098 from ahaldane/commastring_bool,2
16348,BUG: Fix dtype leak in `PyArray_FromAny` error path,a9652077b,cc7e908ab,Merge pull request #6093 from ahaldane/PyArray_View_decref,2
16348,BUG: Fix dtype leak in `PyArray_FromAny` error path,a9652077b,23e10e18f,Merge pull request #6000 from njsmith/inplace-matmul-error,2
16348,BUG: Fix dtype leak in `PyArray_FromAny` error path,a9652077b,88937f8f1,Merge pull request #5963 from charris/rubustify-tuple-loop-search,2
16348,BUG: Fix dtype leak in `PyArray_FromAny` error path,a9652077b,fa9e8c4a6,Merge pull request #5792 from jaimefrio/unused_vars,2
16348,BUG: Fix dtype leak in `PyArray_FromAny` error path,a9652077b,d61152aaa,Merge pull request #5793 from jaimefrio/pyobject_cast,2
16348,BUG: Fix dtype leak in `PyArray_FromAny` error path,a9652077b,32e23a1d5,Merge pull request #5609 from mspacek/patch-1,2
16348,BUG: Fix dtype leak in `PyArray_FromAny` error path,a9652077b,22ae19366,Merge pull request #4622 from mhvk/lib/stride_tricks/subclasses,2
16348,BUG: Fix dtype leak in `PyArray_FromAny` error path,a9652077b,6968c25fa,Merge pull request #5035 from juliantaylor/fft-test,2
16348,BUG: Fix dtype leak in `PyArray_FromAny` error path,a9652077b,138b3bfa4,Merge pull request #5031 from charris/speedup-old-polynomial-functions,2
16348,BUG: Fix dtype leak in `PyArray_FromAny` error path,a9652077b,036efee0c,Merge pull request #5012 from jaimefrio/faster_return_inverse,2
16348,BUG: Fix dtype leak in `PyArray_FromAny` error path,a9652077b,145422826,Merge pull request #5002 from juliantaylor/convolve-nocopy,2
16348,BUG: Fix dtype leak in `PyArray_FromAny` error path,a9652077b,412591201,Merge pull request #4968 from WarrenWeckesser/bug-genfromtxt,2
16348,BUG: Fix dtype leak in `PyArray_FromAny` error path,a9652077b,3e09d375f,Merge pull request #4750 from jaimefrio/tri-sty,2
16348,BUG: Fix dtype leak in `PyArray_FromAny` error path,a9652077b,9dd46ee2e,Merge pull request #4722 from mtkni/master,2
16348,BUG: Fix dtype leak in `PyArray_FromAny` error path,a9652077b,b0990170e,Merge pull request #4457 from cimarronm/linalg_lstsq_docfix,2
16348,BUG: Fix dtype leak in `PyArray_FromAny` error path,a9652077b,997f65e1b,Merge pull request #4333 from charris/fix-gh-2312,2
16348,BUG: Fix dtype leak in `PyArray_FromAny` error path,a9652077b,5100498ea,Merge pull request #4302 from charris/fix-gh-605,2
16348,BUG: Fix dtype leak in `PyArray_FromAny` error path,a9652077b,0178b12f3,Merge pull request #4321 from juliantaylor/half-sum-fix,2
16348,BUG: Fix dtype leak in `PyArray_FromAny` error path,a9652077b,8997167e0,Merge pull request #4325 from charris/memmap-has-no-close,2
16348,BUG: Fix dtype leak in `PyArray_FromAny` error path,a9652077b,b5b47b144,Merge pull request #4316 from charris/fix-gh-4092,2
16348,BUG: Fix dtype leak in `PyArray_FromAny` error path,a9652077b,297f54b28,Merge pull request #4303 from charris/fix-gh-588,2
16348,BUG: Fix dtype leak in `PyArray_FromAny` error path,a9652077b,2a8eea93f,Merge pull request #4304 from charris/fix-gh-3332,2
16348,BUG: Fix dtype leak in `PyArray_FromAny` error path,a9652077b,68ae04741,Merge pull request #4300 from charris/fix-gh-636,2
16348,BUG: Fix dtype leak in `PyArray_FromAny` error path,a9652077b,0e9956e67,Merge pull request #4286 from juliantaylor/flex-shuffle,2
16348,BUG: Fix dtype leak in `PyArray_FromAny` error path,a9652077b,0a2be8302,Merge pull request #4239 from astaric/documentation_fix,2
16348,BUG: Fix dtype leak in `PyArray_FromAny` error path,a9652077b,c159cb078,Merge pull request #4238 from pv/reduceat-doc,2
16348,BUG: Fix dtype leak in `PyArray_FromAny` error path,a9652077b,05b236430,Merge pull request #4234 from jennystone/Branch1,2
16348,BUG: Fix dtype leak in `PyArray_FromAny` error path,a9652077b,8358f04ce,Merge pull request #4215 from juliantaylor/where-obj-fix,2
16348,BUG: Fix dtype leak in `PyArray_FromAny` error path,a9652077b,631655e66,Merge pull request #4213 from juliantaylor/choice-improv,2
16348,BUG: Fix dtype leak in `PyArray_FromAny` error path,a9652077b,bc54f96e7,Merge pull request #4220 from juliantaylor/ufunc-at-ver,2
16348,BUG: Fix dtype leak in `PyArray_FromAny` error path,a9652077b,5e5cf6236,Merge pull request #4221 from rgommers/fix-f2py-warning,2
16348,BUG: Fix dtype leak in `PyArray_FromAny` error path,a9652077b,14fb70006,Merge pull request #3916 from larsmans/dotblas-64bit-safe,2
16348,BUG: Fix dtype leak in `PyArray_FromAny` error path,a9652077b,0856259fd,Merge pull request #4112 from rhewett/meshgrid_single,2
16348,BUG: Fix dtype leak in `PyArray_FromAny` error path,a9652077b,b7144d207,Merge pull request #4127 from nouiz/argmax,2
16348,BUG: Fix dtype leak in `PyArray_FromAny` error path,a9652077b,a2507f658,Merge pull request #4128 from longjon/master,2
16348,BUG: Fix dtype leak in `PyArray_FromAny` error path,a9652077b,205598b0a,Merge pull request #4117 from abalkin/gh-2276,2
16348,BUG: Fix dtype leak in `PyArray_FromAny` error path,a9652077b,043e3574f,Merge pull request #4058 from juliantaylor/intern-strings,2
16348,BUG: Fix dtype leak in `PyArray_FromAny` error path,a9652077b,8db0dc738,Merge pull request #4066 from garyo/master,2
16348,BUG: Fix dtype leak in `PyArray_FromAny` error path,a9652077b,f4749b7b2,Merge pull request #4077 from ogrisel/streaming-numpy-save,2
16348,BUG: Fix dtype leak in `PyArray_FromAny` error path,a9652077b,78e29a323,Merge pull request #4064 from juliantaylor/import-speed,2
16348,BUG: Fix dtype leak in `PyArray_FromAny` error path,a9652077b,9f611dec1,Merge pull request #3980 from larsmans/refactor-gemm-gemv,2
16348,BUG: Fix dtype leak in `PyArray_FromAny` error path,a9652077b,e4d8ad84b,Merge pull request #4039 from abalkin/issue-4026,2
16348,BUG: Fix dtype leak in `PyArray_FromAny` error path,a9652077b,4050ac73a,Merge pull request #4024 from eltjpm/from_sequence_fix,2
16348,BUG: Fix dtype leak in `PyArray_FromAny` error path,a9652077b,e7e365fa6,Merge pull request #4010 from juliantaylor/reduce-opt,2
16348,BUG: Fix dtype leak in `PyArray_FromAny` error path,a9652077b,54d3559c3,Merge pull request #3952 from JStech/issue_2052,2
16348,BUG: Fix dtype leak in `PyArray_FromAny` error path,a9652077b,4c4d51745,Merge pull request #3769 from juliantaylor/percentile-compat,2
16348,BUG: Fix dtype leak in `PyArray_FromAny` error path,a9652077b,5da4888cd,Merge pull request #3799 from esc/fix_typos_in_npyio.py,2
16348,BUG: Fix dtype leak in `PyArray_FromAny` error path,a9652077b,4f1f9d27a,Merge pull request #3482 from jjhelmus/linspace_enh,2
16348,BUG: Fix dtype leak in `PyArray_FromAny` error path,a9652077b,0a6217dc8,Merge pull request #3632 from charris/remove-commented-out-code,2
16348,BUG: Fix dtype leak in `PyArray_FromAny` error path,a9652077b,cdbdaf182,Merge pull request #3629 from charris/fix-out-of-order-declaration,2
16348,BUG: Fix dtype leak in `PyArray_FromAny` error path,a9652077b,90ececac5,Merge pull request #3539 from WarrenWeckesser/bug-norm-performance,2
16348,BUG: Fix dtype leak in `PyArray_FromAny` error path,a9652077b,65fe95ccc,Merge pull request #3431 from WarrenWeckesser/mtrand-hypergeom-edge-case,2
16348,BUG: Fix dtype leak in `PyArray_FromAny` error path,a9652077b,dff8c9497,Merge pull request #3385 from juliantaylor/memleak-3384,2
16348,BUG: Fix dtype leak in `PyArray_FromAny` error path,a9652077b,6bc59a039,Merge pull request #3374 from cgohlke/patch-4,2
16348,BUG: Fix dtype leak in `PyArray_FromAny` error path,a9652077b,56a878c53,Merge pull request #3324 from nouiz/prio_cmp,2
16348,BUG: Fix dtype leak in `PyArray_FromAny` error path,a9652077b,4a1736a79,Merge pull request #2701 from seberg/indexing,2
16348,BUG: Fix dtype leak in `PyArray_FromAny` error path,a9652077b,b76df8583,Merge pull request #3313 from ecatmur/master,2
16348,BUG: Fix dtype leak in `PyArray_FromAny` error path,a9652077b,0d9eac4bb,Merge pull request #3280 from seberg/issue-3279,2
16348,BUG: Fix dtype leak in `PyArray_FromAny` error path,a9652077b,e1055868e,Merge pull request #2992 from seberg/choice-object-scalar,2
16348,BUG: Fix dtype leak in `PyArray_FromAny` error path,a9652077b,22decf9ed,Merge pull request #3027 from charris/2to3-remove-has_key-update,2
16348,BUG: Fix dtype leak in `PyArray_FromAny` error path,a9652077b,e84885aa3,Merge pull request #3028 from charris/2to3-except-update,2
16348,BUG: Fix dtype leak in `PyArray_FromAny` error path,a9652077b,e1f0c1bba,Merge pull request #3020 from charris/2to3-remove-has_key,2
16348,BUG: Fix dtype leak in `PyArray_FromAny` error path,a9652077b,a369522a3,Merge pull request #3023 from charris/2to3-except,2
16348,BUG: Fix dtype leak in `PyArray_FromAny` error path,a9652077b,b859daed2,Merge pull request #2979 from charris/fix-nansum,2
16348,BUG: Fix dtype leak in `PyArray_FromAny` error path,a9652077b,dce10183b,Merge pull request #2725 from seberg/take_0d,2
16348,BUG: Fix dtype leak in `PyArray_FromAny` error path,a9652077b,161bfe73e,Merge pull request #2882 from seberg/issue2503,2
16348,BUG: Fix dtype leak in `PyArray_FromAny` error path,1e7ef595c,fcedf44c7,Merge pull request #11534 from eric-wieser/concatenate-reference-block,2
16348,BUG: Fix dtype leak in `PyArray_FromAny` error path,1e7ef595c,a32c37710,Merge pull request #11424 from eric-wieser/empty-svd,2
16348,BUG: Fix dtype leak in `PyArray_FromAny` error path,1e7ef595c,ff8b29808,Merge pull request #9643 from rgommers/council-members,2
16348,BUG: Fix dtype leak in `PyArray_FromAny` error path,1e7ef595c,707f33f6a,Merge pull request #9586 from b-carter/fix_nonzero_docstring,2
16348,BUG: Fix dtype leak in `PyArray_FromAny` error path,1e7ef595c,22bd314b6,Merge pull request #9552 from charris/fix-invalid-escape,2
16348,BUG: Fix dtype leak in `PyArray_FromAny` error path,1e7ef595c,dfba08642,Merge pull request #9520 from eric-wieser/remove-TypeType,2
16348,BUG: Fix dtype leak in `PyArray_FromAny` error path,1e7ef595c,74e603fe5,Merge pull request #9519 from charris/remove-level-in-tests,2
16348,BUG: Fix dtype leak in `PyArray_FromAny` error path,1e7ef595c,6958be1c9,Merge pull request #9446 from charris/fix-gcc7.1-compile,2
16348,BUG: Fix dtype leak in `PyArray_FromAny` error path,1e7ef595c,d7c8103f9,Merge pull request #9423 from rgommers/nf-https,2
16348,BUG: Fix dtype leak in `PyArray_FromAny` error path,1e7ef595c,3484c83f8,Merge pull request #9407 from rgommers/testingdocs,2
16348,BUG: Fix dtype leak in `PyArray_FromAny` error path,1e7ef595c,8d01ee40e,Merge pull request #3861 from seberg/nditer-remove-empty,2
16348,BUG: Fix dtype leak in `PyArray_FromAny` error path,1e7ef595c,82e0860e2,Merge pull request #8388 from gfyoung/real-imag-scalar,2
16348,BUG: Fix dtype leak in `PyArray_FromAny` error path,1e7ef595c,533cef981,Merge pull request #8704 from charris/fix-zerosize-deep-copy,2
16348,BUG: Fix dtype leak in `PyArray_FromAny` error path,1e7ef595c,d9c1a1f91,Merge pull request #8468 from mhvk/testing-utils-assert-equal-safe-for-matrices,2
16348,BUG: Fix dtype leak in `PyArray_FromAny` error path,1e7ef595c,95e935fba,Merge pull request #8443 from lesteve/mmap-offset,2
16348,BUG: Fix dtype leak in `PyArray_FromAny` error path,1e7ef595c,124c3d809,Merge pull request #8452 from mhvk/testing-avoid-subclass-bool-arrays,2
16348,BUG: Fix dtype leak in `PyArray_FromAny` error path,1e7ef595c,83fe06df8,Merge pull request #8448 from rgommers/laplacetest,2
16348,BUG: Fix dtype leak in `PyArray_FromAny` error path,1e7ef595c,b9fb98626,Merge pull request #8410 from jotasi/arrayAssertLessFix,2
16348,BUG: Fix dtype leak in `PyArray_FromAny` error path,1e7ef595c,4f84a4508,Merge pull request #8445 from grlee77/rfft_norm_fix,2
16348,BUG: Fix dtype leak in `PyArray_FromAny` error path,1e7ef595c,ce6d3ffc9,Merge pull request #8284 from rainwoodman/fix-8264,2
16348,BUG: Fix dtype leak in `PyArray_FromAny` error path,1e7ef595c,443c2f6d2,Merge pull request #8277 from eric-wieser/patch-7,2
16348,BUG: Fix dtype leak in `PyArray_FromAny` error path,1e7ef595c,a7d244ce2,Merge pull request #8267 from petetanru/doc-shapemod,2
16348,BUG: Fix dtype leak in `PyArray_FromAny` error path,1e7ef595c,0268680e5,Merge pull request #8194 from alvarosg/scalar-piecewise,2
16348,BUG: Fix dtype leak in `PyArray_FromAny` error path,1e7ef595c,19fc7ad7f,Merge pull request #8083 from njase/enh_7949,2
16348,BUG: Fix dtype leak in `PyArray_FromAny` error path,1e7ef595c,9914e603f,Merge pull request #8114 from pv/bugfix,2
16348,BUG: Fix dtype leak in `PyArray_FromAny` error path,1e7ef595c,6463a7602,Merge pull request #8080 from ahaldane/int_offsets_fix,2
16348,BUG: Fix dtype leak in `PyArray_FromAny` error path,1e7ef595c,cb4f81737,Merge pull request #8050 from mattip/pypy-fixes,2
16348,BUG: Fix dtype leak in `PyArray_FromAny` error path,1e7ef595c,8d3673db9,Merge pull request #8042 from pv/fix-nditer-contig,2
16348,BUG: Fix dtype leak in `PyArray_FromAny` error path,1e7ef595c,d50cff555,Merge pull request #8008 from charris/remove-imp-imports,2
16348,BUG: Fix dtype leak in `PyArray_FromAny` error path,1e7ef595c,8eedd3e91,Merge pull request #7999 from juliantaylor/inplace-opt,2
16348,BUG: Fix dtype leak in `PyArray_FromAny` error path,1e7ef595c,f65b233dc,Merge pull request #7482 from simongibbons/clip_memory_leak_fix,2
16348,BUG: Fix dtype leak in `PyArray_FromAny` error path,1e7ef595c,1fc180b4c,DOC: fix PEP8 code in example file,2
16348,BUG: Fix dtype leak in `PyArray_FromAny` error path,1e7ef595c,c6e65b7aa,Merge pull request #5706 from ahaldane/ma_methods_args,2
16348,BUG: Fix dtype leak in `PyArray_FromAny` error path,1e7ef595c,4b228a5d5,Merge pull request #7438 from anntzer/multidim-roll,2
16348,BUG: Fix dtype leak in `PyArray_FromAny` error path,1e7ef595c,75c5af30d,Merge pull request #7468 from jaimefrio/inplace_reduction_memmove,2
16348,BUG: Fix dtype leak in `PyArray_FromAny` error path,1e7ef595c,63f3f246f,Merge pull request #7466 from jaimefrio/inplace_reduceat_segfault,2
16348,BUG: Fix dtype leak in `PyArray_FromAny` error path,1e7ef595c,4b200d27e,Merge pull request #7456 from jaimefrio/reshape_segfault,2
16348,BUG: Fix dtype leak in `PyArray_FromAny` error path,1e7ef595c,1380fdd88,Merge pull request #7229 from ewmoore/__complex__,2
16348,BUG: Fix dtype leak in `PyArray_FromAny` error path,1e7ef595c,5c24db244,Merge pull request #7445 from jaimefrio/bincount_leak,2
16348,BUG: Fix dtype leak in `PyArray_FromAny` error path,1e7ef595c,c70e88b17,Merge pull request #7442 from jaimefrio/refactor_diagonal,2
16348,BUG: Fix dtype leak in `PyArray_FromAny` error path,1e7ef595c,a52eef3ff,Merge pull request #7437 from anntzer/new-fill-dtype-behavior,2
16348,BUG: Fix dtype leak in `PyArray_FromAny` error path,1e7ef595c,a835270d7,Merge pull request #7359 from charris/update-7314,2
16348,BUG: Fix dtype leak in `PyArray_FromAny` error path,1e7ef595c,74487e4a9,Merge pull request #7373 from charris/add-bitwise_and-identity,2
16348,BUG: Fix dtype leak in `PyArray_FromAny` error path,1e7ef595c,386639363,Merge pull request #7361 from golnazir/multiarraymodule_fix,2
16348,BUG: Fix dtype leak in `PyArray_FromAny` error path,1e7ef595c,4b78b9025,Merge pull request #7308 from madphysicist/madphysicist-pyref-bug,2
16348,BUG: Fix dtype leak in `PyArray_FromAny` error path,1e7ef595c,4991e2124,Merge pull request #7278 from gfyoung/unravel_writable,2
16348,BUG: Fix dtype leak in `PyArray_FromAny` error path,1e7ef595c,a5c852973,Merge pull request #7090 from madphysicist/hist-estimators,2
16348,BUG: Fix dtype leak in `PyArray_FromAny` error path,1e7ef595c,c4bb7e9c7,Merge pull request #7211 from omegahm/doc-fix-fmin-examples,2
16348,BUG: Fix dtype leak in `PyArray_FromAny` error path,1e7ef595c,d1dada15f,Merge pull request #6656 from I--P/loadtxt-int,2
16348,BUG: Fix dtype leak in `PyArray_FromAny` error path,1e7ef595c,8a1c58201,Merge pull request #6630 from shoyer/moveaxis,2
16348,BUG: Fix dtype leak in `PyArray_FromAny` error path,1e7ef595c,b8fef84a5,Merge pull request #6934 from juliantaylor/werr-pointer,2
16348,BUG: Fix dtype leak in `PyArray_FromAny` error path,1e7ef595c,5dab92754,Merge pull request #6924 from charris/fix-segfault-gh-6922,2
16348,BUG: Fix dtype leak in `PyArray_FromAny` error path,1e7ef595c,d2435303f,Merge pull request #6903 from gfyoung/np_random_cleanup,2
16348,BUG: Fix dtype leak in `PyArray_FromAny` error path,1e7ef595c,3af5f0574,Merge pull request #6823 from gfyoung/order_arg_validate,2
16348,BUG: Fix dtype leak in `PyArray_FromAny` error path,1e7ef595c,6d323aea6,Merge pull request #6797 from njsmith/clean-up-builtin-alias-usages,2
16348,BUG: Fix dtype leak in `PyArray_FromAny` error path,1e7ef595c,dfdd18845,Merge pull request #6789 from njsmith/governance-title-tweak,2
16348,BUG: Fix dtype leak in `PyArray_FromAny` error path,1e7ef595c,ddb41af04,Merge pull request #6480 from samuelstjean/patch-1,2
16348,BUG: Fix dtype leak in `PyArray_FromAny` error path,1e7ef595c,6e8b869d5,Merge pull request #6029 from nayyarv/master,2
16348,BUG: Fix dtype leak in `PyArray_FromAny` error path,1e7ef595c,fe0cb80d2,Merge pull request #6181 from anntzer/pad-requires-mode-argument,2
16348,BUG: Fix dtype leak in `PyArray_FromAny` error path,1e7ef595c,f09380a7f,Merge pull request #6077 from ndjensen/master,2
16348,BUG: Fix dtype leak in `PyArray_FromAny` error path,1e7ef595c,daf0497d2,Merge pull request #6098 from ahaldane/commastring_bool,2
16348,BUG: Fix dtype leak in `PyArray_FromAny` error path,1e7ef595c,cc7e908ab,Merge pull request #6093 from ahaldane/PyArray_View_decref,2
16348,BUG: Fix dtype leak in `PyArray_FromAny` error path,1e7ef595c,23e10e18f,Merge pull request #6000 from njsmith/inplace-matmul-error,2
16348,BUG: Fix dtype leak in `PyArray_FromAny` error path,1e7ef595c,88937f8f1,Merge pull request #5963 from charris/rubustify-tuple-loop-search,2
16348,BUG: Fix dtype leak in `PyArray_FromAny` error path,1e7ef595c,fa9e8c4a6,Merge pull request #5792 from jaimefrio/unused_vars,2
16348,BUG: Fix dtype leak in `PyArray_FromAny` error path,1e7ef595c,d61152aaa,Merge pull request #5793 from jaimefrio/pyobject_cast,2
16348,BUG: Fix dtype leak in `PyArray_FromAny` error path,1e7ef595c,32e23a1d5,Merge pull request #5609 from mspacek/patch-1,2
16348,BUG: Fix dtype leak in `PyArray_FromAny` error path,1e7ef595c,22ae19366,Merge pull request #4622 from mhvk/lib/stride_tricks/subclasses,2
16348,BUG: Fix dtype leak in `PyArray_FromAny` error path,1e7ef595c,6968c25fa,Merge pull request #5035 from juliantaylor/fft-test,2
16348,BUG: Fix dtype leak in `PyArray_FromAny` error path,1e7ef595c,138b3bfa4,Merge pull request #5031 from charris/speedup-old-polynomial-functions,2
16348,BUG: Fix dtype leak in `PyArray_FromAny` error path,1e7ef595c,036efee0c,Merge pull request #5012 from jaimefrio/faster_return_inverse,2
16348,BUG: Fix dtype leak in `PyArray_FromAny` error path,1e7ef595c,145422826,Merge pull request #5002 from juliantaylor/convolve-nocopy,2
16348,BUG: Fix dtype leak in `PyArray_FromAny` error path,1e7ef595c,412591201,Merge pull request #4968 from WarrenWeckesser/bug-genfromtxt,2
16348,BUG: Fix dtype leak in `PyArray_FromAny` error path,1e7ef595c,3e09d375f,Merge pull request #4750 from jaimefrio/tri-sty,2
16348,BUG: Fix dtype leak in `PyArray_FromAny` error path,1e7ef595c,9dd46ee2e,Merge pull request #4722 from mtkni/master,2
16348,BUG: Fix dtype leak in `PyArray_FromAny` error path,1e7ef595c,b0990170e,Merge pull request #4457 from cimarronm/linalg_lstsq_docfix,2
16348,BUG: Fix dtype leak in `PyArray_FromAny` error path,1e7ef595c,997f65e1b,Merge pull request #4333 from charris/fix-gh-2312,2
16348,BUG: Fix dtype leak in `PyArray_FromAny` error path,1e7ef595c,5100498ea,Merge pull request #4302 from charris/fix-gh-605,2
16348,BUG: Fix dtype leak in `PyArray_FromAny` error path,1e7ef595c,0178b12f3,Merge pull request #4321 from juliantaylor/half-sum-fix,2
16348,BUG: Fix dtype leak in `PyArray_FromAny` error path,1e7ef595c,8997167e0,Merge pull request #4325 from charris/memmap-has-no-close,2
16348,BUG: Fix dtype leak in `PyArray_FromAny` error path,1e7ef595c,b5b47b144,Merge pull request #4316 from charris/fix-gh-4092,2
16348,BUG: Fix dtype leak in `PyArray_FromAny` error path,1e7ef595c,297f54b28,Merge pull request #4303 from charris/fix-gh-588,2
16348,BUG: Fix dtype leak in `PyArray_FromAny` error path,1e7ef595c,2a8eea93f,Merge pull request #4304 from charris/fix-gh-3332,2
16348,BUG: Fix dtype leak in `PyArray_FromAny` error path,1e7ef595c,68ae04741,Merge pull request #4300 from charris/fix-gh-636,2
16348,BUG: Fix dtype leak in `PyArray_FromAny` error path,1e7ef595c,0e9956e67,Merge pull request #4286 from juliantaylor/flex-shuffle,2
16348,BUG: Fix dtype leak in `PyArray_FromAny` error path,1e7ef595c,0a2be8302,Merge pull request #4239 from astaric/documentation_fix,2
16348,BUG: Fix dtype leak in `PyArray_FromAny` error path,1e7ef595c,c159cb078,Merge pull request #4238 from pv/reduceat-doc,2
16348,BUG: Fix dtype leak in `PyArray_FromAny` error path,1e7ef595c,05b236430,Merge pull request #4234 from jennystone/Branch1,2
16348,BUG: Fix dtype leak in `PyArray_FromAny` error path,1e7ef595c,8358f04ce,Merge pull request #4215 from juliantaylor/where-obj-fix,2
16348,BUG: Fix dtype leak in `PyArray_FromAny` error path,1e7ef595c,631655e66,Merge pull request #4213 from juliantaylor/choice-improv,2
16348,BUG: Fix dtype leak in `PyArray_FromAny` error path,1e7ef595c,bc54f96e7,Merge pull request #4220 from juliantaylor/ufunc-at-ver,2
16348,BUG: Fix dtype leak in `PyArray_FromAny` error path,1e7ef595c,5e5cf6236,Merge pull request #4221 from rgommers/fix-f2py-warning,2
16348,BUG: Fix dtype leak in `PyArray_FromAny` error path,1e7ef595c,14fb70006,Merge pull request #3916 from larsmans/dotblas-64bit-safe,2
16348,BUG: Fix dtype leak in `PyArray_FromAny` error path,1e7ef595c,0856259fd,Merge pull request #4112 from rhewett/meshgrid_single,2
16348,BUG: Fix dtype leak in `PyArray_FromAny` error path,1e7ef595c,b7144d207,Merge pull request #4127 from nouiz/argmax,2
16348,BUG: Fix dtype leak in `PyArray_FromAny` error path,1e7ef595c,a2507f658,Merge pull request #4128 from longjon/master,2
16348,BUG: Fix dtype leak in `PyArray_FromAny` error path,1e7ef595c,205598b0a,Merge pull request #4117 from abalkin/gh-2276,2
16348,BUG: Fix dtype leak in `PyArray_FromAny` error path,1e7ef595c,043e3574f,Merge pull request #4058 from juliantaylor/intern-strings,2
16348,BUG: Fix dtype leak in `PyArray_FromAny` error path,1e7ef595c,8db0dc738,Merge pull request #4066 from garyo/master,2
16348,BUG: Fix dtype leak in `PyArray_FromAny` error path,1e7ef595c,f4749b7b2,Merge pull request #4077 from ogrisel/streaming-numpy-save,2
16348,BUG: Fix dtype leak in `PyArray_FromAny` error path,1e7ef595c,78e29a323,Merge pull request #4064 from juliantaylor/import-speed,2
16348,BUG: Fix dtype leak in `PyArray_FromAny` error path,1e7ef595c,9f611dec1,Merge pull request #3980 from larsmans/refactor-gemm-gemv,2
16348,BUG: Fix dtype leak in `PyArray_FromAny` error path,1e7ef595c,e4d8ad84b,Merge pull request #4039 from abalkin/issue-4026,2
16348,BUG: Fix dtype leak in `PyArray_FromAny` error path,1e7ef595c,4050ac73a,Merge pull request #4024 from eltjpm/from_sequence_fix,2
16348,BUG: Fix dtype leak in `PyArray_FromAny` error path,1e7ef595c,e7e365fa6,Merge pull request #4010 from juliantaylor/reduce-opt,2
16348,BUG: Fix dtype leak in `PyArray_FromAny` error path,1e7ef595c,54d3559c3,Merge pull request #3952 from JStech/issue_2052,2
16348,BUG: Fix dtype leak in `PyArray_FromAny` error path,1e7ef595c,4c4d51745,Merge pull request #3769 from juliantaylor/percentile-compat,2
16348,BUG: Fix dtype leak in `PyArray_FromAny` error path,1e7ef595c,5da4888cd,Merge pull request #3799 from esc/fix_typos_in_npyio.py,2
16348,BUG: Fix dtype leak in `PyArray_FromAny` error path,1e7ef595c,4f1f9d27a,Merge pull request #3482 from jjhelmus/linspace_enh,2
16348,BUG: Fix dtype leak in `PyArray_FromAny` error path,1e7ef595c,0a6217dc8,Merge pull request #3632 from charris/remove-commented-out-code,2
16348,BUG: Fix dtype leak in `PyArray_FromAny` error path,1e7ef595c,cdbdaf182,Merge pull request #3629 from charris/fix-out-of-order-declaration,2
16348,BUG: Fix dtype leak in `PyArray_FromAny` error path,1e7ef595c,90ececac5,Merge pull request #3539 from WarrenWeckesser/bug-norm-performance,2
16348,BUG: Fix dtype leak in `PyArray_FromAny` error path,1e7ef595c,65fe95ccc,Merge pull request #3431 from WarrenWeckesser/mtrand-hypergeom-edge-case,2
16348,BUG: Fix dtype leak in `PyArray_FromAny` error path,1e7ef595c,dff8c9497,Merge pull request #3385 from juliantaylor/memleak-3384,2
16348,BUG: Fix dtype leak in `PyArray_FromAny` error path,1e7ef595c,6bc59a039,Merge pull request #3374 from cgohlke/patch-4,2
16348,BUG: Fix dtype leak in `PyArray_FromAny` error path,1e7ef595c,56a878c53,Merge pull request #3324 from nouiz/prio_cmp,2
16348,BUG: Fix dtype leak in `PyArray_FromAny` error path,1e7ef595c,4a1736a79,Merge pull request #2701 from seberg/indexing,2
16348,BUG: Fix dtype leak in `PyArray_FromAny` error path,1e7ef595c,b76df8583,Merge pull request #3313 from ecatmur/master,2
16348,BUG: Fix dtype leak in `PyArray_FromAny` error path,1e7ef595c,0d9eac4bb,Merge pull request #3280 from seberg/issue-3279,2
16348,BUG: Fix dtype leak in `PyArray_FromAny` error path,1e7ef595c,e1055868e,Merge pull request #2992 from seberg/choice-object-scalar,2
16348,BUG: Fix dtype leak in `PyArray_FromAny` error path,1e7ef595c,22decf9ed,Merge pull request #3027 from charris/2to3-remove-has_key-update,2
16348,BUG: Fix dtype leak in `PyArray_FromAny` error path,1e7ef595c,e84885aa3,Merge pull request #3028 from charris/2to3-except-update,2
16348,BUG: Fix dtype leak in `PyArray_FromAny` error path,1e7ef595c,e1f0c1bba,Merge pull request #3020 from charris/2to3-remove-has_key,2
16348,BUG: Fix dtype leak in `PyArray_FromAny` error path,1e7ef595c,a369522a3,Merge pull request #3023 from charris/2to3-except,2
16348,BUG: Fix dtype leak in `PyArray_FromAny` error path,1e7ef595c,b859daed2,Merge pull request #2979 from charris/fix-nansum,2
16348,BUG: Fix dtype leak in `PyArray_FromAny` error path,1e7ef595c,dce10183b,Merge pull request #2725 from seberg/take_0d,2
16348,BUG: Fix dtype leak in `PyArray_FromAny` error path,1e7ef595c,161bfe73e,Merge pull request #2882 from seberg/issue2503,2
14568,"BLD, DOC: fix gh-14518, add release note",e72653810,4fc0784c3,BLD: upgrade to OpenBLAS0.3.10,2
14568,"BLD, DOC: fix gh-14518, add release note",e72653810,22ac0da7f,BLD: use OpenBLAS 0.3.10,2
14568,"BLD, DOC: fix gh-14518, add release note",e72653810,cd2f9f402,"BLD: drop win32 3.7, 3.6 builds",2
14568,"BLD, DOC: fix gh-14518, add release note",e72653810,56d93efee,DOC: add deprecation directive,2
14568,"BLD, DOC: fix gh-14518, add release note",e72653810,a8ec8a95e,BUG: fix PATH from review,2
14568,"BLD, DOC: fix gh-14518, add release note",e72653810,d8054f5d6,BLD: install mingw32 v7.3.0 for win32,2
14568,"BLD, DOC: fix gh-14518, add release note",e72653810,d85fe8788,"DOC: add comment about Acclerate, from review",2
14568,"BLD, DOC: fix gh-14518, add release note",e72653810,40676a620,BUG: fix comment in RST,2
14568,"BLD, DOC: fix gh-14518, add release note",e72653810,ae59835cf,"DOC,ENH: extend error message when Accelerate is detected",2
14568,"BLD, DOC: fix gh-14518, add release note",e72653810,586bc6002,ENH: run tests for __init__.pxd,2
14568,"BLD, DOC: fix gh-14518, add release note",e72653810,83b0c87d6,ENH: add manylinux1 openblas hashes,2
14568,"BLD, DOC: fix gh-14518, add release note",e72653810,2c0640045,BUG: fix signature of PyArray_SearchSorted in __init__.pxd,2
14568,"BLD, DOC: fix gh-14518, add release note",e72653810,5743bd2dd,BUG: fixes from review,2
14568,"BLD, DOC: fix gh-14518, add release note",e72653810,5210048e9,ENH: add win32 hash,2
14568,"BLD, DOC: fix gh-14518, add release note",e72653810,c9422ffb5,ENH: backport scipy changes to openblas download script,2
14568,"BLD, DOC: fix gh-14518, add release note",e72653810,6303c86cc,BUG: skip complex256 arcsinh precision test on glibc2.17,2
14568,"BLD, DOC: fix gh-14518, add release note",e72653810,e00d94b70,restore improperly removed API function,2
14568,"BLD, DOC: fix gh-14518, add release note",e72653810,3edf09c98,ENH: more carefully review 'nogil',2
14568,"BLD, DOC: fix gh-14518, add release note",e72653810,aab329ce1,BUG: use default,2
14568,"BLD, DOC: fix gh-14518, add release note",e72653810,45cff3cc9,ENH: allow choosing which manylinux artifact to download,2
14568,"BLD, DOC: fix gh-14518, add release note",e72653810,d3e63db48,ENH: resync numpy/__init__.pxd with upstream,2
14568,"BLD, DOC: fix gh-14518, add release note",e72653810,bdbcb8568,TST: add tag to __init__.pxd and test that the tag is found,2
14568,"BLD, DOC: fix gh-14518, add release note",e72653810,fc6cd3846,BUG: add missing numpy/__init__.pxd to the wheel,2
14568,"BLD, DOC: fix gh-14518, add release note",e72653810,d9a2ba3bb,TST: use latest released PyPy instead of nightly builds,2
14568,"BLD, DOC: fix gh-14518, add release note",e72653810,f0f357cb0,"BLD: change link, add sha256 check",2
14568,"BLD, DOC: fix gh-14518, add release note",e72653810,f99800fb3,BLD: fix path to libgfortran on macOS,2
14568,"BLD, DOC: fix gh-14518, add release note",e72653810,e2db0a809,DOC: tweak neps/scope.rst,2
14568,"BLD, DOC: fix gh-14518, add release note",e72653810,c0d8fe1f6,BUG: missing 'f' prefix for fstring,2
14568,"BLD, DOC: fix gh-14518, add release note",e72653810,42281e952,ENH: update default MACOSX_DEPLOYMENT_TARGET to 10.9 (from review),2
14568,"BLD, DOC: fix gh-14518, add release note",e72653810,303c70466,ENH: use sysconfig instead of probing Makefile,2
14568,"BLD, DOC: fix gh-14518, add release note",e72653810,68ac1a41e,BLD: use xcode10 for one CI run,2
14568,"BLD, DOC: fix gh-14518, add release note",e72653810,588d08748,BLD: report clang version on macOS,2
14568,"BLD, DOC: fix gh-14518, add release note",e72653810,a126709e3,TST: use draft OpenBLAS build,2
14568,"BLD, DOC: fix gh-14518, add release note",e72653810,3c1f89d91,BUG: fix logic error when nm fails on 32-bit,2
14568,"BLD, DOC: fix gh-14518, add release note",e72653810,336fd8bbe,TST: always use 'python -mpip' not 'pip',2
14568,"BLD, DOC: fix gh-14518, add release note",e72653810,6dc191c2c,BUG: fix doctest exception messages,2
14568,"BLD, DOC: fix gh-14518, add release note",e72653810,9f66b9013,DOC: reorder for a better flow,2
14568,"BLD, DOC: fix gh-14518, add release note",e72653810,eeb9e5061,BLD: consolidate openblas verison check to be self-contained,2
14568,"BLD, DOC: fix gh-14518, add release note",e72653810,eb8a54031,BLD: update OpenBLAS to pre-0.3.9 version,2
14568,"BLD, DOC: fix gh-14518, add release note",e72653810,f1863c599,"BLD: update openblas download to new location, use manylinux2010-base",2
14568,"BLD, DOC: fix gh-14518, add release note",e72653810,10bba3c9e,TST: mask DeprecationWarning in xfailed tests,2
14568,"BLD, DOC: fix gh-14518, add release note",e72653810,fc743a79d,DOC: remove broken link in f2py tutorial,2
14568,"BLD, DOC: fix gh-14518, add release note",e72653810,3f3680d09,BLD: add libfortran needed when using manylinux1 openblas on manylinux2010,2
14568,"BLD, DOC: fix gh-14518, add release note",e72653810,58b35f122,MAINT: typo in name from review,2
14568,"BLD, DOC: fix gh-14518, add release note",e72653810,55f7a49e9,TST: use multilinux2010 docker instead of ubuntu,2
14568,"BLD, DOC: fix gh-14518, add release note",e72653810,49265d163,BLD: manylinux2010 docker reports machine=i686,2
14568,"BLD, DOC: fix gh-14518, add release note",e72653810,ca1b13224,DOC: Document caveat in random.uniform,2
14568,"BLD, DOC: fix gh-14518, add release note",e72653810,5798ce765,"BUG, DOC: restore missing import",2
14568,"BLD, DOC: fix gh-14518, add release note",e72653810,64f7074d2,DOC: add a release note,2
14568,"BLD, DOC: fix gh-14518, add release note",e72653810,db9cc9093,TST: mark the top 3 slowest tests to save ~10 seconds,2
14568,"BLD, DOC: fix gh-14518, add release note",e72653810,6472a7d4e,DOC: fix from review,2
14568,"BLD, DOC: fix gh-14518, add release note",e72653810,ebe7a77d5,DOC: changes from review,2
14568,"BLD, DOC: fix gh-14518, add release note",e72653810,ca85d7183,"DOC, BLD: sphinx 2.2.0 -> 2.3.1 to get rid of deprecation warning",2
14568,"BLD, DOC: fix gh-14518, add release note",e72653810,3404a2c08,DOC: reword release note to unbreak sphinx rendering,2
14568,"BLD, DOC: fix gh-14518, add release note",e72653810,7471b5610,DOC: link and cleanup docstrings in site.cfg.example,2
14568,"BLD, DOC: fix gh-14518, add release note",e72653810,1edb44669,BLD: use 0.3.8dev build of OpenBLAS,2
14568,"BLD, DOC: fix gh-14518, add release note",e72653810,18ab0d378,MAINT: try to avoid spurious warnings in einsum,2
14568,"BLD, DOC: fix gh-14518, add release note",e72653810,879d0e43a,"BLD: use 0.3.7 release version, add dependency on libgfortran5",2
14568,"BLD, DOC: fix gh-14518, add release note",e72653810,21bc6b6e6,"BUILD: use standard build of OpenBLAS for aarch64, ppc64le",2
14568,"BLD, DOC: fix gh-14518, add release note",e72653810,f38504c5b,"MAINT: remove undocumented use of context in __array__(dtype, context)",2
14568,"BLD, DOC: fix gh-14518, add release note",e72653810,16e9d42c1,TST: move _no_tracing to testing._private,2
14568,"BLD, DOC: fix gh-14518, add release note",e72653810,99b4814cb,TST: move pypy CI to ubuntu 18.04,2
14568,"BLD, DOC: fix gh-14518, add release note",e72653810,837f9f548,NEP: document reimplementation,2
14568,"BLD, DOC: fix gh-14518, add release note",e72653810,c2f930017,"MAINT: --std=c99 works, but -std=c99 is better",2
14568,"BLD, DOC: fix gh-14518, add release note",e72653810,18af8e007,"MAINT: add --std=c99 in setup.py, not distutils",2
14568,"BLD, DOC: fix gh-14518, add release note",e72653810,5d1a742d9,DOC: typo in release.rst,2
14568,"BLD, DOC: fix gh-14518, add release note",e72653810,8a748a939,MAINT: refactor function out of test module,2
14568,"BLD, DOC: fix gh-14518, add release note",e72653810,867eb78d2,MAINT: remove dead code from review,2
14568,"BLD, DOC: fix gh-14518, add release note",e72653810,af6e61668,MAINT: unskip test on win32,2
14568,"BLD, DOC: fix gh-14518, add release note",e72653810,ed393b8c5,DOC: add PR for note,2
14568,"BLD, DOC: fix gh-14518, add release note",e72653810,246b72b1c,DOC: add moved modules to 1.18 release note,2
14568,"BLD, DOC: fix gh-14518, add release note",e72653810,28848d79f,BLD: fix signed-unsigned comparison warning,2
14568,"BLD, DOC: fix gh-14518, add release note",e72653810,7914ad176,TST: add value to pytest.ini for pytest6 compatibility,2
14568,"BLD, DOC: fix gh-14518, add release note",e72653810,8b607e0e4,DOC: change to link (from review),2
14568,"BLD, DOC: fix gh-14518, add release note",e72653810,47fbdc1f8,"API, DOC: change names to multivariate_hypergeometric, improve docs",2
14568,"BLD, DOC: fix gh-14518, add release note",e72653810,f6ab00eb6,MAINT: fixes from review,2
14568,"BLD, DOC: fix gh-14518, add release note",e72653810,60608572d,DOC: fix outstanding typo in NumPy version,2
14568,"BLD, DOC: fix gh-14518, add release note",e72653810,522e6241c,"BUG: add endfunction, endsubroutine to valid fortran end words",2
14568,"BLD, DOC: fix gh-14518, add release note",e72653810,b2f270046,DOC: fixes from review,2
14568,"BLD, DOC: fix gh-14518, add release note",e72653810,2b791a590,"API: revert changes to standard_t, cauchy",2
14568,"BLD, DOC: fix gh-14518, add release note",e72653810,aeaee5e0a,DOC: sphinx does not like breaking function declarations over lines,2
14568,"BLD, DOC: fix gh-14518, add release note",e72653810,a2acfa6f2,"API: rename functions in distributions.c,h",2
14568,"BLD, DOC: fix gh-14518, add release note",e72653810,bcd950f0a,"DOC, TST: refactor CFFI test, add file names to documentation",2
14568,"BLD, DOC: fix gh-14518, add release note",e72653810,9b4d0ac95,MAINT: changes from review,2
14568,"BLD, DOC: fix gh-14518, add release note",e72653810,25df5f1cb,MAINT: add test to test_deprecations,2
14568,"BLD, DOC: fix gh-14518, add release note",e72653810,16e805948,DOC: improve the C-API/Cython documentation for random,2
14568,"BLD, DOC: fix gh-14518, add release note",e72653810,d4167c25d,MAINT: fixes from review,2
14568,"BLD, DOC: fix gh-14518, add release note",e72653810,fb3e779ef,DOC: fix docstring of np.linalg.norm,2
14568,"BLD, DOC: fix gh-14518, add release note",e72653810,fc99245b0,DOC: add release note,2
14568,"BLD, DOC: fix gh-14518, add release note",e72653810,a111f1999,TST: skip if cython is not available,2
14568,"BLD, DOC: fix gh-14518, add release note",e72653810,e0519fe66,DOC: document the CFFI example,2
14568,"BLD, DOC: fix gh-14518, add release note",e72653810,dff3c1f90,MAINT: remove deprecation warnings,2
14568,"BLD, DOC: fix gh-14518, add release note",e72653810,0a5e42873,DOC: update note from review,2
14568,"BLD, DOC: fix gh-14518, add release note",e72653810,a413620ed,DOC: fixes from review,2
14568,"BLD, DOC: fix gh-14518, add release note",e72653810,5a52be5d1,"MAINT: ""See also"" -> ""See Also""",2
14568,"BLD, DOC: fix gh-14518, add release note",e72653810,c63f8119a,"DOC, API: add numpy.random.__index__.pxd and document numpy.random.* funcs",2
14568,"BLD, DOC: fix gh-14518, add release note",e72653810,e4f2e1144,"TST: skip cffi tests when PYTHONOPTIMIZE>1, pycparser fails",2
14568,"BLD, DOC: fix gh-14518, add release note",e72653810,866b34025,"API, MAINT: export symbols on MSVC, fix typos",2
14568,"BLD, DOC: fix gh-14518, add release note",e72653810,29b9d3bc0,TST. API: test using distributions.h via cffi,2
14568,"BLD, DOC: fix gh-14518, add release note",e72653810,f3fde3c4d,"DOC, MAINT: fix documentation, remove __init__.py",2
14568,"BLD, DOC: fix gh-14518, add release note",e72653810,521ea2255,MAINT: move numpy/random/examples -> numpy/random/_examples,2
14568,"BLD, DOC: fix gh-14518, add release note",e72653810,e05782302,MAINT: fixes from review,2
14568,"BLD, DOC: fix gh-14518, add release note",e72653810,f48d2c94f,"TST: with no_tracing, coverage tests pass on python3.7",2
14568,"BLD, DOC: fix gh-14518, add release note",e72653810,c5b4ced11,TST: turn off tracing for np.resize tests,2
14568,"BLD, DOC: fix gh-14518, add release note",e72653810,3b8cf7cd6,MAINT: fixes from review,2
14568,"BLD, DOC: fix gh-14518, add release note",e72653810,2dae0a549,NEP: move nep 34 to accepted,2
14568,"BLD, DOC: fix gh-14518, add release note",e72653810,4708211dc,BUILD: remove SSE2 flag from numpy.random builds,2
14568,"BLD, DOC: fix gh-14518, add release note",e72653810,576fc474c,MAINT: fixes from review,2
14568,"BLD, DOC: fix gh-14518, add release note",e72653810,e6a9c112b,"MAINT: revert gh-14800, which gave precedence to OO->O over OO->?",2
14568,"BLD, DOC: fix gh-14518, add release note",e72653810,596d5e613,BLD: add 'apt update' to shippable,2
14568,"BLD, DOC: fix gh-14518, add release note",e72653810,bf6f134ab,MAINT: move buffer.h -> npy_buffer.h to avoid conflicts,2
14568,"BLD, DOC: fix gh-14518, add release note",e72653810,d1067cb1c,MAINT: split lines (from review),2
14568,"BLD, DOC: fix gh-14518, add release note",e72653810,537bca899,BUILD: ignore more build.log warnings,2
14568,"BLD, DOC: fix gh-14518, add release note",e72653810,ca5ae6426,DOC: update link to published link,2
14568,"BLD, DOC: fix gh-14518, add release note",e72653810,96ec81b47,"MAINT: pep8, remove checks of *.py files from --rst check",2
14568,"BLD, DOC: fix gh-14518, add release note",e72653810,620934a18,MAINT: fixes from review,2
14568,"BLD, DOC: fix gh-14518, add release note",e72653810,58282d172,DOC: add vertical space in towncrier template,2
14568,"BLD, DOC: fix gh-14518, add release note",e72653810,7bc36c2c3,TST: fix failing test,2
14568,"BLD, DOC: fix gh-14518, add release note",e72653810,e6168f1eb,DOC: add release note,2
14568,"BLD, DOC: fix gh-14518, add release note",e72653810,fa2aa53b8,"MAINT: revert change to assert_array_equal, adjust tests",2
14568,"BLD, DOC: fix gh-14518, add release note",e72653810,61bd4c2ed,DEP: issue deprecation warning when creating ragged array (NEP 34),2
14568,"BLD, DOC: fix gh-14518, add release note",e72653810,9aa8c4756,DOC: add release note,2
14568,"BLD, DOC: fix gh-14518, add release note",e72653810,5c778954c,"ENH: add OO->? loops, use np.compare(a, b, dtype=bool), add comments",2
14568,"BLD, DOC: fix gh-14518, add release note",e72653810,647ea1908,"WIP, DEP, ENH: finish richcompare changes from 1.10",2
14568,"BLD, DOC: fix gh-14518, add release note",e72653810,f8bf0cab7,NEP: clarify np.ndarray behaviour,2
14568,"BLD, DOC: fix gh-14518, add release note",e72653810,8305449a1,NEP: changes from review,2
14568,"BLD, DOC: fix gh-14518, add release note",e72653810,d1a7be4be,NEP: move 'NEP 29 random' from Accepted to Final,2
14568,"BLD, DOC: fix gh-14518, add release note",e72653810,7d31c1336,NEP: update from comments and PR 14794,2
14568,"BLD, DOC: fix gh-14518, add release note",e72653810,955b2906c,MAINT: fixes from review,2
14568,"BLD, DOC: fix gh-14518, add release note",e72653810,3cf96c801,BUILD: cache c-compiler for system_info stage,2
14568,"BLD, DOC: fix gh-14518, add release note",e72653810,4c2b4d8fb,"BUILD, DOC: remove the std=c99 flag from docs, builds, add release note",2
14568,"BLD, DOC: fix gh-14518, add release note",e72653810,c47061de6,BUILD: try a newer macOS image,2
14568,"BLD, DOC: fix gh-14518, add release note",e72653810,3356d994f,"BUILD: add std=c99 flag for gcc, cleanup error reporting",2
14568,"BLD, DOC: fix gh-14518, add release note",e72653810,396af7def,BUILD: emit more helpful error messages when compiler is broken,2
14568,"BLD, DOC: fix gh-14518, add release note",e72653810,a2a131fb9,"TST, BUILD: add a gcc 4.8 run on ubuntu 18.04",2
14568,"BLD, DOC: fix gh-14518, add release note",e72653810,49c37d9c8,DOC: fixes from review,2
14568,"BLD, DOC: fix gh-14518, add release note",e72653810,ea4e17d73,NEP: explicitly define ragged array,2
14568,"BLD, DOC: fix gh-14518, add release note",e72653810,d6a76ae9c,DOC: changes from review,2
14568,"BLD, DOC: fix gh-14518, add release note",e72653810,3973d2635,DOC: changes from review,2
14568,"BLD, DOC: fix gh-14518, add release note",e72653810,d0be6b656,"NEP: put off discussion of , fixes from review",2
14568,"BLD, DOC: fix gh-14518, add release note",e72653810,5af0ca9c3,TST: changes from review,2
14568,"BLD, DOC: fix gh-14518, add release note",e72653810,0b474e3ee,TST: run refguide-check on rst files in doc/*,2
14568,"BLD, DOC: fix gh-14518, add release note",e72653810,1531642c4,DOC: fix from review,2
14568,"BLD, DOC: fix gh-14518, add release note",e72653810,09708c976,"TEST, DOC: fixes from review",2
14568,"BLD, DOC: fix gh-14518, add release note",e72653810,efaaa9676,DOC: convert `None` to bare None or ``None``,2
14568,"BLD, DOC: fix gh-14518, add release note",e72653810,2300ae084,DOC: fix build failure,2
14568,"BLD, DOC: fix gh-14518, add release note",e72653810,cf2f4e078,DOC: add numpy.shape to index,2
14568,"BLD, DOC: fix gh-14518, add release note",e72653810,08b5907b6,DOC: no `data_as` reference is available,2
14568,"BLD, DOC: fix gh-14518, add release note",e72653810,63f1dab8d,DOC: fix function argument definitions and add vertical space around macros,2
14568,"BLD, DOC: fix gh-14518, add release note",e72653810,4bc65bfc3,DOC: fix output argument reference,2
14568,"BLD, DOC: fix gh-14518, add release note",e72653810,84a5dc190,DOC: add numpy prefix,2
14568,"BLD, DOC: fix gh-14518, add release note",e72653810,bf67c975e,DOC: fix `None` reference from python,2
14568,"BLD, DOC: fix gh-14518, add release note",e72653810,fbf89d812,DOC: typos from review,2
14568,"BLD, DOC: fix gh-14518, add release note",e72653810,e6e0ac113,"NEP: fixes from review, add ragged_array_object function",2
14568,"BLD, DOC: fix gh-14518, add release note",e72653810,185efe1bb,"DOC: clean up for moved references, remove ISeedSequence",2
14568,"BLD, DOC: fix gh-14518, add release note",e72653810,260bf6764,API: move bit_generator and generator to be private,2
14568,"BLD, DOC: fix gh-14518, add release note",e72653810,aeac7d56e,API: remove unused functions from distributions.h,2
14568,"BLD, DOC: fix gh-14518, add release note",e72653810,fbda48495,"API: refactor function names in distribution.{h,c}, refactor float_fill",2
14568,"BLD, DOC: fix gh-14518, add release note",e72653810,7e597f54d,API: make BitGenerators private,2
14568,"BLD, DOC: fix gh-14518, add release note",e72653810,6fd7ec969,"API: rename common, bounded_integers -> _common, _bounded_integers; cleanup",2
14568,"BLD, DOC: fix gh-14518, add release note",e72653810,e527e71f1,API: rearrange the cython files in numpy.random,2
14568,"BLD, DOC: fix gh-14518, add release note",e72653810,6dc23b070,NEP: add default-dtype-object-deprecation nep,2
14568,"BLD, DOC: fix gh-14518, add release note",e72653810,9fc355b54,"BUILD: change to build_src --verbose-cfg, runtests.py --debug-info",2
14568,"BLD, DOC: fix gh-14518, add release note",e72653810,6108b5d1e,BUG: properly define PyArray_DescrCheck,2
14568,"BLD, DOC: fix gh-14518, add release note",e72653810,65e91e4d7,DEP: remove expired deprecation in select,2
14568,"BLD, DOC: fix gh-14518, add release note",e72653810,aa0f7f7a1,"BUILD, DOC: fix 14518, add release note",2
14568,"BLD, DOC: fix gh-14518, add release note",e72653810,928c759a8,BUG: importing build_src breaks setuptools monkeypatch for msvc14,2
14568,"BLD, DOC: fix gh-14518, add release note",e72653810,05bed28f9,BUILD: add warn-error option to turn compiler warnings into errors (-Werror),2
14568,"BLD, DOC: fix gh-14518, add release note",e72653810,492fdab94,DOC: improve help string,2
14568,"BLD, DOC: fix gh-14518, add release note",e72653810,2e4af96e9,"DOC, BUILD: make build_src more discoverable",2
14568,"BLD, DOC: fix gh-14518, add release note",e72653810,cdf67fa06,"MAINT: move the option to build_src, simplifies logic",2
14568,"BLD, DOC: fix gh-14518, add release note",e72653810,55df75a94,BUG: fixes from review,2
14568,"BLD, DOC: fix gh-14518, add release note",e72653810,a68c5b8a8,BUILD: mostly restore verbose output on CI (except for pip install),2
14568,"BLD, DOC: fix gh-14518, add release note",e72653810,f54877465,"BUILD: fix runtests.py option, fix previous changeset",2
14568,"BLD, DOC: fix gh-14518, add release note",e72653810,4729f3f3f,BUILD: only report these headers with --debug-configure,2
14568,"BLD, DOC: fix gh-14518, add release note",e72653810,985234060,"BUILD: add --debug-configure option to reduce output, use logger more",2
14568,"BLD, DOC: fix gh-14518, add release note",e72653810,976fff7d1,"DOC,BUG: remove section header, add redundant text to leave a blank line",2
14568,"BLD, DOC: fix gh-14518, add release note",e72653810,274d17c08,BUG: change non-compliant file name,2
14568,"BLD, DOC: fix gh-14518, add release note",e72653810,b5b9f2c4f,"BUILD, MAINT: run tests with verbose for PyPY, also do not leak resource",2
14568,"BLD, DOC: fix gh-14518, add release note",e72653810,dedc4178f,"DOC, BUILD: use sphinx 2.2.0, add autosummary/base.rst for properties",2
14568,"BLD, DOC: fix gh-14518, add release note",e72653810,62e384a73,DOC: remove random.entropy from docs,2
14568,"BLD, DOC: fix gh-14518, add release note",e72653810,470e3b1c9,DOC: removed random.entropy from documentation,2
14568,"BLD, DOC: fix gh-14518, add release note",e72653810,2ec51d9d1,DOC: add release note,2
14568,"BLD, DOC: fix gh-14518, add release note",e72653810,60feac0e7,MAINT: remove the entropy c-extension module,2
14568,"BLD, DOC: fix gh-14518, add release note",e72653810,7ff2f96b7,BUG: fix compiler warnings,2
14568,"BLD, DOC: fix gh-14518, add release note",e72653810,4ee28be80,"MAINT: use tmp pointers to allow early break; add tests, release note",2
14568,"BLD, DOC: fix gh-14518, add release note",e72653810,2903d86b9,BUG: add a specialized loop for boolean matmul,2
14568,"BLD, DOC: fix gh-14518, add release note",e72653810,037a613fb,"MAINT: use test_requirements.txt in tox and shippable, ship it too",2
14568,"BLD, DOC: fix gh-14518, add release note",e72653810,2b250b0d6,"ENH: supply our version of numpy.pxd, adjust as needed",2
14568,"BLD, DOC: fix gh-14518, add release note",e72653810,34889b221,TEST: remove build job since we now use Dependabot,2
14568,"BLD, DOC: fix gh-14518, add release note",e72653810,21275c601,"MAINT: update dependencies, add nose",2
14568,"BLD, DOC: fix gh-14518, add release note",e72653810,fa0337900,"BUG: skip new test on windows, 32-bit",2
14568,"BLD, DOC: fix gh-14518, add release note",e72653810,3860b77e4,DOC: document numpy/doc update process,2
14568,"BLD, DOC: fix gh-14518, add release note",e72653810,2accb7cd3,"BUG: test, fix regression in converting to ctypes",2
14568,"BLD, DOC: fix gh-14518, add release note",e72653810,e5f4c29b1,TEST: try to fail the build if there are new packages,2
14568,"BLD, DOC: fix gh-14518, add release note",e72653810,bfe255f6b,BUILD: move all test dependencies to ./test_requirements.txt,2
14568,"BLD, DOC: fix gh-14518, add release note",e72653810,9f3e2cbc4,BUG: remove file unintentionally preserved,2
14568,"BLD, DOC: fix gh-14518, add release note",e72653810,19a1dafc2,move 1.17.1 release note to new layout in this PR,2
14568,"BLD, DOC: fix gh-14518, add release note",e72653810,1af52dfdf,"DOC: add toc to top-level release.rst, remove old document",2
14568,"BLD, DOC: fix gh-14518, add release note",e72653810,bc74b3185,BUG: revert detecting and raising error on ragged arrays,2
14568,"BLD, DOC: fix gh-14518, add release note",e72653810,b17656362,DOC: remove scipy.org from the breadcrumb formattiong,2
14568,"BLD, DOC: fix gh-14518, add release note",e72653810,0e26a5221,DOC: add header to documentation pages,2
14568,"BLD, DOC: fix gh-14518, add release note",e72653810,f88a87ab2,DOC: add backlinks to numpy.org,2
14568,"BLD, DOC: fix gh-14518, add release note",e72653810,35c89902b,"BUILD, DOC: add merge-doc target to update the numpy/doc repo",2
14568,"BLD, DOC: fix gh-14518, add release note",e72653810,3bfdd314c,DOC: update or remove outdated sourceforge links,2
14568,"BLD, DOC: fix gh-14518, add release note",e72653810,f6cf3c7a7,ENH: use towncrier to build the release note,2
14568,"BLD, DOC: fix gh-14518, add release note",e72653810,0b8f985b9,"DOC, BUILD: cleanups and fix (again) 'build dist'",2
14568,"BLD, DOC: fix gh-14518, add release note",e72653810,8b2665552,ENH: add pyproject.toml,2
14568,"BLD, DOC: fix gh-14518, add release note",e72653810,f96676467,DOC: show workaround for backward compatibility,2
14568,"BLD, DOC: fix gh-14518, add release note",e72653810,af5b52b75,"BUILD: adapt ""make version-check"" to ""make dist""",2
14568,"BLD, DOC: fix gh-14518, add release note",e72653810,9e620274a,"DOC: emphasize need for matching numpy, git versions",2
14568,"BLD, DOC: fix gh-14518, add release note",e72653810,b8c885d09,DOC: add space between words across lines,2
14568,"BLD, DOC: fix gh-14518, add release note",e72653810,45c4a8dc0,DOC: point out the shortcomings of add_newdocs,2
14568,"BLD, DOC: fix gh-14518, add release note",e72653810,3c2e2703f,"ENH, BUILD: refactor all OpenBLAS downloads into a single, testable file",2
14568,"BLD, DOC: fix gh-14518, add release note",e72653810,d8e145743,DOC: emphasize random API changes,2
14568,"BLD, DOC: fix gh-14518, add release note",e72653810,6fdf488e9,ENH: improve error message for ragged-array creation failure,2
14568,"BLD, DOC: fix gh-14518, add release note",e72653810,14c333972,MAINT: move location of bitgen.h,2
14568,"BLD, DOC: fix gh-14518, add release note",e72653810,73ae703f1,DOC: fix reference links,2
14568,"BLD, DOC: fix gh-14518, add release note",e72653810,5c5965c1e,DOC: fixup docs for current set of BitGenerators,2
14568,"BLD, DOC: fix gh-14518, add release note",e72653810,0897a68a1,BUG: fix PCG64 ng->inc.high initialization,2
14568,"BLD, DOC: fix gh-14518, add release note",e72653810,c69f90c39,"MAINT: remove leftover files, fix docs",2
14568,"BLD, DOC: fix gh-14518, add release note",e72653810,efa35e738,ENH: use SeedSequence to generate entropy for seeding,2
14568,"BLD, DOC: fix gh-14518, add release note",e72653810,02f63e0f3,MAINT: remove xoshiro* BitGenerators,2
14568,"BLD, DOC: fix gh-14518, add release note",e72653810,578cf4284,MAINT: remove ThreeFry BitGenerator,2
14568,"BLD, DOC: fix gh-14518, add release note",e72653810,083be1f81,MAINT: remove pcg32 BitGenerator,2
14568,"BLD, DOC: fix gh-14518, add release note",e72653810,5e687255f,MAINT: add script to local repo,2
14568,"BLD, DOC: fix gh-14518, add release note",e72653810,9fe7fec9a,BUILD: use openblas_support.py from numpy-wheels to create _distributor_init.py,2
14568,"BLD, DOC: fix gh-14518, add release note",e72653810,91d345150,MAINT: remove dSFMT,2
14568,"BLD, DOC: fix gh-14518, add release note",e72653810,ebcaa4821,DOC: add a NumPyC syntax format that accepts our preprocessor @TYPE@ macros,2
14568,"BLD, DOC: fix gh-14518, add release note",e72653810,57c7d8dc9,MAINT: fix use of cache_dim,2
14568,"BLD, DOC: fix gh-14518, add release note",e72653810,8c275a112,TEST: add passing test,2
14568,"BLD, DOC: fix gh-14518, add release note",e72653810,70d6293bf,MAINT: fix for dtype specification,2
14568,"BLD, DOC: fix gh-14518, add release note",e72653810,0d3d1b172,"BUG: special case object arrays when printing rel-, abs-error",2
14568,"BLD, DOC: fix gh-14518, add release note",e72653810,b8e741c66,BUG: setup.py install --skip-build fails,2
14568,"BLD, DOC: fix gh-14518, add release note",e72653810,cdb2b0feb,"MAINT: remove tomaxint, random_sample from generator",2
14568,"BLD, DOC: fix gh-14518, add release note",e72653810,19b48e2c6,"BUG: test, fix missing return to deprecated function",2
14568,"BLD, DOC: fix gh-14518, add release note",e72653810,4e6a81273,MAINT: remove pre-randomgen _mtrand,2
14568,"BLD, DOC: fix gh-14518, add release note",e72653810,113560b57,"ENH: always use zip64, upgrade pickle protocol to 3",2
14568,"BLD, DOC: fix gh-14518, add release note",e72653810,060c6695b,merge master into branch,2
14568,"BLD, DOC: fix gh-14518, add release note",e72653810,3349fec43,NEP: update NEP 19 with API terminology,2
14568,"BLD, DOC: fix gh-14518, add release note",e72653810,3d19ae92a,"MAINT: remove threefry32, xoroshiro128, xorshift1024 BitGenerators",2
14568,"BLD, DOC: fix gh-14518, add release note",e72653810,e058ae46f,MAINT: remove unused file,2
14568,"BLD, DOC: fix gh-14518, add release note",e72653810,17e0070df,MAINT: Implement API changes for randomgen-derived code,2
14568,"BLD, DOC: fix gh-14518, add release note",e72653810,86212292e,"DOC: tighten up documentation, add a table of comparison",2
14568,"BLD, DOC: fix gh-14518, add release note",e72653810,b9b9d70f0,"MAINT: remove legacy, refactor legacy -> mtrand in docs",2
14568,"BLD, DOC: fix gh-14518, add release note",e72653810,7a4179485,"DOC: fix doctests, move numpy.random -> numpy.random.gen in generator.pyx",2
14568,"BLD, DOC: fix gh-14518, add release note",e72653810,bb7abf2d5,ENH: add instance of RandomGenerator(Xoshiro512StarStar) as gen,2
14568,"BLD, DOC: fix gh-14518, add release note",e72653810,9578dcfbe,BUG: __dealloc__ can be called without __init__ in some error modes,2
14568,"BLD, DOC: fix gh-14518, add release note",e72653810,c53b2eb72,BENCH: convert bencmarks to asv format,2
14568,"BLD, DOC: fix gh-14518, add release note",e72653810,fa8af41c9,BUILD: move files out of _randomgen,2
14568,"BLD, DOC: fix gh-14518, add release note",e72653810,56201bb0c,TEST: add test for non-contiguous input to ufuncs,2
14568,"BLD, DOC: fix gh-14518, add release note",e72653810,bd73a1536,MAINT: remove uneeded code,2
14568,"BLD, DOC: fix gh-14518, add release note",e72653810,b415ffad5,ENH: changes from review,2
14568,"BLD, DOC: fix gh-14518, add release note",e72653810,8c4d4bb73,BUG: fix for big-endian systems,2
14568,"BLD, DOC: fix gh-14518, add release note",e72653810,fa7096054,"BUG: parametrize tests, fix for interaction of count, order",2
14568,"BLD, DOC: fix gh-14518, add release note",e72653810,c2de04da9,"ENH: add 'order' keyword to packbits, unpackbits",2
14568,"BLD, DOC: fix gh-14518, add release note",e72653810,92d74d04e,TEST: tweak two slow tests to speed them up,2
14568,"BLD, DOC: fix gh-14518, add release note",e72653810,de32873dc,"BUG: test all ufunc.types for return type, fix for exp, log",2
14568,"BLD, DOC: fix gh-14518, add release note",e72653810,5d7680896,TEST: add duration report to tests,2
14568,"BLD, DOC: fix gh-14518, add release note",e72653810,b90addd13,BUG: parse more subarrays in descr_to_dtype,2
14568,"BLD, DOC: fix gh-14518, add release note",e72653810,1f1e8f94e,BUG: missing git raises an OSError,2
14568,"BLD, DOC: fix gh-14518, add release note",e72653810,512c6451f,DOC: document existance of linalg backends,2
14568,"BLD, DOC: fix gh-14518, add release note",e72653810,76b83a7e4,BUG: blindly add TypeError to accepted exceptions,2
14568,"BLD, DOC: fix gh-14518, add release note",e72653810,666d92ac8,BUG: handle subarrays in descr_to_dtype,2
14568,"BLD, DOC: fix gh-14518, add release note",e72653810,22e6aa46f,DOC: add release note,2
14568,"BLD, DOC: fix gh-14518, add release note",e72653810,6424fee34,"BUILD, BUG: fix from review, fix bug in git_version",2
14568,"BLD, DOC: fix gh-14518, add release note",e72653810,78a2d9d3a,DOC: fix typos in dev/index,2
14568,"BLD, DOC: fix gh-14518, add release note",e72653810,3f8b40667,DOC: changes from review,2
14568,"BLD, DOC: fix gh-14518, add release note",e72653810,f402a691a,"MAINT: use openblas, gfortran, tweak azure and comment mro (from review)",2
14568,"BLD, DOC: fix gh-14518, add release note",e72653810,3ad01dbc1,"DOC: reorganize developer docs, use scikit-image as a base for change",2
14568,"BLD, DOC: fix gh-14518, add release note",e72653810,730bae989,DOC: fixes from review,2
14568,"BLD, DOC: fix gh-14518, add release note",e72653810,a641ef245,MAINT: move gc.collect to function (from review),2
14568,"BLD, DOC: fix gh-14518, add release note",e72653810,e67f8c7f7,TEST: update for PyPy,2
14568,"BLD, DOC: fix gh-14518, add release note",e72653810,c09fadcc8,DEV: add pypy3 to azure CI,2
14568,"BLD, DOC: fix gh-14518, add release note",e72653810,5d43b09b0,MAINT: mention 'make dist' in error messsage,2
14568,"BLD, DOC: fix gh-14518, add release note",e72653810,be8ef7d32,BUILD: allow version-check to pass if GITVER is Unknown (sdist build),2
14568,"BLD, DOC: fix gh-14518, add release note",e72653810,01fb828e8,BUILD: fail documentation build if numpy version does not match,2
14568,"BLD, DOC: fix gh-14518, add release note",e72653810,f179d23b7,BUILD: remove unused file,2
14568,"BLD, DOC: fix gh-14518, add release note",e72653810,0f4dc765e,DOC: add more info to failure message,2
14568,"BLD, DOC: fix gh-14518, add release note",e72653810,4006dc352,DOC: update numpydoc to latest master,2
14568,"BLD, DOC: fix gh-14518, add release note",e72653810,4ed097bbd,BUG: fix from review,2
14568,"BLD, DOC: fix gh-14518, add release note",e72653810,bea49b553,BUG: fixes from review,2
14568,"BLD, DOC: fix gh-14518, add release note",e72653810,44a788b9e,"BUG: raise on empty sequence input to unravel_index, ravel_index_multi; clarify error msg",2
14568,"BLD, DOC: fix gh-14518, add release note",e72653810,43972706d,BUILD: pin sphinx to before-2.0.0,2
14568,"BLD, DOC: fix gh-14518, add release note",e72653810,d30171293,"DOC, BUILD: fail the devdoc build if there are warnings",2
14568,"BLD, DOC: fix gh-14518, add release note",e72653810,0ed275c4a,BUILD: update numpydocs to latest version,2
14568,"BLD, DOC: fix gh-14518, add release note",e72653810,32129453d,DEV: cleanup imports and some assignments (from LGTM),2
14568,"BLD, DOC: fix gh-14518, add release note",e72653810,8f778b881,BUILD: use 'quiet' when building docs,2
14568,"BLD, DOC: fix gh-14518, add release note",e72653810,2daaf24b8,"DOC: update scipy-sphinx-theme, fixes search",2
14568,"BLD, DOC: fix gh-14518, add release note",e72653810,0be56a4ce,DOC: add release note,2
14568,"BLD, DOC: fix gh-14518, add release note",e72653810,75b81014b,DOC: remove -n to make this mergeable,2
14568,"BLD, DOC: fix gh-14518, add release note",e72653810,fb08e1171,DOC: fix references in docs,2
14568,"BLD, DOC: fix gh-14518, add release note",e72653810,be0803611,DEP: deprecate exec_command,2
14568,"BLD, DOC: fix gh-14518, add release note",e72653810,c8a8f524f,"TEST: allow margin of error, increase discoverability of refcheck option",2
14568,"BLD, DOC: fix gh-14518, add release note",e72653810,dff1f5d25,BUILD: sphinx 1.8.3 can be used with our outdated templates,2
14568,"BLD, DOC: fix gh-14518, add release note",e72653810,acecd26c2,MAINT: remove undocumented __buffer__ attribute lookup,2
14568,"BLD, DOC: fix gh-14518, add release note",e72653810,005dfd23a,DOC: typo (thanks ev-br),2
14568,"BLD, DOC: fix gh-14518, add release note",e72653810,6f1b386e3,DOC: revert #13058 and fix Makefile,2
14568,"BLD, DOC: fix gh-14518, add release note",e72653810,76099ada3,DOC: fixes from review,2
14568,"BLD, DOC: fix gh-14518, add release note",e72653810,2f41bb26b,DOC: fixes from review,2
14568,"BLD, DOC: fix gh-14518, add release note",e72653810,62433284d,"DOC: reduce warnings when building, reword, tweak doc building",2
14568,"BLD, DOC: fix gh-14518, add release note",e72653810,1e49ad442,BUG: fixes from review,2
14568,"BLD, DOC: fix gh-14518, add release note",e72653810,3993652c4,BUG: fixes from review,2
14568,"BLD, DOC: fix gh-14518, add release note",e72653810,6f1ecd772,BUG: fixes from review,2
14568,"BLD, DOC: fix gh-14518, add release note",e72653810,7f5d26515,BUG: remove error-prone borrowed reference handling,2
14568,"BLD, DOC: fix gh-14518, add release note",e72653810,af4b7aa1d,BUG: __array_interface__ offset was always ignored,2
14568,"BLD, DOC: fix gh-14518, add release note",e72653810,b66d8357d,DOC: fixes from review,2
14568,"BLD, DOC: fix gh-14518, add release note",e72653810,3aab0d5ed,DOC: reflect changes from #5822 (May 2015) in the docs,2
14568,"BLD, DOC: fix gh-14518, add release note",e72653810,723345ca8,MAINT: refactor logic from review,2
14568,"BLD, DOC: fix gh-14518, add release note",e72653810,f07adb36c,MAINT: fixes from review,2
14568,"BLD, DOC: fix gh-14518, add release note",e72653810,944dd6ee7,"BUG: test, fix for trying to register a loop again",2
14568,"BLD, DOC: fix gh-14518, add release note",e72653810,dc17ad68a,MAINT: remove complicated test of multiarray import failure mode,2
14568,"BLD, DOC: fix gh-14518, add release note",e72653810,375cbca1d,BUG: fail if old multiarray module detected,2
14568,"BLD, DOC: fix gh-14518, add release note",e72653810,4117921f5,ENH: add _dtype_ctype to namespace for freeze analysis,2
14568,"BLD, DOC: fix gh-14518, add release note",e72653810,2b5b00985,BUG: ndarrays pickled by 1.16 cannot be loaded by 1.15.4 and lower,2
14568,"BLD, DOC: fix gh-14518, add release note",e72653810,b66634009,DOC: link to benchmarking info,2
14568,"BLD, DOC: fix gh-14518, add release note",e72653810,bf66e107f,TEST: pin mingw version,2
14568,"BLD, DOC: fix gh-14518, add release note",e72653810,2d04c63a7,TEST: use xenial by default for travis,2
14568,"BLD, DOC: fix gh-14518, add release note",e72653810,6c21238ac,DOC: fixes from review,2
14568,"BLD, DOC: fix gh-14518, add release note",e72653810,d2a6daead,"DOC: remove python2-only methods, small cleanups",2
14568,"BLD, DOC: fix gh-14518, add release note",e72653810,8cecce551,BUG: resolve writeback in arr_insert failure paths,2
14568,"BLD, DOC: fix gh-14518, add release note",e72653810,d26842f9c,"BUG, DOC: test, fix that f2py.compile accepts str and bytes, rework docs",2
14568,"BLD, DOC: fix gh-14518, add release note",e72653810,adfaafba9,BUG: double decref of dtype in failure codepath. Test and fix,2
14568,"BLD, DOC: fix gh-14518, add release note",e72653810,40b6dc50d,DOC: remove recocmendation to add main for testing,2
14568,"BLD, DOC: fix gh-14518, add release note",e72653810,84286e6f7,TEST:add test for gh-11221,2
14568,"BLD, DOC: fix gh-14518, add release note",e72653810,7fea4027f,"TEST: activate doctests on doc.structured_arrays, fix for pure doc module",2
14568,"BLD, DOC: fix gh-14518, add release note",e72653810,db6f50b27,DOC: doctest structured array introduction,2
14568,"BLD, DOC: fix gh-14518, add release note",e72653810,bf774905e,BENCH: quiet warnings in benchmarks,2
14568,"BLD, DOC: fix gh-14518, add release note",e72653810,33bbcf5ad,ENH: chain additional exception on ufunc method lookup error,2
14568,"BLD, DOC: fix gh-14518, add release note",e72653810,c088383cb,BUG: loosen kwargs requirements in ediff1d,2
14568,"BLD, DOC: fix gh-14518, add release note",e72653810,0bdf90ca1,"DEV: remove _arg from public API, add matmul to benchmark ufuncs",2
14568,"BLD, DOC: fix gh-14518, add release note",e72653810,217f13b95,"ENH: remove ""Invalid value"" warnings from median, percentile",2
14568,"BLD, DOC: fix gh-14518, add release note",e72653810,c40e946c1,DOC: update 2018 -> 2019,2
14568,"BLD, DOC: fix gh-14518, add release note",e72653810,de4c4ef7e,MAINT: improve comments,2
14568,"BLD, DOC: fix gh-14518, add release note",e72653810,16c30d03f,BUG: add case for longdouble alignment size,2
14568,"BLD, DOC: fix gh-14518, add release note",e72653810,d2ec5a1ce,DEV: activate assert code in 32bit linux via -UNDEBUG,2
14568,"BLD, DOC: fix gh-14518, add release note",e72653810,c3b7ed0f1,DEV: add test for 'python -mnumpy.f2py',2
14568,"BLD, DOC: fix gh-14518, add release note",e72653810,d5200bdd2,BUG: check for errors after PyArray_DESCR_REPLACE,2
14568,"BLD, DOC: fix gh-14518, add release note",e72653810,7a7dc347c,BUG: be sure to set returned value to NULL,2
14568,"BLD, DOC: fix gh-14518, add release note",e72653810,4c696a070,DOC: fix some doctest failures,2
14568,"BLD, DOC: fix gh-14518, add release note",e72653810,6379f3eb7,MAINT: return Py_None not NULL,2
14568,"BLD, DOC: fix gh-14518, add release note",e72653810,33b72d2a3,BUG: fix from review,2
14568,"BLD, DOC: fix gh-14518, add release note",e72653810,e41e97d86,BUG: fix refcount issue caused by #12524,2
14568,"BLD, DOC: fix gh-14518, add release note",e72653810,ff32c7fc0,MAINT: unify error messages,2
14568,"BLD, DOC: fix gh-14518, add release note",e72653810,524faa53c,DEV: remove travis 32 bit chroot job since it is running on azure,2
14568,"BLD, DOC: fix gh-14518, add release note",e72653810,b51315671,"STY: add space after ""if""",2
14568,"BLD, DOC: fix gh-14518, add release note",e72653810,7dcee0028,DOC: rearrange comment sequence from review,2
14568,"BLD, DOC: fix gh-14518, add release note",e72653810,31bd28c5f,STY: add comment for future maintainers,2
14568,"BLD, DOC: fix gh-14518, add release note",e72653810,508c0f44e,STY: bracket if blocks with braces,2
14568,"BLD, DOC: fix gh-14518, add release note",e72653810,11e0707c8,DEV: add ctags option file,2
14568,"BLD, DOC: fix gh-14518, add release note",e72653810,a3be55e49,"MAINT: comment, fix from review",2
14568,"BLD, DOC: fix gh-14518, add release note",e72653810,fb0b703b9,"WIP, BUG: reorder operations for VS2015",2
14568,"BLD, DOC: fix gh-14518, add release note",e72653810,1c7a2f928,BUG: call PyType_Ready before using type,2
14568,"BLD, DOC: fix gh-14518, add release note",e72653810,e64354e01,MAINT: call PySequence_Fast() before any other PySequence_Fast* funcs,2
14568,"BLD, DOC: fix gh-14518, add release note",e72653810,f7a9fac90,"BUG: test, fix matmul, dot for vector array with stride[i]=0",2
14568,"BLD, DOC: fix gh-14518, add release note",e72653810,18476f528,DOC: add a comment detailing the output ufunc flag choices,2
14568,"BLD, DOC: fix gh-14518, add release note",e72653810,0f59087af,"BUG: test, fix for threshold='nan'",2
14568,"BLD, DOC: fix gh-14518, add release note",e72653810,72f2abf34,ENH: corrections and fixes from review,2
14568,"BLD, DOC: fix gh-14518, add release note",e72653810,a2202b944,"BUG: disallow setting flag to writeable if isinstance(a.base, (str, bytes))",2
14568,"BLD, DOC: fix gh-14518, add release note",e72653810,8c9450a7f,ENH: make matmul into a ufunc,2
14568,"BLD, DOC: fix gh-14518, add release note",e72653810,2552e57af,MAINT: refactor datetime.c_metadata creation,2
14568,"BLD, DOC: fix gh-14518, add release note",e72653810,51e9a0283,"BUG: test, fix NPY_VISIBILITY_HIDDEN on gcc, which becomes NPY_NO_EXPORT",2
14568,"BLD, DOC: fix gh-14518, add release note",e72653810,e85233f41,DEP: remove deprecated numpy.lib.function_base.unique,2
14568,"BLD, DOC: fix gh-14518, add release note",e72653810,b697a9ad1,DEV remove shim added in 1.4,2
14568,"BLD, DOC: fix gh-14518, add release note",e72653810,e303ad07d,ENH: do not emit compilation warning if using old API,2
14568,"BLD, DOC: fix gh-14518, add release note",e72653810,a22275568,MAINT: fix from review,2
14568,"BLD, DOC: fix gh-14518, add release note",e72653810,62e47c34b,"BUG: fix for titles, cleanup, fixes from review",2
14568,"BLD, DOC: fix gh-14518, add release note",e72653810,c42846efb,NEP: move nep 15 from accepted to final,2
14568,"BLD, DOC: fix gh-14518, add release note",e72653810,e7e1645a6,BUG: do not override exception on import failure,2
14568,"BLD, DOC: fix gh-14518, add release note",e72653810,1956ada85,"BUG: test, fix loading structured dtypes with padding",2
14568,"BLD, DOC: fix gh-14518, add release note",e72653810,08a2e4503,DOC: reword from review,2
14568,"BLD, DOC: fix gh-14518, add release note",e72653810,e6a31efdc,force python3 in chroot,2
14568,"BLD, DOC: fix gh-14518, add release note",e72653810,8cdc8d6a1,"DOC: fixes from review, fix references",2
14568,"BLD, DOC: fix gh-14518, add release note",e72653810,621f477a7,BUILD: use system python3 in the chroot,2
14568,"BLD, DOC: fix gh-14518, add release note",e72653810,96d8ada9b,BUILD: force LGTM to use cython>=0.29,2
14568,"BLD, DOC: fix gh-14518, add release note",e72653810,46452b360,"BUG: always clear floatstatus_invalid in max, min",2
14568,"BLD, DOC: fix gh-14518, add release note",e72653810,b59819bf2,tweak and mark NEP 0027 as final,2
14568,"BLD, DOC: fix gh-14518, add release note",e72653810,dd7f69421,DOC: add broadcasting article from scipy old-wiki,2
14568,"BLD, DOC: fix gh-14518, add release note",e72653810,b8d954351,DOC: revise release note,2
14568,"BLD, DOC: fix gh-14518, add release note",e72653810,1490fc84e,DOC: move C style guide to dev section,2
14568,"BLD, DOC: fix gh-14518, add release note",e72653810,00e8e165a,DOC: remove duplicate and outdated DOC,2
14568,"BLD, DOC: fix gh-14518, add release note",e72653810,aeefb51cb,DOC: remove old docs while adding bits of it where appropriate (part one),2
14568,"BLD, DOC: fix gh-14518, add release note",e72653810,d17edb39d,DOC: fixes from review,2
14568,"BLD, DOC: fix gh-14518, add release note",e72653810,24c9faac7,MAINT: rearrange logic to not set FP invalid register where possible,2
14568,"BLD, DOC: fix gh-14518, add release note",e72653810,da3d16265,"ENH: maximum, minimum no longer emit warnings on NAN",2
14568,"BLD, DOC: fix gh-14518, add release note",e72653810,fc60b2725,DOC: add missing docs,2
14568,"BLD, DOC: fix gh-14518, add release note",e72653810,73c5a5aca,DEP: deprecate np.set_numeric_ops and friends,2
14568,"BLD, DOC: fix gh-14518, add release note",e72653810,9afa2f798,MAINT: refactor ufunc operand flag handling and 'where mask' handling,2
14568,"BLD, DOC: fix gh-14518, add release note",e72653810,5085831a0,"NEP: Add ""Provisional"" status and move nep 18 to provisional",2
14568,"BLD, DOC: fix gh-14518, add release note",e72653810,47d30cb78,NEP: change toc title sorting,2
14568,"BLD, DOC: fix gh-14518, add release note",e72653810,ad47653f7,MAINT: fix c comment from review,2
14568,"BLD, DOC: fix gh-14518, add release note",e72653810,c8e15bafb,MAINT: changes from review,2
14568,"BLD, DOC: fix gh-14518, add release note",e72653810,1f027a6e8,NEP: change changeset to commit for git,2
14568,"BLD, DOC: fix gh-14518, add release note",e72653810,85b432da7,NEP: fixes from review,2
14568,"BLD, DOC: fix gh-14518, add release note",e72653810,9368e3406,NEP: Add zero-rank arrays historical info NEP,2
14568,"BLD, DOC: fix gh-14518, add release note",e72653810,1205e196a,DOC: tweak docs from review,2
14568,"BLD, DOC: fix gh-14518, add release note",e72653810,7ef2b3ab6,"MAINT: formatting, remove version, rework flags",2
14568,"BLD, DOC: fix gh-14518, add release note",e72653810,a3e752b49,MAINT: remove unused label from review,2
14568,"BLD, DOC: fix gh-14518, add release note",e72653810,367f05a9d,"MAINT: remove macro, platforms that defined it will now fail to build",2
14568,"BLD, DOC: fix gh-14518, add release note",e72653810,1c2abd364,DEP: deprecate asscalar,2
14568,"BLD, DOC: fix gh-14518, add release note",e72653810,f92c57e0a,BUG: fix PyDataType_ISBOOL,2
14568,"BLD, DOC: fix gh-14518, add release note",e72653810,300e9f1c1,ENH: check getfield arguments to prevent invalid memory access,2
14568,"BLD, DOC: fix gh-14518, add release note",e72653810,1293f4370,BUG: refactor float error status to support Alpine linux,2
14568,"BLD, DOC: fix gh-14518, add release note",e72653810,dc8078f3e,DOC: tweak grammar,2
14568,"BLD, DOC: fix gh-14518, add release note",e72653810,b0308d1a6,:DOC: update to reflect API changes,2
14568,"BLD, DOC: fix gh-14518, add release note",e72653810,146236275,ENH: increment and use NPY_API_VERSION in PyUFuncObject->version,2
14568,"BLD, DOC: fix gh-14518, add release note",e72653810,6497835ce,BLD: pin sphinx to 1.7.9,2
14568,"BLD, DOC: fix gh-14518, add release note",e72653810,46083ffa0,MAINT: remove duplicate imports,2
14568,"BLD, DOC: fix gh-14518, add release note",e72653810,df68e6485,BUG: reused otmp caused refcount problem,2
14568,"BLD, DOC: fix gh-14518, add release note",e72653810,e9d3e2045,BUG: check return value from PyArray_PromoteTypes,2
14568,"BLD, DOC: fix gh-14518, add release note",e72653810,a6a0b0f6f,DOC: warn about directly using PyUFuncObject and PyArray_Descr,2
14568,"BLD, DOC: fix gh-14518, add release note",e72653810,35c9c25ae,STY: fix from review,2
14568,"BLD, DOC: fix gh-14518, add release note",e72653810,1ebcc853e,BUG: fix refcount leak in PyArray_AdaptFlexibleDType,2
14568,"BLD, DOC: fix gh-14518, add release note",e72653810,2ae3ae228,DOC: update for changes in d8a8e4536,2
14568,"BLD, DOC: fix gh-14518, add release note",e72653810,3409a7bd1,merge heads,2
14568,"BLD, DOC: fix gh-14518, add release note",e72653810,d8a8e4536,MAINT: refactor inner loop in test,2
14568,"BLD, DOC: fix gh-14518, add release note",e72653810,ce854a89a,"MAINT: move functions to numpyos.c, adjust accordingly",2
14568,"BLD, DOC: fix gh-14518, add release note",e72653810,466e532e9,merge master into gufunc-signature-modification2,2
14568,"BLD, DOC: fix gh-14518, add release note",e72653810,2c0617398,MAINT: rework wrapping and sharing common functions,2
14568,"BLD, DOC: fix gh-14518, add release note",e72653810,5d8295dd8,MAINT: typo,2
14568,"BLD, DOC: fix gh-14518, add release note",e72653810,3e45a3ff3,MAINT: clarify internal function docstring,2
14568,"BLD, DOC: fix gh-14518, add release note",e72653810,ea4c8a1ca,MAINT: refactor to share npy_strto{u}ll,2
14568,"BLD, DOC: fix gh-14518, add release note",e72653810,31a0d21d7,MAINT: make PyUFuncObject.version a const int,2
14568,"BLD, DOC: fix gh-14518, add release note",e72653810,f1b2582ee,MAINT: cleanup from review,2
14568,"BLD, DOC: fix gh-14518, add release note",e72653810,552b4ebb6,Merge 'master' into branch,2
14568,"BLD, DOC: fix gh-14518, add release note",e72653810,0346b1b04,DOC: dtype offset is limited to int,2
14568,"BLD, DOC: fix gh-14518, add release note",e72653810,5e3412dfc,MAINT: remove redundant imports,2
14568,"BLD, DOC: fix gh-14518, add release note",e72653810,af82b54c1,MAINT: dtype(unicode) should raise TypeError on failure,2
14568,"BLD, DOC: fix gh-14518, add release note",e72653810,27834b330,MAINT: fix leak in previous commit (from review),2
14568,"BLD, DOC: fix gh-14518, add release note",e72653810,56a70cf04,"MAINT: check _append_char, _append_str return value",2
14568,"BLD, DOC: fix gh-14518, add release note",e72653810,2118483c2,DOC: change f2py2e -> numpy.f2py [ci skip],2
14568,"BLD, DOC: fix gh-14518, add release note",e72653810,ea666b604,"DOC: formatting, de-emphasize f2pyfe [ci skip]",2
14568,"BLD, DOC: fix gh-14518, add release note",e72653810,ace2aa673,DOC: document use when f2py is not in the PATH,2
14568,"BLD, DOC: fix gh-14518, add release note",e72653810,03e08148e,MAINT: remove code that codecov pointed out is superflous,2
14568,"BLD, DOC: fix gh-14518, add release note",e72653810,872508760,DOC: add docstring to new python files,2
14568,"BLD, DOC: fix gh-14518, add release note",e72653810,9592ee2ab,MAINT: export newly added c-extension function,2
14568,"BLD, DOC: fix gh-14518, add release note",e72653810,c9914e437,DOC: write release note,2
14568,"BLD, DOC: fix gh-14518, add release note",e72653810,f88d57685,MAINT: move declararions into umathmodule.h,2
14568,"BLD, DOC: fix gh-14518, add release note",e72653810,c49f779b7,"MAINT: create common_{src,dep}, move header includes to appropriate places",2
14568,"BLD, DOC: fix gh-14518, add release note",e72653810,1bca48bb1,"MAINT: move unchanging, non-api files to common",2
14568,"BLD, DOC: fix gh-14518, add release note",e72653810,bd4500fa9,MAINT: move private -> common,2
14568,"BLD, DOC: fix gh-14518, add release note",e72653810,92f01dd0f,MAINT: move scalar math intialization to before setup_scalartypes,2
14568,"BLD, DOC: fix gh-14518, add release note",e72653810,ad1f5b5f4,"MAINT: fix more name replacements, __all__ imports",2
14568,"BLD, DOC: fix gh-14518, add release note",e72653810,e8aea2e23,MAINT: define _MULTIARRAYMODULE to use functions directly (not via PyArray_API),2
14568,"BLD, DOC: fix gh-14518, add release note",e72653810,31df30265,"MAINT: merge umath, multiarray into _multiarray, add python wrappers",2
14568,"BLD, DOC: fix gh-14518, add release note",e72653810,da0727912,MAINT: reformat line spacing before test methods,2
14568,"BLD, DOC: fix gh-14518, add release note",e72653810,c94d1c757,"BUG: add tests, special case memoryview(datetime64-scalar)",2
14568,"BLD, DOC: fix gh-14518, add release note",e72653810,83cd724ff,"MAINT: test memoryview, improve error message, don't swallow first exception",2
14568,"BLD, DOC: fix gh-14518, add release note",e72653810,210c361ce,DOC: reflow paragraph to 80 columns,2
14568,"BLD, DOC: fix gh-14518, add release note",e72653810,078405244,fixes from review,2
14568,"BLD, DOC: fix gh-14518, add release note",e72653810,fe12622d5,DOC: reduce warnings and cleanup redundant c-api documentation,2
14568,"BLD, DOC: fix gh-14518, add release note",e72653810,062123b11,BUG: deprecation triggers segfault,2
14568,"BLD, DOC: fix gh-14518, add release note",e72653810,43970c693,"BUG: compiler used is env['CC'], then config_vars['CC']",2
14568,"BLD, DOC: fix gh-14518, add release note",e72653810,6541b328f,MAINT: trivially refactor mapped indexing,2
14568,"BLD, DOC: fix gh-14518, add release note",e72653810,089a0e0e9,"ENH: add Nan warnings for maximum, minimum on more dtypes",2
14568,"BLD, DOC: fix gh-14518, add release note",e72653810,fe7233b5f,DOC: add roadmap doc,2
14568,"BLD, DOC: fix gh-14518, add release note",e72653810,b63687b0f,"BUG:warn on Nan in minimum,maximum for scalars",2
14568,"BLD, DOC: fix gh-14518, add release note",e72653810,8788119ff,DOC: updates and fixes for gufunc descriptions.,2
14568,"BLD, DOC: fix gh-14518, add release note",e72653810,f7766b40b,"ENH: test, document, implement flexible signature.",2
14568,"BLD, DOC: fix gh-14518, add release note",e72653810,84f6df82f,"ENH: convert reserved field to version, set new version to 1",2
14568,"BLD, DOC: fix gh-14518, add release note",e72653810,7c3f590d9,"DEP: deprecate undocumented, unused dtype type dicts",2
14568,"BLD, DOC: fix gh-14518, add release note",e72653810,79e01ed80,NEP: accept nep 0019,2
14568,"BLD, DOC: fix gh-14518, add release note",e72653810,dc0ab8c7a,NEP: accept nep 0015,2
14568,"BLD, DOC: fix gh-14518, add release note",e72653810,5d6d44887,fix from review,2
14568,"BLD, DOC: fix gh-14518, add release note",e72653810,471ada7e6,fixes from review,2
14568,"BLD, DOC: fix gh-14518, add release note",e72653810,9f227da2d,reformat as html comments,2
14568,"BLD, DOC: fix gh-14518, add release note",e72653810,eda0b3a47,BUG: decref of field title caused segfault,2
14568,"BLD, DOC: fix gh-14518, add release note",e72653810,d7c992445,DOC: add templates for issues and PR,2
14568,"BLD, DOC: fix gh-14518, add release note",e72653810,e656a4e4a,DOC: extend sanity check message,2
14568,"BLD, DOC: fix gh-14518, add release note",e72653810,760daffb7,MAINT: refactor duplicate code into 'common.c',2
14568,"BLD, DOC: fix gh-14518, add release note",e72653810,ae5000f47,MAINT: cleanup ret assignment,2
14568,"BLD, DOC: fix gh-14518, add release note",e72653810,f93361583,"DOC: link to TESTS.rst.txt testing guidelines document, tweak testing docs",2
14568,"BLD, DOC: fix gh-14518, add release note",e72653810,6d601e51c,fixes from review,2
14568,"BLD, DOC: fix gh-14518, add release note",e72653810,4f5ada2ce,check for unlikely error in Assign_Zero,2
14568,"BLD, DOC: fix gh-14518, add release note",e72653810,d829dc579,BUG: ensure ret is out in einsum,2
14568,"BLD, DOC: fix gh-14518, add release note",e72653810,9013b0f60,fixes from review,2
14568,"BLD, DOC: fix gh-14518, add release note",e72653810,73494682a,fixes from review,2
14568,"BLD, DOC: fix gh-14518, add release note",e72653810,95dada6c5,ENH: Allow size=0 in numpy.random.choice,2
14568,"BLD, DOC: fix gh-14518, add release note",e72653810,82bc85de3,ENH: Remove NpyIter_Close,2
14568,"BLD, DOC: fix gh-14518, add release note",e72653810,74da42ba6,BUG: add missing NpyIter_Close in einsum,2
14568,"BLD, DOC: fix gh-14518, add release note",e72653810,93fd4a04f,DOC: document new functions,2
14568,"BLD, DOC: fix gh-14518, add release note",e72653810,d4b43bb14,"DOC: typos, small fixes",2
14568,"BLD, DOC: fix gh-14518, add release note",e72653810,d416eda11,"DOC: quiet warnings about ""document not in any toctree""",2
14568,"BLD, DOC: fix gh-14518, add release note",e72653810,40f17c11b,use `:orphan:` to quiet warnings when building documentation,2
14568,"BLD, DOC: fix gh-14518, add release note",e72653810,f1bc29bd7,DOC: Update master after NumPy 1.14.5 release.,2
14568,"BLD, DOC: fix gh-14518, add release note",e72653810,01a0971af,BUG: einsum needs to check overlap on an out argument,2
14568,"BLD, DOC: fix gh-14518, add release note",e72653810,b4e10f096,add test from issue,2
14568,"BLD, DOC: fix gh-14518, add release note",e72653810,53931bddf,"defer the NEP, summarize and link to discussion, fix template",2
14568,"BLD, DOC: fix gh-14518, add release note",e72653810,c0eafc1b4,DOC: add a NEP to split MaskedArray into a seperate package,2
14568,"BLD, DOC: fix gh-14518, add release note",e72653810,0646f01a2,fixes from review,2
14568,"BLD, DOC: fix gh-14518, add release note",e72653810,579095598,"NEP: add 'rst' to nep filename, fixup urls",2
14568,"BLD, DOC: fix gh-14518, add release note",e72653810,2f43a3e8f,DOC: add existing recfunctions documentation to output,2
14568,"BLD, DOC: fix gh-14518, add release note",e72653810,8439c1cbd,fix from review and comments,2
14568,"BLD, DOC: fix gh-14518, add release note",e72653810,9903d6261,TST: make build warning into an error in runtest.py,2
14568,"BLD, DOC: fix gh-14518, add release note",e72653810,ce5f7faa4,MAINT: Update artful to bionic for i386 testing,2
14568,"BLD, DOC: fix gh-14518, add release note",e72653810,d0e5e394d,TST: Test dimensions/indices found from parsed gufunc signatures.,2
14568,"BLD, DOC: fix gh-14518, add release note",e72653810,69a77fb79,DOC: Clarify C-API for generalized ufuncs.,2
14568,"BLD, DOC: fix gh-14518, add release note",e72653810,4291c9440,DOC: improve docs for PyUFunc_FromFuncAndData.,2
14568,"BLD, DOC: fix gh-14518, add release note",e72653810,2854a4294,setting version confuses circleci,2
14568,"BLD, DOC: fix gh-14518, add release note",e72653810,c4813a966,TST: skip ctypes memoryview issue on old python,2
14568,"BLD, DOC: fix gh-14518, add release note",e72653810,0793aa7ca,DOC: cleanup NEP creation,2
14568,"BLD, DOC: fix gh-14518, add release note",e72653810,a0464e883,TST: windows builds now properly support floating error states,2
14568,"BLD, DOC: fix gh-14518, add release note",e72653810,3fc441256,TST: turn some build warnings into errors,2
14568,"BLD, DOC: fix gh-14518, add release note",e72653810,8ec36c249,MAINT: reduce code duplication in ufunc_frompyfunc,2
14568,"BLD, DOC: fix gh-14518, add release note",e72653810,7a01f661c,DOC: add numpy.lib.format to docs and link to it,2
14568,"BLD, DOC: fix gh-14518, add release note",e72653810,c759466ac,"DOC: create label and ref, fixes broken link",2
14568,"BLD, DOC: fix gh-14518, add release note",e72653810,ede963126,ENH: remove nose from travis tests,2
14568,"BLD, DOC: fix gh-14518, add release note",e72653810,85282a5da,"DOC: link to updated module docstring, not NEP",2
14568,"BLD, DOC: fix gh-14518, add release note",e72653810,2f4e5fdb3,BUG: reduce using SSE only warns if inside SSE loop,2
14568,"BLD, DOC: fix gh-14518, add release note",e72653810,1e00cc531,DOC: expand reasoning behind npy_*floatstatus_barrer(),2
14568,"BLD, DOC: fix gh-14518, add release note",e72653810,7bbf2bca1,BUG: use absolute imports in test files,2
14568,"BLD, DOC: fix gh-14518, add release note",e72653810,73a49c5f8,BUG: reduce warnings from clang and initialize value before use,2
14568,"BLD, DOC: fix gh-14518, add release note",e72653810,25ccb6fef,BUILD: add latex to circleci doc build,2
14568,"BLD, DOC: fix gh-14518, add release note",e72653810,6989675f5,DOC: work around GH isaacs/github#316 to show SVG image,2
14568,"BLD, DOC: fix gh-14518, add release note",e72653810,3e5349655,"DOC: link to governance, convert external link to internal",2
14568,"BLD, DOC: fix gh-14518, add release note",e72653810,eda2b3ece,"DOC: add quantile, nanquantile to toc",2
14568,"BLD, DOC: fix gh-14518, add release note",e72653810,86608c288,"DOC: cleanup documentation, continuation of nditer PR #9998",2
14568,"BLD, DOC: fix gh-14518, add release note",e72653810,ac7d543f5,fixes from review,2
14568,"BLD, DOC: fix gh-14518, add release note",e72653810,64558ee46,emphasis accessing `it.operands` only on open iterator,2
14568,"BLD, DOC: fix gh-14518, add release note",e72653810,5a18a0ce6,"BUG: it.close() disallows access to iterator, fixes #10950",2
14568,"BLD, DOC: fix gh-14518, add release note",e72653810,d15c30fc8,fix from review,2
14568,"BLD, DOC: fix gh-14518, add release note",e72653810,05d94b9f5,"BUG: test, fix PyArray_DiscardWritebackIfCopy refcount issue and document",2
14568,"BLD, DOC: fix gh-14518, add release note",e72653810,fa9a74165,fixes from review,2
14568,"BLD, DOC: fix gh-14518, add release note",e72653810,c26d273c1,ENH: add nditer.close as per review,2
14568,"BLD, DOC: fix gh-14518, add release note",e72653810,894dcab37,"ENH: add NpyIter_Close, nditer__{enter,exit}__",2
14568,"BLD, DOC: fix gh-14518, add release note",e72653810,953fbda6c,fixes from review,2
14568,"BLD, DOC: fix gh-14518, add release note",e72653810,df8e83538,"DOC: clear up warnings, fix matplotlib plot",2
14568,"BLD, DOC: fix gh-14518, add release note",e72653810,29405fdcc,"TST: reactivate module docstring tests, fix float formatting",2
14568,"BLD, DOC: fix gh-14518, add release note",e72653810,c989bd430,"render the example in numpydoc, add ifconfig for host python major version",2
14568,"BLD, DOC: fix gh-14518, add release note",e72653810,1486f3756,document a few more missing glossary terms,2
14568,"BLD, DOC: fix gh-14518, add release note",e72653810,ccee0f3d1,update submodule numpydoc for changes due to this branch,2
14568,"BLD, DOC: fix gh-14518, add release note",e72653810,122bdc252,fix link (now checked) and clean up Acknowledgements,2
14568,"BLD, DOC: fix gh-14518, add release note",e72653810,f20b64b8c,fix link,2
14568,"BLD, DOC: fix gh-14518, add release note",e72653810,069c89daf,fix typos from review,2
14568,"BLD, DOC: fix gh-14518, add release note",e72653810,20f58fae2,add stub document for outside projects that link to it,2
14568,"BLD, DOC: fix gh-14518, add release note",e72653810,0e789b627,"remove duplicated text from numpydoc/formatting, include it instead",2
14568,"BLD, DOC: fix gh-14518, add release note",e72653810,4a42092fb,fix failing test,2
14568,"BLD, DOC: fix gh-14518, add release note",e72653810,65844be3d,update copyright year,2
14568,"BLD, DOC: fix gh-14518, add release note",e72653810,cb24dd01a,add missing glossary entries and link in missing document,2
14568,"BLD, DOC: fix gh-14518, add release note",e72653810,1eef2af85,formatting fixes,2
14568,"BLD, DOC: fix gh-14518, add release note",e72653810,0a8ba953c,update kwargs where needed,2
14568,"BLD, DOC: fix gh-14518, add release note",e72653810,db93ce930,fix from review,2
14568,"BLD, DOC: fix gh-14518, add release note",e72653810,171eeafa2,"BUG: fix savetxt, loadtxt for '+-' in complex",2
14568,"BLD, DOC: fix gh-14518, add release note",e72653810,bc875f568,maybe controversial - scipy.special required by mtrand.pyx docstrings,2
14568,"BLD, DOC: fix gh-14518, add release note",e72653810,c4996684e,"silence warnings, matplotlib deprecated normed in favor of density",2
14568,"BLD, DOC: fix gh-14518, add release note",e72653810,a75e76dac,"DOC: cosmetic changes, document need for python3.6 to build docs",2
14568,"BLD, DOC: fix gh-14518, add release note",e72653810,b00cdbc3e,"DOC: promote development_workflow, make howtos visible",2
14568,"BLD, DOC: fix gh-14518, add release note",e72653810,953e78f56,BUG: fix link to NEP docs,2
14568,"BLD, DOC: fix gh-14518, add release note",e72653810,cba38fac3,"BUG: test, fix for missing flags['WRITEBACKIFCOPY'] key",2
14568,"BLD, DOC: fix gh-14518, add release note",e72653810,5f0bd24d1,BUG: fix duplicate message print,2
14568,"BLD, DOC: fix gh-14518, add release note",e72653810,1649929d2,make example backward compatable,2
14568,"BLD, DOC: fix gh-14518, add release note",e72653810,ae0858421,make example backward compatable,2
14568,"BLD, DOC: fix gh-14518, add release note",e72653810,5b636c4e2,return values,2
14568,"BLD, DOC: fix gh-14518, add release note",e72653810,1ab78a554,document new API function,2
14568,"BLD, DOC: fix gh-14518, add release note",e72653810,92fadf484,tweak docs to reflect exactly when DeprecationWarnings will be displayed,2
14568,"BLD, DOC: fix gh-14518, add release note",e72653810,63b884e37,tweak from review,2
14568,"BLD, DOC: fix gh-14518, add release note",e72653810,4224ca180,"test, fix problems from PR #9998",2
14568,"BLD, DOC: fix gh-14518, add release note",e72653810,88f78abbb,DOC: reword PyArray_DiscardWritebackIfCopy description,2
14568,"BLD, DOC: fix gh-14518, add release note",e72653810,6e615d620,BUG: test was not using 'mode',2
14568,"BLD, DOC: fix gh-14518, add release note",e72653810,446a78e03,"BUG: test, fix issue #9620 __radd__ in char scalars",2
14568,"BLD, DOC: fix gh-14518, add release note",e72653810,f831bec2e,"BUG: Check for exception in sort functions, add tests",2
14568,"BLD, DOC: fix gh-14518, add release note",e72653810,77678b3bf,BUG: pull request 9087 modifies a tuple after use,2
14568,"BLD, DOC: fix gh-14518, add release note",e72653810,dc1d1d5a8,"TEST: test longdouble, clongdouble __int__() and int(), relate to warnings",2
14568,"BLD, DOC: fix gh-14518, add release note",e72653810,743b549eb,COMPAT: notify garbage collector when memory is allocated,2
14568,"BLD, DOC: fix gh-14518, add release note",e72653810,388487206,"BUG: do not memcpy ptr to freed object, use static obj instead",2
14568,"BLD, DOC: fix gh-14518, add release note",e72653810,7621eba2e,ENH: specialize name of dev package by interpreter,2
14568,"BLD, DOC: fix gh-14518, add release note",e72653810,4433421ad,BUG: cannot assign to tuple after use,2
14568,"BLD, DOC: fix gh-14518, add release note",e72653810,76eff9ca4,ENH: skip or avoid gc/objectmodel differences btwn pypy and cpython,2
14568,"BLD, DOC: fix gh-14518, add release note",e72653810,ab4f82840,"ENH: Support for python runtime with no Makefile, like PyPy",2
14568,"BLD, DOC: fix gh-14518, add release note",e72653810,52e09e86c,"ENH: set reasonable defaults for slots before PyType_Ready is called, enables overriding them later",2
14568,"BLD, DOC: fix gh-14518, add release note",e72653810,42b3902ca,MAINT: add ifdef around PyDictProxy_Check macro,2
14568,"BLD, DOC: fix gh-14518, add release note",e72653810,dbccef858,"MAINT: unify tup processing, move tup use to after all PyTuple_SetItem calls",2
14568,"BLD, DOC: fix gh-14518, add release note",e72653810,918ac7952,expose test runner raise_warnings option,2
14568,"BLD, DOC: fix gh-14518, add release note",e1db72c2c,4fc0784c3,BLD: upgrade to OpenBLAS0.3.10,2
14568,"BLD, DOC: fix gh-14518, add release note",e1db72c2c,22ac0da7f,BLD: use OpenBLAS 0.3.10,2
14568,"BLD, DOC: fix gh-14518, add release note",e1db72c2c,cd2f9f402,"BLD: drop win32 3.7, 3.6 builds",2
14568,"BLD, DOC: fix gh-14518, add release note",e1db72c2c,56d93efee,DOC: add deprecation directive,2
14568,"BLD, DOC: fix gh-14518, add release note",e1db72c2c,a8ec8a95e,BUG: fix PATH from review,2
14568,"BLD, DOC: fix gh-14518, add release note",e1db72c2c,d8054f5d6,BLD: install mingw32 v7.3.0 for win32,2
14568,"BLD, DOC: fix gh-14518, add release note",e1db72c2c,d85fe8788,"DOC: add comment about Acclerate, from review",2
14568,"BLD, DOC: fix gh-14518, add release note",e1db72c2c,40676a620,BUG: fix comment in RST,2
14568,"BLD, DOC: fix gh-14518, add release note",e1db72c2c,ae59835cf,"DOC,ENH: extend error message when Accelerate is detected",2
14568,"BLD, DOC: fix gh-14518, add release note",e1db72c2c,586bc6002,ENH: run tests for __init__.pxd,2
14568,"BLD, DOC: fix gh-14518, add release note",e1db72c2c,83b0c87d6,ENH: add manylinux1 openblas hashes,2
14568,"BLD, DOC: fix gh-14518, add release note",e1db72c2c,2c0640045,BUG: fix signature of PyArray_SearchSorted in __init__.pxd,2
14568,"BLD, DOC: fix gh-14518, add release note",e1db72c2c,5743bd2dd,BUG: fixes from review,2
14568,"BLD, DOC: fix gh-14518, add release note",e1db72c2c,5210048e9,ENH: add win32 hash,2
14568,"BLD, DOC: fix gh-14518, add release note",e1db72c2c,c9422ffb5,ENH: backport scipy changes to openblas download script,2
14568,"BLD, DOC: fix gh-14518, add release note",e1db72c2c,6303c86cc,BUG: skip complex256 arcsinh precision test on glibc2.17,2
14568,"BLD, DOC: fix gh-14518, add release note",e1db72c2c,e00d94b70,restore improperly removed API function,2
14568,"BLD, DOC: fix gh-14518, add release note",e1db72c2c,3edf09c98,ENH: more carefully review 'nogil',2
14568,"BLD, DOC: fix gh-14518, add release note",e1db72c2c,aab329ce1,BUG: use default,2
14568,"BLD, DOC: fix gh-14518, add release note",e1db72c2c,45cff3cc9,ENH: allow choosing which manylinux artifact to download,2
14568,"BLD, DOC: fix gh-14518, add release note",e1db72c2c,d3e63db48,ENH: resync numpy/__init__.pxd with upstream,2
14568,"BLD, DOC: fix gh-14518, add release note",e1db72c2c,bdbcb8568,TST: add tag to __init__.pxd and test that the tag is found,2
14568,"BLD, DOC: fix gh-14518, add release note",e1db72c2c,fc6cd3846,BUG: add missing numpy/__init__.pxd to the wheel,2
14568,"BLD, DOC: fix gh-14518, add release note",e1db72c2c,d9a2ba3bb,TST: use latest released PyPy instead of nightly builds,2
14568,"BLD, DOC: fix gh-14518, add release note",e1db72c2c,f0f357cb0,"BLD: change link, add sha256 check",2
14568,"BLD, DOC: fix gh-14518, add release note",e1db72c2c,f99800fb3,BLD: fix path to libgfortran on macOS,2
14568,"BLD, DOC: fix gh-14518, add release note",e1db72c2c,e2db0a809,DOC: tweak neps/scope.rst,2
14568,"BLD, DOC: fix gh-14518, add release note",e1db72c2c,c0d8fe1f6,BUG: missing 'f' prefix for fstring,2
14568,"BLD, DOC: fix gh-14518, add release note",e1db72c2c,42281e952,ENH: update default MACOSX_DEPLOYMENT_TARGET to 10.9 (from review),2
14568,"BLD, DOC: fix gh-14518, add release note",e1db72c2c,303c70466,ENH: use sysconfig instead of probing Makefile,2
14568,"BLD, DOC: fix gh-14518, add release note",e1db72c2c,68ac1a41e,BLD: use xcode10 for one CI run,2
14568,"BLD, DOC: fix gh-14518, add release note",e1db72c2c,588d08748,BLD: report clang version on macOS,2
14568,"BLD, DOC: fix gh-14518, add release note",e1db72c2c,a126709e3,TST: use draft OpenBLAS build,2
14568,"BLD, DOC: fix gh-14518, add release note",e1db72c2c,3c1f89d91,BUG: fix logic error when nm fails on 32-bit,2
14568,"BLD, DOC: fix gh-14518, add release note",e1db72c2c,336fd8bbe,TST: always use 'python -mpip' not 'pip',2
14568,"BLD, DOC: fix gh-14518, add release note",e1db72c2c,6dc191c2c,BUG: fix doctest exception messages,2
14568,"BLD, DOC: fix gh-14518, add release note",e1db72c2c,9f66b9013,DOC: reorder for a better flow,2
14568,"BLD, DOC: fix gh-14518, add release note",e1db72c2c,eeb9e5061,BLD: consolidate openblas verison check to be self-contained,2
14568,"BLD, DOC: fix gh-14518, add release note",e1db72c2c,eb8a54031,BLD: update OpenBLAS to pre-0.3.9 version,2
14568,"BLD, DOC: fix gh-14518, add release note",e1db72c2c,f1863c599,"BLD: update openblas download to new location, use manylinux2010-base",2
14568,"BLD, DOC: fix gh-14518, add release note",e1db72c2c,10bba3c9e,TST: mask DeprecationWarning in xfailed tests,2
14568,"BLD, DOC: fix gh-14518, add release note",e1db72c2c,fc743a79d,DOC: remove broken link in f2py tutorial,2
14568,"BLD, DOC: fix gh-14518, add release note",e1db72c2c,3f3680d09,BLD: add libfortran needed when using manylinux1 openblas on manylinux2010,2
14568,"BLD, DOC: fix gh-14518, add release note",e1db72c2c,58b35f122,MAINT: typo in name from review,2
14568,"BLD, DOC: fix gh-14518, add release note",e1db72c2c,55f7a49e9,TST: use multilinux2010 docker instead of ubuntu,2
14568,"BLD, DOC: fix gh-14518, add release note",e1db72c2c,49265d163,BLD: manylinux2010 docker reports machine=i686,2
14568,"BLD, DOC: fix gh-14518, add release note",e1db72c2c,ca1b13224,DOC: Document caveat in random.uniform,2
14568,"BLD, DOC: fix gh-14518, add release note",e1db72c2c,5798ce765,"BUG, DOC: restore missing import",2
14568,"BLD, DOC: fix gh-14518, add release note",e1db72c2c,64f7074d2,DOC: add a release note,2
14568,"BLD, DOC: fix gh-14518, add release note",e1db72c2c,db9cc9093,TST: mark the top 3 slowest tests to save ~10 seconds,2
14568,"BLD, DOC: fix gh-14518, add release note",e1db72c2c,6472a7d4e,DOC: fix from review,2
14568,"BLD, DOC: fix gh-14518, add release note",e1db72c2c,ebe7a77d5,DOC: changes from review,2
14568,"BLD, DOC: fix gh-14518, add release note",e1db72c2c,ca85d7183,"DOC, BLD: sphinx 2.2.0 -> 2.3.1 to get rid of deprecation warning",2
14568,"BLD, DOC: fix gh-14518, add release note",e1db72c2c,3404a2c08,DOC: reword release note to unbreak sphinx rendering,2
14568,"BLD, DOC: fix gh-14518, add release note",e1db72c2c,7471b5610,DOC: link and cleanup docstrings in site.cfg.example,2
14568,"BLD, DOC: fix gh-14518, add release note",e1db72c2c,1edb44669,BLD: use 0.3.8dev build of OpenBLAS,2
14568,"BLD, DOC: fix gh-14518, add release note",e1db72c2c,18ab0d378,MAINT: try to avoid spurious warnings in einsum,2
14568,"BLD, DOC: fix gh-14518, add release note",e1db72c2c,879d0e43a,"BLD: use 0.3.7 release version, add dependency on libgfortran5",2
14568,"BLD, DOC: fix gh-14518, add release note",e1db72c2c,21bc6b6e6,"BUILD: use standard build of OpenBLAS for aarch64, ppc64le",2
14568,"BLD, DOC: fix gh-14518, add release note",e1db72c2c,f38504c5b,"MAINT: remove undocumented use of context in __array__(dtype, context)",2
14568,"BLD, DOC: fix gh-14518, add release note",e1db72c2c,16e9d42c1,TST: move _no_tracing to testing._private,2
14568,"BLD, DOC: fix gh-14518, add release note",e1db72c2c,99b4814cb,TST: move pypy CI to ubuntu 18.04,2
14568,"BLD, DOC: fix gh-14518, add release note",e1db72c2c,837f9f548,NEP: document reimplementation,2
14568,"BLD, DOC: fix gh-14518, add release note",e1db72c2c,c2f930017,"MAINT: --std=c99 works, but -std=c99 is better",2
14568,"BLD, DOC: fix gh-14518, add release note",e1db72c2c,18af8e007,"MAINT: add --std=c99 in setup.py, not distutils",2
14568,"BLD, DOC: fix gh-14518, add release note",e1db72c2c,5d1a742d9,DOC: typo in release.rst,2
14568,"BLD, DOC: fix gh-14518, add release note",e1db72c2c,8a748a939,MAINT: refactor function out of test module,2
14568,"BLD, DOC: fix gh-14518, add release note",e1db72c2c,867eb78d2,MAINT: remove dead code from review,2
14568,"BLD, DOC: fix gh-14518, add release note",e1db72c2c,af6e61668,MAINT: unskip test on win32,2
14568,"BLD, DOC: fix gh-14518, add release note",e1db72c2c,ed393b8c5,DOC: add PR for note,2
14568,"BLD, DOC: fix gh-14518, add release note",e1db72c2c,246b72b1c,DOC: add moved modules to 1.18 release note,2
14568,"BLD, DOC: fix gh-14518, add release note",e1db72c2c,28848d79f,BLD: fix signed-unsigned comparison warning,2
14568,"BLD, DOC: fix gh-14518, add release note",e1db72c2c,7914ad176,TST: add value to pytest.ini for pytest6 compatibility,2
14568,"BLD, DOC: fix gh-14518, add release note",e1db72c2c,8b607e0e4,DOC: change to link (from review),2
14568,"BLD, DOC: fix gh-14518, add release note",e1db72c2c,47fbdc1f8,"API, DOC: change names to multivariate_hypergeometric, improve docs",2
14568,"BLD, DOC: fix gh-14518, add release note",e1db72c2c,f6ab00eb6,MAINT: fixes from review,2
14568,"BLD, DOC: fix gh-14518, add release note",e1db72c2c,60608572d,DOC: fix outstanding typo in NumPy version,2
14568,"BLD, DOC: fix gh-14518, add release note",e1db72c2c,522e6241c,"BUG: add endfunction, endsubroutine to valid fortran end words",2
14568,"BLD, DOC: fix gh-14518, add release note",e1db72c2c,b2f270046,DOC: fixes from review,2
14568,"BLD, DOC: fix gh-14518, add release note",e1db72c2c,2b791a590,"API: revert changes to standard_t, cauchy",2
14568,"BLD, DOC: fix gh-14518, add release note",e1db72c2c,aeaee5e0a,DOC: sphinx does not like breaking function declarations over lines,2
14568,"BLD, DOC: fix gh-14518, add release note",e1db72c2c,a2acfa6f2,"API: rename functions in distributions.c,h",2
14568,"BLD, DOC: fix gh-14518, add release note",e1db72c2c,bcd950f0a,"DOC, TST: refactor CFFI test, add file names to documentation",2
14568,"BLD, DOC: fix gh-14518, add release note",e1db72c2c,9b4d0ac95,MAINT: changes from review,2
14568,"BLD, DOC: fix gh-14518, add release note",e1db72c2c,25df5f1cb,MAINT: add test to test_deprecations,2
14568,"BLD, DOC: fix gh-14518, add release note",e1db72c2c,16e805948,DOC: improve the C-API/Cython documentation for random,2
14568,"BLD, DOC: fix gh-14518, add release note",e1db72c2c,d4167c25d,MAINT: fixes from review,2
14568,"BLD, DOC: fix gh-14518, add release note",e1db72c2c,fb3e779ef,DOC: fix docstring of np.linalg.norm,2
14568,"BLD, DOC: fix gh-14518, add release note",e1db72c2c,fc99245b0,DOC: add release note,2
14568,"BLD, DOC: fix gh-14518, add release note",e1db72c2c,a111f1999,TST: skip if cython is not available,2
14568,"BLD, DOC: fix gh-14518, add release note",e1db72c2c,e0519fe66,DOC: document the CFFI example,2
14568,"BLD, DOC: fix gh-14518, add release note",e1db72c2c,dff3c1f90,MAINT: remove deprecation warnings,2
14568,"BLD, DOC: fix gh-14518, add release note",e1db72c2c,0a5e42873,DOC: update note from review,2
14568,"BLD, DOC: fix gh-14518, add release note",e1db72c2c,a413620ed,DOC: fixes from review,2
14568,"BLD, DOC: fix gh-14518, add release note",e1db72c2c,5a52be5d1,"MAINT: ""See also"" -> ""See Also""",2
14568,"BLD, DOC: fix gh-14518, add release note",e1db72c2c,c63f8119a,"DOC, API: add numpy.random.__index__.pxd and document numpy.random.* funcs",2
14568,"BLD, DOC: fix gh-14518, add release note",e1db72c2c,e4f2e1144,"TST: skip cffi tests when PYTHONOPTIMIZE>1, pycparser fails",2
14568,"BLD, DOC: fix gh-14518, add release note",e1db72c2c,866b34025,"API, MAINT: export symbols on MSVC, fix typos",2
14568,"BLD, DOC: fix gh-14518, add release note",e1db72c2c,29b9d3bc0,TST. API: test using distributions.h via cffi,2
14568,"BLD, DOC: fix gh-14518, add release note",e1db72c2c,f3fde3c4d,"DOC, MAINT: fix documentation, remove __init__.py",2
14568,"BLD, DOC: fix gh-14518, add release note",e1db72c2c,521ea2255,MAINT: move numpy/random/examples -> numpy/random/_examples,2
14568,"BLD, DOC: fix gh-14518, add release note",e1db72c2c,e05782302,MAINT: fixes from review,2
14568,"BLD, DOC: fix gh-14518, add release note",e1db72c2c,f48d2c94f,"TST: with no_tracing, coverage tests pass on python3.7",2
14568,"BLD, DOC: fix gh-14518, add release note",e1db72c2c,c5b4ced11,TST: turn off tracing for np.resize tests,2
14568,"BLD, DOC: fix gh-14518, add release note",e1db72c2c,3b8cf7cd6,MAINT: fixes from review,2
14568,"BLD, DOC: fix gh-14518, add release note",e1db72c2c,2dae0a549,NEP: move nep 34 to accepted,2
14568,"BLD, DOC: fix gh-14518, add release note",e1db72c2c,4708211dc,BUILD: remove SSE2 flag from numpy.random builds,2
14568,"BLD, DOC: fix gh-14518, add release note",e1db72c2c,576fc474c,MAINT: fixes from review,2
14568,"BLD, DOC: fix gh-14518, add release note",e1db72c2c,e6a9c112b,"MAINT: revert gh-14800, which gave precedence to OO->O over OO->?",2
14568,"BLD, DOC: fix gh-14518, add release note",e1db72c2c,596d5e613,BLD: add 'apt update' to shippable,2
14568,"BLD, DOC: fix gh-14518, add release note",e1db72c2c,bf6f134ab,MAINT: move buffer.h -> npy_buffer.h to avoid conflicts,2
14568,"BLD, DOC: fix gh-14518, add release note",e1db72c2c,d1067cb1c,MAINT: split lines (from review),2
14568,"BLD, DOC: fix gh-14518, add release note",e1db72c2c,537bca899,BUILD: ignore more build.log warnings,2
14568,"BLD, DOC: fix gh-14518, add release note",e1db72c2c,ca5ae6426,DOC: update link to published link,2
14568,"BLD, DOC: fix gh-14518, add release note",e1db72c2c,96ec81b47,"MAINT: pep8, remove checks of *.py files from --rst check",2
14568,"BLD, DOC: fix gh-14518, add release note",e1db72c2c,620934a18,MAINT: fixes from review,2
14568,"BLD, DOC: fix gh-14518, add release note",e1db72c2c,58282d172,DOC: add vertical space in towncrier template,2
14568,"BLD, DOC: fix gh-14518, add release note",e1db72c2c,7bc36c2c3,TST: fix failing test,2
14568,"BLD, DOC: fix gh-14518, add release note",e1db72c2c,e6168f1eb,DOC: add release note,2
14568,"BLD, DOC: fix gh-14518, add release note",e1db72c2c,fa2aa53b8,"MAINT: revert change to assert_array_equal, adjust tests",2
14568,"BLD, DOC: fix gh-14518, add release note",e1db72c2c,61bd4c2ed,DEP: issue deprecation warning when creating ragged array (NEP 34),2
14568,"BLD, DOC: fix gh-14518, add release note",e1db72c2c,9aa8c4756,DOC: add release note,2
14568,"BLD, DOC: fix gh-14518, add release note",e1db72c2c,5c778954c,"ENH: add OO->? loops, use np.compare(a, b, dtype=bool), add comments",2
14568,"BLD, DOC: fix gh-14518, add release note",e1db72c2c,647ea1908,"WIP, DEP, ENH: finish richcompare changes from 1.10",2
14568,"BLD, DOC: fix gh-14518, add release note",e1db72c2c,f8bf0cab7,NEP: clarify np.ndarray behaviour,2
14568,"BLD, DOC: fix gh-14518, add release note",e1db72c2c,8305449a1,NEP: changes from review,2
14568,"BLD, DOC: fix gh-14518, add release note",e1db72c2c,d1a7be4be,NEP: move 'NEP 29 random' from Accepted to Final,2
14568,"BLD, DOC: fix gh-14518, add release note",e1db72c2c,7d31c1336,NEP: update from comments and PR 14794,2
14568,"BLD, DOC: fix gh-14518, add release note",e1db72c2c,955b2906c,MAINT: fixes from review,2
14568,"BLD, DOC: fix gh-14518, add release note",e1db72c2c,3cf96c801,BUILD: cache c-compiler for system_info stage,2
14568,"BLD, DOC: fix gh-14518, add release note",e1db72c2c,4c2b4d8fb,"BUILD, DOC: remove the std=c99 flag from docs, builds, add release note",2
14568,"BLD, DOC: fix gh-14518, add release note",e1db72c2c,c47061de6,BUILD: try a newer macOS image,2
14568,"BLD, DOC: fix gh-14518, add release note",e1db72c2c,3356d994f,"BUILD: add std=c99 flag for gcc, cleanup error reporting",2
14568,"BLD, DOC: fix gh-14518, add release note",e1db72c2c,396af7def,BUILD: emit more helpful error messages when compiler is broken,2
14568,"BLD, DOC: fix gh-14518, add release note",e1db72c2c,a2a131fb9,"TST, BUILD: add a gcc 4.8 run on ubuntu 18.04",2
14568,"BLD, DOC: fix gh-14518, add release note",e1db72c2c,49c37d9c8,DOC: fixes from review,2
14568,"BLD, DOC: fix gh-14518, add release note",e1db72c2c,ea4e17d73,NEP: explicitly define ragged array,2
14568,"BLD, DOC: fix gh-14518, add release note",e1db72c2c,d6a76ae9c,DOC: changes from review,2
14568,"BLD, DOC: fix gh-14518, add release note",e1db72c2c,3973d2635,DOC: changes from review,2
14568,"BLD, DOC: fix gh-14518, add release note",e1db72c2c,d0be6b656,"NEP: put off discussion of , fixes from review",2
14568,"BLD, DOC: fix gh-14518, add release note",e1db72c2c,5af0ca9c3,TST: changes from review,2
14568,"BLD, DOC: fix gh-14518, add release note",e1db72c2c,0b474e3ee,TST: run refguide-check on rst files in doc/*,2
14568,"BLD, DOC: fix gh-14518, add release note",e1db72c2c,1531642c4,DOC: fix from review,2
14568,"BLD, DOC: fix gh-14518, add release note",e1db72c2c,09708c976,"TEST, DOC: fixes from review",2
14568,"BLD, DOC: fix gh-14518, add release note",e1db72c2c,efaaa9676,DOC: convert `None` to bare None or ``None``,2
14568,"BLD, DOC: fix gh-14518, add release note",e1db72c2c,2300ae084,DOC: fix build failure,2
14568,"BLD, DOC: fix gh-14518, add release note",e1db72c2c,cf2f4e078,DOC: add numpy.shape to index,2
14568,"BLD, DOC: fix gh-14518, add release note",e1db72c2c,08b5907b6,DOC: no `data_as` reference is available,2
14568,"BLD, DOC: fix gh-14518, add release note",e1db72c2c,63f1dab8d,DOC: fix function argument definitions and add vertical space around macros,2
14568,"BLD, DOC: fix gh-14518, add release note",e1db72c2c,4bc65bfc3,DOC: fix output argument reference,2
14568,"BLD, DOC: fix gh-14518, add release note",e1db72c2c,84a5dc190,DOC: add numpy prefix,2
14568,"BLD, DOC: fix gh-14518, add release note",e1db72c2c,bf67c975e,DOC: fix `None` reference from python,2
14568,"BLD, DOC: fix gh-14518, add release note",e1db72c2c,fbf89d812,DOC: typos from review,2
14568,"BLD, DOC: fix gh-14518, add release note",e1db72c2c,e6e0ac113,"NEP: fixes from review, add ragged_array_object function",2
14568,"BLD, DOC: fix gh-14518, add release note",e1db72c2c,185efe1bb,"DOC: clean up for moved references, remove ISeedSequence",2
14568,"BLD, DOC: fix gh-14518, add release note",e1db72c2c,260bf6764,API: move bit_generator and generator to be private,2
14568,"BLD, DOC: fix gh-14518, add release note",e1db72c2c,aeac7d56e,API: remove unused functions from distributions.h,2
14568,"BLD, DOC: fix gh-14518, add release note",e1db72c2c,fbda48495,"API: refactor function names in distribution.{h,c}, refactor float_fill",2
14568,"BLD, DOC: fix gh-14518, add release note",e1db72c2c,7e597f54d,API: make BitGenerators private,2
14568,"BLD, DOC: fix gh-14518, add release note",e1db72c2c,6fd7ec969,"API: rename common, bounded_integers -> _common, _bounded_integers; cleanup",2
14568,"BLD, DOC: fix gh-14518, add release note",e1db72c2c,e527e71f1,API: rearrange the cython files in numpy.random,2
14568,"BLD, DOC: fix gh-14518, add release note",e1db72c2c,6dc23b070,NEP: add default-dtype-object-deprecation nep,2
14568,"BLD, DOC: fix gh-14518, add release note",e1db72c2c,9fc355b54,"BUILD: change to build_src --verbose-cfg, runtests.py --debug-info",2
14568,"BLD, DOC: fix gh-14518, add release note",e1db72c2c,6108b5d1e,BUG: properly define PyArray_DescrCheck,2
14568,"BLD, DOC: fix gh-14518, add release note",e1db72c2c,65e91e4d7,DEP: remove expired deprecation in select,2
14568,"BLD, DOC: fix gh-14518, add release note",e1db72c2c,aa0f7f7a1,"BUILD, DOC: fix 14518, add release note",2
14568,"BLD, DOC: fix gh-14518, add release note",e1db72c2c,928c759a8,BUG: importing build_src breaks setuptools monkeypatch for msvc14,2
14568,"BLD, DOC: fix gh-14518, add release note",e1db72c2c,05bed28f9,BUILD: add warn-error option to turn compiler warnings into errors (-Werror),2
14568,"BLD, DOC: fix gh-14518, add release note",e1db72c2c,492fdab94,DOC: improve help string,2
14568,"BLD, DOC: fix gh-14518, add release note",e1db72c2c,2e4af96e9,"DOC, BUILD: make build_src more discoverable",2
14568,"BLD, DOC: fix gh-14518, add release note",e1db72c2c,cdf67fa06,"MAINT: move the option to build_src, simplifies logic",2
14568,"BLD, DOC: fix gh-14518, add release note",e1db72c2c,55df75a94,BUG: fixes from review,2
14568,"BLD, DOC: fix gh-14518, add release note",e1db72c2c,a68c5b8a8,BUILD: mostly restore verbose output on CI (except for pip install),2
14568,"BLD, DOC: fix gh-14518, add release note",e1db72c2c,f54877465,"BUILD: fix runtests.py option, fix previous changeset",2
14568,"BLD, DOC: fix gh-14518, add release note",e1db72c2c,4729f3f3f,BUILD: only report these headers with --debug-configure,2
14568,"BLD, DOC: fix gh-14518, add release note",e1db72c2c,985234060,"BUILD: add --debug-configure option to reduce output, use logger more",2
14568,"BLD, DOC: fix gh-14518, add release note",e1db72c2c,976fff7d1,"DOC,BUG: remove section header, add redundant text to leave a blank line",2
14568,"BLD, DOC: fix gh-14518, add release note",e1db72c2c,274d17c08,BUG: change non-compliant file name,2
14568,"BLD, DOC: fix gh-14518, add release note",e1db72c2c,b5b9f2c4f,"BUILD, MAINT: run tests with verbose for PyPY, also do not leak resource",2
14568,"BLD, DOC: fix gh-14518, add release note",e1db72c2c,dedc4178f,"DOC, BUILD: use sphinx 2.2.0, add autosummary/base.rst for properties",2
14568,"BLD, DOC: fix gh-14518, add release note",e1db72c2c,62e384a73,DOC: remove random.entropy from docs,2
14568,"BLD, DOC: fix gh-14518, add release note",e1db72c2c,470e3b1c9,DOC: removed random.entropy from documentation,2
14568,"BLD, DOC: fix gh-14518, add release note",e1db72c2c,2ec51d9d1,DOC: add release note,2
14568,"BLD, DOC: fix gh-14518, add release note",e1db72c2c,60feac0e7,MAINT: remove the entropy c-extension module,2
14568,"BLD, DOC: fix gh-14518, add release note",e1db72c2c,7ff2f96b7,BUG: fix compiler warnings,2
14568,"BLD, DOC: fix gh-14518, add release note",e1db72c2c,4ee28be80,"MAINT: use tmp pointers to allow early break; add tests, release note",2
14568,"BLD, DOC: fix gh-14518, add release note",e1db72c2c,2903d86b9,BUG: add a specialized loop for boolean matmul,2
14568,"BLD, DOC: fix gh-14518, add release note",e1db72c2c,037a613fb,"MAINT: use test_requirements.txt in tox and shippable, ship it too",2
14568,"BLD, DOC: fix gh-14518, add release note",e1db72c2c,2b250b0d6,"ENH: supply our version of numpy.pxd, adjust as needed",2
14568,"BLD, DOC: fix gh-14518, add release note",e1db72c2c,34889b221,TEST: remove build job since we now use Dependabot,2
14568,"BLD, DOC: fix gh-14518, add release note",e1db72c2c,21275c601,"MAINT: update dependencies, add nose",2
14568,"BLD, DOC: fix gh-14518, add release note",e1db72c2c,fa0337900,"BUG: skip new test on windows, 32-bit",2
14568,"BLD, DOC: fix gh-14518, add release note",e1db72c2c,3860b77e4,DOC: document numpy/doc update process,2
14568,"BLD, DOC: fix gh-14518, add release note",e1db72c2c,2accb7cd3,"BUG: test, fix regression in converting to ctypes",2
14568,"BLD, DOC: fix gh-14518, add release note",e1db72c2c,e5f4c29b1,TEST: try to fail the build if there are new packages,2
14568,"BLD, DOC: fix gh-14518, add release note",e1db72c2c,bfe255f6b,BUILD: move all test dependencies to ./test_requirements.txt,2
14568,"BLD, DOC: fix gh-14518, add release note",e1db72c2c,9f3e2cbc4,BUG: remove file unintentionally preserved,2
14568,"BLD, DOC: fix gh-14518, add release note",e1db72c2c,19a1dafc2,move 1.17.1 release note to new layout in this PR,2
14568,"BLD, DOC: fix gh-14518, add release note",e1db72c2c,1af52dfdf,"DOC: add toc to top-level release.rst, remove old document",2
14568,"BLD, DOC: fix gh-14518, add release note",e1db72c2c,bc74b3185,BUG: revert detecting and raising error on ragged arrays,2
14568,"BLD, DOC: fix gh-14518, add release note",e1db72c2c,b17656362,DOC: remove scipy.org from the breadcrumb formattiong,2
14568,"BLD, DOC: fix gh-14518, add release note",e1db72c2c,0e26a5221,DOC: add header to documentation pages,2
14568,"BLD, DOC: fix gh-14518, add release note",e1db72c2c,f88a87ab2,DOC: add backlinks to numpy.org,2
14568,"BLD, DOC: fix gh-14518, add release note",e1db72c2c,35c89902b,"BUILD, DOC: add merge-doc target to update the numpy/doc repo",2
14568,"BLD, DOC: fix gh-14518, add release note",e1db72c2c,3bfdd314c,DOC: update or remove outdated sourceforge links,2
14568,"BLD, DOC: fix gh-14518, add release note",e1db72c2c,f6cf3c7a7,ENH: use towncrier to build the release note,2
14568,"BLD, DOC: fix gh-14518, add release note",e1db72c2c,0b8f985b9,"DOC, BUILD: cleanups and fix (again) 'build dist'",2
14568,"BLD, DOC: fix gh-14518, add release note",e1db72c2c,8b2665552,ENH: add pyproject.toml,2
14568,"BLD, DOC: fix gh-14518, add release note",e1db72c2c,f96676467,DOC: show workaround for backward compatibility,2
14568,"BLD, DOC: fix gh-14518, add release note",e1db72c2c,af5b52b75,"BUILD: adapt ""make version-check"" to ""make dist""",2
14568,"BLD, DOC: fix gh-14518, add release note",e1db72c2c,9e620274a,"DOC: emphasize need for matching numpy, git versions",2
14568,"BLD, DOC: fix gh-14518, add release note",e1db72c2c,b8c885d09,DOC: add space between words across lines,2
14568,"BLD, DOC: fix gh-14518, add release note",e1db72c2c,45c4a8dc0,DOC: point out the shortcomings of add_newdocs,2
14568,"BLD, DOC: fix gh-14518, add release note",e1db72c2c,3c2e2703f,"ENH, BUILD: refactor all OpenBLAS downloads into a single, testable file",2
14568,"BLD, DOC: fix gh-14518, add release note",e1db72c2c,d8e145743,DOC: emphasize random API changes,2
14568,"BLD, DOC: fix gh-14518, add release note",e1db72c2c,6fdf488e9,ENH: improve error message for ragged-array creation failure,2
14568,"BLD, DOC: fix gh-14518, add release note",e1db72c2c,14c333972,MAINT: move location of bitgen.h,2
14568,"BLD, DOC: fix gh-14518, add release note",e1db72c2c,73ae703f1,DOC: fix reference links,2
14568,"BLD, DOC: fix gh-14518, add release note",e1db72c2c,5c5965c1e,DOC: fixup docs for current set of BitGenerators,2
14568,"BLD, DOC: fix gh-14518, add release note",e1db72c2c,0897a68a1,BUG: fix PCG64 ng->inc.high initialization,2
14568,"BLD, DOC: fix gh-14518, add release note",e1db72c2c,c69f90c39,"MAINT: remove leftover files, fix docs",2
14568,"BLD, DOC: fix gh-14518, add release note",e1db72c2c,efa35e738,ENH: use SeedSequence to generate entropy for seeding,2
14568,"BLD, DOC: fix gh-14518, add release note",e1db72c2c,02f63e0f3,MAINT: remove xoshiro* BitGenerators,2
14568,"BLD, DOC: fix gh-14518, add release note",e1db72c2c,578cf4284,MAINT: remove ThreeFry BitGenerator,2
14568,"BLD, DOC: fix gh-14518, add release note",e1db72c2c,083be1f81,MAINT: remove pcg32 BitGenerator,2
14568,"BLD, DOC: fix gh-14518, add release note",e1db72c2c,5e687255f,MAINT: add script to local repo,2
14568,"BLD, DOC: fix gh-14518, add release note",e1db72c2c,9fe7fec9a,BUILD: use openblas_support.py from numpy-wheels to create _distributor_init.py,2
14568,"BLD, DOC: fix gh-14518, add release note",e1db72c2c,91d345150,MAINT: remove dSFMT,2
14568,"BLD, DOC: fix gh-14518, add release note",e1db72c2c,ebcaa4821,DOC: add a NumPyC syntax format that accepts our preprocessor @TYPE@ macros,2
14568,"BLD, DOC: fix gh-14518, add release note",e1db72c2c,57c7d8dc9,MAINT: fix use of cache_dim,2
14568,"BLD, DOC: fix gh-14518, add release note",e1db72c2c,8c275a112,TEST: add passing test,2
14568,"BLD, DOC: fix gh-14518, add release note",e1db72c2c,70d6293bf,MAINT: fix for dtype specification,2
14568,"BLD, DOC: fix gh-14518, add release note",e1db72c2c,0d3d1b172,"BUG: special case object arrays when printing rel-, abs-error",2
14568,"BLD, DOC: fix gh-14518, add release note",e1db72c2c,b8e741c66,BUG: setup.py install --skip-build fails,2
14568,"BLD, DOC: fix gh-14518, add release note",e1db72c2c,cdb2b0feb,"MAINT: remove tomaxint, random_sample from generator",2
14568,"BLD, DOC: fix gh-14518, add release note",e1db72c2c,19b48e2c6,"BUG: test, fix missing return to deprecated function",2
14568,"BLD, DOC: fix gh-14518, add release note",e1db72c2c,4e6a81273,MAINT: remove pre-randomgen _mtrand,2
14568,"BLD, DOC: fix gh-14518, add release note",e1db72c2c,113560b57,"ENH: always use zip64, upgrade pickle protocol to 3",2
14568,"BLD, DOC: fix gh-14518, add release note",e1db72c2c,060c6695b,merge master into branch,2
14568,"BLD, DOC: fix gh-14518, add release note",e1db72c2c,3349fec43,NEP: update NEP 19 with API terminology,2
14568,"BLD, DOC: fix gh-14518, add release note",e1db72c2c,3d19ae92a,"MAINT: remove threefry32, xoroshiro128, xorshift1024 BitGenerators",2
14568,"BLD, DOC: fix gh-14518, add release note",e1db72c2c,e058ae46f,MAINT: remove unused file,2
14568,"BLD, DOC: fix gh-14518, add release note",e1db72c2c,17e0070df,MAINT: Implement API changes for randomgen-derived code,2
14568,"BLD, DOC: fix gh-14518, add release note",e1db72c2c,86212292e,"DOC: tighten up documentation, add a table of comparison",2
14568,"BLD, DOC: fix gh-14518, add release note",e1db72c2c,b9b9d70f0,"MAINT: remove legacy, refactor legacy -> mtrand in docs",2
14568,"BLD, DOC: fix gh-14518, add release note",e1db72c2c,7a4179485,"DOC: fix doctests, move numpy.random -> numpy.random.gen in generator.pyx",2
14568,"BLD, DOC: fix gh-14518, add release note",e1db72c2c,bb7abf2d5,ENH: add instance of RandomGenerator(Xoshiro512StarStar) as gen,2
14568,"BLD, DOC: fix gh-14518, add release note",e1db72c2c,9578dcfbe,BUG: __dealloc__ can be called without __init__ in some error modes,2
14568,"BLD, DOC: fix gh-14518, add release note",e1db72c2c,c53b2eb72,BENCH: convert bencmarks to asv format,2
14568,"BLD, DOC: fix gh-14518, add release note",e1db72c2c,fa8af41c9,BUILD: move files out of _randomgen,2
14568,"BLD, DOC: fix gh-14518, add release note",e1db72c2c,56201bb0c,TEST: add test for non-contiguous input to ufuncs,2
14568,"BLD, DOC: fix gh-14518, add release note",e1db72c2c,bd73a1536,MAINT: remove uneeded code,2
14568,"BLD, DOC: fix gh-14518, add release note",e1db72c2c,b415ffad5,ENH: changes from review,2
14568,"BLD, DOC: fix gh-14518, add release note",e1db72c2c,8c4d4bb73,BUG: fix for big-endian systems,2
14568,"BLD, DOC: fix gh-14518, add release note",e1db72c2c,fa7096054,"BUG: parametrize tests, fix for interaction of count, order",2
14568,"BLD, DOC: fix gh-14518, add release note",e1db72c2c,c2de04da9,"ENH: add 'order' keyword to packbits, unpackbits",2
14568,"BLD, DOC: fix gh-14518, add release note",e1db72c2c,92d74d04e,TEST: tweak two slow tests to speed them up,2
14568,"BLD, DOC: fix gh-14518, add release note",e1db72c2c,de32873dc,"BUG: test all ufunc.types for return type, fix for exp, log",2
14568,"BLD, DOC: fix gh-14518, add release note",e1db72c2c,5d7680896,TEST: add duration report to tests,2
14568,"BLD, DOC: fix gh-14518, add release note",e1db72c2c,b90addd13,BUG: parse more subarrays in descr_to_dtype,2
14568,"BLD, DOC: fix gh-14518, add release note",e1db72c2c,1f1e8f94e,BUG: missing git raises an OSError,2
14568,"BLD, DOC: fix gh-14518, add release note",e1db72c2c,512c6451f,DOC: document existance of linalg backends,2
14568,"BLD, DOC: fix gh-14518, add release note",e1db72c2c,76b83a7e4,BUG: blindly add TypeError to accepted exceptions,2
14568,"BLD, DOC: fix gh-14518, add release note",e1db72c2c,666d92ac8,BUG: handle subarrays in descr_to_dtype,2
14568,"BLD, DOC: fix gh-14518, add release note",e1db72c2c,22e6aa46f,DOC: add release note,2
14568,"BLD, DOC: fix gh-14518, add release note",e1db72c2c,6424fee34,"BUILD, BUG: fix from review, fix bug in git_version",2
14568,"BLD, DOC: fix gh-14518, add release note",e1db72c2c,78a2d9d3a,DOC: fix typos in dev/index,2
14568,"BLD, DOC: fix gh-14518, add release note",e1db72c2c,3f8b40667,DOC: changes from review,2
14568,"BLD, DOC: fix gh-14518, add release note",e1db72c2c,f402a691a,"MAINT: use openblas, gfortran, tweak azure and comment mro (from review)",2
14568,"BLD, DOC: fix gh-14518, add release note",e1db72c2c,3ad01dbc1,"DOC: reorganize developer docs, use scikit-image as a base for change",2
14568,"BLD, DOC: fix gh-14518, add release note",e1db72c2c,730bae989,DOC: fixes from review,2
14568,"BLD, DOC: fix gh-14518, add release note",e1db72c2c,a641ef245,MAINT: move gc.collect to function (from review),2
14568,"BLD, DOC: fix gh-14518, add release note",e1db72c2c,e67f8c7f7,TEST: update for PyPy,2
14568,"BLD, DOC: fix gh-14518, add release note",e1db72c2c,c09fadcc8,DEV: add pypy3 to azure CI,2
14568,"BLD, DOC: fix gh-14518, add release note",e1db72c2c,5d43b09b0,MAINT: mention 'make dist' in error messsage,2
14568,"BLD, DOC: fix gh-14518, add release note",e1db72c2c,be8ef7d32,BUILD: allow version-check to pass if GITVER is Unknown (sdist build),2
14568,"BLD, DOC: fix gh-14518, add release note",e1db72c2c,01fb828e8,BUILD: fail documentation build if numpy version does not match,2
14568,"BLD, DOC: fix gh-14518, add release note",e1db72c2c,f179d23b7,BUILD: remove unused file,2
14568,"BLD, DOC: fix gh-14518, add release note",e1db72c2c,0f4dc765e,DOC: add more info to failure message,2
14568,"BLD, DOC: fix gh-14518, add release note",e1db72c2c,4006dc352,DOC: update numpydoc to latest master,2
14568,"BLD, DOC: fix gh-14518, add release note",e1db72c2c,4ed097bbd,BUG: fix from review,2
14568,"BLD, DOC: fix gh-14518, add release note",e1db72c2c,bea49b553,BUG: fixes from review,2
14568,"BLD, DOC: fix gh-14518, add release note",e1db72c2c,44a788b9e,"BUG: raise on empty sequence input to unravel_index, ravel_index_multi; clarify error msg",2
14568,"BLD, DOC: fix gh-14518, add release note",e1db72c2c,43972706d,BUILD: pin sphinx to before-2.0.0,2
14568,"BLD, DOC: fix gh-14518, add release note",e1db72c2c,d30171293,"DOC, BUILD: fail the devdoc build if there are warnings",2
14568,"BLD, DOC: fix gh-14518, add release note",e1db72c2c,0ed275c4a,BUILD: update numpydocs to latest version,2
14568,"BLD, DOC: fix gh-14518, add release note",e1db72c2c,32129453d,DEV: cleanup imports and some assignments (from LGTM),2
14568,"BLD, DOC: fix gh-14518, add release note",e1db72c2c,8f778b881,BUILD: use 'quiet' when building docs,2
14568,"BLD, DOC: fix gh-14518, add release note",e1db72c2c,2daaf24b8,"DOC: update scipy-sphinx-theme, fixes search",2
14568,"BLD, DOC: fix gh-14518, add release note",e1db72c2c,0be56a4ce,DOC: add release note,2
14568,"BLD, DOC: fix gh-14518, add release note",e1db72c2c,75b81014b,DOC: remove -n to make this mergeable,2
14568,"BLD, DOC: fix gh-14518, add release note",e1db72c2c,fb08e1171,DOC: fix references in docs,2
14568,"BLD, DOC: fix gh-14518, add release note",e1db72c2c,be0803611,DEP: deprecate exec_command,2
14568,"BLD, DOC: fix gh-14518, add release note",e1db72c2c,c8a8f524f,"TEST: allow margin of error, increase discoverability of refcheck option",2
14568,"BLD, DOC: fix gh-14518, add release note",e1db72c2c,dff1f5d25,BUILD: sphinx 1.8.3 can be used with our outdated templates,2
14568,"BLD, DOC: fix gh-14518, add release note",e1db72c2c,acecd26c2,MAINT: remove undocumented __buffer__ attribute lookup,2
14568,"BLD, DOC: fix gh-14518, add release note",e1db72c2c,005dfd23a,DOC: typo (thanks ev-br),2
14568,"BLD, DOC: fix gh-14518, add release note",e1db72c2c,6f1b386e3,DOC: revert #13058 and fix Makefile,2
14568,"BLD, DOC: fix gh-14518, add release note",e1db72c2c,76099ada3,DOC: fixes from review,2
14568,"BLD, DOC: fix gh-14518, add release note",e1db72c2c,2f41bb26b,DOC: fixes from review,2
14568,"BLD, DOC: fix gh-14518, add release note",e1db72c2c,62433284d,"DOC: reduce warnings when building, reword, tweak doc building",2
14568,"BLD, DOC: fix gh-14518, add release note",e1db72c2c,1e49ad442,BUG: fixes from review,2
14568,"BLD, DOC: fix gh-14518, add release note",e1db72c2c,3993652c4,BUG: fixes from review,2
14568,"BLD, DOC: fix gh-14518, add release note",e1db72c2c,6f1ecd772,BUG: fixes from review,2
14568,"BLD, DOC: fix gh-14518, add release note",e1db72c2c,7f5d26515,BUG: remove error-prone borrowed reference handling,2
14568,"BLD, DOC: fix gh-14518, add release note",e1db72c2c,af4b7aa1d,BUG: __array_interface__ offset was always ignored,2
14568,"BLD, DOC: fix gh-14518, add release note",e1db72c2c,b66d8357d,DOC: fixes from review,2
14568,"BLD, DOC: fix gh-14518, add release note",e1db72c2c,3aab0d5ed,DOC: reflect changes from #5822 (May 2015) in the docs,2
14568,"BLD, DOC: fix gh-14518, add release note",e1db72c2c,723345ca8,MAINT: refactor logic from review,2
14568,"BLD, DOC: fix gh-14518, add release note",e1db72c2c,f07adb36c,MAINT: fixes from review,2
14568,"BLD, DOC: fix gh-14518, add release note",e1db72c2c,944dd6ee7,"BUG: test, fix for trying to register a loop again",2
14568,"BLD, DOC: fix gh-14518, add release note",e1db72c2c,dc17ad68a,MAINT: remove complicated test of multiarray import failure mode,2
14568,"BLD, DOC: fix gh-14518, add release note",e1db72c2c,375cbca1d,BUG: fail if old multiarray module detected,2
14568,"BLD, DOC: fix gh-14518, add release note",e1db72c2c,4117921f5,ENH: add _dtype_ctype to namespace for freeze analysis,2
14568,"BLD, DOC: fix gh-14518, add release note",e1db72c2c,2b5b00985,BUG: ndarrays pickled by 1.16 cannot be loaded by 1.15.4 and lower,2
14568,"BLD, DOC: fix gh-14518, add release note",e1db72c2c,b66634009,DOC: link to benchmarking info,2
14568,"BLD, DOC: fix gh-14518, add release note",e1db72c2c,bf66e107f,TEST: pin mingw version,2
14568,"BLD, DOC: fix gh-14518, add release note",e1db72c2c,2d04c63a7,TEST: use xenial by default for travis,2
14568,"BLD, DOC: fix gh-14518, add release note",e1db72c2c,6c21238ac,DOC: fixes from review,2
14568,"BLD, DOC: fix gh-14518, add release note",e1db72c2c,d2a6daead,"DOC: remove python2-only methods, small cleanups",2
14568,"BLD, DOC: fix gh-14518, add release note",e1db72c2c,8cecce551,BUG: resolve writeback in arr_insert failure paths,2
14568,"BLD, DOC: fix gh-14518, add release note",e1db72c2c,d26842f9c,"BUG, DOC: test, fix that f2py.compile accepts str and bytes, rework docs",2
14568,"BLD, DOC: fix gh-14518, add release note",e1db72c2c,adfaafba9,BUG: double decref of dtype in failure codepath. Test and fix,2
14568,"BLD, DOC: fix gh-14518, add release note",e1db72c2c,40b6dc50d,DOC: remove recocmendation to add main for testing,2
14568,"BLD, DOC: fix gh-14518, add release note",e1db72c2c,84286e6f7,TEST:add test for gh-11221,2
14568,"BLD, DOC: fix gh-14518, add release note",e1db72c2c,7fea4027f,"TEST: activate doctests on doc.structured_arrays, fix for pure doc module",2
14568,"BLD, DOC: fix gh-14518, add release note",e1db72c2c,db6f50b27,DOC: doctest structured array introduction,2
14568,"BLD, DOC: fix gh-14518, add release note",e1db72c2c,bf774905e,BENCH: quiet warnings in benchmarks,2
14568,"BLD, DOC: fix gh-14518, add release note",e1db72c2c,33bbcf5ad,ENH: chain additional exception on ufunc method lookup error,2
14568,"BLD, DOC: fix gh-14518, add release note",e1db72c2c,c088383cb,BUG: loosen kwargs requirements in ediff1d,2
14568,"BLD, DOC: fix gh-14518, add release note",e1db72c2c,0bdf90ca1,"DEV: remove _arg from public API, add matmul to benchmark ufuncs",2
14568,"BLD, DOC: fix gh-14518, add release note",e1db72c2c,217f13b95,"ENH: remove ""Invalid value"" warnings from median, percentile",2
14568,"BLD, DOC: fix gh-14518, add release note",e1db72c2c,c40e946c1,DOC: update 2018 -> 2019,2
14568,"BLD, DOC: fix gh-14518, add release note",e1db72c2c,de4c4ef7e,MAINT: improve comments,2
14568,"BLD, DOC: fix gh-14518, add release note",e1db72c2c,16c30d03f,BUG: add case for longdouble alignment size,2
14568,"BLD, DOC: fix gh-14518, add release note",e1db72c2c,d2ec5a1ce,DEV: activate assert code in 32bit linux via -UNDEBUG,2
14568,"BLD, DOC: fix gh-14518, add release note",e1db72c2c,c3b7ed0f1,DEV: add test for 'python -mnumpy.f2py',2
14568,"BLD, DOC: fix gh-14518, add release note",e1db72c2c,d5200bdd2,BUG: check for errors after PyArray_DESCR_REPLACE,2
14568,"BLD, DOC: fix gh-14518, add release note",e1db72c2c,7a7dc347c,BUG: be sure to set returned value to NULL,2
14568,"BLD, DOC: fix gh-14518, add release note",e1db72c2c,4c696a070,DOC: fix some doctest failures,2
14568,"BLD, DOC: fix gh-14518, add release note",e1db72c2c,6379f3eb7,MAINT: return Py_None not NULL,2
14568,"BLD, DOC: fix gh-14518, add release note",e1db72c2c,33b72d2a3,BUG: fix from review,2
14568,"BLD, DOC: fix gh-14518, add release note",e1db72c2c,e41e97d86,BUG: fix refcount issue caused by #12524,2
14568,"BLD, DOC: fix gh-14518, add release note",e1db72c2c,ff32c7fc0,MAINT: unify error messages,2
14568,"BLD, DOC: fix gh-14518, add release note",e1db72c2c,524faa53c,DEV: remove travis 32 bit chroot job since it is running on azure,2
14568,"BLD, DOC: fix gh-14518, add release note",e1db72c2c,b51315671,"STY: add space after ""if""",2
14568,"BLD, DOC: fix gh-14518, add release note",e1db72c2c,7dcee0028,DOC: rearrange comment sequence from review,2
14568,"BLD, DOC: fix gh-14518, add release note",e1db72c2c,31bd28c5f,STY: add comment for future maintainers,2
14568,"BLD, DOC: fix gh-14518, add release note",e1db72c2c,508c0f44e,STY: bracket if blocks with braces,2
14568,"BLD, DOC: fix gh-14518, add release note",e1db72c2c,11e0707c8,DEV: add ctags option file,2
14568,"BLD, DOC: fix gh-14518, add release note",e1db72c2c,a3be55e49,"MAINT: comment, fix from review",2
14568,"BLD, DOC: fix gh-14518, add release note",e1db72c2c,fb0b703b9,"WIP, BUG: reorder operations for VS2015",2
14568,"BLD, DOC: fix gh-14518, add release note",e1db72c2c,1c7a2f928,BUG: call PyType_Ready before using type,2
14568,"BLD, DOC: fix gh-14518, add release note",e1db72c2c,e64354e01,MAINT: call PySequence_Fast() before any other PySequence_Fast* funcs,2
14568,"BLD, DOC: fix gh-14518, add release note",e1db72c2c,f7a9fac90,"BUG: test, fix matmul, dot for vector array with stride[i]=0",2
14568,"BLD, DOC: fix gh-14518, add release note",e1db72c2c,18476f528,DOC: add a comment detailing the output ufunc flag choices,2
14568,"BLD, DOC: fix gh-14518, add release note",e1db72c2c,0f59087af,"BUG: test, fix for threshold='nan'",2
14568,"BLD, DOC: fix gh-14518, add release note",e1db72c2c,72f2abf34,ENH: corrections and fixes from review,2
14568,"BLD, DOC: fix gh-14518, add release note",e1db72c2c,a2202b944,"BUG: disallow setting flag to writeable if isinstance(a.base, (str, bytes))",2
14568,"BLD, DOC: fix gh-14518, add release note",e1db72c2c,8c9450a7f,ENH: make matmul into a ufunc,2
14568,"BLD, DOC: fix gh-14518, add release note",e1db72c2c,2552e57af,MAINT: refactor datetime.c_metadata creation,2
14568,"BLD, DOC: fix gh-14518, add release note",e1db72c2c,51e9a0283,"BUG: test, fix NPY_VISIBILITY_HIDDEN on gcc, which becomes NPY_NO_EXPORT",2
14568,"BLD, DOC: fix gh-14518, add release note",e1db72c2c,e85233f41,DEP: remove deprecated numpy.lib.function_base.unique,2
14568,"BLD, DOC: fix gh-14518, add release note",e1db72c2c,b697a9ad1,DEV remove shim added in 1.4,2
14568,"BLD, DOC: fix gh-14518, add release note",e1db72c2c,e303ad07d,ENH: do not emit compilation warning if using old API,2
14568,"BLD, DOC: fix gh-14518, add release note",e1db72c2c,a22275568,MAINT: fix from review,2
14568,"BLD, DOC: fix gh-14518, add release note",e1db72c2c,62e47c34b,"BUG: fix for titles, cleanup, fixes from review",2
14568,"BLD, DOC: fix gh-14518, add release note",e1db72c2c,c42846efb,NEP: move nep 15 from accepted to final,2
14568,"BLD, DOC: fix gh-14518, add release note",e1db72c2c,e7e1645a6,BUG: do not override exception on import failure,2
14568,"BLD, DOC: fix gh-14518, add release note",e1db72c2c,1956ada85,"BUG: test, fix loading structured dtypes with padding",2
14568,"BLD, DOC: fix gh-14518, add release note",e1db72c2c,08a2e4503,DOC: reword from review,2
14568,"BLD, DOC: fix gh-14518, add release note",e1db72c2c,e6a31efdc,force python3 in chroot,2
14568,"BLD, DOC: fix gh-14518, add release note",e1db72c2c,8cdc8d6a1,"DOC: fixes from review, fix references",2
14568,"BLD, DOC: fix gh-14518, add release note",e1db72c2c,621f477a7,BUILD: use system python3 in the chroot,2
14568,"BLD, DOC: fix gh-14518, add release note",e1db72c2c,96d8ada9b,BUILD: force LGTM to use cython>=0.29,2
14568,"BLD, DOC: fix gh-14518, add release note",e1db72c2c,46452b360,"BUG: always clear floatstatus_invalid in max, min",2
14568,"BLD, DOC: fix gh-14518, add release note",e1db72c2c,b59819bf2,tweak and mark NEP 0027 as final,2
14568,"BLD, DOC: fix gh-14518, add release note",e1db72c2c,dd7f69421,DOC: add broadcasting article from scipy old-wiki,2
14568,"BLD, DOC: fix gh-14518, add release note",e1db72c2c,b8d954351,DOC: revise release note,2
14568,"BLD, DOC: fix gh-14518, add release note",e1db72c2c,1490fc84e,DOC: move C style guide to dev section,2
14568,"BLD, DOC: fix gh-14518, add release note",e1db72c2c,00e8e165a,DOC: remove duplicate and outdated DOC,2
14568,"BLD, DOC: fix gh-14518, add release note",e1db72c2c,aeefb51cb,DOC: remove old docs while adding bits of it where appropriate (part one),2
14568,"BLD, DOC: fix gh-14518, add release note",e1db72c2c,d17edb39d,DOC: fixes from review,2
14568,"BLD, DOC: fix gh-14518, add release note",e1db72c2c,24c9faac7,MAINT: rearrange logic to not set FP invalid register where possible,2
14568,"BLD, DOC: fix gh-14518, add release note",e1db72c2c,da3d16265,"ENH: maximum, minimum no longer emit warnings on NAN",2
14568,"BLD, DOC: fix gh-14518, add release note",e1db72c2c,fc60b2725,DOC: add missing docs,2
14568,"BLD, DOC: fix gh-14518, add release note",e1db72c2c,73c5a5aca,DEP: deprecate np.set_numeric_ops and friends,2
14568,"BLD, DOC: fix gh-14518, add release note",e1db72c2c,9afa2f798,MAINT: refactor ufunc operand flag handling and 'where mask' handling,2
14568,"BLD, DOC: fix gh-14518, add release note",e1db72c2c,5085831a0,"NEP: Add ""Provisional"" status and move nep 18 to provisional",2
14568,"BLD, DOC: fix gh-14518, add release note",e1db72c2c,47d30cb78,NEP: change toc title sorting,2
14568,"BLD, DOC: fix gh-14518, add release note",e1db72c2c,ad47653f7,MAINT: fix c comment from review,2
14568,"BLD, DOC: fix gh-14518, add release note",e1db72c2c,c8e15bafb,MAINT: changes from review,2
14568,"BLD, DOC: fix gh-14518, add release note",e1db72c2c,1f027a6e8,NEP: change changeset to commit for git,2
14568,"BLD, DOC: fix gh-14518, add release note",e1db72c2c,85b432da7,NEP: fixes from review,2
14568,"BLD, DOC: fix gh-14518, add release note",e1db72c2c,9368e3406,NEP: Add zero-rank arrays historical info NEP,2
14568,"BLD, DOC: fix gh-14518, add release note",e1db72c2c,1205e196a,DOC: tweak docs from review,2
14568,"BLD, DOC: fix gh-14518, add release note",e1db72c2c,7ef2b3ab6,"MAINT: formatting, remove version, rework flags",2
14568,"BLD, DOC: fix gh-14518, add release note",e1db72c2c,a3e752b49,MAINT: remove unused label from review,2
14568,"BLD, DOC: fix gh-14518, add release note",e1db72c2c,367f05a9d,"MAINT: remove macro, platforms that defined it will now fail to build",2
14568,"BLD, DOC: fix gh-14518, add release note",e1db72c2c,1c2abd364,DEP: deprecate asscalar,2
14568,"BLD, DOC: fix gh-14518, add release note",e1db72c2c,f92c57e0a,BUG: fix PyDataType_ISBOOL,2
14568,"BLD, DOC: fix gh-14518, add release note",e1db72c2c,300e9f1c1,ENH: check getfield arguments to prevent invalid memory access,2
14568,"BLD, DOC: fix gh-14518, add release note",e1db72c2c,1293f4370,BUG: refactor float error status to support Alpine linux,2
14568,"BLD, DOC: fix gh-14518, add release note",e1db72c2c,dc8078f3e,DOC: tweak grammar,2
14568,"BLD, DOC: fix gh-14518, add release note",e1db72c2c,b0308d1a6,:DOC: update to reflect API changes,2
14568,"BLD, DOC: fix gh-14518, add release note",e1db72c2c,146236275,ENH: increment and use NPY_API_VERSION in PyUFuncObject->version,2
14568,"BLD, DOC: fix gh-14518, add release note",e1db72c2c,6497835ce,BLD: pin sphinx to 1.7.9,2
14568,"BLD, DOC: fix gh-14518, add release note",e1db72c2c,46083ffa0,MAINT: remove duplicate imports,2
14568,"BLD, DOC: fix gh-14518, add release note",e1db72c2c,df68e6485,BUG: reused otmp caused refcount problem,2
14568,"BLD, DOC: fix gh-14518, add release note",e1db72c2c,e9d3e2045,BUG: check return value from PyArray_PromoteTypes,2
14568,"BLD, DOC: fix gh-14518, add release note",e1db72c2c,a6a0b0f6f,DOC: warn about directly using PyUFuncObject and PyArray_Descr,2
14568,"BLD, DOC: fix gh-14518, add release note",e1db72c2c,35c9c25ae,STY: fix from review,2
14568,"BLD, DOC: fix gh-14518, add release note",e1db72c2c,1ebcc853e,BUG: fix refcount leak in PyArray_AdaptFlexibleDType,2
14568,"BLD, DOC: fix gh-14518, add release note",e1db72c2c,2ae3ae228,DOC: update for changes in d8a8e4536,2
14568,"BLD, DOC: fix gh-14518, add release note",e1db72c2c,3409a7bd1,merge heads,2
14568,"BLD, DOC: fix gh-14518, add release note",e1db72c2c,d8a8e4536,MAINT: refactor inner loop in test,2
14568,"BLD, DOC: fix gh-14518, add release note",e1db72c2c,ce854a89a,"MAINT: move functions to numpyos.c, adjust accordingly",2
14568,"BLD, DOC: fix gh-14518, add release note",e1db72c2c,466e532e9,merge master into gufunc-signature-modification2,2
14568,"BLD, DOC: fix gh-14518, add release note",e1db72c2c,2c0617398,MAINT: rework wrapping and sharing common functions,2
14568,"BLD, DOC: fix gh-14518, add release note",e1db72c2c,5d8295dd8,MAINT: typo,2
14568,"BLD, DOC: fix gh-14518, add release note",e1db72c2c,3e45a3ff3,MAINT: clarify internal function docstring,2
14568,"BLD, DOC: fix gh-14518, add release note",e1db72c2c,ea4c8a1ca,MAINT: refactor to share npy_strto{u}ll,2
14568,"BLD, DOC: fix gh-14518, add release note",e1db72c2c,31a0d21d7,MAINT: make PyUFuncObject.version a const int,2
14568,"BLD, DOC: fix gh-14518, add release note",e1db72c2c,f1b2582ee,MAINT: cleanup from review,2
14568,"BLD, DOC: fix gh-14518, add release note",e1db72c2c,552b4ebb6,Merge 'master' into branch,2
14568,"BLD, DOC: fix gh-14518, add release note",e1db72c2c,0346b1b04,DOC: dtype offset is limited to int,2
14568,"BLD, DOC: fix gh-14518, add release note",e1db72c2c,5e3412dfc,MAINT: remove redundant imports,2
14568,"BLD, DOC: fix gh-14518, add release note",e1db72c2c,af82b54c1,MAINT: dtype(unicode) should raise TypeError on failure,2
14568,"BLD, DOC: fix gh-14518, add release note",e1db72c2c,27834b330,MAINT: fix leak in previous commit (from review),2
14568,"BLD, DOC: fix gh-14518, add release note",e1db72c2c,56a70cf04,"MAINT: check _append_char, _append_str return value",2
14568,"BLD, DOC: fix gh-14518, add release note",e1db72c2c,2118483c2,DOC: change f2py2e -> numpy.f2py [ci skip],2
14568,"BLD, DOC: fix gh-14518, add release note",e1db72c2c,ea666b604,"DOC: formatting, de-emphasize f2pyfe [ci skip]",2
14568,"BLD, DOC: fix gh-14518, add release note",e1db72c2c,ace2aa673,DOC: document use when f2py is not in the PATH,2
14568,"BLD, DOC: fix gh-14518, add release note",e1db72c2c,03e08148e,MAINT: remove code that codecov pointed out is superflous,2
14568,"BLD, DOC: fix gh-14518, add release note",e1db72c2c,872508760,DOC: add docstring to new python files,2
14568,"BLD, DOC: fix gh-14518, add release note",e1db72c2c,9592ee2ab,MAINT: export newly added c-extension function,2
14568,"BLD, DOC: fix gh-14518, add release note",e1db72c2c,c9914e437,DOC: write release note,2
14568,"BLD, DOC: fix gh-14518, add release note",e1db72c2c,f88d57685,MAINT: move declararions into umathmodule.h,2
14568,"BLD, DOC: fix gh-14518, add release note",e1db72c2c,c49f779b7,"MAINT: create common_{src,dep}, move header includes to appropriate places",2
14568,"BLD, DOC: fix gh-14518, add release note",e1db72c2c,1bca48bb1,"MAINT: move unchanging, non-api files to common",2
14568,"BLD, DOC: fix gh-14518, add release note",e1db72c2c,bd4500fa9,MAINT: move private -> common,2
14568,"BLD, DOC: fix gh-14518, add release note",e1db72c2c,92f01dd0f,MAINT: move scalar math intialization to before setup_scalartypes,2
14568,"BLD, DOC: fix gh-14518, add release note",e1db72c2c,ad1f5b5f4,"MAINT: fix more name replacements, __all__ imports",2
14568,"BLD, DOC: fix gh-14518, add release note",e1db72c2c,e8aea2e23,MAINT: define _MULTIARRAYMODULE to use functions directly (not via PyArray_API),2
14568,"BLD, DOC: fix gh-14518, add release note",e1db72c2c,31df30265,"MAINT: merge umath, multiarray into _multiarray, add python wrappers",2
14568,"BLD, DOC: fix gh-14518, add release note",e1db72c2c,da0727912,MAINT: reformat line spacing before test methods,2
14568,"BLD, DOC: fix gh-14518, add release note",e1db72c2c,c94d1c757,"BUG: add tests, special case memoryview(datetime64-scalar)",2
14568,"BLD, DOC: fix gh-14518, add release note",e1db72c2c,83cd724ff,"MAINT: test memoryview, improve error message, don't swallow first exception",2
14568,"BLD, DOC: fix gh-14518, add release note",e1db72c2c,210c361ce,DOC: reflow paragraph to 80 columns,2
14568,"BLD, DOC: fix gh-14518, add release note",e1db72c2c,078405244,fixes from review,2
14568,"BLD, DOC: fix gh-14518, add release note",e1db72c2c,fe12622d5,DOC: reduce warnings and cleanup redundant c-api documentation,2
14568,"BLD, DOC: fix gh-14518, add release note",e1db72c2c,062123b11,BUG: deprecation triggers segfault,2
14568,"BLD, DOC: fix gh-14518, add release note",e1db72c2c,43970c693,"BUG: compiler used is env['CC'], then config_vars['CC']",2
14568,"BLD, DOC: fix gh-14518, add release note",e1db72c2c,6541b328f,MAINT: trivially refactor mapped indexing,2
14568,"BLD, DOC: fix gh-14518, add release note",e1db72c2c,089a0e0e9,"ENH: add Nan warnings for maximum, minimum on more dtypes",2
14568,"BLD, DOC: fix gh-14518, add release note",e1db72c2c,fe7233b5f,DOC: add roadmap doc,2
14568,"BLD, DOC: fix gh-14518, add release note",e1db72c2c,b63687b0f,"BUG:warn on Nan in minimum,maximum for scalars",2
14568,"BLD, DOC: fix gh-14518, add release note",e1db72c2c,8788119ff,DOC: updates and fixes for gufunc descriptions.,2
14568,"BLD, DOC: fix gh-14518, add release note",e1db72c2c,f7766b40b,"ENH: test, document, implement flexible signature.",2
14568,"BLD, DOC: fix gh-14518, add release note",e1db72c2c,84f6df82f,"ENH: convert reserved field to version, set new version to 1",2
14568,"BLD, DOC: fix gh-14518, add release note",e1db72c2c,7c3f590d9,"DEP: deprecate undocumented, unused dtype type dicts",2
14568,"BLD, DOC: fix gh-14518, add release note",e1db72c2c,79e01ed80,NEP: accept nep 0019,2
14568,"BLD, DOC: fix gh-14518, add release note",e1db72c2c,dc0ab8c7a,NEP: accept nep 0015,2
14568,"BLD, DOC: fix gh-14518, add release note",e1db72c2c,5d6d44887,fix from review,2
14568,"BLD, DOC: fix gh-14518, add release note",e1db72c2c,471ada7e6,fixes from review,2
14568,"BLD, DOC: fix gh-14518, add release note",e1db72c2c,9f227da2d,reformat as html comments,2
14568,"BLD, DOC: fix gh-14518, add release note",e1db72c2c,eda0b3a47,BUG: decref of field title caused segfault,2
14568,"BLD, DOC: fix gh-14518, add release note",e1db72c2c,d7c992445,DOC: add templates for issues and PR,2
14568,"BLD, DOC: fix gh-14518, add release note",e1db72c2c,e656a4e4a,DOC: extend sanity check message,2
14568,"BLD, DOC: fix gh-14518, add release note",e1db72c2c,760daffb7,MAINT: refactor duplicate code into 'common.c',2
14568,"BLD, DOC: fix gh-14518, add release note",e1db72c2c,ae5000f47,MAINT: cleanup ret assignment,2
14568,"BLD, DOC: fix gh-14518, add release note",e1db72c2c,f93361583,"DOC: link to TESTS.rst.txt testing guidelines document, tweak testing docs",2
14568,"BLD, DOC: fix gh-14518, add release note",e1db72c2c,6d601e51c,fixes from review,2
14568,"BLD, DOC: fix gh-14518, add release note",e1db72c2c,4f5ada2ce,check for unlikely error in Assign_Zero,2
14568,"BLD, DOC: fix gh-14518, add release note",e1db72c2c,d829dc579,BUG: ensure ret is out in einsum,2
14568,"BLD, DOC: fix gh-14518, add release note",e1db72c2c,9013b0f60,fixes from review,2
14568,"BLD, DOC: fix gh-14518, add release note",e1db72c2c,73494682a,fixes from review,2
14568,"BLD, DOC: fix gh-14518, add release note",e1db72c2c,95dada6c5,ENH: Allow size=0 in numpy.random.choice,2
14568,"BLD, DOC: fix gh-14518, add release note",e1db72c2c,82bc85de3,ENH: Remove NpyIter_Close,2
14568,"BLD, DOC: fix gh-14518, add release note",e1db72c2c,74da42ba6,BUG: add missing NpyIter_Close in einsum,2
14568,"BLD, DOC: fix gh-14518, add release note",e1db72c2c,93fd4a04f,DOC: document new functions,2
14568,"BLD, DOC: fix gh-14518, add release note",e1db72c2c,d4b43bb14,"DOC: typos, small fixes",2
14568,"BLD, DOC: fix gh-14518, add release note",e1db72c2c,d416eda11,"DOC: quiet warnings about ""document not in any toctree""",2
14568,"BLD, DOC: fix gh-14518, add release note",e1db72c2c,40f17c11b,use `:orphan:` to quiet warnings when building documentation,2
14568,"BLD, DOC: fix gh-14518, add release note",e1db72c2c,f1bc29bd7,DOC: Update master after NumPy 1.14.5 release.,2
14568,"BLD, DOC: fix gh-14518, add release note",e1db72c2c,01a0971af,BUG: einsum needs to check overlap on an out argument,2
14568,"BLD, DOC: fix gh-14518, add release note",e1db72c2c,b4e10f096,add test from issue,2
14568,"BLD, DOC: fix gh-14518, add release note",e1db72c2c,53931bddf,"defer the NEP, summarize and link to discussion, fix template",2
14568,"BLD, DOC: fix gh-14518, add release note",e1db72c2c,c0eafc1b4,DOC: add a NEP to split MaskedArray into a seperate package,2
14568,"BLD, DOC: fix gh-14518, add release note",e1db72c2c,0646f01a2,fixes from review,2
14568,"BLD, DOC: fix gh-14518, add release note",e1db72c2c,579095598,"NEP: add 'rst' to nep filename, fixup urls",2
14568,"BLD, DOC: fix gh-14518, add release note",e1db72c2c,2f43a3e8f,DOC: add existing recfunctions documentation to output,2
14568,"BLD, DOC: fix gh-14518, add release note",e1db72c2c,8439c1cbd,fix from review and comments,2
14568,"BLD, DOC: fix gh-14518, add release note",e1db72c2c,9903d6261,TST: make build warning into an error in runtest.py,2
14568,"BLD, DOC: fix gh-14518, add release note",e1db72c2c,ce5f7faa4,MAINT: Update artful to bionic for i386 testing,2
14568,"BLD, DOC: fix gh-14518, add release note",e1db72c2c,d0e5e394d,TST: Test dimensions/indices found from parsed gufunc signatures.,2
14568,"BLD, DOC: fix gh-14518, add release note",e1db72c2c,69a77fb79,DOC: Clarify C-API for generalized ufuncs.,2
14568,"BLD, DOC: fix gh-14518, add release note",e1db72c2c,4291c9440,DOC: improve docs for PyUFunc_FromFuncAndData.,2
14568,"BLD, DOC: fix gh-14518, add release note",e1db72c2c,2854a4294,setting version confuses circleci,2
14568,"BLD, DOC: fix gh-14518, add release note",e1db72c2c,c4813a966,TST: skip ctypes memoryview issue on old python,2
14568,"BLD, DOC: fix gh-14518, add release note",e1db72c2c,0793aa7ca,DOC: cleanup NEP creation,2
14568,"BLD, DOC: fix gh-14518, add release note",e1db72c2c,a0464e883,TST: windows builds now properly support floating error states,2
14568,"BLD, DOC: fix gh-14518, add release note",e1db72c2c,3fc441256,TST: turn some build warnings into errors,2
14568,"BLD, DOC: fix gh-14518, add release note",e1db72c2c,8ec36c249,MAINT: reduce code duplication in ufunc_frompyfunc,2
14568,"BLD, DOC: fix gh-14518, add release note",e1db72c2c,7a01f661c,DOC: add numpy.lib.format to docs and link to it,2
14568,"BLD, DOC: fix gh-14518, add release note",e1db72c2c,c759466ac,"DOC: create label and ref, fixes broken link",2
14568,"BLD, DOC: fix gh-14518, add release note",e1db72c2c,ede963126,ENH: remove nose from travis tests,2
14568,"BLD, DOC: fix gh-14518, add release note",e1db72c2c,85282a5da,"DOC: link to updated module docstring, not NEP",2
14568,"BLD, DOC: fix gh-14518, add release note",e1db72c2c,2f4e5fdb3,BUG: reduce using SSE only warns if inside SSE loop,2
14568,"BLD, DOC: fix gh-14518, add release note",e1db72c2c,1e00cc531,DOC: expand reasoning behind npy_*floatstatus_barrer(),2
14568,"BLD, DOC: fix gh-14518, add release note",e1db72c2c,7bbf2bca1,BUG: use absolute imports in test files,2
14568,"BLD, DOC: fix gh-14518, add release note",e1db72c2c,73a49c5f8,BUG: reduce warnings from clang and initialize value before use,2
14568,"BLD, DOC: fix gh-14518, add release note",e1db72c2c,25ccb6fef,BUILD: add latex to circleci doc build,2
14568,"BLD, DOC: fix gh-14518, add release note",e1db72c2c,6989675f5,DOC: work around GH isaacs/github#316 to show SVG image,2
14568,"BLD, DOC: fix gh-14518, add release note",e1db72c2c,3e5349655,"DOC: link to governance, convert external link to internal",2
14568,"BLD, DOC: fix gh-14518, add release note",e1db72c2c,eda2b3ece,"DOC: add quantile, nanquantile to toc",2
14568,"BLD, DOC: fix gh-14518, add release note",e1db72c2c,86608c288,"DOC: cleanup documentation, continuation of nditer PR #9998",2
14568,"BLD, DOC: fix gh-14518, add release note",e1db72c2c,ac7d543f5,fixes from review,2
14568,"BLD, DOC: fix gh-14518, add release note",e1db72c2c,64558ee46,emphasis accessing `it.operands` only on open iterator,2
14568,"BLD, DOC: fix gh-14518, add release note",e1db72c2c,5a18a0ce6,"BUG: it.close() disallows access to iterator, fixes #10950",2
14568,"BLD, DOC: fix gh-14518, add release note",e1db72c2c,d15c30fc8,fix from review,2
14568,"BLD, DOC: fix gh-14518, add release note",e1db72c2c,05d94b9f5,"BUG: test, fix PyArray_DiscardWritebackIfCopy refcount issue and document",2
14568,"BLD, DOC: fix gh-14518, add release note",e1db72c2c,fa9a74165,fixes from review,2
14568,"BLD, DOC: fix gh-14518, add release note",e1db72c2c,c26d273c1,ENH: add nditer.close as per review,2
14568,"BLD, DOC: fix gh-14518, add release note",e1db72c2c,894dcab37,"ENH: add NpyIter_Close, nditer__{enter,exit}__",2
14568,"BLD, DOC: fix gh-14518, add release note",e1db72c2c,953fbda6c,fixes from review,2
14568,"BLD, DOC: fix gh-14518, add release note",e1db72c2c,df8e83538,"DOC: clear up warnings, fix matplotlib plot",2
14568,"BLD, DOC: fix gh-14518, add release note",e1db72c2c,29405fdcc,"TST: reactivate module docstring tests, fix float formatting",2
14568,"BLD, DOC: fix gh-14518, add release note",e1db72c2c,c989bd430,"render the example in numpydoc, add ifconfig for host python major version",2
14568,"BLD, DOC: fix gh-14518, add release note",e1db72c2c,1486f3756,document a few more missing glossary terms,2
14568,"BLD, DOC: fix gh-14518, add release note",e1db72c2c,ccee0f3d1,update submodule numpydoc for changes due to this branch,2
14568,"BLD, DOC: fix gh-14518, add release note",e1db72c2c,122bdc252,fix link (now checked) and clean up Acknowledgements,2
14568,"BLD, DOC: fix gh-14518, add release note",e1db72c2c,f20b64b8c,fix link,2
14568,"BLD, DOC: fix gh-14518, add release note",e1db72c2c,069c89daf,fix typos from review,2
14568,"BLD, DOC: fix gh-14518, add release note",e1db72c2c,20f58fae2,add stub document for outside projects that link to it,2
14568,"BLD, DOC: fix gh-14518, add release note",e1db72c2c,0e789b627,"remove duplicated text from numpydoc/formatting, include it instead",2
14568,"BLD, DOC: fix gh-14518, add release note",e1db72c2c,4a42092fb,fix failing test,2
14568,"BLD, DOC: fix gh-14518, add release note",e1db72c2c,65844be3d,update copyright year,2
14568,"BLD, DOC: fix gh-14518, add release note",e1db72c2c,cb24dd01a,add missing glossary entries and link in missing document,2
14568,"BLD, DOC: fix gh-14518, add release note",e1db72c2c,1eef2af85,formatting fixes,2
14568,"BLD, DOC: fix gh-14518, add release note",e1db72c2c,0a8ba953c,update kwargs where needed,2
14568,"BLD, DOC: fix gh-14518, add release note",e1db72c2c,db93ce930,fix from review,2
14568,"BLD, DOC: fix gh-14518, add release note",e1db72c2c,171eeafa2,"BUG: fix savetxt, loadtxt for '+-' in complex",2
14568,"BLD, DOC: fix gh-14518, add release note",e1db72c2c,bc875f568,maybe controversial - scipy.special required by mtrand.pyx docstrings,2
14568,"BLD, DOC: fix gh-14518, add release note",e1db72c2c,c4996684e,"silence warnings, matplotlib deprecated normed in favor of density",2
14568,"BLD, DOC: fix gh-14518, add release note",e1db72c2c,a75e76dac,"DOC: cosmetic changes, document need for python3.6 to build docs",2
14568,"BLD, DOC: fix gh-14518, add release note",e1db72c2c,b00cdbc3e,"DOC: promote development_workflow, make howtos visible",2
14568,"BLD, DOC: fix gh-14518, add release note",e1db72c2c,953e78f56,BUG: fix link to NEP docs,2
14568,"BLD, DOC: fix gh-14518, add release note",e1db72c2c,cba38fac3,"BUG: test, fix for missing flags['WRITEBACKIFCOPY'] key",2
14568,"BLD, DOC: fix gh-14518, add release note",e1db72c2c,5f0bd24d1,BUG: fix duplicate message print,2
14568,"BLD, DOC: fix gh-14518, add release note",e1db72c2c,1649929d2,make example backward compatable,2
14568,"BLD, DOC: fix gh-14518, add release note",e1db72c2c,ae0858421,make example backward compatable,2
14568,"BLD, DOC: fix gh-14518, add release note",e1db72c2c,5b636c4e2,return values,2
14568,"BLD, DOC: fix gh-14518, add release note",e1db72c2c,1ab78a554,document new API function,2
14568,"BLD, DOC: fix gh-14518, add release note",e1db72c2c,92fadf484,tweak docs to reflect exactly when DeprecationWarnings will be displayed,2
14568,"BLD, DOC: fix gh-14518, add release note",e1db72c2c,63b884e37,tweak from review,2
14568,"BLD, DOC: fix gh-14518, add release note",e1db72c2c,4224ca180,"test, fix problems from PR #9998",2
14568,"BLD, DOC: fix gh-14518, add release note",e1db72c2c,88f78abbb,DOC: reword PyArray_DiscardWritebackIfCopy description,2
14568,"BLD, DOC: fix gh-14518, add release note",e1db72c2c,6e615d620,BUG: test was not using 'mode',2
14568,"BLD, DOC: fix gh-14518, add release note",e1db72c2c,446a78e03,"BUG: test, fix issue #9620 __radd__ in char scalars",2
14568,"BLD, DOC: fix gh-14518, add release note",e1db72c2c,f831bec2e,"BUG: Check for exception in sort functions, add tests",2
14568,"BLD, DOC: fix gh-14518, add release note",e1db72c2c,77678b3bf,BUG: pull request 9087 modifies a tuple after use,2
14568,"BLD, DOC: fix gh-14518, add release note",e1db72c2c,dc1d1d5a8,"TEST: test longdouble, clongdouble __int__() and int(), relate to warnings",2
14568,"BLD, DOC: fix gh-14518, add release note",e1db72c2c,743b549eb,COMPAT: notify garbage collector when memory is allocated,2
14568,"BLD, DOC: fix gh-14518, add release note",e1db72c2c,388487206,"BUG: do not memcpy ptr to freed object, use static obj instead",2
14568,"BLD, DOC: fix gh-14518, add release note",e1db72c2c,7621eba2e,ENH: specialize name of dev package by interpreter,2
14568,"BLD, DOC: fix gh-14518, add release note",e1db72c2c,4433421ad,BUG: cannot assign to tuple after use,2
14568,"BLD, DOC: fix gh-14518, add release note",e1db72c2c,76eff9ca4,ENH: skip or avoid gc/objectmodel differences btwn pypy and cpython,2
14568,"BLD, DOC: fix gh-14518, add release note",e1db72c2c,ab4f82840,"ENH: Support for python runtime with no Makefile, like PyPy",2
14568,"BLD, DOC: fix gh-14518, add release note",e1db72c2c,52e09e86c,"ENH: set reasonable defaults for slots before PyType_Ready is called, enables overriding them later",2
14568,"BLD, DOC: fix gh-14518, add release note",e1db72c2c,42b3902ca,MAINT: add ifdef around PyDictProxy_Check macro,2
14568,"BLD, DOC: fix gh-14518, add release note",e1db72c2c,dbccef858,"MAINT: unify tup processing, move tup use to after all PyTuple_SetItem calls",2
14568,"BLD, DOC: fix gh-14518, add release note",e1db72c2c,918ac7952,expose test runner raise_warnings option,2
14568,"BLD, DOC: fix gh-14518, add release note",8aee0e76c,4fc0784c3,BLD: upgrade to OpenBLAS0.3.10,2
14568,"BLD, DOC: fix gh-14518, add release note",8aee0e76c,22ac0da7f,BLD: use OpenBLAS 0.3.10,2
14568,"BLD, DOC: fix gh-14518, add release note",8aee0e76c,cd2f9f402,"BLD: drop win32 3.7, 3.6 builds",2
14568,"BLD, DOC: fix gh-14518, add release note",8aee0e76c,56d93efee,DOC: add deprecation directive,2
14568,"BLD, DOC: fix gh-14518, add release note",8aee0e76c,a8ec8a95e,BUG: fix PATH from review,2
14568,"BLD, DOC: fix gh-14518, add release note",8aee0e76c,d8054f5d6,BLD: install mingw32 v7.3.0 for win32,2
14568,"BLD, DOC: fix gh-14518, add release note",8aee0e76c,d85fe8788,"DOC: add comment about Acclerate, from review",2
14568,"BLD, DOC: fix gh-14518, add release note",8aee0e76c,40676a620,BUG: fix comment in RST,2
14568,"BLD, DOC: fix gh-14518, add release note",8aee0e76c,ae59835cf,"DOC,ENH: extend error message when Accelerate is detected",2
14568,"BLD, DOC: fix gh-14518, add release note",8aee0e76c,586bc6002,ENH: run tests for __init__.pxd,2
14568,"BLD, DOC: fix gh-14518, add release note",8aee0e76c,83b0c87d6,ENH: add manylinux1 openblas hashes,2
14568,"BLD, DOC: fix gh-14518, add release note",8aee0e76c,2c0640045,BUG: fix signature of PyArray_SearchSorted in __init__.pxd,2
14568,"BLD, DOC: fix gh-14518, add release note",8aee0e76c,5743bd2dd,BUG: fixes from review,2
14568,"BLD, DOC: fix gh-14518, add release note",8aee0e76c,5210048e9,ENH: add win32 hash,2
14568,"BLD, DOC: fix gh-14518, add release note",8aee0e76c,c9422ffb5,ENH: backport scipy changes to openblas download script,2
14568,"BLD, DOC: fix gh-14518, add release note",8aee0e76c,6303c86cc,BUG: skip complex256 arcsinh precision test on glibc2.17,2
14568,"BLD, DOC: fix gh-14518, add release note",8aee0e76c,e00d94b70,restore improperly removed API function,2
14568,"BLD, DOC: fix gh-14518, add release note",8aee0e76c,3edf09c98,ENH: more carefully review 'nogil',2
14568,"BLD, DOC: fix gh-14518, add release note",8aee0e76c,aab329ce1,BUG: use default,2
14568,"BLD, DOC: fix gh-14518, add release note",8aee0e76c,45cff3cc9,ENH: allow choosing which manylinux artifact to download,2
14568,"BLD, DOC: fix gh-14518, add release note",8aee0e76c,d3e63db48,ENH: resync numpy/__init__.pxd with upstream,2
14568,"BLD, DOC: fix gh-14518, add release note",8aee0e76c,bdbcb8568,TST: add tag to __init__.pxd and test that the tag is found,2
14568,"BLD, DOC: fix gh-14518, add release note",8aee0e76c,fc6cd3846,BUG: add missing numpy/__init__.pxd to the wheel,2
14568,"BLD, DOC: fix gh-14518, add release note",8aee0e76c,d9a2ba3bb,TST: use latest released PyPy instead of nightly builds,2
14568,"BLD, DOC: fix gh-14518, add release note",8aee0e76c,f0f357cb0,"BLD: change link, add sha256 check",2
14568,"BLD, DOC: fix gh-14518, add release note",8aee0e76c,f99800fb3,BLD: fix path to libgfortran on macOS,2
14568,"BLD, DOC: fix gh-14518, add release note",8aee0e76c,e2db0a809,DOC: tweak neps/scope.rst,2
14568,"BLD, DOC: fix gh-14518, add release note",8aee0e76c,c0d8fe1f6,BUG: missing 'f' prefix for fstring,2
14568,"BLD, DOC: fix gh-14518, add release note",8aee0e76c,42281e952,ENH: update default MACOSX_DEPLOYMENT_TARGET to 10.9 (from review),2
14568,"BLD, DOC: fix gh-14518, add release note",8aee0e76c,303c70466,ENH: use sysconfig instead of probing Makefile,2
14568,"BLD, DOC: fix gh-14518, add release note",8aee0e76c,68ac1a41e,BLD: use xcode10 for one CI run,2
14568,"BLD, DOC: fix gh-14518, add release note",8aee0e76c,588d08748,BLD: report clang version on macOS,2
14568,"BLD, DOC: fix gh-14518, add release note",8aee0e76c,a126709e3,TST: use draft OpenBLAS build,2
14568,"BLD, DOC: fix gh-14518, add release note",8aee0e76c,3c1f89d91,BUG: fix logic error when nm fails on 32-bit,2
14568,"BLD, DOC: fix gh-14518, add release note",8aee0e76c,336fd8bbe,TST: always use 'python -mpip' not 'pip',2
14568,"BLD, DOC: fix gh-14518, add release note",8aee0e76c,6dc191c2c,BUG: fix doctest exception messages,2
14568,"BLD, DOC: fix gh-14518, add release note",8aee0e76c,9f66b9013,DOC: reorder for a better flow,2
14568,"BLD, DOC: fix gh-14518, add release note",8aee0e76c,eeb9e5061,BLD: consolidate openblas verison check to be self-contained,2
14568,"BLD, DOC: fix gh-14518, add release note",8aee0e76c,eb8a54031,BLD: update OpenBLAS to pre-0.3.9 version,2
14568,"BLD, DOC: fix gh-14518, add release note",8aee0e76c,f1863c599,"BLD: update openblas download to new location, use manylinux2010-base",2
14568,"BLD, DOC: fix gh-14518, add release note",8aee0e76c,10bba3c9e,TST: mask DeprecationWarning in xfailed tests,2
14568,"BLD, DOC: fix gh-14518, add release note",8aee0e76c,fc743a79d,DOC: remove broken link in f2py tutorial,2
14568,"BLD, DOC: fix gh-14518, add release note",8aee0e76c,3f3680d09,BLD: add libfortran needed when using manylinux1 openblas on manylinux2010,2
14568,"BLD, DOC: fix gh-14518, add release note",8aee0e76c,58b35f122,MAINT: typo in name from review,2
14568,"BLD, DOC: fix gh-14518, add release note",8aee0e76c,55f7a49e9,TST: use multilinux2010 docker instead of ubuntu,2
14568,"BLD, DOC: fix gh-14518, add release note",8aee0e76c,49265d163,BLD: manylinux2010 docker reports machine=i686,2
14568,"BLD, DOC: fix gh-14518, add release note",8aee0e76c,ca1b13224,DOC: Document caveat in random.uniform,2
14568,"BLD, DOC: fix gh-14518, add release note",8aee0e76c,5798ce765,"BUG, DOC: restore missing import",2
14568,"BLD, DOC: fix gh-14518, add release note",8aee0e76c,64f7074d2,DOC: add a release note,2
14568,"BLD, DOC: fix gh-14518, add release note",8aee0e76c,db9cc9093,TST: mark the top 3 slowest tests to save ~10 seconds,2
14568,"BLD, DOC: fix gh-14518, add release note",8aee0e76c,6472a7d4e,DOC: fix from review,2
14568,"BLD, DOC: fix gh-14518, add release note",8aee0e76c,ebe7a77d5,DOC: changes from review,2
14568,"BLD, DOC: fix gh-14518, add release note",8aee0e76c,ca85d7183,"DOC, BLD: sphinx 2.2.0 -> 2.3.1 to get rid of deprecation warning",2
14568,"BLD, DOC: fix gh-14518, add release note",8aee0e76c,3404a2c08,DOC: reword release note to unbreak sphinx rendering,2
14568,"BLD, DOC: fix gh-14518, add release note",8aee0e76c,7471b5610,DOC: link and cleanup docstrings in site.cfg.example,2
14568,"BLD, DOC: fix gh-14518, add release note",8aee0e76c,1edb44669,BLD: use 0.3.8dev build of OpenBLAS,2
14568,"BLD, DOC: fix gh-14518, add release note",8aee0e76c,18ab0d378,MAINT: try to avoid spurious warnings in einsum,2
14568,"BLD, DOC: fix gh-14518, add release note",8aee0e76c,879d0e43a,"BLD: use 0.3.7 release version, add dependency on libgfortran5",2
14568,"BLD, DOC: fix gh-14518, add release note",8aee0e76c,21bc6b6e6,"BUILD: use standard build of OpenBLAS for aarch64, ppc64le",2
14568,"BLD, DOC: fix gh-14518, add release note",8aee0e76c,f38504c5b,"MAINT: remove undocumented use of context in __array__(dtype, context)",2
14568,"BLD, DOC: fix gh-14518, add release note",8aee0e76c,16e9d42c1,TST: move _no_tracing to testing._private,2
14568,"BLD, DOC: fix gh-14518, add release note",8aee0e76c,99b4814cb,TST: move pypy CI to ubuntu 18.04,2
14568,"BLD, DOC: fix gh-14518, add release note",8aee0e76c,837f9f548,NEP: document reimplementation,2
14568,"BLD, DOC: fix gh-14518, add release note",8aee0e76c,c2f930017,"MAINT: --std=c99 works, but -std=c99 is better",2
14568,"BLD, DOC: fix gh-14518, add release note",8aee0e76c,18af8e007,"MAINT: add --std=c99 in setup.py, not distutils",2
14568,"BLD, DOC: fix gh-14518, add release note",8aee0e76c,5d1a742d9,DOC: typo in release.rst,2
14568,"BLD, DOC: fix gh-14518, add release note",8aee0e76c,8a748a939,MAINT: refactor function out of test module,2
14568,"BLD, DOC: fix gh-14518, add release note",8aee0e76c,867eb78d2,MAINT: remove dead code from review,2
14568,"BLD, DOC: fix gh-14518, add release note",8aee0e76c,af6e61668,MAINT: unskip test on win32,2
14568,"BLD, DOC: fix gh-14518, add release note",8aee0e76c,ed393b8c5,DOC: add PR for note,2
14568,"BLD, DOC: fix gh-14518, add release note",8aee0e76c,246b72b1c,DOC: add moved modules to 1.18 release note,2
14568,"BLD, DOC: fix gh-14518, add release note",8aee0e76c,28848d79f,BLD: fix signed-unsigned comparison warning,2
14568,"BLD, DOC: fix gh-14518, add release note",8aee0e76c,7914ad176,TST: add value to pytest.ini for pytest6 compatibility,2
14568,"BLD, DOC: fix gh-14518, add release note",8aee0e76c,8b607e0e4,DOC: change to link (from review),2
14568,"BLD, DOC: fix gh-14518, add release note",8aee0e76c,47fbdc1f8,"API, DOC: change names to multivariate_hypergeometric, improve docs",2
14568,"BLD, DOC: fix gh-14518, add release note",8aee0e76c,f6ab00eb6,MAINT: fixes from review,2
14568,"BLD, DOC: fix gh-14518, add release note",8aee0e76c,60608572d,DOC: fix outstanding typo in NumPy version,2
14568,"BLD, DOC: fix gh-14518, add release note",8aee0e76c,522e6241c,"BUG: add endfunction, endsubroutine to valid fortran end words",2
14568,"BLD, DOC: fix gh-14518, add release note",8aee0e76c,b2f270046,DOC: fixes from review,2
14568,"BLD, DOC: fix gh-14518, add release note",8aee0e76c,2b791a590,"API: revert changes to standard_t, cauchy",2
14568,"BLD, DOC: fix gh-14518, add release note",8aee0e76c,aeaee5e0a,DOC: sphinx does not like breaking function declarations over lines,2
14568,"BLD, DOC: fix gh-14518, add release note",8aee0e76c,a2acfa6f2,"API: rename functions in distributions.c,h",2
14568,"BLD, DOC: fix gh-14518, add release note",8aee0e76c,bcd950f0a,"DOC, TST: refactor CFFI test, add file names to documentation",2
14568,"BLD, DOC: fix gh-14518, add release note",8aee0e76c,9b4d0ac95,MAINT: changes from review,2
14568,"BLD, DOC: fix gh-14518, add release note",8aee0e76c,25df5f1cb,MAINT: add test to test_deprecations,2
14568,"BLD, DOC: fix gh-14518, add release note",8aee0e76c,16e805948,DOC: improve the C-API/Cython documentation for random,2
14568,"BLD, DOC: fix gh-14518, add release note",8aee0e76c,d4167c25d,MAINT: fixes from review,2
14568,"BLD, DOC: fix gh-14518, add release note",8aee0e76c,fb3e779ef,DOC: fix docstring of np.linalg.norm,2
14568,"BLD, DOC: fix gh-14518, add release note",8aee0e76c,fc99245b0,DOC: add release note,2
14568,"BLD, DOC: fix gh-14518, add release note",8aee0e76c,a111f1999,TST: skip if cython is not available,2
14568,"BLD, DOC: fix gh-14518, add release note",8aee0e76c,e0519fe66,DOC: document the CFFI example,2
14568,"BLD, DOC: fix gh-14518, add release note",8aee0e76c,dff3c1f90,MAINT: remove deprecation warnings,2
14568,"BLD, DOC: fix gh-14518, add release note",8aee0e76c,0a5e42873,DOC: update note from review,2
14568,"BLD, DOC: fix gh-14518, add release note",8aee0e76c,a413620ed,DOC: fixes from review,2
14568,"BLD, DOC: fix gh-14518, add release note",8aee0e76c,5a52be5d1,"MAINT: ""See also"" -> ""See Also""",2
14568,"BLD, DOC: fix gh-14518, add release note",8aee0e76c,c63f8119a,"DOC, API: add numpy.random.__index__.pxd and document numpy.random.* funcs",2
14568,"BLD, DOC: fix gh-14518, add release note",8aee0e76c,e4f2e1144,"TST: skip cffi tests when PYTHONOPTIMIZE>1, pycparser fails",2
14568,"BLD, DOC: fix gh-14518, add release note",8aee0e76c,866b34025,"API, MAINT: export symbols on MSVC, fix typos",2
14568,"BLD, DOC: fix gh-14518, add release note",8aee0e76c,29b9d3bc0,TST. API: test using distributions.h via cffi,2
14568,"BLD, DOC: fix gh-14518, add release note",8aee0e76c,f3fde3c4d,"DOC, MAINT: fix documentation, remove __init__.py",2
14568,"BLD, DOC: fix gh-14518, add release note",8aee0e76c,521ea2255,MAINT: move numpy/random/examples -> numpy/random/_examples,2
14568,"BLD, DOC: fix gh-14518, add release note",8aee0e76c,e05782302,MAINT: fixes from review,2
14568,"BLD, DOC: fix gh-14518, add release note",8aee0e76c,f48d2c94f,"TST: with no_tracing, coverage tests pass on python3.7",2
14568,"BLD, DOC: fix gh-14518, add release note",8aee0e76c,c5b4ced11,TST: turn off tracing for np.resize tests,2
14568,"BLD, DOC: fix gh-14518, add release note",8aee0e76c,3b8cf7cd6,MAINT: fixes from review,2
14568,"BLD, DOC: fix gh-14518, add release note",8aee0e76c,2dae0a549,NEP: move nep 34 to accepted,2
14568,"BLD, DOC: fix gh-14518, add release note",8aee0e76c,4708211dc,BUILD: remove SSE2 flag from numpy.random builds,2
14568,"BLD, DOC: fix gh-14518, add release note",8aee0e76c,576fc474c,MAINT: fixes from review,2
14568,"BLD, DOC: fix gh-14518, add release note",8aee0e76c,e6a9c112b,"MAINT: revert gh-14800, which gave precedence to OO->O over OO->?",2
14568,"BLD, DOC: fix gh-14518, add release note",8aee0e76c,596d5e613,BLD: add 'apt update' to shippable,2
14568,"BLD, DOC: fix gh-14518, add release note",8aee0e76c,bf6f134ab,MAINT: move buffer.h -> npy_buffer.h to avoid conflicts,2
14568,"BLD, DOC: fix gh-14518, add release note",8aee0e76c,d1067cb1c,MAINT: split lines (from review),2
14568,"BLD, DOC: fix gh-14518, add release note",8aee0e76c,537bca899,BUILD: ignore more build.log warnings,2
14568,"BLD, DOC: fix gh-14518, add release note",8aee0e76c,ca5ae6426,DOC: update link to published link,2
14568,"BLD, DOC: fix gh-14518, add release note",8aee0e76c,96ec81b47,"MAINT: pep8, remove checks of *.py files from --rst check",2
14568,"BLD, DOC: fix gh-14518, add release note",8aee0e76c,620934a18,MAINT: fixes from review,2
14568,"BLD, DOC: fix gh-14518, add release note",8aee0e76c,58282d172,DOC: add vertical space in towncrier template,2
14568,"BLD, DOC: fix gh-14518, add release note",8aee0e76c,7bc36c2c3,TST: fix failing test,2
14568,"BLD, DOC: fix gh-14518, add release note",8aee0e76c,e6168f1eb,DOC: add release note,2
14568,"BLD, DOC: fix gh-14518, add release note",8aee0e76c,fa2aa53b8,"MAINT: revert change to assert_array_equal, adjust tests",2
14568,"BLD, DOC: fix gh-14518, add release note",8aee0e76c,61bd4c2ed,DEP: issue deprecation warning when creating ragged array (NEP 34),2
14568,"BLD, DOC: fix gh-14518, add release note",8aee0e76c,9aa8c4756,DOC: add release note,2
14568,"BLD, DOC: fix gh-14518, add release note",8aee0e76c,5c778954c,"ENH: add OO->? loops, use np.compare(a, b, dtype=bool), add comments",2
14568,"BLD, DOC: fix gh-14518, add release note",8aee0e76c,647ea1908,"WIP, DEP, ENH: finish richcompare changes from 1.10",2
14568,"BLD, DOC: fix gh-14518, add release note",8aee0e76c,f8bf0cab7,NEP: clarify np.ndarray behaviour,2
14568,"BLD, DOC: fix gh-14518, add release note",8aee0e76c,8305449a1,NEP: changes from review,2
14568,"BLD, DOC: fix gh-14518, add release note",8aee0e76c,d1a7be4be,NEP: move 'NEP 29 random' from Accepted to Final,2
14568,"BLD, DOC: fix gh-14518, add release note",8aee0e76c,7d31c1336,NEP: update from comments and PR 14794,2
14568,"BLD, DOC: fix gh-14518, add release note",8aee0e76c,955b2906c,MAINT: fixes from review,2
14568,"BLD, DOC: fix gh-14518, add release note",8aee0e76c,3cf96c801,BUILD: cache c-compiler for system_info stage,2
14568,"BLD, DOC: fix gh-14518, add release note",8aee0e76c,4c2b4d8fb,"BUILD, DOC: remove the std=c99 flag from docs, builds, add release note",2
14568,"BLD, DOC: fix gh-14518, add release note",8aee0e76c,c47061de6,BUILD: try a newer macOS image,2
14568,"BLD, DOC: fix gh-14518, add release note",8aee0e76c,3356d994f,"BUILD: add std=c99 flag for gcc, cleanup error reporting",2
14568,"BLD, DOC: fix gh-14518, add release note",8aee0e76c,396af7def,BUILD: emit more helpful error messages when compiler is broken,2
14568,"BLD, DOC: fix gh-14518, add release note",8aee0e76c,a2a131fb9,"TST, BUILD: add a gcc 4.8 run on ubuntu 18.04",2
14568,"BLD, DOC: fix gh-14518, add release note",8aee0e76c,49c37d9c8,DOC: fixes from review,2
14568,"BLD, DOC: fix gh-14518, add release note",8aee0e76c,ea4e17d73,NEP: explicitly define ragged array,2
14568,"BLD, DOC: fix gh-14518, add release note",8aee0e76c,d6a76ae9c,DOC: changes from review,2
14568,"BLD, DOC: fix gh-14518, add release note",8aee0e76c,3973d2635,DOC: changes from review,2
14568,"BLD, DOC: fix gh-14518, add release note",8aee0e76c,d0be6b656,"NEP: put off discussion of , fixes from review",2
14568,"BLD, DOC: fix gh-14518, add release note",8aee0e76c,5af0ca9c3,TST: changes from review,2
14568,"BLD, DOC: fix gh-14518, add release note",8aee0e76c,0b474e3ee,TST: run refguide-check on rst files in doc/*,2
14568,"BLD, DOC: fix gh-14518, add release note",8aee0e76c,1531642c4,DOC: fix from review,2
14568,"BLD, DOC: fix gh-14518, add release note",8aee0e76c,09708c976,"TEST, DOC: fixes from review",2
14568,"BLD, DOC: fix gh-14518, add release note",8aee0e76c,efaaa9676,DOC: convert `None` to bare None or ``None``,2
14568,"BLD, DOC: fix gh-14518, add release note",8aee0e76c,2300ae084,DOC: fix build failure,2
14568,"BLD, DOC: fix gh-14518, add release note",8aee0e76c,cf2f4e078,DOC: add numpy.shape to index,2
14568,"BLD, DOC: fix gh-14518, add release note",8aee0e76c,08b5907b6,DOC: no `data_as` reference is available,2
14568,"BLD, DOC: fix gh-14518, add release note",8aee0e76c,63f1dab8d,DOC: fix function argument definitions and add vertical space around macros,2
14568,"BLD, DOC: fix gh-14518, add release note",8aee0e76c,4bc65bfc3,DOC: fix output argument reference,2
14568,"BLD, DOC: fix gh-14518, add release note",8aee0e76c,84a5dc190,DOC: add numpy prefix,2
14568,"BLD, DOC: fix gh-14518, add release note",8aee0e76c,bf67c975e,DOC: fix `None` reference from python,2
14568,"BLD, DOC: fix gh-14518, add release note",8aee0e76c,fbf89d812,DOC: typos from review,2
14568,"BLD, DOC: fix gh-14518, add release note",8aee0e76c,e6e0ac113,"NEP: fixes from review, add ragged_array_object function",2
14568,"BLD, DOC: fix gh-14518, add release note",8aee0e76c,185efe1bb,"DOC: clean up for moved references, remove ISeedSequence",2
14568,"BLD, DOC: fix gh-14518, add release note",8aee0e76c,260bf6764,API: move bit_generator and generator to be private,2
14568,"BLD, DOC: fix gh-14518, add release note",8aee0e76c,aeac7d56e,API: remove unused functions from distributions.h,2
14568,"BLD, DOC: fix gh-14518, add release note",8aee0e76c,fbda48495,"API: refactor function names in distribution.{h,c}, refactor float_fill",2
14568,"BLD, DOC: fix gh-14518, add release note",8aee0e76c,7e597f54d,API: make BitGenerators private,2
14568,"BLD, DOC: fix gh-14518, add release note",8aee0e76c,6fd7ec969,"API: rename common, bounded_integers -> _common, _bounded_integers; cleanup",2
14568,"BLD, DOC: fix gh-14518, add release note",8aee0e76c,e527e71f1,API: rearrange the cython files in numpy.random,2
14568,"BLD, DOC: fix gh-14518, add release note",8aee0e76c,6dc23b070,NEP: add default-dtype-object-deprecation nep,2
14568,"BLD, DOC: fix gh-14518, add release note",8aee0e76c,9fc355b54,"BUILD: change to build_src --verbose-cfg, runtests.py --debug-info",2
14568,"BLD, DOC: fix gh-14518, add release note",8aee0e76c,6108b5d1e,BUG: properly define PyArray_DescrCheck,2
14568,"BLD, DOC: fix gh-14518, add release note",8aee0e76c,65e91e4d7,DEP: remove expired deprecation in select,2
14568,"BLD, DOC: fix gh-14518, add release note",8aee0e76c,aa0f7f7a1,"BUILD, DOC: fix 14518, add release note",2
14568,"BLD, DOC: fix gh-14518, add release note",8aee0e76c,928c759a8,BUG: importing build_src breaks setuptools monkeypatch for msvc14,2
14568,"BLD, DOC: fix gh-14518, add release note",8aee0e76c,05bed28f9,BUILD: add warn-error option to turn compiler warnings into errors (-Werror),2
14568,"BLD, DOC: fix gh-14518, add release note",8aee0e76c,492fdab94,DOC: improve help string,2
14568,"BLD, DOC: fix gh-14518, add release note",8aee0e76c,2e4af96e9,"DOC, BUILD: make build_src more discoverable",2
14568,"BLD, DOC: fix gh-14518, add release note",8aee0e76c,cdf67fa06,"MAINT: move the option to build_src, simplifies logic",2
14568,"BLD, DOC: fix gh-14518, add release note",8aee0e76c,55df75a94,BUG: fixes from review,2
14568,"BLD, DOC: fix gh-14518, add release note",8aee0e76c,a68c5b8a8,BUILD: mostly restore verbose output on CI (except for pip install),2
14568,"BLD, DOC: fix gh-14518, add release note",8aee0e76c,f54877465,"BUILD: fix runtests.py option, fix previous changeset",2
14568,"BLD, DOC: fix gh-14518, add release note",8aee0e76c,4729f3f3f,BUILD: only report these headers with --debug-configure,2
14568,"BLD, DOC: fix gh-14518, add release note",8aee0e76c,985234060,"BUILD: add --debug-configure option to reduce output, use logger more",2
14568,"BLD, DOC: fix gh-14518, add release note",8aee0e76c,976fff7d1,"DOC,BUG: remove section header, add redundant text to leave a blank line",2
14568,"BLD, DOC: fix gh-14518, add release note",8aee0e76c,274d17c08,BUG: change non-compliant file name,2
14568,"BLD, DOC: fix gh-14518, add release note",8aee0e76c,b5b9f2c4f,"BUILD, MAINT: run tests with verbose for PyPY, also do not leak resource",2
14568,"BLD, DOC: fix gh-14518, add release note",8aee0e76c,dedc4178f,"DOC, BUILD: use sphinx 2.2.0, add autosummary/base.rst for properties",2
14568,"BLD, DOC: fix gh-14518, add release note",8aee0e76c,62e384a73,DOC: remove random.entropy from docs,2
14568,"BLD, DOC: fix gh-14518, add release note",8aee0e76c,470e3b1c9,DOC: removed random.entropy from documentation,2
14568,"BLD, DOC: fix gh-14518, add release note",8aee0e76c,2ec51d9d1,DOC: add release note,2
14568,"BLD, DOC: fix gh-14518, add release note",8aee0e76c,60feac0e7,MAINT: remove the entropy c-extension module,2
14568,"BLD, DOC: fix gh-14518, add release note",8aee0e76c,7ff2f96b7,BUG: fix compiler warnings,2
14568,"BLD, DOC: fix gh-14518, add release note",8aee0e76c,4ee28be80,"MAINT: use tmp pointers to allow early break; add tests, release note",2
14568,"BLD, DOC: fix gh-14518, add release note",8aee0e76c,2903d86b9,BUG: add a specialized loop for boolean matmul,2
14568,"BLD, DOC: fix gh-14518, add release note",8aee0e76c,037a613fb,"MAINT: use test_requirements.txt in tox and shippable, ship it too",2
14568,"BLD, DOC: fix gh-14518, add release note",8aee0e76c,2b250b0d6,"ENH: supply our version of numpy.pxd, adjust as needed",2
14568,"BLD, DOC: fix gh-14518, add release note",8aee0e76c,34889b221,TEST: remove build job since we now use Dependabot,2
14568,"BLD, DOC: fix gh-14518, add release note",8aee0e76c,21275c601,"MAINT: update dependencies, add nose",2
14568,"BLD, DOC: fix gh-14518, add release note",8aee0e76c,fa0337900,"BUG: skip new test on windows, 32-bit",2
14568,"BLD, DOC: fix gh-14518, add release note",8aee0e76c,3860b77e4,DOC: document numpy/doc update process,2
14568,"BLD, DOC: fix gh-14518, add release note",8aee0e76c,2accb7cd3,"BUG: test, fix regression in converting to ctypes",2
14568,"BLD, DOC: fix gh-14518, add release note",8aee0e76c,e5f4c29b1,TEST: try to fail the build if there are new packages,2
14568,"BLD, DOC: fix gh-14518, add release note",8aee0e76c,bfe255f6b,BUILD: move all test dependencies to ./test_requirements.txt,2
14568,"BLD, DOC: fix gh-14518, add release note",8aee0e76c,9f3e2cbc4,BUG: remove file unintentionally preserved,2
14568,"BLD, DOC: fix gh-14518, add release note",8aee0e76c,19a1dafc2,move 1.17.1 release note to new layout in this PR,2
14568,"BLD, DOC: fix gh-14518, add release note",8aee0e76c,1af52dfdf,"DOC: add toc to top-level release.rst, remove old document",2
14568,"BLD, DOC: fix gh-14518, add release note",8aee0e76c,bc74b3185,BUG: revert detecting and raising error on ragged arrays,2
14568,"BLD, DOC: fix gh-14518, add release note",8aee0e76c,b17656362,DOC: remove scipy.org from the breadcrumb formattiong,2
14568,"BLD, DOC: fix gh-14518, add release note",8aee0e76c,0e26a5221,DOC: add header to documentation pages,2
14568,"BLD, DOC: fix gh-14518, add release note",8aee0e76c,f88a87ab2,DOC: add backlinks to numpy.org,2
14568,"BLD, DOC: fix gh-14518, add release note",8aee0e76c,35c89902b,"BUILD, DOC: add merge-doc target to update the numpy/doc repo",2
14568,"BLD, DOC: fix gh-14518, add release note",8aee0e76c,3bfdd314c,DOC: update or remove outdated sourceforge links,2
14568,"BLD, DOC: fix gh-14518, add release note",8aee0e76c,f6cf3c7a7,ENH: use towncrier to build the release note,2
14568,"BLD, DOC: fix gh-14518, add release note",8aee0e76c,0b8f985b9,"DOC, BUILD: cleanups and fix (again) 'build dist'",2
14568,"BLD, DOC: fix gh-14518, add release note",8aee0e76c,8b2665552,ENH: add pyproject.toml,2
14568,"BLD, DOC: fix gh-14518, add release note",8aee0e76c,f96676467,DOC: show workaround for backward compatibility,2
14568,"BLD, DOC: fix gh-14518, add release note",8aee0e76c,af5b52b75,"BUILD: adapt ""make version-check"" to ""make dist""",2
14568,"BLD, DOC: fix gh-14518, add release note",8aee0e76c,9e620274a,"DOC: emphasize need for matching numpy, git versions",2
14568,"BLD, DOC: fix gh-14518, add release note",8aee0e76c,b8c885d09,DOC: add space between words across lines,2
14568,"BLD, DOC: fix gh-14518, add release note",8aee0e76c,45c4a8dc0,DOC: point out the shortcomings of add_newdocs,2
14568,"BLD, DOC: fix gh-14518, add release note",8aee0e76c,3c2e2703f,"ENH, BUILD: refactor all OpenBLAS downloads into a single, testable file",2
14568,"BLD, DOC: fix gh-14518, add release note",8aee0e76c,d8e145743,DOC: emphasize random API changes,2
14568,"BLD, DOC: fix gh-14518, add release note",8aee0e76c,6fdf488e9,ENH: improve error message for ragged-array creation failure,2
14568,"BLD, DOC: fix gh-14518, add release note",8aee0e76c,14c333972,MAINT: move location of bitgen.h,2
14568,"BLD, DOC: fix gh-14518, add release note",8aee0e76c,73ae703f1,DOC: fix reference links,2
14568,"BLD, DOC: fix gh-14518, add release note",8aee0e76c,5c5965c1e,DOC: fixup docs for current set of BitGenerators,2
14568,"BLD, DOC: fix gh-14518, add release note",8aee0e76c,0897a68a1,BUG: fix PCG64 ng->inc.high initialization,2
14568,"BLD, DOC: fix gh-14518, add release note",8aee0e76c,c69f90c39,"MAINT: remove leftover files, fix docs",2
14568,"BLD, DOC: fix gh-14518, add release note",8aee0e76c,efa35e738,ENH: use SeedSequence to generate entropy for seeding,2
14568,"BLD, DOC: fix gh-14518, add release note",8aee0e76c,02f63e0f3,MAINT: remove xoshiro* BitGenerators,2
14568,"BLD, DOC: fix gh-14518, add release note",8aee0e76c,578cf4284,MAINT: remove ThreeFry BitGenerator,2
14568,"BLD, DOC: fix gh-14518, add release note",8aee0e76c,083be1f81,MAINT: remove pcg32 BitGenerator,2
14568,"BLD, DOC: fix gh-14518, add release note",8aee0e76c,5e687255f,MAINT: add script to local repo,2
14568,"BLD, DOC: fix gh-14518, add release note",8aee0e76c,9fe7fec9a,BUILD: use openblas_support.py from numpy-wheels to create _distributor_init.py,2
14568,"BLD, DOC: fix gh-14518, add release note",8aee0e76c,91d345150,MAINT: remove dSFMT,2
14568,"BLD, DOC: fix gh-14518, add release note",8aee0e76c,ebcaa4821,DOC: add a NumPyC syntax format that accepts our preprocessor @TYPE@ macros,2
14568,"BLD, DOC: fix gh-14518, add release note",8aee0e76c,57c7d8dc9,MAINT: fix use of cache_dim,2
14568,"BLD, DOC: fix gh-14518, add release note",8aee0e76c,8c275a112,TEST: add passing test,2
14568,"BLD, DOC: fix gh-14518, add release note",8aee0e76c,70d6293bf,MAINT: fix for dtype specification,2
14568,"BLD, DOC: fix gh-14518, add release note",8aee0e76c,0d3d1b172,"BUG: special case object arrays when printing rel-, abs-error",2
14568,"BLD, DOC: fix gh-14518, add release note",8aee0e76c,b8e741c66,BUG: setup.py install --skip-build fails,2
14568,"BLD, DOC: fix gh-14518, add release note",8aee0e76c,cdb2b0feb,"MAINT: remove tomaxint, random_sample from generator",2
14568,"BLD, DOC: fix gh-14518, add release note",8aee0e76c,19b48e2c6,"BUG: test, fix missing return to deprecated function",2
14568,"BLD, DOC: fix gh-14518, add release note",8aee0e76c,4e6a81273,MAINT: remove pre-randomgen _mtrand,2
14568,"BLD, DOC: fix gh-14518, add release note",8aee0e76c,113560b57,"ENH: always use zip64, upgrade pickle protocol to 3",2
14568,"BLD, DOC: fix gh-14518, add release note",8aee0e76c,060c6695b,merge master into branch,2
14568,"BLD, DOC: fix gh-14518, add release note",8aee0e76c,3349fec43,NEP: update NEP 19 with API terminology,2
14568,"BLD, DOC: fix gh-14518, add release note",8aee0e76c,3d19ae92a,"MAINT: remove threefry32, xoroshiro128, xorshift1024 BitGenerators",2
14568,"BLD, DOC: fix gh-14518, add release note",8aee0e76c,e058ae46f,MAINT: remove unused file,2
14568,"BLD, DOC: fix gh-14518, add release note",8aee0e76c,17e0070df,MAINT: Implement API changes for randomgen-derived code,2
14568,"BLD, DOC: fix gh-14518, add release note",8aee0e76c,86212292e,"DOC: tighten up documentation, add a table of comparison",2
14568,"BLD, DOC: fix gh-14518, add release note",8aee0e76c,b9b9d70f0,"MAINT: remove legacy, refactor legacy -> mtrand in docs",2
14568,"BLD, DOC: fix gh-14518, add release note",8aee0e76c,7a4179485,"DOC: fix doctests, move numpy.random -> numpy.random.gen in generator.pyx",2
14568,"BLD, DOC: fix gh-14518, add release note",8aee0e76c,bb7abf2d5,ENH: add instance of RandomGenerator(Xoshiro512StarStar) as gen,2
14568,"BLD, DOC: fix gh-14518, add release note",8aee0e76c,9578dcfbe,BUG: __dealloc__ can be called without __init__ in some error modes,2
14568,"BLD, DOC: fix gh-14518, add release note",8aee0e76c,c53b2eb72,BENCH: convert bencmarks to asv format,2
14568,"BLD, DOC: fix gh-14518, add release note",8aee0e76c,fa8af41c9,BUILD: move files out of _randomgen,2
14568,"BLD, DOC: fix gh-14518, add release note",8aee0e76c,56201bb0c,TEST: add test for non-contiguous input to ufuncs,2
14568,"BLD, DOC: fix gh-14518, add release note",8aee0e76c,bd73a1536,MAINT: remove uneeded code,2
14568,"BLD, DOC: fix gh-14518, add release note",8aee0e76c,b415ffad5,ENH: changes from review,2
14568,"BLD, DOC: fix gh-14518, add release note",8aee0e76c,8c4d4bb73,BUG: fix for big-endian systems,2
14568,"BLD, DOC: fix gh-14518, add release note",8aee0e76c,fa7096054,"BUG: parametrize tests, fix for interaction of count, order",2
14568,"BLD, DOC: fix gh-14518, add release note",8aee0e76c,c2de04da9,"ENH: add 'order' keyword to packbits, unpackbits",2
14568,"BLD, DOC: fix gh-14518, add release note",8aee0e76c,92d74d04e,TEST: tweak two slow tests to speed them up,2
14568,"BLD, DOC: fix gh-14518, add release note",8aee0e76c,de32873dc,"BUG: test all ufunc.types for return type, fix for exp, log",2
14568,"BLD, DOC: fix gh-14518, add release note",8aee0e76c,5d7680896,TEST: add duration report to tests,2
14568,"BLD, DOC: fix gh-14518, add release note",8aee0e76c,b90addd13,BUG: parse more subarrays in descr_to_dtype,2
14568,"BLD, DOC: fix gh-14518, add release note",8aee0e76c,1f1e8f94e,BUG: missing git raises an OSError,2
14568,"BLD, DOC: fix gh-14518, add release note",8aee0e76c,512c6451f,DOC: document existance of linalg backends,2
14568,"BLD, DOC: fix gh-14518, add release note",8aee0e76c,76b83a7e4,BUG: blindly add TypeError to accepted exceptions,2
14568,"BLD, DOC: fix gh-14518, add release note",8aee0e76c,666d92ac8,BUG: handle subarrays in descr_to_dtype,2
14568,"BLD, DOC: fix gh-14518, add release note",8aee0e76c,22e6aa46f,DOC: add release note,2
14568,"BLD, DOC: fix gh-14518, add release note",8aee0e76c,6424fee34,"BUILD, BUG: fix from review, fix bug in git_version",2
14568,"BLD, DOC: fix gh-14518, add release note",8aee0e76c,78a2d9d3a,DOC: fix typos in dev/index,2
14568,"BLD, DOC: fix gh-14518, add release note",8aee0e76c,3f8b40667,DOC: changes from review,2
14568,"BLD, DOC: fix gh-14518, add release note",8aee0e76c,f402a691a,"MAINT: use openblas, gfortran, tweak azure and comment mro (from review)",2
14568,"BLD, DOC: fix gh-14518, add release note",8aee0e76c,3ad01dbc1,"DOC: reorganize developer docs, use scikit-image as a base for change",2
14568,"BLD, DOC: fix gh-14518, add release note",8aee0e76c,730bae989,DOC: fixes from review,2
14568,"BLD, DOC: fix gh-14518, add release note",8aee0e76c,a641ef245,MAINT: move gc.collect to function (from review),2
14568,"BLD, DOC: fix gh-14518, add release note",8aee0e76c,e67f8c7f7,TEST: update for PyPy,2
14568,"BLD, DOC: fix gh-14518, add release note",8aee0e76c,c09fadcc8,DEV: add pypy3 to azure CI,2
14568,"BLD, DOC: fix gh-14518, add release note",8aee0e76c,5d43b09b0,MAINT: mention 'make dist' in error messsage,2
14568,"BLD, DOC: fix gh-14518, add release note",8aee0e76c,be8ef7d32,BUILD: allow version-check to pass if GITVER is Unknown (sdist build),2
14568,"BLD, DOC: fix gh-14518, add release note",8aee0e76c,01fb828e8,BUILD: fail documentation build if numpy version does not match,2
14568,"BLD, DOC: fix gh-14518, add release note",8aee0e76c,f179d23b7,BUILD: remove unused file,2
14568,"BLD, DOC: fix gh-14518, add release note",8aee0e76c,0f4dc765e,DOC: add more info to failure message,2
14568,"BLD, DOC: fix gh-14518, add release note",8aee0e76c,4006dc352,DOC: update numpydoc to latest master,2
14568,"BLD, DOC: fix gh-14518, add release note",8aee0e76c,4ed097bbd,BUG: fix from review,2
14568,"BLD, DOC: fix gh-14518, add release note",8aee0e76c,bea49b553,BUG: fixes from review,2
14568,"BLD, DOC: fix gh-14518, add release note",8aee0e76c,44a788b9e,"BUG: raise on empty sequence input to unravel_index, ravel_index_multi; clarify error msg",2
14568,"BLD, DOC: fix gh-14518, add release note",8aee0e76c,43972706d,BUILD: pin sphinx to before-2.0.0,2
14568,"BLD, DOC: fix gh-14518, add release note",8aee0e76c,d30171293,"DOC, BUILD: fail the devdoc build if there are warnings",2
14568,"BLD, DOC: fix gh-14518, add release note",8aee0e76c,0ed275c4a,BUILD: update numpydocs to latest version,2
14568,"BLD, DOC: fix gh-14518, add release note",8aee0e76c,32129453d,DEV: cleanup imports and some assignments (from LGTM),2
14568,"BLD, DOC: fix gh-14518, add release note",8aee0e76c,8f778b881,BUILD: use 'quiet' when building docs,2
14568,"BLD, DOC: fix gh-14518, add release note",8aee0e76c,2daaf24b8,"DOC: update scipy-sphinx-theme, fixes search",2
14568,"BLD, DOC: fix gh-14518, add release note",8aee0e76c,0be56a4ce,DOC: add release note,2
14568,"BLD, DOC: fix gh-14518, add release note",8aee0e76c,75b81014b,DOC: remove -n to make this mergeable,2
14568,"BLD, DOC: fix gh-14518, add release note",8aee0e76c,fb08e1171,DOC: fix references in docs,2
14568,"BLD, DOC: fix gh-14518, add release note",8aee0e76c,be0803611,DEP: deprecate exec_command,2
14568,"BLD, DOC: fix gh-14518, add release note",8aee0e76c,c8a8f524f,"TEST: allow margin of error, increase discoverability of refcheck option",2
14568,"BLD, DOC: fix gh-14518, add release note",8aee0e76c,dff1f5d25,BUILD: sphinx 1.8.3 can be used with our outdated templates,2
14568,"BLD, DOC: fix gh-14518, add release note",8aee0e76c,acecd26c2,MAINT: remove undocumented __buffer__ attribute lookup,2
14568,"BLD, DOC: fix gh-14518, add release note",8aee0e76c,005dfd23a,DOC: typo (thanks ev-br),2
14568,"BLD, DOC: fix gh-14518, add release note",8aee0e76c,6f1b386e3,DOC: revert #13058 and fix Makefile,2
14568,"BLD, DOC: fix gh-14518, add release note",8aee0e76c,76099ada3,DOC: fixes from review,2
14568,"BLD, DOC: fix gh-14518, add release note",8aee0e76c,2f41bb26b,DOC: fixes from review,2
14568,"BLD, DOC: fix gh-14518, add release note",8aee0e76c,62433284d,"DOC: reduce warnings when building, reword, tweak doc building",2
14568,"BLD, DOC: fix gh-14518, add release note",8aee0e76c,1e49ad442,BUG: fixes from review,2
14568,"BLD, DOC: fix gh-14518, add release note",8aee0e76c,3993652c4,BUG: fixes from review,2
14568,"BLD, DOC: fix gh-14518, add release note",8aee0e76c,6f1ecd772,BUG: fixes from review,2
14568,"BLD, DOC: fix gh-14518, add release note",8aee0e76c,7f5d26515,BUG: remove error-prone borrowed reference handling,2
14568,"BLD, DOC: fix gh-14518, add release note",8aee0e76c,af4b7aa1d,BUG: __array_interface__ offset was always ignored,2
14568,"BLD, DOC: fix gh-14518, add release note",8aee0e76c,b66d8357d,DOC: fixes from review,2
14568,"BLD, DOC: fix gh-14518, add release note",8aee0e76c,3aab0d5ed,DOC: reflect changes from #5822 (May 2015) in the docs,2
14568,"BLD, DOC: fix gh-14518, add release note",8aee0e76c,723345ca8,MAINT: refactor logic from review,2
14568,"BLD, DOC: fix gh-14518, add release note",8aee0e76c,f07adb36c,MAINT: fixes from review,2
14568,"BLD, DOC: fix gh-14518, add release note",8aee0e76c,944dd6ee7,"BUG: test, fix for trying to register a loop again",2
14568,"BLD, DOC: fix gh-14518, add release note",8aee0e76c,dc17ad68a,MAINT: remove complicated test of multiarray import failure mode,2
14568,"BLD, DOC: fix gh-14518, add release note",8aee0e76c,375cbca1d,BUG: fail if old multiarray module detected,2
14568,"BLD, DOC: fix gh-14518, add release note",8aee0e76c,4117921f5,ENH: add _dtype_ctype to namespace for freeze analysis,2
14568,"BLD, DOC: fix gh-14518, add release note",8aee0e76c,2b5b00985,BUG: ndarrays pickled by 1.16 cannot be loaded by 1.15.4 and lower,2
14568,"BLD, DOC: fix gh-14518, add release note",8aee0e76c,b66634009,DOC: link to benchmarking info,2
14568,"BLD, DOC: fix gh-14518, add release note",8aee0e76c,bf66e107f,TEST: pin mingw version,2
14568,"BLD, DOC: fix gh-14518, add release note",8aee0e76c,2d04c63a7,TEST: use xenial by default for travis,2
14568,"BLD, DOC: fix gh-14518, add release note",8aee0e76c,6c21238ac,DOC: fixes from review,2
14568,"BLD, DOC: fix gh-14518, add release note",8aee0e76c,d2a6daead,"DOC: remove python2-only methods, small cleanups",2
14568,"BLD, DOC: fix gh-14518, add release note",8aee0e76c,8cecce551,BUG: resolve writeback in arr_insert failure paths,2
14568,"BLD, DOC: fix gh-14518, add release note",8aee0e76c,d26842f9c,"BUG, DOC: test, fix that f2py.compile accepts str and bytes, rework docs",2
14568,"BLD, DOC: fix gh-14518, add release note",8aee0e76c,adfaafba9,BUG: double decref of dtype in failure codepath. Test and fix,2
14568,"BLD, DOC: fix gh-14518, add release note",8aee0e76c,40b6dc50d,DOC: remove recocmendation to add main for testing,2
14568,"BLD, DOC: fix gh-14518, add release note",8aee0e76c,84286e6f7,TEST:add test for gh-11221,2
14568,"BLD, DOC: fix gh-14518, add release note",8aee0e76c,7fea4027f,"TEST: activate doctests on doc.structured_arrays, fix for pure doc module",2
14568,"BLD, DOC: fix gh-14518, add release note",8aee0e76c,db6f50b27,DOC: doctest structured array introduction,2
14568,"BLD, DOC: fix gh-14518, add release note",8aee0e76c,bf774905e,BENCH: quiet warnings in benchmarks,2
14568,"BLD, DOC: fix gh-14518, add release note",8aee0e76c,33bbcf5ad,ENH: chain additional exception on ufunc method lookup error,2
14568,"BLD, DOC: fix gh-14518, add release note",8aee0e76c,c088383cb,BUG: loosen kwargs requirements in ediff1d,2
14568,"BLD, DOC: fix gh-14518, add release note",8aee0e76c,0bdf90ca1,"DEV: remove _arg from public API, add matmul to benchmark ufuncs",2
14568,"BLD, DOC: fix gh-14518, add release note",8aee0e76c,217f13b95,"ENH: remove ""Invalid value"" warnings from median, percentile",2
14568,"BLD, DOC: fix gh-14518, add release note",8aee0e76c,c40e946c1,DOC: update 2018 -> 2019,2
14568,"BLD, DOC: fix gh-14518, add release note",8aee0e76c,de4c4ef7e,MAINT: improve comments,2
14568,"BLD, DOC: fix gh-14518, add release note",8aee0e76c,16c30d03f,BUG: add case for longdouble alignment size,2
14568,"BLD, DOC: fix gh-14518, add release note",8aee0e76c,d2ec5a1ce,DEV: activate assert code in 32bit linux via -UNDEBUG,2
14568,"BLD, DOC: fix gh-14518, add release note",8aee0e76c,c3b7ed0f1,DEV: add test for 'python -mnumpy.f2py',2
14568,"BLD, DOC: fix gh-14518, add release note",8aee0e76c,d5200bdd2,BUG: check for errors after PyArray_DESCR_REPLACE,2
14568,"BLD, DOC: fix gh-14518, add release note",8aee0e76c,7a7dc347c,BUG: be sure to set returned value to NULL,2
14568,"BLD, DOC: fix gh-14518, add release note",8aee0e76c,4c696a070,DOC: fix some doctest failures,2
14568,"BLD, DOC: fix gh-14518, add release note",8aee0e76c,6379f3eb7,MAINT: return Py_None not NULL,2
14568,"BLD, DOC: fix gh-14518, add release note",8aee0e76c,33b72d2a3,BUG: fix from review,2
14568,"BLD, DOC: fix gh-14518, add release note",8aee0e76c,e41e97d86,BUG: fix refcount issue caused by #12524,2
14568,"BLD, DOC: fix gh-14518, add release note",8aee0e76c,ff32c7fc0,MAINT: unify error messages,2
14568,"BLD, DOC: fix gh-14518, add release note",8aee0e76c,524faa53c,DEV: remove travis 32 bit chroot job since it is running on azure,2
14568,"BLD, DOC: fix gh-14518, add release note",8aee0e76c,b51315671,"STY: add space after ""if""",2
14568,"BLD, DOC: fix gh-14518, add release note",8aee0e76c,7dcee0028,DOC: rearrange comment sequence from review,2
14568,"BLD, DOC: fix gh-14518, add release note",8aee0e76c,31bd28c5f,STY: add comment for future maintainers,2
14568,"BLD, DOC: fix gh-14518, add release note",8aee0e76c,508c0f44e,STY: bracket if blocks with braces,2
14568,"BLD, DOC: fix gh-14518, add release note",8aee0e76c,11e0707c8,DEV: add ctags option file,2
14568,"BLD, DOC: fix gh-14518, add release note",8aee0e76c,a3be55e49,"MAINT: comment, fix from review",2
14568,"BLD, DOC: fix gh-14518, add release note",8aee0e76c,fb0b703b9,"WIP, BUG: reorder operations for VS2015",2
14568,"BLD, DOC: fix gh-14518, add release note",8aee0e76c,1c7a2f928,BUG: call PyType_Ready before using type,2
14568,"BLD, DOC: fix gh-14518, add release note",8aee0e76c,e64354e01,MAINT: call PySequence_Fast() before any other PySequence_Fast* funcs,2
14568,"BLD, DOC: fix gh-14518, add release note",8aee0e76c,f7a9fac90,"BUG: test, fix matmul, dot for vector array with stride[i]=0",2
14568,"BLD, DOC: fix gh-14518, add release note",8aee0e76c,18476f528,DOC: add a comment detailing the output ufunc flag choices,2
14568,"BLD, DOC: fix gh-14518, add release note",8aee0e76c,0f59087af,"BUG: test, fix for threshold='nan'",2
14568,"BLD, DOC: fix gh-14518, add release note",8aee0e76c,72f2abf34,ENH: corrections and fixes from review,2
14568,"BLD, DOC: fix gh-14518, add release note",8aee0e76c,a2202b944,"BUG: disallow setting flag to writeable if isinstance(a.base, (str, bytes))",2
14568,"BLD, DOC: fix gh-14518, add release note",8aee0e76c,8c9450a7f,ENH: make matmul into a ufunc,2
14568,"BLD, DOC: fix gh-14518, add release note",8aee0e76c,2552e57af,MAINT: refactor datetime.c_metadata creation,2
14568,"BLD, DOC: fix gh-14518, add release note",8aee0e76c,51e9a0283,"BUG: test, fix NPY_VISIBILITY_HIDDEN on gcc, which becomes NPY_NO_EXPORT",2
14568,"BLD, DOC: fix gh-14518, add release note",8aee0e76c,e85233f41,DEP: remove deprecated numpy.lib.function_base.unique,2
14568,"BLD, DOC: fix gh-14518, add release note",8aee0e76c,b697a9ad1,DEV remove shim added in 1.4,2
14568,"BLD, DOC: fix gh-14518, add release note",8aee0e76c,e303ad07d,ENH: do not emit compilation warning if using old API,2
14568,"BLD, DOC: fix gh-14518, add release note",8aee0e76c,a22275568,MAINT: fix from review,2
14568,"BLD, DOC: fix gh-14518, add release note",8aee0e76c,62e47c34b,"BUG: fix for titles, cleanup, fixes from review",2
14568,"BLD, DOC: fix gh-14518, add release note",8aee0e76c,c42846efb,NEP: move nep 15 from accepted to final,2
14568,"BLD, DOC: fix gh-14518, add release note",8aee0e76c,e7e1645a6,BUG: do not override exception on import failure,2
14568,"BLD, DOC: fix gh-14518, add release note",8aee0e76c,1956ada85,"BUG: test, fix loading structured dtypes with padding",2
14568,"BLD, DOC: fix gh-14518, add release note",8aee0e76c,08a2e4503,DOC: reword from review,2
14568,"BLD, DOC: fix gh-14518, add release note",8aee0e76c,e6a31efdc,force python3 in chroot,2
14568,"BLD, DOC: fix gh-14518, add release note",8aee0e76c,8cdc8d6a1,"DOC: fixes from review, fix references",2
14568,"BLD, DOC: fix gh-14518, add release note",8aee0e76c,621f477a7,BUILD: use system python3 in the chroot,2
14568,"BLD, DOC: fix gh-14518, add release note",8aee0e76c,96d8ada9b,BUILD: force LGTM to use cython>=0.29,2
14568,"BLD, DOC: fix gh-14518, add release note",8aee0e76c,46452b360,"BUG: always clear floatstatus_invalid in max, min",2
14568,"BLD, DOC: fix gh-14518, add release note",8aee0e76c,b59819bf2,tweak and mark NEP 0027 as final,2
14568,"BLD, DOC: fix gh-14518, add release note",8aee0e76c,dd7f69421,DOC: add broadcasting article from scipy old-wiki,2
14568,"BLD, DOC: fix gh-14518, add release note",8aee0e76c,b8d954351,DOC: revise release note,2
14568,"BLD, DOC: fix gh-14518, add release note",8aee0e76c,1490fc84e,DOC: move C style guide to dev section,2
14568,"BLD, DOC: fix gh-14518, add release note",8aee0e76c,00e8e165a,DOC: remove duplicate and outdated DOC,2
14568,"BLD, DOC: fix gh-14518, add release note",8aee0e76c,aeefb51cb,DOC: remove old docs while adding bits of it where appropriate (part one),2
14568,"BLD, DOC: fix gh-14518, add release note",8aee0e76c,d17edb39d,DOC: fixes from review,2
14568,"BLD, DOC: fix gh-14518, add release note",8aee0e76c,24c9faac7,MAINT: rearrange logic to not set FP invalid register where possible,2
14568,"BLD, DOC: fix gh-14518, add release note",8aee0e76c,da3d16265,"ENH: maximum, minimum no longer emit warnings on NAN",2
14568,"BLD, DOC: fix gh-14518, add release note",8aee0e76c,fc60b2725,DOC: add missing docs,2
14568,"BLD, DOC: fix gh-14518, add release note",8aee0e76c,73c5a5aca,DEP: deprecate np.set_numeric_ops and friends,2
14568,"BLD, DOC: fix gh-14518, add release note",8aee0e76c,9afa2f798,MAINT: refactor ufunc operand flag handling and 'where mask' handling,2
14568,"BLD, DOC: fix gh-14518, add release note",8aee0e76c,5085831a0,"NEP: Add ""Provisional"" status and move nep 18 to provisional",2
14568,"BLD, DOC: fix gh-14518, add release note",8aee0e76c,47d30cb78,NEP: change toc title sorting,2
14568,"BLD, DOC: fix gh-14518, add release note",8aee0e76c,ad47653f7,MAINT: fix c comment from review,2
14568,"BLD, DOC: fix gh-14518, add release note",8aee0e76c,c8e15bafb,MAINT: changes from review,2
14568,"BLD, DOC: fix gh-14518, add release note",8aee0e76c,1f027a6e8,NEP: change changeset to commit for git,2
14568,"BLD, DOC: fix gh-14518, add release note",8aee0e76c,85b432da7,NEP: fixes from review,2
14568,"BLD, DOC: fix gh-14518, add release note",8aee0e76c,9368e3406,NEP: Add zero-rank arrays historical info NEP,2
14568,"BLD, DOC: fix gh-14518, add release note",8aee0e76c,1205e196a,DOC: tweak docs from review,2
14568,"BLD, DOC: fix gh-14518, add release note",8aee0e76c,7ef2b3ab6,"MAINT: formatting, remove version, rework flags",2
14568,"BLD, DOC: fix gh-14518, add release note",8aee0e76c,a3e752b49,MAINT: remove unused label from review,2
14568,"BLD, DOC: fix gh-14518, add release note",8aee0e76c,367f05a9d,"MAINT: remove macro, platforms that defined it will now fail to build",2
14568,"BLD, DOC: fix gh-14518, add release note",8aee0e76c,1c2abd364,DEP: deprecate asscalar,2
14568,"BLD, DOC: fix gh-14518, add release note",8aee0e76c,f92c57e0a,BUG: fix PyDataType_ISBOOL,2
14568,"BLD, DOC: fix gh-14518, add release note",8aee0e76c,300e9f1c1,ENH: check getfield arguments to prevent invalid memory access,2
14568,"BLD, DOC: fix gh-14518, add release note",8aee0e76c,1293f4370,BUG: refactor float error status to support Alpine linux,2
14568,"BLD, DOC: fix gh-14518, add release note",8aee0e76c,dc8078f3e,DOC: tweak grammar,2
14568,"BLD, DOC: fix gh-14518, add release note",8aee0e76c,b0308d1a6,:DOC: update to reflect API changes,2
14568,"BLD, DOC: fix gh-14518, add release note",8aee0e76c,146236275,ENH: increment and use NPY_API_VERSION in PyUFuncObject->version,2
14568,"BLD, DOC: fix gh-14518, add release note",8aee0e76c,6497835ce,BLD: pin sphinx to 1.7.9,2
14568,"BLD, DOC: fix gh-14518, add release note",8aee0e76c,46083ffa0,MAINT: remove duplicate imports,2
14568,"BLD, DOC: fix gh-14518, add release note",8aee0e76c,df68e6485,BUG: reused otmp caused refcount problem,2
14568,"BLD, DOC: fix gh-14518, add release note",8aee0e76c,e9d3e2045,BUG: check return value from PyArray_PromoteTypes,2
14568,"BLD, DOC: fix gh-14518, add release note",8aee0e76c,a6a0b0f6f,DOC: warn about directly using PyUFuncObject and PyArray_Descr,2
14568,"BLD, DOC: fix gh-14518, add release note",8aee0e76c,35c9c25ae,STY: fix from review,2
14568,"BLD, DOC: fix gh-14518, add release note",8aee0e76c,1ebcc853e,BUG: fix refcount leak in PyArray_AdaptFlexibleDType,2
14568,"BLD, DOC: fix gh-14518, add release note",8aee0e76c,2ae3ae228,DOC: update for changes in d8a8e4536,2
14568,"BLD, DOC: fix gh-14518, add release note",8aee0e76c,3409a7bd1,merge heads,2
14568,"BLD, DOC: fix gh-14518, add release note",8aee0e76c,d8a8e4536,MAINT: refactor inner loop in test,2
14568,"BLD, DOC: fix gh-14518, add release note",8aee0e76c,ce854a89a,"MAINT: move functions to numpyos.c, adjust accordingly",2
14568,"BLD, DOC: fix gh-14518, add release note",8aee0e76c,466e532e9,merge master into gufunc-signature-modification2,2
14568,"BLD, DOC: fix gh-14518, add release note",8aee0e76c,2c0617398,MAINT: rework wrapping and sharing common functions,2
14568,"BLD, DOC: fix gh-14518, add release note",8aee0e76c,5d8295dd8,MAINT: typo,2
14568,"BLD, DOC: fix gh-14518, add release note",8aee0e76c,3e45a3ff3,MAINT: clarify internal function docstring,2
14568,"BLD, DOC: fix gh-14518, add release note",8aee0e76c,ea4c8a1ca,MAINT: refactor to share npy_strto{u}ll,2
14568,"BLD, DOC: fix gh-14518, add release note",8aee0e76c,31a0d21d7,MAINT: make PyUFuncObject.version a const int,2
14568,"BLD, DOC: fix gh-14518, add release note",8aee0e76c,f1b2582ee,MAINT: cleanup from review,2
14568,"BLD, DOC: fix gh-14518, add release note",8aee0e76c,552b4ebb6,Merge 'master' into branch,2
14568,"BLD, DOC: fix gh-14518, add release note",8aee0e76c,0346b1b04,DOC: dtype offset is limited to int,2
14568,"BLD, DOC: fix gh-14518, add release note",8aee0e76c,5e3412dfc,MAINT: remove redundant imports,2
14568,"BLD, DOC: fix gh-14518, add release note",8aee0e76c,af82b54c1,MAINT: dtype(unicode) should raise TypeError on failure,2
14568,"BLD, DOC: fix gh-14518, add release note",8aee0e76c,27834b330,MAINT: fix leak in previous commit (from review),2
14568,"BLD, DOC: fix gh-14518, add release note",8aee0e76c,56a70cf04,"MAINT: check _append_char, _append_str return value",2
14568,"BLD, DOC: fix gh-14518, add release note",8aee0e76c,2118483c2,DOC: change f2py2e -> numpy.f2py [ci skip],2
14568,"BLD, DOC: fix gh-14518, add release note",8aee0e76c,ea666b604,"DOC: formatting, de-emphasize f2pyfe [ci skip]",2
14568,"BLD, DOC: fix gh-14518, add release note",8aee0e76c,ace2aa673,DOC: document use when f2py is not in the PATH,2
14568,"BLD, DOC: fix gh-14518, add release note",8aee0e76c,03e08148e,MAINT: remove code that codecov pointed out is superflous,2
14568,"BLD, DOC: fix gh-14518, add release note",8aee0e76c,872508760,DOC: add docstring to new python files,2
14568,"BLD, DOC: fix gh-14518, add release note",8aee0e76c,9592ee2ab,MAINT: export newly added c-extension function,2
14568,"BLD, DOC: fix gh-14518, add release note",8aee0e76c,c9914e437,DOC: write release note,2
14568,"BLD, DOC: fix gh-14518, add release note",8aee0e76c,f88d57685,MAINT: move declararions into umathmodule.h,2
14568,"BLD, DOC: fix gh-14518, add release note",8aee0e76c,c49f779b7,"MAINT: create common_{src,dep}, move header includes to appropriate places",2
14568,"BLD, DOC: fix gh-14518, add release note",8aee0e76c,1bca48bb1,"MAINT: move unchanging, non-api files to common",2
14568,"BLD, DOC: fix gh-14518, add release note",8aee0e76c,bd4500fa9,MAINT: move private -> common,2
14568,"BLD, DOC: fix gh-14518, add release note",8aee0e76c,92f01dd0f,MAINT: move scalar math intialization to before setup_scalartypes,2
14568,"BLD, DOC: fix gh-14518, add release note",8aee0e76c,ad1f5b5f4,"MAINT: fix more name replacements, __all__ imports",2
14568,"BLD, DOC: fix gh-14518, add release note",8aee0e76c,e8aea2e23,MAINT: define _MULTIARRAYMODULE to use functions directly (not via PyArray_API),2
14568,"BLD, DOC: fix gh-14518, add release note",8aee0e76c,31df30265,"MAINT: merge umath, multiarray into _multiarray, add python wrappers",2
14568,"BLD, DOC: fix gh-14518, add release note",8aee0e76c,da0727912,MAINT: reformat line spacing before test methods,2
14568,"BLD, DOC: fix gh-14518, add release note",8aee0e76c,c94d1c757,"BUG: add tests, special case memoryview(datetime64-scalar)",2
14568,"BLD, DOC: fix gh-14518, add release note",8aee0e76c,83cd724ff,"MAINT: test memoryview, improve error message, don't swallow first exception",2
14568,"BLD, DOC: fix gh-14518, add release note",8aee0e76c,210c361ce,DOC: reflow paragraph to 80 columns,2
14568,"BLD, DOC: fix gh-14518, add release note",8aee0e76c,078405244,fixes from review,2
14568,"BLD, DOC: fix gh-14518, add release note",8aee0e76c,fe12622d5,DOC: reduce warnings and cleanup redundant c-api documentation,2
14568,"BLD, DOC: fix gh-14518, add release note",8aee0e76c,062123b11,BUG: deprecation triggers segfault,2
14568,"BLD, DOC: fix gh-14518, add release note",8aee0e76c,43970c693,"BUG: compiler used is env['CC'], then config_vars['CC']",2
14568,"BLD, DOC: fix gh-14518, add release note",8aee0e76c,6541b328f,MAINT: trivially refactor mapped indexing,2
14568,"BLD, DOC: fix gh-14518, add release note",8aee0e76c,089a0e0e9,"ENH: add Nan warnings for maximum, minimum on more dtypes",2
14568,"BLD, DOC: fix gh-14518, add release note",8aee0e76c,fe7233b5f,DOC: add roadmap doc,2
14568,"BLD, DOC: fix gh-14518, add release note",8aee0e76c,b63687b0f,"BUG:warn on Nan in minimum,maximum for scalars",2
14568,"BLD, DOC: fix gh-14518, add release note",8aee0e76c,8788119ff,DOC: updates and fixes for gufunc descriptions.,2
14568,"BLD, DOC: fix gh-14518, add release note",8aee0e76c,f7766b40b,"ENH: test, document, implement flexible signature.",2
14568,"BLD, DOC: fix gh-14518, add release note",8aee0e76c,84f6df82f,"ENH: convert reserved field to version, set new version to 1",2
14568,"BLD, DOC: fix gh-14518, add release note",8aee0e76c,7c3f590d9,"DEP: deprecate undocumented, unused dtype type dicts",2
14568,"BLD, DOC: fix gh-14518, add release note",8aee0e76c,79e01ed80,NEP: accept nep 0019,2
14568,"BLD, DOC: fix gh-14518, add release note",8aee0e76c,dc0ab8c7a,NEP: accept nep 0015,2
14568,"BLD, DOC: fix gh-14518, add release note",8aee0e76c,5d6d44887,fix from review,2
14568,"BLD, DOC: fix gh-14518, add release note",8aee0e76c,471ada7e6,fixes from review,2
14568,"BLD, DOC: fix gh-14518, add release note",8aee0e76c,9f227da2d,reformat as html comments,2
14568,"BLD, DOC: fix gh-14518, add release note",8aee0e76c,eda0b3a47,BUG: decref of field title caused segfault,2
14568,"BLD, DOC: fix gh-14518, add release note",8aee0e76c,d7c992445,DOC: add templates for issues and PR,2
14568,"BLD, DOC: fix gh-14518, add release note",8aee0e76c,e656a4e4a,DOC: extend sanity check message,2
14568,"BLD, DOC: fix gh-14518, add release note",8aee0e76c,760daffb7,MAINT: refactor duplicate code into 'common.c',2
14568,"BLD, DOC: fix gh-14518, add release note",8aee0e76c,ae5000f47,MAINT: cleanup ret assignment,2
14568,"BLD, DOC: fix gh-14518, add release note",8aee0e76c,f93361583,"DOC: link to TESTS.rst.txt testing guidelines document, tweak testing docs",2
14568,"BLD, DOC: fix gh-14518, add release note",8aee0e76c,6d601e51c,fixes from review,2
14568,"BLD, DOC: fix gh-14518, add release note",8aee0e76c,4f5ada2ce,check for unlikely error in Assign_Zero,2
14568,"BLD, DOC: fix gh-14518, add release note",8aee0e76c,d829dc579,BUG: ensure ret is out in einsum,2
14568,"BLD, DOC: fix gh-14518, add release note",8aee0e76c,9013b0f60,fixes from review,2
14568,"BLD, DOC: fix gh-14518, add release note",8aee0e76c,73494682a,fixes from review,2
14568,"BLD, DOC: fix gh-14518, add release note",8aee0e76c,95dada6c5,ENH: Allow size=0 in numpy.random.choice,2
14568,"BLD, DOC: fix gh-14518, add release note",8aee0e76c,82bc85de3,ENH: Remove NpyIter_Close,2
14568,"BLD, DOC: fix gh-14518, add release note",8aee0e76c,74da42ba6,BUG: add missing NpyIter_Close in einsum,2
14568,"BLD, DOC: fix gh-14518, add release note",8aee0e76c,93fd4a04f,DOC: document new functions,2
14568,"BLD, DOC: fix gh-14518, add release note",8aee0e76c,d4b43bb14,"DOC: typos, small fixes",2
14568,"BLD, DOC: fix gh-14518, add release note",8aee0e76c,d416eda11,"DOC: quiet warnings about ""document not in any toctree""",2
14568,"BLD, DOC: fix gh-14518, add release note",8aee0e76c,40f17c11b,use `:orphan:` to quiet warnings when building documentation,2
14568,"BLD, DOC: fix gh-14518, add release note",8aee0e76c,f1bc29bd7,DOC: Update master after NumPy 1.14.5 release.,2
14568,"BLD, DOC: fix gh-14518, add release note",8aee0e76c,01a0971af,BUG: einsum needs to check overlap on an out argument,2
14568,"BLD, DOC: fix gh-14518, add release note",8aee0e76c,b4e10f096,add test from issue,2
14568,"BLD, DOC: fix gh-14518, add release note",8aee0e76c,53931bddf,"defer the NEP, summarize and link to discussion, fix template",2
14568,"BLD, DOC: fix gh-14518, add release note",8aee0e76c,c0eafc1b4,DOC: add a NEP to split MaskedArray into a seperate package,2
14568,"BLD, DOC: fix gh-14518, add release note",8aee0e76c,0646f01a2,fixes from review,2
14568,"BLD, DOC: fix gh-14518, add release note",8aee0e76c,579095598,"NEP: add 'rst' to nep filename, fixup urls",2
14568,"BLD, DOC: fix gh-14518, add release note",8aee0e76c,2f43a3e8f,DOC: add existing recfunctions documentation to output,2
14568,"BLD, DOC: fix gh-14518, add release note",8aee0e76c,8439c1cbd,fix from review and comments,2
14568,"BLD, DOC: fix gh-14518, add release note",8aee0e76c,9903d6261,TST: make build warning into an error in runtest.py,2
14568,"BLD, DOC: fix gh-14518, add release note",8aee0e76c,ce5f7faa4,MAINT: Update artful to bionic for i386 testing,2
14568,"BLD, DOC: fix gh-14518, add release note",8aee0e76c,d0e5e394d,TST: Test dimensions/indices found from parsed gufunc signatures.,2
14568,"BLD, DOC: fix gh-14518, add release note",8aee0e76c,69a77fb79,DOC: Clarify C-API for generalized ufuncs.,2
14568,"BLD, DOC: fix gh-14518, add release note",8aee0e76c,4291c9440,DOC: improve docs for PyUFunc_FromFuncAndData.,2
14568,"BLD, DOC: fix gh-14518, add release note",8aee0e76c,2854a4294,setting version confuses circleci,2
14568,"BLD, DOC: fix gh-14518, add release note",8aee0e76c,c4813a966,TST: skip ctypes memoryview issue on old python,2
14568,"BLD, DOC: fix gh-14518, add release note",8aee0e76c,0793aa7ca,DOC: cleanup NEP creation,2
14568,"BLD, DOC: fix gh-14518, add release note",8aee0e76c,a0464e883,TST: windows builds now properly support floating error states,2
14568,"BLD, DOC: fix gh-14518, add release note",8aee0e76c,3fc441256,TST: turn some build warnings into errors,2
14568,"BLD, DOC: fix gh-14518, add release note",8aee0e76c,8ec36c249,MAINT: reduce code duplication in ufunc_frompyfunc,2
14568,"BLD, DOC: fix gh-14518, add release note",8aee0e76c,7a01f661c,DOC: add numpy.lib.format to docs and link to it,2
14568,"BLD, DOC: fix gh-14518, add release note",8aee0e76c,c759466ac,"DOC: create label and ref, fixes broken link",2
14568,"BLD, DOC: fix gh-14518, add release note",8aee0e76c,ede963126,ENH: remove nose from travis tests,2
14568,"BLD, DOC: fix gh-14518, add release note",8aee0e76c,85282a5da,"DOC: link to updated module docstring, not NEP",2
14568,"BLD, DOC: fix gh-14518, add release note",8aee0e76c,2f4e5fdb3,BUG: reduce using SSE only warns if inside SSE loop,2
14568,"BLD, DOC: fix gh-14518, add release note",8aee0e76c,1e00cc531,DOC: expand reasoning behind npy_*floatstatus_barrer(),2
14568,"BLD, DOC: fix gh-14518, add release note",8aee0e76c,7bbf2bca1,BUG: use absolute imports in test files,2
14568,"BLD, DOC: fix gh-14518, add release note",8aee0e76c,73a49c5f8,BUG: reduce warnings from clang and initialize value before use,2
14568,"BLD, DOC: fix gh-14518, add release note",8aee0e76c,25ccb6fef,BUILD: add latex to circleci doc build,2
14568,"BLD, DOC: fix gh-14518, add release note",8aee0e76c,6989675f5,DOC: work around GH isaacs/github#316 to show SVG image,2
14568,"BLD, DOC: fix gh-14518, add release note",8aee0e76c,3e5349655,"DOC: link to governance, convert external link to internal",2
14568,"BLD, DOC: fix gh-14518, add release note",8aee0e76c,eda2b3ece,"DOC: add quantile, nanquantile to toc",2
14568,"BLD, DOC: fix gh-14518, add release note",8aee0e76c,86608c288,"DOC: cleanup documentation, continuation of nditer PR #9998",2
14568,"BLD, DOC: fix gh-14518, add release note",8aee0e76c,ac7d543f5,fixes from review,2
14568,"BLD, DOC: fix gh-14518, add release note",8aee0e76c,64558ee46,emphasis accessing `it.operands` only on open iterator,2
14568,"BLD, DOC: fix gh-14518, add release note",8aee0e76c,5a18a0ce6,"BUG: it.close() disallows access to iterator, fixes #10950",2
14568,"BLD, DOC: fix gh-14518, add release note",8aee0e76c,d15c30fc8,fix from review,2
14568,"BLD, DOC: fix gh-14518, add release note",8aee0e76c,05d94b9f5,"BUG: test, fix PyArray_DiscardWritebackIfCopy refcount issue and document",2
14568,"BLD, DOC: fix gh-14518, add release note",8aee0e76c,fa9a74165,fixes from review,2
14568,"BLD, DOC: fix gh-14518, add release note",8aee0e76c,c26d273c1,ENH: add nditer.close as per review,2
14568,"BLD, DOC: fix gh-14518, add release note",8aee0e76c,894dcab37,"ENH: add NpyIter_Close, nditer__{enter,exit}__",2
14568,"BLD, DOC: fix gh-14518, add release note",8aee0e76c,953fbda6c,fixes from review,2
14568,"BLD, DOC: fix gh-14518, add release note",8aee0e76c,df8e83538,"DOC: clear up warnings, fix matplotlib plot",2
14568,"BLD, DOC: fix gh-14518, add release note",8aee0e76c,29405fdcc,"TST: reactivate module docstring tests, fix float formatting",2
14568,"BLD, DOC: fix gh-14518, add release note",8aee0e76c,c989bd430,"render the example in numpydoc, add ifconfig for host python major version",2
14568,"BLD, DOC: fix gh-14518, add release note",8aee0e76c,1486f3756,document a few more missing glossary terms,2
14568,"BLD, DOC: fix gh-14518, add release note",8aee0e76c,ccee0f3d1,update submodule numpydoc for changes due to this branch,2
14568,"BLD, DOC: fix gh-14518, add release note",8aee0e76c,122bdc252,fix link (now checked) and clean up Acknowledgements,2
14568,"BLD, DOC: fix gh-14518, add release note",8aee0e76c,f20b64b8c,fix link,2
14568,"BLD, DOC: fix gh-14518, add release note",8aee0e76c,069c89daf,fix typos from review,2
14568,"BLD, DOC: fix gh-14518, add release note",8aee0e76c,20f58fae2,add stub document for outside projects that link to it,2
14568,"BLD, DOC: fix gh-14518, add release note",8aee0e76c,0e789b627,"remove duplicated text from numpydoc/formatting, include it instead",2
14568,"BLD, DOC: fix gh-14518, add release note",8aee0e76c,4a42092fb,fix failing test,2
14568,"BLD, DOC: fix gh-14518, add release note",8aee0e76c,65844be3d,update copyright year,2
14568,"BLD, DOC: fix gh-14518, add release note",8aee0e76c,cb24dd01a,add missing glossary entries and link in missing document,2
14568,"BLD, DOC: fix gh-14518, add release note",8aee0e76c,1eef2af85,formatting fixes,2
14568,"BLD, DOC: fix gh-14518, add release note",8aee0e76c,0a8ba953c,update kwargs where needed,2
14568,"BLD, DOC: fix gh-14518, add release note",8aee0e76c,db93ce930,fix from review,2
14568,"BLD, DOC: fix gh-14518, add release note",8aee0e76c,171eeafa2,"BUG: fix savetxt, loadtxt for '+-' in complex",2
14568,"BLD, DOC: fix gh-14518, add release note",8aee0e76c,bc875f568,maybe controversial - scipy.special required by mtrand.pyx docstrings,2
14568,"BLD, DOC: fix gh-14518, add release note",8aee0e76c,c4996684e,"silence warnings, matplotlib deprecated normed in favor of density",2
14568,"BLD, DOC: fix gh-14518, add release note",8aee0e76c,a75e76dac,"DOC: cosmetic changes, document need for python3.6 to build docs",2
14568,"BLD, DOC: fix gh-14518, add release note",8aee0e76c,b00cdbc3e,"DOC: promote development_workflow, make howtos visible",2
14568,"BLD, DOC: fix gh-14518, add release note",8aee0e76c,953e78f56,BUG: fix link to NEP docs,2
14568,"BLD, DOC: fix gh-14518, add release note",8aee0e76c,cba38fac3,"BUG: test, fix for missing flags['WRITEBACKIFCOPY'] key",2
14568,"BLD, DOC: fix gh-14518, add release note",8aee0e76c,5f0bd24d1,BUG: fix duplicate message print,2
14568,"BLD, DOC: fix gh-14518, add release note",8aee0e76c,1649929d2,make example backward compatable,2
14568,"BLD, DOC: fix gh-14518, add release note",8aee0e76c,ae0858421,make example backward compatable,2
14568,"BLD, DOC: fix gh-14518, add release note",8aee0e76c,5b636c4e2,return values,2
14568,"BLD, DOC: fix gh-14518, add release note",8aee0e76c,1ab78a554,document new API function,2
14568,"BLD, DOC: fix gh-14518, add release note",8aee0e76c,92fadf484,tweak docs to reflect exactly when DeprecationWarnings will be displayed,2
14568,"BLD, DOC: fix gh-14518, add release note",8aee0e76c,63b884e37,tweak from review,2
14568,"BLD, DOC: fix gh-14518, add release note",8aee0e76c,4224ca180,"test, fix problems from PR #9998",2
14568,"BLD, DOC: fix gh-14518, add release note",8aee0e76c,88f78abbb,DOC: reword PyArray_DiscardWritebackIfCopy description,2
14568,"BLD, DOC: fix gh-14518, add release note",8aee0e76c,6e615d620,BUG: test was not using 'mode',2
14568,"BLD, DOC: fix gh-14518, add release note",8aee0e76c,446a78e03,"BUG: test, fix issue #9620 __radd__ in char scalars",2
14568,"BLD, DOC: fix gh-14518, add release note",8aee0e76c,f831bec2e,"BUG: Check for exception in sort functions, add tests",2
14568,"BLD, DOC: fix gh-14518, add release note",8aee0e76c,77678b3bf,BUG: pull request 9087 modifies a tuple after use,2
14568,"BLD, DOC: fix gh-14518, add release note",8aee0e76c,dc1d1d5a8,"TEST: test longdouble, clongdouble __int__() and int(), relate to warnings",2
14568,"BLD, DOC: fix gh-14518, add release note",8aee0e76c,743b549eb,COMPAT: notify garbage collector when memory is allocated,2
14568,"BLD, DOC: fix gh-14518, add release note",8aee0e76c,388487206,"BUG: do not memcpy ptr to freed object, use static obj instead",2
14568,"BLD, DOC: fix gh-14518, add release note",8aee0e76c,7621eba2e,ENH: specialize name of dev package by interpreter,2
14568,"BLD, DOC: fix gh-14518, add release note",8aee0e76c,4433421ad,BUG: cannot assign to tuple after use,2
14568,"BLD, DOC: fix gh-14518, add release note",8aee0e76c,76eff9ca4,ENH: skip or avoid gc/objectmodel differences btwn pypy and cpython,2
14568,"BLD, DOC: fix gh-14518, add release note",8aee0e76c,ab4f82840,"ENH: Support for python runtime with no Makefile, like PyPy",2
14568,"BLD, DOC: fix gh-14518, add release note",8aee0e76c,52e09e86c,"ENH: set reasonable defaults for slots before PyType_Ready is called, enables overriding them later",2
14568,"BLD, DOC: fix gh-14518, add release note",8aee0e76c,42b3902ca,MAINT: add ifdef around PyDictProxy_Check macro,2
14568,"BLD, DOC: fix gh-14518, add release note",8aee0e76c,dbccef858,"MAINT: unify tup processing, move tup use to after all PyTuple_SetItem calls",2
14568,"BLD, DOC: fix gh-14518, add release note",8aee0e76c,918ac7952,expose test runner raise_warnings option,2
