Issue ID,Issue Body,issue User,commitID,Commit Subject,Semantic Confidence Level
13511,Fix too many values to unpack error,7a39b6c6,7a39b6c6,Fix too many values to unpack error (#13511),3
13490,WIP: Travis CI: Upgrade from Python 3.6 to 3.8,616a9b01,2dbc83ac,.travis.yml: The 'sudo' tag is now deprecated in Travis CI (#12842),2
13490,WIP: Travis CI: Upgrade from Python 3.6 to 3.8,616a9b01,2a76796d,Fix equality in strings,2
13490,WIP: Travis CI: Upgrade from Python 3.6 to 3.8,616a9b01,1ebdbe14,Travis CI: reduce hardcoding of Python 3 versions (#10705),2
13490,WIP: Travis CI: Upgrade from Python 3.6 to 3.8,616a9b01,3a5a090b,Simplify with from six.moves import input (#9216),2
13490,WIP: Travis CI: Upgrade from Python 3.6 to 3.8,616a9b01,114982a9,Upgrade Travis testing from Python 3.5 to 3.6 (#8148),2
13490,WIP: Travis CI: Upgrade from Python 3.6 to 3.8,616a9b01,99ba5155,Redefine xrange for Python 3 (#7295),2
13490,WIP: Travis CI: Upgrade from Python 3.6 to 3.8,114982a9,2dbc83ac,.travis.yml: The 'sudo' tag is now deprecated in Travis CI (#12842),2
13490,WIP: Travis CI: Upgrade from Python 3.6 to 3.8,114982a9,2a76796d,Fix equality in strings,2
13490,WIP: Travis CI: Upgrade from Python 3.6 to 3.8,114982a9,1ebdbe14,Travis CI: reduce hardcoding of Python 3 versions (#10705),2
13490,WIP: Travis CI: Upgrade from Python 3.6 to 3.8,114982a9,3a5a090b,Simplify with from six.moves import input (#9216),2
13490,WIP: Travis CI: Upgrade from Python 3.6 to 3.8,114982a9,114982a9,Upgrade Travis testing from Python 3.5 to 3.6 (#8148),2
13490,WIP: Travis CI: Upgrade from Python 3.6 to 3.8,114982a9,99ba5155,Redefine xrange for Python 3 (#7295),2
13481,Update np_utils.py,9a2b5092,e8946d52,Update np_utils.py (#13481),3
13481,Update np_utils.py,9a2b5092,e25f68dc,Update io_utils.py (#13429),2
13481,Update np_utils.py,e8946d52,e8946d52,Update np_utils.py (#13481),3
13481,Update np_utils.py,e8946d52,e25f68dc,Update io_utils.py (#13429),2
13481,Update np_utils.py,4d59675b,e8946d52,Update np_utils.py (#13481),3
13481,Update np_utils.py,4d59675b,e25f68dc,Update io_utils.py (#13429),2
13481,Update np_utils.py,afff7b43,e8946d52,Update np_utils.py (#13481),3
13481,Update np_utils.py,afff7b43,e25f68dc,Update io_utils.py (#13429),2
13481,Update np_utils.py,e25f68dc,e8946d52,Update np_utils.py (#13481),3
13481,Update np_utils.py,e25f68dc,e25f68dc,Update io_utils.py (#13429),2
13481,Update np_utils.py,f242c642,e8946d52,Update np_utils.py (#13481),3
13481,Update np_utils.py,f242c642,e25f68dc,Update io_utils.py (#13429),2
13481,Update np_utils.py,985521ee,e8946d52,Update np_utils.py (#13481),3
13481,Update np_utils.py,985521ee,e25f68dc,Update io_utils.py (#13429),2
13481,Update np_utils.py,66455371,e8946d52,Update np_utils.py (#13481),3
13481,Update np_utils.py,66455371,e25f68dc,Update io_utils.py (#13429),2
13481,Update np_utils.py,3bda5520,e8946d52,Update np_utils.py (#13481),3
13481,Update np_utils.py,3bda5520,e25f68dc,Update io_utils.py (#13429),2
13481,Update np_utils.py,b78e3ff9,e8946d52,Update np_utils.py (#13481),3
13481,Update np_utils.py,b78e3ff9,e25f68dc,Update io_utils.py (#13429),2
13481,Update np_utils.py,2b963e5a,e8946d52,Update np_utils.py (#13481),3
13481,Update np_utils.py,2b963e5a,e25f68dc,Update io_utils.py (#13429),2
13481,Update np_utils.py,105f6e29,e8946d52,Update np_utils.py (#13481),3
13481,Update np_utils.py,105f6e29,e25f68dc,Update io_utils.py (#13429),2
13481,Update np_utils.py,c8e3b601,e8946d52,Update np_utils.py (#13481),3
13481,Update np_utils.py,c8e3b601,e25f68dc,Update io_utils.py (#13429),2
13481,Update np_utils.py,6aace305,e8946d52,Update np_utils.py (#13481),3
13481,Update np_utils.py,6aace305,e25f68dc,Update io_utils.py (#13429),2
13481,Update np_utils.py,0511438e,e8946d52,Update np_utils.py (#13481),3
13481,Update np_utils.py,0511438e,e25f68dc,Update io_utils.py (#13429),2
13481,Update np_utils.py,2fbac5a7,e8946d52,Update np_utils.py (#13481),3
13481,Update np_utils.py,2fbac5a7,e25f68dc,Update io_utils.py (#13429),2
13481,Update np_utils.py,311f4542,e8946d52,Update np_utils.py (#13481),3
13481,Update np_utils.py,311f4542,e25f68dc,Update io_utils.py (#13429),2
13481,Update np_utils.py,5e682520,e8946d52,Update np_utils.py (#13481),3
13481,Update np_utils.py,5e682520,e25f68dc,Update io_utils.py (#13429),2
13481,Update np_utils.py,9065eff2,e8946d52,Update np_utils.py (#13481),3
13481,Update np_utils.py,9065eff2,e25f68dc,Update io_utils.py (#13429),2
13481,Update np_utils.py,8ac788a5,e8946d52,Update np_utils.py (#13481),3
13481,Update np_utils.py,8ac788a5,e25f68dc,Update io_utils.py (#13429),2
13481,Update np_utils.py,295e4f80,e8946d52,Update np_utils.py (#13481),3
13481,Update np_utils.py,295e4f80,e25f68dc,Update io_utils.py (#13429),2
13481,Update np_utils.py,ed9e8d2f,e8946d52,Update np_utils.py (#13481),3
13481,Update np_utils.py,ed9e8d2f,e25f68dc,Update io_utils.py (#13429),2
13481,Update np_utils.py,1a0792ae,e8946d52,Update np_utils.py (#13481),3
13481,Update np_utils.py,1a0792ae,e25f68dc,Update io_utils.py (#13429),2
13481,Update np_utils.py,173a40dd,e8946d52,Update np_utils.py (#13481),3
13481,Update np_utils.py,173a40dd,e25f68dc,Update io_utils.py (#13429),2
13481,Update np_utils.py,14f35ab0,e8946d52,Update np_utils.py (#13481),3
13481,Update np_utils.py,14f35ab0,e25f68dc,Update io_utils.py (#13429),2
13481,Update np_utils.py,c57d1a32,e8946d52,Update np_utils.py (#13481),3
13481,Update np_utils.py,c57d1a32,e25f68dc,Update io_utils.py (#13429),2
13481,Update np_utils.py,50b4f7fa,e8946d52,Update np_utils.py (#13481),3
13481,Update np_utils.py,50b4f7fa,e25f68dc,Update io_utils.py (#13429),2
13481,Update np_utils.py,88b301f1,e8946d52,Update np_utils.py (#13481),3
13481,Update np_utils.py,88b301f1,e25f68dc,Update io_utils.py (#13429),2
13481,Update np_utils.py,045d442f,e8946d52,Update np_utils.py (#13481),3
13481,Update np_utils.py,045d442f,e25f68dc,Update io_utils.py (#13429),2
13481,Update np_utils.py,f2786d9d,e8946d52,Update np_utils.py (#13481),3
13481,Update np_utils.py,f2786d9d,e25f68dc,Update io_utils.py (#13429),2
13481,Update np_utils.py,65e4c8e7,e8946d52,Update np_utils.py (#13481),3
13481,Update np_utils.py,65e4c8e7,e25f68dc,Update io_utils.py (#13429),2
13481,Update np_utils.py,a7156b8c,e8946d52,Update np_utils.py (#13481),3
13481,Update np_utils.py,a7156b8c,e25f68dc,Update io_utils.py (#13429),2
13481,Update np_utils.py,55159cf4,e8946d52,Update np_utils.py (#13481),3
13481,Update np_utils.py,55159cf4,e25f68dc,Update io_utils.py (#13429),2
13481,Update np_utils.py,50a0d1ca,e8946d52,Update np_utils.py (#13481),3
13481,Update np_utils.py,50a0d1ca,e25f68dc,Update io_utils.py (#13429),2
13481,Update np_utils.py,404a30df,e8946d52,Update np_utils.py (#13481),3
13481,Update np_utils.py,404a30df,e25f68dc,Update io_utils.py (#13429),2
13481,Update np_utils.py,f4af11c7,e8946d52,Update np_utils.py (#13481),3
13481,Update np_utils.py,f4af11c7,e25f68dc,Update io_utils.py (#13429),2
13481,Update np_utils.py,80ddb5b3,e8946d52,Update np_utils.py (#13481),3
13481,Update np_utils.py,80ddb5b3,e25f68dc,Update io_utils.py (#13429),2
13481,Update np_utils.py,3ffba424,e8946d52,Update np_utils.py (#13481),3
13481,Update np_utils.py,3ffba424,e25f68dc,Update io_utils.py (#13429),2
13481,Update np_utils.py,73f1ef2e,e8946d52,Update np_utils.py (#13481),3
13481,Update np_utils.py,73f1ef2e,e25f68dc,Update io_utils.py (#13429),2
13481,Update np_utils.py,bf2f64bf,e8946d52,Update np_utils.py (#13481),3
13481,Update np_utils.py,bf2f64bf,e25f68dc,Update io_utils.py (#13429),2
13481,Update np_utils.py,d02ea034,e8946d52,Update np_utils.py (#13481),3
13481,Update np_utils.py,d02ea034,e25f68dc,Update io_utils.py (#13429),2
13481,Update np_utils.py,64396172,e8946d52,Update np_utils.py (#13481),3
13481,Update np_utils.py,64396172,e25f68dc,Update io_utils.py (#13429),2
13481,Update np_utils.py,3c8618bb,e8946d52,Update np_utils.py (#13481),3
13481,Update np_utils.py,3c8618bb,e25f68dc,Update io_utils.py (#13429),2
13481,Update np_utils.py,794c083f,e8946d52,Update np_utils.py (#13481),3
13481,Update np_utils.py,794c083f,e25f68dc,Update io_utils.py (#13429),2
13481,Update np_utils.py,775e91c5,e8946d52,Update np_utils.py (#13481),3
13481,Update np_utils.py,775e91c5,e25f68dc,Update io_utils.py (#13429),2
13481,Update np_utils.py,3e19b025,e8946d52,Update np_utils.py (#13481),3
13481,Update np_utils.py,3e19b025,e25f68dc,Update io_utils.py (#13429),2
13481,Update np_utils.py,f20383b7,e8946d52,Update np_utils.py (#13481),3
13481,Update np_utils.py,f20383b7,e25f68dc,Update io_utils.py (#13429),2
13481,Update np_utils.py,5c83c699,e8946d52,Update np_utils.py (#13481),3
13481,Update np_utils.py,5c83c699,e25f68dc,Update io_utils.py (#13429),2
13481,Update np_utils.py,f5d56fa2,e8946d52,Update np_utils.py (#13481),3
13481,Update np_utils.py,f5d56fa2,e25f68dc,Update io_utils.py (#13429),2
13481,Update np_utils.py,7fb4f4b0,e8946d52,Update np_utils.py (#13481),3
13481,Update np_utils.py,7fb4f4b0,e25f68dc,Update io_utils.py (#13429),2
13481,Update np_utils.py,9620a497,e8946d52,Update np_utils.py (#13481),3
13481,Update np_utils.py,9620a497,e25f68dc,Update io_utils.py (#13429),2
13481,Update np_utils.py,91965e8f,e8946d52,Update np_utils.py (#13481),3
13481,Update np_utils.py,91965e8f,e25f68dc,Update io_utils.py (#13429),2
13481,Update np_utils.py,92f2717c,e8946d52,Update np_utils.py (#13481),3
13481,Update np_utils.py,92f2717c,e25f68dc,Update io_utils.py (#13429),2
13481,Update np_utils.py,07723ccf,e8946d52,Update np_utils.py (#13481),3
13481,Update np_utils.py,07723ccf,e25f68dc,Update io_utils.py (#13429),2
13481,Update np_utils.py,652d61be,e8946d52,Update np_utils.py (#13481),3
13481,Update np_utils.py,652d61be,e25f68dc,Update io_utils.py (#13429),2
13481,Update np_utils.py,9c3060d8,e8946d52,Update np_utils.py (#13481),3
13481,Update np_utils.py,9c3060d8,e25f68dc,Update io_utils.py (#13429),2
13481,Update np_utils.py,d2a15040,e8946d52,Update np_utils.py (#13481),3
13481,Update np_utils.py,d2a15040,e25f68dc,Update io_utils.py (#13429),2
13481,Update np_utils.py,9c1afbb6,e8946d52,Update np_utils.py (#13481),3
13481,Update np_utils.py,9c1afbb6,e25f68dc,Update io_utils.py (#13429),2
13481,Update np_utils.py,cbb9d001,e8946d52,Update np_utils.py (#13481),3
13481,Update np_utils.py,cbb9d001,e25f68dc,Update io_utils.py (#13429),2
13481,Update np_utils.py,78c61c65,e8946d52,Update np_utils.py (#13481),3
13481,Update np_utils.py,78c61c65,e25f68dc,Update io_utils.py (#13429),2
13481,Update np_utils.py,5c1e5d5e,e8946d52,Update np_utils.py (#13481),3
13481,Update np_utils.py,5c1e5d5e,e25f68dc,Update io_utils.py (#13429),2
13481,Update np_utils.py,819f569c,e8946d52,Update np_utils.py (#13481),3
13481,Update np_utils.py,819f569c,e25f68dc,Update io_utils.py (#13429),2
13481,Update np_utils.py,d444b919,e8946d52,Update np_utils.py (#13481),3
13481,Update np_utils.py,d444b919,e25f68dc,Update io_utils.py (#13429),2
13481,Update np_utils.py,747d4a30,e8946d52,Update np_utils.py (#13481),3
13481,Update np_utils.py,747d4a30,e25f68dc,Update io_utils.py (#13429),2
13481,Update np_utils.py,ab19cf7b,e8946d52,Update np_utils.py (#13481),3
13481,Update np_utils.py,ab19cf7b,e25f68dc,Update io_utils.py (#13429),2
13481,Update np_utils.py,6b8970ab,e8946d52,Update np_utils.py (#13481),3
13481,Update np_utils.py,6b8970ab,e25f68dc,Update io_utils.py (#13429),2
13481,Update np_utils.py,bde97055,e8946d52,Update np_utils.py (#13481),3
13481,Update np_utils.py,bde97055,e25f68dc,Update io_utils.py (#13429),2
13481,Update np_utils.py,2f8b351c,e8946d52,Update np_utils.py (#13481),3
13481,Update np_utils.py,2f8b351c,e25f68dc,Update io_utils.py (#13429),2
13481,Update np_utils.py,8ee2ffd7,e8946d52,Update np_utils.py (#13481),3
13481,Update np_utils.py,8ee2ffd7,e25f68dc,Update io_utils.py (#13429),2
13481,Update np_utils.py,fb24dc19,e8946d52,Update np_utils.py (#13481),3
13481,Update np_utils.py,fb24dc19,e25f68dc,Update io_utils.py (#13429),2
13481,Update np_utils.py,0354e645,e8946d52,Update np_utils.py (#13481),3
13481,Update np_utils.py,0354e645,e25f68dc,Update io_utils.py (#13429),2
13481,Update np_utils.py,fbe2ea65,e8946d52,Update np_utils.py (#13481),3
13481,Update np_utils.py,fbe2ea65,e25f68dc,Update io_utils.py (#13429),2
13481,Update np_utils.py,21dcabb6,e8946d52,Update np_utils.py (#13481),3
13481,Update np_utils.py,21dcabb6,e25f68dc,Update io_utils.py (#13429),2
13481,Update np_utils.py,42a65d4b,e8946d52,Update np_utils.py (#13481),3
13481,Update np_utils.py,42a65d4b,e25f68dc,Update io_utils.py (#13429),2
13481,Update np_utils.py,cb836091,e8946d52,Update np_utils.py (#13481),3
13481,Update np_utils.py,cb836091,e25f68dc,Update io_utils.py (#13429),2
13481,Update np_utils.py,6a052477,e8946d52,Update np_utils.py (#13481),3
13481,Update np_utils.py,6a052477,e25f68dc,Update io_utils.py (#13429),2
13481,Update np_utils.py,c015acb4,e8946d52,Update np_utils.py (#13481),3
13481,Update np_utils.py,c015acb4,e25f68dc,Update io_utils.py (#13429),2
13481,Update np_utils.py,feac8dba,e8946d52,Update np_utils.py (#13481),3
13481,Update np_utils.py,feac8dba,e25f68dc,Update io_utils.py (#13429),2
13481,Update np_utils.py,c140939c,e8946d52,Update np_utils.py (#13481),3
13481,Update np_utils.py,c140939c,e25f68dc,Update io_utils.py (#13429),2
13481,Update np_utils.py,c90d2dfc,e8946d52,Update np_utils.py (#13481),3
13481,Update np_utils.py,c90d2dfc,e25f68dc,Update io_utils.py (#13429),2
13481,Update np_utils.py,29e788dc,e8946d52,Update np_utils.py (#13481),3
13481,Update np_utils.py,29e788dc,e25f68dc,Update io_utils.py (#13429),2
13481,Update np_utils.py,07f8cef2,e8946d52,Update np_utils.py (#13481),3
13481,Update np_utils.py,07f8cef2,e25f68dc,Update io_utils.py (#13429),2
13481,Update np_utils.py,a069161d,e8946d52,Update np_utils.py (#13481),3
13481,Update np_utils.py,a069161d,e25f68dc,Update io_utils.py (#13429),2
13481,Update np_utils.py,0fab8ac3,e8946d52,Update np_utils.py (#13481),3
13481,Update np_utils.py,0fab8ac3,e25f68dc,Update io_utils.py (#13429),2
13481,Update np_utils.py,15b84d37,e8946d52,Update np_utils.py (#13481),3
13481,Update np_utils.py,15b84d37,e25f68dc,Update io_utils.py (#13429),2
13481,Update np_utils.py,97b27bfd,e8946d52,Update np_utils.py (#13481),3
13481,Update np_utils.py,97b27bfd,e25f68dc,Update io_utils.py (#13429),2
13481,Update np_utils.py,a0c5f574,e8946d52,Update np_utils.py (#13481),3
13481,Update np_utils.py,a0c5f574,e25f68dc,Update io_utils.py (#13429),2
13481,Update np_utils.py,688b898d,e8946d52,Update np_utils.py (#13481),3
13481,Update np_utils.py,688b898d,e25f68dc,Update io_utils.py (#13429),2
13481,Update np_utils.py,7def993f,e8946d52,Update np_utils.py (#13481),3
13481,Update np_utils.py,7def993f,e25f68dc,Update io_utils.py (#13429),2
13481,Update np_utils.py,c33a551f,e8946d52,Update np_utils.py (#13481),3
13481,Update np_utils.py,c33a551f,e25f68dc,Update io_utils.py (#13429),2
13481,Update np_utils.py,c6cf4425,e8946d52,Update np_utils.py (#13481),3
13481,Update np_utils.py,c6cf4425,e25f68dc,Update io_utils.py (#13429),2
13481,Update np_utils.py,0d233b25,e8946d52,Update np_utils.py (#13481),3
13481,Update np_utils.py,0d233b25,e25f68dc,Update io_utils.py (#13429),2
13481,Update np_utils.py,e704e157,e8946d52,Update np_utils.py (#13481),3
13481,Update np_utils.py,e704e157,e25f68dc,Update io_utils.py (#13429),2
13481,Update np_utils.py,11e4c4b9,e8946d52,Update np_utils.py (#13481),3
13481,Update np_utils.py,11e4c4b9,e25f68dc,Update io_utils.py (#13429),2
13481,Update np_utils.py,d5cd2687,e8946d52,Update np_utils.py (#13481),3
13481,Update np_utils.py,d5cd2687,e25f68dc,Update io_utils.py (#13429),2
13481,Update np_utils.py,eee20b46,e8946d52,Update np_utils.py (#13481),3
13481,Update np_utils.py,eee20b46,e25f68dc,Update io_utils.py (#13429),2
13481,Update np_utils.py,9827db2c,e8946d52,Update np_utils.py (#13481),3
13481,Update np_utils.py,9827db2c,e25f68dc,Update io_utils.py (#13429),2
13481,Update np_utils.py,98d49754,e8946d52,Update np_utils.py (#13481),3
13481,Update np_utils.py,98d49754,e25f68dc,Update io_utils.py (#13429),2
13481,Update np_utils.py,8213e515,e8946d52,Update np_utils.py (#13481),3
13481,Update np_utils.py,8213e515,e25f68dc,Update io_utils.py (#13429),2
13481,Update np_utils.py,0cae63ac,e8946d52,Update np_utils.py (#13481),3
13481,Update np_utils.py,0cae63ac,e25f68dc,Update io_utils.py (#13429),2
13481,Update np_utils.py,b0b3ff13,e8946d52,Update np_utils.py (#13481),3
13481,Update np_utils.py,b0b3ff13,e25f68dc,Update io_utils.py (#13429),2
13481,Update np_utils.py,ce209553,e8946d52,Update np_utils.py (#13481),3
13481,Update np_utils.py,ce209553,e25f68dc,Update io_utils.py (#13429),2
13472,Update core.py,9a2b5092,4d59675b,Update core.py (#13472),3
13472,Update core.py,9a2b5092,afff7b43,Update pooling.py (#13467),2
13472,Update core.py,9a2b5092,f242c642,Update autogen.py (#13426),2
13472,Update core.py,9a2b5092,985521ee,Update local.py docstrings (#13373),2
13472,Update core.py,e8946d52,4d59675b,Update core.py (#13472),3
13472,Update core.py,e8946d52,afff7b43,Update pooling.py (#13467),2
13472,Update core.py,e8946d52,f242c642,Update autogen.py (#13426),2
13472,Update core.py,e8946d52,985521ee,Update local.py docstrings (#13373),2
13472,Update core.py,4d59675b,4d59675b,Update core.py (#13472),3
13472,Update core.py,4d59675b,afff7b43,Update pooling.py (#13467),2
13472,Update core.py,4d59675b,f242c642,Update autogen.py (#13426),2
13472,Update core.py,4d59675b,985521ee,Update local.py docstrings (#13373),2
13472,Update core.py,afff7b43,4d59675b,Update core.py (#13472),3
13472,Update core.py,afff7b43,afff7b43,Update pooling.py (#13467),2
13472,Update core.py,afff7b43,f242c642,Update autogen.py (#13426),2
13472,Update core.py,afff7b43,985521ee,Update local.py docstrings (#13373),2
13472,Update core.py,e25f68dc,4d59675b,Update core.py (#13472),3
13472,Update core.py,e25f68dc,afff7b43,Update pooling.py (#13467),2
13472,Update core.py,e25f68dc,f242c642,Update autogen.py (#13426),2
13472,Update core.py,e25f68dc,985521ee,Update local.py docstrings (#13373),2
13472,Update core.py,f242c642,4d59675b,Update core.py (#13472),3
13472,Update core.py,f242c642,afff7b43,Update pooling.py (#13467),2
13472,Update core.py,f242c642,f242c642,Update autogen.py (#13426),2
13472,Update core.py,f242c642,985521ee,Update local.py docstrings (#13373),2
13472,Update core.py,985521ee,4d59675b,Update core.py (#13472),3
13472,Update core.py,985521ee,afff7b43,Update pooling.py (#13467),2
13472,Update core.py,985521ee,f242c642,Update autogen.py (#13426),2
13472,Update core.py,985521ee,985521ee,Update local.py docstrings (#13373),2
13472,Update core.py,66455371,4d59675b,Update core.py (#13472),3
13472,Update core.py,66455371,afff7b43,Update pooling.py (#13467),2
13472,Update core.py,66455371,f242c642,Update autogen.py (#13426),2
13472,Update core.py,66455371,985521ee,Update local.py docstrings (#13373),2
13472,Update core.py,3bda5520,4d59675b,Update core.py (#13472),3
13472,Update core.py,3bda5520,afff7b43,Update pooling.py (#13467),2
13472,Update core.py,3bda5520,f242c642,Update autogen.py (#13426),2
13472,Update core.py,3bda5520,985521ee,Update local.py docstrings (#13373),2
13472,Update core.py,b78e3ff9,4d59675b,Update core.py (#13472),3
13472,Update core.py,b78e3ff9,afff7b43,Update pooling.py (#13467),2
13472,Update core.py,b78e3ff9,f242c642,Update autogen.py (#13426),2
13472,Update core.py,b78e3ff9,985521ee,Update local.py docstrings (#13373),2
13472,Update core.py,2b963e5a,4d59675b,Update core.py (#13472),3
13472,Update core.py,2b963e5a,afff7b43,Update pooling.py (#13467),2
13472,Update core.py,2b963e5a,f242c642,Update autogen.py (#13426),2
13472,Update core.py,2b963e5a,985521ee,Update local.py docstrings (#13373),2
13472,Update core.py,105f6e29,4d59675b,Update core.py (#13472),3
13472,Update core.py,105f6e29,afff7b43,Update pooling.py (#13467),2
13472,Update core.py,105f6e29,f242c642,Update autogen.py (#13426),2
13472,Update core.py,105f6e29,985521ee,Update local.py docstrings (#13373),2
13472,Update core.py,c8e3b601,4d59675b,Update core.py (#13472),3
13472,Update core.py,c8e3b601,afff7b43,Update pooling.py (#13467),2
13472,Update core.py,c8e3b601,f242c642,Update autogen.py (#13426),2
13472,Update core.py,c8e3b601,985521ee,Update local.py docstrings (#13373),2
13472,Update core.py,6aace305,4d59675b,Update core.py (#13472),3
13472,Update core.py,6aace305,afff7b43,Update pooling.py (#13467),2
13472,Update core.py,6aace305,f242c642,Update autogen.py (#13426),2
13472,Update core.py,6aace305,985521ee,Update local.py docstrings (#13373),2
13472,Update core.py,0511438e,4d59675b,Update core.py (#13472),3
13472,Update core.py,0511438e,afff7b43,Update pooling.py (#13467),2
13472,Update core.py,0511438e,f242c642,Update autogen.py (#13426),2
13472,Update core.py,0511438e,985521ee,Update local.py docstrings (#13373),2
13472,Update core.py,2fbac5a7,4d59675b,Update core.py (#13472),3
13472,Update core.py,2fbac5a7,afff7b43,Update pooling.py (#13467),2
13472,Update core.py,2fbac5a7,f242c642,Update autogen.py (#13426),2
13472,Update core.py,2fbac5a7,985521ee,Update local.py docstrings (#13373),2
13472,Update core.py,311f4542,4d59675b,Update core.py (#13472),3
13472,Update core.py,311f4542,afff7b43,Update pooling.py (#13467),2
13472,Update core.py,311f4542,f242c642,Update autogen.py (#13426),2
13472,Update core.py,311f4542,985521ee,Update local.py docstrings (#13373),2
13472,Update core.py,5e682520,4d59675b,Update core.py (#13472),3
13472,Update core.py,5e682520,afff7b43,Update pooling.py (#13467),2
13472,Update core.py,5e682520,f242c642,Update autogen.py (#13426),2
13472,Update core.py,5e682520,985521ee,Update local.py docstrings (#13373),2
13472,Update core.py,9065eff2,4d59675b,Update core.py (#13472),3
13472,Update core.py,9065eff2,afff7b43,Update pooling.py (#13467),2
13472,Update core.py,9065eff2,f242c642,Update autogen.py (#13426),2
13472,Update core.py,9065eff2,985521ee,Update local.py docstrings (#13373),2
13472,Update core.py,8ac788a5,4d59675b,Update core.py (#13472),3
13472,Update core.py,8ac788a5,afff7b43,Update pooling.py (#13467),2
13472,Update core.py,8ac788a5,f242c642,Update autogen.py (#13426),2
13472,Update core.py,8ac788a5,985521ee,Update local.py docstrings (#13373),2
13472,Update core.py,295e4f80,4d59675b,Update core.py (#13472),3
13472,Update core.py,295e4f80,afff7b43,Update pooling.py (#13467),2
13472,Update core.py,295e4f80,f242c642,Update autogen.py (#13426),2
13472,Update core.py,295e4f80,985521ee,Update local.py docstrings (#13373),2
13472,Update core.py,ed9e8d2f,4d59675b,Update core.py (#13472),3
13472,Update core.py,ed9e8d2f,afff7b43,Update pooling.py (#13467),2
13472,Update core.py,ed9e8d2f,f242c642,Update autogen.py (#13426),2
13472,Update core.py,ed9e8d2f,985521ee,Update local.py docstrings (#13373),2
13472,Update core.py,1a0792ae,4d59675b,Update core.py (#13472),3
13472,Update core.py,1a0792ae,afff7b43,Update pooling.py (#13467),2
13472,Update core.py,1a0792ae,f242c642,Update autogen.py (#13426),2
13472,Update core.py,1a0792ae,985521ee,Update local.py docstrings (#13373),2
13472,Update core.py,173a40dd,4d59675b,Update core.py (#13472),3
13472,Update core.py,173a40dd,afff7b43,Update pooling.py (#13467),2
13472,Update core.py,173a40dd,f242c642,Update autogen.py (#13426),2
13472,Update core.py,173a40dd,985521ee,Update local.py docstrings (#13373),2
13472,Update core.py,14f35ab0,4d59675b,Update core.py (#13472),3
13472,Update core.py,14f35ab0,afff7b43,Update pooling.py (#13467),2
13472,Update core.py,14f35ab0,f242c642,Update autogen.py (#13426),2
13472,Update core.py,14f35ab0,985521ee,Update local.py docstrings (#13373),2
13472,Update core.py,c57d1a32,4d59675b,Update core.py (#13472),3
13472,Update core.py,c57d1a32,afff7b43,Update pooling.py (#13467),2
13472,Update core.py,c57d1a32,f242c642,Update autogen.py (#13426),2
13472,Update core.py,c57d1a32,985521ee,Update local.py docstrings (#13373),2
13472,Update core.py,50b4f7fa,4d59675b,Update core.py (#13472),3
13472,Update core.py,50b4f7fa,afff7b43,Update pooling.py (#13467),2
13472,Update core.py,50b4f7fa,f242c642,Update autogen.py (#13426),2
13472,Update core.py,50b4f7fa,985521ee,Update local.py docstrings (#13373),2
13472,Update core.py,88b301f1,4d59675b,Update core.py (#13472),3
13472,Update core.py,88b301f1,afff7b43,Update pooling.py (#13467),2
13472,Update core.py,88b301f1,f242c642,Update autogen.py (#13426),2
13472,Update core.py,88b301f1,985521ee,Update local.py docstrings (#13373),2
13472,Update core.py,045d442f,4d59675b,Update core.py (#13472),3
13472,Update core.py,045d442f,afff7b43,Update pooling.py (#13467),2
13472,Update core.py,045d442f,f242c642,Update autogen.py (#13426),2
13472,Update core.py,045d442f,985521ee,Update local.py docstrings (#13373),2
13472,Update core.py,f2786d9d,4d59675b,Update core.py (#13472),3
13472,Update core.py,f2786d9d,afff7b43,Update pooling.py (#13467),2
13472,Update core.py,f2786d9d,f242c642,Update autogen.py (#13426),2
13472,Update core.py,f2786d9d,985521ee,Update local.py docstrings (#13373),2
13472,Update core.py,65e4c8e7,4d59675b,Update core.py (#13472),3
13472,Update core.py,65e4c8e7,afff7b43,Update pooling.py (#13467),2
13472,Update core.py,65e4c8e7,f242c642,Update autogen.py (#13426),2
13472,Update core.py,65e4c8e7,985521ee,Update local.py docstrings (#13373),2
13472,Update core.py,a7156b8c,4d59675b,Update core.py (#13472),3
13472,Update core.py,a7156b8c,afff7b43,Update pooling.py (#13467),2
13472,Update core.py,a7156b8c,f242c642,Update autogen.py (#13426),2
13472,Update core.py,a7156b8c,985521ee,Update local.py docstrings (#13373),2
13472,Update core.py,55159cf4,4d59675b,Update core.py (#13472),3
13472,Update core.py,55159cf4,afff7b43,Update pooling.py (#13467),2
13472,Update core.py,55159cf4,f242c642,Update autogen.py (#13426),2
13472,Update core.py,55159cf4,985521ee,Update local.py docstrings (#13373),2
13472,Update core.py,50a0d1ca,4d59675b,Update core.py (#13472),3
13472,Update core.py,50a0d1ca,afff7b43,Update pooling.py (#13467),2
13472,Update core.py,50a0d1ca,f242c642,Update autogen.py (#13426),2
13472,Update core.py,50a0d1ca,985521ee,Update local.py docstrings (#13373),2
13472,Update core.py,bf4dab35,4d59675b,Update core.py (#13472),3
13472,Update core.py,bf4dab35,afff7b43,Update pooling.py (#13467),2
13472,Update core.py,bf4dab35,f242c642,Update autogen.py (#13426),2
13472,Update core.py,bf4dab35,985521ee,Update local.py docstrings (#13373),2
13472,Update core.py,404a30df,4d59675b,Update core.py (#13472),3
13472,Update core.py,404a30df,afff7b43,Update pooling.py (#13467),2
13472,Update core.py,404a30df,f242c642,Update autogen.py (#13426),2
13472,Update core.py,404a30df,985521ee,Update local.py docstrings (#13373),2
13472,Update core.py,f4af11c7,4d59675b,Update core.py (#13472),3
13472,Update core.py,f4af11c7,afff7b43,Update pooling.py (#13467),2
13472,Update core.py,f4af11c7,f242c642,Update autogen.py (#13426),2
13472,Update core.py,f4af11c7,985521ee,Update local.py docstrings (#13373),2
13472,Update core.py,80ddb5b3,4d59675b,Update core.py (#13472),3
13472,Update core.py,80ddb5b3,afff7b43,Update pooling.py (#13467),2
13472,Update core.py,80ddb5b3,f242c642,Update autogen.py (#13426),2
13472,Update core.py,80ddb5b3,985521ee,Update local.py docstrings (#13373),2
13472,Update core.py,3ffba424,4d59675b,Update core.py (#13472),3
13472,Update core.py,3ffba424,afff7b43,Update pooling.py (#13467),2
13472,Update core.py,3ffba424,f242c642,Update autogen.py (#13426),2
13472,Update core.py,3ffba424,985521ee,Update local.py docstrings (#13373),2
13472,Update core.py,73f1ef2e,4d59675b,Update core.py (#13472),3
13472,Update core.py,73f1ef2e,afff7b43,Update pooling.py (#13467),2
13472,Update core.py,73f1ef2e,f242c642,Update autogen.py (#13426),2
13472,Update core.py,73f1ef2e,985521ee,Update local.py docstrings (#13373),2
13472,Update core.py,bf2f64bf,4d59675b,Update core.py (#13472),3
13472,Update core.py,bf2f64bf,afff7b43,Update pooling.py (#13467),2
13472,Update core.py,bf2f64bf,f242c642,Update autogen.py (#13426),2
13472,Update core.py,bf2f64bf,985521ee,Update local.py docstrings (#13373),2
13472,Update core.py,d02ea034,4d59675b,Update core.py (#13472),3
13472,Update core.py,d02ea034,afff7b43,Update pooling.py (#13467),2
13472,Update core.py,d02ea034,f242c642,Update autogen.py (#13426),2
13472,Update core.py,d02ea034,985521ee,Update local.py docstrings (#13373),2
13472,Update core.py,64396172,4d59675b,Update core.py (#13472),3
13472,Update core.py,64396172,afff7b43,Update pooling.py (#13467),2
13472,Update core.py,64396172,f242c642,Update autogen.py (#13426),2
13472,Update core.py,64396172,985521ee,Update local.py docstrings (#13373),2
13472,Update core.py,3c8618bb,4d59675b,Update core.py (#13472),3
13472,Update core.py,3c8618bb,afff7b43,Update pooling.py (#13467),2
13472,Update core.py,3c8618bb,f242c642,Update autogen.py (#13426),2
13472,Update core.py,3c8618bb,985521ee,Update local.py docstrings (#13373),2
13472,Update core.py,794c083f,4d59675b,Update core.py (#13472),3
13472,Update core.py,794c083f,afff7b43,Update pooling.py (#13467),2
13472,Update core.py,794c083f,f242c642,Update autogen.py (#13426),2
13472,Update core.py,794c083f,985521ee,Update local.py docstrings (#13373),2
13472,Update core.py,775e91c5,4d59675b,Update core.py (#13472),3
13472,Update core.py,775e91c5,afff7b43,Update pooling.py (#13467),2
13472,Update core.py,775e91c5,f242c642,Update autogen.py (#13426),2
13472,Update core.py,775e91c5,985521ee,Update local.py docstrings (#13373),2
13472,Update core.py,3e19b025,4d59675b,Update core.py (#13472),3
13472,Update core.py,3e19b025,afff7b43,Update pooling.py (#13467),2
13472,Update core.py,3e19b025,f242c642,Update autogen.py (#13426),2
13472,Update core.py,3e19b025,985521ee,Update local.py docstrings (#13373),2
13472,Update core.py,f20383b7,4d59675b,Update core.py (#13472),3
13472,Update core.py,f20383b7,afff7b43,Update pooling.py (#13467),2
13472,Update core.py,f20383b7,f242c642,Update autogen.py (#13426),2
13472,Update core.py,f20383b7,985521ee,Update local.py docstrings (#13373),2
13472,Update core.py,5c83c699,4d59675b,Update core.py (#13472),3
13472,Update core.py,5c83c699,afff7b43,Update pooling.py (#13467),2
13472,Update core.py,5c83c699,f242c642,Update autogen.py (#13426),2
13472,Update core.py,5c83c699,985521ee,Update local.py docstrings (#13373),2
13472,Update core.py,f5d56fa2,4d59675b,Update core.py (#13472),3
13472,Update core.py,f5d56fa2,afff7b43,Update pooling.py (#13467),2
13472,Update core.py,f5d56fa2,f242c642,Update autogen.py (#13426),2
13472,Update core.py,f5d56fa2,985521ee,Update local.py docstrings (#13373),2
13472,Update core.py,7fb4f4b0,4d59675b,Update core.py (#13472),3
13472,Update core.py,7fb4f4b0,afff7b43,Update pooling.py (#13467),2
13472,Update core.py,7fb4f4b0,f242c642,Update autogen.py (#13426),2
13472,Update core.py,7fb4f4b0,985521ee,Update local.py docstrings (#13373),2
13472,Update core.py,9620a497,4d59675b,Update core.py (#13472),3
13472,Update core.py,9620a497,afff7b43,Update pooling.py (#13467),2
13472,Update core.py,9620a497,f242c642,Update autogen.py (#13426),2
13472,Update core.py,9620a497,985521ee,Update local.py docstrings (#13373),2
13472,Update core.py,91965e8f,4d59675b,Update core.py (#13472),3
13472,Update core.py,91965e8f,afff7b43,Update pooling.py (#13467),2
13472,Update core.py,91965e8f,f242c642,Update autogen.py (#13426),2
13472,Update core.py,91965e8f,985521ee,Update local.py docstrings (#13373),2
13472,Update core.py,92f2717c,4d59675b,Update core.py (#13472),3
13472,Update core.py,92f2717c,afff7b43,Update pooling.py (#13467),2
13472,Update core.py,92f2717c,f242c642,Update autogen.py (#13426),2
13472,Update core.py,92f2717c,985521ee,Update local.py docstrings (#13373),2
13472,Update core.py,07723ccf,4d59675b,Update core.py (#13472),3
13472,Update core.py,07723ccf,afff7b43,Update pooling.py (#13467),2
13472,Update core.py,07723ccf,f242c642,Update autogen.py (#13426),2
13472,Update core.py,07723ccf,985521ee,Update local.py docstrings (#13373),2
13472,Update core.py,652d61be,4d59675b,Update core.py (#13472),3
13472,Update core.py,652d61be,afff7b43,Update pooling.py (#13467),2
13472,Update core.py,652d61be,f242c642,Update autogen.py (#13426),2
13472,Update core.py,652d61be,985521ee,Update local.py docstrings (#13373),2
13472,Update core.py,9c3060d8,4d59675b,Update core.py (#13472),3
13472,Update core.py,9c3060d8,afff7b43,Update pooling.py (#13467),2
13472,Update core.py,9c3060d8,f242c642,Update autogen.py (#13426),2
13472,Update core.py,9c3060d8,985521ee,Update local.py docstrings (#13373),2
13472,Update core.py,d2a15040,4d59675b,Update core.py (#13472),3
13472,Update core.py,d2a15040,afff7b43,Update pooling.py (#13467),2
13472,Update core.py,d2a15040,f242c642,Update autogen.py (#13426),2
13472,Update core.py,d2a15040,985521ee,Update local.py docstrings (#13373),2
13472,Update core.py,9c1afbb6,4d59675b,Update core.py (#13472),3
13472,Update core.py,9c1afbb6,afff7b43,Update pooling.py (#13467),2
13472,Update core.py,9c1afbb6,f242c642,Update autogen.py (#13426),2
13472,Update core.py,9c1afbb6,985521ee,Update local.py docstrings (#13373),2
13472,Update core.py,cbb9d001,4d59675b,Update core.py (#13472),3
13472,Update core.py,cbb9d001,afff7b43,Update pooling.py (#13467),2
13472,Update core.py,cbb9d001,f242c642,Update autogen.py (#13426),2
13472,Update core.py,cbb9d001,985521ee,Update local.py docstrings (#13373),2
13472,Update core.py,78c61c65,4d59675b,Update core.py (#13472),3
13472,Update core.py,78c61c65,afff7b43,Update pooling.py (#13467),2
13472,Update core.py,78c61c65,f242c642,Update autogen.py (#13426),2
13472,Update core.py,78c61c65,985521ee,Update local.py docstrings (#13373),2
13472,Update core.py,5c1e5d5e,4d59675b,Update core.py (#13472),3
13472,Update core.py,5c1e5d5e,afff7b43,Update pooling.py (#13467),2
13472,Update core.py,5c1e5d5e,f242c642,Update autogen.py (#13426),2
13472,Update core.py,5c1e5d5e,985521ee,Update local.py docstrings (#13373),2
13472,Update core.py,819f569c,4d59675b,Update core.py (#13472),3
13472,Update core.py,819f569c,afff7b43,Update pooling.py (#13467),2
13472,Update core.py,819f569c,f242c642,Update autogen.py (#13426),2
13472,Update core.py,819f569c,985521ee,Update local.py docstrings (#13373),2
13472,Update core.py,d444b919,4d59675b,Update core.py (#13472),3
13472,Update core.py,d444b919,afff7b43,Update pooling.py (#13467),2
13472,Update core.py,d444b919,f242c642,Update autogen.py (#13426),2
13472,Update core.py,d444b919,985521ee,Update local.py docstrings (#13373),2
13472,Update core.py,747d4a30,4d59675b,Update core.py (#13472),3
13472,Update core.py,747d4a30,afff7b43,Update pooling.py (#13467),2
13472,Update core.py,747d4a30,f242c642,Update autogen.py (#13426),2
13472,Update core.py,747d4a30,985521ee,Update local.py docstrings (#13373),2
13472,Update core.py,ab19cf7b,4d59675b,Update core.py (#13472),3
13472,Update core.py,ab19cf7b,afff7b43,Update pooling.py (#13467),2
13472,Update core.py,ab19cf7b,f242c642,Update autogen.py (#13426),2
13472,Update core.py,ab19cf7b,985521ee,Update local.py docstrings (#13373),2
13472,Update core.py,6b8970ab,4d59675b,Update core.py (#13472),3
13472,Update core.py,6b8970ab,afff7b43,Update pooling.py (#13467),2
13472,Update core.py,6b8970ab,f242c642,Update autogen.py (#13426),2
13472,Update core.py,6b8970ab,985521ee,Update local.py docstrings (#13373),2
13472,Update core.py,f6f8bf64,4d59675b,Update core.py (#13472),3
13472,Update core.py,f6f8bf64,afff7b43,Update pooling.py (#13467),2
13472,Update core.py,f6f8bf64,f242c642,Update autogen.py (#13426),2
13472,Update core.py,f6f8bf64,985521ee,Update local.py docstrings (#13373),2
13472,Update core.py,e60b7de0,4d59675b,Update core.py (#13472),3
13472,Update core.py,e60b7de0,afff7b43,Update pooling.py (#13467),2
13472,Update core.py,e60b7de0,f242c642,Update autogen.py (#13426),2
13472,Update core.py,e60b7de0,985521ee,Update local.py docstrings (#13373),2
13472,Update core.py,bde97055,4d59675b,Update core.py (#13472),3
13472,Update core.py,bde97055,afff7b43,Update pooling.py (#13467),2
13472,Update core.py,bde97055,f242c642,Update autogen.py (#13426),2
13472,Update core.py,bde97055,985521ee,Update local.py docstrings (#13373),2
13472,Update core.py,2f8b351c,4d59675b,Update core.py (#13472),3
13472,Update core.py,2f8b351c,afff7b43,Update pooling.py (#13467),2
13472,Update core.py,2f8b351c,f242c642,Update autogen.py (#13426),2
13472,Update core.py,2f8b351c,985521ee,Update local.py docstrings (#13373),2
13472,Update core.py,8ee2ffd7,4d59675b,Update core.py (#13472),3
13472,Update core.py,8ee2ffd7,afff7b43,Update pooling.py (#13467),2
13472,Update core.py,8ee2ffd7,f242c642,Update autogen.py (#13426),2
13472,Update core.py,8ee2ffd7,985521ee,Update local.py docstrings (#13373),2
13472,Update core.py,fb24dc19,4d59675b,Update core.py (#13472),3
13472,Update core.py,fb24dc19,afff7b43,Update pooling.py (#13467),2
13472,Update core.py,fb24dc19,f242c642,Update autogen.py (#13426),2
13472,Update core.py,fb24dc19,985521ee,Update local.py docstrings (#13373),2
13472,Update core.py,0354e645,4d59675b,Update core.py (#13472),3
13472,Update core.py,0354e645,afff7b43,Update pooling.py (#13467),2
13472,Update core.py,0354e645,f242c642,Update autogen.py (#13426),2
13472,Update core.py,0354e645,985521ee,Update local.py docstrings (#13373),2
13472,Update core.py,fbe2ea65,4d59675b,Update core.py (#13472),3
13472,Update core.py,fbe2ea65,afff7b43,Update pooling.py (#13467),2
13472,Update core.py,fbe2ea65,f242c642,Update autogen.py (#13426),2
13472,Update core.py,fbe2ea65,985521ee,Update local.py docstrings (#13373),2
13472,Update core.py,21dcabb6,4d59675b,Update core.py (#13472),3
13472,Update core.py,21dcabb6,afff7b43,Update pooling.py (#13467),2
13472,Update core.py,21dcabb6,f242c642,Update autogen.py (#13426),2
13472,Update core.py,21dcabb6,985521ee,Update local.py docstrings (#13373),2
13472,Update core.py,42a65d4b,4d59675b,Update core.py (#13472),3
13472,Update core.py,42a65d4b,afff7b43,Update pooling.py (#13467),2
13472,Update core.py,42a65d4b,f242c642,Update autogen.py (#13426),2
13472,Update core.py,42a65d4b,985521ee,Update local.py docstrings (#13373),2
13472,Update core.py,cb836091,4d59675b,Update core.py (#13472),3
13472,Update core.py,cb836091,afff7b43,Update pooling.py (#13467),2
13472,Update core.py,cb836091,f242c642,Update autogen.py (#13426),2
13472,Update core.py,cb836091,985521ee,Update local.py docstrings (#13373),2
13472,Update core.py,6a052477,4d59675b,Update core.py (#13472),3
13472,Update core.py,6a052477,afff7b43,Update pooling.py (#13467),2
13472,Update core.py,6a052477,f242c642,Update autogen.py (#13426),2
13472,Update core.py,6a052477,985521ee,Update local.py docstrings (#13373),2
13472,Update core.py,c015acb4,4d59675b,Update core.py (#13472),3
13472,Update core.py,c015acb4,afff7b43,Update pooling.py (#13467),2
13472,Update core.py,c015acb4,f242c642,Update autogen.py (#13426),2
13472,Update core.py,c015acb4,985521ee,Update local.py docstrings (#13373),2
13472,Update core.py,feac8dba,4d59675b,Update core.py (#13472),3
13472,Update core.py,feac8dba,afff7b43,Update pooling.py (#13467),2
13472,Update core.py,feac8dba,f242c642,Update autogen.py (#13426),2
13472,Update core.py,feac8dba,985521ee,Update local.py docstrings (#13373),2
13472,Update core.py,c140939c,4d59675b,Update core.py (#13472),3
13472,Update core.py,c140939c,afff7b43,Update pooling.py (#13467),2
13472,Update core.py,c140939c,f242c642,Update autogen.py (#13426),2
13472,Update core.py,c140939c,985521ee,Update local.py docstrings (#13373),2
13472,Update core.py,c90d2dfc,4d59675b,Update core.py (#13472),3
13472,Update core.py,c90d2dfc,afff7b43,Update pooling.py (#13467),2
13472,Update core.py,c90d2dfc,f242c642,Update autogen.py (#13426),2
13472,Update core.py,c90d2dfc,985521ee,Update local.py docstrings (#13373),2
13472,Update core.py,29e788dc,4d59675b,Update core.py (#13472),3
13472,Update core.py,29e788dc,afff7b43,Update pooling.py (#13467),2
13472,Update core.py,29e788dc,f242c642,Update autogen.py (#13426),2
13472,Update core.py,29e788dc,985521ee,Update local.py docstrings (#13373),2
13472,Update core.py,07f8cef2,4d59675b,Update core.py (#13472),3
13472,Update core.py,07f8cef2,afff7b43,Update pooling.py (#13467),2
13472,Update core.py,07f8cef2,f242c642,Update autogen.py (#13426),2
13472,Update core.py,07f8cef2,985521ee,Update local.py docstrings (#13373),2
13472,Update core.py,a069161d,4d59675b,Update core.py (#13472),3
13472,Update core.py,a069161d,afff7b43,Update pooling.py (#13467),2
13472,Update core.py,a069161d,f242c642,Update autogen.py (#13426),2
13472,Update core.py,a069161d,985521ee,Update local.py docstrings (#13373),2
13472,Update core.py,0fab8ac3,4d59675b,Update core.py (#13472),3
13472,Update core.py,0fab8ac3,afff7b43,Update pooling.py (#13467),2
13472,Update core.py,0fab8ac3,f242c642,Update autogen.py (#13426),2
13472,Update core.py,0fab8ac3,985521ee,Update local.py docstrings (#13373),2
13472,Update core.py,15b84d37,4d59675b,Update core.py (#13472),3
13472,Update core.py,15b84d37,afff7b43,Update pooling.py (#13467),2
13472,Update core.py,15b84d37,f242c642,Update autogen.py (#13426),2
13472,Update core.py,15b84d37,985521ee,Update local.py docstrings (#13373),2
13472,Update core.py,97b27bfd,4d59675b,Update core.py (#13472),3
13472,Update core.py,97b27bfd,afff7b43,Update pooling.py (#13467),2
13472,Update core.py,97b27bfd,f242c642,Update autogen.py (#13426),2
13472,Update core.py,97b27bfd,985521ee,Update local.py docstrings (#13373),2
13472,Update core.py,a0c5f574,4d59675b,Update core.py (#13472),3
13472,Update core.py,a0c5f574,afff7b43,Update pooling.py (#13467),2
13472,Update core.py,a0c5f574,f242c642,Update autogen.py (#13426),2
13472,Update core.py,a0c5f574,985521ee,Update local.py docstrings (#13373),2
13472,Update core.py,688b898d,4d59675b,Update core.py (#13472),3
13472,Update core.py,688b898d,afff7b43,Update pooling.py (#13467),2
13472,Update core.py,688b898d,f242c642,Update autogen.py (#13426),2
13472,Update core.py,688b898d,985521ee,Update local.py docstrings (#13373),2
13472,Update core.py,7def993f,4d59675b,Update core.py (#13472),3
13472,Update core.py,7def993f,afff7b43,Update pooling.py (#13467),2
13472,Update core.py,7def993f,f242c642,Update autogen.py (#13426),2
13472,Update core.py,7def993f,985521ee,Update local.py docstrings (#13373),2
13472,Update core.py,c33a551f,4d59675b,Update core.py (#13472),3
13472,Update core.py,c33a551f,afff7b43,Update pooling.py (#13467),2
13472,Update core.py,c33a551f,f242c642,Update autogen.py (#13426),2
13472,Update core.py,c33a551f,985521ee,Update local.py docstrings (#13373),2
13472,Update core.py,c6cf4425,4d59675b,Update core.py (#13472),3
13472,Update core.py,c6cf4425,afff7b43,Update pooling.py (#13467),2
13472,Update core.py,c6cf4425,f242c642,Update autogen.py (#13426),2
13472,Update core.py,c6cf4425,985521ee,Update local.py docstrings (#13373),2
13472,Update core.py,0d233b25,4d59675b,Update core.py (#13472),3
13472,Update core.py,0d233b25,afff7b43,Update pooling.py (#13467),2
13472,Update core.py,0d233b25,f242c642,Update autogen.py (#13426),2
13472,Update core.py,0d233b25,985521ee,Update local.py docstrings (#13373),2
13472,Update core.py,e704e157,4d59675b,Update core.py (#13472),3
13472,Update core.py,e704e157,afff7b43,Update pooling.py (#13467),2
13472,Update core.py,e704e157,f242c642,Update autogen.py (#13426),2
13472,Update core.py,e704e157,985521ee,Update local.py docstrings (#13373),2
13472,Update core.py,11e4c4b9,4d59675b,Update core.py (#13472),3
13472,Update core.py,11e4c4b9,afff7b43,Update pooling.py (#13467),2
13472,Update core.py,11e4c4b9,f242c642,Update autogen.py (#13426),2
13472,Update core.py,11e4c4b9,985521ee,Update local.py docstrings (#13373),2
13472,Update core.py,d5cd2687,4d59675b,Update core.py (#13472),3
13472,Update core.py,d5cd2687,afff7b43,Update pooling.py (#13467),2
13472,Update core.py,d5cd2687,f242c642,Update autogen.py (#13426),2
13472,Update core.py,d5cd2687,985521ee,Update local.py docstrings (#13373),2
13472,Update core.py,eee20b46,4d59675b,Update core.py (#13472),3
13472,Update core.py,eee20b46,afff7b43,Update pooling.py (#13467),2
13472,Update core.py,eee20b46,f242c642,Update autogen.py (#13426),2
13472,Update core.py,eee20b46,985521ee,Update local.py docstrings (#13373),2
13472,Update core.py,9827db2c,4d59675b,Update core.py (#13472),3
13472,Update core.py,9827db2c,afff7b43,Update pooling.py (#13467),2
13472,Update core.py,9827db2c,f242c642,Update autogen.py (#13426),2
13472,Update core.py,9827db2c,985521ee,Update local.py docstrings (#13373),2
13472,Update core.py,8675fc52,4d59675b,Update core.py (#13472),3
13472,Update core.py,8675fc52,afff7b43,Update pooling.py (#13467),2
13472,Update core.py,8675fc52,f242c642,Update autogen.py (#13426),2
13472,Update core.py,8675fc52,985521ee,Update local.py docstrings (#13373),2
13472,Update core.py,98d49754,4d59675b,Update core.py (#13472),3
13472,Update core.py,98d49754,afff7b43,Update pooling.py (#13467),2
13472,Update core.py,98d49754,f242c642,Update autogen.py (#13426),2
13472,Update core.py,98d49754,985521ee,Update local.py docstrings (#13373),2
13472,Update core.py,8213e515,4d59675b,Update core.py (#13472),3
13472,Update core.py,8213e515,afff7b43,Update pooling.py (#13467),2
13472,Update core.py,8213e515,f242c642,Update autogen.py (#13426),2
13472,Update core.py,8213e515,985521ee,Update local.py docstrings (#13373),2
13472,Update core.py,0cae63ac,4d59675b,Update core.py (#13472),3
13472,Update core.py,0cae63ac,afff7b43,Update pooling.py (#13467),2
13472,Update core.py,0cae63ac,f242c642,Update autogen.py (#13426),2
13472,Update core.py,0cae63ac,985521ee,Update local.py docstrings (#13373),2
13472,Update core.py,b0b3ff13,4d59675b,Update core.py (#13472),3
13472,Update core.py,b0b3ff13,afff7b43,Update pooling.py (#13467),2
13472,Update core.py,b0b3ff13,f242c642,Update autogen.py (#13426),2
13472,Update core.py,b0b3ff13,985521ee,Update local.py docstrings (#13373),2
13472,Update core.py,ce209553,4d59675b,Update core.py (#13472),3
13472,Update core.py,ce209553,afff7b43,Update pooling.py (#13467),2
13472,Update core.py,ce209553,f242c642,Update autogen.py (#13426),2
13472,Update core.py,ce209553,985521ee,Update local.py docstrings (#13373),2
13471,Update local.py,9a2b5092,4d59675b,Update core.py (#13472),2
13471,Update local.py,9a2b5092,afff7b43,Update pooling.py (#13467),2
13471,Update local.py,9a2b5092,f242c642,Update autogen.py (#13426),2
13471,Update local.py,9a2b5092,985521ee,Update local.py docstrings (#13373),2
13471,Update local.py,e8946d52,4d59675b,Update core.py (#13472),2
13471,Update local.py,e8946d52,afff7b43,Update pooling.py (#13467),2
13471,Update local.py,e8946d52,f242c642,Update autogen.py (#13426),2
13471,Update local.py,e8946d52,985521ee,Update local.py docstrings (#13373),2
13471,Update local.py,4d59675b,4d59675b,Update core.py (#13472),2
13471,Update local.py,4d59675b,afff7b43,Update pooling.py (#13467),2
13471,Update local.py,4d59675b,f242c642,Update autogen.py (#13426),2
13471,Update local.py,4d59675b,985521ee,Update local.py docstrings (#13373),2
13471,Update local.py,afff7b43,4d59675b,Update core.py (#13472),2
13471,Update local.py,afff7b43,afff7b43,Update pooling.py (#13467),2
13471,Update local.py,afff7b43,f242c642,Update autogen.py (#13426),2
13471,Update local.py,afff7b43,985521ee,Update local.py docstrings (#13373),2
13471,Update local.py,e25f68dc,4d59675b,Update core.py (#13472),2
13471,Update local.py,e25f68dc,afff7b43,Update pooling.py (#13467),2
13471,Update local.py,e25f68dc,f242c642,Update autogen.py (#13426),2
13471,Update local.py,e25f68dc,985521ee,Update local.py docstrings (#13373),2
13471,Update local.py,f242c642,4d59675b,Update core.py (#13472),2
13471,Update local.py,f242c642,afff7b43,Update pooling.py (#13467),2
13471,Update local.py,f242c642,f242c642,Update autogen.py (#13426),2
13471,Update local.py,f242c642,985521ee,Update local.py docstrings (#13373),2
13471,Update local.py,985521ee,4d59675b,Update core.py (#13472),2
13471,Update local.py,985521ee,afff7b43,Update pooling.py (#13467),2
13471,Update local.py,985521ee,f242c642,Update autogen.py (#13426),2
13471,Update local.py,985521ee,985521ee,Update local.py docstrings (#13373),2
13471,Update local.py,66455371,4d59675b,Update core.py (#13472),2
13471,Update local.py,66455371,afff7b43,Update pooling.py (#13467),2
13471,Update local.py,66455371,f242c642,Update autogen.py (#13426),2
13471,Update local.py,66455371,985521ee,Update local.py docstrings (#13373),2
13471,Update local.py,3bda5520,4d59675b,Update core.py (#13472),2
13471,Update local.py,3bda5520,afff7b43,Update pooling.py (#13467),2
13471,Update local.py,3bda5520,f242c642,Update autogen.py (#13426),2
13471,Update local.py,3bda5520,985521ee,Update local.py docstrings (#13373),2
13471,Update local.py,b78e3ff9,4d59675b,Update core.py (#13472),2
13471,Update local.py,b78e3ff9,afff7b43,Update pooling.py (#13467),2
13471,Update local.py,b78e3ff9,f242c642,Update autogen.py (#13426),2
13471,Update local.py,b78e3ff9,985521ee,Update local.py docstrings (#13373),2
13471,Update local.py,2b963e5a,4d59675b,Update core.py (#13472),2
13471,Update local.py,2b963e5a,afff7b43,Update pooling.py (#13467),2
13471,Update local.py,2b963e5a,f242c642,Update autogen.py (#13426),2
13471,Update local.py,2b963e5a,985521ee,Update local.py docstrings (#13373),2
13471,Update local.py,105f6e29,4d59675b,Update core.py (#13472),2
13471,Update local.py,105f6e29,afff7b43,Update pooling.py (#13467),2
13471,Update local.py,105f6e29,f242c642,Update autogen.py (#13426),2
13471,Update local.py,105f6e29,985521ee,Update local.py docstrings (#13373),2
13471,Update local.py,c8e3b601,4d59675b,Update core.py (#13472),2
13471,Update local.py,c8e3b601,afff7b43,Update pooling.py (#13467),2
13471,Update local.py,c8e3b601,f242c642,Update autogen.py (#13426),2
13471,Update local.py,c8e3b601,985521ee,Update local.py docstrings (#13373),2
13471,Update local.py,6aace305,4d59675b,Update core.py (#13472),2
13471,Update local.py,6aace305,afff7b43,Update pooling.py (#13467),2
13471,Update local.py,6aace305,f242c642,Update autogen.py (#13426),2
13471,Update local.py,6aace305,985521ee,Update local.py docstrings (#13373),2
13471,Update local.py,0511438e,4d59675b,Update core.py (#13472),2
13471,Update local.py,0511438e,afff7b43,Update pooling.py (#13467),2
13471,Update local.py,0511438e,f242c642,Update autogen.py (#13426),2
13471,Update local.py,0511438e,985521ee,Update local.py docstrings (#13373),2
13471,Update local.py,2fbac5a7,4d59675b,Update core.py (#13472),2
13471,Update local.py,2fbac5a7,afff7b43,Update pooling.py (#13467),2
13471,Update local.py,2fbac5a7,f242c642,Update autogen.py (#13426),2
13471,Update local.py,2fbac5a7,985521ee,Update local.py docstrings (#13373),2
13471,Update local.py,311f4542,4d59675b,Update core.py (#13472),2
13471,Update local.py,311f4542,afff7b43,Update pooling.py (#13467),2
13471,Update local.py,311f4542,f242c642,Update autogen.py (#13426),2
13471,Update local.py,311f4542,985521ee,Update local.py docstrings (#13373),2
13471,Update local.py,5e682520,4d59675b,Update core.py (#13472),2
13471,Update local.py,5e682520,afff7b43,Update pooling.py (#13467),2
13471,Update local.py,5e682520,f242c642,Update autogen.py (#13426),2
13471,Update local.py,5e682520,985521ee,Update local.py docstrings (#13373),2
13471,Update local.py,9065eff2,4d59675b,Update core.py (#13472),2
13471,Update local.py,9065eff2,afff7b43,Update pooling.py (#13467),2
13471,Update local.py,9065eff2,f242c642,Update autogen.py (#13426),2
13471,Update local.py,9065eff2,985521ee,Update local.py docstrings (#13373),2
13471,Update local.py,8ac788a5,4d59675b,Update core.py (#13472),2
13471,Update local.py,8ac788a5,afff7b43,Update pooling.py (#13467),2
13471,Update local.py,8ac788a5,f242c642,Update autogen.py (#13426),2
13471,Update local.py,8ac788a5,985521ee,Update local.py docstrings (#13373),2
13471,Update local.py,295e4f80,4d59675b,Update core.py (#13472),2
13471,Update local.py,295e4f80,afff7b43,Update pooling.py (#13467),2
13471,Update local.py,295e4f80,f242c642,Update autogen.py (#13426),2
13471,Update local.py,295e4f80,985521ee,Update local.py docstrings (#13373),2
13471,Update local.py,ed9e8d2f,4d59675b,Update core.py (#13472),2
13471,Update local.py,ed9e8d2f,afff7b43,Update pooling.py (#13467),2
13471,Update local.py,ed9e8d2f,f242c642,Update autogen.py (#13426),2
13471,Update local.py,ed9e8d2f,985521ee,Update local.py docstrings (#13373),2
13471,Update local.py,1a0792ae,4d59675b,Update core.py (#13472),2
13471,Update local.py,1a0792ae,afff7b43,Update pooling.py (#13467),2
13471,Update local.py,1a0792ae,f242c642,Update autogen.py (#13426),2
13471,Update local.py,1a0792ae,985521ee,Update local.py docstrings (#13373),2
13471,Update local.py,173a40dd,4d59675b,Update core.py (#13472),2
13471,Update local.py,173a40dd,afff7b43,Update pooling.py (#13467),2
13471,Update local.py,173a40dd,f242c642,Update autogen.py (#13426),2
13471,Update local.py,173a40dd,985521ee,Update local.py docstrings (#13373),2
13471,Update local.py,14f35ab0,4d59675b,Update core.py (#13472),2
13471,Update local.py,14f35ab0,afff7b43,Update pooling.py (#13467),2
13471,Update local.py,14f35ab0,f242c642,Update autogen.py (#13426),2
13471,Update local.py,14f35ab0,985521ee,Update local.py docstrings (#13373),2
13471,Update local.py,c57d1a32,4d59675b,Update core.py (#13472),2
13471,Update local.py,c57d1a32,afff7b43,Update pooling.py (#13467),2
13471,Update local.py,c57d1a32,f242c642,Update autogen.py (#13426),2
13471,Update local.py,c57d1a32,985521ee,Update local.py docstrings (#13373),2
13471,Update local.py,50b4f7fa,4d59675b,Update core.py (#13472),2
13471,Update local.py,50b4f7fa,afff7b43,Update pooling.py (#13467),2
13471,Update local.py,50b4f7fa,f242c642,Update autogen.py (#13426),2
13471,Update local.py,50b4f7fa,985521ee,Update local.py docstrings (#13373),2
13471,Update local.py,88b301f1,4d59675b,Update core.py (#13472),2
13471,Update local.py,88b301f1,afff7b43,Update pooling.py (#13467),2
13471,Update local.py,88b301f1,f242c642,Update autogen.py (#13426),2
13471,Update local.py,88b301f1,985521ee,Update local.py docstrings (#13373),2
13471,Update local.py,045d442f,4d59675b,Update core.py (#13472),2
13471,Update local.py,045d442f,afff7b43,Update pooling.py (#13467),2
13471,Update local.py,045d442f,f242c642,Update autogen.py (#13426),2
13471,Update local.py,045d442f,985521ee,Update local.py docstrings (#13373),2
13471,Update local.py,f2786d9d,4d59675b,Update core.py (#13472),2
13471,Update local.py,f2786d9d,afff7b43,Update pooling.py (#13467),2
13471,Update local.py,f2786d9d,f242c642,Update autogen.py (#13426),2
13471,Update local.py,f2786d9d,985521ee,Update local.py docstrings (#13373),2
13471,Update local.py,65e4c8e7,4d59675b,Update core.py (#13472),2
13471,Update local.py,65e4c8e7,afff7b43,Update pooling.py (#13467),2
13471,Update local.py,65e4c8e7,f242c642,Update autogen.py (#13426),2
13471,Update local.py,65e4c8e7,985521ee,Update local.py docstrings (#13373),2
13471,Update local.py,a7156b8c,4d59675b,Update core.py (#13472),2
13471,Update local.py,a7156b8c,afff7b43,Update pooling.py (#13467),2
13471,Update local.py,a7156b8c,f242c642,Update autogen.py (#13426),2
13471,Update local.py,a7156b8c,985521ee,Update local.py docstrings (#13373),2
13471,Update local.py,55159cf4,4d59675b,Update core.py (#13472),2
13471,Update local.py,55159cf4,afff7b43,Update pooling.py (#13467),2
13471,Update local.py,55159cf4,f242c642,Update autogen.py (#13426),2
13471,Update local.py,55159cf4,985521ee,Update local.py docstrings (#13373),2
13471,Update local.py,50a0d1ca,4d59675b,Update core.py (#13472),2
13471,Update local.py,50a0d1ca,afff7b43,Update pooling.py (#13467),2
13471,Update local.py,50a0d1ca,f242c642,Update autogen.py (#13426),2
13471,Update local.py,50a0d1ca,985521ee,Update local.py docstrings (#13373),2
13471,Update local.py,404a30df,4d59675b,Update core.py (#13472),2
13471,Update local.py,404a30df,afff7b43,Update pooling.py (#13467),2
13471,Update local.py,404a30df,f242c642,Update autogen.py (#13426),2
13471,Update local.py,404a30df,985521ee,Update local.py docstrings (#13373),2
13471,Update local.py,f4af11c7,4d59675b,Update core.py (#13472),2
13471,Update local.py,f4af11c7,afff7b43,Update pooling.py (#13467),2
13471,Update local.py,f4af11c7,f242c642,Update autogen.py (#13426),2
13471,Update local.py,f4af11c7,985521ee,Update local.py docstrings (#13373),2
13471,Update local.py,80ddb5b3,4d59675b,Update core.py (#13472),2
13471,Update local.py,80ddb5b3,afff7b43,Update pooling.py (#13467),2
13471,Update local.py,80ddb5b3,f242c642,Update autogen.py (#13426),2
13471,Update local.py,80ddb5b3,985521ee,Update local.py docstrings (#13373),2
13471,Update local.py,3ffba424,4d59675b,Update core.py (#13472),2
13471,Update local.py,3ffba424,afff7b43,Update pooling.py (#13467),2
13471,Update local.py,3ffba424,f242c642,Update autogen.py (#13426),2
13471,Update local.py,3ffba424,985521ee,Update local.py docstrings (#13373),2
13471,Update local.py,73f1ef2e,4d59675b,Update core.py (#13472),2
13471,Update local.py,73f1ef2e,afff7b43,Update pooling.py (#13467),2
13471,Update local.py,73f1ef2e,f242c642,Update autogen.py (#13426),2
13471,Update local.py,73f1ef2e,985521ee,Update local.py docstrings (#13373),2
13471,Update local.py,bf2f64bf,4d59675b,Update core.py (#13472),2
13471,Update local.py,bf2f64bf,afff7b43,Update pooling.py (#13467),2
13471,Update local.py,bf2f64bf,f242c642,Update autogen.py (#13426),2
13471,Update local.py,bf2f64bf,985521ee,Update local.py docstrings (#13373),2
13471,Update local.py,d02ea034,4d59675b,Update core.py (#13472),2
13471,Update local.py,d02ea034,afff7b43,Update pooling.py (#13467),2
13471,Update local.py,d02ea034,f242c642,Update autogen.py (#13426),2
13471,Update local.py,d02ea034,985521ee,Update local.py docstrings (#13373),2
13471,Update local.py,64396172,4d59675b,Update core.py (#13472),2
13471,Update local.py,64396172,afff7b43,Update pooling.py (#13467),2
13471,Update local.py,64396172,f242c642,Update autogen.py (#13426),2
13471,Update local.py,64396172,985521ee,Update local.py docstrings (#13373),2
13471,Update local.py,3c8618bb,4d59675b,Update core.py (#13472),2
13471,Update local.py,3c8618bb,afff7b43,Update pooling.py (#13467),2
13471,Update local.py,3c8618bb,f242c642,Update autogen.py (#13426),2
13471,Update local.py,3c8618bb,985521ee,Update local.py docstrings (#13373),2
13471,Update local.py,794c083f,4d59675b,Update core.py (#13472),2
13471,Update local.py,794c083f,afff7b43,Update pooling.py (#13467),2
13471,Update local.py,794c083f,f242c642,Update autogen.py (#13426),2
13471,Update local.py,794c083f,985521ee,Update local.py docstrings (#13373),2
13471,Update local.py,775e91c5,4d59675b,Update core.py (#13472),2
13471,Update local.py,775e91c5,afff7b43,Update pooling.py (#13467),2
13471,Update local.py,775e91c5,f242c642,Update autogen.py (#13426),2
13471,Update local.py,775e91c5,985521ee,Update local.py docstrings (#13373),2
13471,Update local.py,3e19b025,4d59675b,Update core.py (#13472),2
13471,Update local.py,3e19b025,afff7b43,Update pooling.py (#13467),2
13471,Update local.py,3e19b025,f242c642,Update autogen.py (#13426),2
13471,Update local.py,3e19b025,985521ee,Update local.py docstrings (#13373),2
13471,Update local.py,f20383b7,4d59675b,Update core.py (#13472),2
13471,Update local.py,f20383b7,afff7b43,Update pooling.py (#13467),2
13471,Update local.py,f20383b7,f242c642,Update autogen.py (#13426),2
13471,Update local.py,f20383b7,985521ee,Update local.py docstrings (#13373),2
13471,Update local.py,5c83c699,4d59675b,Update core.py (#13472),2
13471,Update local.py,5c83c699,afff7b43,Update pooling.py (#13467),2
13471,Update local.py,5c83c699,f242c642,Update autogen.py (#13426),2
13471,Update local.py,5c83c699,985521ee,Update local.py docstrings (#13373),2
13471,Update local.py,f5d56fa2,4d59675b,Update core.py (#13472),2
13471,Update local.py,f5d56fa2,afff7b43,Update pooling.py (#13467),2
13471,Update local.py,f5d56fa2,f242c642,Update autogen.py (#13426),2
13471,Update local.py,f5d56fa2,985521ee,Update local.py docstrings (#13373),2
13471,Update local.py,7fb4f4b0,4d59675b,Update core.py (#13472),2
13471,Update local.py,7fb4f4b0,afff7b43,Update pooling.py (#13467),2
13471,Update local.py,7fb4f4b0,f242c642,Update autogen.py (#13426),2
13471,Update local.py,7fb4f4b0,985521ee,Update local.py docstrings (#13373),2
13471,Update local.py,9620a497,4d59675b,Update core.py (#13472),2
13471,Update local.py,9620a497,afff7b43,Update pooling.py (#13467),2
13471,Update local.py,9620a497,f242c642,Update autogen.py (#13426),2
13471,Update local.py,9620a497,985521ee,Update local.py docstrings (#13373),2
13471,Update local.py,91965e8f,4d59675b,Update core.py (#13472),2
13471,Update local.py,91965e8f,afff7b43,Update pooling.py (#13467),2
13471,Update local.py,91965e8f,f242c642,Update autogen.py (#13426),2
13471,Update local.py,91965e8f,985521ee,Update local.py docstrings (#13373),2
13471,Update local.py,92f2717c,4d59675b,Update core.py (#13472),2
13471,Update local.py,92f2717c,afff7b43,Update pooling.py (#13467),2
13471,Update local.py,92f2717c,f242c642,Update autogen.py (#13426),2
13471,Update local.py,92f2717c,985521ee,Update local.py docstrings (#13373),2
13471,Update local.py,07723ccf,4d59675b,Update core.py (#13472),2
13471,Update local.py,07723ccf,afff7b43,Update pooling.py (#13467),2
13471,Update local.py,07723ccf,f242c642,Update autogen.py (#13426),2
13471,Update local.py,07723ccf,985521ee,Update local.py docstrings (#13373),2
13471,Update local.py,652d61be,4d59675b,Update core.py (#13472),2
13471,Update local.py,652d61be,afff7b43,Update pooling.py (#13467),2
13471,Update local.py,652d61be,f242c642,Update autogen.py (#13426),2
13471,Update local.py,652d61be,985521ee,Update local.py docstrings (#13373),2
13471,Update local.py,9c3060d8,4d59675b,Update core.py (#13472),2
13471,Update local.py,9c3060d8,afff7b43,Update pooling.py (#13467),2
13471,Update local.py,9c3060d8,f242c642,Update autogen.py (#13426),2
13471,Update local.py,9c3060d8,985521ee,Update local.py docstrings (#13373),2
13471,Update local.py,d2a15040,4d59675b,Update core.py (#13472),2
13471,Update local.py,d2a15040,afff7b43,Update pooling.py (#13467),2
13471,Update local.py,d2a15040,f242c642,Update autogen.py (#13426),2
13471,Update local.py,d2a15040,985521ee,Update local.py docstrings (#13373),2
13471,Update local.py,9c1afbb6,4d59675b,Update core.py (#13472),2
13471,Update local.py,9c1afbb6,afff7b43,Update pooling.py (#13467),2
13471,Update local.py,9c1afbb6,f242c642,Update autogen.py (#13426),2
13471,Update local.py,9c1afbb6,985521ee,Update local.py docstrings (#13373),2
13471,Update local.py,cbb9d001,4d59675b,Update core.py (#13472),2
13471,Update local.py,cbb9d001,afff7b43,Update pooling.py (#13467),2
13471,Update local.py,cbb9d001,f242c642,Update autogen.py (#13426),2
13471,Update local.py,cbb9d001,985521ee,Update local.py docstrings (#13373),2
13471,Update local.py,78c61c65,4d59675b,Update core.py (#13472),2
13471,Update local.py,78c61c65,afff7b43,Update pooling.py (#13467),2
13471,Update local.py,78c61c65,f242c642,Update autogen.py (#13426),2
13471,Update local.py,78c61c65,985521ee,Update local.py docstrings (#13373),2
13471,Update local.py,5c1e5d5e,4d59675b,Update core.py (#13472),2
13471,Update local.py,5c1e5d5e,afff7b43,Update pooling.py (#13467),2
13471,Update local.py,5c1e5d5e,f242c642,Update autogen.py (#13426),2
13471,Update local.py,5c1e5d5e,985521ee,Update local.py docstrings (#13373),2
13471,Update local.py,819f569c,4d59675b,Update core.py (#13472),2
13471,Update local.py,819f569c,afff7b43,Update pooling.py (#13467),2
13471,Update local.py,819f569c,f242c642,Update autogen.py (#13426),2
13471,Update local.py,819f569c,985521ee,Update local.py docstrings (#13373),2
13471,Update local.py,d444b919,4d59675b,Update core.py (#13472),2
13471,Update local.py,d444b919,afff7b43,Update pooling.py (#13467),2
13471,Update local.py,d444b919,f242c642,Update autogen.py (#13426),2
13471,Update local.py,d444b919,985521ee,Update local.py docstrings (#13373),2
13471,Update local.py,747d4a30,4d59675b,Update core.py (#13472),2
13471,Update local.py,747d4a30,afff7b43,Update pooling.py (#13467),2
13471,Update local.py,747d4a30,f242c642,Update autogen.py (#13426),2
13471,Update local.py,747d4a30,985521ee,Update local.py docstrings (#13373),2
13471,Update local.py,ab19cf7b,4d59675b,Update core.py (#13472),2
13471,Update local.py,ab19cf7b,afff7b43,Update pooling.py (#13467),2
13471,Update local.py,ab19cf7b,f242c642,Update autogen.py (#13426),2
13471,Update local.py,ab19cf7b,985521ee,Update local.py docstrings (#13373),2
13471,Update local.py,6b8970ab,4d59675b,Update core.py (#13472),2
13471,Update local.py,6b8970ab,afff7b43,Update pooling.py (#13467),2
13471,Update local.py,6b8970ab,f242c642,Update autogen.py (#13426),2
13471,Update local.py,6b8970ab,985521ee,Update local.py docstrings (#13373),2
13471,Update local.py,bde97055,4d59675b,Update core.py (#13472),2
13471,Update local.py,bde97055,afff7b43,Update pooling.py (#13467),2
13471,Update local.py,bde97055,f242c642,Update autogen.py (#13426),2
13471,Update local.py,bde97055,985521ee,Update local.py docstrings (#13373),2
13471,Update local.py,2f8b351c,4d59675b,Update core.py (#13472),2
13471,Update local.py,2f8b351c,afff7b43,Update pooling.py (#13467),2
13471,Update local.py,2f8b351c,f242c642,Update autogen.py (#13426),2
13471,Update local.py,2f8b351c,985521ee,Update local.py docstrings (#13373),2
13471,Update local.py,8ee2ffd7,4d59675b,Update core.py (#13472),2
13471,Update local.py,8ee2ffd7,afff7b43,Update pooling.py (#13467),2
13471,Update local.py,8ee2ffd7,f242c642,Update autogen.py (#13426),2
13471,Update local.py,8ee2ffd7,985521ee,Update local.py docstrings (#13373),2
13471,Update local.py,fb24dc19,4d59675b,Update core.py (#13472),2
13471,Update local.py,fb24dc19,afff7b43,Update pooling.py (#13467),2
13471,Update local.py,fb24dc19,f242c642,Update autogen.py (#13426),2
13471,Update local.py,fb24dc19,985521ee,Update local.py docstrings (#13373),2
13471,Update local.py,0354e645,4d59675b,Update core.py (#13472),2
13471,Update local.py,0354e645,afff7b43,Update pooling.py (#13467),2
13471,Update local.py,0354e645,f242c642,Update autogen.py (#13426),2
13471,Update local.py,0354e645,985521ee,Update local.py docstrings (#13373),2
13471,Update local.py,fbe2ea65,4d59675b,Update core.py (#13472),2
13471,Update local.py,fbe2ea65,afff7b43,Update pooling.py (#13467),2
13471,Update local.py,fbe2ea65,f242c642,Update autogen.py (#13426),2
13471,Update local.py,fbe2ea65,985521ee,Update local.py docstrings (#13373),2
13471,Update local.py,21dcabb6,4d59675b,Update core.py (#13472),2
13471,Update local.py,21dcabb6,afff7b43,Update pooling.py (#13467),2
13471,Update local.py,21dcabb6,f242c642,Update autogen.py (#13426),2
13471,Update local.py,21dcabb6,985521ee,Update local.py docstrings (#13373),2
13471,Update local.py,42a65d4b,4d59675b,Update core.py (#13472),2
13471,Update local.py,42a65d4b,afff7b43,Update pooling.py (#13467),2
13471,Update local.py,42a65d4b,f242c642,Update autogen.py (#13426),2
13471,Update local.py,42a65d4b,985521ee,Update local.py docstrings (#13373),2
13471,Update local.py,cb836091,4d59675b,Update core.py (#13472),2
13471,Update local.py,cb836091,afff7b43,Update pooling.py (#13467),2
13471,Update local.py,cb836091,f242c642,Update autogen.py (#13426),2
13471,Update local.py,cb836091,985521ee,Update local.py docstrings (#13373),2
13471,Update local.py,6a052477,4d59675b,Update core.py (#13472),2
13471,Update local.py,6a052477,afff7b43,Update pooling.py (#13467),2
13471,Update local.py,6a052477,f242c642,Update autogen.py (#13426),2
13471,Update local.py,6a052477,985521ee,Update local.py docstrings (#13373),2
13471,Update local.py,c015acb4,4d59675b,Update core.py (#13472),2
13471,Update local.py,c015acb4,afff7b43,Update pooling.py (#13467),2
13471,Update local.py,c015acb4,f242c642,Update autogen.py (#13426),2
13471,Update local.py,c015acb4,985521ee,Update local.py docstrings (#13373),2
13471,Update local.py,feac8dba,4d59675b,Update core.py (#13472),2
13471,Update local.py,feac8dba,afff7b43,Update pooling.py (#13467),2
13471,Update local.py,feac8dba,f242c642,Update autogen.py (#13426),2
13471,Update local.py,feac8dba,985521ee,Update local.py docstrings (#13373),2
13471,Update local.py,c140939c,4d59675b,Update core.py (#13472),2
13471,Update local.py,c140939c,afff7b43,Update pooling.py (#13467),2
13471,Update local.py,c140939c,f242c642,Update autogen.py (#13426),2
13471,Update local.py,c140939c,985521ee,Update local.py docstrings (#13373),2
13471,Update local.py,c90d2dfc,4d59675b,Update core.py (#13472),2
13471,Update local.py,c90d2dfc,afff7b43,Update pooling.py (#13467),2
13471,Update local.py,c90d2dfc,f242c642,Update autogen.py (#13426),2
13471,Update local.py,c90d2dfc,985521ee,Update local.py docstrings (#13373),2
13471,Update local.py,29e788dc,4d59675b,Update core.py (#13472),2
13471,Update local.py,29e788dc,afff7b43,Update pooling.py (#13467),2
13471,Update local.py,29e788dc,f242c642,Update autogen.py (#13426),2
13471,Update local.py,29e788dc,985521ee,Update local.py docstrings (#13373),2
13471,Update local.py,07f8cef2,4d59675b,Update core.py (#13472),2
13471,Update local.py,07f8cef2,afff7b43,Update pooling.py (#13467),2
13471,Update local.py,07f8cef2,f242c642,Update autogen.py (#13426),2
13471,Update local.py,07f8cef2,985521ee,Update local.py docstrings (#13373),2
13471,Update local.py,a069161d,4d59675b,Update core.py (#13472),2
13471,Update local.py,a069161d,afff7b43,Update pooling.py (#13467),2
13471,Update local.py,a069161d,f242c642,Update autogen.py (#13426),2
13471,Update local.py,a069161d,985521ee,Update local.py docstrings (#13373),2
13471,Update local.py,0fab8ac3,4d59675b,Update core.py (#13472),2
13471,Update local.py,0fab8ac3,afff7b43,Update pooling.py (#13467),2
13471,Update local.py,0fab8ac3,f242c642,Update autogen.py (#13426),2
13471,Update local.py,0fab8ac3,985521ee,Update local.py docstrings (#13373),2
13471,Update local.py,15b84d37,4d59675b,Update core.py (#13472),2
13471,Update local.py,15b84d37,afff7b43,Update pooling.py (#13467),2
13471,Update local.py,15b84d37,f242c642,Update autogen.py (#13426),2
13471,Update local.py,15b84d37,985521ee,Update local.py docstrings (#13373),2
13471,Update local.py,97b27bfd,4d59675b,Update core.py (#13472),2
13471,Update local.py,97b27bfd,afff7b43,Update pooling.py (#13467),2
13471,Update local.py,97b27bfd,f242c642,Update autogen.py (#13426),2
13471,Update local.py,97b27bfd,985521ee,Update local.py docstrings (#13373),2
13471,Update local.py,a0c5f574,4d59675b,Update core.py (#13472),2
13471,Update local.py,a0c5f574,afff7b43,Update pooling.py (#13467),2
13471,Update local.py,a0c5f574,f242c642,Update autogen.py (#13426),2
13471,Update local.py,a0c5f574,985521ee,Update local.py docstrings (#13373),2
13471,Update local.py,688b898d,4d59675b,Update core.py (#13472),2
13471,Update local.py,688b898d,afff7b43,Update pooling.py (#13467),2
13471,Update local.py,688b898d,f242c642,Update autogen.py (#13426),2
13471,Update local.py,688b898d,985521ee,Update local.py docstrings (#13373),2
13471,Update local.py,7def993f,4d59675b,Update core.py (#13472),2
13471,Update local.py,7def993f,afff7b43,Update pooling.py (#13467),2
13471,Update local.py,7def993f,f242c642,Update autogen.py (#13426),2
13471,Update local.py,7def993f,985521ee,Update local.py docstrings (#13373),2
13471,Update local.py,c33a551f,4d59675b,Update core.py (#13472),2
13471,Update local.py,c33a551f,afff7b43,Update pooling.py (#13467),2
13471,Update local.py,c33a551f,f242c642,Update autogen.py (#13426),2
13471,Update local.py,c33a551f,985521ee,Update local.py docstrings (#13373),2
13471,Update local.py,c6cf4425,4d59675b,Update core.py (#13472),2
13471,Update local.py,c6cf4425,afff7b43,Update pooling.py (#13467),2
13471,Update local.py,c6cf4425,f242c642,Update autogen.py (#13426),2
13471,Update local.py,c6cf4425,985521ee,Update local.py docstrings (#13373),2
13471,Update local.py,0d233b25,4d59675b,Update core.py (#13472),2
13471,Update local.py,0d233b25,afff7b43,Update pooling.py (#13467),2
13471,Update local.py,0d233b25,f242c642,Update autogen.py (#13426),2
13471,Update local.py,0d233b25,985521ee,Update local.py docstrings (#13373),2
13471,Update local.py,e704e157,4d59675b,Update core.py (#13472),2
13471,Update local.py,e704e157,afff7b43,Update pooling.py (#13467),2
13471,Update local.py,e704e157,f242c642,Update autogen.py (#13426),2
13471,Update local.py,e704e157,985521ee,Update local.py docstrings (#13373),2
13471,Update local.py,11e4c4b9,4d59675b,Update core.py (#13472),2
13471,Update local.py,11e4c4b9,afff7b43,Update pooling.py (#13467),2
13471,Update local.py,11e4c4b9,f242c642,Update autogen.py (#13426),2
13471,Update local.py,11e4c4b9,985521ee,Update local.py docstrings (#13373),2
13471,Update local.py,d5cd2687,4d59675b,Update core.py (#13472),2
13471,Update local.py,d5cd2687,afff7b43,Update pooling.py (#13467),2
13471,Update local.py,d5cd2687,f242c642,Update autogen.py (#13426),2
13471,Update local.py,d5cd2687,985521ee,Update local.py docstrings (#13373),2
13471,Update local.py,eee20b46,4d59675b,Update core.py (#13472),2
13471,Update local.py,eee20b46,afff7b43,Update pooling.py (#13467),2
13471,Update local.py,eee20b46,f242c642,Update autogen.py (#13426),2
13471,Update local.py,eee20b46,985521ee,Update local.py docstrings (#13373),2
13471,Update local.py,9827db2c,4d59675b,Update core.py (#13472),2
13471,Update local.py,9827db2c,afff7b43,Update pooling.py (#13467),2
13471,Update local.py,9827db2c,f242c642,Update autogen.py (#13426),2
13471,Update local.py,9827db2c,985521ee,Update local.py docstrings (#13373),2
13471,Update local.py,98d49754,4d59675b,Update core.py (#13472),2
13471,Update local.py,98d49754,afff7b43,Update pooling.py (#13467),2
13471,Update local.py,98d49754,f242c642,Update autogen.py (#13426),2
13471,Update local.py,98d49754,985521ee,Update local.py docstrings (#13373),2
13471,Update local.py,8213e515,4d59675b,Update core.py (#13472),2
13471,Update local.py,8213e515,afff7b43,Update pooling.py (#13467),2
13471,Update local.py,8213e515,f242c642,Update autogen.py (#13426),2
13471,Update local.py,8213e515,985521ee,Update local.py docstrings (#13373),2
13471,Update local.py,0cae63ac,4d59675b,Update core.py (#13472),2
13471,Update local.py,0cae63ac,afff7b43,Update pooling.py (#13467),2
13471,Update local.py,0cae63ac,f242c642,Update autogen.py (#13426),2
13471,Update local.py,0cae63ac,985521ee,Update local.py docstrings (#13373),2
13471,Update local.py,b0b3ff13,4d59675b,Update core.py (#13472),2
13471,Update local.py,b0b3ff13,afff7b43,Update pooling.py (#13467),2
13471,Update local.py,b0b3ff13,f242c642,Update autogen.py (#13426),2
13471,Update local.py,b0b3ff13,985521ee,Update local.py docstrings (#13373),2
13471,Update local.py,ce209553,4d59675b,Update core.py (#13472),2
13471,Update local.py,ce209553,afff7b43,Update pooling.py (#13467),2
13471,Update local.py,ce209553,f242c642,Update autogen.py (#13426),2
13471,Update local.py,ce209553,985521ee,Update local.py docstrings (#13373),2
13467,Update pooling.py,9a2b5092,4d59675b,Update core.py (#13472),2
13467,Update pooling.py,9a2b5092,afff7b43,Update pooling.py (#13467),3
13467,Update pooling.py,9a2b5092,f242c642,Update autogen.py (#13426),2
13467,Update pooling.py,9a2b5092,985521ee,Update local.py docstrings (#13373),2
13467,Update pooling.py,e8946d52,4d59675b,Update core.py (#13472),2
13467,Update pooling.py,e8946d52,afff7b43,Update pooling.py (#13467),3
13467,Update pooling.py,e8946d52,f242c642,Update autogen.py (#13426),2
13467,Update pooling.py,e8946d52,985521ee,Update local.py docstrings (#13373),2
13467,Update pooling.py,4d59675b,4d59675b,Update core.py (#13472),2
13467,Update pooling.py,4d59675b,afff7b43,Update pooling.py (#13467),3
13467,Update pooling.py,4d59675b,f242c642,Update autogen.py (#13426),2
13467,Update pooling.py,4d59675b,985521ee,Update local.py docstrings (#13373),2
13467,Update pooling.py,afff7b43,4d59675b,Update core.py (#13472),2
13467,Update pooling.py,afff7b43,afff7b43,Update pooling.py (#13467),3
13467,Update pooling.py,afff7b43,f242c642,Update autogen.py (#13426),2
13467,Update pooling.py,afff7b43,985521ee,Update local.py docstrings (#13373),2
13467,Update pooling.py,e25f68dc,4d59675b,Update core.py (#13472),2
13467,Update pooling.py,e25f68dc,afff7b43,Update pooling.py (#13467),3
13467,Update pooling.py,e25f68dc,f242c642,Update autogen.py (#13426),2
13467,Update pooling.py,e25f68dc,985521ee,Update local.py docstrings (#13373),2
13467,Update pooling.py,f242c642,4d59675b,Update core.py (#13472),2
13467,Update pooling.py,f242c642,afff7b43,Update pooling.py (#13467),3
13467,Update pooling.py,f242c642,f242c642,Update autogen.py (#13426),2
13467,Update pooling.py,f242c642,985521ee,Update local.py docstrings (#13373),2
13467,Update pooling.py,985521ee,4d59675b,Update core.py (#13472),2
13467,Update pooling.py,985521ee,afff7b43,Update pooling.py (#13467),3
13467,Update pooling.py,985521ee,f242c642,Update autogen.py (#13426),2
13467,Update pooling.py,985521ee,985521ee,Update local.py docstrings (#13373),2
13467,Update pooling.py,66455371,4d59675b,Update core.py (#13472),2
13467,Update pooling.py,66455371,afff7b43,Update pooling.py (#13467),3
13467,Update pooling.py,66455371,f242c642,Update autogen.py (#13426),2
13467,Update pooling.py,66455371,985521ee,Update local.py docstrings (#13373),2
13467,Update pooling.py,3bda5520,4d59675b,Update core.py (#13472),2
13467,Update pooling.py,3bda5520,afff7b43,Update pooling.py (#13467),3
13467,Update pooling.py,3bda5520,f242c642,Update autogen.py (#13426),2
13467,Update pooling.py,3bda5520,985521ee,Update local.py docstrings (#13373),2
13467,Update pooling.py,b78e3ff9,4d59675b,Update core.py (#13472),2
13467,Update pooling.py,b78e3ff9,afff7b43,Update pooling.py (#13467),3
13467,Update pooling.py,b78e3ff9,f242c642,Update autogen.py (#13426),2
13467,Update pooling.py,b78e3ff9,985521ee,Update local.py docstrings (#13373),2
13467,Update pooling.py,2b963e5a,4d59675b,Update core.py (#13472),2
13467,Update pooling.py,2b963e5a,afff7b43,Update pooling.py (#13467),3
13467,Update pooling.py,2b963e5a,f242c642,Update autogen.py (#13426),2
13467,Update pooling.py,2b963e5a,985521ee,Update local.py docstrings (#13373),2
13467,Update pooling.py,105f6e29,4d59675b,Update core.py (#13472),2
13467,Update pooling.py,105f6e29,afff7b43,Update pooling.py (#13467),3
13467,Update pooling.py,105f6e29,f242c642,Update autogen.py (#13426),2
13467,Update pooling.py,105f6e29,985521ee,Update local.py docstrings (#13373),2
13467,Update pooling.py,c8e3b601,4d59675b,Update core.py (#13472),2
13467,Update pooling.py,c8e3b601,afff7b43,Update pooling.py (#13467),3
13467,Update pooling.py,c8e3b601,f242c642,Update autogen.py (#13426),2
13467,Update pooling.py,c8e3b601,985521ee,Update local.py docstrings (#13373),2
13467,Update pooling.py,6aace305,4d59675b,Update core.py (#13472),2
13467,Update pooling.py,6aace305,afff7b43,Update pooling.py (#13467),3
13467,Update pooling.py,6aace305,f242c642,Update autogen.py (#13426),2
13467,Update pooling.py,6aace305,985521ee,Update local.py docstrings (#13373),2
13467,Update pooling.py,0511438e,4d59675b,Update core.py (#13472),2
13467,Update pooling.py,0511438e,afff7b43,Update pooling.py (#13467),3
13467,Update pooling.py,0511438e,f242c642,Update autogen.py (#13426),2
13467,Update pooling.py,0511438e,985521ee,Update local.py docstrings (#13373),2
13467,Update pooling.py,2fbac5a7,4d59675b,Update core.py (#13472),2
13467,Update pooling.py,2fbac5a7,afff7b43,Update pooling.py (#13467),3
13467,Update pooling.py,2fbac5a7,f242c642,Update autogen.py (#13426),2
13467,Update pooling.py,2fbac5a7,985521ee,Update local.py docstrings (#13373),2
13467,Update pooling.py,311f4542,4d59675b,Update core.py (#13472),2
13467,Update pooling.py,311f4542,afff7b43,Update pooling.py (#13467),3
13467,Update pooling.py,311f4542,f242c642,Update autogen.py (#13426),2
13467,Update pooling.py,311f4542,985521ee,Update local.py docstrings (#13373),2
13467,Update pooling.py,5e682520,4d59675b,Update core.py (#13472),2
13467,Update pooling.py,5e682520,afff7b43,Update pooling.py (#13467),3
13467,Update pooling.py,5e682520,f242c642,Update autogen.py (#13426),2
13467,Update pooling.py,5e682520,985521ee,Update local.py docstrings (#13373),2
13467,Update pooling.py,9065eff2,4d59675b,Update core.py (#13472),2
13467,Update pooling.py,9065eff2,afff7b43,Update pooling.py (#13467),3
13467,Update pooling.py,9065eff2,f242c642,Update autogen.py (#13426),2
13467,Update pooling.py,9065eff2,985521ee,Update local.py docstrings (#13373),2
13467,Update pooling.py,8ac788a5,4d59675b,Update core.py (#13472),2
13467,Update pooling.py,8ac788a5,afff7b43,Update pooling.py (#13467),3
13467,Update pooling.py,8ac788a5,f242c642,Update autogen.py (#13426),2
13467,Update pooling.py,8ac788a5,985521ee,Update local.py docstrings (#13373),2
13467,Update pooling.py,295e4f80,4d59675b,Update core.py (#13472),2
13467,Update pooling.py,295e4f80,afff7b43,Update pooling.py (#13467),3
13467,Update pooling.py,295e4f80,f242c642,Update autogen.py (#13426),2
13467,Update pooling.py,295e4f80,985521ee,Update local.py docstrings (#13373),2
13467,Update pooling.py,ed9e8d2f,4d59675b,Update core.py (#13472),2
13467,Update pooling.py,ed9e8d2f,afff7b43,Update pooling.py (#13467),3
13467,Update pooling.py,ed9e8d2f,f242c642,Update autogen.py (#13426),2
13467,Update pooling.py,ed9e8d2f,985521ee,Update local.py docstrings (#13373),2
13467,Update pooling.py,1a0792ae,4d59675b,Update core.py (#13472),2
13467,Update pooling.py,1a0792ae,afff7b43,Update pooling.py (#13467),3
13467,Update pooling.py,1a0792ae,f242c642,Update autogen.py (#13426),2
13467,Update pooling.py,1a0792ae,985521ee,Update local.py docstrings (#13373),2
13467,Update pooling.py,173a40dd,4d59675b,Update core.py (#13472),2
13467,Update pooling.py,173a40dd,afff7b43,Update pooling.py (#13467),3
13467,Update pooling.py,173a40dd,f242c642,Update autogen.py (#13426),2
13467,Update pooling.py,173a40dd,985521ee,Update local.py docstrings (#13373),2
13467,Update pooling.py,6710396a,4d59675b,Update core.py (#13472),2
13467,Update pooling.py,6710396a,afff7b43,Update pooling.py (#13467),3
13467,Update pooling.py,6710396a,f242c642,Update autogen.py (#13426),2
13467,Update pooling.py,6710396a,985521ee,Update local.py docstrings (#13373),2
13467,Update pooling.py,14f35ab0,4d59675b,Update core.py (#13472),2
13467,Update pooling.py,14f35ab0,afff7b43,Update pooling.py (#13467),3
13467,Update pooling.py,14f35ab0,f242c642,Update autogen.py (#13426),2
13467,Update pooling.py,14f35ab0,985521ee,Update local.py docstrings (#13373),2
13467,Update pooling.py,c57d1a32,4d59675b,Update core.py (#13472),2
13467,Update pooling.py,c57d1a32,afff7b43,Update pooling.py (#13467),3
13467,Update pooling.py,c57d1a32,f242c642,Update autogen.py (#13426),2
13467,Update pooling.py,c57d1a32,985521ee,Update local.py docstrings (#13373),2
13467,Update pooling.py,50b4f7fa,4d59675b,Update core.py (#13472),2
13467,Update pooling.py,50b4f7fa,afff7b43,Update pooling.py (#13467),3
13467,Update pooling.py,50b4f7fa,f242c642,Update autogen.py (#13426),2
13467,Update pooling.py,50b4f7fa,985521ee,Update local.py docstrings (#13373),2
13467,Update pooling.py,88b301f1,4d59675b,Update core.py (#13472),2
13467,Update pooling.py,88b301f1,afff7b43,Update pooling.py (#13467),3
13467,Update pooling.py,88b301f1,f242c642,Update autogen.py (#13426),2
13467,Update pooling.py,88b301f1,985521ee,Update local.py docstrings (#13373),2
13467,Update pooling.py,045d442f,4d59675b,Update core.py (#13472),2
13467,Update pooling.py,045d442f,afff7b43,Update pooling.py (#13467),3
13467,Update pooling.py,045d442f,f242c642,Update autogen.py (#13426),2
13467,Update pooling.py,045d442f,985521ee,Update local.py docstrings (#13373),2
13467,Update pooling.py,f2786d9d,4d59675b,Update core.py (#13472),2
13467,Update pooling.py,f2786d9d,afff7b43,Update pooling.py (#13467),3
13467,Update pooling.py,f2786d9d,f242c642,Update autogen.py (#13426),2
13467,Update pooling.py,f2786d9d,985521ee,Update local.py docstrings (#13373),2
13467,Update pooling.py,65e4c8e7,4d59675b,Update core.py (#13472),2
13467,Update pooling.py,65e4c8e7,afff7b43,Update pooling.py (#13467),3
13467,Update pooling.py,65e4c8e7,f242c642,Update autogen.py (#13426),2
13467,Update pooling.py,65e4c8e7,985521ee,Update local.py docstrings (#13373),2
13467,Update pooling.py,489bb4eb,4d59675b,Update core.py (#13472),2
13467,Update pooling.py,489bb4eb,afff7b43,Update pooling.py (#13467),3
13467,Update pooling.py,489bb4eb,f242c642,Update autogen.py (#13426),2
13467,Update pooling.py,489bb4eb,985521ee,Update local.py docstrings (#13373),2
13467,Update pooling.py,a7156b8c,4d59675b,Update core.py (#13472),2
13467,Update pooling.py,a7156b8c,afff7b43,Update pooling.py (#13467),3
13467,Update pooling.py,a7156b8c,f242c642,Update autogen.py (#13426),2
13467,Update pooling.py,a7156b8c,985521ee,Update local.py docstrings (#13373),2
13467,Update pooling.py,55159cf4,4d59675b,Update core.py (#13472),2
13467,Update pooling.py,55159cf4,afff7b43,Update pooling.py (#13467),3
13467,Update pooling.py,55159cf4,f242c642,Update autogen.py (#13426),2
13467,Update pooling.py,55159cf4,985521ee,Update local.py docstrings (#13373),2
13467,Update pooling.py,50a0d1ca,4d59675b,Update core.py (#13472),2
13467,Update pooling.py,50a0d1ca,afff7b43,Update pooling.py (#13467),3
13467,Update pooling.py,50a0d1ca,f242c642,Update autogen.py (#13426),2
13467,Update pooling.py,50a0d1ca,985521ee,Update local.py docstrings (#13373),2
13467,Update pooling.py,404a30df,4d59675b,Update core.py (#13472),2
13467,Update pooling.py,404a30df,afff7b43,Update pooling.py (#13467),3
13467,Update pooling.py,404a30df,f242c642,Update autogen.py (#13426),2
13467,Update pooling.py,404a30df,985521ee,Update local.py docstrings (#13373),2
13467,Update pooling.py,f4af11c7,4d59675b,Update core.py (#13472),2
13467,Update pooling.py,f4af11c7,afff7b43,Update pooling.py (#13467),3
13467,Update pooling.py,f4af11c7,f242c642,Update autogen.py (#13426),2
13467,Update pooling.py,f4af11c7,985521ee,Update local.py docstrings (#13373),2
13467,Update pooling.py,80ddb5b3,4d59675b,Update core.py (#13472),2
13467,Update pooling.py,80ddb5b3,afff7b43,Update pooling.py (#13467),3
13467,Update pooling.py,80ddb5b3,f242c642,Update autogen.py (#13426),2
13467,Update pooling.py,80ddb5b3,985521ee,Update local.py docstrings (#13373),2
13467,Update pooling.py,3ffba424,4d59675b,Update core.py (#13472),2
13467,Update pooling.py,3ffba424,afff7b43,Update pooling.py (#13467),3
13467,Update pooling.py,3ffba424,f242c642,Update autogen.py (#13426),2
13467,Update pooling.py,3ffba424,985521ee,Update local.py docstrings (#13373),2
13467,Update pooling.py,73f1ef2e,4d59675b,Update core.py (#13472),2
13467,Update pooling.py,73f1ef2e,afff7b43,Update pooling.py (#13467),3
13467,Update pooling.py,73f1ef2e,f242c642,Update autogen.py (#13426),2
13467,Update pooling.py,73f1ef2e,985521ee,Update local.py docstrings (#13373),2
13467,Update pooling.py,bf2f64bf,4d59675b,Update core.py (#13472),2
13467,Update pooling.py,bf2f64bf,afff7b43,Update pooling.py (#13467),3
13467,Update pooling.py,bf2f64bf,f242c642,Update autogen.py (#13426),2
13467,Update pooling.py,bf2f64bf,985521ee,Update local.py docstrings (#13373),2
13467,Update pooling.py,d02ea034,4d59675b,Update core.py (#13472),2
13467,Update pooling.py,d02ea034,afff7b43,Update pooling.py (#13467),3
13467,Update pooling.py,d02ea034,f242c642,Update autogen.py (#13426),2
13467,Update pooling.py,d02ea034,985521ee,Update local.py docstrings (#13373),2
13467,Update pooling.py,64396172,4d59675b,Update core.py (#13472),2
13467,Update pooling.py,64396172,afff7b43,Update pooling.py (#13467),3
13467,Update pooling.py,64396172,f242c642,Update autogen.py (#13426),2
13467,Update pooling.py,64396172,985521ee,Update local.py docstrings (#13373),2
13467,Update pooling.py,3c8618bb,4d59675b,Update core.py (#13472),2
13467,Update pooling.py,3c8618bb,afff7b43,Update pooling.py (#13467),3
13467,Update pooling.py,3c8618bb,f242c642,Update autogen.py (#13426),2
13467,Update pooling.py,3c8618bb,985521ee,Update local.py docstrings (#13373),2
13467,Update pooling.py,794c083f,4d59675b,Update core.py (#13472),2
13467,Update pooling.py,794c083f,afff7b43,Update pooling.py (#13467),3
13467,Update pooling.py,794c083f,f242c642,Update autogen.py (#13426),2
13467,Update pooling.py,794c083f,985521ee,Update local.py docstrings (#13373),2
13467,Update pooling.py,775e91c5,4d59675b,Update core.py (#13472),2
13467,Update pooling.py,775e91c5,afff7b43,Update pooling.py (#13467),3
13467,Update pooling.py,775e91c5,f242c642,Update autogen.py (#13426),2
13467,Update pooling.py,775e91c5,985521ee,Update local.py docstrings (#13373),2
13467,Update pooling.py,3e19b025,4d59675b,Update core.py (#13472),2
13467,Update pooling.py,3e19b025,afff7b43,Update pooling.py (#13467),3
13467,Update pooling.py,3e19b025,f242c642,Update autogen.py (#13426),2
13467,Update pooling.py,3e19b025,985521ee,Update local.py docstrings (#13373),2
13467,Update pooling.py,f20383b7,4d59675b,Update core.py (#13472),2
13467,Update pooling.py,f20383b7,afff7b43,Update pooling.py (#13467),3
13467,Update pooling.py,f20383b7,f242c642,Update autogen.py (#13426),2
13467,Update pooling.py,f20383b7,985521ee,Update local.py docstrings (#13373),2
13467,Update pooling.py,5c83c699,4d59675b,Update core.py (#13472),2
13467,Update pooling.py,5c83c699,afff7b43,Update pooling.py (#13467),3
13467,Update pooling.py,5c83c699,f242c642,Update autogen.py (#13426),2
13467,Update pooling.py,5c83c699,985521ee,Update local.py docstrings (#13373),2
13467,Update pooling.py,f5d56fa2,4d59675b,Update core.py (#13472),2
13467,Update pooling.py,f5d56fa2,afff7b43,Update pooling.py (#13467),3
13467,Update pooling.py,f5d56fa2,f242c642,Update autogen.py (#13426),2
13467,Update pooling.py,f5d56fa2,985521ee,Update local.py docstrings (#13373),2
13467,Update pooling.py,7fb4f4b0,4d59675b,Update core.py (#13472),2
13467,Update pooling.py,7fb4f4b0,afff7b43,Update pooling.py (#13467),3
13467,Update pooling.py,7fb4f4b0,f242c642,Update autogen.py (#13426),2
13467,Update pooling.py,7fb4f4b0,985521ee,Update local.py docstrings (#13373),2
13467,Update pooling.py,9620a497,4d59675b,Update core.py (#13472),2
13467,Update pooling.py,9620a497,afff7b43,Update pooling.py (#13467),3
13467,Update pooling.py,9620a497,f242c642,Update autogen.py (#13426),2
13467,Update pooling.py,9620a497,985521ee,Update local.py docstrings (#13373),2
13467,Update pooling.py,91965e8f,4d59675b,Update core.py (#13472),2
13467,Update pooling.py,91965e8f,afff7b43,Update pooling.py (#13467),3
13467,Update pooling.py,91965e8f,f242c642,Update autogen.py (#13426),2
13467,Update pooling.py,91965e8f,985521ee,Update local.py docstrings (#13373),2
13467,Update pooling.py,92f2717c,4d59675b,Update core.py (#13472),2
13467,Update pooling.py,92f2717c,afff7b43,Update pooling.py (#13467),3
13467,Update pooling.py,92f2717c,f242c642,Update autogen.py (#13426),2
13467,Update pooling.py,92f2717c,985521ee,Update local.py docstrings (#13373),2
13467,Update pooling.py,07723ccf,4d59675b,Update core.py (#13472),2
13467,Update pooling.py,07723ccf,afff7b43,Update pooling.py (#13467),3
13467,Update pooling.py,07723ccf,f242c642,Update autogen.py (#13426),2
13467,Update pooling.py,07723ccf,985521ee,Update local.py docstrings (#13373),2
13467,Update pooling.py,652d61be,4d59675b,Update core.py (#13472),2
13467,Update pooling.py,652d61be,afff7b43,Update pooling.py (#13467),3
13467,Update pooling.py,652d61be,f242c642,Update autogen.py (#13426),2
13467,Update pooling.py,652d61be,985521ee,Update local.py docstrings (#13373),2
13467,Update pooling.py,9c3060d8,4d59675b,Update core.py (#13472),2
13467,Update pooling.py,9c3060d8,afff7b43,Update pooling.py (#13467),3
13467,Update pooling.py,9c3060d8,f242c642,Update autogen.py (#13426),2
13467,Update pooling.py,9c3060d8,985521ee,Update local.py docstrings (#13373),2
13467,Update pooling.py,d2a15040,4d59675b,Update core.py (#13472),2
13467,Update pooling.py,d2a15040,afff7b43,Update pooling.py (#13467),3
13467,Update pooling.py,d2a15040,f242c642,Update autogen.py (#13426),2
13467,Update pooling.py,d2a15040,985521ee,Update local.py docstrings (#13373),2
13467,Update pooling.py,9c1afbb6,4d59675b,Update core.py (#13472),2
13467,Update pooling.py,9c1afbb6,afff7b43,Update pooling.py (#13467),3
13467,Update pooling.py,9c1afbb6,f242c642,Update autogen.py (#13426),2
13467,Update pooling.py,9c1afbb6,985521ee,Update local.py docstrings (#13373),2
13467,Update pooling.py,cbb9d001,4d59675b,Update core.py (#13472),2
13467,Update pooling.py,cbb9d001,afff7b43,Update pooling.py (#13467),3
13467,Update pooling.py,cbb9d001,f242c642,Update autogen.py (#13426),2
13467,Update pooling.py,cbb9d001,985521ee,Update local.py docstrings (#13373),2
13467,Update pooling.py,78c61c65,4d59675b,Update core.py (#13472),2
13467,Update pooling.py,78c61c65,afff7b43,Update pooling.py (#13467),3
13467,Update pooling.py,78c61c65,f242c642,Update autogen.py (#13426),2
13467,Update pooling.py,78c61c65,985521ee,Update local.py docstrings (#13373),2
13467,Update pooling.py,5c1e5d5e,4d59675b,Update core.py (#13472),2
13467,Update pooling.py,5c1e5d5e,afff7b43,Update pooling.py (#13467),3
13467,Update pooling.py,5c1e5d5e,f242c642,Update autogen.py (#13426),2
13467,Update pooling.py,5c1e5d5e,985521ee,Update local.py docstrings (#13373),2
13467,Update pooling.py,819f569c,4d59675b,Update core.py (#13472),2
13467,Update pooling.py,819f569c,afff7b43,Update pooling.py (#13467),3
13467,Update pooling.py,819f569c,f242c642,Update autogen.py (#13426),2
13467,Update pooling.py,819f569c,985521ee,Update local.py docstrings (#13373),2
13467,Update pooling.py,d444b919,4d59675b,Update core.py (#13472),2
13467,Update pooling.py,d444b919,afff7b43,Update pooling.py (#13467),3
13467,Update pooling.py,d444b919,f242c642,Update autogen.py (#13426),2
13467,Update pooling.py,d444b919,985521ee,Update local.py docstrings (#13373),2
13467,Update pooling.py,747d4a30,4d59675b,Update core.py (#13472),2
13467,Update pooling.py,747d4a30,afff7b43,Update pooling.py (#13467),3
13467,Update pooling.py,747d4a30,f242c642,Update autogen.py (#13426),2
13467,Update pooling.py,747d4a30,985521ee,Update local.py docstrings (#13373),2
13467,Update pooling.py,ab19cf7b,4d59675b,Update core.py (#13472),2
13467,Update pooling.py,ab19cf7b,afff7b43,Update pooling.py (#13467),3
13467,Update pooling.py,ab19cf7b,f242c642,Update autogen.py (#13426),2
13467,Update pooling.py,ab19cf7b,985521ee,Update local.py docstrings (#13373),2
13467,Update pooling.py,6b8970ab,4d59675b,Update core.py (#13472),2
13467,Update pooling.py,6b8970ab,afff7b43,Update pooling.py (#13467),3
13467,Update pooling.py,6b8970ab,f242c642,Update autogen.py (#13426),2
13467,Update pooling.py,6b8970ab,985521ee,Update local.py docstrings (#13373),2
13467,Update pooling.py,bde97055,4d59675b,Update core.py (#13472),2
13467,Update pooling.py,bde97055,afff7b43,Update pooling.py (#13467),3
13467,Update pooling.py,bde97055,f242c642,Update autogen.py (#13426),2
13467,Update pooling.py,bde97055,985521ee,Update local.py docstrings (#13373),2
13467,Update pooling.py,2f8b351c,4d59675b,Update core.py (#13472),2
13467,Update pooling.py,2f8b351c,afff7b43,Update pooling.py (#13467),3
13467,Update pooling.py,2f8b351c,f242c642,Update autogen.py (#13426),2
13467,Update pooling.py,2f8b351c,985521ee,Update local.py docstrings (#13373),2
13467,Update pooling.py,8ee2ffd7,4d59675b,Update core.py (#13472),2
13467,Update pooling.py,8ee2ffd7,afff7b43,Update pooling.py (#13467),3
13467,Update pooling.py,8ee2ffd7,f242c642,Update autogen.py (#13426),2
13467,Update pooling.py,8ee2ffd7,985521ee,Update local.py docstrings (#13373),2
13467,Update pooling.py,fb24dc19,4d59675b,Update core.py (#13472),2
13467,Update pooling.py,fb24dc19,afff7b43,Update pooling.py (#13467),3
13467,Update pooling.py,fb24dc19,f242c642,Update autogen.py (#13426),2
13467,Update pooling.py,fb24dc19,985521ee,Update local.py docstrings (#13373),2
13467,Update pooling.py,0354e645,4d59675b,Update core.py (#13472),2
13467,Update pooling.py,0354e645,afff7b43,Update pooling.py (#13467),3
13467,Update pooling.py,0354e645,f242c642,Update autogen.py (#13426),2
13467,Update pooling.py,0354e645,985521ee,Update local.py docstrings (#13373),2
13467,Update pooling.py,fbe2ea65,4d59675b,Update core.py (#13472),2
13467,Update pooling.py,fbe2ea65,afff7b43,Update pooling.py (#13467),3
13467,Update pooling.py,fbe2ea65,f242c642,Update autogen.py (#13426),2
13467,Update pooling.py,fbe2ea65,985521ee,Update local.py docstrings (#13373),2
13467,Update pooling.py,21dcabb6,4d59675b,Update core.py (#13472),2
13467,Update pooling.py,21dcabb6,afff7b43,Update pooling.py (#13467),3
13467,Update pooling.py,21dcabb6,f242c642,Update autogen.py (#13426),2
13467,Update pooling.py,21dcabb6,985521ee,Update local.py docstrings (#13373),2
13467,Update pooling.py,42a65d4b,4d59675b,Update core.py (#13472),2
13467,Update pooling.py,42a65d4b,afff7b43,Update pooling.py (#13467),3
13467,Update pooling.py,42a65d4b,f242c642,Update autogen.py (#13426),2
13467,Update pooling.py,42a65d4b,985521ee,Update local.py docstrings (#13373),2
13467,Update pooling.py,cb836091,4d59675b,Update core.py (#13472),2
13467,Update pooling.py,cb836091,afff7b43,Update pooling.py (#13467),3
13467,Update pooling.py,cb836091,f242c642,Update autogen.py (#13426),2
13467,Update pooling.py,cb836091,985521ee,Update local.py docstrings (#13373),2
13467,Update pooling.py,6a052477,4d59675b,Update core.py (#13472),2
13467,Update pooling.py,6a052477,afff7b43,Update pooling.py (#13467),3
13467,Update pooling.py,6a052477,f242c642,Update autogen.py (#13426),2
13467,Update pooling.py,6a052477,985521ee,Update local.py docstrings (#13373),2
13467,Update pooling.py,c015acb4,4d59675b,Update core.py (#13472),2
13467,Update pooling.py,c015acb4,afff7b43,Update pooling.py (#13467),3
13467,Update pooling.py,c015acb4,f242c642,Update autogen.py (#13426),2
13467,Update pooling.py,c015acb4,985521ee,Update local.py docstrings (#13373),2
13467,Update pooling.py,feac8dba,4d59675b,Update core.py (#13472),2
13467,Update pooling.py,feac8dba,afff7b43,Update pooling.py (#13467),3
13467,Update pooling.py,feac8dba,f242c642,Update autogen.py (#13426),2
13467,Update pooling.py,feac8dba,985521ee,Update local.py docstrings (#13373),2
13467,Update pooling.py,c140939c,4d59675b,Update core.py (#13472),2
13467,Update pooling.py,c140939c,afff7b43,Update pooling.py (#13467),3
13467,Update pooling.py,c140939c,f242c642,Update autogen.py (#13426),2
13467,Update pooling.py,c140939c,985521ee,Update local.py docstrings (#13373),2
13467,Update pooling.py,c90d2dfc,4d59675b,Update core.py (#13472),2
13467,Update pooling.py,c90d2dfc,afff7b43,Update pooling.py (#13467),3
13467,Update pooling.py,c90d2dfc,f242c642,Update autogen.py (#13426),2
13467,Update pooling.py,c90d2dfc,985521ee,Update local.py docstrings (#13373),2
13467,Update pooling.py,29e788dc,4d59675b,Update core.py (#13472),2
13467,Update pooling.py,29e788dc,afff7b43,Update pooling.py (#13467),3
13467,Update pooling.py,29e788dc,f242c642,Update autogen.py (#13426),2
13467,Update pooling.py,29e788dc,985521ee,Update local.py docstrings (#13373),2
13467,Update pooling.py,07f8cef2,4d59675b,Update core.py (#13472),2
13467,Update pooling.py,07f8cef2,afff7b43,Update pooling.py (#13467),3
13467,Update pooling.py,07f8cef2,f242c642,Update autogen.py (#13426),2
13467,Update pooling.py,07f8cef2,985521ee,Update local.py docstrings (#13373),2
13467,Update pooling.py,a069161d,4d59675b,Update core.py (#13472),2
13467,Update pooling.py,a069161d,afff7b43,Update pooling.py (#13467),3
13467,Update pooling.py,a069161d,f242c642,Update autogen.py (#13426),2
13467,Update pooling.py,a069161d,985521ee,Update local.py docstrings (#13373),2
13467,Update pooling.py,0fab8ac3,4d59675b,Update core.py (#13472),2
13467,Update pooling.py,0fab8ac3,afff7b43,Update pooling.py (#13467),3
13467,Update pooling.py,0fab8ac3,f242c642,Update autogen.py (#13426),2
13467,Update pooling.py,0fab8ac3,985521ee,Update local.py docstrings (#13373),2
13467,Update pooling.py,15b84d37,4d59675b,Update core.py (#13472),2
13467,Update pooling.py,15b84d37,afff7b43,Update pooling.py (#13467),3
13467,Update pooling.py,15b84d37,f242c642,Update autogen.py (#13426),2
13467,Update pooling.py,15b84d37,985521ee,Update local.py docstrings (#13373),2
13467,Update pooling.py,97b27bfd,4d59675b,Update core.py (#13472),2
13467,Update pooling.py,97b27bfd,afff7b43,Update pooling.py (#13467),3
13467,Update pooling.py,97b27bfd,f242c642,Update autogen.py (#13426),2
13467,Update pooling.py,97b27bfd,985521ee,Update local.py docstrings (#13373),2
13467,Update pooling.py,a0c5f574,4d59675b,Update core.py (#13472),2
13467,Update pooling.py,a0c5f574,afff7b43,Update pooling.py (#13467),3
13467,Update pooling.py,a0c5f574,f242c642,Update autogen.py (#13426),2
13467,Update pooling.py,a0c5f574,985521ee,Update local.py docstrings (#13373),2
13467,Update pooling.py,688b898d,4d59675b,Update core.py (#13472),2
13467,Update pooling.py,688b898d,afff7b43,Update pooling.py (#13467),3
13467,Update pooling.py,688b898d,f242c642,Update autogen.py (#13426),2
13467,Update pooling.py,688b898d,985521ee,Update local.py docstrings (#13373),2
13467,Update pooling.py,7def993f,4d59675b,Update core.py (#13472),2
13467,Update pooling.py,7def993f,afff7b43,Update pooling.py (#13467),3
13467,Update pooling.py,7def993f,f242c642,Update autogen.py (#13426),2
13467,Update pooling.py,7def993f,985521ee,Update local.py docstrings (#13373),2
13467,Update pooling.py,c33a551f,4d59675b,Update core.py (#13472),2
13467,Update pooling.py,c33a551f,afff7b43,Update pooling.py (#13467),3
13467,Update pooling.py,c33a551f,f242c642,Update autogen.py (#13426),2
13467,Update pooling.py,c33a551f,985521ee,Update local.py docstrings (#13373),2
13467,Update pooling.py,c6cf4425,4d59675b,Update core.py (#13472),2
13467,Update pooling.py,c6cf4425,afff7b43,Update pooling.py (#13467),3
13467,Update pooling.py,c6cf4425,f242c642,Update autogen.py (#13426),2
13467,Update pooling.py,c6cf4425,985521ee,Update local.py docstrings (#13373),2
13467,Update pooling.py,0d233b25,4d59675b,Update core.py (#13472),2
13467,Update pooling.py,0d233b25,afff7b43,Update pooling.py (#13467),3
13467,Update pooling.py,0d233b25,f242c642,Update autogen.py (#13426),2
13467,Update pooling.py,0d233b25,985521ee,Update local.py docstrings (#13373),2
13467,Update pooling.py,e704e157,4d59675b,Update core.py (#13472),2
13467,Update pooling.py,e704e157,afff7b43,Update pooling.py (#13467),3
13467,Update pooling.py,e704e157,f242c642,Update autogen.py (#13426),2
13467,Update pooling.py,e704e157,985521ee,Update local.py docstrings (#13373),2
13467,Update pooling.py,11e4c4b9,4d59675b,Update core.py (#13472),2
13467,Update pooling.py,11e4c4b9,afff7b43,Update pooling.py (#13467),3
13467,Update pooling.py,11e4c4b9,f242c642,Update autogen.py (#13426),2
13467,Update pooling.py,11e4c4b9,985521ee,Update local.py docstrings (#13373),2
13467,Update pooling.py,d5cd2687,4d59675b,Update core.py (#13472),2
13467,Update pooling.py,d5cd2687,afff7b43,Update pooling.py (#13467),3
13467,Update pooling.py,d5cd2687,f242c642,Update autogen.py (#13426),2
13467,Update pooling.py,d5cd2687,985521ee,Update local.py docstrings (#13373),2
13467,Update pooling.py,eee20b46,4d59675b,Update core.py (#13472),2
13467,Update pooling.py,eee20b46,afff7b43,Update pooling.py (#13467),3
13467,Update pooling.py,eee20b46,f242c642,Update autogen.py (#13426),2
13467,Update pooling.py,eee20b46,985521ee,Update local.py docstrings (#13373),2
13467,Update pooling.py,9827db2c,4d59675b,Update core.py (#13472),2
13467,Update pooling.py,9827db2c,afff7b43,Update pooling.py (#13467),3
13467,Update pooling.py,9827db2c,f242c642,Update autogen.py (#13426),2
13467,Update pooling.py,9827db2c,985521ee,Update local.py docstrings (#13373),2
13467,Update pooling.py,98d49754,4d59675b,Update core.py (#13472),2
13467,Update pooling.py,98d49754,afff7b43,Update pooling.py (#13467),3
13467,Update pooling.py,98d49754,f242c642,Update autogen.py (#13426),2
13467,Update pooling.py,98d49754,985521ee,Update local.py docstrings (#13373),2
13467,Update pooling.py,8213e515,4d59675b,Update core.py (#13472),2
13467,Update pooling.py,8213e515,afff7b43,Update pooling.py (#13467),3
13467,Update pooling.py,8213e515,f242c642,Update autogen.py (#13426),2
13467,Update pooling.py,8213e515,985521ee,Update local.py docstrings (#13373),2
13467,Update pooling.py,0cae63ac,4d59675b,Update core.py (#13472),2
13467,Update pooling.py,0cae63ac,afff7b43,Update pooling.py (#13467),3
13467,Update pooling.py,0cae63ac,f242c642,Update autogen.py (#13426),2
13467,Update pooling.py,0cae63ac,985521ee,Update local.py docstrings (#13373),2
13467,Update pooling.py,b0b3ff13,4d59675b,Update core.py (#13472),2
13467,Update pooling.py,b0b3ff13,afff7b43,Update pooling.py (#13467),3
13467,Update pooling.py,b0b3ff13,f242c642,Update autogen.py (#13426),2
13467,Update pooling.py,b0b3ff13,985521ee,Update local.py docstrings (#13373),2
13467,Update pooling.py,ce209553,4d59675b,Update core.py (#13472),2
13467,Update pooling.py,ce209553,afff7b43,Update pooling.py (#13467),3
13467,Update pooling.py,ce209553,f242c642,Update autogen.py (#13426),2
13467,Update pooling.py,ce209553,985521ee,Update local.py docstrings (#13373),2
13429,Update io_utils.py,9a2b5092,e8946d52,Update np_utils.py (#13481),2
13429,Update io_utils.py,9a2b5092,e25f68dc,Update io_utils.py (#13429),3
13429,Update io_utils.py,e8946d52,e8946d52,Update np_utils.py (#13481),2
13429,Update io_utils.py,e8946d52,e25f68dc,Update io_utils.py (#13429),3
13429,Update io_utils.py,4d59675b,e8946d52,Update np_utils.py (#13481),2
13429,Update io_utils.py,4d59675b,e25f68dc,Update io_utils.py (#13429),3
13429,Update io_utils.py,afff7b43,e8946d52,Update np_utils.py (#13481),2
13429,Update io_utils.py,afff7b43,e25f68dc,Update io_utils.py (#13429),3
13429,Update io_utils.py,e25f68dc,e8946d52,Update np_utils.py (#13481),2
13429,Update io_utils.py,e25f68dc,e25f68dc,Update io_utils.py (#13429),3
13429,Update io_utils.py,f242c642,e8946d52,Update np_utils.py (#13481),2
13429,Update io_utils.py,f242c642,e25f68dc,Update io_utils.py (#13429),3
13429,Update io_utils.py,985521ee,e8946d52,Update np_utils.py (#13481),2
13429,Update io_utils.py,985521ee,e25f68dc,Update io_utils.py (#13429),3
13429,Update io_utils.py,66455371,e8946d52,Update np_utils.py (#13481),2
13429,Update io_utils.py,66455371,e25f68dc,Update io_utils.py (#13429),3
13429,Update io_utils.py,3bda5520,e8946d52,Update np_utils.py (#13481),2
13429,Update io_utils.py,3bda5520,e25f68dc,Update io_utils.py (#13429),3
13429,Update io_utils.py,b78e3ff9,e8946d52,Update np_utils.py (#13481),2
13429,Update io_utils.py,b78e3ff9,e25f68dc,Update io_utils.py (#13429),3
13429,Update io_utils.py,2b963e5a,e8946d52,Update np_utils.py (#13481),2
13429,Update io_utils.py,2b963e5a,e25f68dc,Update io_utils.py (#13429),3
13429,Update io_utils.py,105f6e29,e8946d52,Update np_utils.py (#13481),2
13429,Update io_utils.py,105f6e29,e25f68dc,Update io_utils.py (#13429),3
13429,Update io_utils.py,c8e3b601,e8946d52,Update np_utils.py (#13481),2
13429,Update io_utils.py,c8e3b601,e25f68dc,Update io_utils.py (#13429),3
13429,Update io_utils.py,6aace305,e8946d52,Update np_utils.py (#13481),2
13429,Update io_utils.py,6aace305,e25f68dc,Update io_utils.py (#13429),3
13429,Update io_utils.py,0511438e,e8946d52,Update np_utils.py (#13481),2
13429,Update io_utils.py,0511438e,e25f68dc,Update io_utils.py (#13429),3
13429,Update io_utils.py,2fbac5a7,e8946d52,Update np_utils.py (#13481),2
13429,Update io_utils.py,2fbac5a7,e25f68dc,Update io_utils.py (#13429),3
13429,Update io_utils.py,311f4542,e8946d52,Update np_utils.py (#13481),2
13429,Update io_utils.py,311f4542,e25f68dc,Update io_utils.py (#13429),3
13429,Update io_utils.py,5e682520,e8946d52,Update np_utils.py (#13481),2
13429,Update io_utils.py,5e682520,e25f68dc,Update io_utils.py (#13429),3
13429,Update io_utils.py,9065eff2,e8946d52,Update np_utils.py (#13481),2
13429,Update io_utils.py,9065eff2,e25f68dc,Update io_utils.py (#13429),3
13429,Update io_utils.py,8ac788a5,e8946d52,Update np_utils.py (#13481),2
13429,Update io_utils.py,8ac788a5,e25f68dc,Update io_utils.py (#13429),3
13429,Update io_utils.py,295e4f80,e8946d52,Update np_utils.py (#13481),2
13429,Update io_utils.py,295e4f80,e25f68dc,Update io_utils.py (#13429),3
13429,Update io_utils.py,ed9e8d2f,e8946d52,Update np_utils.py (#13481),2
13429,Update io_utils.py,ed9e8d2f,e25f68dc,Update io_utils.py (#13429),3
13429,Update io_utils.py,1a0792ae,e8946d52,Update np_utils.py (#13481),2
13429,Update io_utils.py,1a0792ae,e25f68dc,Update io_utils.py (#13429),3
13429,Update io_utils.py,173a40dd,e8946d52,Update np_utils.py (#13481),2
13429,Update io_utils.py,173a40dd,e25f68dc,Update io_utils.py (#13429),3
13429,Update io_utils.py,14f35ab0,e8946d52,Update np_utils.py (#13481),2
13429,Update io_utils.py,14f35ab0,e25f68dc,Update io_utils.py (#13429),3
13429,Update io_utils.py,c57d1a32,e8946d52,Update np_utils.py (#13481),2
13429,Update io_utils.py,c57d1a32,e25f68dc,Update io_utils.py (#13429),3
13429,Update io_utils.py,50b4f7fa,e8946d52,Update np_utils.py (#13481),2
13429,Update io_utils.py,50b4f7fa,e25f68dc,Update io_utils.py (#13429),3
13429,Update io_utils.py,88b301f1,e8946d52,Update np_utils.py (#13481),2
13429,Update io_utils.py,88b301f1,e25f68dc,Update io_utils.py (#13429),3
13429,Update io_utils.py,045d442f,e8946d52,Update np_utils.py (#13481),2
13429,Update io_utils.py,045d442f,e25f68dc,Update io_utils.py (#13429),3
13429,Update io_utils.py,f2786d9d,e8946d52,Update np_utils.py (#13481),2
13429,Update io_utils.py,f2786d9d,e25f68dc,Update io_utils.py (#13429),3
13429,Update io_utils.py,65e4c8e7,e8946d52,Update np_utils.py (#13481),2
13429,Update io_utils.py,65e4c8e7,e25f68dc,Update io_utils.py (#13429),3
13429,Update io_utils.py,a7156b8c,e8946d52,Update np_utils.py (#13481),2
13429,Update io_utils.py,a7156b8c,e25f68dc,Update io_utils.py (#13429),3
13429,Update io_utils.py,55159cf4,e8946d52,Update np_utils.py (#13481),2
13429,Update io_utils.py,55159cf4,e25f68dc,Update io_utils.py (#13429),3
13429,Update io_utils.py,50a0d1ca,e8946d52,Update np_utils.py (#13481),2
13429,Update io_utils.py,50a0d1ca,e25f68dc,Update io_utils.py (#13429),3
13429,Update io_utils.py,404a30df,e8946d52,Update np_utils.py (#13481),2
13429,Update io_utils.py,404a30df,e25f68dc,Update io_utils.py (#13429),3
13429,Update io_utils.py,f4af11c7,e8946d52,Update np_utils.py (#13481),2
13429,Update io_utils.py,f4af11c7,e25f68dc,Update io_utils.py (#13429),3
13429,Update io_utils.py,80ddb5b3,e8946d52,Update np_utils.py (#13481),2
13429,Update io_utils.py,80ddb5b3,e25f68dc,Update io_utils.py (#13429),3
13429,Update io_utils.py,3ffba424,e8946d52,Update np_utils.py (#13481),2
13429,Update io_utils.py,3ffba424,e25f68dc,Update io_utils.py (#13429),3
13429,Update io_utils.py,73f1ef2e,e8946d52,Update np_utils.py (#13481),2
13429,Update io_utils.py,73f1ef2e,e25f68dc,Update io_utils.py (#13429),3
13429,Update io_utils.py,bf2f64bf,e8946d52,Update np_utils.py (#13481),2
13429,Update io_utils.py,bf2f64bf,e25f68dc,Update io_utils.py (#13429),3
13429,Update io_utils.py,d02ea034,e8946d52,Update np_utils.py (#13481),2
13429,Update io_utils.py,d02ea034,e25f68dc,Update io_utils.py (#13429),3
13429,Update io_utils.py,64396172,e8946d52,Update np_utils.py (#13481),2
13429,Update io_utils.py,64396172,e25f68dc,Update io_utils.py (#13429),3
13429,Update io_utils.py,3c8618bb,e8946d52,Update np_utils.py (#13481),2
13429,Update io_utils.py,3c8618bb,e25f68dc,Update io_utils.py (#13429),3
13429,Update io_utils.py,794c083f,e8946d52,Update np_utils.py (#13481),2
13429,Update io_utils.py,794c083f,e25f68dc,Update io_utils.py (#13429),3
13429,Update io_utils.py,775e91c5,e8946d52,Update np_utils.py (#13481),2
13429,Update io_utils.py,775e91c5,e25f68dc,Update io_utils.py (#13429),3
13429,Update io_utils.py,3e19b025,e8946d52,Update np_utils.py (#13481),2
13429,Update io_utils.py,3e19b025,e25f68dc,Update io_utils.py (#13429),3
13429,Update io_utils.py,f20383b7,e8946d52,Update np_utils.py (#13481),2
13429,Update io_utils.py,f20383b7,e25f68dc,Update io_utils.py (#13429),3
13429,Update io_utils.py,5c83c699,e8946d52,Update np_utils.py (#13481),2
13429,Update io_utils.py,5c83c699,e25f68dc,Update io_utils.py (#13429),3
13429,Update io_utils.py,f5d56fa2,e8946d52,Update np_utils.py (#13481),2
13429,Update io_utils.py,f5d56fa2,e25f68dc,Update io_utils.py (#13429),3
13429,Update io_utils.py,7fb4f4b0,e8946d52,Update np_utils.py (#13481),2
13429,Update io_utils.py,7fb4f4b0,e25f68dc,Update io_utils.py (#13429),3
13429,Update io_utils.py,9620a497,e8946d52,Update np_utils.py (#13481),2
13429,Update io_utils.py,9620a497,e25f68dc,Update io_utils.py (#13429),3
13429,Update io_utils.py,91965e8f,e8946d52,Update np_utils.py (#13481),2
13429,Update io_utils.py,91965e8f,e25f68dc,Update io_utils.py (#13429),3
13429,Update io_utils.py,92f2717c,e8946d52,Update np_utils.py (#13481),2
13429,Update io_utils.py,92f2717c,e25f68dc,Update io_utils.py (#13429),3
13429,Update io_utils.py,07723ccf,e8946d52,Update np_utils.py (#13481),2
13429,Update io_utils.py,07723ccf,e25f68dc,Update io_utils.py (#13429),3
13429,Update io_utils.py,652d61be,e8946d52,Update np_utils.py (#13481),2
13429,Update io_utils.py,652d61be,e25f68dc,Update io_utils.py (#13429),3
13429,Update io_utils.py,9c3060d8,e8946d52,Update np_utils.py (#13481),2
13429,Update io_utils.py,9c3060d8,e25f68dc,Update io_utils.py (#13429),3
13429,Update io_utils.py,d2a15040,e8946d52,Update np_utils.py (#13481),2
13429,Update io_utils.py,d2a15040,e25f68dc,Update io_utils.py (#13429),3
13429,Update io_utils.py,9c1afbb6,e8946d52,Update np_utils.py (#13481),2
13429,Update io_utils.py,9c1afbb6,e25f68dc,Update io_utils.py (#13429),3
13429,Update io_utils.py,cbb9d001,e8946d52,Update np_utils.py (#13481),2
13429,Update io_utils.py,cbb9d001,e25f68dc,Update io_utils.py (#13429),3
13429,Update io_utils.py,78c61c65,e8946d52,Update np_utils.py (#13481),2
13429,Update io_utils.py,78c61c65,e25f68dc,Update io_utils.py (#13429),3
13429,Update io_utils.py,5c1e5d5e,e8946d52,Update np_utils.py (#13481),2
13429,Update io_utils.py,5c1e5d5e,e25f68dc,Update io_utils.py (#13429),3
13429,Update io_utils.py,819f569c,e8946d52,Update np_utils.py (#13481),2
13429,Update io_utils.py,819f569c,e25f68dc,Update io_utils.py (#13429),3
13429,Update io_utils.py,d444b919,e8946d52,Update np_utils.py (#13481),2
13429,Update io_utils.py,d444b919,e25f68dc,Update io_utils.py (#13429),3
13429,Update io_utils.py,747d4a30,e8946d52,Update np_utils.py (#13481),2
13429,Update io_utils.py,747d4a30,e25f68dc,Update io_utils.py (#13429),3
13429,Update io_utils.py,ab19cf7b,e8946d52,Update np_utils.py (#13481),2
13429,Update io_utils.py,ab19cf7b,e25f68dc,Update io_utils.py (#13429),3
13429,Update io_utils.py,6b8970ab,e8946d52,Update np_utils.py (#13481),2
13429,Update io_utils.py,6b8970ab,e25f68dc,Update io_utils.py (#13429),3
13429,Update io_utils.py,bde97055,e8946d52,Update np_utils.py (#13481),2
13429,Update io_utils.py,bde97055,e25f68dc,Update io_utils.py (#13429),3
13429,Update io_utils.py,2f8b351c,e8946d52,Update np_utils.py (#13481),2
13429,Update io_utils.py,2f8b351c,e25f68dc,Update io_utils.py (#13429),3
13429,Update io_utils.py,8ee2ffd7,e8946d52,Update np_utils.py (#13481),2
13429,Update io_utils.py,8ee2ffd7,e25f68dc,Update io_utils.py (#13429),3
13429,Update io_utils.py,fb24dc19,e8946d52,Update np_utils.py (#13481),2
13429,Update io_utils.py,fb24dc19,e25f68dc,Update io_utils.py (#13429),3
13429,Update io_utils.py,0354e645,e8946d52,Update np_utils.py (#13481),2
13429,Update io_utils.py,0354e645,e25f68dc,Update io_utils.py (#13429),3
13429,Update io_utils.py,fbe2ea65,e8946d52,Update np_utils.py (#13481),2
13429,Update io_utils.py,fbe2ea65,e25f68dc,Update io_utils.py (#13429),3
13429,Update io_utils.py,21dcabb6,e8946d52,Update np_utils.py (#13481),2
13429,Update io_utils.py,21dcabb6,e25f68dc,Update io_utils.py (#13429),3
13429,Update io_utils.py,42a65d4b,e8946d52,Update np_utils.py (#13481),2
13429,Update io_utils.py,42a65d4b,e25f68dc,Update io_utils.py (#13429),3
13429,Update io_utils.py,cb836091,e8946d52,Update np_utils.py (#13481),2
13429,Update io_utils.py,cb836091,e25f68dc,Update io_utils.py (#13429),3
13429,Update io_utils.py,6a052477,e8946d52,Update np_utils.py (#13481),2
13429,Update io_utils.py,6a052477,e25f68dc,Update io_utils.py (#13429),3
13429,Update io_utils.py,c015acb4,e8946d52,Update np_utils.py (#13481),2
13429,Update io_utils.py,c015acb4,e25f68dc,Update io_utils.py (#13429),3
13429,Update io_utils.py,feac8dba,e8946d52,Update np_utils.py (#13481),2
13429,Update io_utils.py,feac8dba,e25f68dc,Update io_utils.py (#13429),3
13429,Update io_utils.py,c140939c,e8946d52,Update np_utils.py (#13481),2
13429,Update io_utils.py,c140939c,e25f68dc,Update io_utils.py (#13429),3
13429,Update io_utils.py,c90d2dfc,e8946d52,Update np_utils.py (#13481),2
13429,Update io_utils.py,c90d2dfc,e25f68dc,Update io_utils.py (#13429),3
13429,Update io_utils.py,29e788dc,e8946d52,Update np_utils.py (#13481),2
13429,Update io_utils.py,29e788dc,e25f68dc,Update io_utils.py (#13429),3
13429,Update io_utils.py,07f8cef2,e8946d52,Update np_utils.py (#13481),2
13429,Update io_utils.py,07f8cef2,e25f68dc,Update io_utils.py (#13429),3
13429,Update io_utils.py,a069161d,e8946d52,Update np_utils.py (#13481),2
13429,Update io_utils.py,a069161d,e25f68dc,Update io_utils.py (#13429),3
13429,Update io_utils.py,0fab8ac3,e8946d52,Update np_utils.py (#13481),2
13429,Update io_utils.py,0fab8ac3,e25f68dc,Update io_utils.py (#13429),3
13429,Update io_utils.py,15b84d37,e8946d52,Update np_utils.py (#13481),2
13429,Update io_utils.py,15b84d37,e25f68dc,Update io_utils.py (#13429),3
13429,Update io_utils.py,97b27bfd,e8946d52,Update np_utils.py (#13481),2
13429,Update io_utils.py,97b27bfd,e25f68dc,Update io_utils.py (#13429),3
13429,Update io_utils.py,a0c5f574,e8946d52,Update np_utils.py (#13481),2
13429,Update io_utils.py,a0c5f574,e25f68dc,Update io_utils.py (#13429),3
13429,Update io_utils.py,688b898d,e8946d52,Update np_utils.py (#13481),2
13429,Update io_utils.py,688b898d,e25f68dc,Update io_utils.py (#13429),3
13429,Update io_utils.py,7def993f,e8946d52,Update np_utils.py (#13481),2
13429,Update io_utils.py,7def993f,e25f68dc,Update io_utils.py (#13429),3
13429,Update io_utils.py,c33a551f,e8946d52,Update np_utils.py (#13481),2
13429,Update io_utils.py,c33a551f,e25f68dc,Update io_utils.py (#13429),3
13429,Update io_utils.py,c6cf4425,e8946d52,Update np_utils.py (#13481),2
13429,Update io_utils.py,c6cf4425,e25f68dc,Update io_utils.py (#13429),3
13429,Update io_utils.py,0d233b25,e8946d52,Update np_utils.py (#13481),2
13429,Update io_utils.py,0d233b25,e25f68dc,Update io_utils.py (#13429),3
13429,Update io_utils.py,e704e157,e8946d52,Update np_utils.py (#13481),2
13429,Update io_utils.py,e704e157,e25f68dc,Update io_utils.py (#13429),3
13429,Update io_utils.py,11e4c4b9,e8946d52,Update np_utils.py (#13481),2
13429,Update io_utils.py,11e4c4b9,e25f68dc,Update io_utils.py (#13429),3
13429,Update io_utils.py,d5cd2687,e8946d52,Update np_utils.py (#13481),2
13429,Update io_utils.py,d5cd2687,e25f68dc,Update io_utils.py (#13429),3
13429,Update io_utils.py,eee20b46,e8946d52,Update np_utils.py (#13481),2
13429,Update io_utils.py,eee20b46,e25f68dc,Update io_utils.py (#13429),3
13429,Update io_utils.py,9827db2c,e8946d52,Update np_utils.py (#13481),2
13429,Update io_utils.py,9827db2c,e25f68dc,Update io_utils.py (#13429),3
13429,Update io_utils.py,98d49754,e8946d52,Update np_utils.py (#13481),2
13429,Update io_utils.py,98d49754,e25f68dc,Update io_utils.py (#13429),3
13429,Update io_utils.py,8213e515,e8946d52,Update np_utils.py (#13481),2
13429,Update io_utils.py,8213e515,e25f68dc,Update io_utils.py (#13429),3
13429,Update io_utils.py,0cae63ac,e8946d52,Update np_utils.py (#13481),2
13429,Update io_utils.py,0cae63ac,e25f68dc,Update io_utils.py (#13429),3
13429,Update io_utils.py,b0b3ff13,e8946d52,Update np_utils.py (#13481),2
13429,Update io_utils.py,b0b3ff13,e25f68dc,Update io_utils.py (#13429),3
13429,Update io_utils.py,ce209553,e8946d52,Update np_utils.py (#13481),2
13429,Update io_utils.py,ce209553,e25f68dc,Update io_utils.py (#13429),3
13426,Update autogen.py,9a2b5092,4d59675b,Update core.py (#13472),2
13426,Update autogen.py,9a2b5092,afff7b43,Update pooling.py (#13467),2
13426,Update autogen.py,9a2b5092,f242c642,Update autogen.py (#13426),3
13426,Update autogen.py,9a2b5092,985521ee,Update local.py docstrings (#13373),2
13426,Update autogen.py,e8946d52,4d59675b,Update core.py (#13472),2
13426,Update autogen.py,e8946d52,afff7b43,Update pooling.py (#13467),2
13426,Update autogen.py,e8946d52,f242c642,Update autogen.py (#13426),3
13426,Update autogen.py,e8946d52,985521ee,Update local.py docstrings (#13373),2
13426,Update autogen.py,4d59675b,4d59675b,Update core.py (#13472),2
13426,Update autogen.py,4d59675b,afff7b43,Update pooling.py (#13467),2
13426,Update autogen.py,4d59675b,f242c642,Update autogen.py (#13426),3
13426,Update autogen.py,4d59675b,985521ee,Update local.py docstrings (#13373),2
13426,Update autogen.py,afff7b43,4d59675b,Update core.py (#13472),2
13426,Update autogen.py,afff7b43,afff7b43,Update pooling.py (#13467),2
13426,Update autogen.py,afff7b43,f242c642,Update autogen.py (#13426),3
13426,Update autogen.py,afff7b43,985521ee,Update local.py docstrings (#13373),2
13426,Update autogen.py,e25f68dc,4d59675b,Update core.py (#13472),2
13426,Update autogen.py,e25f68dc,afff7b43,Update pooling.py (#13467),2
13426,Update autogen.py,e25f68dc,f242c642,Update autogen.py (#13426),3
13426,Update autogen.py,e25f68dc,985521ee,Update local.py docstrings (#13373),2
13426,Update autogen.py,f242c642,4d59675b,Update core.py (#13472),2
13426,Update autogen.py,f242c642,afff7b43,Update pooling.py (#13467),2
13426,Update autogen.py,f242c642,f242c642,Update autogen.py (#13426),3
13426,Update autogen.py,f242c642,985521ee,Update local.py docstrings (#13373),2
13426,Update autogen.py,985521ee,4d59675b,Update core.py (#13472),2
13426,Update autogen.py,985521ee,afff7b43,Update pooling.py (#13467),2
13426,Update autogen.py,985521ee,f242c642,Update autogen.py (#13426),3
13426,Update autogen.py,985521ee,985521ee,Update local.py docstrings (#13373),2
13426,Update autogen.py,66455371,4d59675b,Update core.py (#13472),2
13426,Update autogen.py,66455371,afff7b43,Update pooling.py (#13467),2
13426,Update autogen.py,66455371,f242c642,Update autogen.py (#13426),3
13426,Update autogen.py,66455371,985521ee,Update local.py docstrings (#13373),2
13426,Update autogen.py,3bda5520,4d59675b,Update core.py (#13472),2
13426,Update autogen.py,3bda5520,afff7b43,Update pooling.py (#13467),2
13426,Update autogen.py,3bda5520,f242c642,Update autogen.py (#13426),3
13426,Update autogen.py,3bda5520,985521ee,Update local.py docstrings (#13373),2
13426,Update autogen.py,b78e3ff9,4d59675b,Update core.py (#13472),2
13426,Update autogen.py,b78e3ff9,afff7b43,Update pooling.py (#13467),2
13426,Update autogen.py,b78e3ff9,f242c642,Update autogen.py (#13426),3
13426,Update autogen.py,b78e3ff9,985521ee,Update local.py docstrings (#13373),2
13426,Update autogen.py,2b963e5a,4d59675b,Update core.py (#13472),2
13426,Update autogen.py,2b963e5a,afff7b43,Update pooling.py (#13467),2
13426,Update autogen.py,2b963e5a,f242c642,Update autogen.py (#13426),3
13426,Update autogen.py,2b963e5a,985521ee,Update local.py docstrings (#13373),2
13426,Update autogen.py,105f6e29,4d59675b,Update core.py (#13472),2
13426,Update autogen.py,105f6e29,afff7b43,Update pooling.py (#13467),2
13426,Update autogen.py,105f6e29,f242c642,Update autogen.py (#13426),3
13426,Update autogen.py,105f6e29,985521ee,Update local.py docstrings (#13373),2
13426,Update autogen.py,c8e3b601,4d59675b,Update core.py (#13472),2
13426,Update autogen.py,c8e3b601,afff7b43,Update pooling.py (#13467),2
13426,Update autogen.py,c8e3b601,f242c642,Update autogen.py (#13426),3
13426,Update autogen.py,c8e3b601,985521ee,Update local.py docstrings (#13373),2
13426,Update autogen.py,6aace305,4d59675b,Update core.py (#13472),2
13426,Update autogen.py,6aace305,afff7b43,Update pooling.py (#13467),2
13426,Update autogen.py,6aace305,f242c642,Update autogen.py (#13426),3
13426,Update autogen.py,6aace305,985521ee,Update local.py docstrings (#13373),2
13426,Update autogen.py,0511438e,4d59675b,Update core.py (#13472),2
13426,Update autogen.py,0511438e,afff7b43,Update pooling.py (#13467),2
13426,Update autogen.py,0511438e,f242c642,Update autogen.py (#13426),3
13426,Update autogen.py,0511438e,985521ee,Update local.py docstrings (#13373),2
13426,Update autogen.py,2fbac5a7,4d59675b,Update core.py (#13472),2
13426,Update autogen.py,2fbac5a7,afff7b43,Update pooling.py (#13467),2
13426,Update autogen.py,2fbac5a7,f242c642,Update autogen.py (#13426),3
13426,Update autogen.py,2fbac5a7,985521ee,Update local.py docstrings (#13373),2
13426,Update autogen.py,311f4542,4d59675b,Update core.py (#13472),2
13426,Update autogen.py,311f4542,afff7b43,Update pooling.py (#13467),2
13426,Update autogen.py,311f4542,f242c642,Update autogen.py (#13426),3
13426,Update autogen.py,311f4542,985521ee,Update local.py docstrings (#13373),2
13426,Update autogen.py,5e682520,4d59675b,Update core.py (#13472),2
13426,Update autogen.py,5e682520,afff7b43,Update pooling.py (#13467),2
13426,Update autogen.py,5e682520,f242c642,Update autogen.py (#13426),3
13426,Update autogen.py,5e682520,985521ee,Update local.py docstrings (#13373),2
13426,Update autogen.py,9065eff2,4d59675b,Update core.py (#13472),2
13426,Update autogen.py,9065eff2,afff7b43,Update pooling.py (#13467),2
13426,Update autogen.py,9065eff2,f242c642,Update autogen.py (#13426),3
13426,Update autogen.py,9065eff2,985521ee,Update local.py docstrings (#13373),2
13426,Update autogen.py,8ac788a5,4d59675b,Update core.py (#13472),2
13426,Update autogen.py,8ac788a5,afff7b43,Update pooling.py (#13467),2
13426,Update autogen.py,8ac788a5,f242c642,Update autogen.py (#13426),3
13426,Update autogen.py,8ac788a5,985521ee,Update local.py docstrings (#13373),2
13426,Update autogen.py,295e4f80,4d59675b,Update core.py (#13472),2
13426,Update autogen.py,295e4f80,afff7b43,Update pooling.py (#13467),2
13426,Update autogen.py,295e4f80,f242c642,Update autogen.py (#13426),3
13426,Update autogen.py,295e4f80,985521ee,Update local.py docstrings (#13373),2
13426,Update autogen.py,ed9e8d2f,4d59675b,Update core.py (#13472),2
13426,Update autogen.py,ed9e8d2f,afff7b43,Update pooling.py (#13467),2
13426,Update autogen.py,ed9e8d2f,f242c642,Update autogen.py (#13426),3
13426,Update autogen.py,ed9e8d2f,985521ee,Update local.py docstrings (#13373),2
13426,Update autogen.py,1c7e63e4,4d59675b,Update core.py (#13472),2
13426,Update autogen.py,1c7e63e4,afff7b43,Update pooling.py (#13467),2
13426,Update autogen.py,1c7e63e4,f242c642,Update autogen.py (#13426),3
13426,Update autogen.py,1c7e63e4,985521ee,Update local.py docstrings (#13373),2
13426,Update autogen.py,1a0792ae,4d59675b,Update core.py (#13472),2
13426,Update autogen.py,1a0792ae,afff7b43,Update pooling.py (#13467),2
13426,Update autogen.py,1a0792ae,f242c642,Update autogen.py (#13426),3
13426,Update autogen.py,1a0792ae,985521ee,Update local.py docstrings (#13373),2
13426,Update autogen.py,173a40dd,4d59675b,Update core.py (#13472),2
13426,Update autogen.py,173a40dd,afff7b43,Update pooling.py (#13467),2
13426,Update autogen.py,173a40dd,f242c642,Update autogen.py (#13426),3
13426,Update autogen.py,173a40dd,985521ee,Update local.py docstrings (#13373),2
13426,Update autogen.py,14f35ab0,4d59675b,Update core.py (#13472),2
13426,Update autogen.py,14f35ab0,afff7b43,Update pooling.py (#13467),2
13426,Update autogen.py,14f35ab0,f242c642,Update autogen.py (#13426),3
13426,Update autogen.py,14f35ab0,985521ee,Update local.py docstrings (#13373),2
13426,Update autogen.py,c57d1a32,4d59675b,Update core.py (#13472),2
13426,Update autogen.py,c57d1a32,afff7b43,Update pooling.py (#13467),2
13426,Update autogen.py,c57d1a32,f242c642,Update autogen.py (#13426),3
13426,Update autogen.py,c57d1a32,985521ee,Update local.py docstrings (#13373),2
13426,Update autogen.py,50b4f7fa,4d59675b,Update core.py (#13472),2
13426,Update autogen.py,50b4f7fa,afff7b43,Update pooling.py (#13467),2
13426,Update autogen.py,50b4f7fa,f242c642,Update autogen.py (#13426),3
13426,Update autogen.py,50b4f7fa,985521ee,Update local.py docstrings (#13373),2
13426,Update autogen.py,88b301f1,4d59675b,Update core.py (#13472),2
13426,Update autogen.py,88b301f1,afff7b43,Update pooling.py (#13467),2
13426,Update autogen.py,88b301f1,f242c642,Update autogen.py (#13426),3
13426,Update autogen.py,88b301f1,985521ee,Update local.py docstrings (#13373),2
13426,Update autogen.py,045d442f,4d59675b,Update core.py (#13472),2
13426,Update autogen.py,045d442f,afff7b43,Update pooling.py (#13467),2
13426,Update autogen.py,045d442f,f242c642,Update autogen.py (#13426),3
13426,Update autogen.py,045d442f,985521ee,Update local.py docstrings (#13373),2
13426,Update autogen.py,f2786d9d,4d59675b,Update core.py (#13472),2
13426,Update autogen.py,f2786d9d,afff7b43,Update pooling.py (#13467),2
13426,Update autogen.py,f2786d9d,f242c642,Update autogen.py (#13426),3
13426,Update autogen.py,f2786d9d,985521ee,Update local.py docstrings (#13373),2
13426,Update autogen.py,65e4c8e7,4d59675b,Update core.py (#13472),2
13426,Update autogen.py,65e4c8e7,afff7b43,Update pooling.py (#13467),2
13426,Update autogen.py,65e4c8e7,f242c642,Update autogen.py (#13426),3
13426,Update autogen.py,65e4c8e7,985521ee,Update local.py docstrings (#13373),2
13426,Update autogen.py,a7156b8c,4d59675b,Update core.py (#13472),2
13426,Update autogen.py,a7156b8c,afff7b43,Update pooling.py (#13467),2
13426,Update autogen.py,a7156b8c,f242c642,Update autogen.py (#13426),3
13426,Update autogen.py,a7156b8c,985521ee,Update local.py docstrings (#13373),2
13426,Update autogen.py,55159cf4,4d59675b,Update core.py (#13472),2
13426,Update autogen.py,55159cf4,afff7b43,Update pooling.py (#13467),2
13426,Update autogen.py,55159cf4,f242c642,Update autogen.py (#13426),3
13426,Update autogen.py,55159cf4,985521ee,Update local.py docstrings (#13373),2
13426,Update autogen.py,50a0d1ca,4d59675b,Update core.py (#13472),2
13426,Update autogen.py,50a0d1ca,afff7b43,Update pooling.py (#13467),2
13426,Update autogen.py,50a0d1ca,f242c642,Update autogen.py (#13426),3
13426,Update autogen.py,50a0d1ca,985521ee,Update local.py docstrings (#13373),2
13426,Update autogen.py,404a30df,4d59675b,Update core.py (#13472),2
13426,Update autogen.py,404a30df,afff7b43,Update pooling.py (#13467),2
13426,Update autogen.py,404a30df,f242c642,Update autogen.py (#13426),3
13426,Update autogen.py,404a30df,985521ee,Update local.py docstrings (#13373),2
13426,Update autogen.py,f4af11c7,4d59675b,Update core.py (#13472),2
13426,Update autogen.py,f4af11c7,afff7b43,Update pooling.py (#13467),2
13426,Update autogen.py,f4af11c7,f242c642,Update autogen.py (#13426),3
13426,Update autogen.py,f4af11c7,985521ee,Update local.py docstrings (#13373),2
13426,Update autogen.py,80ddb5b3,4d59675b,Update core.py (#13472),2
13426,Update autogen.py,80ddb5b3,afff7b43,Update pooling.py (#13467),2
13426,Update autogen.py,80ddb5b3,f242c642,Update autogen.py (#13426),3
13426,Update autogen.py,80ddb5b3,985521ee,Update local.py docstrings (#13373),2
13426,Update autogen.py,3ffba424,4d59675b,Update core.py (#13472),2
13426,Update autogen.py,3ffba424,afff7b43,Update pooling.py (#13467),2
13426,Update autogen.py,3ffba424,f242c642,Update autogen.py (#13426),3
13426,Update autogen.py,3ffba424,985521ee,Update local.py docstrings (#13373),2
13426,Update autogen.py,73f1ef2e,4d59675b,Update core.py (#13472),2
13426,Update autogen.py,73f1ef2e,afff7b43,Update pooling.py (#13467),2
13426,Update autogen.py,73f1ef2e,f242c642,Update autogen.py (#13426),3
13426,Update autogen.py,73f1ef2e,985521ee,Update local.py docstrings (#13373),2
13426,Update autogen.py,bf2f64bf,4d59675b,Update core.py (#13472),2
13426,Update autogen.py,bf2f64bf,afff7b43,Update pooling.py (#13467),2
13426,Update autogen.py,bf2f64bf,f242c642,Update autogen.py (#13426),3
13426,Update autogen.py,bf2f64bf,985521ee,Update local.py docstrings (#13373),2
13426,Update autogen.py,d02ea034,4d59675b,Update core.py (#13472),2
13426,Update autogen.py,d02ea034,afff7b43,Update pooling.py (#13467),2
13426,Update autogen.py,d02ea034,f242c642,Update autogen.py (#13426),3
13426,Update autogen.py,d02ea034,985521ee,Update local.py docstrings (#13373),2
13426,Update autogen.py,64396172,4d59675b,Update core.py (#13472),2
13426,Update autogen.py,64396172,afff7b43,Update pooling.py (#13467),2
13426,Update autogen.py,64396172,f242c642,Update autogen.py (#13426),3
13426,Update autogen.py,64396172,985521ee,Update local.py docstrings (#13373),2
13426,Update autogen.py,3c8618bb,4d59675b,Update core.py (#13472),2
13426,Update autogen.py,3c8618bb,afff7b43,Update pooling.py (#13467),2
13426,Update autogen.py,3c8618bb,f242c642,Update autogen.py (#13426),3
13426,Update autogen.py,3c8618bb,985521ee,Update local.py docstrings (#13373),2
13426,Update autogen.py,794c083f,4d59675b,Update core.py (#13472),2
13426,Update autogen.py,794c083f,afff7b43,Update pooling.py (#13467),2
13426,Update autogen.py,794c083f,f242c642,Update autogen.py (#13426),3
13426,Update autogen.py,794c083f,985521ee,Update local.py docstrings (#13373),2
13426,Update autogen.py,775e91c5,4d59675b,Update core.py (#13472),2
13426,Update autogen.py,775e91c5,afff7b43,Update pooling.py (#13467),2
13426,Update autogen.py,775e91c5,f242c642,Update autogen.py (#13426),3
13426,Update autogen.py,775e91c5,985521ee,Update local.py docstrings (#13373),2
13426,Update autogen.py,3e19b025,4d59675b,Update core.py (#13472),2
13426,Update autogen.py,3e19b025,afff7b43,Update pooling.py (#13467),2
13426,Update autogen.py,3e19b025,f242c642,Update autogen.py (#13426),3
13426,Update autogen.py,3e19b025,985521ee,Update local.py docstrings (#13373),2
13426,Update autogen.py,f20383b7,4d59675b,Update core.py (#13472),2
13426,Update autogen.py,f20383b7,afff7b43,Update pooling.py (#13467),2
13426,Update autogen.py,f20383b7,f242c642,Update autogen.py (#13426),3
13426,Update autogen.py,f20383b7,985521ee,Update local.py docstrings (#13373),2
13426,Update autogen.py,5c83c699,4d59675b,Update core.py (#13472),2
13426,Update autogen.py,5c83c699,afff7b43,Update pooling.py (#13467),2
13426,Update autogen.py,5c83c699,f242c642,Update autogen.py (#13426),3
13426,Update autogen.py,5c83c699,985521ee,Update local.py docstrings (#13373),2
13426,Update autogen.py,f5d56fa2,4d59675b,Update core.py (#13472),2
13426,Update autogen.py,f5d56fa2,afff7b43,Update pooling.py (#13467),2
13426,Update autogen.py,f5d56fa2,f242c642,Update autogen.py (#13426),3
13426,Update autogen.py,f5d56fa2,985521ee,Update local.py docstrings (#13373),2
13426,Update autogen.py,7fb4f4b0,4d59675b,Update core.py (#13472),2
13426,Update autogen.py,7fb4f4b0,afff7b43,Update pooling.py (#13467),2
13426,Update autogen.py,7fb4f4b0,f242c642,Update autogen.py (#13426),3
13426,Update autogen.py,7fb4f4b0,985521ee,Update local.py docstrings (#13373),2
13426,Update autogen.py,9620a497,4d59675b,Update core.py (#13472),2
13426,Update autogen.py,9620a497,afff7b43,Update pooling.py (#13467),2
13426,Update autogen.py,9620a497,f242c642,Update autogen.py (#13426),3
13426,Update autogen.py,9620a497,985521ee,Update local.py docstrings (#13373),2
13426,Update autogen.py,91965e8f,4d59675b,Update core.py (#13472),2
13426,Update autogen.py,91965e8f,afff7b43,Update pooling.py (#13467),2
13426,Update autogen.py,91965e8f,f242c642,Update autogen.py (#13426),3
13426,Update autogen.py,91965e8f,985521ee,Update local.py docstrings (#13373),2
13426,Update autogen.py,92f2717c,4d59675b,Update core.py (#13472),2
13426,Update autogen.py,92f2717c,afff7b43,Update pooling.py (#13467),2
13426,Update autogen.py,92f2717c,f242c642,Update autogen.py (#13426),3
13426,Update autogen.py,92f2717c,985521ee,Update local.py docstrings (#13373),2
13426,Update autogen.py,07723ccf,4d59675b,Update core.py (#13472),2
13426,Update autogen.py,07723ccf,afff7b43,Update pooling.py (#13467),2
13426,Update autogen.py,07723ccf,f242c642,Update autogen.py (#13426),3
13426,Update autogen.py,07723ccf,985521ee,Update local.py docstrings (#13373),2
13426,Update autogen.py,652d61be,4d59675b,Update core.py (#13472),2
13426,Update autogen.py,652d61be,afff7b43,Update pooling.py (#13467),2
13426,Update autogen.py,652d61be,f242c642,Update autogen.py (#13426),3
13426,Update autogen.py,652d61be,985521ee,Update local.py docstrings (#13373),2
13426,Update autogen.py,9c3060d8,4d59675b,Update core.py (#13472),2
13426,Update autogen.py,9c3060d8,afff7b43,Update pooling.py (#13467),2
13426,Update autogen.py,9c3060d8,f242c642,Update autogen.py (#13426),3
13426,Update autogen.py,9c3060d8,985521ee,Update local.py docstrings (#13373),2
13426,Update autogen.py,d2a15040,4d59675b,Update core.py (#13472),2
13426,Update autogen.py,d2a15040,afff7b43,Update pooling.py (#13467),2
13426,Update autogen.py,d2a15040,f242c642,Update autogen.py (#13426),3
13426,Update autogen.py,d2a15040,985521ee,Update local.py docstrings (#13373),2
13426,Update autogen.py,9c1afbb6,4d59675b,Update core.py (#13472),2
13426,Update autogen.py,9c1afbb6,afff7b43,Update pooling.py (#13467),2
13426,Update autogen.py,9c1afbb6,f242c642,Update autogen.py (#13426),3
13426,Update autogen.py,9c1afbb6,985521ee,Update local.py docstrings (#13373),2
13426,Update autogen.py,cbb9d001,4d59675b,Update core.py (#13472),2
13426,Update autogen.py,cbb9d001,afff7b43,Update pooling.py (#13467),2
13426,Update autogen.py,cbb9d001,f242c642,Update autogen.py (#13426),3
13426,Update autogen.py,cbb9d001,985521ee,Update local.py docstrings (#13373),2
13426,Update autogen.py,78c61c65,4d59675b,Update core.py (#13472),2
13426,Update autogen.py,78c61c65,afff7b43,Update pooling.py (#13467),2
13426,Update autogen.py,78c61c65,f242c642,Update autogen.py (#13426),3
13426,Update autogen.py,78c61c65,985521ee,Update local.py docstrings (#13373),2
13426,Update autogen.py,5c1e5d5e,4d59675b,Update core.py (#13472),2
13426,Update autogen.py,5c1e5d5e,afff7b43,Update pooling.py (#13467),2
13426,Update autogen.py,5c1e5d5e,f242c642,Update autogen.py (#13426),3
13426,Update autogen.py,5c1e5d5e,985521ee,Update local.py docstrings (#13373),2
13426,Update autogen.py,819f569c,4d59675b,Update core.py (#13472),2
13426,Update autogen.py,819f569c,afff7b43,Update pooling.py (#13467),2
13426,Update autogen.py,819f569c,f242c642,Update autogen.py (#13426),3
13426,Update autogen.py,819f569c,985521ee,Update local.py docstrings (#13373),2
13426,Update autogen.py,d444b919,4d59675b,Update core.py (#13472),2
13426,Update autogen.py,d444b919,afff7b43,Update pooling.py (#13467),2
13426,Update autogen.py,d444b919,f242c642,Update autogen.py (#13426),3
13426,Update autogen.py,d444b919,985521ee,Update local.py docstrings (#13373),2
13426,Update autogen.py,747d4a30,4d59675b,Update core.py (#13472),2
13426,Update autogen.py,747d4a30,afff7b43,Update pooling.py (#13467),2
13426,Update autogen.py,747d4a30,f242c642,Update autogen.py (#13426),3
13426,Update autogen.py,747d4a30,985521ee,Update local.py docstrings (#13373),2
13426,Update autogen.py,ab19cf7b,4d59675b,Update core.py (#13472),2
13426,Update autogen.py,ab19cf7b,afff7b43,Update pooling.py (#13467),2
13426,Update autogen.py,ab19cf7b,f242c642,Update autogen.py (#13426),3
13426,Update autogen.py,ab19cf7b,985521ee,Update local.py docstrings (#13373),2
13426,Update autogen.py,6b8970ab,4d59675b,Update core.py (#13472),2
13426,Update autogen.py,6b8970ab,afff7b43,Update pooling.py (#13467),2
13426,Update autogen.py,6b8970ab,f242c642,Update autogen.py (#13426),3
13426,Update autogen.py,6b8970ab,985521ee,Update local.py docstrings (#13373),2
13426,Update autogen.py,bde97055,4d59675b,Update core.py (#13472),2
13426,Update autogen.py,bde97055,afff7b43,Update pooling.py (#13467),2
13426,Update autogen.py,bde97055,f242c642,Update autogen.py (#13426),3
13426,Update autogen.py,bde97055,985521ee,Update local.py docstrings (#13373),2
13426,Update autogen.py,2f8b351c,4d59675b,Update core.py (#13472),2
13426,Update autogen.py,2f8b351c,afff7b43,Update pooling.py (#13467),2
13426,Update autogen.py,2f8b351c,f242c642,Update autogen.py (#13426),3
13426,Update autogen.py,2f8b351c,985521ee,Update local.py docstrings (#13373),2
13426,Update autogen.py,8ee2ffd7,4d59675b,Update core.py (#13472),2
13426,Update autogen.py,8ee2ffd7,afff7b43,Update pooling.py (#13467),2
13426,Update autogen.py,8ee2ffd7,f242c642,Update autogen.py (#13426),3
13426,Update autogen.py,8ee2ffd7,985521ee,Update local.py docstrings (#13373),2
13426,Update autogen.py,fb24dc19,4d59675b,Update core.py (#13472),2
13426,Update autogen.py,fb24dc19,afff7b43,Update pooling.py (#13467),2
13426,Update autogen.py,fb24dc19,f242c642,Update autogen.py (#13426),3
13426,Update autogen.py,fb24dc19,985521ee,Update local.py docstrings (#13373),2
13426,Update autogen.py,0354e645,4d59675b,Update core.py (#13472),2
13426,Update autogen.py,0354e645,afff7b43,Update pooling.py (#13467),2
13426,Update autogen.py,0354e645,f242c642,Update autogen.py (#13426),3
13426,Update autogen.py,0354e645,985521ee,Update local.py docstrings (#13373),2
13426,Update autogen.py,fbe2ea65,4d59675b,Update core.py (#13472),2
13426,Update autogen.py,fbe2ea65,afff7b43,Update pooling.py (#13467),2
13426,Update autogen.py,fbe2ea65,f242c642,Update autogen.py (#13426),3
13426,Update autogen.py,fbe2ea65,985521ee,Update local.py docstrings (#13373),2
13426,Update autogen.py,21dcabb6,4d59675b,Update core.py (#13472),2
13426,Update autogen.py,21dcabb6,afff7b43,Update pooling.py (#13467),2
13426,Update autogen.py,21dcabb6,f242c642,Update autogen.py (#13426),3
13426,Update autogen.py,21dcabb6,985521ee,Update local.py docstrings (#13373),2
13426,Update autogen.py,42a65d4b,4d59675b,Update core.py (#13472),2
13426,Update autogen.py,42a65d4b,afff7b43,Update pooling.py (#13467),2
13426,Update autogen.py,42a65d4b,f242c642,Update autogen.py (#13426),3
13426,Update autogen.py,42a65d4b,985521ee,Update local.py docstrings (#13373),2
13426,Update autogen.py,cb836091,4d59675b,Update core.py (#13472),2
13426,Update autogen.py,cb836091,afff7b43,Update pooling.py (#13467),2
13426,Update autogen.py,cb836091,f242c642,Update autogen.py (#13426),3
13426,Update autogen.py,cb836091,985521ee,Update local.py docstrings (#13373),2
13426,Update autogen.py,6a052477,4d59675b,Update core.py (#13472),2
13426,Update autogen.py,6a052477,afff7b43,Update pooling.py (#13467),2
13426,Update autogen.py,6a052477,f242c642,Update autogen.py (#13426),3
13426,Update autogen.py,6a052477,985521ee,Update local.py docstrings (#13373),2
13426,Update autogen.py,c015acb4,4d59675b,Update core.py (#13472),2
13426,Update autogen.py,c015acb4,afff7b43,Update pooling.py (#13467),2
13426,Update autogen.py,c015acb4,f242c642,Update autogen.py (#13426),3
13426,Update autogen.py,c015acb4,985521ee,Update local.py docstrings (#13373),2
13426,Update autogen.py,feac8dba,4d59675b,Update core.py (#13472),2
13426,Update autogen.py,feac8dba,afff7b43,Update pooling.py (#13467),2
13426,Update autogen.py,feac8dba,f242c642,Update autogen.py (#13426),3
13426,Update autogen.py,feac8dba,985521ee,Update local.py docstrings (#13373),2
13426,Update autogen.py,c140939c,4d59675b,Update core.py (#13472),2
13426,Update autogen.py,c140939c,afff7b43,Update pooling.py (#13467),2
13426,Update autogen.py,c140939c,f242c642,Update autogen.py (#13426),3
13426,Update autogen.py,c140939c,985521ee,Update local.py docstrings (#13373),2
13426,Update autogen.py,c90d2dfc,4d59675b,Update core.py (#13472),2
13426,Update autogen.py,c90d2dfc,afff7b43,Update pooling.py (#13467),2
13426,Update autogen.py,c90d2dfc,f242c642,Update autogen.py (#13426),3
13426,Update autogen.py,c90d2dfc,985521ee,Update local.py docstrings (#13373),2
13426,Update autogen.py,29e788dc,4d59675b,Update core.py (#13472),2
13426,Update autogen.py,29e788dc,afff7b43,Update pooling.py (#13467),2
13426,Update autogen.py,29e788dc,f242c642,Update autogen.py (#13426),3
13426,Update autogen.py,29e788dc,985521ee,Update local.py docstrings (#13373),2
13426,Update autogen.py,07f8cef2,4d59675b,Update core.py (#13472),2
13426,Update autogen.py,07f8cef2,afff7b43,Update pooling.py (#13467),2
13426,Update autogen.py,07f8cef2,f242c642,Update autogen.py (#13426),3
13426,Update autogen.py,07f8cef2,985521ee,Update local.py docstrings (#13373),2
13426,Update autogen.py,a069161d,4d59675b,Update core.py (#13472),2
13426,Update autogen.py,a069161d,afff7b43,Update pooling.py (#13467),2
13426,Update autogen.py,a069161d,f242c642,Update autogen.py (#13426),3
13426,Update autogen.py,a069161d,985521ee,Update local.py docstrings (#13373),2
13426,Update autogen.py,0fab8ac3,4d59675b,Update core.py (#13472),2
13426,Update autogen.py,0fab8ac3,afff7b43,Update pooling.py (#13467),2
13426,Update autogen.py,0fab8ac3,f242c642,Update autogen.py (#13426),3
13426,Update autogen.py,0fab8ac3,985521ee,Update local.py docstrings (#13373),2
13426,Update autogen.py,15b84d37,4d59675b,Update core.py (#13472),2
13426,Update autogen.py,15b84d37,afff7b43,Update pooling.py (#13467),2
13426,Update autogen.py,15b84d37,f242c642,Update autogen.py (#13426),3
13426,Update autogen.py,15b84d37,985521ee,Update local.py docstrings (#13373),2
13426,Update autogen.py,97b27bfd,4d59675b,Update core.py (#13472),2
13426,Update autogen.py,97b27bfd,afff7b43,Update pooling.py (#13467),2
13426,Update autogen.py,97b27bfd,f242c642,Update autogen.py (#13426),3
13426,Update autogen.py,97b27bfd,985521ee,Update local.py docstrings (#13373),2
13426,Update autogen.py,a0c5f574,4d59675b,Update core.py (#13472),2
13426,Update autogen.py,a0c5f574,afff7b43,Update pooling.py (#13467),2
13426,Update autogen.py,a0c5f574,f242c642,Update autogen.py (#13426),3
13426,Update autogen.py,a0c5f574,985521ee,Update local.py docstrings (#13373),2
13426,Update autogen.py,688b898d,4d59675b,Update core.py (#13472),2
13426,Update autogen.py,688b898d,afff7b43,Update pooling.py (#13467),2
13426,Update autogen.py,688b898d,f242c642,Update autogen.py (#13426),3
13426,Update autogen.py,688b898d,985521ee,Update local.py docstrings (#13373),2
13426,Update autogen.py,7def993f,4d59675b,Update core.py (#13472),2
13426,Update autogen.py,7def993f,afff7b43,Update pooling.py (#13467),2
13426,Update autogen.py,7def993f,f242c642,Update autogen.py (#13426),3
13426,Update autogen.py,7def993f,985521ee,Update local.py docstrings (#13373),2
13426,Update autogen.py,c33a551f,4d59675b,Update core.py (#13472),2
13426,Update autogen.py,c33a551f,afff7b43,Update pooling.py (#13467),2
13426,Update autogen.py,c33a551f,f242c642,Update autogen.py (#13426),3
13426,Update autogen.py,c33a551f,985521ee,Update local.py docstrings (#13373),2
13426,Update autogen.py,c6cf4425,4d59675b,Update core.py (#13472),2
13426,Update autogen.py,c6cf4425,afff7b43,Update pooling.py (#13467),2
13426,Update autogen.py,c6cf4425,f242c642,Update autogen.py (#13426),3
13426,Update autogen.py,c6cf4425,985521ee,Update local.py docstrings (#13373),2
13426,Update autogen.py,0d233b25,4d59675b,Update core.py (#13472),2
13426,Update autogen.py,0d233b25,afff7b43,Update pooling.py (#13467),2
13426,Update autogen.py,0d233b25,f242c642,Update autogen.py (#13426),3
13426,Update autogen.py,0d233b25,985521ee,Update local.py docstrings (#13373),2
13426,Update autogen.py,e704e157,4d59675b,Update core.py (#13472),2
13426,Update autogen.py,e704e157,afff7b43,Update pooling.py (#13467),2
13426,Update autogen.py,e704e157,f242c642,Update autogen.py (#13426),3
13426,Update autogen.py,e704e157,985521ee,Update local.py docstrings (#13373),2
13426,Update autogen.py,11e4c4b9,4d59675b,Update core.py (#13472),2
13426,Update autogen.py,11e4c4b9,afff7b43,Update pooling.py (#13467),2
13426,Update autogen.py,11e4c4b9,f242c642,Update autogen.py (#13426),3
13426,Update autogen.py,11e4c4b9,985521ee,Update local.py docstrings (#13373),2
13426,Update autogen.py,d5cd2687,4d59675b,Update core.py (#13472),2
13426,Update autogen.py,d5cd2687,afff7b43,Update pooling.py (#13467),2
13426,Update autogen.py,d5cd2687,f242c642,Update autogen.py (#13426),3
13426,Update autogen.py,d5cd2687,985521ee,Update local.py docstrings (#13373),2
13426,Update autogen.py,eee20b46,4d59675b,Update core.py (#13472),2
13426,Update autogen.py,eee20b46,afff7b43,Update pooling.py (#13467),2
13426,Update autogen.py,eee20b46,f242c642,Update autogen.py (#13426),3
13426,Update autogen.py,eee20b46,985521ee,Update local.py docstrings (#13373),2
13426,Update autogen.py,9827db2c,4d59675b,Update core.py (#13472),2
13426,Update autogen.py,9827db2c,afff7b43,Update pooling.py (#13467),2
13426,Update autogen.py,9827db2c,f242c642,Update autogen.py (#13426),3
13426,Update autogen.py,9827db2c,985521ee,Update local.py docstrings (#13373),2
13426,Update autogen.py,98d49754,4d59675b,Update core.py (#13472),2
13426,Update autogen.py,98d49754,afff7b43,Update pooling.py (#13467),2
13426,Update autogen.py,98d49754,f242c642,Update autogen.py (#13426),3
13426,Update autogen.py,98d49754,985521ee,Update local.py docstrings (#13373),2
13426,Update autogen.py,8213e515,4d59675b,Update core.py (#13472),2
13426,Update autogen.py,8213e515,afff7b43,Update pooling.py (#13467),2
13426,Update autogen.py,8213e515,f242c642,Update autogen.py (#13426),3
13426,Update autogen.py,8213e515,985521ee,Update local.py docstrings (#13373),2
13426,Update autogen.py,0cae63ac,4d59675b,Update core.py (#13472),2
13426,Update autogen.py,0cae63ac,afff7b43,Update pooling.py (#13467),2
13426,Update autogen.py,0cae63ac,f242c642,Update autogen.py (#13426),3
13426,Update autogen.py,0cae63ac,985521ee,Update local.py docstrings (#13373),2
13426,Update autogen.py,b0b3ff13,4d59675b,Update core.py (#13472),2
13426,Update autogen.py,b0b3ff13,afff7b43,Update pooling.py (#13467),2
13426,Update autogen.py,b0b3ff13,f242c642,Update autogen.py (#13426),3
13426,Update autogen.py,b0b3ff13,985521ee,Update local.py docstrings (#13373),2
13426,Update autogen.py,ce209553,4d59675b,Update core.py (#13472),2
13426,Update autogen.py,ce209553,afff7b43,Update pooling.py (#13467),2
13426,Update autogen.py,ce209553,f242c642,Update autogen.py (#13426),3
13426,Update autogen.py,ce209553,985521ee,Update local.py docstrings (#13373),2
13373,Update local.py,9a2b5092,4d59675b,Update core.py (#13472),2
13373,Update local.py,9a2b5092,afff7b43,Update pooling.py (#13467),2
13373,Update local.py,9a2b5092,f242c642,Update autogen.py (#13426),2
13373,Update local.py,9a2b5092,985521ee,Update local.py docstrings (#13373),3
13373,Update local.py,e8946d52,4d59675b,Update core.py (#13472),2
13373,Update local.py,e8946d52,afff7b43,Update pooling.py (#13467),2
13373,Update local.py,e8946d52,f242c642,Update autogen.py (#13426),2
13373,Update local.py,e8946d52,985521ee,Update local.py docstrings (#13373),3
13373,Update local.py,4d59675b,4d59675b,Update core.py (#13472),2
13373,Update local.py,4d59675b,afff7b43,Update pooling.py (#13467),2
13373,Update local.py,4d59675b,f242c642,Update autogen.py (#13426),2
13373,Update local.py,4d59675b,985521ee,Update local.py docstrings (#13373),3
13373,Update local.py,afff7b43,4d59675b,Update core.py (#13472),2
13373,Update local.py,afff7b43,afff7b43,Update pooling.py (#13467),2
13373,Update local.py,afff7b43,f242c642,Update autogen.py (#13426),2
13373,Update local.py,afff7b43,985521ee,Update local.py docstrings (#13373),3
13373,Update local.py,e25f68dc,4d59675b,Update core.py (#13472),2
13373,Update local.py,e25f68dc,afff7b43,Update pooling.py (#13467),2
13373,Update local.py,e25f68dc,f242c642,Update autogen.py (#13426),2
13373,Update local.py,e25f68dc,985521ee,Update local.py docstrings (#13373),3
13373,Update local.py,f242c642,4d59675b,Update core.py (#13472),2
13373,Update local.py,f242c642,afff7b43,Update pooling.py (#13467),2
13373,Update local.py,f242c642,f242c642,Update autogen.py (#13426),2
13373,Update local.py,f242c642,985521ee,Update local.py docstrings (#13373),3
13373,Update local.py,985521ee,4d59675b,Update core.py (#13472),2
13373,Update local.py,985521ee,afff7b43,Update pooling.py (#13467),2
13373,Update local.py,985521ee,f242c642,Update autogen.py (#13426),2
13373,Update local.py,985521ee,985521ee,Update local.py docstrings (#13373),3
13373,Update local.py,66455371,4d59675b,Update core.py (#13472),2
13373,Update local.py,66455371,afff7b43,Update pooling.py (#13467),2
13373,Update local.py,66455371,f242c642,Update autogen.py (#13426),2
13373,Update local.py,66455371,985521ee,Update local.py docstrings (#13373),3
13373,Update local.py,3bda5520,4d59675b,Update core.py (#13472),2
13373,Update local.py,3bda5520,afff7b43,Update pooling.py (#13467),2
13373,Update local.py,3bda5520,f242c642,Update autogen.py (#13426),2
13373,Update local.py,3bda5520,985521ee,Update local.py docstrings (#13373),3
13373,Update local.py,b78e3ff9,4d59675b,Update core.py (#13472),2
13373,Update local.py,b78e3ff9,afff7b43,Update pooling.py (#13467),2
13373,Update local.py,b78e3ff9,f242c642,Update autogen.py (#13426),2
13373,Update local.py,b78e3ff9,985521ee,Update local.py docstrings (#13373),3
13373,Update local.py,2b963e5a,4d59675b,Update core.py (#13472),2
13373,Update local.py,2b963e5a,afff7b43,Update pooling.py (#13467),2
13373,Update local.py,2b963e5a,f242c642,Update autogen.py (#13426),2
13373,Update local.py,2b963e5a,985521ee,Update local.py docstrings (#13373),3
13373,Update local.py,105f6e29,4d59675b,Update core.py (#13472),2
13373,Update local.py,105f6e29,afff7b43,Update pooling.py (#13467),2
13373,Update local.py,105f6e29,f242c642,Update autogen.py (#13426),2
13373,Update local.py,105f6e29,985521ee,Update local.py docstrings (#13373),3
13373,Update local.py,c8e3b601,4d59675b,Update core.py (#13472),2
13373,Update local.py,c8e3b601,afff7b43,Update pooling.py (#13467),2
13373,Update local.py,c8e3b601,f242c642,Update autogen.py (#13426),2
13373,Update local.py,c8e3b601,985521ee,Update local.py docstrings (#13373),3
13373,Update local.py,6aace305,4d59675b,Update core.py (#13472),2
13373,Update local.py,6aace305,afff7b43,Update pooling.py (#13467),2
13373,Update local.py,6aace305,f242c642,Update autogen.py (#13426),2
13373,Update local.py,6aace305,985521ee,Update local.py docstrings (#13373),3
13373,Update local.py,0511438e,4d59675b,Update core.py (#13472),2
13373,Update local.py,0511438e,afff7b43,Update pooling.py (#13467),2
13373,Update local.py,0511438e,f242c642,Update autogen.py (#13426),2
13373,Update local.py,0511438e,985521ee,Update local.py docstrings (#13373),3
13373,Update local.py,2fbac5a7,4d59675b,Update core.py (#13472),2
13373,Update local.py,2fbac5a7,afff7b43,Update pooling.py (#13467),2
13373,Update local.py,2fbac5a7,f242c642,Update autogen.py (#13426),2
13373,Update local.py,2fbac5a7,985521ee,Update local.py docstrings (#13373),3
13373,Update local.py,311f4542,4d59675b,Update core.py (#13472),2
13373,Update local.py,311f4542,afff7b43,Update pooling.py (#13467),2
13373,Update local.py,311f4542,f242c642,Update autogen.py (#13426),2
13373,Update local.py,311f4542,985521ee,Update local.py docstrings (#13373),3
13373,Update local.py,5e682520,4d59675b,Update core.py (#13472),2
13373,Update local.py,5e682520,afff7b43,Update pooling.py (#13467),2
13373,Update local.py,5e682520,f242c642,Update autogen.py (#13426),2
13373,Update local.py,5e682520,985521ee,Update local.py docstrings (#13373),3
13373,Update local.py,9065eff2,4d59675b,Update core.py (#13472),2
13373,Update local.py,9065eff2,afff7b43,Update pooling.py (#13467),2
13373,Update local.py,9065eff2,f242c642,Update autogen.py (#13426),2
13373,Update local.py,9065eff2,985521ee,Update local.py docstrings (#13373),3
13373,Update local.py,8ac788a5,4d59675b,Update core.py (#13472),2
13373,Update local.py,8ac788a5,afff7b43,Update pooling.py (#13467),2
13373,Update local.py,8ac788a5,f242c642,Update autogen.py (#13426),2
13373,Update local.py,8ac788a5,985521ee,Update local.py docstrings (#13373),3
13373,Update local.py,295e4f80,4d59675b,Update core.py (#13472),2
13373,Update local.py,295e4f80,afff7b43,Update pooling.py (#13467),2
13373,Update local.py,295e4f80,f242c642,Update autogen.py (#13426),2
13373,Update local.py,295e4f80,985521ee,Update local.py docstrings (#13373),3
13373,Update local.py,ed9e8d2f,4d59675b,Update core.py (#13472),2
13373,Update local.py,ed9e8d2f,afff7b43,Update pooling.py (#13467),2
13373,Update local.py,ed9e8d2f,f242c642,Update autogen.py (#13426),2
13373,Update local.py,ed9e8d2f,985521ee,Update local.py docstrings (#13373),3
13373,Update local.py,1a0792ae,4d59675b,Update core.py (#13472),2
13373,Update local.py,1a0792ae,afff7b43,Update pooling.py (#13467),2
13373,Update local.py,1a0792ae,f242c642,Update autogen.py (#13426),2
13373,Update local.py,1a0792ae,985521ee,Update local.py docstrings (#13373),3
13373,Update local.py,173a40dd,4d59675b,Update core.py (#13472),2
13373,Update local.py,173a40dd,afff7b43,Update pooling.py (#13467),2
13373,Update local.py,173a40dd,f242c642,Update autogen.py (#13426),2
13373,Update local.py,173a40dd,985521ee,Update local.py docstrings (#13373),3
13373,Update local.py,14f35ab0,4d59675b,Update core.py (#13472),2
13373,Update local.py,14f35ab0,afff7b43,Update pooling.py (#13467),2
13373,Update local.py,14f35ab0,f242c642,Update autogen.py (#13426),2
13373,Update local.py,14f35ab0,985521ee,Update local.py docstrings (#13373),3
13373,Update local.py,c57d1a32,4d59675b,Update core.py (#13472),2
13373,Update local.py,c57d1a32,afff7b43,Update pooling.py (#13467),2
13373,Update local.py,c57d1a32,f242c642,Update autogen.py (#13426),2
13373,Update local.py,c57d1a32,985521ee,Update local.py docstrings (#13373),3
13373,Update local.py,50b4f7fa,4d59675b,Update core.py (#13472),2
13373,Update local.py,50b4f7fa,afff7b43,Update pooling.py (#13467),2
13373,Update local.py,50b4f7fa,f242c642,Update autogen.py (#13426),2
13373,Update local.py,50b4f7fa,985521ee,Update local.py docstrings (#13373),3
13373,Update local.py,88b301f1,4d59675b,Update core.py (#13472),2
13373,Update local.py,88b301f1,afff7b43,Update pooling.py (#13467),2
13373,Update local.py,88b301f1,f242c642,Update autogen.py (#13426),2
13373,Update local.py,88b301f1,985521ee,Update local.py docstrings (#13373),3
13373,Update local.py,045d442f,4d59675b,Update core.py (#13472),2
13373,Update local.py,045d442f,afff7b43,Update pooling.py (#13467),2
13373,Update local.py,045d442f,f242c642,Update autogen.py (#13426),2
13373,Update local.py,045d442f,985521ee,Update local.py docstrings (#13373),3
13373,Update local.py,f2786d9d,4d59675b,Update core.py (#13472),2
13373,Update local.py,f2786d9d,afff7b43,Update pooling.py (#13467),2
13373,Update local.py,f2786d9d,f242c642,Update autogen.py (#13426),2
13373,Update local.py,f2786d9d,985521ee,Update local.py docstrings (#13373),3
13373,Update local.py,65e4c8e7,4d59675b,Update core.py (#13472),2
13373,Update local.py,65e4c8e7,afff7b43,Update pooling.py (#13467),2
13373,Update local.py,65e4c8e7,f242c642,Update autogen.py (#13426),2
13373,Update local.py,65e4c8e7,985521ee,Update local.py docstrings (#13373),3
13373,Update local.py,a7156b8c,4d59675b,Update core.py (#13472),2
13373,Update local.py,a7156b8c,afff7b43,Update pooling.py (#13467),2
13373,Update local.py,a7156b8c,f242c642,Update autogen.py (#13426),2
13373,Update local.py,a7156b8c,985521ee,Update local.py docstrings (#13373),3
13373,Update local.py,55159cf4,4d59675b,Update core.py (#13472),2
13373,Update local.py,55159cf4,afff7b43,Update pooling.py (#13467),2
13373,Update local.py,55159cf4,f242c642,Update autogen.py (#13426),2
13373,Update local.py,55159cf4,985521ee,Update local.py docstrings (#13373),3
13373,Update local.py,50a0d1ca,4d59675b,Update core.py (#13472),2
13373,Update local.py,50a0d1ca,afff7b43,Update pooling.py (#13467),2
13373,Update local.py,50a0d1ca,f242c642,Update autogen.py (#13426),2
13373,Update local.py,50a0d1ca,985521ee,Update local.py docstrings (#13373),3
13373,Update local.py,404a30df,4d59675b,Update core.py (#13472),2
13373,Update local.py,404a30df,afff7b43,Update pooling.py (#13467),2
13373,Update local.py,404a30df,f242c642,Update autogen.py (#13426),2
13373,Update local.py,404a30df,985521ee,Update local.py docstrings (#13373),3
13373,Update local.py,f4af11c7,4d59675b,Update core.py (#13472),2
13373,Update local.py,f4af11c7,afff7b43,Update pooling.py (#13467),2
13373,Update local.py,f4af11c7,f242c642,Update autogen.py (#13426),2
13373,Update local.py,f4af11c7,985521ee,Update local.py docstrings (#13373),3
13373,Update local.py,80ddb5b3,4d59675b,Update core.py (#13472),2
13373,Update local.py,80ddb5b3,afff7b43,Update pooling.py (#13467),2
13373,Update local.py,80ddb5b3,f242c642,Update autogen.py (#13426),2
13373,Update local.py,80ddb5b3,985521ee,Update local.py docstrings (#13373),3
13373,Update local.py,3ffba424,4d59675b,Update core.py (#13472),2
13373,Update local.py,3ffba424,afff7b43,Update pooling.py (#13467),2
13373,Update local.py,3ffba424,f242c642,Update autogen.py (#13426),2
13373,Update local.py,3ffba424,985521ee,Update local.py docstrings (#13373),3
13373,Update local.py,73f1ef2e,4d59675b,Update core.py (#13472),2
13373,Update local.py,73f1ef2e,afff7b43,Update pooling.py (#13467),2
13373,Update local.py,73f1ef2e,f242c642,Update autogen.py (#13426),2
13373,Update local.py,73f1ef2e,985521ee,Update local.py docstrings (#13373),3
13373,Update local.py,bf2f64bf,4d59675b,Update core.py (#13472),2
13373,Update local.py,bf2f64bf,afff7b43,Update pooling.py (#13467),2
13373,Update local.py,bf2f64bf,f242c642,Update autogen.py (#13426),2
13373,Update local.py,bf2f64bf,985521ee,Update local.py docstrings (#13373),3
13373,Update local.py,d02ea034,4d59675b,Update core.py (#13472),2
13373,Update local.py,d02ea034,afff7b43,Update pooling.py (#13467),2
13373,Update local.py,d02ea034,f242c642,Update autogen.py (#13426),2
13373,Update local.py,d02ea034,985521ee,Update local.py docstrings (#13373),3
13373,Update local.py,64396172,4d59675b,Update core.py (#13472),2
13373,Update local.py,64396172,afff7b43,Update pooling.py (#13467),2
13373,Update local.py,64396172,f242c642,Update autogen.py (#13426),2
13373,Update local.py,64396172,985521ee,Update local.py docstrings (#13373),3
13373,Update local.py,3c8618bb,4d59675b,Update core.py (#13472),2
13373,Update local.py,3c8618bb,afff7b43,Update pooling.py (#13467),2
13373,Update local.py,3c8618bb,f242c642,Update autogen.py (#13426),2
13373,Update local.py,3c8618bb,985521ee,Update local.py docstrings (#13373),3
13373,Update local.py,794c083f,4d59675b,Update core.py (#13472),2
13373,Update local.py,794c083f,afff7b43,Update pooling.py (#13467),2
13373,Update local.py,794c083f,f242c642,Update autogen.py (#13426),2
13373,Update local.py,794c083f,985521ee,Update local.py docstrings (#13373),3
13373,Update local.py,775e91c5,4d59675b,Update core.py (#13472),2
13373,Update local.py,775e91c5,afff7b43,Update pooling.py (#13467),2
13373,Update local.py,775e91c5,f242c642,Update autogen.py (#13426),2
13373,Update local.py,775e91c5,985521ee,Update local.py docstrings (#13373),3
13373,Update local.py,3e19b025,4d59675b,Update core.py (#13472),2
13373,Update local.py,3e19b025,afff7b43,Update pooling.py (#13467),2
13373,Update local.py,3e19b025,f242c642,Update autogen.py (#13426),2
13373,Update local.py,3e19b025,985521ee,Update local.py docstrings (#13373),3
13373,Update local.py,f20383b7,4d59675b,Update core.py (#13472),2
13373,Update local.py,f20383b7,afff7b43,Update pooling.py (#13467),2
13373,Update local.py,f20383b7,f242c642,Update autogen.py (#13426),2
13373,Update local.py,f20383b7,985521ee,Update local.py docstrings (#13373),3
13373,Update local.py,5c83c699,4d59675b,Update core.py (#13472),2
13373,Update local.py,5c83c699,afff7b43,Update pooling.py (#13467),2
13373,Update local.py,5c83c699,f242c642,Update autogen.py (#13426),2
13373,Update local.py,5c83c699,985521ee,Update local.py docstrings (#13373),3
13373,Update local.py,f5d56fa2,4d59675b,Update core.py (#13472),2
13373,Update local.py,f5d56fa2,afff7b43,Update pooling.py (#13467),2
13373,Update local.py,f5d56fa2,f242c642,Update autogen.py (#13426),2
13373,Update local.py,f5d56fa2,985521ee,Update local.py docstrings (#13373),3
13373,Update local.py,7fb4f4b0,4d59675b,Update core.py (#13472),2
13373,Update local.py,7fb4f4b0,afff7b43,Update pooling.py (#13467),2
13373,Update local.py,7fb4f4b0,f242c642,Update autogen.py (#13426),2
13373,Update local.py,7fb4f4b0,985521ee,Update local.py docstrings (#13373),3
13373,Update local.py,9620a497,4d59675b,Update core.py (#13472),2
13373,Update local.py,9620a497,afff7b43,Update pooling.py (#13467),2
13373,Update local.py,9620a497,f242c642,Update autogen.py (#13426),2
13373,Update local.py,9620a497,985521ee,Update local.py docstrings (#13373),3
13373,Update local.py,91965e8f,4d59675b,Update core.py (#13472),2
13373,Update local.py,91965e8f,afff7b43,Update pooling.py (#13467),2
13373,Update local.py,91965e8f,f242c642,Update autogen.py (#13426),2
13373,Update local.py,91965e8f,985521ee,Update local.py docstrings (#13373),3
13373,Update local.py,92f2717c,4d59675b,Update core.py (#13472),2
13373,Update local.py,92f2717c,afff7b43,Update pooling.py (#13467),2
13373,Update local.py,92f2717c,f242c642,Update autogen.py (#13426),2
13373,Update local.py,92f2717c,985521ee,Update local.py docstrings (#13373),3
13373,Update local.py,07723ccf,4d59675b,Update core.py (#13472),2
13373,Update local.py,07723ccf,afff7b43,Update pooling.py (#13467),2
13373,Update local.py,07723ccf,f242c642,Update autogen.py (#13426),2
13373,Update local.py,07723ccf,985521ee,Update local.py docstrings (#13373),3
13373,Update local.py,652d61be,4d59675b,Update core.py (#13472),2
13373,Update local.py,652d61be,afff7b43,Update pooling.py (#13467),2
13373,Update local.py,652d61be,f242c642,Update autogen.py (#13426),2
13373,Update local.py,652d61be,985521ee,Update local.py docstrings (#13373),3
13373,Update local.py,9c3060d8,4d59675b,Update core.py (#13472),2
13373,Update local.py,9c3060d8,afff7b43,Update pooling.py (#13467),2
13373,Update local.py,9c3060d8,f242c642,Update autogen.py (#13426),2
13373,Update local.py,9c3060d8,985521ee,Update local.py docstrings (#13373),3
13373,Update local.py,d2a15040,4d59675b,Update core.py (#13472),2
13373,Update local.py,d2a15040,afff7b43,Update pooling.py (#13467),2
13373,Update local.py,d2a15040,f242c642,Update autogen.py (#13426),2
13373,Update local.py,d2a15040,985521ee,Update local.py docstrings (#13373),3
13373,Update local.py,9c1afbb6,4d59675b,Update core.py (#13472),2
13373,Update local.py,9c1afbb6,afff7b43,Update pooling.py (#13467),2
13373,Update local.py,9c1afbb6,f242c642,Update autogen.py (#13426),2
13373,Update local.py,9c1afbb6,985521ee,Update local.py docstrings (#13373),3
13373,Update local.py,cbb9d001,4d59675b,Update core.py (#13472),2
13373,Update local.py,cbb9d001,afff7b43,Update pooling.py (#13467),2
13373,Update local.py,cbb9d001,f242c642,Update autogen.py (#13426),2
13373,Update local.py,cbb9d001,985521ee,Update local.py docstrings (#13373),3
13373,Update local.py,78c61c65,4d59675b,Update core.py (#13472),2
13373,Update local.py,78c61c65,afff7b43,Update pooling.py (#13467),2
13373,Update local.py,78c61c65,f242c642,Update autogen.py (#13426),2
13373,Update local.py,78c61c65,985521ee,Update local.py docstrings (#13373),3
13373,Update local.py,5c1e5d5e,4d59675b,Update core.py (#13472),2
13373,Update local.py,5c1e5d5e,afff7b43,Update pooling.py (#13467),2
13373,Update local.py,5c1e5d5e,f242c642,Update autogen.py (#13426),2
13373,Update local.py,5c1e5d5e,985521ee,Update local.py docstrings (#13373),3
13373,Update local.py,819f569c,4d59675b,Update core.py (#13472),2
13373,Update local.py,819f569c,afff7b43,Update pooling.py (#13467),2
13373,Update local.py,819f569c,f242c642,Update autogen.py (#13426),2
13373,Update local.py,819f569c,985521ee,Update local.py docstrings (#13373),3
13373,Update local.py,d444b919,4d59675b,Update core.py (#13472),2
13373,Update local.py,d444b919,afff7b43,Update pooling.py (#13467),2
13373,Update local.py,d444b919,f242c642,Update autogen.py (#13426),2
13373,Update local.py,d444b919,985521ee,Update local.py docstrings (#13373),3
13373,Update local.py,747d4a30,4d59675b,Update core.py (#13472),2
13373,Update local.py,747d4a30,afff7b43,Update pooling.py (#13467),2
13373,Update local.py,747d4a30,f242c642,Update autogen.py (#13426),2
13373,Update local.py,747d4a30,985521ee,Update local.py docstrings (#13373),3
13373,Update local.py,ab19cf7b,4d59675b,Update core.py (#13472),2
13373,Update local.py,ab19cf7b,afff7b43,Update pooling.py (#13467),2
13373,Update local.py,ab19cf7b,f242c642,Update autogen.py (#13426),2
13373,Update local.py,ab19cf7b,985521ee,Update local.py docstrings (#13373),3
13373,Update local.py,6b8970ab,4d59675b,Update core.py (#13472),2
13373,Update local.py,6b8970ab,afff7b43,Update pooling.py (#13467),2
13373,Update local.py,6b8970ab,f242c642,Update autogen.py (#13426),2
13373,Update local.py,6b8970ab,985521ee,Update local.py docstrings (#13373),3
13373,Update local.py,bde97055,4d59675b,Update core.py (#13472),2
13373,Update local.py,bde97055,afff7b43,Update pooling.py (#13467),2
13373,Update local.py,bde97055,f242c642,Update autogen.py (#13426),2
13373,Update local.py,bde97055,985521ee,Update local.py docstrings (#13373),3
13373,Update local.py,2f8b351c,4d59675b,Update core.py (#13472),2
13373,Update local.py,2f8b351c,afff7b43,Update pooling.py (#13467),2
13373,Update local.py,2f8b351c,f242c642,Update autogen.py (#13426),2
13373,Update local.py,2f8b351c,985521ee,Update local.py docstrings (#13373),3
13373,Update local.py,8ee2ffd7,4d59675b,Update core.py (#13472),2
13373,Update local.py,8ee2ffd7,afff7b43,Update pooling.py (#13467),2
13373,Update local.py,8ee2ffd7,f242c642,Update autogen.py (#13426),2
13373,Update local.py,8ee2ffd7,985521ee,Update local.py docstrings (#13373),3
13373,Update local.py,fb24dc19,4d59675b,Update core.py (#13472),2
13373,Update local.py,fb24dc19,afff7b43,Update pooling.py (#13467),2
13373,Update local.py,fb24dc19,f242c642,Update autogen.py (#13426),2
13373,Update local.py,fb24dc19,985521ee,Update local.py docstrings (#13373),3
13373,Update local.py,0354e645,4d59675b,Update core.py (#13472),2
13373,Update local.py,0354e645,afff7b43,Update pooling.py (#13467),2
13373,Update local.py,0354e645,f242c642,Update autogen.py (#13426),2
13373,Update local.py,0354e645,985521ee,Update local.py docstrings (#13373),3
13373,Update local.py,fbe2ea65,4d59675b,Update core.py (#13472),2
13373,Update local.py,fbe2ea65,afff7b43,Update pooling.py (#13467),2
13373,Update local.py,fbe2ea65,f242c642,Update autogen.py (#13426),2
13373,Update local.py,fbe2ea65,985521ee,Update local.py docstrings (#13373),3
13373,Update local.py,21dcabb6,4d59675b,Update core.py (#13472),2
13373,Update local.py,21dcabb6,afff7b43,Update pooling.py (#13467),2
13373,Update local.py,21dcabb6,f242c642,Update autogen.py (#13426),2
13373,Update local.py,21dcabb6,985521ee,Update local.py docstrings (#13373),3
13373,Update local.py,42a65d4b,4d59675b,Update core.py (#13472),2
13373,Update local.py,42a65d4b,afff7b43,Update pooling.py (#13467),2
13373,Update local.py,42a65d4b,f242c642,Update autogen.py (#13426),2
13373,Update local.py,42a65d4b,985521ee,Update local.py docstrings (#13373),3
13373,Update local.py,cb836091,4d59675b,Update core.py (#13472),2
13373,Update local.py,cb836091,afff7b43,Update pooling.py (#13467),2
13373,Update local.py,cb836091,f242c642,Update autogen.py (#13426),2
13373,Update local.py,cb836091,985521ee,Update local.py docstrings (#13373),3
13373,Update local.py,6a052477,4d59675b,Update core.py (#13472),2
13373,Update local.py,6a052477,afff7b43,Update pooling.py (#13467),2
13373,Update local.py,6a052477,f242c642,Update autogen.py (#13426),2
13373,Update local.py,6a052477,985521ee,Update local.py docstrings (#13373),3
13373,Update local.py,c015acb4,4d59675b,Update core.py (#13472),2
13373,Update local.py,c015acb4,afff7b43,Update pooling.py (#13467),2
13373,Update local.py,c015acb4,f242c642,Update autogen.py (#13426),2
13373,Update local.py,c015acb4,985521ee,Update local.py docstrings (#13373),3
13373,Update local.py,feac8dba,4d59675b,Update core.py (#13472),2
13373,Update local.py,feac8dba,afff7b43,Update pooling.py (#13467),2
13373,Update local.py,feac8dba,f242c642,Update autogen.py (#13426),2
13373,Update local.py,feac8dba,985521ee,Update local.py docstrings (#13373),3
13373,Update local.py,c140939c,4d59675b,Update core.py (#13472),2
13373,Update local.py,c140939c,afff7b43,Update pooling.py (#13467),2
13373,Update local.py,c140939c,f242c642,Update autogen.py (#13426),2
13373,Update local.py,c140939c,985521ee,Update local.py docstrings (#13373),3
13373,Update local.py,c90d2dfc,4d59675b,Update core.py (#13472),2
13373,Update local.py,c90d2dfc,afff7b43,Update pooling.py (#13467),2
13373,Update local.py,c90d2dfc,f242c642,Update autogen.py (#13426),2
13373,Update local.py,c90d2dfc,985521ee,Update local.py docstrings (#13373),3
13373,Update local.py,29e788dc,4d59675b,Update core.py (#13472),2
13373,Update local.py,29e788dc,afff7b43,Update pooling.py (#13467),2
13373,Update local.py,29e788dc,f242c642,Update autogen.py (#13426),2
13373,Update local.py,29e788dc,985521ee,Update local.py docstrings (#13373),3
13373,Update local.py,07f8cef2,4d59675b,Update core.py (#13472),2
13373,Update local.py,07f8cef2,afff7b43,Update pooling.py (#13467),2
13373,Update local.py,07f8cef2,f242c642,Update autogen.py (#13426),2
13373,Update local.py,07f8cef2,985521ee,Update local.py docstrings (#13373),3
13373,Update local.py,a069161d,4d59675b,Update core.py (#13472),2
13373,Update local.py,a069161d,afff7b43,Update pooling.py (#13467),2
13373,Update local.py,a069161d,f242c642,Update autogen.py (#13426),2
13373,Update local.py,a069161d,985521ee,Update local.py docstrings (#13373),3
13373,Update local.py,0fab8ac3,4d59675b,Update core.py (#13472),2
13373,Update local.py,0fab8ac3,afff7b43,Update pooling.py (#13467),2
13373,Update local.py,0fab8ac3,f242c642,Update autogen.py (#13426),2
13373,Update local.py,0fab8ac3,985521ee,Update local.py docstrings (#13373),3
13373,Update local.py,15b84d37,4d59675b,Update core.py (#13472),2
13373,Update local.py,15b84d37,afff7b43,Update pooling.py (#13467),2
13373,Update local.py,15b84d37,f242c642,Update autogen.py (#13426),2
13373,Update local.py,15b84d37,985521ee,Update local.py docstrings (#13373),3
13373,Update local.py,97b27bfd,4d59675b,Update core.py (#13472),2
13373,Update local.py,97b27bfd,afff7b43,Update pooling.py (#13467),2
13373,Update local.py,97b27bfd,f242c642,Update autogen.py (#13426),2
13373,Update local.py,97b27bfd,985521ee,Update local.py docstrings (#13373),3
13373,Update local.py,a0c5f574,4d59675b,Update core.py (#13472),2
13373,Update local.py,a0c5f574,afff7b43,Update pooling.py (#13467),2
13373,Update local.py,a0c5f574,f242c642,Update autogen.py (#13426),2
13373,Update local.py,a0c5f574,985521ee,Update local.py docstrings (#13373),3
13373,Update local.py,688b898d,4d59675b,Update core.py (#13472),2
13373,Update local.py,688b898d,afff7b43,Update pooling.py (#13467),2
13373,Update local.py,688b898d,f242c642,Update autogen.py (#13426),2
13373,Update local.py,688b898d,985521ee,Update local.py docstrings (#13373),3
13373,Update local.py,7def993f,4d59675b,Update core.py (#13472),2
13373,Update local.py,7def993f,afff7b43,Update pooling.py (#13467),2
13373,Update local.py,7def993f,f242c642,Update autogen.py (#13426),2
13373,Update local.py,7def993f,985521ee,Update local.py docstrings (#13373),3
13373,Update local.py,c33a551f,4d59675b,Update core.py (#13472),2
13373,Update local.py,c33a551f,afff7b43,Update pooling.py (#13467),2
13373,Update local.py,c33a551f,f242c642,Update autogen.py (#13426),2
13373,Update local.py,c33a551f,985521ee,Update local.py docstrings (#13373),3
13373,Update local.py,c6cf4425,4d59675b,Update core.py (#13472),2
13373,Update local.py,c6cf4425,afff7b43,Update pooling.py (#13467),2
13373,Update local.py,c6cf4425,f242c642,Update autogen.py (#13426),2
13373,Update local.py,c6cf4425,985521ee,Update local.py docstrings (#13373),3
13373,Update local.py,0d233b25,4d59675b,Update core.py (#13472),2
13373,Update local.py,0d233b25,afff7b43,Update pooling.py (#13467),2
13373,Update local.py,0d233b25,f242c642,Update autogen.py (#13426),2
13373,Update local.py,0d233b25,985521ee,Update local.py docstrings (#13373),3
13373,Update local.py,e704e157,4d59675b,Update core.py (#13472),2
13373,Update local.py,e704e157,afff7b43,Update pooling.py (#13467),2
13373,Update local.py,e704e157,f242c642,Update autogen.py (#13426),2
13373,Update local.py,e704e157,985521ee,Update local.py docstrings (#13373),3
13373,Update local.py,11e4c4b9,4d59675b,Update core.py (#13472),2
13373,Update local.py,11e4c4b9,afff7b43,Update pooling.py (#13467),2
13373,Update local.py,11e4c4b9,f242c642,Update autogen.py (#13426),2
13373,Update local.py,11e4c4b9,985521ee,Update local.py docstrings (#13373),3
13373,Update local.py,d5cd2687,4d59675b,Update core.py (#13472),2
13373,Update local.py,d5cd2687,afff7b43,Update pooling.py (#13467),2
13373,Update local.py,d5cd2687,f242c642,Update autogen.py (#13426),2
13373,Update local.py,d5cd2687,985521ee,Update local.py docstrings (#13373),3
13373,Update local.py,eee20b46,4d59675b,Update core.py (#13472),2
13373,Update local.py,eee20b46,afff7b43,Update pooling.py (#13467),2
13373,Update local.py,eee20b46,f242c642,Update autogen.py (#13426),2
13373,Update local.py,eee20b46,985521ee,Update local.py docstrings (#13373),3
13373,Update local.py,9827db2c,4d59675b,Update core.py (#13472),2
13373,Update local.py,9827db2c,afff7b43,Update pooling.py (#13467),2
13373,Update local.py,9827db2c,f242c642,Update autogen.py (#13426),2
13373,Update local.py,9827db2c,985521ee,Update local.py docstrings (#13373),3
13373,Update local.py,98d49754,4d59675b,Update core.py (#13472),2
13373,Update local.py,98d49754,afff7b43,Update pooling.py (#13467),2
13373,Update local.py,98d49754,f242c642,Update autogen.py (#13426),2
13373,Update local.py,98d49754,985521ee,Update local.py docstrings (#13373),3
13373,Update local.py,8213e515,4d59675b,Update core.py (#13472),2
13373,Update local.py,8213e515,afff7b43,Update pooling.py (#13467),2
13373,Update local.py,8213e515,f242c642,Update autogen.py (#13426),2
13373,Update local.py,8213e515,985521ee,Update local.py docstrings (#13373),3
13373,Update local.py,0cae63ac,4d59675b,Update core.py (#13472),2
13373,Update local.py,0cae63ac,afff7b43,Update pooling.py (#13467),2
13373,Update local.py,0cae63ac,f242c642,Update autogen.py (#13426),2
13373,Update local.py,0cae63ac,985521ee,Update local.py docstrings (#13373),3
13373,Update local.py,b0b3ff13,4d59675b,Update core.py (#13472),2
13373,Update local.py,b0b3ff13,afff7b43,Update pooling.py (#13467),2
13373,Update local.py,b0b3ff13,f242c642,Update autogen.py (#13426),2
13373,Update local.py,b0b3ff13,985521ee,Update local.py docstrings (#13373),3
13373,Update local.py,ce209553,4d59675b,Update core.py (#13472),2
13373,Update local.py,ce209553,afff7b43,Update pooling.py (#13467),2
13373,Update local.py,ce209553,f242c642,Update autogen.py (#13426),2
13373,Update local.py,ce209553,985521ee,Update local.py docstrings (#13373),3
13355,Fix encoding error,9ad5a18f,9ad5a18f,Fix encoding error (#13355),3
13355,Fix encoding error,9ad5a18f,91765e70,Fix doc (#12459),2
13355,Fix encoding error,9ad5a18f,3fa96cf3,Fix #11841 (#12035),2
13355,Fix encoding error,9ad5a18f,d7b04e6f,Fix doc (#11352),2
13355,Fix encoding error,9ad5a18f,4ba64180,Fix doc (#10812),2
13355,Fix encoding error,9ad5a18f,749413a5,Fix #10737 (#10745),2
13355,Fix encoding error,9ad5a18f,3dcd9c76,Remove duplicate calls to InputSpec (#10654),2
13355,Fix encoding error,9ad5a18f,b3cb261b,Remove duplicate normalize_data_format (#10645),2
13355,Fix encoding error,9ad5a18f,468f080c,Replace relu6 with ReLU layers (#10597),2
13355,Fix encoding error,9ad5a18f,37b16451,Add relu6 (#10521),2
13355,Fix encoding error,9ad5a18f,29a22a8d,Add missing named arguments in ImageDataGenerator in examples (#10389),2
13355,Fix encoding error,9ad5a18f,7365a99f,Fix doc (#10327),2
13355,Fix encoding error,9ad5a18f,fe066966,Add pooling options in MobileNetV2 (#10313),2
13355,Fix encoding error,9ad5a18f,0de2adf0,Fix doc  (#10308),2
13355,Fix encoding error,9ad5a18f,3e9048bc,Replace np.ceil() with a faster operation (#10184),2
13355,Fix encoding error,9ad5a18f,32921f41,Add missing doc (#10188),2
13355,Fix encoding error,9ad5a18f,a80ecd78,Add exceptions for `fit_loop` (#10145),2
13355,Fix encoding error,9ad5a18f,bfc6a25a,Remove batch_size when doing stepwise fit (#10144),2
13355,Fix encoding error,2ccb69df,9ad5a18f,Fix encoding error (#13355),3
13355,Fix encoding error,2ccb69df,91765e70,Fix doc (#12459),2
13355,Fix encoding error,2ccb69df,3fa96cf3,Fix #11841 (#12035),2
13355,Fix encoding error,2ccb69df,d7b04e6f,Fix doc (#11352),2
13355,Fix encoding error,2ccb69df,4ba64180,Fix doc (#10812),2
13355,Fix encoding error,2ccb69df,749413a5,Fix #10737 (#10745),2
13355,Fix encoding error,2ccb69df,3dcd9c76,Remove duplicate calls to InputSpec (#10654),2
13355,Fix encoding error,2ccb69df,b3cb261b,Remove duplicate normalize_data_format (#10645),2
13355,Fix encoding error,2ccb69df,468f080c,Replace relu6 with ReLU layers (#10597),2
13355,Fix encoding error,2ccb69df,37b16451,Add relu6 (#10521),2
13355,Fix encoding error,2ccb69df,29a22a8d,Add missing named arguments in ImageDataGenerator in examples (#10389),2
13355,Fix encoding error,2ccb69df,7365a99f,Fix doc (#10327),2
13355,Fix encoding error,2ccb69df,fe066966,Add pooling options in MobileNetV2 (#10313),2
13355,Fix encoding error,2ccb69df,0de2adf0,Fix doc  (#10308),2
13355,Fix encoding error,2ccb69df,3e9048bc,Replace np.ceil() with a faster operation (#10184),2
13355,Fix encoding error,2ccb69df,32921f41,Add missing doc (#10188),2
13355,Fix encoding error,2ccb69df,a80ecd78,Add exceptions for `fit_loop` (#10145),2
13355,Fix encoding error,2ccb69df,bfc6a25a,Remove batch_size when doing stepwise fit (#10144),2
13355,Fix encoding error,0a7be873,9ad5a18f,Fix encoding error (#13355),3
13355,Fix encoding error,0a7be873,91765e70,Fix doc (#12459),2
13355,Fix encoding error,0a7be873,3fa96cf3,Fix #11841 (#12035),2
13355,Fix encoding error,0a7be873,d7b04e6f,Fix doc (#11352),2
13355,Fix encoding error,0a7be873,4ba64180,Fix doc (#10812),2
13355,Fix encoding error,0a7be873,749413a5,Fix #10737 (#10745),2
13355,Fix encoding error,0a7be873,3dcd9c76,Remove duplicate calls to InputSpec (#10654),2
13355,Fix encoding error,0a7be873,b3cb261b,Remove duplicate normalize_data_format (#10645),2
13355,Fix encoding error,0a7be873,468f080c,Replace relu6 with ReLU layers (#10597),2
13355,Fix encoding error,0a7be873,37b16451,Add relu6 (#10521),2
13355,Fix encoding error,0a7be873,29a22a8d,Add missing named arguments in ImageDataGenerator in examples (#10389),2
13355,Fix encoding error,0a7be873,7365a99f,Fix doc (#10327),2
13355,Fix encoding error,0a7be873,fe066966,Add pooling options in MobileNetV2 (#10313),2
13355,Fix encoding error,0a7be873,0de2adf0,Fix doc  (#10308),2
13355,Fix encoding error,0a7be873,3e9048bc,Replace np.ceil() with a faster operation (#10184),2
13355,Fix encoding error,0a7be873,32921f41,Add missing doc (#10188),2
13355,Fix encoding error,0a7be873,a80ecd78,Add exceptions for `fit_loop` (#10145),2
13355,Fix encoding error,0a7be873,bfc6a25a,Remove batch_size when doing stepwise fit (#10144),2
13355,Fix encoding error,5fcd832b,9ad5a18f,Fix encoding error (#13355),3
13355,Fix encoding error,5fcd832b,91765e70,Fix doc (#12459),2
13355,Fix encoding error,5fcd832b,3fa96cf3,Fix #11841 (#12035),2
13355,Fix encoding error,5fcd832b,d7b04e6f,Fix doc (#11352),2
13355,Fix encoding error,5fcd832b,4ba64180,Fix doc (#10812),2
13355,Fix encoding error,5fcd832b,749413a5,Fix #10737 (#10745),2
13355,Fix encoding error,5fcd832b,3dcd9c76,Remove duplicate calls to InputSpec (#10654),2
13355,Fix encoding error,5fcd832b,b3cb261b,Remove duplicate normalize_data_format (#10645),2
13355,Fix encoding error,5fcd832b,468f080c,Replace relu6 with ReLU layers (#10597),2
13355,Fix encoding error,5fcd832b,37b16451,Add relu6 (#10521),2
13355,Fix encoding error,5fcd832b,29a22a8d,Add missing named arguments in ImageDataGenerator in examples (#10389),2
13355,Fix encoding error,5fcd832b,7365a99f,Fix doc (#10327),2
13355,Fix encoding error,5fcd832b,fe066966,Add pooling options in MobileNetV2 (#10313),2
13355,Fix encoding error,5fcd832b,0de2adf0,Fix doc  (#10308),2
13355,Fix encoding error,5fcd832b,3e9048bc,Replace np.ceil() with a faster operation (#10184),2
13355,Fix encoding error,5fcd832b,32921f41,Add missing doc (#10188),2
13355,Fix encoding error,5fcd832b,a80ecd78,Add exceptions for `fit_loop` (#10145),2
13355,Fix encoding error,5fcd832b,bfc6a25a,Remove batch_size when doing stepwise fit (#10144),2
13355,Fix encoding error,75519651,9ad5a18f,Fix encoding error (#13355),3
13355,Fix encoding error,75519651,91765e70,Fix doc (#12459),2
13355,Fix encoding error,75519651,3fa96cf3,Fix #11841 (#12035),2
13355,Fix encoding error,75519651,d7b04e6f,Fix doc (#11352),2
13355,Fix encoding error,75519651,4ba64180,Fix doc (#10812),2
13355,Fix encoding error,75519651,749413a5,Fix #10737 (#10745),2
13355,Fix encoding error,75519651,3dcd9c76,Remove duplicate calls to InputSpec (#10654),2
13355,Fix encoding error,75519651,b3cb261b,Remove duplicate normalize_data_format (#10645),2
13355,Fix encoding error,75519651,468f080c,Replace relu6 with ReLU layers (#10597),2
13355,Fix encoding error,75519651,37b16451,Add relu6 (#10521),2
13355,Fix encoding error,75519651,29a22a8d,Add missing named arguments in ImageDataGenerator in examples (#10389),2
13355,Fix encoding error,75519651,7365a99f,Fix doc (#10327),2
13355,Fix encoding error,75519651,fe066966,Add pooling options in MobileNetV2 (#10313),2
13355,Fix encoding error,75519651,0de2adf0,Fix doc  (#10308),2
13355,Fix encoding error,75519651,3e9048bc,Replace np.ceil() with a faster operation (#10184),2
13355,Fix encoding error,75519651,32921f41,Add missing doc (#10188),2
13355,Fix encoding error,75519651,a80ecd78,Add exceptions for `fit_loop` (#10145),2
13355,Fix encoding error,75519651,bfc6a25a,Remove batch_size when doing stepwise fit (#10144),2
13355,Fix encoding error,9683998b,9ad5a18f,Fix encoding error (#13355),3
13355,Fix encoding error,9683998b,91765e70,Fix doc (#12459),2
13355,Fix encoding error,9683998b,3fa96cf3,Fix #11841 (#12035),2
13355,Fix encoding error,9683998b,d7b04e6f,Fix doc (#11352),2
13355,Fix encoding error,9683998b,4ba64180,Fix doc (#10812),2
13355,Fix encoding error,9683998b,749413a5,Fix #10737 (#10745),2
13355,Fix encoding error,9683998b,3dcd9c76,Remove duplicate calls to InputSpec (#10654),2
13355,Fix encoding error,9683998b,b3cb261b,Remove duplicate normalize_data_format (#10645),2
13355,Fix encoding error,9683998b,468f080c,Replace relu6 with ReLU layers (#10597),2
13355,Fix encoding error,9683998b,37b16451,Add relu6 (#10521),2
13355,Fix encoding error,9683998b,29a22a8d,Add missing named arguments in ImageDataGenerator in examples (#10389),2
13355,Fix encoding error,9683998b,7365a99f,Fix doc (#10327),2
13355,Fix encoding error,9683998b,fe066966,Add pooling options in MobileNetV2 (#10313),2
13355,Fix encoding error,9683998b,0de2adf0,Fix doc  (#10308),2
13355,Fix encoding error,9683998b,3e9048bc,Replace np.ceil() with a faster operation (#10184),2
13355,Fix encoding error,9683998b,32921f41,Add missing doc (#10188),2
13355,Fix encoding error,9683998b,a80ecd78,Add exceptions for `fit_loop` (#10145),2
13355,Fix encoding error,9683998b,bfc6a25a,Remove batch_size when doing stepwise fit (#10144),2
13355,Fix encoding error,a08995a9,9ad5a18f,Fix encoding error (#13355),3
13355,Fix encoding error,a08995a9,91765e70,Fix doc (#12459),2
13355,Fix encoding error,a08995a9,3fa96cf3,Fix #11841 (#12035),2
13355,Fix encoding error,a08995a9,d7b04e6f,Fix doc (#11352),2
13355,Fix encoding error,a08995a9,4ba64180,Fix doc (#10812),2
13355,Fix encoding error,a08995a9,749413a5,Fix #10737 (#10745),2
13355,Fix encoding error,a08995a9,3dcd9c76,Remove duplicate calls to InputSpec (#10654),2
13355,Fix encoding error,a08995a9,b3cb261b,Remove duplicate normalize_data_format (#10645),2
13355,Fix encoding error,a08995a9,468f080c,Replace relu6 with ReLU layers (#10597),2
13355,Fix encoding error,a08995a9,37b16451,Add relu6 (#10521),2
13355,Fix encoding error,a08995a9,29a22a8d,Add missing named arguments in ImageDataGenerator in examples (#10389),2
13355,Fix encoding error,a08995a9,7365a99f,Fix doc (#10327),2
13355,Fix encoding error,a08995a9,fe066966,Add pooling options in MobileNetV2 (#10313),2
13355,Fix encoding error,a08995a9,0de2adf0,Fix doc  (#10308),2
13355,Fix encoding error,a08995a9,3e9048bc,Replace np.ceil() with a faster operation (#10184),2
13355,Fix encoding error,a08995a9,32921f41,Add missing doc (#10188),2
13355,Fix encoding error,a08995a9,a80ecd78,Add exceptions for `fit_loop` (#10145),2
13355,Fix encoding error,a08995a9,bfc6a25a,Remove batch_size when doing stepwise fit (#10144),2
13355,Fix encoding error,2161910a,9ad5a18f,Fix encoding error (#13355),3
13355,Fix encoding error,2161910a,91765e70,Fix doc (#12459),2
13355,Fix encoding error,2161910a,3fa96cf3,Fix #11841 (#12035),2
13355,Fix encoding error,2161910a,d7b04e6f,Fix doc (#11352),2
13355,Fix encoding error,2161910a,4ba64180,Fix doc (#10812),2
13355,Fix encoding error,2161910a,749413a5,Fix #10737 (#10745),2
13355,Fix encoding error,2161910a,3dcd9c76,Remove duplicate calls to InputSpec (#10654),2
13355,Fix encoding error,2161910a,b3cb261b,Remove duplicate normalize_data_format (#10645),2
13355,Fix encoding error,2161910a,468f080c,Replace relu6 with ReLU layers (#10597),2
13355,Fix encoding error,2161910a,37b16451,Add relu6 (#10521),2
13355,Fix encoding error,2161910a,29a22a8d,Add missing named arguments in ImageDataGenerator in examples (#10389),2
13355,Fix encoding error,2161910a,7365a99f,Fix doc (#10327),2
13355,Fix encoding error,2161910a,fe066966,Add pooling options in MobileNetV2 (#10313),2
13355,Fix encoding error,2161910a,0de2adf0,Fix doc  (#10308),2
13355,Fix encoding error,2161910a,3e9048bc,Replace np.ceil() with a faster operation (#10184),2
13355,Fix encoding error,2161910a,32921f41,Add missing doc (#10188),2
13355,Fix encoding error,2161910a,a80ecd78,Add exceptions for `fit_loop` (#10145),2
13355,Fix encoding error,2161910a,bfc6a25a,Remove batch_size when doing stepwise fit (#10144),2
13355,Fix encoding error,90577009,9ad5a18f,Fix encoding error (#13355),3
13355,Fix encoding error,90577009,91765e70,Fix doc (#12459),2
13355,Fix encoding error,90577009,3fa96cf3,Fix #11841 (#12035),2
13355,Fix encoding error,90577009,d7b04e6f,Fix doc (#11352),2
13355,Fix encoding error,90577009,4ba64180,Fix doc (#10812),2
13355,Fix encoding error,90577009,749413a5,Fix #10737 (#10745),2
13355,Fix encoding error,90577009,3dcd9c76,Remove duplicate calls to InputSpec (#10654),2
13355,Fix encoding error,90577009,b3cb261b,Remove duplicate normalize_data_format (#10645),2
13355,Fix encoding error,90577009,468f080c,Replace relu6 with ReLU layers (#10597),2
13355,Fix encoding error,90577009,37b16451,Add relu6 (#10521),2
13355,Fix encoding error,90577009,29a22a8d,Add missing named arguments in ImageDataGenerator in examples (#10389),2
13355,Fix encoding error,90577009,7365a99f,Fix doc (#10327),2
13355,Fix encoding error,90577009,fe066966,Add pooling options in MobileNetV2 (#10313),2
13355,Fix encoding error,90577009,0de2adf0,Fix doc  (#10308),2
13355,Fix encoding error,90577009,3e9048bc,Replace np.ceil() with a faster operation (#10184),2
13355,Fix encoding error,90577009,32921f41,Add missing doc (#10188),2
13355,Fix encoding error,90577009,a80ecd78,Add exceptions for `fit_loop` (#10145),2
13355,Fix encoding error,90577009,bfc6a25a,Remove batch_size when doing stepwise fit (#10144),2
13355,Fix encoding error,d7e0ba1c,9ad5a18f,Fix encoding error (#13355),3
13355,Fix encoding error,d7e0ba1c,91765e70,Fix doc (#12459),2
13355,Fix encoding error,d7e0ba1c,3fa96cf3,Fix #11841 (#12035),2
13355,Fix encoding error,d7e0ba1c,d7b04e6f,Fix doc (#11352),2
13355,Fix encoding error,d7e0ba1c,4ba64180,Fix doc (#10812),2
13355,Fix encoding error,d7e0ba1c,749413a5,Fix #10737 (#10745),2
13355,Fix encoding error,d7e0ba1c,3dcd9c76,Remove duplicate calls to InputSpec (#10654),2
13355,Fix encoding error,d7e0ba1c,b3cb261b,Remove duplicate normalize_data_format (#10645),2
13355,Fix encoding error,d7e0ba1c,468f080c,Replace relu6 with ReLU layers (#10597),2
13355,Fix encoding error,d7e0ba1c,37b16451,Add relu6 (#10521),2
13355,Fix encoding error,d7e0ba1c,29a22a8d,Add missing named arguments in ImageDataGenerator in examples (#10389),2
13355,Fix encoding error,d7e0ba1c,7365a99f,Fix doc (#10327),2
13355,Fix encoding error,d7e0ba1c,fe066966,Add pooling options in MobileNetV2 (#10313),2
13355,Fix encoding error,d7e0ba1c,0de2adf0,Fix doc  (#10308),2
13355,Fix encoding error,d7e0ba1c,3e9048bc,Replace np.ceil() with a faster operation (#10184),2
13355,Fix encoding error,d7e0ba1c,32921f41,Add missing doc (#10188),2
13355,Fix encoding error,d7e0ba1c,a80ecd78,Add exceptions for `fit_loop` (#10145),2
13355,Fix encoding error,d7e0ba1c,bfc6a25a,Remove batch_size when doing stepwise fit (#10144),2
13355,Fix encoding error,c61c4ed8,9ad5a18f,Fix encoding error (#13355),3
13355,Fix encoding error,c61c4ed8,91765e70,Fix doc (#12459),2
13355,Fix encoding error,c61c4ed8,3fa96cf3,Fix #11841 (#12035),2
13355,Fix encoding error,c61c4ed8,d7b04e6f,Fix doc (#11352),2
13355,Fix encoding error,c61c4ed8,4ba64180,Fix doc (#10812),2
13355,Fix encoding error,c61c4ed8,749413a5,Fix #10737 (#10745),2
13355,Fix encoding error,c61c4ed8,3dcd9c76,Remove duplicate calls to InputSpec (#10654),2
13355,Fix encoding error,c61c4ed8,b3cb261b,Remove duplicate normalize_data_format (#10645),2
13355,Fix encoding error,c61c4ed8,468f080c,Replace relu6 with ReLU layers (#10597),2
13355,Fix encoding error,c61c4ed8,37b16451,Add relu6 (#10521),2
13355,Fix encoding error,c61c4ed8,29a22a8d,Add missing named arguments in ImageDataGenerator in examples (#10389),2
13355,Fix encoding error,c61c4ed8,7365a99f,Fix doc (#10327),2
13355,Fix encoding error,c61c4ed8,fe066966,Add pooling options in MobileNetV2 (#10313),2
13355,Fix encoding error,c61c4ed8,0de2adf0,Fix doc  (#10308),2
13355,Fix encoding error,c61c4ed8,3e9048bc,Replace np.ceil() with a faster operation (#10184),2
13355,Fix encoding error,c61c4ed8,32921f41,Add missing doc (#10188),2
13355,Fix encoding error,c61c4ed8,a80ecd78,Add exceptions for `fit_loop` (#10145),2
13355,Fix encoding error,c61c4ed8,bfc6a25a,Remove batch_size when doing stepwise fit (#10144),2
13327,Update cifar10_cnn.py,9a2b5092,e8946d52,Update np_utils.py (#13481),2
13327,Update cifar10_cnn.py,9a2b5092,e25f68dc,Update io_utils.py (#13429),2
13327,Update cifar10_cnn.py,e8946d52,e8946d52,Update np_utils.py (#13481),2
13327,Update cifar10_cnn.py,e8946d52,e25f68dc,Update io_utils.py (#13429),2
13327,Update cifar10_cnn.py,4d59675b,e8946d52,Update np_utils.py (#13481),2
13327,Update cifar10_cnn.py,4d59675b,e25f68dc,Update io_utils.py (#13429),2
13327,Update cifar10_cnn.py,afff7b43,e8946d52,Update np_utils.py (#13481),2
13327,Update cifar10_cnn.py,afff7b43,e25f68dc,Update io_utils.py (#13429),2
13327,Update cifar10_cnn.py,e25f68dc,e8946d52,Update np_utils.py (#13481),2
13327,Update cifar10_cnn.py,e25f68dc,e25f68dc,Update io_utils.py (#13429),2
13327,Update cifar10_cnn.py,f242c642,e8946d52,Update np_utils.py (#13481),2
13327,Update cifar10_cnn.py,f242c642,e25f68dc,Update io_utils.py (#13429),2
13327,Update cifar10_cnn.py,985521ee,e8946d52,Update np_utils.py (#13481),2
13327,Update cifar10_cnn.py,985521ee,e25f68dc,Update io_utils.py (#13429),2
13327,Update cifar10_cnn.py,66455371,e8946d52,Update np_utils.py (#13481),2
13327,Update cifar10_cnn.py,66455371,e25f68dc,Update io_utils.py (#13429),2
13327,Update cifar10_cnn.py,3bda5520,e8946d52,Update np_utils.py (#13481),2
13327,Update cifar10_cnn.py,3bda5520,e25f68dc,Update io_utils.py (#13429),2
13327,Update cifar10_cnn.py,b78e3ff9,e8946d52,Update np_utils.py (#13481),2
13327,Update cifar10_cnn.py,b78e3ff9,e25f68dc,Update io_utils.py (#13429),2
13327,Update cifar10_cnn.py,2b963e5a,e8946d52,Update np_utils.py (#13481),2
13327,Update cifar10_cnn.py,2b963e5a,e25f68dc,Update io_utils.py (#13429),2
13327,Update cifar10_cnn.py,105f6e29,e8946d52,Update np_utils.py (#13481),2
13327,Update cifar10_cnn.py,105f6e29,e25f68dc,Update io_utils.py (#13429),2
13327,Update cifar10_cnn.py,c8e3b601,e8946d52,Update np_utils.py (#13481),2
13327,Update cifar10_cnn.py,c8e3b601,e25f68dc,Update io_utils.py (#13429),2
13327,Update cifar10_cnn.py,6aace305,e8946d52,Update np_utils.py (#13481),2
13327,Update cifar10_cnn.py,6aace305,e25f68dc,Update io_utils.py (#13429),2
13327,Update cifar10_cnn.py,0511438e,e8946d52,Update np_utils.py (#13481),2
13327,Update cifar10_cnn.py,0511438e,e25f68dc,Update io_utils.py (#13429),2
13327,Update cifar10_cnn.py,2fbac5a7,e8946d52,Update np_utils.py (#13481),2
13327,Update cifar10_cnn.py,2fbac5a7,e25f68dc,Update io_utils.py (#13429),2
13327,Update cifar10_cnn.py,311f4542,e8946d52,Update np_utils.py (#13481),2
13327,Update cifar10_cnn.py,311f4542,e25f68dc,Update io_utils.py (#13429),2
13327,Update cifar10_cnn.py,5e682520,e8946d52,Update np_utils.py (#13481),2
13327,Update cifar10_cnn.py,5e682520,e25f68dc,Update io_utils.py (#13429),2
13327,Update cifar10_cnn.py,9065eff2,e8946d52,Update np_utils.py (#13481),2
13327,Update cifar10_cnn.py,9065eff2,e25f68dc,Update io_utils.py (#13429),2
13327,Update cifar10_cnn.py,8ac788a5,e8946d52,Update np_utils.py (#13481),2
13327,Update cifar10_cnn.py,8ac788a5,e25f68dc,Update io_utils.py (#13429),2
13327,Update cifar10_cnn.py,295e4f80,e8946d52,Update np_utils.py (#13481),2
13327,Update cifar10_cnn.py,295e4f80,e25f68dc,Update io_utils.py (#13429),2
13327,Update cifar10_cnn.py,ed9e8d2f,e8946d52,Update np_utils.py (#13481),2
13327,Update cifar10_cnn.py,ed9e8d2f,e25f68dc,Update io_utils.py (#13429),2
13327,Update cifar10_cnn.py,1a0792ae,e8946d52,Update np_utils.py (#13481),2
13327,Update cifar10_cnn.py,1a0792ae,e25f68dc,Update io_utils.py (#13429),2
13327,Update cifar10_cnn.py,173a40dd,e8946d52,Update np_utils.py (#13481),2
13327,Update cifar10_cnn.py,173a40dd,e25f68dc,Update io_utils.py (#13429),2
13327,Update cifar10_cnn.py,14f35ab0,e8946d52,Update np_utils.py (#13481),2
13327,Update cifar10_cnn.py,14f35ab0,e25f68dc,Update io_utils.py (#13429),2
13327,Update cifar10_cnn.py,c57d1a32,e8946d52,Update np_utils.py (#13481),2
13327,Update cifar10_cnn.py,c57d1a32,e25f68dc,Update io_utils.py (#13429),2
13327,Update cifar10_cnn.py,50b4f7fa,e8946d52,Update np_utils.py (#13481),2
13327,Update cifar10_cnn.py,50b4f7fa,e25f68dc,Update io_utils.py (#13429),2
13327,Update cifar10_cnn.py,88b301f1,e8946d52,Update np_utils.py (#13481),2
13327,Update cifar10_cnn.py,88b301f1,e25f68dc,Update io_utils.py (#13429),2
13327,Update cifar10_cnn.py,045d442f,e8946d52,Update np_utils.py (#13481),2
13327,Update cifar10_cnn.py,045d442f,e25f68dc,Update io_utils.py (#13429),2
13327,Update cifar10_cnn.py,f2786d9d,e8946d52,Update np_utils.py (#13481),2
13327,Update cifar10_cnn.py,f2786d9d,e25f68dc,Update io_utils.py (#13429),2
13327,Update cifar10_cnn.py,65e4c8e7,e8946d52,Update np_utils.py (#13481),2
13327,Update cifar10_cnn.py,65e4c8e7,e25f68dc,Update io_utils.py (#13429),2
13327,Update cifar10_cnn.py,a7156b8c,e8946d52,Update np_utils.py (#13481),2
13327,Update cifar10_cnn.py,a7156b8c,e25f68dc,Update io_utils.py (#13429),2
13327,Update cifar10_cnn.py,55159cf4,e8946d52,Update np_utils.py (#13481),2
13327,Update cifar10_cnn.py,55159cf4,e25f68dc,Update io_utils.py (#13429),2
13327,Update cifar10_cnn.py,50a0d1ca,e8946d52,Update np_utils.py (#13481),2
13327,Update cifar10_cnn.py,50a0d1ca,e25f68dc,Update io_utils.py (#13429),2
13327,Update cifar10_cnn.py,404a30df,e8946d52,Update np_utils.py (#13481),2
13327,Update cifar10_cnn.py,404a30df,e25f68dc,Update io_utils.py (#13429),2
13327,Update cifar10_cnn.py,f4af11c7,e8946d52,Update np_utils.py (#13481),2
13327,Update cifar10_cnn.py,f4af11c7,e25f68dc,Update io_utils.py (#13429),2
13327,Update cifar10_cnn.py,80ddb5b3,e8946d52,Update np_utils.py (#13481),2
13327,Update cifar10_cnn.py,80ddb5b3,e25f68dc,Update io_utils.py (#13429),2
13327,Update cifar10_cnn.py,3ffba424,e8946d52,Update np_utils.py (#13481),2
13327,Update cifar10_cnn.py,3ffba424,e25f68dc,Update io_utils.py (#13429),2
13327,Update cifar10_cnn.py,73f1ef2e,e8946d52,Update np_utils.py (#13481),2
13327,Update cifar10_cnn.py,73f1ef2e,e25f68dc,Update io_utils.py (#13429),2
13327,Update cifar10_cnn.py,bf2f64bf,e8946d52,Update np_utils.py (#13481),2
13327,Update cifar10_cnn.py,bf2f64bf,e25f68dc,Update io_utils.py (#13429),2
13327,Update cifar10_cnn.py,d02ea034,e8946d52,Update np_utils.py (#13481),2
13327,Update cifar10_cnn.py,d02ea034,e25f68dc,Update io_utils.py (#13429),2
13327,Update cifar10_cnn.py,64396172,e8946d52,Update np_utils.py (#13481),2
13327,Update cifar10_cnn.py,64396172,e25f68dc,Update io_utils.py (#13429),2
13327,Update cifar10_cnn.py,3c8618bb,e8946d52,Update np_utils.py (#13481),2
13327,Update cifar10_cnn.py,3c8618bb,e25f68dc,Update io_utils.py (#13429),2
13327,Update cifar10_cnn.py,794c083f,e8946d52,Update np_utils.py (#13481),2
13327,Update cifar10_cnn.py,794c083f,e25f68dc,Update io_utils.py (#13429),2
13327,Update cifar10_cnn.py,775e91c5,e8946d52,Update np_utils.py (#13481),2
13327,Update cifar10_cnn.py,775e91c5,e25f68dc,Update io_utils.py (#13429),2
13327,Update cifar10_cnn.py,3e19b025,e8946d52,Update np_utils.py (#13481),2
13327,Update cifar10_cnn.py,3e19b025,e25f68dc,Update io_utils.py (#13429),2
13327,Update cifar10_cnn.py,f20383b7,e8946d52,Update np_utils.py (#13481),2
13327,Update cifar10_cnn.py,f20383b7,e25f68dc,Update io_utils.py (#13429),2
13327,Update cifar10_cnn.py,5c83c699,e8946d52,Update np_utils.py (#13481),2
13327,Update cifar10_cnn.py,5c83c699,e25f68dc,Update io_utils.py (#13429),2
13327,Update cifar10_cnn.py,f5d56fa2,e8946d52,Update np_utils.py (#13481),2
13327,Update cifar10_cnn.py,f5d56fa2,e25f68dc,Update io_utils.py (#13429),2
13327,Update cifar10_cnn.py,7fb4f4b0,e8946d52,Update np_utils.py (#13481),2
13327,Update cifar10_cnn.py,7fb4f4b0,e25f68dc,Update io_utils.py (#13429),2
13327,Update cifar10_cnn.py,9620a497,e8946d52,Update np_utils.py (#13481),2
13327,Update cifar10_cnn.py,9620a497,e25f68dc,Update io_utils.py (#13429),2
13327,Update cifar10_cnn.py,91965e8f,e8946d52,Update np_utils.py (#13481),2
13327,Update cifar10_cnn.py,91965e8f,e25f68dc,Update io_utils.py (#13429),2
13327,Update cifar10_cnn.py,92f2717c,e8946d52,Update np_utils.py (#13481),2
13327,Update cifar10_cnn.py,92f2717c,e25f68dc,Update io_utils.py (#13429),2
13327,Update cifar10_cnn.py,07723ccf,e8946d52,Update np_utils.py (#13481),2
13327,Update cifar10_cnn.py,07723ccf,e25f68dc,Update io_utils.py (#13429),2
13327,Update cifar10_cnn.py,652d61be,e8946d52,Update np_utils.py (#13481),2
13327,Update cifar10_cnn.py,652d61be,e25f68dc,Update io_utils.py (#13429),2
13327,Update cifar10_cnn.py,9c3060d8,e8946d52,Update np_utils.py (#13481),2
13327,Update cifar10_cnn.py,9c3060d8,e25f68dc,Update io_utils.py (#13429),2
13327,Update cifar10_cnn.py,d2a15040,e8946d52,Update np_utils.py (#13481),2
13327,Update cifar10_cnn.py,d2a15040,e25f68dc,Update io_utils.py (#13429),2
13327,Update cifar10_cnn.py,9c1afbb6,e8946d52,Update np_utils.py (#13481),2
13327,Update cifar10_cnn.py,9c1afbb6,e25f68dc,Update io_utils.py (#13429),2
13327,Update cifar10_cnn.py,cbb9d001,e8946d52,Update np_utils.py (#13481),2
13327,Update cifar10_cnn.py,cbb9d001,e25f68dc,Update io_utils.py (#13429),2
13327,Update cifar10_cnn.py,78c61c65,e8946d52,Update np_utils.py (#13481),2
13327,Update cifar10_cnn.py,78c61c65,e25f68dc,Update io_utils.py (#13429),2
13327,Update cifar10_cnn.py,5c1e5d5e,e8946d52,Update np_utils.py (#13481),2
13327,Update cifar10_cnn.py,5c1e5d5e,e25f68dc,Update io_utils.py (#13429),2
13327,Update cifar10_cnn.py,819f569c,e8946d52,Update np_utils.py (#13481),2
13327,Update cifar10_cnn.py,819f569c,e25f68dc,Update io_utils.py (#13429),2
13327,Update cifar10_cnn.py,d444b919,e8946d52,Update np_utils.py (#13481),2
13327,Update cifar10_cnn.py,d444b919,e25f68dc,Update io_utils.py (#13429),2
13327,Update cifar10_cnn.py,747d4a30,e8946d52,Update np_utils.py (#13481),2
13327,Update cifar10_cnn.py,747d4a30,e25f68dc,Update io_utils.py (#13429),2
13327,Update cifar10_cnn.py,ab19cf7b,e8946d52,Update np_utils.py (#13481),2
13327,Update cifar10_cnn.py,ab19cf7b,e25f68dc,Update io_utils.py (#13429),2
13327,Update cifar10_cnn.py,6b8970ab,e8946d52,Update np_utils.py (#13481),2
13327,Update cifar10_cnn.py,6b8970ab,e25f68dc,Update io_utils.py (#13429),2
13327,Update cifar10_cnn.py,bde97055,e8946d52,Update np_utils.py (#13481),2
13327,Update cifar10_cnn.py,bde97055,e25f68dc,Update io_utils.py (#13429),2
13327,Update cifar10_cnn.py,2f8b351c,e8946d52,Update np_utils.py (#13481),2
13327,Update cifar10_cnn.py,2f8b351c,e25f68dc,Update io_utils.py (#13429),2
13327,Update cifar10_cnn.py,8ee2ffd7,e8946d52,Update np_utils.py (#13481),2
13327,Update cifar10_cnn.py,8ee2ffd7,e25f68dc,Update io_utils.py (#13429),2
13327,Update cifar10_cnn.py,fb24dc19,e8946d52,Update np_utils.py (#13481),2
13327,Update cifar10_cnn.py,fb24dc19,e25f68dc,Update io_utils.py (#13429),2
13327,Update cifar10_cnn.py,0354e645,e8946d52,Update np_utils.py (#13481),2
13327,Update cifar10_cnn.py,0354e645,e25f68dc,Update io_utils.py (#13429),2
13327,Update cifar10_cnn.py,fbe2ea65,e8946d52,Update np_utils.py (#13481),2
13327,Update cifar10_cnn.py,fbe2ea65,e25f68dc,Update io_utils.py (#13429),2
13327,Update cifar10_cnn.py,21dcabb6,e8946d52,Update np_utils.py (#13481),2
13327,Update cifar10_cnn.py,21dcabb6,e25f68dc,Update io_utils.py (#13429),2
13327,Update cifar10_cnn.py,42a65d4b,e8946d52,Update np_utils.py (#13481),2
13327,Update cifar10_cnn.py,42a65d4b,e25f68dc,Update io_utils.py (#13429),2
13327,Update cifar10_cnn.py,cb836091,e8946d52,Update np_utils.py (#13481),2
13327,Update cifar10_cnn.py,cb836091,e25f68dc,Update io_utils.py (#13429),2
13327,Update cifar10_cnn.py,6a052477,e8946d52,Update np_utils.py (#13481),2
13327,Update cifar10_cnn.py,6a052477,e25f68dc,Update io_utils.py (#13429),2
13327,Update cifar10_cnn.py,c015acb4,e8946d52,Update np_utils.py (#13481),2
13327,Update cifar10_cnn.py,c015acb4,e25f68dc,Update io_utils.py (#13429),2
13327,Update cifar10_cnn.py,feac8dba,e8946d52,Update np_utils.py (#13481),2
13327,Update cifar10_cnn.py,feac8dba,e25f68dc,Update io_utils.py (#13429),2
13327,Update cifar10_cnn.py,c140939c,e8946d52,Update np_utils.py (#13481),2
13327,Update cifar10_cnn.py,c140939c,e25f68dc,Update io_utils.py (#13429),2
13327,Update cifar10_cnn.py,c90d2dfc,e8946d52,Update np_utils.py (#13481),2
13327,Update cifar10_cnn.py,c90d2dfc,e25f68dc,Update io_utils.py (#13429),2
13327,Update cifar10_cnn.py,29e788dc,e8946d52,Update np_utils.py (#13481),2
13327,Update cifar10_cnn.py,29e788dc,e25f68dc,Update io_utils.py (#13429),2
13327,Update cifar10_cnn.py,07f8cef2,e8946d52,Update np_utils.py (#13481),2
13327,Update cifar10_cnn.py,07f8cef2,e25f68dc,Update io_utils.py (#13429),2
13327,Update cifar10_cnn.py,a069161d,e8946d52,Update np_utils.py (#13481),2
13327,Update cifar10_cnn.py,a069161d,e25f68dc,Update io_utils.py (#13429),2
13327,Update cifar10_cnn.py,0fab8ac3,e8946d52,Update np_utils.py (#13481),2
13327,Update cifar10_cnn.py,0fab8ac3,e25f68dc,Update io_utils.py (#13429),2
13327,Update cifar10_cnn.py,15b84d37,e8946d52,Update np_utils.py (#13481),2
13327,Update cifar10_cnn.py,15b84d37,e25f68dc,Update io_utils.py (#13429),2
13327,Update cifar10_cnn.py,97b27bfd,e8946d52,Update np_utils.py (#13481),2
13327,Update cifar10_cnn.py,97b27bfd,e25f68dc,Update io_utils.py (#13429),2
13327,Update cifar10_cnn.py,a0c5f574,e8946d52,Update np_utils.py (#13481),2
13327,Update cifar10_cnn.py,a0c5f574,e25f68dc,Update io_utils.py (#13429),2
13327,Update cifar10_cnn.py,688b898d,e8946d52,Update np_utils.py (#13481),2
13327,Update cifar10_cnn.py,688b898d,e25f68dc,Update io_utils.py (#13429),2
13327,Update cifar10_cnn.py,7def993f,e8946d52,Update np_utils.py (#13481),2
13327,Update cifar10_cnn.py,7def993f,e25f68dc,Update io_utils.py (#13429),2
13327,Update cifar10_cnn.py,c33a551f,e8946d52,Update np_utils.py (#13481),2
13327,Update cifar10_cnn.py,c33a551f,e25f68dc,Update io_utils.py (#13429),2
13327,Update cifar10_cnn.py,c6cf4425,e8946d52,Update np_utils.py (#13481),2
13327,Update cifar10_cnn.py,c6cf4425,e25f68dc,Update io_utils.py (#13429),2
13327,Update cifar10_cnn.py,0d233b25,e8946d52,Update np_utils.py (#13481),2
13327,Update cifar10_cnn.py,0d233b25,e25f68dc,Update io_utils.py (#13429),2
13327,Update cifar10_cnn.py,e704e157,e8946d52,Update np_utils.py (#13481),2
13327,Update cifar10_cnn.py,e704e157,e25f68dc,Update io_utils.py (#13429),2
13327,Update cifar10_cnn.py,11e4c4b9,e8946d52,Update np_utils.py (#13481),2
13327,Update cifar10_cnn.py,11e4c4b9,e25f68dc,Update io_utils.py (#13429),2
13327,Update cifar10_cnn.py,d5cd2687,e8946d52,Update np_utils.py (#13481),2
13327,Update cifar10_cnn.py,d5cd2687,e25f68dc,Update io_utils.py (#13429),2
13327,Update cifar10_cnn.py,eee20b46,e8946d52,Update np_utils.py (#13481),2
13327,Update cifar10_cnn.py,eee20b46,e25f68dc,Update io_utils.py (#13429),2
13327,Update cifar10_cnn.py,9827db2c,e8946d52,Update np_utils.py (#13481),2
13327,Update cifar10_cnn.py,9827db2c,e25f68dc,Update io_utils.py (#13429),2
13327,Update cifar10_cnn.py,98d49754,e8946d52,Update np_utils.py (#13481),2
13327,Update cifar10_cnn.py,98d49754,e25f68dc,Update io_utils.py (#13429),2
13327,Update cifar10_cnn.py,8213e515,e8946d52,Update np_utils.py (#13481),2
13327,Update cifar10_cnn.py,8213e515,e25f68dc,Update io_utils.py (#13429),2
13327,Update cifar10_cnn.py,0cae63ac,e8946d52,Update np_utils.py (#13481),2
13327,Update cifar10_cnn.py,0cae63ac,e25f68dc,Update io_utils.py (#13429),2
13327,Update cifar10_cnn.py,b0b3ff13,e8946d52,Update np_utils.py (#13481),2
13327,Update cifar10_cnn.py,b0b3ff13,e25f68dc,Update io_utils.py (#13429),2
13327,Update cifar10_cnn.py,ce209553,e8946d52,Update np_utils.py (#13481),2
13327,Update cifar10_cnn.py,ce209553,e25f68dc,Update io_utils.py (#13429),2
13138,RNN initial state: bug fix + suppress false warning,c10d2495,611c4851,Merge pull request #1 from fchollet/master,2
13138,RNN initial state: bug fix + suppress false warning,c10d2495,0d233b25,Update imdb_cnn_lstm.py,2
13138,RNN initial state: bug fix + suppress false warning,c10d2495,e704e157,Update imdb_cnn_lstm.py,2
13138,RNN initial state: bug fix + suppress false warning,c10d2495,6cc827ca,Bug fix,2
13138,RNN initial state: bug fix + suppress false warning,c10d2495,d2051a5d,Added shape checking for concat merge,2
13138,RNN initial state: bug fix + suppress false warning,c10d2495,1526d81a,Faster and better Sentiment Analysis example.,2
13138,RNN initial state: bug fix + suppress false warning,c10d2495,73c00458,Bug fix,2
13138,RNN initial state: bug fix + suppress false warning,c10d2495,3981a87b,Assert input shapes of Merge layer are equal,2
13138,RNN initial state: bug fix + suppress false warning,c10d2495,569bb74a,Update comment to include new join merge mode,2
13138,RNN initial state: bug fix + suppress false warning,c10d2495,d5cd2687,Update skipgram_word_embeddings.py,2
12675,change plot_model to fully support plotting submodel and fix bugs,f69e046e,f69e046e,[P] change plot_model to fully support plotting submodel and fix bugs (#12675),3
11829,Removed a useless check which can cause an infinite loop.,78e930b6,32ff1d67,Removed StackedRNNCells from docs. (#9627),2
11829,Removed a useless check which can cause an infinite loop.,78e930b6,125f4234,Refactoring of ConvLSTM2D. Added ConvRNN2D and ConvLSTM2DCell. (#9094),2
11829,Removed a useless check which can cause an infinite loop.,78e930b6,7d1e0bc5,Enabling limited TensorBoard callback use with Theano and CNTK. (#8996),2
11829,Removed a useless check which can cause an infinite loop.,78e930b6,5822ee2b,Regularization bug. Tests and fix. (#9098),2
11829,Removed a useless check which can cause an infinite loop.,78e930b6,a6542e84,Removed fit call from regularizers tests. (#9117),2
11829,Removed a useless check which can cause an infinite loop.,78e930b6,e1a1e880,Removed redundant os.path.expanduser call. (#8985),2
11829,Removed a useless check which can cause an infinite loop.,78e930b6,d72c2b38,Removed unnecessary check. (#9000),2
11829,Removed a useless check which can cause an infinite loop.,78e930b6,63c48ff2,[Requests for Contributions] Refactoring _standardize_input_data to make it faster. With explanations and benchmarks. (#8920),2
11829,Removed a useless check which can cause an infinite loop.,78e930b6,45c838cc,"[WIP] Add support for sparse arrays in fit, predict and evaluate. (#8930)",2
11660,Added a decorator for flaky tests which rerun the test on specific errors.,29cf97dc,32ff1d67,Removed StackedRNNCells from docs. (#9627),2
11660,Added a decorator for flaky tests which rerun the test on specific errors.,29cf97dc,125f4234,Refactoring of ConvLSTM2D. Added ConvRNN2D and ConvLSTM2DCell. (#9094),2
11660,Added a decorator for flaky tests which rerun the test on specific errors.,29cf97dc,7d1e0bc5,Enabling limited TensorBoard callback use with Theano and CNTK. (#8996),2
11660,Added a decorator for flaky tests which rerun the test on specific errors.,29cf97dc,5822ee2b,Regularization bug. Tests and fix. (#9098),2
11660,Added a decorator for flaky tests which rerun the test on specific errors.,29cf97dc,a6542e84,Removed fit call from regularizers tests. (#9117),2
11660,Added a decorator for flaky tests which rerun the test on specific errors.,29cf97dc,e1a1e880,Removed redundant os.path.expanduser call. (#8985),2
11660,Added a decorator for flaky tests which rerun the test on specific errors.,29cf97dc,d72c2b38,Removed unnecessary check. (#9000),2
11660,Added a decorator for flaky tests which rerun the test on specific errors.,29cf97dc,63c48ff2,[Requests for Contributions] Refactoring _standardize_input_data to make it faster. With explanations and benchmarks. (#8920),2
11660,Added a decorator for flaky tests which rerun the test on specific errors.,29cf97dc,45c838cc,"[WIP] Add support for sparse arrays in fit, predict and evaluate. (#8930)",2
11660,Added a decorator for flaky tests which rerun the test on specific errors.,920e8af3,32ff1d67,Removed StackedRNNCells from docs. (#9627),2
11660,Added a decorator for flaky tests which rerun the test on specific errors.,920e8af3,125f4234,Refactoring of ConvLSTM2D. Added ConvRNN2D and ConvLSTM2DCell. (#9094),2
11660,Added a decorator for flaky tests which rerun the test on specific errors.,920e8af3,7d1e0bc5,Enabling limited TensorBoard callback use with Theano and CNTK. (#8996),2
11660,Added a decorator for flaky tests which rerun the test on specific errors.,920e8af3,5822ee2b,Regularization bug. Tests and fix. (#9098),2
11660,Added a decorator for flaky tests which rerun the test on specific errors.,920e8af3,a6542e84,Removed fit call from regularizers tests. (#9117),2
11660,Added a decorator for flaky tests which rerun the test on specific errors.,920e8af3,e1a1e880,Removed redundant os.path.expanduser call. (#8985),2
11660,Added a decorator for flaky tests which rerun the test on specific errors.,920e8af3,d72c2b38,Removed unnecessary check. (#9000),2
11660,Added a decorator for flaky tests which rerun the test on specific errors.,920e8af3,63c48ff2,[Requests for Contributions] Refactoring _standardize_input_data to make it faster. With explanations and benchmarks. (#8920),2
11660,Added a decorator for flaky tests which rerun the test on specific errors.,920e8af3,45c838cc,"[WIP] Add support for sparse arrays in fit, predict and evaluate. (#8930)",2
11508,bug fix: can't use code blocks in multiple sections in docstrings.,a37b41d5,32ff1d67,Removed StackedRNNCells from docs. (#9627),2
11508,bug fix: can't use code blocks in multiple sections in docstrings.,a37b41d5,125f4234,Refactoring of ConvLSTM2D. Added ConvRNN2D and ConvLSTM2DCell. (#9094),2
11508,bug fix: can't use code blocks in multiple sections in docstrings.,a37b41d5,7d1e0bc5,Enabling limited TensorBoard callback use with Theano and CNTK. (#8996),2
11508,bug fix: can't use code blocks in multiple sections in docstrings.,a37b41d5,5822ee2b,Regularization bug. Tests and fix. (#9098),2
11508,bug fix: can't use code blocks in multiple sections in docstrings.,a37b41d5,a6542e84,Removed fit call from regularizers tests. (#9117),2
11508,bug fix: can't use code blocks in multiple sections in docstrings.,a37b41d5,e1a1e880,Removed redundant os.path.expanduser call. (#8985),2
11508,bug fix: can't use code blocks in multiple sections in docstrings.,a37b41d5,d72c2b38,Removed unnecessary check. (#9000),2
11508,bug fix: can't use code blocks in multiple sections in docstrings.,a37b41d5,63c48ff2,[Requests for Contributions] Refactoring _standardize_input_data to make it faster. With explanations and benchmarks. (#8920),2
11508,bug fix: can't use code blocks in multiple sections in docstrings.,a37b41d5,45c838cc,"[WIP] Add support for sparse arrays in fit, predict and evaluate. (#8930)",2
11458,Bug fix: Batch dot,9148325b,611c4851,Merge pull request #1 from fchollet/master,2
11458,Bug fix: Batch dot,9148325b,0d233b25,Update imdb_cnn_lstm.py,2
11458,Bug fix: Batch dot,9148325b,e704e157,Update imdb_cnn_lstm.py,2
11458,Bug fix: Batch dot,9148325b,6cc827ca,Bug fix,2
11458,Bug fix: Batch dot,9148325b,d2051a5d,Added shape checking for concat merge,2
11458,Bug fix: Batch dot,9148325b,1526d81a,Faster and better Sentiment Analysis example.,2
11458,Bug fix: Batch dot,9148325b,73c00458,Bug fix,2
11458,Bug fix: Batch dot,9148325b,3981a87b,Assert input shapes of Merge layer are equal,2
11458,Bug fix: Batch dot,9148325b,569bb74a,Update comment to include new join merge mode,2
11458,Bug fix: Batch dot,9148325b,d5cd2687,Update skipgram_word_embeddings.py,2
11458,Bug fix: Batch dot,a8537897,611c4851,Merge pull request #1 from fchollet/master,2
11458,Bug fix: Batch dot,a8537897,0d233b25,Update imdb_cnn_lstm.py,2
11458,Bug fix: Batch dot,a8537897,e704e157,Update imdb_cnn_lstm.py,2
11458,Bug fix: Batch dot,a8537897,6cc827ca,Bug fix,2
11458,Bug fix: Batch dot,a8537897,d2051a5d,Added shape checking for concat merge,2
11458,Bug fix: Batch dot,a8537897,1526d81a,Faster and better Sentiment Analysis example.,2
11458,Bug fix: Batch dot,a8537897,73c00458,Bug fix,2
11458,Bug fix: Batch dot,a8537897,3981a87b,Assert input shapes of Merge layer are equal,2
11458,Bug fix: Batch dot,a8537897,569bb74a,Update comment to include new join merge mode,2
11458,Bug fix: Batch dot,a8537897,d5cd2687,Update skipgram_word_embeddings.py,2
11458,Bug fix: Batch dot,1193427f,611c4851,Merge pull request #1 from fchollet/master,2
11458,Bug fix: Batch dot,1193427f,0d233b25,Update imdb_cnn_lstm.py,2
11458,Bug fix: Batch dot,1193427f,e704e157,Update imdb_cnn_lstm.py,2
11458,Bug fix: Batch dot,1193427f,6cc827ca,Bug fix,2
11458,Bug fix: Batch dot,1193427f,d2051a5d,Added shape checking for concat merge,2
11458,Bug fix: Batch dot,1193427f,1526d81a,Faster and better Sentiment Analysis example.,2
11458,Bug fix: Batch dot,1193427f,73c00458,Bug fix,2
11458,Bug fix: Batch dot,1193427f,3981a87b,Assert input shapes of Merge layer are equal,2
11458,Bug fix: Batch dot,1193427f,569bb74a,Update comment to include new join merge mode,2
11458,Bug fix: Batch dot,1193427f,d5cd2687,Update skipgram_word_embeddings.py,2
11458,Bug fix: Batch dot,f59736a0,611c4851,Merge pull request #1 from fchollet/master,2
11458,Bug fix: Batch dot,f59736a0,0d233b25,Update imdb_cnn_lstm.py,2
11458,Bug fix: Batch dot,f59736a0,e704e157,Update imdb_cnn_lstm.py,2
11458,Bug fix: Batch dot,f59736a0,6cc827ca,Bug fix,2
11458,Bug fix: Batch dot,f59736a0,d2051a5d,Added shape checking for concat merge,2
11458,Bug fix: Batch dot,f59736a0,1526d81a,Faster and better Sentiment Analysis example.,2
11458,Bug fix: Batch dot,f59736a0,73c00458,Bug fix,2
11458,Bug fix: Batch dot,f59736a0,3981a87b,Assert input shapes of Merge layer are equal,2
11458,Bug fix: Batch dot,f59736a0,569bb74a,Update comment to include new join merge mode,2
11458,Bug fix: Batch dot,f59736a0,d5cd2687,Update skipgram_word_embeddings.py,2
11458,Bug fix: Batch dot,55447cbb,611c4851,Merge pull request #1 from fchollet/master,2
11458,Bug fix: Batch dot,55447cbb,0d233b25,Update imdb_cnn_lstm.py,2
11458,Bug fix: Batch dot,55447cbb,e704e157,Update imdb_cnn_lstm.py,2
11458,Bug fix: Batch dot,55447cbb,6cc827ca,Bug fix,2
11458,Bug fix: Batch dot,55447cbb,d2051a5d,Added shape checking for concat merge,2
11458,Bug fix: Batch dot,55447cbb,1526d81a,Faster and better Sentiment Analysis example.,2
11458,Bug fix: Batch dot,55447cbb,73c00458,Bug fix,2
11458,Bug fix: Batch dot,55447cbb,3981a87b,Assert input shapes of Merge layer are equal,2
11458,Bug fix: Batch dot,55447cbb,569bb74a,Update comment to include new join merge mode,2
11458,Bug fix: Batch dot,55447cbb,d5cd2687,Update skipgram_word_embeddings.py,2
11458,Bug fix: Batch dot,cee4f72a,611c4851,Merge pull request #1 from fchollet/master,2
11458,Bug fix: Batch dot,cee4f72a,0d233b25,Update imdb_cnn_lstm.py,2
11458,Bug fix: Batch dot,cee4f72a,e704e157,Update imdb_cnn_lstm.py,2
11458,Bug fix: Batch dot,cee4f72a,6cc827ca,Bug fix,2
11458,Bug fix: Batch dot,cee4f72a,d2051a5d,Added shape checking for concat merge,2
11458,Bug fix: Batch dot,cee4f72a,1526d81a,Faster and better Sentiment Analysis example.,2
11458,Bug fix: Batch dot,cee4f72a,73c00458,Bug fix,2
11458,Bug fix: Batch dot,cee4f72a,3981a87b,Assert input shapes of Merge layer are equal,2
11458,Bug fix: Batch dot,cee4f72a,569bb74a,Update comment to include new join merge mode,2
11458,Bug fix: Batch dot,cee4f72a,d5cd2687,Update skipgram_word_embeddings.py,2
11458,Bug fix: Batch dot,de2884af,611c4851,Merge pull request #1 from fchollet/master,2
11458,Bug fix: Batch dot,de2884af,0d233b25,Update imdb_cnn_lstm.py,2
11458,Bug fix: Batch dot,de2884af,e704e157,Update imdb_cnn_lstm.py,2
11458,Bug fix: Batch dot,de2884af,6cc827ca,Bug fix,2
11458,Bug fix: Batch dot,de2884af,d2051a5d,Added shape checking for concat merge,2
11458,Bug fix: Batch dot,de2884af,1526d81a,Faster and better Sentiment Analysis example.,2
11458,Bug fix: Batch dot,de2884af,73c00458,Bug fix,2
11458,Bug fix: Batch dot,de2884af,3981a87b,Assert input shapes of Merge layer are equal,2
11458,Bug fix: Batch dot,de2884af,569bb74a,Update comment to include new join merge mode,2
11458,Bug fix: Batch dot,de2884af,d5cd2687,Update skipgram_word_embeddings.py,2
11458,Bug fix: Batch dot,aca4a773,611c4851,Merge pull request #1 from fchollet/master,2
11458,Bug fix: Batch dot,aca4a773,0d233b25,Update imdb_cnn_lstm.py,2
11458,Bug fix: Batch dot,aca4a773,e704e157,Update imdb_cnn_lstm.py,2
11458,Bug fix: Batch dot,aca4a773,6cc827ca,Bug fix,2
11458,Bug fix: Batch dot,aca4a773,d2051a5d,Added shape checking for concat merge,2
11458,Bug fix: Batch dot,aca4a773,1526d81a,Faster and better Sentiment Analysis example.,2
11458,Bug fix: Batch dot,aca4a773,73c00458,Bug fix,2
11458,Bug fix: Batch dot,aca4a773,3981a87b,Assert input shapes of Merge layer are equal,2
11458,Bug fix: Batch dot,aca4a773,569bb74a,Update comment to include new join merge mode,2
11458,Bug fix: Batch dot,aca4a773,d5cd2687,Update skipgram_word_embeddings.py,2
11458,Bug fix: Batch dot,ad254f99,611c4851,Merge pull request #1 from fchollet/master,2
11458,Bug fix: Batch dot,ad254f99,0d233b25,Update imdb_cnn_lstm.py,2
11458,Bug fix: Batch dot,ad254f99,e704e157,Update imdb_cnn_lstm.py,2
11458,Bug fix: Batch dot,ad254f99,6cc827ca,Bug fix,2
11458,Bug fix: Batch dot,ad254f99,d2051a5d,Added shape checking for concat merge,2
11458,Bug fix: Batch dot,ad254f99,1526d81a,Faster and better Sentiment Analysis example.,2
11458,Bug fix: Batch dot,ad254f99,73c00458,Bug fix,2
11458,Bug fix: Batch dot,ad254f99,3981a87b,Assert input shapes of Merge layer are equal,2
11458,Bug fix: Batch dot,ad254f99,569bb74a,Update comment to include new join merge mode,2
11458,Bug fix: Batch dot,ad254f99,d5cd2687,Update skipgram_word_embeddings.py,2
11458,Bug fix: Batch dot,6cc827ca,611c4851,Merge pull request #1 from fchollet/master,2
11458,Bug fix: Batch dot,6cc827ca,0d233b25,Update imdb_cnn_lstm.py,2
11458,Bug fix: Batch dot,6cc827ca,e704e157,Update imdb_cnn_lstm.py,2
11458,Bug fix: Batch dot,6cc827ca,6cc827ca,Bug fix,2
11458,Bug fix: Batch dot,6cc827ca,d2051a5d,Added shape checking for concat merge,2
11458,Bug fix: Batch dot,6cc827ca,1526d81a,Faster and better Sentiment Analysis example.,2
11458,Bug fix: Batch dot,6cc827ca,73c00458,Bug fix,2
11458,Bug fix: Batch dot,6cc827ca,3981a87b,Assert input shapes of Merge layer are equal,2
11458,Bug fix: Batch dot,6cc827ca,569bb74a,Update comment to include new join merge mode,2
11458,Bug fix: Batch dot,6cc827ca,d5cd2687,Update skipgram_word_embeddings.py,2
11458,Bug fix: Batch dot,73c00458,611c4851,Merge pull request #1 from fchollet/master,2
11458,Bug fix: Batch dot,73c00458,0d233b25,Update imdb_cnn_lstm.py,2
11458,Bug fix: Batch dot,73c00458,e704e157,Update imdb_cnn_lstm.py,2
11458,Bug fix: Batch dot,73c00458,6cc827ca,Bug fix,2
11458,Bug fix: Batch dot,73c00458,d2051a5d,Added shape checking for concat merge,2
11458,Bug fix: Batch dot,73c00458,1526d81a,Faster and better Sentiment Analysis example.,2
11458,Bug fix: Batch dot,73c00458,73c00458,Bug fix,2
11458,Bug fix: Batch dot,73c00458,3981a87b,Assert input shapes of Merge layer are equal,2
11458,Bug fix: Batch dot,73c00458,569bb74a,Update comment to include new join merge mode,2
11458,Bug fix: Batch dot,73c00458,d5cd2687,Update skipgram_word_embeddings.py,2
11378,Parametrizing the metrics tests to get one test per metric.,02c1f886,32ff1d67,Removed StackedRNNCells from docs. (#9627),2
11378,Parametrizing the metrics tests to get one test per metric.,02c1f886,125f4234,Refactoring of ConvLSTM2D. Added ConvRNN2D and ConvLSTM2DCell. (#9094),2
11378,Parametrizing the metrics tests to get one test per metric.,02c1f886,7d1e0bc5,Enabling limited TensorBoard callback use with Theano and CNTK. (#8996),2
11378,Parametrizing the metrics tests to get one test per metric.,02c1f886,5822ee2b,Regularization bug. Tests and fix. (#9098),2
11378,Parametrizing the metrics tests to get one test per metric.,02c1f886,a6542e84,Removed fit call from regularizers tests. (#9117),2
11378,Parametrizing the metrics tests to get one test per metric.,02c1f886,e1a1e880,Removed redundant os.path.expanduser call. (#8985),2
11378,Parametrizing the metrics tests to get one test per metric.,02c1f886,d72c2b38,Removed unnecessary check. (#9000),2
11378,Parametrizing the metrics tests to get one test per metric.,02c1f886,63c48ff2,[Requests for Contributions] Refactoring _standardize_input_data to make it faster. With explanations and benchmarks. (#8920),2
11378,Parametrizing the metrics tests to get one test per metric.,02c1f886,45c838cc,"[WIP] Add support for sparse arrays in fit, predict and evaluate. (#8930)",2
11373, Fix bug in sparse_categorical_accuracy ,2ccb69df,6dff721a, Fix bug in sparse_categorical_accuracy  (#11373),3
11373, Fix bug in sparse_categorical_accuracy ,2a76796d,6dff721a, Fix bug in sparse_categorical_accuracy  (#11373),3
11373, Fix bug in sparse_categorical_accuracy ,d7ea34fc,6dff721a, Fix bug in sparse_categorical_accuracy  (#11373),3
11373, Fix bug in sparse_categorical_accuracy ,6dff721a,6dff721a, Fix bug in sparse_categorical_accuracy  (#11373),3
11373, Fix bug in sparse_categorical_accuracy ,02bc5010,6dff721a, Fix bug in sparse_categorical_accuracy  (#11373),3
11373, Fix bug in sparse_categorical_accuracy ,cd22c5a5,6dff721a, Fix bug in sparse_categorical_accuracy  (#11373),3
11373, Fix bug in sparse_categorical_accuracy ,4b74fc54,6dff721a, Fix bug in sparse_categorical_accuracy  (#11373),3
11373, Fix bug in sparse_categorical_accuracy ,b00ec66b,6dff721a, Fix bug in sparse_categorical_accuracy  (#11373),3
11373, Fix bug in sparse_categorical_accuracy ,7a5e391c,6dff721a, Fix bug in sparse_categorical_accuracy  (#11373),3
11373, Fix bug in sparse_categorical_accuracy ,f4cf2586,6dff721a, Fix bug in sparse_categorical_accuracy  (#11373),3
11373, Fix bug in sparse_categorical_accuracy ,5672db9b,6dff721a, Fix bug in sparse_categorical_accuracy  (#11373),3
11373, Fix bug in sparse_categorical_accuracy ,1ddf2352,6dff721a, Fix bug in sparse_categorical_accuracy  (#11373),3
11373, Fix bug in sparse_categorical_accuracy ,7f09d45e,6dff721a, Fix bug in sparse_categorical_accuracy  (#11373),3
11373, Fix bug in sparse_categorical_accuracy ,24db6bfa,6dff721a, Fix bug in sparse_categorical_accuracy  (#11373),3
11373, Fix bug in sparse_categorical_accuracy ,21bf90cb,6dff721a, Fix bug in sparse_categorical_accuracy  (#11373),3
11373, Fix bug in sparse_categorical_accuracy ,d72514d6,6dff721a, Fix bug in sparse_categorical_accuracy  (#11373),3
11373, Fix bug in sparse_categorical_accuracy ,a0a0d426,6dff721a, Fix bug in sparse_categorical_accuracy  (#11373),3
11373, Fix bug in sparse_categorical_accuracy ,e0255441,6dff721a, Fix bug in sparse_categorical_accuracy  (#11373),3
11373, Fix bug in sparse_categorical_accuracy ,02ff1d44,6dff721a, Fix bug in sparse_categorical_accuracy  (#11373),3
11373, Fix bug in sparse_categorical_accuracy ,2a4492d7,6dff721a, Fix bug in sparse_categorical_accuracy  (#11373),3
11373, Fix bug in sparse_categorical_accuracy ,ded23f14,6dff721a, Fix bug in sparse_categorical_accuracy  (#11373),3
11373, Fix bug in sparse_categorical_accuracy ,c5e2116e,6dff721a, Fix bug in sparse_categorical_accuracy  (#11373),3
11373, Fix bug in sparse_categorical_accuracy ,b74118a7,6dff721a, Fix bug in sparse_categorical_accuracy  (#11373),3
11373, Fix bug in sparse_categorical_accuracy ,bd2bd51b,6dff721a, Fix bug in sparse_categorical_accuracy  (#11373),3
11373, Fix bug in sparse_categorical_accuracy ,e341e73c,6dff721a, Fix bug in sparse_categorical_accuracy  (#11373),3
11373, Fix bug in sparse_categorical_accuracy ,9ad5ed81,6dff721a, Fix bug in sparse_categorical_accuracy  (#11373),3
11373, Fix bug in sparse_categorical_accuracy ,ecdce975,6dff721a, Fix bug in sparse_categorical_accuracy  (#11373),3
11373, Fix bug in sparse_categorical_accuracy ,ac773ed2,6dff721a, Fix bug in sparse_categorical_accuracy  (#11373),3
11373, Fix bug in sparse_categorical_accuracy ,d49baf1b,6dff721a, Fix bug in sparse_categorical_accuracy  (#11373),3
11373, Fix bug in sparse_categorical_accuracy ,61b30997,6dff721a, Fix bug in sparse_categorical_accuracy  (#11373),3
11373, Fix bug in sparse_categorical_accuracy ,0933147d,6dff721a, Fix bug in sparse_categorical_accuracy  (#11373),3
11373, Fix bug in sparse_categorical_accuracy ,1c6ab36c,6dff721a, Fix bug in sparse_categorical_accuracy  (#11373),3
11373, Fix bug in sparse_categorical_accuracy ,e94f29ca,6dff721a, Fix bug in sparse_categorical_accuracy  (#11373),3
11373, Fix bug in sparse_categorical_accuracy ,d7e0ba1c,6dff721a, Fix bug in sparse_categorical_accuracy  (#11373),3
11373, Fix bug in sparse_categorical_accuracy ,4ed53ae5,6dff721a, Fix bug in sparse_categorical_accuracy  (#11373),3
11373, Fix bug in sparse_categorical_accuracy ,3b76158c,6dff721a, Fix bug in sparse_categorical_accuracy  (#11373),3
11373, Fix bug in sparse_categorical_accuracy ,7b4e6ef5,6dff721a, Fix bug in sparse_categorical_accuracy  (#11373),3
11373, Fix bug in sparse_categorical_accuracy ,f804b19f,6dff721a, Fix bug in sparse_categorical_accuracy  (#11373),3
11373, Fix bug in sparse_categorical_accuracy ,e8a6ae29,6dff721a, Fix bug in sparse_categorical_accuracy  (#11373),3
11373, Fix bug in sparse_categorical_accuracy ,3af40ba5,6dff721a, Fix bug in sparse_categorical_accuracy  (#11373),3
11373, Fix bug in sparse_categorical_accuracy ,9a45500d,6dff721a, Fix bug in sparse_categorical_accuracy  (#11373),3
11289,Bug fix: model save when file already exists,5a24ebbb,611c4851,Merge pull request #1 from fchollet/master,2
11289,Bug fix: model save when file already exists,5a24ebbb,0d233b25,Update imdb_cnn_lstm.py,2
11289,Bug fix: model save when file already exists,5a24ebbb,e704e157,Update imdb_cnn_lstm.py,2
11289,Bug fix: model save when file already exists,5a24ebbb,6cc827ca,Bug fix,2
11289,Bug fix: model save when file already exists,5a24ebbb,d2051a5d,Added shape checking for concat merge,2
11289,Bug fix: model save when file already exists,5a24ebbb,1526d81a,Faster and better Sentiment Analysis example.,2
11289,Bug fix: model save when file already exists,5a24ebbb,73c00458,Bug fix,2
11289,Bug fix: model save when file already exists,5a24ebbb,3981a87b,Assert input shapes of Merge layer are equal,2
11289,Bug fix: model save when file already exists,5a24ebbb,569bb74a,Update comment to include new join merge mode,2
11289,Bug fix: model save when file already exists,5a24ebbb,d5cd2687,Update skipgram_word_embeddings.py,2
11263,Added a global timeout for the test suite.,ae6474df,32ff1d67,Removed StackedRNNCells from docs. (#9627),2
11263,Added a global timeout for the test suite.,ae6474df,125f4234,Refactoring of ConvLSTM2D. Added ConvRNN2D and ConvLSTM2DCell. (#9094),2
11263,Added a global timeout for the test suite.,ae6474df,7d1e0bc5,Enabling limited TensorBoard callback use with Theano and CNTK. (#8996),2
11263,Added a global timeout for the test suite.,ae6474df,5822ee2b,Regularization bug. Tests and fix. (#9098),2
11263,Added a global timeout for the test suite.,ae6474df,a6542e84,Removed fit call from regularizers tests. (#9117),2
11263,Added a global timeout for the test suite.,ae6474df,e1a1e880,Removed redundant os.path.expanduser call. (#8985),2
11263,Added a global timeout for the test suite.,ae6474df,d72c2b38,Removed unnecessary check. (#9000),2
11263,Added a global timeout for the test suite.,ae6474df,63c48ff2,[Requests for Contributions] Refactoring _standardize_input_data to make it faster. With explanations and benchmarks. (#8920),2
11263,Added a global timeout for the test suite.,ae6474df,45c838cc,"[WIP] Add support for sparse arrays in fit, predict and evaluate. (#8930)",2
11260,Travis was ignoring PEP8 failures. Now fixed.,f8e80beb,32ff1d67,Removed StackedRNNCells from docs. (#9627),2
11260,Travis was ignoring PEP8 failures. Now fixed.,f8e80beb,125f4234,Refactoring of ConvLSTM2D. Added ConvRNN2D and ConvLSTM2DCell. (#9094),2
11260,Travis was ignoring PEP8 failures. Now fixed.,f8e80beb,7d1e0bc5,Enabling limited TensorBoard callback use with Theano and CNTK. (#8996),2
11260,Travis was ignoring PEP8 failures. Now fixed.,f8e80beb,5822ee2b,Regularization bug. Tests and fix. (#9098),2
11260,Travis was ignoring PEP8 failures. Now fixed.,f8e80beb,a6542e84,Removed fit call from regularizers tests. (#9117),2
11260,Travis was ignoring PEP8 failures. Now fixed.,f8e80beb,e1a1e880,Removed redundant os.path.expanduser call. (#8985),2
11260,Travis was ignoring PEP8 failures. Now fixed.,f8e80beb,d72c2b38,Removed unnecessary check. (#9000),2
11260,Travis was ignoring PEP8 failures. Now fixed.,f8e80beb,63c48ff2,[Requests for Contributions] Refactoring _standardize_input_data to make it faster. With explanations and benchmarks. (#8920),2
11260,Travis was ignoring PEP8 failures. Now fixed.,f8e80beb,45c838cc,"[WIP] Add support for sparse arrays in fit, predict and evaluate. (#8930)",2
11059,Bug fix: batch_dot,9148325b,611c4851,Merge pull request #1 from fchollet/master,2
11059,Bug fix: batch_dot,9148325b,0d233b25,Update imdb_cnn_lstm.py,2
11059,Bug fix: batch_dot,9148325b,e704e157,Update imdb_cnn_lstm.py,2
11059,Bug fix: batch_dot,9148325b,6cc827ca,Bug fix,2
11059,Bug fix: batch_dot,9148325b,d2051a5d,Added shape checking for concat merge,2
11059,Bug fix: batch_dot,9148325b,1526d81a,Faster and better Sentiment Analysis example.,2
11059,Bug fix: batch_dot,9148325b,73c00458,Bug fix,2
11059,Bug fix: batch_dot,9148325b,3981a87b,Assert input shapes of Merge layer are equal,2
11059,Bug fix: batch_dot,9148325b,569bb74a,Update comment to include new join merge mode,2
11059,Bug fix: batch_dot,9148325b,d5cd2687,Update skipgram_word_embeddings.py,2
11059,Bug fix: batch_dot,ac6fde80,611c4851,Merge pull request #1 from fchollet/master,2
11059,Bug fix: batch_dot,ac6fde80,0d233b25,Update imdb_cnn_lstm.py,2
11059,Bug fix: batch_dot,ac6fde80,e704e157,Update imdb_cnn_lstm.py,2
11059,Bug fix: batch_dot,ac6fde80,6cc827ca,Bug fix,2
11059,Bug fix: batch_dot,ac6fde80,d2051a5d,Added shape checking for concat merge,2
11059,Bug fix: batch_dot,ac6fde80,1526d81a,Faster and better Sentiment Analysis example.,2
11059,Bug fix: batch_dot,ac6fde80,73c00458,Bug fix,2
11059,Bug fix: batch_dot,ac6fde80,3981a87b,Assert input shapes of Merge layer are equal,2
11059,Bug fix: batch_dot,ac6fde80,569bb74a,Update comment to include new join merge mode,2
11059,Bug fix: batch_dot,ac6fde80,d5cd2687,Update skipgram_word_embeddings.py,2
11059,Bug fix: batch_dot,7e071cd7,611c4851,Merge pull request #1 from fchollet/master,2
11059,Bug fix: batch_dot,7e071cd7,0d233b25,Update imdb_cnn_lstm.py,2
11059,Bug fix: batch_dot,7e071cd7,e704e157,Update imdb_cnn_lstm.py,2
11059,Bug fix: batch_dot,7e071cd7,6cc827ca,Bug fix,2
11059,Bug fix: batch_dot,7e071cd7,d2051a5d,Added shape checking for concat merge,2
11059,Bug fix: batch_dot,7e071cd7,1526d81a,Faster and better Sentiment Analysis example.,2
11059,Bug fix: batch_dot,7e071cd7,73c00458,Bug fix,2
11059,Bug fix: batch_dot,7e071cd7,3981a87b,Assert input shapes of Merge layer are equal,2
11059,Bug fix: batch_dot,7e071cd7,569bb74a,Update comment to include new join merge mode,2
11059,Bug fix: batch_dot,7e071cd7,d5cd2687,Update skipgram_word_embeddings.py,2
11059,Bug fix: batch_dot,a8537897,611c4851,Merge pull request #1 from fchollet/master,2
11059,Bug fix: batch_dot,a8537897,0d233b25,Update imdb_cnn_lstm.py,2
11059,Bug fix: batch_dot,a8537897,e704e157,Update imdb_cnn_lstm.py,2
11059,Bug fix: batch_dot,a8537897,6cc827ca,Bug fix,2
11059,Bug fix: batch_dot,a8537897,d2051a5d,Added shape checking for concat merge,2
11059,Bug fix: batch_dot,a8537897,1526d81a,Faster and better Sentiment Analysis example.,2
11059,Bug fix: batch_dot,a8537897,73c00458,Bug fix,2
11059,Bug fix: batch_dot,a8537897,3981a87b,Assert input shapes of Merge layer are equal,2
11059,Bug fix: batch_dot,a8537897,569bb74a,Update comment to include new join merge mode,2
11059,Bug fix: batch_dot,a8537897,d5cd2687,Update skipgram_word_embeddings.py,2
11059,Bug fix: batch_dot,1193427f,611c4851,Merge pull request #1 from fchollet/master,2
11059,Bug fix: batch_dot,1193427f,0d233b25,Update imdb_cnn_lstm.py,2
11059,Bug fix: batch_dot,1193427f,e704e157,Update imdb_cnn_lstm.py,2
11059,Bug fix: batch_dot,1193427f,6cc827ca,Bug fix,2
11059,Bug fix: batch_dot,1193427f,d2051a5d,Added shape checking for concat merge,2
11059,Bug fix: batch_dot,1193427f,1526d81a,Faster and better Sentiment Analysis example.,2
11059,Bug fix: batch_dot,1193427f,73c00458,Bug fix,2
11059,Bug fix: batch_dot,1193427f,3981a87b,Assert input shapes of Merge layer are equal,2
11059,Bug fix: batch_dot,1193427f,569bb74a,Update comment to include new join merge mode,2
11059,Bug fix: batch_dot,1193427f,d5cd2687,Update skipgram_word_embeddings.py,2
11059,Bug fix: batch_dot,80fbbc3a,611c4851,Merge pull request #1 from fchollet/master,2
11059,Bug fix: batch_dot,80fbbc3a,0d233b25,Update imdb_cnn_lstm.py,2
11059,Bug fix: batch_dot,80fbbc3a,e704e157,Update imdb_cnn_lstm.py,2
11059,Bug fix: batch_dot,80fbbc3a,6cc827ca,Bug fix,2
11059,Bug fix: batch_dot,80fbbc3a,d2051a5d,Added shape checking for concat merge,2
11059,Bug fix: batch_dot,80fbbc3a,1526d81a,Faster and better Sentiment Analysis example.,2
11059,Bug fix: batch_dot,80fbbc3a,73c00458,Bug fix,2
11059,Bug fix: batch_dot,80fbbc3a,3981a87b,Assert input shapes of Merge layer are equal,2
11059,Bug fix: batch_dot,80fbbc3a,569bb74a,Update comment to include new join merge mode,2
11059,Bug fix: batch_dot,80fbbc3a,d5cd2687,Update skipgram_word_embeddings.py,2
11059,Bug fix: batch_dot,f59736a0,611c4851,Merge pull request #1 from fchollet/master,2
11059,Bug fix: batch_dot,f59736a0,0d233b25,Update imdb_cnn_lstm.py,2
11059,Bug fix: batch_dot,f59736a0,e704e157,Update imdb_cnn_lstm.py,2
11059,Bug fix: batch_dot,f59736a0,6cc827ca,Bug fix,2
11059,Bug fix: batch_dot,f59736a0,d2051a5d,Added shape checking for concat merge,2
11059,Bug fix: batch_dot,f59736a0,1526d81a,Faster and better Sentiment Analysis example.,2
11059,Bug fix: batch_dot,f59736a0,73c00458,Bug fix,2
11059,Bug fix: batch_dot,f59736a0,3981a87b,Assert input shapes of Merge layer are equal,2
11059,Bug fix: batch_dot,f59736a0,569bb74a,Update comment to include new join merge mode,2
11059,Bug fix: batch_dot,f59736a0,d5cd2687,Update skipgram_word_embeddings.py,2
11059,Bug fix: batch_dot,55447cbb,611c4851,Merge pull request #1 from fchollet/master,2
11059,Bug fix: batch_dot,55447cbb,0d233b25,Update imdb_cnn_lstm.py,2
11059,Bug fix: batch_dot,55447cbb,e704e157,Update imdb_cnn_lstm.py,2
11059,Bug fix: batch_dot,55447cbb,6cc827ca,Bug fix,2
11059,Bug fix: batch_dot,55447cbb,d2051a5d,Added shape checking for concat merge,2
11059,Bug fix: batch_dot,55447cbb,1526d81a,Faster and better Sentiment Analysis example.,2
11059,Bug fix: batch_dot,55447cbb,73c00458,Bug fix,2
11059,Bug fix: batch_dot,55447cbb,3981a87b,Assert input shapes of Merge layer are equal,2
11059,Bug fix: batch_dot,55447cbb,569bb74a,Update comment to include new join merge mode,2
11059,Bug fix: batch_dot,55447cbb,d5cd2687,Update skipgram_word_embeddings.py,2
11059,Bug fix: batch_dot,d09e2a67,611c4851,Merge pull request #1 from fchollet/master,2
11059,Bug fix: batch_dot,d09e2a67,0d233b25,Update imdb_cnn_lstm.py,2
11059,Bug fix: batch_dot,d09e2a67,e704e157,Update imdb_cnn_lstm.py,2
11059,Bug fix: batch_dot,d09e2a67,6cc827ca,Bug fix,2
11059,Bug fix: batch_dot,d09e2a67,d2051a5d,Added shape checking for concat merge,2
11059,Bug fix: batch_dot,d09e2a67,1526d81a,Faster and better Sentiment Analysis example.,2
11059,Bug fix: batch_dot,d09e2a67,73c00458,Bug fix,2
11059,Bug fix: batch_dot,d09e2a67,3981a87b,Assert input shapes of Merge layer are equal,2
11059,Bug fix: batch_dot,d09e2a67,569bb74a,Update comment to include new join merge mode,2
11059,Bug fix: batch_dot,d09e2a67,d5cd2687,Update skipgram_word_embeddings.py,2
11059,Bug fix: batch_dot,cee4f72a,611c4851,Merge pull request #1 from fchollet/master,2
11059,Bug fix: batch_dot,cee4f72a,0d233b25,Update imdb_cnn_lstm.py,2
11059,Bug fix: batch_dot,cee4f72a,e704e157,Update imdb_cnn_lstm.py,2
11059,Bug fix: batch_dot,cee4f72a,6cc827ca,Bug fix,2
11059,Bug fix: batch_dot,cee4f72a,d2051a5d,Added shape checking for concat merge,2
11059,Bug fix: batch_dot,cee4f72a,1526d81a,Faster and better Sentiment Analysis example.,2
11059,Bug fix: batch_dot,cee4f72a,73c00458,Bug fix,2
11059,Bug fix: batch_dot,cee4f72a,3981a87b,Assert input shapes of Merge layer are equal,2
11059,Bug fix: batch_dot,cee4f72a,569bb74a,Update comment to include new join merge mode,2
11059,Bug fix: batch_dot,cee4f72a,d5cd2687,Update skipgram_word_embeddings.py,2
11059,Bug fix: batch_dot,de2884af,611c4851,Merge pull request #1 from fchollet/master,2
11059,Bug fix: batch_dot,de2884af,0d233b25,Update imdb_cnn_lstm.py,2
11059,Bug fix: batch_dot,de2884af,e704e157,Update imdb_cnn_lstm.py,2
11059,Bug fix: batch_dot,de2884af,6cc827ca,Bug fix,2
11059,Bug fix: batch_dot,de2884af,d2051a5d,Added shape checking for concat merge,2
11059,Bug fix: batch_dot,de2884af,1526d81a,Faster and better Sentiment Analysis example.,2
11059,Bug fix: batch_dot,de2884af,73c00458,Bug fix,2
11059,Bug fix: batch_dot,de2884af,3981a87b,Assert input shapes of Merge layer are equal,2
11059,Bug fix: batch_dot,de2884af,569bb74a,Update comment to include new join merge mode,2
11059,Bug fix: batch_dot,de2884af,d5cd2687,Update skipgram_word_embeddings.py,2
11059,Bug fix: batch_dot,aca4a773,611c4851,Merge pull request #1 from fchollet/master,2
11059,Bug fix: batch_dot,aca4a773,0d233b25,Update imdb_cnn_lstm.py,2
11059,Bug fix: batch_dot,aca4a773,e704e157,Update imdb_cnn_lstm.py,2
11059,Bug fix: batch_dot,aca4a773,6cc827ca,Bug fix,2
11059,Bug fix: batch_dot,aca4a773,d2051a5d,Added shape checking for concat merge,2
11059,Bug fix: batch_dot,aca4a773,1526d81a,Faster and better Sentiment Analysis example.,2
11059,Bug fix: batch_dot,aca4a773,73c00458,Bug fix,2
11059,Bug fix: batch_dot,aca4a773,3981a87b,Assert input shapes of Merge layer are equal,2
11059,Bug fix: batch_dot,aca4a773,569bb74a,Update comment to include new join merge mode,2
11059,Bug fix: batch_dot,aca4a773,d5cd2687,Update skipgram_word_embeddings.py,2
11059,Bug fix: batch_dot,ad254f99,611c4851,Merge pull request #1 from fchollet/master,2
11059,Bug fix: batch_dot,ad254f99,0d233b25,Update imdb_cnn_lstm.py,2
11059,Bug fix: batch_dot,ad254f99,e704e157,Update imdb_cnn_lstm.py,2
11059,Bug fix: batch_dot,ad254f99,6cc827ca,Bug fix,2
11059,Bug fix: batch_dot,ad254f99,d2051a5d,Added shape checking for concat merge,2
11059,Bug fix: batch_dot,ad254f99,1526d81a,Faster and better Sentiment Analysis example.,2
11059,Bug fix: batch_dot,ad254f99,73c00458,Bug fix,2
11059,Bug fix: batch_dot,ad254f99,3981a87b,Assert input shapes of Merge layer are equal,2
11059,Bug fix: batch_dot,ad254f99,569bb74a,Update comment to include new join merge mode,2
11059,Bug fix: batch_dot,ad254f99,d5cd2687,Update skipgram_word_embeddings.py,2
11059,Bug fix: batch_dot,6cc827ca,611c4851,Merge pull request #1 from fchollet/master,2
11059,Bug fix: batch_dot,6cc827ca,0d233b25,Update imdb_cnn_lstm.py,2
11059,Bug fix: batch_dot,6cc827ca,e704e157,Update imdb_cnn_lstm.py,2
11059,Bug fix: batch_dot,6cc827ca,6cc827ca,Bug fix,2
11059,Bug fix: batch_dot,6cc827ca,d2051a5d,Added shape checking for concat merge,2
11059,Bug fix: batch_dot,6cc827ca,1526d81a,Faster and better Sentiment Analysis example.,2
11059,Bug fix: batch_dot,6cc827ca,73c00458,Bug fix,2
11059,Bug fix: batch_dot,6cc827ca,3981a87b,Assert input shapes of Merge layer are equal,2
11059,Bug fix: batch_dot,6cc827ca,569bb74a,Update comment to include new join merge mode,2
11059,Bug fix: batch_dot,6cc827ca,d5cd2687,Update skipgram_word_embeddings.py,2
11059,Bug fix: batch_dot,73c00458,611c4851,Merge pull request #1 from fchollet/master,2
11059,Bug fix: batch_dot,73c00458,0d233b25,Update imdb_cnn_lstm.py,2
11059,Bug fix: batch_dot,73c00458,e704e157,Update imdb_cnn_lstm.py,2
11059,Bug fix: batch_dot,73c00458,6cc827ca,Bug fix,2
11059,Bug fix: batch_dot,73c00458,d2051a5d,Added shape checking for concat merge,2
11059,Bug fix: batch_dot,73c00458,1526d81a,Faster and better Sentiment Analysis example.,2
11059,Bug fix: batch_dot,73c00458,73c00458,Bug fix,2
11059,Bug fix: batch_dot,73c00458,3981a87b,Assert input shapes of Merge layer are equal,2
11059,Bug fix: batch_dot,73c00458,569bb74a,Update comment to include new join merge mode,2
11059,Bug fix: batch_dot,73c00458,d5cd2687,Update skipgram_word_embeddings.py,2
10944,Keras >= 2.2.1 no longer respects fit_generator(validation_steps=...),eb2c1fdc,d035967a,RNN: properly set built flag to True (#9628),2
10944,Keras >= 2.2.1 no longer respects fit_generator(validation_steps=...),26d5e100,d035967a,RNN: properly set built flag to True (#9628),2
10859,Some code refactoring using `transpose_shape` in tensorflow_backend.py. Part 2,672a873f,32ff1d67,Removed StackedRNNCells from docs. (#9627),2
10859,Some code refactoring using `transpose_shape` in tensorflow_backend.py. Part 2,672a873f,125f4234,Refactoring of ConvLSTM2D. Added ConvRNN2D and ConvLSTM2DCell. (#9094),2
10859,Some code refactoring using `transpose_shape` in tensorflow_backend.py. Part 2,672a873f,7d1e0bc5,Enabling limited TensorBoard callback use with Theano and CNTK. (#8996),2
10859,Some code refactoring using `transpose_shape` in tensorflow_backend.py. Part 2,672a873f,5822ee2b,Regularization bug. Tests and fix. (#9098),2
10859,Some code refactoring using `transpose_shape` in tensorflow_backend.py. Part 2,672a873f,a6542e84,Removed fit call from regularizers tests. (#9117),2
10859,Some code refactoring using `transpose_shape` in tensorflow_backend.py. Part 2,672a873f,e1a1e880,Removed redundant os.path.expanduser call. (#8985),2
10859,Some code refactoring using `transpose_shape` in tensorflow_backend.py. Part 2,672a873f,d72c2b38,Removed unnecessary check. (#9000),2
10859,Some code refactoring using `transpose_shape` in tensorflow_backend.py. Part 2,672a873f,63c48ff2,[Requests for Contributions] Refactoring _standardize_input_data to make it faster. With explanations and benchmarks. (#8920),2
10859,Some code refactoring using `transpose_shape` in tensorflow_backend.py. Part 2,672a873f,45c838cc,"[WIP] Add support for sparse arrays in fit, predict and evaluate. (#8930)",2
10859,Some code refactoring using `transpose_shape` in tensorflow_backend.py. Part 2,359e7627,32ff1d67,Removed StackedRNNCells from docs. (#9627),2
10859,Some code refactoring using `transpose_shape` in tensorflow_backend.py. Part 2,359e7627,125f4234,Refactoring of ConvLSTM2D. Added ConvRNN2D and ConvLSTM2DCell. (#9094),2
10859,Some code refactoring using `transpose_shape` in tensorflow_backend.py. Part 2,359e7627,7d1e0bc5,Enabling limited TensorBoard callback use with Theano and CNTK. (#8996),2
10859,Some code refactoring using `transpose_shape` in tensorflow_backend.py. Part 2,359e7627,5822ee2b,Regularization bug. Tests and fix. (#9098),2
10859,Some code refactoring using `transpose_shape` in tensorflow_backend.py. Part 2,359e7627,a6542e84,Removed fit call from regularizers tests. (#9117),2
10859,Some code refactoring using `transpose_shape` in tensorflow_backend.py. Part 2,359e7627,e1a1e880,Removed redundant os.path.expanduser call. (#8985),2
10859,Some code refactoring using `transpose_shape` in tensorflow_backend.py. Part 2,359e7627,d72c2b38,Removed unnecessary check. (#9000),2
10859,Some code refactoring using `transpose_shape` in tensorflow_backend.py. Part 2,359e7627,63c48ff2,[Requests for Contributions] Refactoring _standardize_input_data to make it faster. With explanations and benchmarks. (#8920),2
10859,Some code refactoring using `transpose_shape` in tensorflow_backend.py. Part 2,359e7627,45c838cc,"[WIP] Add support for sparse arrays in fit, predict and evaluate. (#8930)",2
10859,Some code refactoring using `transpose_shape` in tensorflow_backend.py. Part 2,9aed521e,32ff1d67,Removed StackedRNNCells from docs. (#9627),2
10859,Some code refactoring using `transpose_shape` in tensorflow_backend.py. Part 2,9aed521e,125f4234,Refactoring of ConvLSTM2D. Added ConvRNN2D and ConvLSTM2DCell. (#9094),2
10859,Some code refactoring using `transpose_shape` in tensorflow_backend.py. Part 2,9aed521e,7d1e0bc5,Enabling limited TensorBoard callback use with Theano and CNTK. (#8996),2
10859,Some code refactoring using `transpose_shape` in tensorflow_backend.py. Part 2,9aed521e,5822ee2b,Regularization bug. Tests and fix. (#9098),2
10859,Some code refactoring using `transpose_shape` in tensorflow_backend.py. Part 2,9aed521e,a6542e84,Removed fit call from regularizers tests. (#9117),2
10859,Some code refactoring using `transpose_shape` in tensorflow_backend.py. Part 2,9aed521e,e1a1e880,Removed redundant os.path.expanduser call. (#8985),2
10859,Some code refactoring using `transpose_shape` in tensorflow_backend.py. Part 2,9aed521e,d72c2b38,Removed unnecessary check. (#9000),2
10859,Some code refactoring using `transpose_shape` in tensorflow_backend.py. Part 2,9aed521e,63c48ff2,[Requests for Contributions] Refactoring _standardize_input_data to make it faster. With explanations and benchmarks. (#8920),2
10859,Some code refactoring using `transpose_shape` in tensorflow_backend.py. Part 2,9aed521e,45c838cc,"[WIP] Add support for sparse arrays in fit, predict and evaluate. (#8930)",2
9865,Fixed the NASNet issue.,af804d0a,32ff1d67,Removed StackedRNNCells from docs. (#9627),2
9865,Fixed the NASNet issue.,af804d0a,125f4234,Refactoring of ConvLSTM2D. Added ConvRNN2D and ConvLSTM2DCell. (#9094),2
9865,Fixed the NASNet issue.,af804d0a,7d1e0bc5,Enabling limited TensorBoard callback use with Theano and CNTK. (#8996),2
9865,Fixed the NASNet issue.,af804d0a,5822ee2b,Regularization bug. Tests and fix. (#9098),2
9865,Fixed the NASNet issue.,af804d0a,a6542e84,Removed fit call from regularizers tests. (#9117),2
9865,Fixed the NASNet issue.,af804d0a,e1a1e880,Removed redundant os.path.expanduser call. (#8985),2
9865,Fixed the NASNet issue.,af804d0a,d72c2b38,Removed unnecessary check. (#9000),2
9865,Fixed the NASNet issue.,af804d0a,63c48ff2,[Requests for Contributions] Refactoring _standardize_input_data to make it faster. With explanations and benchmarks. (#8920),2
9865,Fixed the NASNet issue.,af804d0a,45c838cc,"[WIP] Add support for sparse arrays in fit, predict and evaluate. (#8930)",2
9599,bug fix - run_internal_graph(),839d3dd0,611c4851,Merge pull request #1 from fchollet/master,2
9599,bug fix - run_internal_graph(),839d3dd0,0d233b25,Update imdb_cnn_lstm.py,2
9599,bug fix - run_internal_graph(),839d3dd0,e704e157,Update imdb_cnn_lstm.py,2
9599,bug fix - run_internal_graph(),839d3dd0,6cc827ca,Bug fix,2
9599,bug fix - run_internal_graph(),839d3dd0,d2051a5d,Added shape checking for concat merge,2
9599,bug fix - run_internal_graph(),839d3dd0,1526d81a,Faster and better Sentiment Analysis example.,2
9599,bug fix - run_internal_graph(),839d3dd0,73c00458,Bug fix,2
9599,bug fix - run_internal_graph(),839d3dd0,3981a87b,Assert input shapes of Merge layer are equal,2
9599,bug fix - run_internal_graph(),839d3dd0,569bb74a,Update comment to include new join merge mode,2
9599,bug fix - run_internal_graph(),839d3dd0,d5cd2687,Update skipgram_word_embeddings.py,2
9599,bug fix - run_internal_graph(),2752a587,611c4851,Merge pull request #1 from fchollet/master,2
9599,bug fix - run_internal_graph(),2752a587,0d233b25,Update imdb_cnn_lstm.py,2
9599,bug fix - run_internal_graph(),2752a587,e704e157,Update imdb_cnn_lstm.py,2
9599,bug fix - run_internal_graph(),2752a587,6cc827ca,Bug fix,2
9599,bug fix - run_internal_graph(),2752a587,d2051a5d,Added shape checking for concat merge,2
9599,bug fix - run_internal_graph(),2752a587,1526d81a,Faster and better Sentiment Analysis example.,2
9599,bug fix - run_internal_graph(),2752a587,73c00458,Bug fix,2
9599,bug fix - run_internal_graph(),2752a587,3981a87b,Assert input shapes of Merge layer are equal,2
9599,bug fix - run_internal_graph(),2752a587,569bb74a,Update comment to include new join merge mode,2
9599,bug fix - run_internal_graph(),2752a587,d5cd2687,Update skipgram_word_embeddings.py,2
9519,missing K.sum() in margin_loss of cifar10_cnn_capsule.py ,500401ba,500401ba,bug-fix cifar10_cnn_capsule.py missing K.sum() (#9520),2
9098,Regularization bug. Tests and fix.,5822ee2b,32ff1d67,Removed StackedRNNCells from docs. (#9627),2
9098,Regularization bug. Tests and fix.,5822ee2b,125f4234,Refactoring of ConvLSTM2D. Added ConvRNN2D and ConvLSTM2DCell. (#9094),2
9098,Regularization bug. Tests and fix.,5822ee2b,7d1e0bc5,Enabling limited TensorBoard callback use with Theano and CNTK. (#8996),2
9098,Regularization bug. Tests and fix.,5822ee2b,5822ee2b,Regularization bug. Tests and fix. (#9098),3
9098,Regularization bug. Tests and fix.,5822ee2b,a6542e84,Removed fit call from regularizers tests. (#9117),2
9098,Regularization bug. Tests and fix.,5822ee2b,e1a1e880,Removed redundant os.path.expanduser call. (#8985),2
9098,Regularization bug. Tests and fix.,5822ee2b,d72c2b38,Removed unnecessary check. (#9000),2
9098,Regularization bug. Tests and fix.,5822ee2b,63c48ff2,[Requests for Contributions] Refactoring _standardize_input_data to make it faster. With explanations and benchmarks. (#8920),2
9098,Regularization bug. Tests and fix.,5822ee2b,45c838cc,"[WIP] Add support for sparse arrays in fit, predict and evaluate. (#8930)",2
9098,Regularization bug. Tests and fix.,2752a587,32ff1d67,Removed StackedRNNCells from docs. (#9627),2
9098,Regularization bug. Tests and fix.,2752a587,125f4234,Refactoring of ConvLSTM2D. Added ConvRNN2D and ConvLSTM2DCell. (#9094),2
9098,Regularization bug. Tests and fix.,2752a587,7d1e0bc5,Enabling limited TensorBoard callback use with Theano and CNTK. (#8996),2
9098,Regularization bug. Tests and fix.,2752a587,5822ee2b,Regularization bug. Tests and fix. (#9098),3
9098,Regularization bug. Tests and fix.,2752a587,a6542e84,Removed fit call from regularizers tests. (#9117),2
9098,Regularization bug. Tests and fix.,2752a587,e1a1e880,Removed redundant os.path.expanduser call. (#8985),2
9098,Regularization bug. Tests and fix.,2752a587,d72c2b38,Removed unnecessary check. (#9000),2
9098,Regularization bug. Tests and fix.,2752a587,63c48ff2,[Requests for Contributions] Refactoring _standardize_input_data to make it faster. With explanations and benchmarks. (#8920),2
9098,Regularization bug. Tests and fix.,2752a587,45c838cc,"[WIP] Add support for sparse arrays in fit, predict and evaluate. (#8930)",2
8932,[Requests for Contributions (Issues)] Added test for a bug about regularization.,068a6804,32ff1d67,Removed StackedRNNCells from docs. (#9627),2
8932,[Requests for Contributions (Issues)] Added test for a bug about regularization.,068a6804,125f4234,Refactoring of ConvLSTM2D. Added ConvRNN2D and ConvLSTM2DCell. (#9094),2
8932,[Requests for Contributions (Issues)] Added test for a bug about regularization.,068a6804,7d1e0bc5,Enabling limited TensorBoard callback use with Theano and CNTK. (#8996),2
8932,[Requests for Contributions (Issues)] Added test for a bug about regularization.,068a6804,5822ee2b,Regularization bug. Tests and fix. (#9098),2
8932,[Requests for Contributions (Issues)] Added test for a bug about regularization.,068a6804,a6542e84,Removed fit call from regularizers tests. (#9117),2
8932,[Requests for Contributions (Issues)] Added test for a bug about regularization.,068a6804,e1a1e880,Removed redundant os.path.expanduser call. (#8985),2
8932,[Requests for Contributions (Issues)] Added test for a bug about regularization.,068a6804,d72c2b38,Removed unnecessary check. (#9000),2
8932,[Requests for Contributions (Issues)] Added test for a bug about regularization.,068a6804,63c48ff2,[Requests for Contributions] Refactoring _standardize_input_data to make it faster. With explanations and benchmarks. (#8920),2
8932,[Requests for Contributions (Issues)] Added test for a bug about regularization.,068a6804,45c838cc,"[WIP] Add support for sparse arrays in fit, predict and evaluate. (#8930)",2
8881,Tokenizer: add optional OOV token for sequences,cb6adf8d,cb6adf8d,Tokenizer: add optional OOV token for sequences (#8881),3
8025,Bug fix: Models with shared layers shouldn't be considered Sequential like,213ec198,611c4851,Merge pull request #1 from fchollet/master,2
8025,Bug fix: Models with shared layers shouldn't be considered Sequential like,213ec198,0d233b25,Update imdb_cnn_lstm.py,2
8025,Bug fix: Models with shared layers shouldn't be considered Sequential like,213ec198,e704e157,Update imdb_cnn_lstm.py,2
8025,Bug fix: Models with shared layers shouldn't be considered Sequential like,213ec198,6cc827ca,Bug fix,2
8025,Bug fix: Models with shared layers shouldn't be considered Sequential like,213ec198,d2051a5d,Added shape checking for concat merge,2
8025,Bug fix: Models with shared layers shouldn't be considered Sequential like,213ec198,1526d81a,Faster and better Sentiment Analysis example.,2
8025,Bug fix: Models with shared layers shouldn't be considered Sequential like,213ec198,73c00458,Bug fix,2
8025,Bug fix: Models with shared layers shouldn't be considered Sequential like,213ec198,3981a87b,Assert input shapes of Merge layer are equal,2
8025,Bug fix: Models with shared layers shouldn't be considered Sequential like,213ec198,569bb74a,Update comment to include new join merge mode,2
8025,Bug fix: Models with shared layers shouldn't be considered Sequential like,213ec198,d5cd2687,Update skipgram_word_embeddings.py,2
7903,Bug fix: Don't change original dict in from_config,b24f4448,611c4851,Merge pull request #1 from fchollet/master,2
7903,Bug fix: Don't change original dict in from_config,b24f4448,0d233b25,Update imdb_cnn_lstm.py,2
7903,Bug fix: Don't change original dict in from_config,b24f4448,e704e157,Update imdb_cnn_lstm.py,2
7903,Bug fix: Don't change original dict in from_config,b24f4448,6cc827ca,Bug fix,2
7903,Bug fix: Don't change original dict in from_config,b24f4448,d2051a5d,Added shape checking for concat merge,2
7903,Bug fix: Don't change original dict in from_config,b24f4448,1526d81a,Faster and better Sentiment Analysis example.,2
7903,Bug fix: Don't change original dict in from_config,b24f4448,73c00458,Bug fix,2
7903,Bug fix: Don't change original dict in from_config,b24f4448,3981a87b,Assert input shapes of Merge layer are equal,2
7903,Bug fix: Don't change original dict in from_config,b24f4448,569bb74a,Update comment to include new join merge mode,2
7903,Bug fix: Don't change original dict in from_config,b24f4448,d5cd2687,Update skipgram_word_embeddings.py,2
7222,Bug fix: Support multiple outputs in Lambda layer,692e8e20,611c4851,Merge pull request #1 from fchollet/master,2
7222,Bug fix: Support multiple outputs in Lambda layer,692e8e20,0d233b25,Update imdb_cnn_lstm.py,2
7222,Bug fix: Support multiple outputs in Lambda layer,692e8e20,e704e157,Update imdb_cnn_lstm.py,2
7222,Bug fix: Support multiple outputs in Lambda layer,692e8e20,6cc827ca,Bug fix,2
7222,Bug fix: Support multiple outputs in Lambda layer,692e8e20,d2051a5d,Added shape checking for concat merge,2
7222,Bug fix: Support multiple outputs in Lambda layer,692e8e20,1526d81a,Faster and better Sentiment Analysis example.,2
7222,Bug fix: Support multiple outputs in Lambda layer,692e8e20,73c00458,Bug fix,2
7222,Bug fix: Support multiple outputs in Lambda layer,692e8e20,3981a87b,Assert input shapes of Merge layer are equal,2
7222,Bug fix: Support multiple outputs in Lambda layer,692e8e20,569bb74a,Update comment to include new join merge mode,2
7222,Bug fix: Support multiple outputs in Lambda layer,692e8e20,d5cd2687,Update skipgram_word_embeddings.py,2
7222,Bug fix: Support multiple outputs in Lambda layer,4f9e7bf9,611c4851,Merge pull request #1 from fchollet/master,2
7222,Bug fix: Support multiple outputs in Lambda layer,4f9e7bf9,0d233b25,Update imdb_cnn_lstm.py,2
7222,Bug fix: Support multiple outputs in Lambda layer,4f9e7bf9,e704e157,Update imdb_cnn_lstm.py,2
7222,Bug fix: Support multiple outputs in Lambda layer,4f9e7bf9,6cc827ca,Bug fix,2
7222,Bug fix: Support multiple outputs in Lambda layer,4f9e7bf9,d2051a5d,Added shape checking for concat merge,2
7222,Bug fix: Support multiple outputs in Lambda layer,4f9e7bf9,1526d81a,Faster and better Sentiment Analysis example.,2
7222,Bug fix: Support multiple outputs in Lambda layer,4f9e7bf9,73c00458,Bug fix,2
7222,Bug fix: Support multiple outputs in Lambda layer,4f9e7bf9,3981a87b,Assert input shapes of Merge layer are equal,2
7222,Bug fix: Support multiple outputs in Lambda layer,4f9e7bf9,569bb74a,Update comment to include new join merge mode,2
7222,Bug fix: Support multiple outputs in Lambda layer,4f9e7bf9,d5cd2687,Update skipgram_word_embeddings.py,2
7027,Add FAQ section for creating reproducible results,a8f1b28c,a8f1b28c,Add FAQ section for creating reproducible results (#7027),3
7027,Add FAQ section for creating reproducible results,a8f1b28c,f4cb8900,Minor typo correction in faq.md (#6964),2
6591,Fix bug in EarlyStopping to reset stopped_epoch,6dff721a,85fe6427,Added hinge loss for categorical classification (#6687),2
6591,Fix bug in EarlyStopping to reset stopped_epoch,6dff721a,5f4f234f,"In EarlyStopping, reset stopped_epoch in on_train_begin to allow it to be re-used (#6591)",3
6591,Fix bug in EarlyStopping to reset stopped_epoch,02bc5010,85fe6427,Added hinge loss for categorical classification (#6687),2
6591,Fix bug in EarlyStopping to reset stopped_epoch,02bc5010,5f4f234f,"In EarlyStopping, reset stopped_epoch in on_train_begin to allow it to be re-used (#6591)",3
6591,Fix bug in EarlyStopping to reset stopped_epoch,1ddf2352,85fe6427,Added hinge loss for categorical classification (#6687),2
6591,Fix bug in EarlyStopping to reset stopped_epoch,1ddf2352,5f4f234f,"In EarlyStopping, reset stopped_epoch in on_train_begin to allow it to be re-used (#6591)",3
6591,Fix bug in EarlyStopping to reset stopped_epoch,5f4f234f,85fe6427,Added hinge loss for categorical classification (#6687),2
6591,Fix bug in EarlyStopping to reset stopped_epoch,5f4f234f,5f4f234f,"In EarlyStopping, reset stopped_epoch in on_train_begin to allow it to be re-used (#6591)",3
6591,Fix bug in EarlyStopping to reset stopped_epoch,21bf90cb,85fe6427,Added hinge loss for categorical classification (#6687),2
6591,Fix bug in EarlyStopping to reset stopped_epoch,21bf90cb,5f4f234f,"In EarlyStopping, reset stopped_epoch in on_train_begin to allow it to be re-used (#6591)",3
6581,Bug fix: convolutional recurrent (again),0d27d903,611c4851,Merge pull request #1 from fchollet/master,2
6581,Bug fix: convolutional recurrent (again),0d27d903,0d233b25,Update imdb_cnn_lstm.py,2
6581,Bug fix: convolutional recurrent (again),0d27d903,e704e157,Update imdb_cnn_lstm.py,2
6581,Bug fix: convolutional recurrent (again),0d27d903,6cc827ca,Bug fix,2
6581,Bug fix: convolutional recurrent (again),0d27d903,d2051a5d,Added shape checking for concat merge,2
6581,Bug fix: convolutional recurrent (again),0d27d903,1526d81a,Faster and better Sentiment Analysis example.,2
6581,Bug fix: convolutional recurrent (again),0d27d903,73c00458,Bug fix,2
6581,Bug fix: convolutional recurrent (again),0d27d903,3981a87b,Assert input shapes of Merge layer are equal,2
6581,Bug fix: convolutional recurrent (again),0d27d903,569bb74a,Update comment to include new join merge mode,2
6581,Bug fix: convolutional recurrent (again),0d27d903,d5cd2687,Update skipgram_word_embeddings.py,2
6581,Bug fix: convolutional recurrent (again),4f9e7bf9,611c4851,Merge pull request #1 from fchollet/master,2
6581,Bug fix: convolutional recurrent (again),4f9e7bf9,0d233b25,Update imdb_cnn_lstm.py,2
6581,Bug fix: convolutional recurrent (again),4f9e7bf9,e704e157,Update imdb_cnn_lstm.py,2
6581,Bug fix: convolutional recurrent (again),4f9e7bf9,6cc827ca,Bug fix,2
6581,Bug fix: convolutional recurrent (again),4f9e7bf9,d2051a5d,Added shape checking for concat merge,2
6581,Bug fix: convolutional recurrent (again),4f9e7bf9,1526d81a,Faster and better Sentiment Analysis example.,2
6581,Bug fix: convolutional recurrent (again),4f9e7bf9,73c00458,Bug fix,2
6581,Bug fix: convolutional recurrent (again),4f9e7bf9,3981a87b,Assert input shapes of Merge layer are equal,2
6581,Bug fix: convolutional recurrent (again),4f9e7bf9,569bb74a,Update comment to include new join merge mode,2
6581,Bug fix: convolutional recurrent (again),4f9e7bf9,d5cd2687,Update skipgram_word_embeddings.py,2
6581,Bug fix: convolutional recurrent (again),a8537897,611c4851,Merge pull request #1 from fchollet/master,2
6581,Bug fix: convolutional recurrent (again),a8537897,0d233b25,Update imdb_cnn_lstm.py,2
6581,Bug fix: convolutional recurrent (again),a8537897,e704e157,Update imdb_cnn_lstm.py,2
6581,Bug fix: convolutional recurrent (again),a8537897,6cc827ca,Bug fix,2
6581,Bug fix: convolutional recurrent (again),a8537897,d2051a5d,Added shape checking for concat merge,2
6581,Bug fix: convolutional recurrent (again),a8537897,1526d81a,Faster and better Sentiment Analysis example.,2
6581,Bug fix: convolutional recurrent (again),a8537897,73c00458,Bug fix,2
6581,Bug fix: convolutional recurrent (again),a8537897,3981a87b,Assert input shapes of Merge layer are equal,2
6581,Bug fix: convolutional recurrent (again),a8537897,569bb74a,Update comment to include new join merge mode,2
6581,Bug fix: convolutional recurrent (again),a8537897,d5cd2687,Update skipgram_word_embeddings.py,2
6581,Bug fix: convolutional recurrent (again),1193427f,611c4851,Merge pull request #1 from fchollet/master,2
6581,Bug fix: convolutional recurrent (again),1193427f,0d233b25,Update imdb_cnn_lstm.py,2
6581,Bug fix: convolutional recurrent (again),1193427f,e704e157,Update imdb_cnn_lstm.py,2
6581,Bug fix: convolutional recurrent (again),1193427f,6cc827ca,Bug fix,2
6581,Bug fix: convolutional recurrent (again),1193427f,d2051a5d,Added shape checking for concat merge,2
6581,Bug fix: convolutional recurrent (again),1193427f,1526d81a,Faster and better Sentiment Analysis example.,2
6581,Bug fix: convolutional recurrent (again),1193427f,73c00458,Bug fix,2
6581,Bug fix: convolutional recurrent (again),1193427f,3981a87b,Assert input shapes of Merge layer are equal,2
6581,Bug fix: convolutional recurrent (again),1193427f,569bb74a,Update comment to include new join merge mode,2
6581,Bug fix: convolutional recurrent (again),1193427f,d5cd2687,Update skipgram_word_embeddings.py,2
6581,Bug fix: convolutional recurrent (again),cee4f72a,611c4851,Merge pull request #1 from fchollet/master,2
6581,Bug fix: convolutional recurrent (again),cee4f72a,0d233b25,Update imdb_cnn_lstm.py,2
6581,Bug fix: convolutional recurrent (again),cee4f72a,e704e157,Update imdb_cnn_lstm.py,2
6581,Bug fix: convolutional recurrent (again),cee4f72a,6cc827ca,Bug fix,2
6581,Bug fix: convolutional recurrent (again),cee4f72a,d2051a5d,Added shape checking for concat merge,2
6581,Bug fix: convolutional recurrent (again),cee4f72a,1526d81a,Faster and better Sentiment Analysis example.,2
6581,Bug fix: convolutional recurrent (again),cee4f72a,73c00458,Bug fix,2
6581,Bug fix: convolutional recurrent (again),cee4f72a,3981a87b,Assert input shapes of Merge layer are equal,2
6581,Bug fix: convolutional recurrent (again),cee4f72a,569bb74a,Update comment to include new join merge mode,2
6581,Bug fix: convolutional recurrent (again),cee4f72a,d5cd2687,Update skipgram_word_embeddings.py,2
6581,Bug fix: convolutional recurrent (again),de2884af,611c4851,Merge pull request #1 from fchollet/master,2
6581,Bug fix: convolutional recurrent (again),de2884af,0d233b25,Update imdb_cnn_lstm.py,2
6581,Bug fix: convolutional recurrent (again),de2884af,e704e157,Update imdb_cnn_lstm.py,2
6581,Bug fix: convolutional recurrent (again),de2884af,6cc827ca,Bug fix,2
6581,Bug fix: convolutional recurrent (again),de2884af,d2051a5d,Added shape checking for concat merge,2
6581,Bug fix: convolutional recurrent (again),de2884af,1526d81a,Faster and better Sentiment Analysis example.,2
6581,Bug fix: convolutional recurrent (again),de2884af,73c00458,Bug fix,2
6581,Bug fix: convolutional recurrent (again),de2884af,3981a87b,Assert input shapes of Merge layer are equal,2
6581,Bug fix: convolutional recurrent (again),de2884af,569bb74a,Update comment to include new join merge mode,2
6581,Bug fix: convolutional recurrent (again),de2884af,d5cd2687,Update skipgram_word_embeddings.py,2
6581,Bug fix: convolutional recurrent (again),aca4a773,611c4851,Merge pull request #1 from fchollet/master,2
6581,Bug fix: convolutional recurrent (again),aca4a773,0d233b25,Update imdb_cnn_lstm.py,2
6581,Bug fix: convolutional recurrent (again),aca4a773,e704e157,Update imdb_cnn_lstm.py,2
6581,Bug fix: convolutional recurrent (again),aca4a773,6cc827ca,Bug fix,2
6581,Bug fix: convolutional recurrent (again),aca4a773,d2051a5d,Added shape checking for concat merge,2
6581,Bug fix: convolutional recurrent (again),aca4a773,1526d81a,Faster and better Sentiment Analysis example.,2
6581,Bug fix: convolutional recurrent (again),aca4a773,73c00458,Bug fix,2
6581,Bug fix: convolutional recurrent (again),aca4a773,3981a87b,Assert input shapes of Merge layer are equal,2
6581,Bug fix: convolutional recurrent (again),aca4a773,569bb74a,Update comment to include new join merge mode,2
6581,Bug fix: convolutional recurrent (again),aca4a773,d5cd2687,Update skipgram_word_embeddings.py,2
6581,Bug fix: convolutional recurrent (again),ad254f99,611c4851,Merge pull request #1 from fchollet/master,2
6581,Bug fix: convolutional recurrent (again),ad254f99,0d233b25,Update imdb_cnn_lstm.py,2
6581,Bug fix: convolutional recurrent (again),ad254f99,e704e157,Update imdb_cnn_lstm.py,2
6581,Bug fix: convolutional recurrent (again),ad254f99,6cc827ca,Bug fix,2
6581,Bug fix: convolutional recurrent (again),ad254f99,d2051a5d,Added shape checking for concat merge,2
6581,Bug fix: convolutional recurrent (again),ad254f99,1526d81a,Faster and better Sentiment Analysis example.,2
6581,Bug fix: convolutional recurrent (again),ad254f99,73c00458,Bug fix,2
6581,Bug fix: convolutional recurrent (again),ad254f99,3981a87b,Assert input shapes of Merge layer are equal,2
6581,Bug fix: convolutional recurrent (again),ad254f99,569bb74a,Update comment to include new join merge mode,2
6581,Bug fix: convolutional recurrent (again),ad254f99,d5cd2687,Update skipgram_word_embeddings.py,2
6581,Bug fix: convolutional recurrent (again),6cc827ca,611c4851,Merge pull request #1 from fchollet/master,2
6581,Bug fix: convolutional recurrent (again),6cc827ca,0d233b25,Update imdb_cnn_lstm.py,2
6581,Bug fix: convolutional recurrent (again),6cc827ca,e704e157,Update imdb_cnn_lstm.py,2
6581,Bug fix: convolutional recurrent (again),6cc827ca,6cc827ca,Bug fix,2
6581,Bug fix: convolutional recurrent (again),6cc827ca,d2051a5d,Added shape checking for concat merge,2
6581,Bug fix: convolutional recurrent (again),6cc827ca,1526d81a,Faster and better Sentiment Analysis example.,2
6581,Bug fix: convolutional recurrent (again),6cc827ca,73c00458,Bug fix,2
6581,Bug fix: convolutional recurrent (again),6cc827ca,3981a87b,Assert input shapes of Merge layer are equal,2
6581,Bug fix: convolutional recurrent (again),6cc827ca,569bb74a,Update comment to include new join merge mode,2
6581,Bug fix: convolutional recurrent (again),6cc827ca,d5cd2687,Update skipgram_word_embeddings.py,2
6581,Bug fix: convolutional recurrent (again),73c00458,611c4851,Merge pull request #1 from fchollet/master,2
6581,Bug fix: convolutional recurrent (again),73c00458,0d233b25,Update imdb_cnn_lstm.py,2
6581,Bug fix: convolutional recurrent (again),73c00458,e704e157,Update imdb_cnn_lstm.py,2
6581,Bug fix: convolutional recurrent (again),73c00458,6cc827ca,Bug fix,2
6581,Bug fix: convolutional recurrent (again),73c00458,d2051a5d,Added shape checking for concat merge,2
6581,Bug fix: convolutional recurrent (again),73c00458,1526d81a,Faster and better Sentiment Analysis example.,2
6581,Bug fix: convolutional recurrent (again),73c00458,73c00458,Bug fix,2
6581,Bug fix: convolutional recurrent (again),73c00458,3981a87b,Assert input shapes of Merge layer are equal,2
6581,Bug fix: convolutional recurrent (again),73c00458,569bb74a,Update comment to include new join merge mode,2
6581,Bug fix: convolutional recurrent (again),73c00458,d5cd2687,Update skipgram_word_embeddings.py,2
6564,Bug fix + test : Initializing states for ConvLSTM2D,2766074d,611c4851,Merge pull request #1 from fchollet/master,2
6564,Bug fix + test : Initializing states for ConvLSTM2D,2766074d,0d233b25,Update imdb_cnn_lstm.py,2
6564,Bug fix + test : Initializing states for ConvLSTM2D,2766074d,e704e157,Update imdb_cnn_lstm.py,2
6564,Bug fix + test : Initializing states for ConvLSTM2D,2766074d,6cc827ca,Bug fix,2
6564,Bug fix + test : Initializing states for ConvLSTM2D,2766074d,d2051a5d,Added shape checking for concat merge,2
6564,Bug fix + test : Initializing states for ConvLSTM2D,2766074d,1526d81a,Faster and better Sentiment Analysis example.,2
6564,Bug fix + test : Initializing states for ConvLSTM2D,2766074d,73c00458,Bug fix,2
6564,Bug fix + test : Initializing states for ConvLSTM2D,2766074d,3981a87b,Assert input shapes of Merge layer are equal,2
6564,Bug fix + test : Initializing states for ConvLSTM2D,2766074d,569bb74a,Update comment to include new join merge mode,2
6564,Bug fix + test : Initializing states for ConvLSTM2D,2766074d,d5cd2687,Update skipgram_word_embeddings.py,2
6564,Bug fix + test : Initializing states for ConvLSTM2D,a8537897,611c4851,Merge pull request #1 from fchollet/master,2
6564,Bug fix + test : Initializing states for ConvLSTM2D,a8537897,0d233b25,Update imdb_cnn_lstm.py,2
6564,Bug fix + test : Initializing states for ConvLSTM2D,a8537897,e704e157,Update imdb_cnn_lstm.py,2
6564,Bug fix + test : Initializing states for ConvLSTM2D,a8537897,6cc827ca,Bug fix,2
6564,Bug fix + test : Initializing states for ConvLSTM2D,a8537897,d2051a5d,Added shape checking for concat merge,2
6564,Bug fix + test : Initializing states for ConvLSTM2D,a8537897,1526d81a,Faster and better Sentiment Analysis example.,2
6564,Bug fix + test : Initializing states for ConvLSTM2D,a8537897,73c00458,Bug fix,2
6564,Bug fix + test : Initializing states for ConvLSTM2D,a8537897,3981a87b,Assert input shapes of Merge layer are equal,2
6564,Bug fix + test : Initializing states for ConvLSTM2D,a8537897,569bb74a,Update comment to include new join merge mode,2
6564,Bug fix + test : Initializing states for ConvLSTM2D,a8537897,d5cd2687,Update skipgram_word_embeddings.py,2
6564,Bug fix + test : Initializing states for ConvLSTM2D,1193427f,611c4851,Merge pull request #1 from fchollet/master,2
6564,Bug fix + test : Initializing states for ConvLSTM2D,1193427f,0d233b25,Update imdb_cnn_lstm.py,2
6564,Bug fix + test : Initializing states for ConvLSTM2D,1193427f,e704e157,Update imdb_cnn_lstm.py,2
6564,Bug fix + test : Initializing states for ConvLSTM2D,1193427f,6cc827ca,Bug fix,2
6564,Bug fix + test : Initializing states for ConvLSTM2D,1193427f,d2051a5d,Added shape checking for concat merge,2
6564,Bug fix + test : Initializing states for ConvLSTM2D,1193427f,1526d81a,Faster and better Sentiment Analysis example.,2
6564,Bug fix + test : Initializing states for ConvLSTM2D,1193427f,73c00458,Bug fix,2
6564,Bug fix + test : Initializing states for ConvLSTM2D,1193427f,3981a87b,Assert input shapes of Merge layer are equal,2
6564,Bug fix + test : Initializing states for ConvLSTM2D,1193427f,569bb74a,Update comment to include new join merge mode,2
6564,Bug fix + test : Initializing states for ConvLSTM2D,1193427f,d5cd2687,Update skipgram_word_embeddings.py,2
6564,Bug fix + test : Initializing states for ConvLSTM2D,aca4a773,611c4851,Merge pull request #1 from fchollet/master,2
6564,Bug fix + test : Initializing states for ConvLSTM2D,aca4a773,0d233b25,Update imdb_cnn_lstm.py,2
6564,Bug fix + test : Initializing states for ConvLSTM2D,aca4a773,e704e157,Update imdb_cnn_lstm.py,2
6564,Bug fix + test : Initializing states for ConvLSTM2D,aca4a773,6cc827ca,Bug fix,2
6564,Bug fix + test : Initializing states for ConvLSTM2D,aca4a773,d2051a5d,Added shape checking for concat merge,2
6564,Bug fix + test : Initializing states for ConvLSTM2D,aca4a773,1526d81a,Faster and better Sentiment Analysis example.,2
6564,Bug fix + test : Initializing states for ConvLSTM2D,aca4a773,73c00458,Bug fix,2
6564,Bug fix + test : Initializing states for ConvLSTM2D,aca4a773,3981a87b,Assert input shapes of Merge layer are equal,2
6564,Bug fix + test : Initializing states for ConvLSTM2D,aca4a773,569bb74a,Update comment to include new join merge mode,2
6564,Bug fix + test : Initializing states for ConvLSTM2D,aca4a773,d5cd2687,Update skipgram_word_embeddings.py,2
6564,Bug fix + test : Initializing states for ConvLSTM2D,ad254f99,611c4851,Merge pull request #1 from fchollet/master,2
6564,Bug fix + test : Initializing states for ConvLSTM2D,ad254f99,0d233b25,Update imdb_cnn_lstm.py,2
6564,Bug fix + test : Initializing states for ConvLSTM2D,ad254f99,e704e157,Update imdb_cnn_lstm.py,2
6564,Bug fix + test : Initializing states for ConvLSTM2D,ad254f99,6cc827ca,Bug fix,2
6564,Bug fix + test : Initializing states for ConvLSTM2D,ad254f99,d2051a5d,Added shape checking for concat merge,2
6564,Bug fix + test : Initializing states for ConvLSTM2D,ad254f99,1526d81a,Faster and better Sentiment Analysis example.,2
6564,Bug fix + test : Initializing states for ConvLSTM2D,ad254f99,73c00458,Bug fix,2
6564,Bug fix + test : Initializing states for ConvLSTM2D,ad254f99,3981a87b,Assert input shapes of Merge layer are equal,2
6564,Bug fix + test : Initializing states for ConvLSTM2D,ad254f99,569bb74a,Update comment to include new join merge mode,2
6564,Bug fix + test : Initializing states for ConvLSTM2D,ad254f99,d5cd2687,Update skipgram_word_embeddings.py,2
6564,Bug fix + test : Initializing states for ConvLSTM2D,6cc827ca,611c4851,Merge pull request #1 from fchollet/master,2
6564,Bug fix + test : Initializing states for ConvLSTM2D,6cc827ca,0d233b25,Update imdb_cnn_lstm.py,2
6564,Bug fix + test : Initializing states for ConvLSTM2D,6cc827ca,e704e157,Update imdb_cnn_lstm.py,2
6564,Bug fix + test : Initializing states for ConvLSTM2D,6cc827ca,6cc827ca,Bug fix,2
6564,Bug fix + test : Initializing states for ConvLSTM2D,6cc827ca,d2051a5d,Added shape checking for concat merge,2
6564,Bug fix + test : Initializing states for ConvLSTM2D,6cc827ca,1526d81a,Faster and better Sentiment Analysis example.,2
6564,Bug fix + test : Initializing states for ConvLSTM2D,6cc827ca,73c00458,Bug fix,2
6564,Bug fix + test : Initializing states for ConvLSTM2D,6cc827ca,3981a87b,Assert input shapes of Merge layer are equal,2
6564,Bug fix + test : Initializing states for ConvLSTM2D,6cc827ca,569bb74a,Update comment to include new join merge mode,2
6564,Bug fix + test : Initializing states for ConvLSTM2D,6cc827ca,d5cd2687,Update skipgram_word_embeddings.py,2
6564,Bug fix + test : Initializing states for ConvLSTM2D,73c00458,611c4851,Merge pull request #1 from fchollet/master,2
6564,Bug fix + test : Initializing states for ConvLSTM2D,73c00458,0d233b25,Update imdb_cnn_lstm.py,2
6564,Bug fix + test : Initializing states for ConvLSTM2D,73c00458,e704e157,Update imdb_cnn_lstm.py,2
6564,Bug fix + test : Initializing states for ConvLSTM2D,73c00458,6cc827ca,Bug fix,2
6564,Bug fix + test : Initializing states for ConvLSTM2D,73c00458,d2051a5d,Added shape checking for concat merge,2
6564,Bug fix + test : Initializing states for ConvLSTM2D,73c00458,1526d81a,Faster and better Sentiment Analysis example.,2
6564,Bug fix + test : Initializing states for ConvLSTM2D,73c00458,73c00458,Bug fix,2
6564,Bug fix + test : Initializing states for ConvLSTM2D,73c00458,3981a87b,Assert input shapes of Merge layer are equal,2
6564,Bug fix + test : Initializing states for ConvLSTM2D,73c00458,569bb74a,Update comment to include new join merge mode,2
6564,Bug fix + test : Initializing states for ConvLSTM2D,73c00458,d5cd2687,Update skipgram_word_embeddings.py,2
6219,Bug fix: K.batch_dot(); tf backend,ac6fde80,611c4851,Merge pull request #1 from fchollet/master,2
6219,Bug fix: K.batch_dot(); tf backend,ac6fde80,0d233b25,Update imdb_cnn_lstm.py,2
6219,Bug fix: K.batch_dot(); tf backend,ac6fde80,e704e157,Update imdb_cnn_lstm.py,2
6219,Bug fix: K.batch_dot(); tf backend,ac6fde80,6cc827ca,Bug fix,2
6219,Bug fix: K.batch_dot(); tf backend,ac6fde80,d2051a5d,Added shape checking for concat merge,2
6219,Bug fix: K.batch_dot(); tf backend,ac6fde80,1526d81a,Faster and better Sentiment Analysis example.,2
6219,Bug fix: K.batch_dot(); tf backend,ac6fde80,73c00458,Bug fix,2
6219,Bug fix: K.batch_dot(); tf backend,ac6fde80,3981a87b,Assert input shapes of Merge layer are equal,2
6219,Bug fix: K.batch_dot(); tf backend,ac6fde80,569bb74a,Update comment to include new join merge mode,2
6219,Bug fix: K.batch_dot(); tf backend,ac6fde80,d5cd2687,Update skipgram_word_embeddings.py,2
6219,Bug fix: K.batch_dot(); tf backend,a8537897,611c4851,Merge pull request #1 from fchollet/master,2
6219,Bug fix: K.batch_dot(); tf backend,a8537897,0d233b25,Update imdb_cnn_lstm.py,2
6219,Bug fix: K.batch_dot(); tf backend,a8537897,e704e157,Update imdb_cnn_lstm.py,2
6219,Bug fix: K.batch_dot(); tf backend,a8537897,6cc827ca,Bug fix,2
6219,Bug fix: K.batch_dot(); tf backend,a8537897,d2051a5d,Added shape checking for concat merge,2
6219,Bug fix: K.batch_dot(); tf backend,a8537897,1526d81a,Faster and better Sentiment Analysis example.,2
6219,Bug fix: K.batch_dot(); tf backend,a8537897,73c00458,Bug fix,2
6219,Bug fix: K.batch_dot(); tf backend,a8537897,3981a87b,Assert input shapes of Merge layer are equal,2
6219,Bug fix: K.batch_dot(); tf backend,a8537897,569bb74a,Update comment to include new join merge mode,2
6219,Bug fix: K.batch_dot(); tf backend,a8537897,d5cd2687,Update skipgram_word_embeddings.py,2
6219,Bug fix: K.batch_dot(); tf backend,1193427f,611c4851,Merge pull request #1 from fchollet/master,2
6219,Bug fix: K.batch_dot(); tf backend,1193427f,0d233b25,Update imdb_cnn_lstm.py,2
6219,Bug fix: K.batch_dot(); tf backend,1193427f,e704e157,Update imdb_cnn_lstm.py,2
6219,Bug fix: K.batch_dot(); tf backend,1193427f,6cc827ca,Bug fix,2
6219,Bug fix: K.batch_dot(); tf backend,1193427f,d2051a5d,Added shape checking for concat merge,2
6219,Bug fix: K.batch_dot(); tf backend,1193427f,1526d81a,Faster and better Sentiment Analysis example.,2
6219,Bug fix: K.batch_dot(); tf backend,1193427f,73c00458,Bug fix,2
6219,Bug fix: K.batch_dot(); tf backend,1193427f,3981a87b,Assert input shapes of Merge layer are equal,2
6219,Bug fix: K.batch_dot(); tf backend,1193427f,569bb74a,Update comment to include new join merge mode,2
6219,Bug fix: K.batch_dot(); tf backend,1193427f,d5cd2687,Update skipgram_word_embeddings.py,2
6219,Bug fix: K.batch_dot(); tf backend,d09e2a67,611c4851,Merge pull request #1 from fchollet/master,2
6219,Bug fix: K.batch_dot(); tf backend,d09e2a67,0d233b25,Update imdb_cnn_lstm.py,2
6219,Bug fix: K.batch_dot(); tf backend,d09e2a67,e704e157,Update imdb_cnn_lstm.py,2
6219,Bug fix: K.batch_dot(); tf backend,d09e2a67,6cc827ca,Bug fix,2
6219,Bug fix: K.batch_dot(); tf backend,d09e2a67,d2051a5d,Added shape checking for concat merge,2
6219,Bug fix: K.batch_dot(); tf backend,d09e2a67,1526d81a,Faster and better Sentiment Analysis example.,2
6219,Bug fix: K.batch_dot(); tf backend,d09e2a67,73c00458,Bug fix,2
6219,Bug fix: K.batch_dot(); tf backend,d09e2a67,3981a87b,Assert input shapes of Merge layer are equal,2
6219,Bug fix: K.batch_dot(); tf backend,d09e2a67,569bb74a,Update comment to include new join merge mode,2
6219,Bug fix: K.batch_dot(); tf backend,d09e2a67,d5cd2687,Update skipgram_word_embeddings.py,2
6219,Bug fix: K.batch_dot(); tf backend,aca4a773,611c4851,Merge pull request #1 from fchollet/master,2
6219,Bug fix: K.batch_dot(); tf backend,aca4a773,0d233b25,Update imdb_cnn_lstm.py,2
6219,Bug fix: K.batch_dot(); tf backend,aca4a773,e704e157,Update imdb_cnn_lstm.py,2
6219,Bug fix: K.batch_dot(); tf backend,aca4a773,6cc827ca,Bug fix,2
6219,Bug fix: K.batch_dot(); tf backend,aca4a773,d2051a5d,Added shape checking for concat merge,2
6219,Bug fix: K.batch_dot(); tf backend,aca4a773,1526d81a,Faster and better Sentiment Analysis example.,2
6219,Bug fix: K.batch_dot(); tf backend,aca4a773,73c00458,Bug fix,2
6219,Bug fix: K.batch_dot(); tf backend,aca4a773,3981a87b,Assert input shapes of Merge layer are equal,2
6219,Bug fix: K.batch_dot(); tf backend,aca4a773,569bb74a,Update comment to include new join merge mode,2
6219,Bug fix: K.batch_dot(); tf backend,aca4a773,d5cd2687,Update skipgram_word_embeddings.py,2
6219,Bug fix: K.batch_dot(); tf backend,ad254f99,611c4851,Merge pull request #1 from fchollet/master,2
6219,Bug fix: K.batch_dot(); tf backend,ad254f99,0d233b25,Update imdb_cnn_lstm.py,2
6219,Bug fix: K.batch_dot(); tf backend,ad254f99,e704e157,Update imdb_cnn_lstm.py,2
6219,Bug fix: K.batch_dot(); tf backend,ad254f99,6cc827ca,Bug fix,2
6219,Bug fix: K.batch_dot(); tf backend,ad254f99,d2051a5d,Added shape checking for concat merge,2
6219,Bug fix: K.batch_dot(); tf backend,ad254f99,1526d81a,Faster and better Sentiment Analysis example.,2
6219,Bug fix: K.batch_dot(); tf backend,ad254f99,73c00458,Bug fix,2
6219,Bug fix: K.batch_dot(); tf backend,ad254f99,3981a87b,Assert input shapes of Merge layer are equal,2
6219,Bug fix: K.batch_dot(); tf backend,ad254f99,569bb74a,Update comment to include new join merge mode,2
6219,Bug fix: K.batch_dot(); tf backend,ad254f99,d5cd2687,Update skipgram_word_embeddings.py,2
6219,Bug fix: K.batch_dot(); tf backend,6cc827ca,611c4851,Merge pull request #1 from fchollet/master,2
6219,Bug fix: K.batch_dot(); tf backend,6cc827ca,0d233b25,Update imdb_cnn_lstm.py,2
6219,Bug fix: K.batch_dot(); tf backend,6cc827ca,e704e157,Update imdb_cnn_lstm.py,2
6219,Bug fix: K.batch_dot(); tf backend,6cc827ca,6cc827ca,Bug fix,2
6219,Bug fix: K.batch_dot(); tf backend,6cc827ca,d2051a5d,Added shape checking for concat merge,2
6219,Bug fix: K.batch_dot(); tf backend,6cc827ca,1526d81a,Faster and better Sentiment Analysis example.,2
6219,Bug fix: K.batch_dot(); tf backend,6cc827ca,73c00458,Bug fix,2
6219,Bug fix: K.batch_dot(); tf backend,6cc827ca,3981a87b,Assert input shapes of Merge layer are equal,2
6219,Bug fix: K.batch_dot(); tf backend,6cc827ca,569bb74a,Update comment to include new join merge mode,2
6219,Bug fix: K.batch_dot(); tf backend,6cc827ca,d5cd2687,Update skipgram_word_embeddings.py,2
6219,Bug fix: K.batch_dot(); tf backend,73c00458,611c4851,Merge pull request #1 from fchollet/master,2
6219,Bug fix: K.batch_dot(); tf backend,73c00458,0d233b25,Update imdb_cnn_lstm.py,2
6219,Bug fix: K.batch_dot(); tf backend,73c00458,e704e157,Update imdb_cnn_lstm.py,2
6219,Bug fix: K.batch_dot(); tf backend,73c00458,6cc827ca,Bug fix,2
6219,Bug fix: K.batch_dot(); tf backend,73c00458,d2051a5d,Added shape checking for concat merge,2
6219,Bug fix: K.batch_dot(); tf backend,73c00458,1526d81a,Faster and better Sentiment Analysis example.,2
6219,Bug fix: K.batch_dot(); tf backend,73c00458,73c00458,Bug fix,2
6219,Bug fix: K.batch_dot(); tf backend,73c00458,3981a87b,Assert input shapes of Merge layer are equal,2
6219,Bug fix: K.batch_dot(); tf backend,73c00458,569bb74a,Update comment to include new join merge mode,2
6219,Bug fix: K.batch_dot(); tf backend,73c00458,d5cd2687,Update skipgram_word_embeddings.py,2
6060,Bug fix: ocr example; python 3,b260333e,611c4851,Merge pull request #1 from fchollet/master,2
6060,Bug fix: ocr example; python 3,b260333e,0d233b25,Update imdb_cnn_lstm.py,2
6060,Bug fix: ocr example; python 3,b260333e,e704e157,Update imdb_cnn_lstm.py,2
6060,Bug fix: ocr example; python 3,b260333e,6cc827ca,Bug fix,2
6060,Bug fix: ocr example; python 3,b260333e,d2051a5d,Added shape checking for concat merge,2
6060,Bug fix: ocr example; python 3,b260333e,1526d81a,Faster and better Sentiment Analysis example.,2
6060,Bug fix: ocr example; python 3,b260333e,73c00458,Bug fix,2
6060,Bug fix: ocr example; python 3,b260333e,3981a87b,Assert input shapes of Merge layer are equal,2
6060,Bug fix: ocr example; python 3,b260333e,569bb74a,Update comment to include new join merge mode,2
6060,Bug fix: ocr example; python 3,b260333e,d5cd2687,Update skipgram_word_embeddings.py,2
6060,Bug fix: ocr example; python 3,a8537897,611c4851,Merge pull request #1 from fchollet/master,2
6060,Bug fix: ocr example; python 3,a8537897,0d233b25,Update imdb_cnn_lstm.py,2
6060,Bug fix: ocr example; python 3,a8537897,e704e157,Update imdb_cnn_lstm.py,2
6060,Bug fix: ocr example; python 3,a8537897,6cc827ca,Bug fix,2
6060,Bug fix: ocr example; python 3,a8537897,d2051a5d,Added shape checking for concat merge,2
6060,Bug fix: ocr example; python 3,a8537897,1526d81a,Faster and better Sentiment Analysis example.,2
6060,Bug fix: ocr example; python 3,a8537897,73c00458,Bug fix,2
6060,Bug fix: ocr example; python 3,a8537897,3981a87b,Assert input shapes of Merge layer are equal,2
6060,Bug fix: ocr example; python 3,a8537897,569bb74a,Update comment to include new join merge mode,2
6060,Bug fix: ocr example; python 3,a8537897,d5cd2687,Update skipgram_word_embeddings.py,2
6060,Bug fix: ocr example; python 3,1193427f,611c4851,Merge pull request #1 from fchollet/master,2
6060,Bug fix: ocr example; python 3,1193427f,0d233b25,Update imdb_cnn_lstm.py,2
6060,Bug fix: ocr example; python 3,1193427f,e704e157,Update imdb_cnn_lstm.py,2
6060,Bug fix: ocr example; python 3,1193427f,6cc827ca,Bug fix,2
6060,Bug fix: ocr example; python 3,1193427f,d2051a5d,Added shape checking for concat merge,2
6060,Bug fix: ocr example; python 3,1193427f,1526d81a,Faster and better Sentiment Analysis example.,2
6060,Bug fix: ocr example; python 3,1193427f,73c00458,Bug fix,2
6060,Bug fix: ocr example; python 3,1193427f,3981a87b,Assert input shapes of Merge layer are equal,2
6060,Bug fix: ocr example; python 3,1193427f,569bb74a,Update comment to include new join merge mode,2
6060,Bug fix: ocr example; python 3,1193427f,d5cd2687,Update skipgram_word_embeddings.py,2
6060,Bug fix: ocr example; python 3,aca4a773,611c4851,Merge pull request #1 from fchollet/master,2
6060,Bug fix: ocr example; python 3,aca4a773,0d233b25,Update imdb_cnn_lstm.py,2
6060,Bug fix: ocr example; python 3,aca4a773,e704e157,Update imdb_cnn_lstm.py,2
6060,Bug fix: ocr example; python 3,aca4a773,6cc827ca,Bug fix,2
6060,Bug fix: ocr example; python 3,aca4a773,d2051a5d,Added shape checking for concat merge,2
6060,Bug fix: ocr example; python 3,aca4a773,1526d81a,Faster and better Sentiment Analysis example.,2
6060,Bug fix: ocr example; python 3,aca4a773,73c00458,Bug fix,2
6060,Bug fix: ocr example; python 3,aca4a773,3981a87b,Assert input shapes of Merge layer are equal,2
6060,Bug fix: ocr example; python 3,aca4a773,569bb74a,Update comment to include new join merge mode,2
6060,Bug fix: ocr example; python 3,aca4a773,d5cd2687,Update skipgram_word_embeddings.py,2
6060,Bug fix: ocr example; python 3,ad254f99,611c4851,Merge pull request #1 from fchollet/master,2
6060,Bug fix: ocr example; python 3,ad254f99,0d233b25,Update imdb_cnn_lstm.py,2
6060,Bug fix: ocr example; python 3,ad254f99,e704e157,Update imdb_cnn_lstm.py,2
6060,Bug fix: ocr example; python 3,ad254f99,6cc827ca,Bug fix,2
6060,Bug fix: ocr example; python 3,ad254f99,d2051a5d,Added shape checking for concat merge,2
6060,Bug fix: ocr example; python 3,ad254f99,1526d81a,Faster and better Sentiment Analysis example.,2
6060,Bug fix: ocr example; python 3,ad254f99,73c00458,Bug fix,2
6060,Bug fix: ocr example; python 3,ad254f99,3981a87b,Assert input shapes of Merge layer are equal,2
6060,Bug fix: ocr example; python 3,ad254f99,569bb74a,Update comment to include new join merge mode,2
6060,Bug fix: ocr example; python 3,ad254f99,d5cd2687,Update skipgram_word_embeddings.py,2
6060,Bug fix: ocr example; python 3,6cc827ca,611c4851,Merge pull request #1 from fchollet/master,2
6060,Bug fix: ocr example; python 3,6cc827ca,0d233b25,Update imdb_cnn_lstm.py,2
6060,Bug fix: ocr example; python 3,6cc827ca,e704e157,Update imdb_cnn_lstm.py,2
6060,Bug fix: ocr example; python 3,6cc827ca,6cc827ca,Bug fix,2
6060,Bug fix: ocr example; python 3,6cc827ca,d2051a5d,Added shape checking for concat merge,2
6060,Bug fix: ocr example; python 3,6cc827ca,1526d81a,Faster and better Sentiment Analysis example.,2
6060,Bug fix: ocr example; python 3,6cc827ca,73c00458,Bug fix,2
6060,Bug fix: ocr example; python 3,6cc827ca,3981a87b,Assert input shapes of Merge layer are equal,2
6060,Bug fix: ocr example; python 3,6cc827ca,569bb74a,Update comment to include new join merge mode,2
6060,Bug fix: ocr example; python 3,6cc827ca,d5cd2687,Update skipgram_word_embeddings.py,2
6060,Bug fix: ocr example; python 3,73c00458,611c4851,Merge pull request #1 from fchollet/master,2
6060,Bug fix: ocr example; python 3,73c00458,0d233b25,Update imdb_cnn_lstm.py,2
6060,Bug fix: ocr example; python 3,73c00458,e704e157,Update imdb_cnn_lstm.py,2
6060,Bug fix: ocr example; python 3,73c00458,6cc827ca,Bug fix,2
6060,Bug fix: ocr example; python 3,73c00458,d2051a5d,Added shape checking for concat merge,2
6060,Bug fix: ocr example; python 3,73c00458,1526d81a,Faster and better Sentiment Analysis example.,2
6060,Bug fix: ocr example; python 3,73c00458,73c00458,Bug fix,2
6060,Bug fix: ocr example; python 3,73c00458,3981a87b,Assert input shapes of Merge layer are equal,2
6060,Bug fix: ocr example; python 3,73c00458,569bb74a,Update comment to include new join merge mode,2
6060,Bug fix: ocr example; python 3,73c00458,d5cd2687,Update skipgram_word_embeddings.py,2
6057,"bug fix, cast batch_sizes as a list to support indexing",86b12f6f,86b12f6f,"bug fix, cast batch_sizes as a list to support indexing (#6057)",3
5827,Bug fixes : Theano shape inference,387aea34,611c4851,Merge pull request #1 from fchollet/master,2
5827,Bug fixes : Theano shape inference,387aea34,0d233b25,Update imdb_cnn_lstm.py,2
5827,Bug fixes : Theano shape inference,387aea34,e704e157,Update imdb_cnn_lstm.py,2
5827,Bug fixes : Theano shape inference,387aea34,6cc827ca,Bug fix,2
5827,Bug fixes : Theano shape inference,387aea34,d2051a5d,Added shape checking for concat merge,2
5827,Bug fixes : Theano shape inference,387aea34,1526d81a,Faster and better Sentiment Analysis example.,2
5827,Bug fixes : Theano shape inference,387aea34,73c00458,Bug fix,2
5827,Bug fixes : Theano shape inference,387aea34,3981a87b,Assert input shapes of Merge layer are equal,2
5827,Bug fixes : Theano shape inference,387aea34,569bb74a,Update comment to include new join merge mode,2
5827,Bug fixes : Theano shape inference,387aea34,d5cd2687,Update skipgram_word_embeddings.py,2
5827,Bug fixes : Theano shape inference,caceebcb,611c4851,Merge pull request #1 from fchollet/master,2
5827,Bug fixes : Theano shape inference,caceebcb,0d233b25,Update imdb_cnn_lstm.py,2
5827,Bug fixes : Theano shape inference,caceebcb,e704e157,Update imdb_cnn_lstm.py,2
5827,Bug fixes : Theano shape inference,caceebcb,6cc827ca,Bug fix,2
5827,Bug fixes : Theano shape inference,caceebcb,d2051a5d,Added shape checking for concat merge,2
5827,Bug fixes : Theano shape inference,caceebcb,1526d81a,Faster and better Sentiment Analysis example.,2
5827,Bug fixes : Theano shape inference,caceebcb,73c00458,Bug fix,2
5827,Bug fixes : Theano shape inference,caceebcb,3981a87b,Assert input shapes of Merge layer are equal,2
5827,Bug fixes : Theano shape inference,caceebcb,569bb74a,Update comment to include new join merge mode,2
5827,Bug fixes : Theano shape inference,caceebcb,d5cd2687,Update skipgram_word_embeddings.py,2
5827,Bug fixes : Theano shape inference,790c74cb,611c4851,Merge pull request #1 from fchollet/master,2
5827,Bug fixes : Theano shape inference,790c74cb,0d233b25,Update imdb_cnn_lstm.py,2
5827,Bug fixes : Theano shape inference,790c74cb,e704e157,Update imdb_cnn_lstm.py,2
5827,Bug fixes : Theano shape inference,790c74cb,6cc827ca,Bug fix,2
5827,Bug fixes : Theano shape inference,790c74cb,d2051a5d,Added shape checking for concat merge,2
5827,Bug fixes : Theano shape inference,790c74cb,1526d81a,Faster and better Sentiment Analysis example.,2
5827,Bug fixes : Theano shape inference,790c74cb,73c00458,Bug fix,2
5827,Bug fixes : Theano shape inference,790c74cb,3981a87b,Assert input shapes of Merge layer are equal,2
5827,Bug fixes : Theano shape inference,790c74cb,569bb74a,Update comment to include new join merge mode,2
5827,Bug fixes : Theano shape inference,790c74cb,d5cd2687,Update skipgram_word_embeddings.py,2
5827,Bug fixes : Theano shape inference,a36ed703,611c4851,Merge pull request #1 from fchollet/master,2
5827,Bug fixes : Theano shape inference,a36ed703,0d233b25,Update imdb_cnn_lstm.py,2
5827,Bug fixes : Theano shape inference,a36ed703,e704e157,Update imdb_cnn_lstm.py,2
5827,Bug fixes : Theano shape inference,a36ed703,6cc827ca,Bug fix,2
5827,Bug fixes : Theano shape inference,a36ed703,d2051a5d,Added shape checking for concat merge,2
5827,Bug fixes : Theano shape inference,a36ed703,1526d81a,Faster and better Sentiment Analysis example.,2
5827,Bug fixes : Theano shape inference,a36ed703,73c00458,Bug fix,2
5827,Bug fixes : Theano shape inference,a36ed703,3981a87b,Assert input shapes of Merge layer are equal,2
5827,Bug fixes : Theano shape inference,a36ed703,569bb74a,Update comment to include new join merge mode,2
5827,Bug fixes : Theano shape inference,a36ed703,d5cd2687,Update skipgram_word_embeddings.py,2
5827,Bug fixes : Theano shape inference,60deb6e2,611c4851,Merge pull request #1 from fchollet/master,2
5827,Bug fixes : Theano shape inference,60deb6e2,0d233b25,Update imdb_cnn_lstm.py,2
5827,Bug fixes : Theano shape inference,60deb6e2,e704e157,Update imdb_cnn_lstm.py,2
5827,Bug fixes : Theano shape inference,60deb6e2,6cc827ca,Bug fix,2
5827,Bug fixes : Theano shape inference,60deb6e2,d2051a5d,Added shape checking for concat merge,2
5827,Bug fixes : Theano shape inference,60deb6e2,1526d81a,Faster and better Sentiment Analysis example.,2
5827,Bug fixes : Theano shape inference,60deb6e2,73c00458,Bug fix,2
5827,Bug fixes : Theano shape inference,60deb6e2,3981a87b,Assert input shapes of Merge layer are equal,2
5827,Bug fixes : Theano shape inference,60deb6e2,569bb74a,Update comment to include new join merge mode,2
5827,Bug fixes : Theano shape inference,60deb6e2,d5cd2687,Update skipgram_word_embeddings.py,2
5827,Bug fixes : Theano shape inference,10c76237,611c4851,Merge pull request #1 from fchollet/master,2
5827,Bug fixes : Theano shape inference,10c76237,0d233b25,Update imdb_cnn_lstm.py,2
5827,Bug fixes : Theano shape inference,10c76237,e704e157,Update imdb_cnn_lstm.py,2
5827,Bug fixes : Theano shape inference,10c76237,6cc827ca,Bug fix,2
5827,Bug fixes : Theano shape inference,10c76237,d2051a5d,Added shape checking for concat merge,2
5827,Bug fixes : Theano shape inference,10c76237,1526d81a,Faster and better Sentiment Analysis example.,2
5827,Bug fixes : Theano shape inference,10c76237,73c00458,Bug fix,2
5827,Bug fixes : Theano shape inference,10c76237,3981a87b,Assert input shapes of Merge layer are equal,2
5827,Bug fixes : Theano shape inference,10c76237,569bb74a,Update comment to include new join merge mode,2
5827,Bug fixes : Theano shape inference,10c76237,d5cd2687,Update skipgram_word_embeddings.py,2
5827,Bug fixes : Theano shape inference,46649e5d,611c4851,Merge pull request #1 from fchollet/master,2
5827,Bug fixes : Theano shape inference,46649e5d,0d233b25,Update imdb_cnn_lstm.py,2
5827,Bug fixes : Theano shape inference,46649e5d,e704e157,Update imdb_cnn_lstm.py,2
5827,Bug fixes : Theano shape inference,46649e5d,6cc827ca,Bug fix,2
5827,Bug fixes : Theano shape inference,46649e5d,d2051a5d,Added shape checking for concat merge,2
5827,Bug fixes : Theano shape inference,46649e5d,1526d81a,Faster and better Sentiment Analysis example.,2
5827,Bug fixes : Theano shape inference,46649e5d,73c00458,Bug fix,2
5827,Bug fixes : Theano shape inference,46649e5d,3981a87b,Assert input shapes of Merge layer are equal,2
5827,Bug fixes : Theano shape inference,46649e5d,569bb74a,Update comment to include new join merge mode,2
5827,Bug fixes : Theano shape inference,46649e5d,d5cd2687,Update skipgram_word_embeddings.py,2
5827,Bug fixes : Theano shape inference,00cbeecf,611c4851,Merge pull request #1 from fchollet/master,2
5827,Bug fixes : Theano shape inference,00cbeecf,0d233b25,Update imdb_cnn_lstm.py,2
5827,Bug fixes : Theano shape inference,00cbeecf,e704e157,Update imdb_cnn_lstm.py,2
5827,Bug fixes : Theano shape inference,00cbeecf,6cc827ca,Bug fix,2
5827,Bug fixes : Theano shape inference,00cbeecf,d2051a5d,Added shape checking for concat merge,2
5827,Bug fixes : Theano shape inference,00cbeecf,1526d81a,Faster and better Sentiment Analysis example.,2
5827,Bug fixes : Theano shape inference,00cbeecf,73c00458,Bug fix,2
5827,Bug fixes : Theano shape inference,00cbeecf,3981a87b,Assert input shapes of Merge layer are equal,2
5827,Bug fixes : Theano shape inference,00cbeecf,569bb74a,Update comment to include new join merge mode,2
5827,Bug fixes : Theano shape inference,00cbeecf,d5cd2687,Update skipgram_word_embeddings.py,2
5827,Bug fixes : Theano shape inference,6f54b233,611c4851,Merge pull request #1 from fchollet/master,2
5827,Bug fixes : Theano shape inference,6f54b233,0d233b25,Update imdb_cnn_lstm.py,2
5827,Bug fixes : Theano shape inference,6f54b233,e704e157,Update imdb_cnn_lstm.py,2
5827,Bug fixes : Theano shape inference,6f54b233,6cc827ca,Bug fix,2
5827,Bug fixes : Theano shape inference,6f54b233,d2051a5d,Added shape checking for concat merge,2
5827,Bug fixes : Theano shape inference,6f54b233,1526d81a,Faster and better Sentiment Analysis example.,2
5827,Bug fixes : Theano shape inference,6f54b233,73c00458,Bug fix,2
5827,Bug fixes : Theano shape inference,6f54b233,3981a87b,Assert input shapes of Merge layer are equal,2
5827,Bug fixes : Theano shape inference,6f54b233,569bb74a,Update comment to include new join merge mode,2
5827,Bug fixes : Theano shape inference,6f54b233,d5cd2687,Update skipgram_word_embeddings.py,2
5730,Bug fix : Model.from_config,2ec486ba,611c4851,Merge pull request #1 from fchollet/master,2
5730,Bug fix : Model.from_config,2ec486ba,0d233b25,Update imdb_cnn_lstm.py,2
5730,Bug fix : Model.from_config,2ec486ba,e704e157,Update imdb_cnn_lstm.py,2
5730,Bug fix : Model.from_config,2ec486ba,6cc827ca,Bug fix,2
5730,Bug fix : Model.from_config,2ec486ba,d2051a5d,Added shape checking for concat merge,2
5730,Bug fix : Model.from_config,2ec486ba,1526d81a,Faster and better Sentiment Analysis example.,2
5730,Bug fix : Model.from_config,2ec486ba,73c00458,Bug fix,2
5730,Bug fix : Model.from_config,2ec486ba,3981a87b,Assert input shapes of Merge layer are equal,2
5730,Bug fix : Model.from_config,2ec486ba,569bb74a,Update comment to include new join merge mode,2
5730,Bug fix : Model.from_config,2ec486ba,d5cd2687,Update skipgram_word_embeddings.py,2
5730,Bug fix : Model.from_config,7e071cd7,611c4851,Merge pull request #1 from fchollet/master,2
5730,Bug fix : Model.from_config,7e071cd7,0d233b25,Update imdb_cnn_lstm.py,2
5730,Bug fix : Model.from_config,7e071cd7,e704e157,Update imdb_cnn_lstm.py,2
5730,Bug fix : Model.from_config,7e071cd7,6cc827ca,Bug fix,2
5730,Bug fix : Model.from_config,7e071cd7,d2051a5d,Added shape checking for concat merge,2
5730,Bug fix : Model.from_config,7e071cd7,1526d81a,Faster and better Sentiment Analysis example.,2
5730,Bug fix : Model.from_config,7e071cd7,73c00458,Bug fix,2
5730,Bug fix : Model.from_config,7e071cd7,3981a87b,Assert input shapes of Merge layer are equal,2
5730,Bug fix : Model.from_config,7e071cd7,569bb74a,Update comment to include new join merge mode,2
5730,Bug fix : Model.from_config,7e071cd7,d5cd2687,Update skipgram_word_embeddings.py,2
5730,Bug fix : Model.from_config,a8537897,611c4851,Merge pull request #1 from fchollet/master,2
5730,Bug fix : Model.from_config,a8537897,0d233b25,Update imdb_cnn_lstm.py,2
5730,Bug fix : Model.from_config,a8537897,e704e157,Update imdb_cnn_lstm.py,2
5730,Bug fix : Model.from_config,a8537897,6cc827ca,Bug fix,2
5730,Bug fix : Model.from_config,a8537897,d2051a5d,Added shape checking for concat merge,2
5730,Bug fix : Model.from_config,a8537897,1526d81a,Faster and better Sentiment Analysis example.,2
5730,Bug fix : Model.from_config,a8537897,73c00458,Bug fix,2
5730,Bug fix : Model.from_config,a8537897,3981a87b,Assert input shapes of Merge layer are equal,2
5730,Bug fix : Model.from_config,a8537897,569bb74a,Update comment to include new join merge mode,2
5730,Bug fix : Model.from_config,a8537897,d5cd2687,Update skipgram_word_embeddings.py,2
5730,Bug fix : Model.from_config,1193427f,611c4851,Merge pull request #1 from fchollet/master,2
5730,Bug fix : Model.from_config,1193427f,0d233b25,Update imdb_cnn_lstm.py,2
5730,Bug fix : Model.from_config,1193427f,e704e157,Update imdb_cnn_lstm.py,2
5730,Bug fix : Model.from_config,1193427f,6cc827ca,Bug fix,2
5730,Bug fix : Model.from_config,1193427f,d2051a5d,Added shape checking for concat merge,2
5730,Bug fix : Model.from_config,1193427f,1526d81a,Faster and better Sentiment Analysis example.,2
5730,Bug fix : Model.from_config,1193427f,73c00458,Bug fix,2
5730,Bug fix : Model.from_config,1193427f,3981a87b,Assert input shapes of Merge layer are equal,2
5730,Bug fix : Model.from_config,1193427f,569bb74a,Update comment to include new join merge mode,2
5730,Bug fix : Model.from_config,1193427f,d5cd2687,Update skipgram_word_embeddings.py,2
5730,Bug fix : Model.from_config,f59736a0,611c4851,Merge pull request #1 from fchollet/master,2
5730,Bug fix : Model.from_config,f59736a0,0d233b25,Update imdb_cnn_lstm.py,2
5730,Bug fix : Model.from_config,f59736a0,e704e157,Update imdb_cnn_lstm.py,2
5730,Bug fix : Model.from_config,f59736a0,6cc827ca,Bug fix,2
5730,Bug fix : Model.from_config,f59736a0,d2051a5d,Added shape checking for concat merge,2
5730,Bug fix : Model.from_config,f59736a0,1526d81a,Faster and better Sentiment Analysis example.,2
5730,Bug fix : Model.from_config,f59736a0,73c00458,Bug fix,2
5730,Bug fix : Model.from_config,f59736a0,3981a87b,Assert input shapes of Merge layer are equal,2
5730,Bug fix : Model.from_config,f59736a0,569bb74a,Update comment to include new join merge mode,2
5730,Bug fix : Model.from_config,f59736a0,d5cd2687,Update skipgram_word_embeddings.py,2
5730,Bug fix : Model.from_config,55447cbb,611c4851,Merge pull request #1 from fchollet/master,2
5730,Bug fix : Model.from_config,55447cbb,0d233b25,Update imdb_cnn_lstm.py,2
5730,Bug fix : Model.from_config,55447cbb,e704e157,Update imdb_cnn_lstm.py,2
5730,Bug fix : Model.from_config,55447cbb,6cc827ca,Bug fix,2
5730,Bug fix : Model.from_config,55447cbb,d2051a5d,Added shape checking for concat merge,2
5730,Bug fix : Model.from_config,55447cbb,1526d81a,Faster and better Sentiment Analysis example.,2
5730,Bug fix : Model.from_config,55447cbb,73c00458,Bug fix,2
5730,Bug fix : Model.from_config,55447cbb,3981a87b,Assert input shapes of Merge layer are equal,2
5730,Bug fix : Model.from_config,55447cbb,569bb74a,Update comment to include new join merge mode,2
5730,Bug fix : Model.from_config,55447cbb,d5cd2687,Update skipgram_word_embeddings.py,2
5730,Bug fix : Model.from_config,cee4f72a,611c4851,Merge pull request #1 from fchollet/master,2
5730,Bug fix : Model.from_config,cee4f72a,0d233b25,Update imdb_cnn_lstm.py,2
5730,Bug fix : Model.from_config,cee4f72a,e704e157,Update imdb_cnn_lstm.py,2
5730,Bug fix : Model.from_config,cee4f72a,6cc827ca,Bug fix,2
5730,Bug fix : Model.from_config,cee4f72a,d2051a5d,Added shape checking for concat merge,2
5730,Bug fix : Model.from_config,cee4f72a,1526d81a,Faster and better Sentiment Analysis example.,2
5730,Bug fix : Model.from_config,cee4f72a,73c00458,Bug fix,2
5730,Bug fix : Model.from_config,cee4f72a,3981a87b,Assert input shapes of Merge layer are equal,2
5730,Bug fix : Model.from_config,cee4f72a,569bb74a,Update comment to include new join merge mode,2
5730,Bug fix : Model.from_config,cee4f72a,d5cd2687,Update skipgram_word_embeddings.py,2
5730,Bug fix : Model.from_config,de2884af,611c4851,Merge pull request #1 from fchollet/master,2
5730,Bug fix : Model.from_config,de2884af,0d233b25,Update imdb_cnn_lstm.py,2
5730,Bug fix : Model.from_config,de2884af,e704e157,Update imdb_cnn_lstm.py,2
5730,Bug fix : Model.from_config,de2884af,6cc827ca,Bug fix,2
5730,Bug fix : Model.from_config,de2884af,d2051a5d,Added shape checking for concat merge,2
5730,Bug fix : Model.from_config,de2884af,1526d81a,Faster and better Sentiment Analysis example.,2
5730,Bug fix : Model.from_config,de2884af,73c00458,Bug fix,2
5730,Bug fix : Model.from_config,de2884af,3981a87b,Assert input shapes of Merge layer are equal,2
5730,Bug fix : Model.from_config,de2884af,569bb74a,Update comment to include new join merge mode,2
5730,Bug fix : Model.from_config,de2884af,d5cd2687,Update skipgram_word_embeddings.py,2
5730,Bug fix : Model.from_config,aca4a773,611c4851,Merge pull request #1 from fchollet/master,2
5730,Bug fix : Model.from_config,aca4a773,0d233b25,Update imdb_cnn_lstm.py,2
5730,Bug fix : Model.from_config,aca4a773,e704e157,Update imdb_cnn_lstm.py,2
5730,Bug fix : Model.from_config,aca4a773,6cc827ca,Bug fix,2
5730,Bug fix : Model.from_config,aca4a773,d2051a5d,Added shape checking for concat merge,2
5730,Bug fix : Model.from_config,aca4a773,1526d81a,Faster and better Sentiment Analysis example.,2
5730,Bug fix : Model.from_config,aca4a773,73c00458,Bug fix,2
5730,Bug fix : Model.from_config,aca4a773,3981a87b,Assert input shapes of Merge layer are equal,2
5730,Bug fix : Model.from_config,aca4a773,569bb74a,Update comment to include new join merge mode,2
5730,Bug fix : Model.from_config,aca4a773,d5cd2687,Update skipgram_word_embeddings.py,2
5730,Bug fix : Model.from_config,ad254f99,611c4851,Merge pull request #1 from fchollet/master,2
5730,Bug fix : Model.from_config,ad254f99,0d233b25,Update imdb_cnn_lstm.py,2
5730,Bug fix : Model.from_config,ad254f99,e704e157,Update imdb_cnn_lstm.py,2
5730,Bug fix : Model.from_config,ad254f99,6cc827ca,Bug fix,2
5730,Bug fix : Model.from_config,ad254f99,d2051a5d,Added shape checking for concat merge,2
5730,Bug fix : Model.from_config,ad254f99,1526d81a,Faster and better Sentiment Analysis example.,2
5730,Bug fix : Model.from_config,ad254f99,73c00458,Bug fix,2
5730,Bug fix : Model.from_config,ad254f99,3981a87b,Assert input shapes of Merge layer are equal,2
5730,Bug fix : Model.from_config,ad254f99,569bb74a,Update comment to include new join merge mode,2
5730,Bug fix : Model.from_config,ad254f99,d5cd2687,Update skipgram_word_embeddings.py,2
5730,Bug fix : Model.from_config,6cc827ca,611c4851,Merge pull request #1 from fchollet/master,2
5730,Bug fix : Model.from_config,6cc827ca,0d233b25,Update imdb_cnn_lstm.py,2
5730,Bug fix : Model.from_config,6cc827ca,e704e157,Update imdb_cnn_lstm.py,2
5730,Bug fix : Model.from_config,6cc827ca,6cc827ca,Bug fix,2
5730,Bug fix : Model.from_config,6cc827ca,d2051a5d,Added shape checking for concat merge,2
5730,Bug fix : Model.from_config,6cc827ca,1526d81a,Faster and better Sentiment Analysis example.,2
5730,Bug fix : Model.from_config,6cc827ca,73c00458,Bug fix,2
5730,Bug fix : Model.from_config,6cc827ca,3981a87b,Assert input shapes of Merge layer are equal,2
5730,Bug fix : Model.from_config,6cc827ca,569bb74a,Update comment to include new join merge mode,2
5730,Bug fix : Model.from_config,6cc827ca,d5cd2687,Update skipgram_word_embeddings.py,2
5730,Bug fix : Model.from_config,73c00458,611c4851,Merge pull request #1 from fchollet/master,2
5730,Bug fix : Model.from_config,73c00458,0d233b25,Update imdb_cnn_lstm.py,2
5730,Bug fix : Model.from_config,73c00458,e704e157,Update imdb_cnn_lstm.py,2
5730,Bug fix : Model.from_config,73c00458,6cc827ca,Bug fix,2
5730,Bug fix : Model.from_config,73c00458,d2051a5d,Added shape checking for concat merge,2
5730,Bug fix : Model.from_config,73c00458,1526d81a,Faster and better Sentiment Analysis example.,2
5730,Bug fix : Model.from_config,73c00458,73c00458,Bug fix,2
5730,Bug fix : Model.from_config,73c00458,3981a87b,Assert input shapes of Merge layer are equal,2
5730,Bug fix : Model.from_config,73c00458,569bb74a,Update comment to include new join merge mode,2
5730,Bug fix : Model.from_config,73c00458,d5cd2687,Update skipgram_word_embeddings.py,2
5729,Add merge mode 'max' where it was missing (fixes #3486),b43caf7b,5e51d02a,Use linear time algorithm for topological sorting. (#6347),2
5729,Add merge mode 'max' where it was missing (fixes #3486),b43caf7b,2c284017,Fix Model.fit_generator for multiple outputs with same name. (#6239),2
5729,Add merge mode 'max' where it was missing (fixes #3486),b43caf7b,7095aca5,Reapply patches to legacy Merge layer (#5791),2
5729,Add merge mode 'max' where it was missing (fixes #3486),b43caf7b,b43caf7b,Add merge mode 'max' where it was missing (fixes #3486) (#5729),3
5358,Keras 2 requests for contribution,6691b9e3,4da8c814,Reduce test flakiness,2
5358,Keras 2 requests for contribution,6691b9e3,07e0c2f7,Add 'why use keras' page to the docs,2
5358,Keras 2 requests for contribution,6691b9e3,5665b4d4,Fix custom loss class output_shape check,2
5358,Keras 2 requests for contribution,6691b9e3,e0d9fcb9,Change ifelse import in Theano backend for compatibility with Theano 1.0.0,2
5358,Keras 2 requests for contribution,6691b9e3,4edd0379,Change style of first example in README,2
5358,Keras 2 requests for contribution,6691b9e3,5b3cf890,Update keras logo,2
5358,Keras 2 requests for contribution,6691b9e3,cf2623b1,Update keras logo,2
5358,Keras 2 requests for contribution,6691b9e3,abcd7dba,Fix CNTK wrappers tests.,2
5358,Keras 2 requests for contribution,6691b9e3,a8a59c71,Add test for CuDNN RNNs + Bidirectional,2
5358,Keras 2 requests for contribution,6691b9e3,3292aa5a,Fix RNN layers dynamic `trainable` attr,2
5358,Keras 2 requests for contribution,6691b9e3,b1d298a1,Fix docs autogen script.,2
5358,Keras 2 requests for contribution,6691b9e3,cc3328a7,Small docs improvement.,2
5358,Keras 2 requests for contribution,6691b9e3,d3db58c8,Improve docs.,2
5358,Keras 2 requests for contribution,6691b9e3,b889a4d8,Style+consistency fix for target placeholders test,2
5358,Keras 2 requests for contribution,6691b9e3,cbecc6a2,Fix l2_normalize,2
5358,Keras 2 requests for contribution,6691b9e3,ddd8f470,Add default value for `l2_normalize`.,2
5358,Keras 2 requests for contribution,6691b9e3,46b691e3,Remove legacy axis handling in TF backend.,2
5358,Keras 2 requests for contribution,6691b9e3,720ed1ad,Update README.md,2
5358,Keras 2 requests for contribution,6691b9e3,43e418d1,Deflake TensorBoard callback tests.,2
5358,Keras 2 requests for contribution,6691b9e3,36e526ed,Update regularizers docs,2
5358,Keras 2 requests for contribution,6691b9e3,4b5984b8,Relax optimizer tests.,2
5358,Keras 2 requests for contribution,6691b9e3,9683998b,Fix PEP8 error.,2
5358,Keras 2 requests for contribution,6691b9e3,dab228bc,Docstring fixes.,2
5358,Keras 2 requests for contribution,6691b9e3,803e2869,Update a number of example scripts.,2
5358,Keras 2 requests for contribution,6691b9e3,e1a5fbf7,Fixes in conv layers.,2
5358,Keras 2 requests for contribution,6691b9e3,dc11aa99,Make utils importable by absolute path,2
5358,Keras 2 requests for contribution,6691b9e3,ca234069,Update 2 mnist examples,2
5358,Keras 2 requests for contribution,6691b9e3,a5a775b7,Merge branch 'master' of ssh://github.com/fchollet/keras,2
5358,Keras 2 requests for contribution,6691b9e3,9736056a,Fix issue in mnist siamese graph example.,2
5358,Keras 2 requests for contribution,6691b9e3,9ee0c8e6,Fix init dim_ordering in conv layers,2
5358,Keras 2 requests for contribution,6691b9e3,0ba2626b,Further style fixes,2
5358,Keras 2 requests for contribution,6691b9e3,c6eea03c,Style fixes in engine.,2
5358,Keras 2 requests for contribution,6691b9e3,9f33f8af,Add names to Keras application models,2
5358,Keras 2 requests for contribution,6691b9e3,57f2f110,count_params should report count for all weights.,2
5358,Keras 2 requests for contribution,6691b9e3,bf502be5,Merge branch 'master' of ssh://github.com/fchollet/keras,2
5358,Keras 2 requests for contribution,6691b9e3,dfeca151,Allow to set input shape in CV models.,2
5358,Keras 2 requests for contribution,6691b9e3,c0b32a9a,Remove reference to legacy Graph model in tests.,2
5358,Keras 2 requests for contribution,6691b9e3,703d5a12,Add dynamic trainability lightweight test,2
5358,Keras 2 requests for contribution,6691b9e3,c5cc96a4,Saner way to collect trainable weights,2
5358,Keras 2 requests for contribution,6691b9e3,de256cb5,Make sure ImageNet predictions are sorted,2
5358,Keras 2 requests for contribution,6691b9e3,ce814302,Remove support for legacy Graph model,2
5358,Keras 2 requests for contribution,6691b9e3,e52740f0,Add Gitter link to README,2
5358,Keras 2 requests for contribution,6691b9e3,5dd8c5c1,Padding style fixes.,2
5358,Keras 2 requests for contribution,6691b9e3,7df184d3,Style touch-ups,2
5358,Keras 2 requests for contribution,6691b9e3,e0d871b7,Restructure docs for Applications module,2
5358,Keras 2 requests for contribution,6691b9e3,04df170b,Merge branch 'master' of ssh://github.com/fchollet/keras,2
5358,Keras 2 requests for contribution,6691b9e3,5f58a6d2,"Support all backends, dim orderings for music CRNN",2
5358,Keras 2 requests for contribution,6691b9e3,fb6a2941,Fix typos,2
5358,Keras 2 requests for contribution,6691b9e3,ed131973,Fix music tagger application,2
5358,Keras 2 requests for contribution,6691b9e3,d5f1250a,Update imagenet prediction decoding utilities,2
5358,Keras 2 requests for contribution,6691b9e3,f2aa89f4,Freeze list of trainable weights at compile time,2
5358,Keras 2 requests for contribution,6691b9e3,13bd33e7,Merge branch 'master' of ssh://github.com/fchollet/keras,2
5358,Keras 2 requests for contribution,6691b9e3,b2e8d5ab,Add support for LR decay in all optimizers,2
5358,Keras 2 requests for contribution,6691b9e3,c939cebf,Theano rnn fix when input_dim = 1,2
5358,Keras 2 requests for contribution,6691b9e3,065fb2a7,Add global pooling layers,2
5358,Keras 2 requests for contribution,6691b9e3,02ff1d44,Fix style in example,2
5358,Keras 2 requests for contribution,6691b9e3,a4d191d4,Only write config file if it didn't exist,2
5358,Keras 2 requests for contribution,6691b9e3,28d9c0c5,Style fixes in example.,2
5358,Keras 2 requests for contribution,6691b9e3,d68c0bd7,Update optimizers docs,2
5358,Keras 2 requests for contribution,6691b9e3,c3d20bbc,Merge branch 'master' of ssh://github.com/fchollet/keras,2
5358,Keras 2 requests for contribution,6691b9e3,f9c03f18,Make trainable_weights dynamic,2
5358,Keras 2 requests for contribution,6691b9e3,09d75a43,Style fixes,2
5358,Keras 2 requests for contribution,6691b9e3,d971e0cc,Style fixes in SeparableConv2D,2
5358,Keras 2 requests for contribution,6691b9e3,b6a776b2,Add Sequential.pop() method,2
5358,Keras 2 requests for contribution,6691b9e3,ede79f81,Add MIT license badge to README,2
5358,Keras 2 requests for contribution,6691b9e3,229f13a8,Lambda should not support masking implicitly,2
5358,Keras 2 requests for contribution,6691b9e3,885e6e62,Style fix in test,2
5358,Keras 2 requests for contribution,6691b9e3,dc122c31,Fix masking test,2
5358,Keras 2 requests for contribution,6691b9e3,3bc80d3d,Remove unnecessary assert,2
5358,Keras 2 requests for contribution,6691b9e3,8f8e4574,Fix issue with Sequential deserialization,2
5358,Keras 2 requests for contribution,6691b9e3,c30432a6,Nadam optimizer style fixes,2
5358,Keras 2 requests for contribution,6691b9e3,604ea8d6,Fix PEP8 BS,2
5358,Keras 2 requests for contribution,6691b9e3,fd3cfb19,Allow no layer names in plot(),2
5358,Keras 2 requests for contribution,6691b9e3,b71f6ba8,Allow absence of labels in flow(),2
5358,Keras 2 requests for contribution,6691b9e3,dfc128b8,Fix some py3 generator issue,2
5358,Keras 2 requests for contribution,6691b9e3,34b8b57c,Update image preprocessing docs,2
5358,Keras 2 requests for contribution,6691b9e3,3bba409d,Improve docstring in preprocessing/image,2
5358,Keras 2 requests for contribution,6691b9e3,7869cdcc,Merge branch 'master' of ssh://github.com/fchollet/keras,2
5358,Keras 2 requests for contribution,6691b9e3,0e18e345,"Refactor ImageDataGenerator, add directory support",2
5358,Keras 2 requests for contribution,6691b9e3,e5b99c75,Tiny fixes in Sequential methods,2
5358,Keras 2 requests for contribution,6691b9e3,edbec2db,Remove bit of deprecated code,2
5358,Keras 2 requests for contribution,6691b9e3,973ece98,Make dim_ordering a global default,2
5358,Keras 2 requests for contribution,6691b9e3,91b93029,Make Merge output_shape consistent with lambda,2
5358,Keras 2 requests for contribution,6691b9e3,7b5bab83,Merge branch 'master' of ssh://github.com/fchollet/keras,2
5358,Keras 2 requests for contribution,6691b9e3,c5e2116e,Fix typo in doc,2
5358,Keras 2 requests for contribution,6691b9e3,198c5152,Simplify imports in README,2
5358,Keras 2 requests for contribution,6691b9e3,5156673e,Fix serialization issue with nested Sequential,2
5358,Keras 2 requests for contribution,6691b9e3,1529c9c4,Clarify error message,2
5358,Keras 2 requests for contribution,6691b9e3,32b10a88,Fix first axis dim validation in multi-input model,2
5358,Keras 2 requests for contribution,6691b9e3,24501d43,Fix ActivityReg layer,2
5358,Keras 2 requests for contribution,6691b9e3,bf0c08e2,Add FAQ entry about layer freezing,2
5358,Keras 2 requests for contribution,6691b9e3,b581eb3f,Update RMSprop,2
5358,Keras 2 requests for contribution,6691b9e3,973b5570,Style touch-up,2
5358,Keras 2 requests for contribution,6691b9e3,7cb41fc5,Fix weight saving issue,2
5358,Keras 2 requests for contribution,6691b9e3,1f170139,Misc fixes,2
5358,Keras 2 requests for contribution,6691b9e3,f18899cb,Merge branch 'master' of https://github.com/commaai/keras into commaai-master,2
5358,Keras 2 requests for contribution,6691b9e3,bfa5ca55,Fix docstring,2
5358,Keras 2 requests for contribution,6691b9e3,18841fa5,Fix build,2
5358,Keras 2 requests for contribution,6691b9e3,1f408487,Add new metrics and metrics tests,2
5358,Keras 2 requests for contribution,6691b9e3,00e9d5b2,Update regularizer tests,2
5358,Keras 2 requests for contribution,6691b9e3,7f937476,Remove outdated comment,2
5358,Keras 2 requests for contribution,6691b9e3,b1e47f77,Fix PEP8,2
5358,Keras 2 requests for contribution,6691b9e3,24f96262,Add additional input data validation check,2
5358,Keras 2 requests for contribution,6691b9e3,1904194c,Fix wrapper learning phase,2
5358,Keras 2 requests for contribution,6691b9e3,2cc9ebf2,Add set_learning_phase in TF backend.,2
5358,Keras 2 requests for contribution,6691b9e3,cb5d69c7,Fix case where output_shape in Merge is tuple,2
5358,Keras 2 requests for contribution,6691b9e3,d50f469c,Fix for invalid dropout values,2
5358,Keras 2 requests for contribution,6691b9e3,b587aeee,Remove badge from README,2
5358,Keras 2 requests for contribution,6691b9e3,f75f70a6,Update examples in documentation,2
5358,Keras 2 requests for contribution,6691b9e3,e3c31aa7,Merge branch 'master' of ssh://github.com/fchollet/keras,2
5358,Keras 2 requests for contribution,6691b9e3,ef1e9595,Update visualize_util,2
5358,Keras 2 requests for contribution,6691b9e3,bde45eff,"Split model tests, fix create_output graph bug",2
5358,Keras 2 requests for contribution,6691b9e3,8ba647c1,Fix PEP8,2
5358,Keras 2 requests for contribution,6691b9e3,a86057d9,Improve error messages in TF backend.,2
5358,Keras 2 requests for contribution,6691b9e3,1ebeff8e,Move data_utils to utils.data_utils.,2
5358,Keras 2 requests for contribution,6691b9e3,4ec84541,Fixes in imagedatagenerator,2
5358,Keras 2 requests for contribution,6691b9e3,763a2a95,"Style and dosctring fixes, sklearn wrapper.",2
5358,Keras 2 requests for contribution,6691b9e3,37996605,Update pool module import for Theano,2
5358,Keras 2 requests for contribution,6691b9e3,58ca064f,Use MSE in stateful example.,2
5358,Keras 2 requests for contribution,6691b9e3,654404c2,Add a few explanatory comments in recurrent.py,2
5358,Keras 2 requests for contribution,6691b9e3,7896ef71,Style standardization,2
5358,Keras 2 requests for contribution,6691b9e3,d4e96964,Merge branch 'master' of ssh://github.com/fchollet/keras,2
5358,Keras 2 requests for contribution,6691b9e3,4cff0623,Update documentation.,2
5358,Keras 2 requests for contribution,6691b9e3,0ec57f28,Fix fit_generator docstring,2
5358,Keras 2 requests for contribution,6691b9e3,860e4e91,Various fixes in evaluate_generator/fit_generator.,2
5358,Keras 2 requests for contribution,6691b9e3,f27c5b05,merge conflict,2
5358,Keras 2 requests for contribution,6691b9e3,523e24e8,Simplify Theano RNN when no mask is passed,2
5358,Keras 2 requests for contribution,6691b9e3,a07efd4b,Update examples in doc,2
5358,Keras 2 requests for contribution,6691b9e3,0ca4a0fb,Add binary classification example in doc,2
5358,Keras 2 requests for contribution,6691b9e3,3d85402c,Fix various typos,2
5358,Keras 2 requests for contribution,6691b9e3,9720db95,Fix typo,2
5358,Keras 2 requests for contribution,6691b9e3,c5d11f1d,Fix AutoEncoder; cleaner API.,2
5358,Keras 2 requests for contribution,6691b9e3,92b1948d,Fix typo,2
5358,Keras 2 requests for contribution,6691b9e3,2e90ae18,Update Theano install instructions,2
5358,Keras 2 requests for contribution,6691b9e3,ed1297b3,Update Theano install instructions,2
5358,Keras 2 requests for contribution,6691b9e3,d0014086,Fix conv2d mode in doc examples,2
5358,Keras 2 requests for contribution,6691b9e3,ced84d53,Fix example docstring,2
5358,Keras 2 requests for contribution,6691b9e3,d0b98a2c,Antirectifier example style fixes,2
5358,Keras 2 requests for contribution,6691b9e3,09d91fcc,Add antirectifier example,2
5358,Keras 2 requests for contribution,6691b9e3,c8176fd3,Update FAQ in documentation,2
5358,Keras 2 requests for contribution,6691b9e3,d870e45e,Fix flaky test,2
5358,Keras 2 requests for contribution,6691b9e3,6ec1f7a4,Fix callback tests,2
5358,Keras 2 requests for contribution,6691b9e3,e34f9e6d,Add tests for callbacks,2
5358,Keras 2 requests for contribution,6691b9e3,8d3b8ff6,Improve callback functionality,2
5358,Keras 2 requests for contribution,6691b9e3,71952f29,Remove make_reuters_dataset,2
5358,Keras 2 requests for contribution,6691b9e3,febf9b21,Fix output caching.,2
5358,Keras 2 requests for contribution,6691b9e3,e8e8f762,Introduce layer output caching.,2
5358,Keras 2 requests for contribution,6691b9e3,de8e009e,Merge branch 'mynameisfiber-master',2
5358,Keras 2 requests for contribution,6691b9e3,23afa3f3,RNN unit tests touch-ups,2
5358,Keras 2 requests for contribution,6691b9e3,b7db4486,Merge branch 'master' of https://github.com/mynameisfiber/keras into mynameisfiber-master,2
5358,Keras 2 requests for contribution,6691b9e3,59406a71,Update callbacks documentation,2
5358,Keras 2 requests for contribution,6691b9e3,7da15230,Replace unittest with pytest,2
5358,Keras 2 requests for contribution,6691b9e3,31cf6b16,Fix Adadelta serialization,2
5358,Keras 2 requests for contribution,6691b9e3,3ce1883a,Update documentation,2
5358,Keras 2 requests for contribution,6691b9e3,93718562,One more attempt at fixing indeterminism on Travis,2
5358,Keras 2 requests for contribution,6691b9e3,5fe40861,New attempt at fixing test indeterminism,2
5358,Keras 2 requests for contribution,6691b9e3,182e84d0,Attempt to reduce indeterminism in tests,2
5358,Keras 2 requests for contribution,6691b9e3,2c30d503,Fix sample weights generation for validation data,2
5358,Keras 2 requests for contribution,6691b9e3,7a86ff7f,Fixes in loss weighting with validation data,2
5358,Keras 2 requests for contribution,6691b9e3,3c4f0ac6,"Revert ""Fix sample_weight and class_weight in validation""",2
5358,Keras 2 requests for contribution,6691b9e3,9773e810,Fix sample_weight and class_weight in validation,2
5358,Keras 2 requests for contribution,6691b9e3,484039d2,Merge branch 'conv_same_with_cudnn' of https://github.com/entron/keras into entron-conv_same_with_cudnn,2
5358,Keras 2 requests for contribution,6691b9e3,a7014350,Merge branch 'time-distributed-class-weights',2
5358,Keras 2 requests for contribution,6691b9e3,24bf8488,Merge branch 'time-distributed-class-weights' of https://github.com/wxs/keras into time-distributed-class-weights,2
5358,Keras 2 requests for contribution,6691b9e3,bad60eed,Merge branch 'wxs-fix-weight-mask-interaction',2
5358,Keras 2 requests for contribution,6691b9e3,21f0bfa2,Fix loss masking test,2
5358,Keras 2 requests for contribution,6691b9e3,6ef6128b,Merge branch 'fix-weight-mask-interaction' of https://github.com/wxs/keras into wxs-fix-weight-mask-interaction,2
5358,Keras 2 requests for contribution,6691b9e3,34999c86,Fix Poisson loss when target = 0,2
5358,Keras 2 requests for contribution,6691b9e3,f66b58bb,Merge branch 'master' of https://github.com/fchollet/keras,2
5358,Keras 2 requests for contribution,6691b9e3,6cd8d3c3,Fix optimizer serialization,2
5358,Keras 2 requests for contribution,6691b9e3,aa21a15b,Merge branch 'EderSantana-master',2
5358,Keras 2 requests for contribution,6691b9e3,93624e10,Fix graph container,2
5358,Keras 2 requests for contribution,6691b9e3,d9579e1c,Learning rate scheduling touch-ups,2
5358,Keras 2 requests for contribution,6691b9e3,5af36525,Merge branch 'master' of https://github.com/EderSantana/keras into EderSantana-master,2
5358,Keras 2 requests for contribution,6691b9e3,eb11ad77,Merge branch 'master' of https://github.com/fchollet/keras,2
5358,Keras 2 requests for contribution,6691b9e3,ff197781,Multi-io get_input / get_ouput in graph container,2
5358,Keras 2 requests for contribution,6691b9e3,af84a687,Remove irrelevant code in convolutional,2
5358,Keras 2 requests for contribution,6691b9e3,a478930d,"Add weight loading to PReLU, ParametricSoftPlus",2
5358,Keras 2 requests for contribution,6691b9e3,78feed7f,Fix autoencoder serialization,2
5358,Keras 2 requests for contribution,6691b9e3,818f5d7d,Merge branch 'master' of https://github.com/fchollet/keras,2
5358,Keras 2 requests for contribution,6691b9e3,23b1d792,Merge branch 'Smerity-master',2
5358,Keras 2 requests for contribution,6691b9e3,d5455154,Touch-ups to addition RNN example,2
5358,Keras 2 requests for contribution,6691b9e3,97174dd2,Fix batch normalization as first layer,2
5358,Keras 2 requests for contribution,6691b9e3,3dd6dbe5,Merge branch 'master' of https://github.com/fchollet/keras,2
5358,Keras 2 requests for contribution,6691b9e3,4de2b588,Fix graph model,2
5358,Keras 2 requests for contribution,6691b9e3,a02ccc2a,Change API of ZeroPadding2D,2
5358,Keras 2 requests for contribution,6691b9e3,f4947578,Merge branch 'anayebi-master',2
5358,Keras 2 requests for contribution,6691b9e3,965a8cae,"Convolution layers: style cleanup, code re-org",2
5358,Keras 2 requests for contribution,6691b9e3,c61616ab,Merge branch 'master' of https://github.com/anayebi/keras into anayebi-master,2
5358,Keras 2 requests for contribution,6691b9e3,ca758bef,Fix RepeatVector in captioning example,2
5358,Keras 2 requests for contribution,6691b9e3,a1161885,Fix text preprocessing,2
5358,Keras 2 requests for contribution,6691b9e3,f7d4a1e4,Merge branch 'master' of https://github.com/fchollet/keras,2
5358,Keras 2 requests for contribution,6691b9e3,7115efc3,Remove optional loss masking (now automatic),2
5358,Keras 2 requests for contribution,6691b9e3,a6aa7940,Fix history in graph model.,2
5358,Keras 2 requests for contribution,6691b9e3,ae4219e6,Fix loss masking tests,2
5358,Keras 2 requests for contribution,6691b9e3,b3cb7f4e,Merge branch 'master' of https://github.com/EderSantana/keras into EderSantana-master,2
5358,Keras 2 requests for contribution,6691b9e3,eac3bf8b,Extend layer API to multi inputs / ouputs,2
5358,Keras 2 requests for contribution,6691b9e3,425f2903,Add create_output option in Graph model,2
5358,Keras 2 requests for contribution,6691b9e3,1b66e36e,Merge branch 'master' of https://github.com/fchollet/keras,2
5358,Keras 2 requests for contribution,6691b9e3,b0576247,Add border_mode = same to Convolution1D,2
5358,Keras 2 requests for contribution,6691b9e3,9e7f67b6,Fix typo,2
5358,Keras 2 requests for contribution,6691b9e3,c81d6ec9,Fix batch normalization,2
5358,Keras 2 requests for contribution,6691b9e3,0eea5055,Use readthedocs theme in dev doc version,2
5358,Keras 2 requests for contribution,6691b9e3,e1d8b1ba,Update MaxPooling1D documentation.,2
5358,Keras 2 requests for contribution,6691b9e3,616fcbaa,Merge branch 'nehz-MaxPooling1D-fix' of https://github.com/nehz/keras into nehz-nehz-MaxPooling1D-fix,2
5358,Keras 2 requests for contribution,6691b9e3,37965cae,Style touch-ups in babi example,2
5358,Keras 2 requests for contribution,6691b9e3,4ecb5bdd,Fix Hualos callback,2
5358,Keras 2 requests for contribution,6691b9e3,1e3d9f7b,Fix Hualos callback,2
5358,Keras 2 requests for contribution,6691b9e3,15a3a1f1,"Randomness seeding, small fixes",2
5358,Keras 2 requests for contribution,6691b9e3,48381f8a,Masking layer touch-ups,2
5358,Keras 2 requests for contribution,6691b9e3,3212cd4c,Merge branch 'masking-layer' of https://github.com/amitbeka/keras into amitbeka-masking-layer,2
5358,Keras 2 requests for contribution,6691b9e3,6a1ede1a,Merge branch 'master' of https://github.com/fchollet/keras,2
5358,Keras 2 requests for contribution,6691b9e3,b64217cd,Small style fixes,2
5358,Keras 2 requests for contribution,6691b9e3,275f4166,Merge branch 'master' of https://github.com/fchollet/keras,2
5358,Keras 2 requests for contribution,6691b9e3,8675fc52,Update core layers documentation,2
5358,Keras 2 requests for contribution,6691b9e3,a4def208,Fix serialization,2
5358,Keras 2 requests for contribution,6691b9e3,f1d60121,Fix optimizers test,2
5358,Keras 2 requests for contribution,6691b9e3,06610325,Merge branch 'master' of https://github.com/kenterao/keras into kenterao-master,2
5358,Keras 2 requests for contribution,6691b9e3,4f6b1a4d,Add optimizers tests,2
5358,Keras 2 requests for contribution,6691b9e3,0e295dbd,Merge branch 'master' of https://github.com/fchollet/keras,2
5358,Keras 2 requests for contribution,6691b9e3,7c3bf9d0,Add dataset tests,2
5358,Keras 2 requests for contribution,6691b9e3,e06f9df8,Refactor model serialization,2
5358,Keras 2 requests for contribution,6691b9e3,b6aaeb35,Fix embedding test,2
5358,Keras 2 requests for contribution,6691b9e3,d1387c1e,Move model_utils to layer_utils,2
5358,Keras 2 requests for contribution,6691b9e3,3a28da9e,Cleanup/fix model_utils,2
5358,Keras 2 requests for contribution,6691b9e3,32fd2028,Merge branch 'print_layer_shapes' of https://github.com/julienr/keras into julienr-print_layer_shapes,2
5358,Keras 2 requests for contribution,6691b9e3,e975f8a6,Remove deprecated methods,2
5358,Keras 2 requests for contribution,6691b9e3,a08bf38e,Extend loss weighting tests,2
5358,Keras 2 requests for contribution,6691b9e3,6289de37,Fix & extend loss weighting,2
5358,Keras 2 requests for contribution,6691b9e3,8a99d6e4,Merge branch 'master' of https://github.com/kenterao/keras into kenterao-master,2
5358,Keras 2 requests for contribution,6691b9e3,6ed288b1,Merge branch 'the-moliver-Psoftplus',2
5358,Keras 2 requests for contribution,6691b9e3,94037730,merge,2
5358,Keras 2 requests for contribution,6691b9e3,1ebec1e5,merge,2
5358,Keras 2 requests for contribution,6691b9e3,ed9834c6,Remove dot utils doc,2
5358,Keras 2 requests for contribution,6691b9e3,3037183c,Remove dot_utils,2
5358,Keras 2 requests for contribution,6691b9e3,ec8f7f00,Codebase cleanup,2
5358,Keras 2 requests for contribution,6691b9e3,f392a780,Merge branch 'master' of https://github.com/fchollet/keras,2
5358,Keras 2 requests for contribution,6691b9e3,72e73b0a,Merge branch 'cmyr-batch-shuffle',2
5358,Keras 2 requests for contribution,6691b9e3,2fbfbddd,Cleanup error msg,2
5358,Keras 2 requests for contribution,6691b9e3,e98b1c23,Merge branch 'batch-shuffle' of https://github.com/cmyr/keras into cmyr-batch-shuffle,2
5358,Keras 2 requests for contribution,6691b9e3,d2b58497,Merge branch 'anayebi-master',2
5358,Keras 2 requests for contribution,6691b9e3,4b6bf1db,Fix Permute layer,2
5358,Keras 2 requests for contribution,6691b9e3,84d9171a,Merge branch 'master' of https://github.com/anayebi/keras into anayebi-master,2
5358,Keras 2 requests for contribution,6691b9e3,c777cdf8,Update README,2
5358,Keras 2 requests for contribution,6691b9e3,91a15fdf,"Doc, README touch-ups",2
5358,Keras 2 requests for contribution,6691b9e3,6a4aab45,Fix border mode = same in Conv2D,2
5358,Keras 2 requests for contribution,6691b9e3,46e19b95,Cleanup,2
5358,Keras 2 requests for contribution,6691b9e3,8824f1b4,Fix yaml serialization support,2
5358,Keras 2 requests for contribution,6691b9e3,43d84368,Fixes in yaml serialization,2
5358,Keras 2 requests for contribution,6691b9e3,08abc317,Merge branch 'yaml' of https://github.com/maxpumperla/keras into maxpumperla-yaml,2
5358,Keras 2 requests for contribution,6691b9e3,036d968a,Merge branch 'master' of https://github.com/fchollet/keras,2
5358,Keras 2 requests for contribution,6691b9e3,510068b8,Merge branch 'pjadzinsky-master',2
5358,Keras 2 requests for contribution,6691b9e3,43736166,Touch-ups to 'same' border mode,2
5358,Keras 2 requests for contribution,6691b9e3,9e256698,Merge branch 'master' of https://github.com/pjadzinsky/keras into pjadzinsky-master,2
5358,Keras 2 requests for contribution,6691b9e3,fd1d5908,Fix graph tests,2
5358,Keras 2 requests for contribution,6691b9e3,08b1964b,Fix doc,2
5358,Keras 2 requests for contribution,6691b9e3,94c930e9,Remove weight tying in autoencoder,2
5358,Keras 2 requests for contribution,6691b9e3,2d0e84a8,Merge branch 'mikekestemont-master',2
5358,Keras 2 requests for contribution,6691b9e3,c8a2f46f,Rename IMDB CNN example,2
5358,Keras 2 requests for contribution,6691b9e3,6899a9db,Revise IMDB conv1d example,2
5358,Keras 2 requests for contribution,6691b9e3,238d3909,Merge branch 'master' of https://github.com/mikekestemont/keras into mikekestemont-master,2
5358,Keras 2 requests for contribution,6691b9e3,22bd7cfa,Update reuters dataset,2
5358,Keras 2 requests for contribution,6691b9e3,03e512a3,Batch validation in fit,2
5358,Keras 2 requests for contribution,6691b9e3,a3dadff3,Update documentation,2
5358,Keras 2 requests for contribution,6691b9e3,65ebd8aa,Merge branch 'master' of https://github.com/fchollet/keras,2
5358,Keras 2 requests for contribution,6691b9e3,9f71949d,Dynamic epsilon in objectives,2
5358,Keras 2 requests for contribution,6691b9e3,5bf27185,Fix binary_crossentropy,2
5358,Keras 2 requests for contribution,6691b9e3,9a649d2b,Fix GaussianNoise imports,2
5358,Keras 2 requests for contribution,6691b9e3,c06b7467,Merge branch 'patch-1' of https://github.com/the-moliver/keras into the-moliver-patch-1,2
5358,Keras 2 requests for contribution,6691b9e3,bc05a25b,"Fix tests, increase coverage",2
5358,Keras 2 requests for contribution,6691b9e3,1e73e1bc,Fix History callback,2
5358,Keras 2 requests for contribution,6691b9e3,07f2253f,Add test for sequential model,2
5358,Keras 2 requests for contribution,6691b9e3,f817e2e7,merge,2
5358,Keras 2 requests for contribution,6691b9e3,7094be1b,Add y standardization to graph model,2
5358,Keras 2 requests for contribution,6691b9e3,7c8d9aaf,Fix gaussian noise doc,2
5358,Keras 2 requests for contribution,6691b9e3,6c55dbd6,Fix callbacks doc,2
5358,Keras 2 requests for contribution,6691b9e3,ab8f7da8,Put GaussianNoise in its own module.,2
5358,Keras 2 requests for contribution,6691b9e3,1f21e61a,Merge branch 'master' of https://github.com/Reddine/keras into Reddine-master,2
5358,Keras 2 requests for contribution,6691b9e3,16f737ff,Fix AE example in doc,2
5358,Keras 2 requests for contribution,6691b9e3,1fe6556a,Fix graph doc,2
5358,Keras 2 requests for contribution,6691b9e3,aeb954dd,Add dtype to graph inputs,2
5358,Keras 2 requests for contribution,6691b9e3,35bcd5a4,Touch-ups in examples and doc,2
5358,Keras 2 requests for contribution,6691b9e3,b1d94489,Refactor merge layer,2
5358,Keras 2 requests for contribution,6691b9e3,fe3c4d73,Update graph tests,2
5358,Keras 2 requests for contribution,6691b9e3,ddd5f476,Fix container merging issue,2
5358,Keras 2 requests for contribution,6691b9e3,63f9a795,Fix ModelCheckpoint callback,2
5358,Keras 2 requests for contribution,6691b9e3,8995b50a,Remove DenoisingAutoEncoder,2
5358,Keras 2 requests for contribution,6691b9e3,b22e547e,Merge branch 'Reddine-master',2
5358,Keras 2 requests for contribution,6691b9e3,8bd8ae1d,Correct MAPE loss,2
5358,Keras 2 requests for contribution,6691b9e3,1530f31c,Merge branch 'master' of https://github.com/Reddine/keras into Reddine-master,2
5358,Keras 2 requests for contribution,6691b9e3,f2c97d81,Add Graph model to doc,2
5358,Keras 2 requests for contribution,6691b9e3,53a05b6e,Fix metrics issue in evaluate,2
5358,Keras 2 requests for contribution,6691b9e3,dab55518,Update cifar10 example,2
5358,Keras 2 requests for contribution,6691b9e3,be75548c,Add graph config management,2
5358,Keras 2 requests for contribution,6691b9e3,553a7c02,"Graph bugfix, improve tests",2
5358,Keras 2 requests for contribution,6691b9e3,66b8f371,Complete working version of graphs. API needs work,2
5358,Keras 2 requests for contribution,6691b9e3,f1cd4365,"Fixes in models, callbacks",2
5358,Keras 2 requests for contribution,6691b9e3,f3022309,merge,2
5358,Keras 2 requests for contribution,6691b9e3,76b9877c,Add MSLE objective,2
5358,Keras 2 requests for contribution,6691b9e3,243d4737,Better API for Convolution1D and MaxPooling1D,2
5358,Keras 2 requests for contribution,6691b9e3,9e4e4328,Merge branch 'pranv-master',2
5358,Keras 2 requests for contribution,6691b9e3,c7c53725,Style fixes,2
5358,Keras 2 requests for contribution,6691b9e3,2baa9a8e,Merge branch 'master' of https://github.com/pranv/keras into pranv-master,2
5358,Keras 2 requests for contribution,6691b9e3,e63644cf,Fix denoising autoencoder issue,2
5358,Keras 2 requests for contribution,6691b9e3,a5f4bd33,Merge branch 'master' of https://github.com/fchollet/keras,2
5358,Keras 2 requests for contribution,6691b9e3,522201ec,Add test utils,2
5358,Keras 2 requests for contribution,6691b9e3,8e1e32a9,Fix tests,2
5358,Keras 2 requests for contribution,6691b9e3,0332b95c,Remove check in binary_crossentropy,2
5358,Keras 2 requests for contribution,6691b9e3,f53c3195,Merge branch 'master' of https://github.com/fchollet/keras,2
5358,Keras 2 requests for contribution,6691b9e3,940bd47b,Add test_loss_weighting,2
5358,Keras 2 requests for contribution,6691b9e3,ee730496,Add test_tasks,2
5358,Keras 2 requests for contribution,6691b9e3,06d7c7da,Strict handling of incorrect dims in binary_xent,2
5358,Keras 2 requests for contribution,6691b9e3,bba53793,Fix constraint tests,2
5358,Keras 2 requests for contribution,6691b9e3,28054136,Merge branch 'master' of https://github.com/fchollet/keras,2
5358,Keras 2 requests for contribution,6691b9e3,2d5b86d7,Merge branch 'mthrok-master',2
5358,Keras 2 requests for contribution,6691b9e3,12a5c6fe,Touch-ups in IRNN example,2
5358,Keras 2 requests for contribution,6691b9e3,e50462e7,Merge branch 'master' of https://github.com/mthrok/keras into mthrok-master,2
5358,Keras 2 requests for contribution,6691b9e3,27861828,Fix masking issue,2
5358,Keras 2 requests for contribution,6691b9e3,a4329aa4,Merge branch 'master' of https://github.com/fchollet/keras,2
5358,Keras 2 requests for contribution,6691b9e3,24df6a9f,Fix weights in model.test,2
5358,Keras 2 requests for contribution,6691b9e3,560cb945,Callback refactor,2
5358,Keras 2 requests for contribution,6691b9e3,2ab9f0ef,Add working Graph container,2
5358,Keras 2 requests for contribution,6691b9e3,d148ff11,Initial draft of Graph container,2
5358,Keras 2 requests for contribution,6691b9e3,c7aac3ce,ones as default init for LSTM forget gate bias,2
5358,Keras 2 requests for contribution,6691b9e3,ce659e56,Fix check for mask,2
5358,Keras 2 requests for contribution,6691b9e3,e8a6ae29,Fix regularization in Embedding,2
5358,Keras 2 requests for contribution,6691b9e3,e3d3d622,Update doc with sample_weight and class_weight,2
5358,Keras 2 requests for contribution,6691b9e3,877d4474,Merge branch 'master' of https://github.com/fchollet/keras,2
5358,Keras 2 requests for contribution,6691b9e3,cc9edcf4,"Fix merge conflicts, add class_weight support",2
5358,Keras 2 requests for contribution,6691b9e3,5e5bff05,Simplify IMDB example,2
5358,Keras 2 requests for contribution,6691b9e3,c4735f59,Doc touch-ups,2
5358,Keras 2 requests for contribution,6691b9e3,3af40ba5,Fix typo in doc,2
5358,Keras 2 requests for contribution,6691b9e3,36e5a17b,Update docs,2
5358,Keras 2 requests for contribution,6691b9e3,cbde35fd,Improve API of ActivityRegularization,2
5358,Keras 2 requests for contribution,6691b9e3,76b28524,Remove image_shape in conv layers,2
5358,Keras 2 requests for contribution,6691b9e3,090ada4e,Fix mkdocs.yml,2
5358,Keras 2 requests for contribution,6691b9e3,8ef90a03,Switch convolutional layers to new regularization,2
5358,Keras 2 requests for contribution,6691b9e3,f04fdec9,Incorporate regularization into loss function,2
5358,Keras 2 requests for contribution,6691b9e3,0d6575c7,Merge branch 'master' of https://github.com/fchollet/keras,2
5358,Keras 2 requests for contribution,6691b9e3,cc750adf,Merge branch 'phreeza-activity_reg',2
5358,Keras 2 requests for contribution,6691b9e3,752037c1,Remove loss_update system,2
5358,Keras 2 requests for contribution,6691b9e3,ba11d9ca,Restore callbacks in fit,2
5358,Keras 2 requests for contribution,6691b9e3,499a0500,Fix regularisers/constraints tests,2
5358,Keras 2 requests for contribution,6691b9e3,c9addefa,Simplify regularizers,2
5358,Keras 2 requests for contribution,6691b9e3,0f12e011,Switch constraints to OO model,2
5358,Keras 2 requests for contribution,6691b9e3,4d267f5b,Remove manual check for regularizers (use auto),2
5358,Keras 2 requests for contribution,6691b9e3,57193225,Merge branch 'activity_reg' of https://github.com/phreeza/keras into phreeza-activity_reg,2
5358,Keras 2 requests for contribution,6691b9e3,5b6f56a0,Add mask support to new recurrent layers,2
5358,Keras 2 requests for contribution,6691b9e3,9c8e0d43,Add support for custom padding value in sequence,2
5358,Keras 2 requests for contribution,6691b9e3,ea0b7d26,"Add text dataset support for OOV, start chars",2
5358,Keras 2 requests for contribution,6691b9e3,99c20e25,Make sure key examples are deterministic,2
5358,Keras 2 requests for contribution,6691b9e3,2abb4b23,Merge branch 'the-moliver-patch-1',2
5358,Keras 2 requests for contribution,6691b9e3,0d6c55d5,Style touch-ups,2
5358,Keras 2 requests for contribution,6691b9e3,45e444cc,Code style fixes,2
5358,Keras 2 requests for contribution,6691b9e3,5d1976c4,Update IMDB example,2
5358,Keras 2 requests for contribution,6691b9e3,3995b18f,Merge branch 'mask_value' of https://github.com/wxs/keras into wxs-mask_value,2
5358,Keras 2 requests for contribution,6691b9e3,90c4edef,Merge branch 'mask_value' of https://github.com/wxs/keras into wxs-mask_value,2
5358,Keras 2 requests for contribution,6691b9e3,7fafc8ec,Merge branch 'master' of https://github.com/fchollet/keras,2
5358,Keras 2 requests for contribution,6691b9e3,91aa190c,Merge branch 'transcranial-RNN-MUT',2
5358,Keras 2 requests for contribution,6691b9e3,4e19cd29,Merge branch 'amitbeka-get_from_module_unicode_fix',2
5358,Keras 2 requests for contribution,6691b9e3,1d02231a,Merge branch 'get_from_module_unicode_fix' of https://github.com/amitbeka/keras into amitbeka-get_from_module_unicode_fix,2
5358,Keras 2 requests for contribution,6691b9e3,6d82ba75,Merge branch 'wxs-remove-time-distributed-softmax',2
5358,Keras 2 requests for contribution,6691b9e3,135dccfe,Coding style,2
5358,Keras 2 requests for contribution,6691b9e3,4c5f8e36,merge,2
5358,Keras 2 requests for contribution,6691b9e3,515c430f,Merge autoencoder fix,2
5358,Keras 2 requests for contribution,6691b9e3,8a2ae93b,Improve autoencoder check,2
5358,Keras 2 requests for contribution,6691b9e3,a9f94c94,Revert loss weighting,2
5358,Keras 2 requests for contribution,6691b9e3,15536971,Update gitignore,2
5358,Keras 2 requests for contribution,6691b9e3,3dd4b2e8,Rename test folder,2
5358,Keras 2 requests for contribution,6691b9e3,a1912b07,Rename lossweights test,2
5358,Keras 2 requests for contribution,6691b9e3,f8ee81d8,Revert loss weighting,2
5358,Keras 2 requests for contribution,6691b9e3,384634d3,Update gitignore,2
5358,Keras 2 requests for contribution,6691b9e3,dd82a394,Rename test folder,2
5358,Keras 2 requests for contribution,6691b9e3,9763f811,Rename lossweights test,2
5358,Keras 2 requests for contribution,6691b9e3,5a1a00e6,Add RemoteMonitor callback,2
5358,Keras 2 requests for contribution,6691b9e3,97f23268,Refactor test_lossweights into unit test,2
5358,Keras 2 requests for contribution,6691b9e3,fd5b68db,Fix Python3 issue with class_weight,2
5358,Keras 2 requests for contribution,6691b9e3,ac0a9db0,Merge,2
5358,Keras 2 requests for contribution,6691b9e3,1d586440,Rewrite class_weight and sample_weight tests,2
5358,Keras 2 requests for contribution,6691b9e3,b44ecab2,Make RNG deterministic when seeded through numpy,2
5358,Keras 2 requests for contribution,6691b9e3,34cbc1d4,Merge branch 'instance_weight' of https://github.com/tdhd/keras into tdhd-instance_weight,2
5358,Keras 2 requests for contribution,6691b9e3,0e6fd3d3,Update callbacks documentation,2
5358,Keras 2 requests for contribution,6691b9e3,ccbe381d,Add early stopping,2
5358,Keras 2 requests for contribution,6691b9e3,1f224de9,Fix callbacks doc,2
5358,Keras 2 requests for contribution,6691b9e3,e23e86ae,"Improve examples, add new MNIST CNN example",2
5358,Keras 2 requests for contribution,6691b9e3,06f22db6,Up the batch size in MNIST example,2
5358,Keras 2 requests for contribution,6691b9e3,d5502324,Merge branch 'master' of https://github.com/fchollet/keras,2
5358,Keras 2 requests for contribution,6691b9e3,6329378c,Make pre-padding the default in sequence tensors,2
5358,Keras 2 requests for contribution,6691b9e3,702e9d3b,Merge branch 'master' of https://github.com/fchollet/keras,2
5358,Keras 2 requests for contribution,6691b9e3,1857a6af,Improve LSTM text generation example,2
5358,Keras 2 requests for contribution,6691b9e3,872a9faf,Fix printing for Python2 in LSTM example,2
5358,Keras 2 requests for contribution,6691b9e3,d2b229df,Add LSTM text generation example,2
5358,Keras 2 requests for contribution,6691b9e3,bf4822f6,Fix autoencoder issue,2
5358,Keras 2 requests for contribution,6691b9e3,ce209553,Update setup.py,2
5358,Keras 2 requests for contribution,6691b9e3,fabfdb86,Remove long_description from setup.py,2
5358,Keras 2 requests for contribution,6691b9e3,b82ab804,Update setup.py and setup.cfg for pypi release,2
5358,Keras 2 requests for contribution,6691b9e3,eda2970b,Fix Reuters example,2
5358,Keras 2 requests for contribution,6691b9e3,a7936ffc,Remove activation targets from documentation,2
5358,Keras 2 requests for contribution,6691b9e3,dc2ad011,Merge branch 'pranv-master',2
5358,Keras 2 requests for contribution,6691b9e3,ba45a6eb,Add Convolution1D and MaxPooling1D,2
5358,Keras 2 requests for contribution,6691b9e3,734ba38e,Merge branch 'master' of https://github.com/pranv/keras into pranv-master,2
5358,Keras 2 requests for contribution,6691b9e3,14cc628b,Merge branch 'master' of https://github.com/fchollet/keras,2
5358,Keras 2 requests for contribution,6691b9e3,08562666,Fix redundant callbacks issue,2
5358,Keras 2 requests for contribution,6691b9e3,cd3a0359,Merge branch 'master' of https://github.com/fchollet/keras,2
5358,Keras 2 requests for contribution,6691b9e3,ee179f7d,Fix conflicts with AutoEncoder,2
5358,Keras 2 requests for contribution,6691b9e3,a44d5a7d,Merge branch 'tdhd-model_checkpoints',2
5358,Keras 2 requests for contribution,6691b9e3,01682915,API style changes in ModelCheckpoint callback,2
5358,Keras 2 requests for contribution,6691b9e3,2fd77073,Merge branch 'model_checkpoints' of https://github.com/tdhd/keras into tdhd-model_checkpoints,2
5358,Keras 2 requests for contribution,6691b9e3,6892a20a,Add prompt for file overwriting in save_weights,2
5358,Keras 2 requests for contribution,6691b9e3,a96ac71a,Merge branch 'master' of https://github.com/fchollet/keras,2
5358,Keras 2 requests for contribution,6691b9e3,a32b7ef0,Cleanup models import,2
5358,Keras 2 requests for contribution,6691b9e3,2084c160,Refactor models.Sequential,2
5358,Keras 2 requests for contribution,6691b9e3,8c1fe919,Fix constraints tests,2
5358,Keras 2 requests for contribution,6691b9e3,188ea6d8,Merge branch 'jramapuram-autoencoders',2
5358,Keras 2 requests for contribution,6691b9e3,2ee57938,"Autoencoder: Py3 compatibility, style",2
5358,Keras 2 requests for contribution,6691b9e3,751cfc11,Merge branch 'autoencoders' of https://github.com/jramapuram/keras into jramapuram-autoencoders,2
5358,Keras 2 requests for contribution,6691b9e3,93c62cd6,Merge branch 'master' of https://github.com/fchollet/keras,2
5358,Keras 2 requests for contribution,6691b9e3,8606aec9,Fix verbose mode in .fit(),2
5358,Keras 2 requests for contribution,6691b9e3,54b999e6,Update callback system,2
5358,Keras 2 requests for contribution,6691b9e3,1d61d18b,Update docs for callbacks,2
5358,Keras 2 requests for contribution,6691b9e3,4f995845,Remove History callback (redundant),2
5358,Keras 2 requests for contribution,6691b9e3,39a69b3f,Update documentation for CIFAR datasets.,2
5358,Keras 2 requests for contribution,6691b9e3,28113b20,Add CIFAR100 dataset,2
5358,Keras 2 requests for contribution,6691b9e3,b5c1ccab,Fix conflicts,2
5358,Keras 2 requests for contribution,6691b9e3,5e49367e,Python 3 compatibility for callbacks,2
5358,Keras 2 requests for contribution,6691b9e3,3d51788e,Merge branch 'tristandeleu-master',2
5358,Keras 2 requests for contribution,6691b9e3,49603c15,Update callback system,2
5358,Keras 2 requests for contribution,6691b9e3,5caea2a5,Merge branch 'master' of https://github.com/tristandeleu/keras into tristandeleu-master,2
5358,Keras 2 requests for contribution,6691b9e3,b2dc2921,Small doc fix,2
5358,Keras 2 requests for contribution,6691b9e3,31fbf7f2,Merge branch 'master' of https://github.com/fchollet/keras,2
5358,Keras 2 requests for contribution,6691b9e3,994260e3,Update setup.py and installation instructions,2
5358,Keras 2 requests for contribution,6691b9e3,5e2b9358,Fix issue in Theano scan for recurrent layers,2
5358,Keras 2 requests for contribution,6691b9e3,b5fb00d7,Merge branch 'master' of https://github.com/fchollet/keras,2
5358,Keras 2 requests for contribution,6691b9e3,437f85d5,Update README,2
5358,Keras 2 requests for contribution,6691b9e3,c1cf2065,Allow for Merge as a final layer,2
5358,Keras 2 requests for contribution,6691b9e3,6667ab75,Merge branch 'stephenroller-master',2
5358,Keras 2 requests for contribution,6691b9e3,3a97b186,Merge branch 'master' of https://github.com/stephenroller/keras into stephenroller-master,2
5358,Keras 2 requests for contribution,6691b9e3,ff3d0624,Validation data batching in .fit(),2
5358,Keras 2 requests for contribution,6691b9e3,abedfa8a,Fix clipnorm,2
5358,Keras 2 requests for contribution,6691b9e3,482bf236,Add documentation for Merge layer,2
5358,Keras 2 requests for contribution,6691b9e3,e82ab0ca,Add support for model merging,2
5358,Keras 2 requests for contribution,6691b9e3,c8a104b8,Fix shuffle=False in .fit(),2
5358,Keras 2 requests for contribution,6691b9e3,f596d7a5,Fix Readme,2
5358,Keras 2 requests for contribution,6691b9e3,12318cf4,Update model documentation with recent changes,2
5358,Keras 2 requests for contribution,6691b9e3,3108e919,Use running estimates in BatchNormalization,2
5358,Keras 2 requests for contribution,6691b9e3,b763f896,Improve Otto example,2
5358,Keras 2 requests for contribution,6691b9e3,43bfeb0a,Merge branch 'master' of https://github.com/fchollet/keras,2
5358,Keras 2 requests for contribution,6691b9e3,9a45500d,Fix init in SimpleDeepRNN,2
5358,Keras 2 requests for contribution,6691b9e3,9390d630,model.fit() return training history,2
5358,Keras 2 requests for contribution,6691b9e3,376373d1,Merge branch 'master' of https://github.com/fchollet/keras,2
5358,Keras 2 requests for contribution,6691b9e3,be1ec8ae,Layer API refactor,2
5358,Keras 2 requests for contribution,6691b9e3,03fa4180,Update skipgram embedding example,2
5358,Keras 2 requests for contribution,6691b9e3,18374589,Update README.md,2
5358,Keras 2 requests for contribution,6691b9e3,e97b873d,Update documentation,2
5358,Keras 2 requests for contribution,6691b9e3,122baad7,Merge branch 'master' of https://github.com/fchollet/keras,2
5358,Keras 2 requests for contribution,6691b9e3,31ea0186,Allow to start model with dim-agnostic layer,2
5358,Keras 2 requests for contribution,6691b9e3,938f96b6,Eye candy,2
5358,Keras 2 requests for contribution,6691b9e3,ea92046a,Check on regularizers/constraints list length,2
5358,Keras 2 requests for contribution,6691b9e3,6fc8660a,Finalize optimizer fixes,2
5358,Keras 2 requests for contribution,6691b9e3,33b7be70,merge,2
5358,Keras 2 requests for contribution,6691b9e3,3b2acf76,Fix constraints and regularizers,2
5358,Keras 2 requests for contribution,6691b9e3,3653f906,Revert constraints / regularizers,2
5358,Keras 2 requests for contribution,6691b9e3,426ea154,Merge branch 'master' of https://github.com/fchollet/keras,2
5358,Keras 2 requests for contribution,6691b9e3,361fd41f,Merge branch 'the-moliver-regu',2
5358,Keras 2 requests for contribution,6691b9e3,050fd970,Fix MNIST example,2
5358,Keras 2 requests for contribution,6691b9e3,23f2d4f0,Add new pages to doc index,2
5358,Keras 2 requests for contribution,6691b9e3,83c6e73d,Fix layer config saving for Dropout,2
5358,Keras 2 requests for contribution,6691b9e3,e828a3f6,Merge branch 'regu' of https://github.com/the-moliver/keras into the-moliver-regu,2
5358,Keras 2 requests for contribution,6691b9e3,868770a3,Merge pull request #92 from seiteta/patch-1,2
5358,Keras 2 requests for contribution,6691b9e3,a17599ea,Fix local building of doc,2
5358,Keras 2 requests for contribution,6691b9e3,083bf1c7,Fix image preprocessing normalization,2
5358,Keras 2 requests for contribution,6691b9e3,54691f9b,"Add modes to BatchNormalization, fix BN issues",2
5358,Keras 2 requests for contribution,6691b9e3,eb7cf737,Fix Reuters example,2
5358,Keras 2 requests for contribution,6691b9e3,c53c15db,Fix Reuters example,2
5358,Keras 2 requests for contribution,6691b9e3,b0cbed3f,Set default init to glorot_uniform,2
5358,Keras 2 requests for contribution,6691b9e3,d8ddaffb,Update dependencies.,2
5358,Keras 2 requests for contribution,6691b9e3,69b69e40,Add documentation for save and load functions.,2
5358,Keras 2 requests for contribution,6691b9e3,05e86aee,Merge pull request #83 from mizdler/master,2
5358,Keras 2 requests for contribution,6691b9e3,aa57cce3,Merge pull request #78 from jfsantos/master,2
5358,Keras 2 requests for contribution,6691b9e3,28f6e8ae,Merge pull request #76 from jfsantos/master,2
5358,Keras 2 requests for contribution,6691b9e3,22012fde,Fix Otto example,2
5358,Keras 2 requests for contribution,6691b9e3,73bb2246,Correct Otto example comments,2
5358,Keras 2 requests for contribution,6691b9e3,6e3ec8ef,Add Kaggle Otto example,2
5358,Keras 2 requests for contribution,6691b9e3,42756a01,Add Python version compatibility notice,2
5358,Keras 2 requests for contribution,6691b9e3,c83e6e62,Merge branch 'master' of https://github.com/fchollet/keras,2
5358,Keras 2 requests for contribution,6691b9e3,5d032cbf,Fix sequence to matrix vectorization,2
5358,Keras 2 requests for contribution,6691b9e3,26a60ed8,Merge pull request #72 from skrypka/master,2
5358,Keras 2 requests for contribution,6691b9e3,52251f52,"Improve word embedding example, py3 compatibility",2
5358,Keras 2 requests for contribution,6691b9e3,63855b96,Update README.md,2
5358,Keras 2 requests for contribution,6691b9e3,f143fac5,Fix progress bar display,2
5358,Keras 2 requests for contribution,6691b9e3,43206aeb,Fix py3 compatibility in preprocessing.text,2
5358,Keras 2 requests for contribution,6691b9e3,d1330809,Merge pull request #66 from untom/ipythoncompat,2
5358,Keras 2 requests for contribution,6691b9e3,66a8f4d8,Merge pull request #65 from jfsantos/master,2
5358,Keras 2 requests for contribution,6691b9e3,e074a049,Add .get_config in layers and .describe in models,2
5358,Keras 2 requests for contribution,6691b9e3,8f6cb7c9,Merge pull request #64 from untom/py3compat,2
5358,Keras 2 requests for contribution,6691b9e3,de27afbb,Merge pull request #63 from jfsantos/save_model,2
5358,Keras 2 requests for contribution,6691b9e3,df4d3705,Merge pull request #62 from jfsantos/master,2
5358,Keras 2 requests for contribution,6691b9e3,4bb90a5b,Remove useless code,2
5358,Keras 2 requests for contribution,6691b9e3,c2244821,Move verbosity modes to progbar. Cleaner models.py,2
5358,Keras 2 requests for contribution,6691b9e3,bdc1de1a,Merge pull request #58 from the-moliver/dev,2
5358,Keras 2 requests for contribution,6691b9e3,5da6fb21,Merge pull request #57 from capybaralet/fchollet_master,2
5358,Keras 2 requests for contribution,6691b9e3,52bcd448,Add new initializations.,2
5358,Keras 2 requests for contribution,6691b9e3,7e880c93,Update models documentation.,2
5358,Keras 2 requests for contribution,6691b9e3,07163509,Add documentation for models,2
5358,Keras 2 requests for contribution,6691b9e3,731f0ab4,Add simpler verbose mode to Sequential model,2
5358,Keras 2 requests for contribution,6691b9e3,5f25e220,Fix cifar10 example,2
5358,Keras 2 requests for contribution,6691b9e3,cb02df95,"Modernize io_utils, move save_array, load_array",2
5358,Keras 2 requests for contribution,6691b9e3,976c7752,Merge branch 'master' of https://github.com/fchollet/keras,2
5358,Keras 2 requests for contribution,6691b9e3,1629f7f3,Make codebase Python 2.7-3.4 compatible,2
5358,Keras 2 requests for contribution,6691b9e3,46d18f17,Add mailing list link in doc,2
5358,Keras 2 requests for contribution,6691b9e3,e9b32743,Merge pull request #49 from jfsantos/master,2
5358,Keras 2 requests for contribution,6691b9e3,03580431,Merge pull request #48 from jfsantos/master,2
5358,Keras 2 requests for contribution,6691b9e3,616537f3,"Add accuracy monitoring, verbose eval/predict",2
5358,Keras 2 requests for contribution,6691b9e3,eda1232f,Use Adam optimizer with LSTM example (much better),2
5358,Keras 2 requests for contribution,6691b9e3,2662d81a,Fix Adam to match the original paper,2
5358,Keras 2 requests for contribution,6691b9e3,9f595fe7,Add Adam optimizer.,2
5358,Keras 2 requests for contribution,6691b9e3,e16891e5,Remove normalize reference in embeddings,2
5358,Keras 2 requests for contribution,6691b9e3,c7dcd4b7,Add documentation for embeddings,2
5358,Keras 2 requests for contribution,6691b9e3,b7a5d4de,Fix word embedding example,2
5358,Keras 2 requests for contribution,6691b9e3,81bdb74e,Add skipgram word embedding example,2
5358,Keras 2 requests for contribution,6691b9e3,8a7119d1,Documentation improvements,2
5358,Keras 2 requests for contribution,6691b9e3,d7904013,"Update doc, README.md. Doc is online at keras.io.",2
5358,Keras 2 requests for contribution,6691b9e3,f561a43e,Improve documentation,2
5358,Keras 2 requests for contribution,6691b9e3,3c62529b,Improve documentation,2
5358,Keras 2 requests for contribution,6691b9e3,c61c4ed8,Fix sequence.py encoding,2
5358,Keras 2 requests for contribution,6691b9e3,0b96fc28,"Create ""embeddings"" layer category.",2
5358,Keras 2 requests for contribution,6691b9e3,6b3e4448,Add documentation for image & text preprocessing.,2
5358,Keras 2 requests for contribution,6691b9e3,0af6b6c7,Add documentation for sequence preprocessing.,2
5358,Keras 2 requests for contribution,6691b9e3,0b5848e2,Small doc fixes.,2
5358,Keras 2 requests for contribution,6691b9e3,4bb07c1a,Merge branch 'master' of https://github.com/fchollet/keras,2
5358,Keras 2 requests for contribution,6691b9e3,23c52fe2,Merge pull request #42 from charlesollion/time_distributed_dense,2
5358,Keras 2 requests for contribution,6691b9e3,2ee05d40,Merge pull request #43 from untom/xavierinit,2
5358,Keras 2 requests for contribution,6691b9e3,9c5f0844,Documentation update,2
5358,Keras 2 requests for contribution,6691b9e3,cf1b6ffe,Update documentation.,2
5358,Keras 2 requests for contribution,6691b9e3,6cd076a1,Standardize **kargs order in recurrent layers.,2
5358,Keras 2 requests for contribution,6691b9e3,f953508b,Add documentation for recurrent layers.,2
5358,Keras 2 requests for contribution,6691b9e3,8b2849bd,Add frequency sampling to skipgram. Warning: math.,2
5358,Keras 2 requests for contribution,6691b9e3,25ad4000,Add documentation for core layers,2
5358,Keras 2 requests for contribution,6691b9e3,f35d529f,Modify Flatten layer to automatically infer shape,2
5358,Keras 2 requests for contribution,6691b9e3,463d8c98,Documentation fixes,2
5358,Keras 2 requests for contribution,6691b9e3,b10a5637,Add skipgram utils to preprocessing.sequence,2
5358,Keras 2 requests for contribution,6691b9e3,adb0b1db,Add documentation for initializations and datasets,2
5358,Keras 2 requests for contribution,6691b9e3,7386dff5,Add support for generators in text preprocessing,2
5358,Keras 2 requests for contribution,6691b9e3,746b5d17,Small datasets fixes,2
5358,Keras 2 requests for contribution,6691b9e3,0eddec22,Add documentation for activations and objectives.,2
5358,Keras 2 requests for contribution,6691b9e3,dc5482ae,Add documentation for optimizers,2
5358,Keras 2 requests for contribution,6691b9e3,2264c13b,Add MkDocs documentation skeleton (spooky!).,2
5358,Keras 2 requests for contribution,6691b9e3,1711d37b,Add 'normalize' (for numpy arrays) to np_utils,2
5358,Keras 2 requests for contribution,6691b9e3,f6cd4c83,Fix generic import exception message,2
5358,Keras 2 requests for contribution,6691b9e3,ef7f89ec,Add 'zero' initialization,2
5358,Keras 2 requests for contribution,6691b9e3,df3f11c6,Merge pull request #35 from patyork/batch_fix2,2
5358,Keras 2 requests for contribution,6691b9e3,0449da29,Merge pull request #34 from patyork/batch_fix,2
5358,Keras 2 requests for contribution,6691b9e3,466f6737,Merge pull request #33 from patyork/time_distributed_softmax,2
5358,Keras 2 requests for contribution,6691b9e3,4ef999ff,Merge branch 'master' of https://github.com/fchollet/keras,2
5358,Keras 2 requests for contribution,6691b9e3,6819d38e,Better path for datasets,2
5358,Keras 2 requests for contribution,6691b9e3,a37eacbf,Merge pull request #32 from charlesollion/ndim_generalization,2
5358,Keras 2 requests for contribution,6691b9e3,bf43f611,Update Reuters dataset,2
5358,Keras 2 requests for contribution,6691b9e3,a0152cc8,Merge pull request #27 from nagadomi/learning_rate_decay,2
5358,Keras 2 requests for contribution,6691b9e3,5f7fbc85,Merge pull request #20 from nagadomi/shuffle,2
5358,Keras 2 requests for contribution,6691b9e3,3a986bfd,Merge pull request #19 from fchollet/revert-13-master,2
5358,Keras 2 requests for contribution,6691b9e3,42007f55,"Revert ""Improved setup.py""",2
5358,Keras 2 requests for contribution,6691b9e3,31c39350,Merge branch 'master' of https://github.com/fchollet/keras,2
5358,Keras 2 requests for contribution,6691b9e3,33530ce7,Minor commenting,2
5358,Keras 2 requests for contribution,6691b9e3,2c4d23a6,Merge pull request #13 from mbatchkarov/master,2
5358,Keras 2 requests for contribution,6691b9e3,33d82a41,Fix input shape of recurrent layers,2
5358,Keras 2 requests for contribution,6691b9e3,abd01d11,Fix categorical xentropy when preds are not probas,2
5358,Keras 2 requests for contribution,6691b9e3,2219704a,Fix typos.,2
5358,Keras 2 requests for contribution,6691b9e3,610cebd2,Merge pull request #9 from nagadomi/fix_inf,2
5358,Keras 2 requests for contribution,6691b9e3,f0deb909,Update install instructions in README.md,2
5358,Keras 2 requests for contribution,6691b9e3,c589c524,Fix missing data folder case in data_utils,2
5358,Keras 2 requests for contribution,6691b9e3,6b8dce47,Merge branch 'master' of https://github.com/fchollet/keras,2
5358,Keras 2 requests for contribution,6691b9e3,824ceb93,Update gitignore,2
5358,Keras 2 requests for contribution,6691b9e3,e5844dea,Package code & add setup.py,2
5358,Keras 2 requests for contribution,6691b9e3,f8854174,Merge pull request #6 from vinhkhuc/master,2
5358,Keras 2 requests for contribution,6691b9e3,2379f276,Merge branch 'master' of https://github.com/fchollet/keras,2
5358,Keras 2 requests for contribution,6691b9e3,b365fe45,Fix preprocessing.text.Tokenizer,2
5358,Keras 2 requests for contribution,6691b9e3,9da5a0c6,Merge pull request #5 from nagadomi/fix_untar,2
5358,Keras 2 requests for contribution,6691b9e3,9193cc87,Merge pull request #2 from cosmith/patch-1,2
5358,Keras 2 requests for contribution,6691b9e3,300aaff6,Merge pull request #1 from vasili-zolotov/master,2
5358,Keras 2 requests for contribution,6691b9e3,1f0bd8ca,Initial commit,2
4683,Fix for issue #4640: Bug in theano_backend for _Pooling1D,6e289d71,8e587fb1,Fix for issue #4640: MaxPooling1D with border_mode='same' caused `h_pad` to take illegal value -1 in theano_backend:pool2d. (#4683),3
4683,Fix for issue #4640: Bug in theano_backend for _Pooling1D,7db6de84,8e587fb1,Fix for issue #4640: MaxPooling1D with border_mode='same' caused `h_pad` to take illegal value -1 in theano_backend:pool2d. (#4683),3
4683,Fix for issue #4640: Bug in theano_backend for _Pooling1D,30208ae0,8e587fb1,Fix for issue #4640: MaxPooling1D with border_mode='same' caused `h_pad` to take illegal value -1 in theano_backend:pool2d. (#4683),3
4683,Fix for issue #4640: Bug in theano_backend for _Pooling1D,5e2b9358,8e587fb1,Fix for issue #4640: MaxPooling1D with border_mode='same' caused `h_pad` to take illegal value -1 in theano_backend:pool2d. (#4683),3
4632,fixed bug in tensorflow dot when multiple dims are dynamic,96483326,0c842391,Fix issue with TF dot with dynamic shapes.,2
4583,Bug fix: InputLayer is ignoring _keras_shape,a8537897,611c4851,Merge pull request #1 from fchollet/master,2
4583,Bug fix: InputLayer is ignoring _keras_shape,a8537897,0d233b25,Update imdb_cnn_lstm.py,2
4583,Bug fix: InputLayer is ignoring _keras_shape,a8537897,e704e157,Update imdb_cnn_lstm.py,2
4583,Bug fix: InputLayer is ignoring _keras_shape,a8537897,6cc827ca,Bug fix,2
4583,Bug fix: InputLayer is ignoring _keras_shape,a8537897,d2051a5d,Added shape checking for concat merge,2
4583,Bug fix: InputLayer is ignoring _keras_shape,a8537897,1526d81a,Faster and better Sentiment Analysis example.,2
4583,Bug fix: InputLayer is ignoring _keras_shape,a8537897,73c00458,Bug fix,2
4583,Bug fix: InputLayer is ignoring _keras_shape,a8537897,3981a87b,Assert input shapes of Merge layer are equal,2
4583,Bug fix: InputLayer is ignoring _keras_shape,a8537897,569bb74a,Update comment to include new join merge mode,2
4583,Bug fix: InputLayer is ignoring _keras_shape,a8537897,d5cd2687,Update skipgram_word_embeddings.py,2
4583,Bug fix: InputLayer is ignoring _keras_shape,1193427f,611c4851,Merge pull request #1 from fchollet/master,2
4583,Bug fix: InputLayer is ignoring _keras_shape,1193427f,0d233b25,Update imdb_cnn_lstm.py,2
4583,Bug fix: InputLayer is ignoring _keras_shape,1193427f,e704e157,Update imdb_cnn_lstm.py,2
4583,Bug fix: InputLayer is ignoring _keras_shape,1193427f,6cc827ca,Bug fix,2
4583,Bug fix: InputLayer is ignoring _keras_shape,1193427f,d2051a5d,Added shape checking for concat merge,2
4583,Bug fix: InputLayer is ignoring _keras_shape,1193427f,1526d81a,Faster and better Sentiment Analysis example.,2
4583,Bug fix: InputLayer is ignoring _keras_shape,1193427f,73c00458,Bug fix,2
4583,Bug fix: InputLayer is ignoring _keras_shape,1193427f,3981a87b,Assert input shapes of Merge layer are equal,2
4583,Bug fix: InputLayer is ignoring _keras_shape,1193427f,569bb74a,Update comment to include new join merge mode,2
4583,Bug fix: InputLayer is ignoring _keras_shape,1193427f,d5cd2687,Update skipgram_word_embeddings.py,2
4583,Bug fix: InputLayer is ignoring _keras_shape,aca4a773,611c4851,Merge pull request #1 from fchollet/master,2
4583,Bug fix: InputLayer is ignoring _keras_shape,aca4a773,0d233b25,Update imdb_cnn_lstm.py,2
4583,Bug fix: InputLayer is ignoring _keras_shape,aca4a773,e704e157,Update imdb_cnn_lstm.py,2
4583,Bug fix: InputLayer is ignoring _keras_shape,aca4a773,6cc827ca,Bug fix,2
4583,Bug fix: InputLayer is ignoring _keras_shape,aca4a773,d2051a5d,Added shape checking for concat merge,2
4583,Bug fix: InputLayer is ignoring _keras_shape,aca4a773,1526d81a,Faster and better Sentiment Analysis example.,2
4583,Bug fix: InputLayer is ignoring _keras_shape,aca4a773,73c00458,Bug fix,2
4583,Bug fix: InputLayer is ignoring _keras_shape,aca4a773,3981a87b,Assert input shapes of Merge layer are equal,2
4583,Bug fix: InputLayer is ignoring _keras_shape,aca4a773,569bb74a,Update comment to include new join merge mode,2
4583,Bug fix: InputLayer is ignoring _keras_shape,aca4a773,d5cd2687,Update skipgram_word_embeddings.py,2
4583,Bug fix: InputLayer is ignoring _keras_shape,ad254f99,611c4851,Merge pull request #1 from fchollet/master,2
4583,Bug fix: InputLayer is ignoring _keras_shape,ad254f99,0d233b25,Update imdb_cnn_lstm.py,2
4583,Bug fix: InputLayer is ignoring _keras_shape,ad254f99,e704e157,Update imdb_cnn_lstm.py,2
4583,Bug fix: InputLayer is ignoring _keras_shape,ad254f99,6cc827ca,Bug fix,2
4583,Bug fix: InputLayer is ignoring _keras_shape,ad254f99,d2051a5d,Added shape checking for concat merge,2
4583,Bug fix: InputLayer is ignoring _keras_shape,ad254f99,1526d81a,Faster and better Sentiment Analysis example.,2
4583,Bug fix: InputLayer is ignoring _keras_shape,ad254f99,73c00458,Bug fix,2
4583,Bug fix: InputLayer is ignoring _keras_shape,ad254f99,3981a87b,Assert input shapes of Merge layer are equal,2
4583,Bug fix: InputLayer is ignoring _keras_shape,ad254f99,569bb74a,Update comment to include new join merge mode,2
4583,Bug fix: InputLayer is ignoring _keras_shape,ad254f99,d5cd2687,Update skipgram_word_embeddings.py,2
4583,Bug fix: InputLayer is ignoring _keras_shape,6cc827ca,611c4851,Merge pull request #1 from fchollet/master,2
4583,Bug fix: InputLayer is ignoring _keras_shape,6cc827ca,0d233b25,Update imdb_cnn_lstm.py,2
4583,Bug fix: InputLayer is ignoring _keras_shape,6cc827ca,e704e157,Update imdb_cnn_lstm.py,2
4583,Bug fix: InputLayer is ignoring _keras_shape,6cc827ca,6cc827ca,Bug fix,2
4583,Bug fix: InputLayer is ignoring _keras_shape,6cc827ca,d2051a5d,Added shape checking for concat merge,2
4583,Bug fix: InputLayer is ignoring _keras_shape,6cc827ca,1526d81a,Faster and better Sentiment Analysis example.,2
4583,Bug fix: InputLayer is ignoring _keras_shape,6cc827ca,73c00458,Bug fix,2
4583,Bug fix: InputLayer is ignoring _keras_shape,6cc827ca,3981a87b,Assert input shapes of Merge layer are equal,2
4583,Bug fix: InputLayer is ignoring _keras_shape,6cc827ca,569bb74a,Update comment to include new join merge mode,2
4583,Bug fix: InputLayer is ignoring _keras_shape,6cc827ca,d5cd2687,Update skipgram_word_embeddings.py,2
4583,Bug fix: InputLayer is ignoring _keras_shape,73c00458,611c4851,Merge pull request #1 from fchollet/master,2
4583,Bug fix: InputLayer is ignoring _keras_shape,73c00458,0d233b25,Update imdb_cnn_lstm.py,2
4583,Bug fix: InputLayer is ignoring _keras_shape,73c00458,e704e157,Update imdb_cnn_lstm.py,2
4583,Bug fix: InputLayer is ignoring _keras_shape,73c00458,6cc827ca,Bug fix,2
4583,Bug fix: InputLayer is ignoring _keras_shape,73c00458,d2051a5d,Added shape checking for concat merge,2
4583,Bug fix: InputLayer is ignoring _keras_shape,73c00458,1526d81a,Faster and better Sentiment Analysis example.,2
4583,Bug fix: InputLayer is ignoring _keras_shape,73c00458,73c00458,Bug fix,2
4583,Bug fix: InputLayer is ignoring _keras_shape,73c00458,3981a87b,Assert input shapes of Merge layer are equal,2
4583,Bug fix: InputLayer is ignoring _keras_shape,73c00458,569bb74a,Update comment to include new join merge mode,2
4583,Bug fix: InputLayer is ignoring _keras_shape,73c00458,d5cd2687,Update skipgram_word_embeddings.py,2
4502,Bug Fix : Sequential model is ignoring trainable argument of child containers,c1c2b330,611c4851,Merge pull request #1 from fchollet/master,2
4502,Bug Fix : Sequential model is ignoring trainable argument of child containers,c1c2b330,0d233b25,Update imdb_cnn_lstm.py,2
4502,Bug Fix : Sequential model is ignoring trainable argument of child containers,c1c2b330,e704e157,Update imdb_cnn_lstm.py,2
4502,Bug Fix : Sequential model is ignoring trainable argument of child containers,c1c2b330,6cc827ca,Bug fix,2
4502,Bug Fix : Sequential model is ignoring trainable argument of child containers,c1c2b330,d2051a5d,Added shape checking for concat merge,2
4502,Bug Fix : Sequential model is ignoring trainable argument of child containers,c1c2b330,1526d81a,Faster and better Sentiment Analysis example.,2
4502,Bug Fix : Sequential model is ignoring trainable argument of child containers,c1c2b330,73c00458,Bug fix,2
4502,Bug Fix : Sequential model is ignoring trainable argument of child containers,c1c2b330,3981a87b,Assert input shapes of Merge layer are equal,2
4502,Bug Fix : Sequential model is ignoring trainable argument of child containers,c1c2b330,569bb74a,Update comment to include new join merge mode,2
4502,Bug Fix : Sequential model is ignoring trainable argument of child containers,c1c2b330,d5cd2687,Update skipgram_word_embeddings.py,2
3822,Matthews Correlation fix and test,06f18fa1,7b836363,Attempted fix for #3801 (#3827),2
3822,Matthews Correlation fix and test,06f18fa1,06f18fa1,Matthews Correlation fix and test (#3822),3
3822,Matthews Correlation fix and test,06f18fa1,2a319c72,Add exception when trying to reuse regularizers (#3803),2
3822,Matthews Correlation fix and test,06f18fa1,79edae58,Initial Sparse Matrix Support (#3695),2
3822,Matthews Correlation fix and test,06f18fa1,9bc2e60f,TensorBoard callback improvements (#3656),2
3822,Matthews Correlation fix and test,06f18fa1,4325843e,Add Matthews correlation coefficient to metrics (#3689),2
3822,Matthews Correlation fix and test,06f18fa1,7ae36d13,Write TensorBoard Histograms with Tensor names (#3635),2
3822,Matthews Correlation fix and test,06f18fa1,9e58b823,Enable colocate_gradients_with_ops=True (#3620),2
3715,fix bug in neural_style_transfer example for image_dim_ordering=tf,f5ad1c57,d9c4d8a7,update examples/neural_doodle.py based on issues #3731 (#3741),2
3715,fix bug in neural_style_transfer example for image_dim_ordering=tf,f5ad1c57,40685c3b,add examples/neural_doodle.py (#3724),2
3715,fix bug in neural_style_transfer example for image_dim_ordering=tf,f5ad1c57,f5ad1c57,fix bug in neural_style_transfer example for image_dim_ordering=tf (#3715),3
3715,fix bug in neural_style_transfer example for image_dim_ordering=tf,f5ad1c57,0df01774,make image parameters more consistent (#3672),2
3715,fix bug in neural_style_transfer example for image_dim_ordering=tf,f5ad1c57,8d9cb782,add example mnist_net2net.py (#3503),2
3715,fix bug in neural_style_transfer example for image_dim_ordering=tf,f5ad1c57,d06e3753,update examples/neural_style_transfer.py (#3347),2
3715,fix bug in neural_style_transfer example for image_dim_ordering=tf,f5ad1c57,f221ef95,make examples/pretrained_word_embeddings.py more memory efficient (#3289),2
3715,fix bug in neural_style_transfer example for image_dim_ordering=tf,ff3f00d8,d9c4d8a7,update examples/neural_doodle.py based on issues #3731 (#3741),2
3715,fix bug in neural_style_transfer example for image_dim_ordering=tf,ff3f00d8,40685c3b,add examples/neural_doodle.py (#3724),2
3715,fix bug in neural_style_transfer example for image_dim_ordering=tf,ff3f00d8,f5ad1c57,fix bug in neural_style_transfer example for image_dim_ordering=tf (#3715),3
3715,fix bug in neural_style_transfer example for image_dim_ordering=tf,ff3f00d8,0df01774,make image parameters more consistent (#3672),2
3715,fix bug in neural_style_transfer example for image_dim_ordering=tf,ff3f00d8,8d9cb782,add example mnist_net2net.py (#3503),2
3715,fix bug in neural_style_transfer example for image_dim_ordering=tf,ff3f00d8,d06e3753,update examples/neural_style_transfer.py (#3347),2
3715,fix bug in neural_style_transfer example for image_dim_ordering=tf,ff3f00d8,f221ef95,make examples/pretrained_word_embeddings.py more memory efficient (#3289),2
3708,Dot/cos merge : bug fix,f28ef61a,611c4851,Merge pull request #1 from fchollet/master,2
3708,Dot/cos merge : bug fix,f28ef61a,0d233b25,Update imdb_cnn_lstm.py,2
3708,Dot/cos merge : bug fix,f28ef61a,e704e157,Update imdb_cnn_lstm.py,2
3708,Dot/cos merge : bug fix,f28ef61a,6cc827ca,Bug fix,2
3708,Dot/cos merge : bug fix,f28ef61a,d2051a5d,Added shape checking for concat merge,2
3708,Dot/cos merge : bug fix,f28ef61a,1526d81a,Faster and better Sentiment Analysis example.,2
3708,Dot/cos merge : bug fix,f28ef61a,73c00458,Bug fix,2
3708,Dot/cos merge : bug fix,f28ef61a,3981a87b,Assert input shapes of Merge layer are equal,2
3708,Dot/cos merge : bug fix,f28ef61a,569bb74a,Update comment to include new join merge mode,2
3708,Dot/cos merge : bug fix,f28ef61a,d5cd2687,Update skipgram_word_embeddings.py,2
3708,Dot/cos merge : bug fix,dc92abc1,611c4851,Merge pull request #1 from fchollet/master,2
3708,Dot/cos merge : bug fix,dc92abc1,0d233b25,Update imdb_cnn_lstm.py,2
3708,Dot/cos merge : bug fix,dc92abc1,e704e157,Update imdb_cnn_lstm.py,2
3708,Dot/cos merge : bug fix,dc92abc1,6cc827ca,Bug fix,2
3708,Dot/cos merge : bug fix,dc92abc1,d2051a5d,Added shape checking for concat merge,2
3708,Dot/cos merge : bug fix,dc92abc1,1526d81a,Faster and better Sentiment Analysis example.,2
3708,Dot/cos merge : bug fix,dc92abc1,73c00458,Bug fix,2
3708,Dot/cos merge : bug fix,dc92abc1,3981a87b,Assert input shapes of Merge layer are equal,2
3708,Dot/cos merge : bug fix,dc92abc1,569bb74a,Update comment to include new join merge mode,2
3708,Dot/cos merge : bug fix,dc92abc1,d5cd2687,Update skipgram_word_embeddings.py,2
3708,Dot/cos merge : bug fix,97f32731,611c4851,Merge pull request #1 from fchollet/master,2
3708,Dot/cos merge : bug fix,97f32731,0d233b25,Update imdb_cnn_lstm.py,2
3708,Dot/cos merge : bug fix,97f32731,e704e157,Update imdb_cnn_lstm.py,2
3708,Dot/cos merge : bug fix,97f32731,6cc827ca,Bug fix,2
3708,Dot/cos merge : bug fix,97f32731,d2051a5d,Added shape checking for concat merge,2
3708,Dot/cos merge : bug fix,97f32731,1526d81a,Faster and better Sentiment Analysis example.,2
3708,Dot/cos merge : bug fix,97f32731,73c00458,Bug fix,2
3708,Dot/cos merge : bug fix,97f32731,3981a87b,Assert input shapes of Merge layer are equal,2
3708,Dot/cos merge : bug fix,97f32731,569bb74a,Update comment to include new join merge mode,2
3708,Dot/cos merge : bug fix,97f32731,d5cd2687,Update skipgram_word_embeddings.py,2
3708,Dot/cos merge : bug fix,200b1932,611c4851,Merge pull request #1 from fchollet/master,2
3708,Dot/cos merge : bug fix,200b1932,0d233b25,Update imdb_cnn_lstm.py,2
3708,Dot/cos merge : bug fix,200b1932,e704e157,Update imdb_cnn_lstm.py,2
3708,Dot/cos merge : bug fix,200b1932,6cc827ca,Bug fix,2
3708,Dot/cos merge : bug fix,200b1932,d2051a5d,Added shape checking for concat merge,2
3708,Dot/cos merge : bug fix,200b1932,1526d81a,Faster and better Sentiment Analysis example.,2
3708,Dot/cos merge : bug fix,200b1932,73c00458,Bug fix,2
3708,Dot/cos merge : bug fix,200b1932,3981a87b,Assert input shapes of Merge layer are equal,2
3708,Dot/cos merge : bug fix,200b1932,569bb74a,Update comment to include new join merge mode,2
3708,Dot/cos merge : bug fix,200b1932,d5cd2687,Update skipgram_word_embeddings.py,2
3708,Dot/cos merge : bug fix,fff781cf,611c4851,Merge pull request #1 from fchollet/master,2
3708,Dot/cos merge : bug fix,fff781cf,0d233b25,Update imdb_cnn_lstm.py,2
3708,Dot/cos merge : bug fix,fff781cf,e704e157,Update imdb_cnn_lstm.py,2
3708,Dot/cos merge : bug fix,fff781cf,6cc827ca,Bug fix,2
3708,Dot/cos merge : bug fix,fff781cf,d2051a5d,Added shape checking for concat merge,2
3708,Dot/cos merge : bug fix,fff781cf,1526d81a,Faster and better Sentiment Analysis example.,2
3708,Dot/cos merge : bug fix,fff781cf,73c00458,Bug fix,2
3708,Dot/cos merge : bug fix,fff781cf,3981a87b,Assert input shapes of Merge layer are equal,2
3708,Dot/cos merge : bug fix,fff781cf,569bb74a,Update comment to include new join merge mode,2
3708,Dot/cos merge : bug fix,fff781cf,d5cd2687,Update skipgram_word_embeddings.py,2
3708,Dot/cos merge : bug fix,2752a587,611c4851,Merge pull request #1 from fchollet/master,2
3708,Dot/cos merge : bug fix,2752a587,0d233b25,Update imdb_cnn_lstm.py,2
3708,Dot/cos merge : bug fix,2752a587,e704e157,Update imdb_cnn_lstm.py,2
3708,Dot/cos merge : bug fix,2752a587,6cc827ca,Bug fix,2
3708,Dot/cos merge : bug fix,2752a587,d2051a5d,Added shape checking for concat merge,2
3708,Dot/cos merge : bug fix,2752a587,1526d81a,Faster and better Sentiment Analysis example.,2
3708,Dot/cos merge : bug fix,2752a587,73c00458,Bug fix,2
3708,Dot/cos merge : bug fix,2752a587,3981a87b,Assert input shapes of Merge layer are equal,2
3708,Dot/cos merge : bug fix,2752a587,569bb74a,Update comment to include new join merge mode,2
3708,Dot/cos merge : bug fix,2752a587,d5cd2687,Update skipgram_word_embeddings.py,2
3708,Dot/cos merge : bug fix,f05cd95f,611c4851,Merge pull request #1 from fchollet/master,2
3708,Dot/cos merge : bug fix,f05cd95f,0d233b25,Update imdb_cnn_lstm.py,2
3708,Dot/cos merge : bug fix,f05cd95f,e704e157,Update imdb_cnn_lstm.py,2
3708,Dot/cos merge : bug fix,f05cd95f,6cc827ca,Bug fix,2
3708,Dot/cos merge : bug fix,f05cd95f,d2051a5d,Added shape checking for concat merge,2
3708,Dot/cos merge : bug fix,f05cd95f,1526d81a,Faster and better Sentiment Analysis example.,2
3708,Dot/cos merge : bug fix,f05cd95f,73c00458,Bug fix,2
3708,Dot/cos merge : bug fix,f05cd95f,3981a87b,Assert input shapes of Merge layer are equal,2
3708,Dot/cos merge : bug fix,f05cd95f,569bb74a,Update comment to include new join merge mode,2
3708,Dot/cos merge : bug fix,f05cd95f,d5cd2687,Update skipgram_word_embeddings.py,2
3708,Dot/cos merge : bug fix,01a3e298,611c4851,Merge pull request #1 from fchollet/master,2
3708,Dot/cos merge : bug fix,01a3e298,0d233b25,Update imdb_cnn_lstm.py,2
3708,Dot/cos merge : bug fix,01a3e298,e704e157,Update imdb_cnn_lstm.py,2
3708,Dot/cos merge : bug fix,01a3e298,6cc827ca,Bug fix,2
3708,Dot/cos merge : bug fix,01a3e298,d2051a5d,Added shape checking for concat merge,2
3708,Dot/cos merge : bug fix,01a3e298,1526d81a,Faster and better Sentiment Analysis example.,2
3708,Dot/cos merge : bug fix,01a3e298,73c00458,Bug fix,2
3708,Dot/cos merge : bug fix,01a3e298,3981a87b,Assert input shapes of Merge layer are equal,2
3708,Dot/cos merge : bug fix,01a3e298,569bb74a,Update comment to include new join merge mode,2
3708,Dot/cos merge : bug fix,01a3e298,d5cd2687,Update skipgram_word_embeddings.py,2
3708,Dot/cos merge : bug fix,0e62ae4e,611c4851,Merge pull request #1 from fchollet/master,2
3708,Dot/cos merge : bug fix,0e62ae4e,0d233b25,Update imdb_cnn_lstm.py,2
3708,Dot/cos merge : bug fix,0e62ae4e,e704e157,Update imdb_cnn_lstm.py,2
3708,Dot/cos merge : bug fix,0e62ae4e,6cc827ca,Bug fix,2
3708,Dot/cos merge : bug fix,0e62ae4e,d2051a5d,Added shape checking for concat merge,2
3708,Dot/cos merge : bug fix,0e62ae4e,1526d81a,Faster and better Sentiment Analysis example.,2
3708,Dot/cos merge : bug fix,0e62ae4e,73c00458,Bug fix,2
3708,Dot/cos merge : bug fix,0e62ae4e,3981a87b,Assert input shapes of Merge layer are equal,2
3708,Dot/cos merge : bug fix,0e62ae4e,569bb74a,Update comment to include new join merge mode,2
3708,Dot/cos merge : bug fix,0e62ae4e,d5cd2687,Update skipgram_word_embeddings.py,2
3708,Dot/cos merge : bug fix,37978fcd,611c4851,Merge pull request #1 from fchollet/master,2
3708,Dot/cos merge : bug fix,37978fcd,0d233b25,Update imdb_cnn_lstm.py,2
3708,Dot/cos merge : bug fix,37978fcd,e704e157,Update imdb_cnn_lstm.py,2
3708,Dot/cos merge : bug fix,37978fcd,6cc827ca,Bug fix,2
3708,Dot/cos merge : bug fix,37978fcd,d2051a5d,Added shape checking for concat merge,2
3708,Dot/cos merge : bug fix,37978fcd,1526d81a,Faster and better Sentiment Analysis example.,2
3708,Dot/cos merge : bug fix,37978fcd,73c00458,Bug fix,2
3708,Dot/cos merge : bug fix,37978fcd,3981a87b,Assert input shapes of Merge layer are equal,2
3708,Dot/cos merge : bug fix,37978fcd,569bb74a,Update comment to include new join merge mode,2
3708,Dot/cos merge : bug fix,37978fcd,d5cd2687,Update skipgram_word_embeddings.py,2
3708,Dot/cos merge : bug fix,61d76d4a,611c4851,Merge pull request #1 from fchollet/master,2
3708,Dot/cos merge : bug fix,61d76d4a,0d233b25,Update imdb_cnn_lstm.py,2
3708,Dot/cos merge : bug fix,61d76d4a,e704e157,Update imdb_cnn_lstm.py,2
3708,Dot/cos merge : bug fix,61d76d4a,6cc827ca,Bug fix,2
3708,Dot/cos merge : bug fix,61d76d4a,d2051a5d,Added shape checking for concat merge,2
3708,Dot/cos merge : bug fix,61d76d4a,1526d81a,Faster and better Sentiment Analysis example.,2
3708,Dot/cos merge : bug fix,61d76d4a,73c00458,Bug fix,2
3708,Dot/cos merge : bug fix,61d76d4a,3981a87b,Assert input shapes of Merge layer are equal,2
3708,Dot/cos merge : bug fix,61d76d4a,569bb74a,Update comment to include new join merge mode,2
3708,Dot/cos merge : bug fix,61d76d4a,d5cd2687,Update skipgram_word_embeddings.py,2
3662,Fix TensorFlow RNN backwards support,48ae7217,f9c9c0ab,Improve descriptions of go_backwards parameters. (#5966),2
3662,Fix TensorFlow RNN backwards support,48ae7217,109d9f4e,Minor fix of indentation in TensorFlow backend. (#5967),2
3662,Fix TensorFlow RNN backwards support,48ae7217,de52b4bf,Minor fix for visualization documentation. (#5969),2
3662,Fix TensorFlow RNN backwards support,48ae7217,48ae7217,Fix TensorFlow RNN backwards support. (#3662),3
3662,Fix TensorFlow RNN backwards support,48ae7217,6417d90d,Fix #2814 lambda function serialization and deserialization (#3639),2
3662,Fix TensorFlow RNN backwards support,48ae7217,e2fb8b27,Add download error suggestion for babi_rnn.py and babi_memnn.py. (#2752),2
3662,Fix TensorFlow RNN backwards support,48ae7217,344437c4,Fix plot with show_shapes and multiple inputs/outputs. (#2421),2
3662,Fix TensorFlow RNN backwards support,ecd414d7,f9c9c0ab,Improve descriptions of go_backwards parameters. (#5966),2
3662,Fix TensorFlow RNN backwards support,ecd414d7,109d9f4e,Minor fix of indentation in TensorFlow backend. (#5967),2
3662,Fix TensorFlow RNN backwards support,ecd414d7,de52b4bf,Minor fix for visualization documentation. (#5969),2
3662,Fix TensorFlow RNN backwards support,ecd414d7,48ae7217,Fix TensorFlow RNN backwards support. (#3662),3
3662,Fix TensorFlow RNN backwards support,ecd414d7,6417d90d,Fix #2814 lambda function serialization and deserialization (#3639),2
3662,Fix TensorFlow RNN backwards support,ecd414d7,e2fb8b27,Add download error suggestion for babi_rnn.py and babi_memnn.py. (#2752),2
3662,Fix TensorFlow RNN backwards support,ecd414d7,344437c4,Fix plot with show_shapes and multiple inputs/outputs. (#2421),2
3630,Bug fix : Sequential model guide,a8537897,611c4851,Merge pull request #1 from fchollet/master,2
3630,Bug fix : Sequential model guide,a8537897,0d233b25,Update imdb_cnn_lstm.py,2
3630,Bug fix : Sequential model guide,a8537897,e704e157,Update imdb_cnn_lstm.py,2
3630,Bug fix : Sequential model guide,a8537897,6cc827ca,Bug fix,2
3630,Bug fix : Sequential model guide,a8537897,d2051a5d,Added shape checking for concat merge,2
3630,Bug fix : Sequential model guide,a8537897,1526d81a,Faster and better Sentiment Analysis example.,2
3630,Bug fix : Sequential model guide,a8537897,73c00458,Bug fix,2
3630,Bug fix : Sequential model guide,a8537897,3981a87b,Assert input shapes of Merge layer are equal,2
3630,Bug fix : Sequential model guide,a8537897,569bb74a,Update comment to include new join merge mode,2
3630,Bug fix : Sequential model guide,a8537897,d5cd2687,Update skipgram_word_embeddings.py,2
3630,Bug fix : Sequential model guide,1193427f,611c4851,Merge pull request #1 from fchollet/master,2
3630,Bug fix : Sequential model guide,1193427f,0d233b25,Update imdb_cnn_lstm.py,2
3630,Bug fix : Sequential model guide,1193427f,e704e157,Update imdb_cnn_lstm.py,2
3630,Bug fix : Sequential model guide,1193427f,6cc827ca,Bug fix,2
3630,Bug fix : Sequential model guide,1193427f,d2051a5d,Added shape checking for concat merge,2
3630,Bug fix : Sequential model guide,1193427f,1526d81a,Faster and better Sentiment Analysis example.,2
3630,Bug fix : Sequential model guide,1193427f,73c00458,Bug fix,2
3630,Bug fix : Sequential model guide,1193427f,3981a87b,Assert input shapes of Merge layer are equal,2
3630,Bug fix : Sequential model guide,1193427f,569bb74a,Update comment to include new join merge mode,2
3630,Bug fix : Sequential model guide,1193427f,d5cd2687,Update skipgram_word_embeddings.py,2
3630,Bug fix : Sequential model guide,1b158ff4,611c4851,Merge pull request #1 from fchollet/master,2
3630,Bug fix : Sequential model guide,1b158ff4,0d233b25,Update imdb_cnn_lstm.py,2
3630,Bug fix : Sequential model guide,1b158ff4,e704e157,Update imdb_cnn_lstm.py,2
3630,Bug fix : Sequential model guide,1b158ff4,6cc827ca,Bug fix,2
3630,Bug fix : Sequential model guide,1b158ff4,d2051a5d,Added shape checking for concat merge,2
3630,Bug fix : Sequential model guide,1b158ff4,1526d81a,Faster and better Sentiment Analysis example.,2
3630,Bug fix : Sequential model guide,1b158ff4,73c00458,Bug fix,2
3630,Bug fix : Sequential model guide,1b158ff4,3981a87b,Assert input shapes of Merge layer are equal,2
3630,Bug fix : Sequential model guide,1b158ff4,569bb74a,Update comment to include new join merge mode,2
3630,Bug fix : Sequential model guide,1b158ff4,d5cd2687,Update skipgram_word_embeddings.py,2
3630,Bug fix : Sequential model guide,cee4f72a,611c4851,Merge pull request #1 from fchollet/master,2
3630,Bug fix : Sequential model guide,cee4f72a,0d233b25,Update imdb_cnn_lstm.py,2
3630,Bug fix : Sequential model guide,cee4f72a,e704e157,Update imdb_cnn_lstm.py,2
3630,Bug fix : Sequential model guide,cee4f72a,6cc827ca,Bug fix,2
3630,Bug fix : Sequential model guide,cee4f72a,d2051a5d,Added shape checking for concat merge,2
3630,Bug fix : Sequential model guide,cee4f72a,1526d81a,Faster and better Sentiment Analysis example.,2
3630,Bug fix : Sequential model guide,cee4f72a,73c00458,Bug fix,2
3630,Bug fix : Sequential model guide,cee4f72a,3981a87b,Assert input shapes of Merge layer are equal,2
3630,Bug fix : Sequential model guide,cee4f72a,569bb74a,Update comment to include new join merge mode,2
3630,Bug fix : Sequential model guide,cee4f72a,d5cd2687,Update skipgram_word_embeddings.py,2
3630,Bug fix : Sequential model guide,de2884af,611c4851,Merge pull request #1 from fchollet/master,2
3630,Bug fix : Sequential model guide,de2884af,0d233b25,Update imdb_cnn_lstm.py,2
3630,Bug fix : Sequential model guide,de2884af,e704e157,Update imdb_cnn_lstm.py,2
3630,Bug fix : Sequential model guide,de2884af,6cc827ca,Bug fix,2
3630,Bug fix : Sequential model guide,de2884af,d2051a5d,Added shape checking for concat merge,2
3630,Bug fix : Sequential model guide,de2884af,1526d81a,Faster and better Sentiment Analysis example.,2
3630,Bug fix : Sequential model guide,de2884af,73c00458,Bug fix,2
3630,Bug fix : Sequential model guide,de2884af,3981a87b,Assert input shapes of Merge layer are equal,2
3630,Bug fix : Sequential model guide,de2884af,569bb74a,Update comment to include new join merge mode,2
3630,Bug fix : Sequential model guide,de2884af,d5cd2687,Update skipgram_word_embeddings.py,2
3630,Bug fix : Sequential model guide,aca4a773,611c4851,Merge pull request #1 from fchollet/master,2
3630,Bug fix : Sequential model guide,aca4a773,0d233b25,Update imdb_cnn_lstm.py,2
3630,Bug fix : Sequential model guide,aca4a773,e704e157,Update imdb_cnn_lstm.py,2
3630,Bug fix : Sequential model guide,aca4a773,6cc827ca,Bug fix,2
3630,Bug fix : Sequential model guide,aca4a773,d2051a5d,Added shape checking for concat merge,2
3630,Bug fix : Sequential model guide,aca4a773,1526d81a,Faster and better Sentiment Analysis example.,2
3630,Bug fix : Sequential model guide,aca4a773,73c00458,Bug fix,2
3630,Bug fix : Sequential model guide,aca4a773,3981a87b,Assert input shapes of Merge layer are equal,2
3630,Bug fix : Sequential model guide,aca4a773,569bb74a,Update comment to include new join merge mode,2
3630,Bug fix : Sequential model guide,aca4a773,d5cd2687,Update skipgram_word_embeddings.py,2
3630,Bug fix : Sequential model guide,ad254f99,611c4851,Merge pull request #1 from fchollet/master,2
3630,Bug fix : Sequential model guide,ad254f99,0d233b25,Update imdb_cnn_lstm.py,2
3630,Bug fix : Sequential model guide,ad254f99,e704e157,Update imdb_cnn_lstm.py,2
3630,Bug fix : Sequential model guide,ad254f99,6cc827ca,Bug fix,2
3630,Bug fix : Sequential model guide,ad254f99,d2051a5d,Added shape checking for concat merge,2
3630,Bug fix : Sequential model guide,ad254f99,1526d81a,Faster and better Sentiment Analysis example.,2
3630,Bug fix : Sequential model guide,ad254f99,73c00458,Bug fix,2
3630,Bug fix : Sequential model guide,ad254f99,3981a87b,Assert input shapes of Merge layer are equal,2
3630,Bug fix : Sequential model guide,ad254f99,569bb74a,Update comment to include new join merge mode,2
3630,Bug fix : Sequential model guide,ad254f99,d5cd2687,Update skipgram_word_embeddings.py,2
3630,Bug fix : Sequential model guide,6cc827ca,611c4851,Merge pull request #1 from fchollet/master,2
3630,Bug fix : Sequential model guide,6cc827ca,0d233b25,Update imdb_cnn_lstm.py,2
3630,Bug fix : Sequential model guide,6cc827ca,e704e157,Update imdb_cnn_lstm.py,2
3630,Bug fix : Sequential model guide,6cc827ca,6cc827ca,Bug fix,2
3630,Bug fix : Sequential model guide,6cc827ca,d2051a5d,Added shape checking for concat merge,2
3630,Bug fix : Sequential model guide,6cc827ca,1526d81a,Faster and better Sentiment Analysis example.,2
3630,Bug fix : Sequential model guide,6cc827ca,73c00458,Bug fix,2
3630,Bug fix : Sequential model guide,6cc827ca,3981a87b,Assert input shapes of Merge layer are equal,2
3630,Bug fix : Sequential model guide,6cc827ca,569bb74a,Update comment to include new join merge mode,2
3630,Bug fix : Sequential model guide,6cc827ca,d5cd2687,Update skipgram_word_embeddings.py,2
3630,Bug fix : Sequential model guide,73c00458,611c4851,Merge pull request #1 from fchollet/master,2
3630,Bug fix : Sequential model guide,73c00458,0d233b25,Update imdb_cnn_lstm.py,2
3630,Bug fix : Sequential model guide,73c00458,e704e157,Update imdb_cnn_lstm.py,2
3630,Bug fix : Sequential model guide,73c00458,6cc827ca,Bug fix,2
3630,Bug fix : Sequential model guide,73c00458,d2051a5d,Added shape checking for concat merge,2
3630,Bug fix : Sequential model guide,73c00458,1526d81a,Faster and better Sentiment Analysis example.,2
3630,Bug fix : Sequential model guide,73c00458,73c00458,Bug fix,2
3630,Bug fix : Sequential model guide,73c00458,3981a87b,Assert input shapes of Merge layer are equal,2
3630,Bug fix : Sequential model guide,73c00458,569bb74a,Update comment to include new join merge mode,2
3630,Bug fix : Sequential model guide,73c00458,d5cd2687,Update skipgram_word_embeddings.py,2
3550,Bug fix : RNNs,9148325b,611c4851,Merge pull request #1 from fchollet/master,2
3550,Bug fix : RNNs,9148325b,0d233b25,Update imdb_cnn_lstm.py,2
3550,Bug fix : RNNs,9148325b,e704e157,Update imdb_cnn_lstm.py,2
3550,Bug fix : RNNs,9148325b,6cc827ca,Bug fix,2
3550,Bug fix : RNNs,9148325b,d2051a5d,Added shape checking for concat merge,2
3550,Bug fix : RNNs,9148325b,1526d81a,Faster and better Sentiment Analysis example.,2
3550,Bug fix : RNNs,9148325b,73c00458,Bug fix,2
3550,Bug fix : RNNs,9148325b,3981a87b,Assert input shapes of Merge layer are equal,2
3550,Bug fix : RNNs,9148325b,569bb74a,Update comment to include new join merge mode,2
3550,Bug fix : RNNs,9148325b,d5cd2687,Update skipgram_word_embeddings.py,2
3550,Bug fix : RNNs,7e071cd7,611c4851,Merge pull request #1 from fchollet/master,2
3550,Bug fix : RNNs,7e071cd7,0d233b25,Update imdb_cnn_lstm.py,2
3550,Bug fix : RNNs,7e071cd7,e704e157,Update imdb_cnn_lstm.py,2
3550,Bug fix : RNNs,7e071cd7,6cc827ca,Bug fix,2
3550,Bug fix : RNNs,7e071cd7,d2051a5d,Added shape checking for concat merge,2
3550,Bug fix : RNNs,7e071cd7,1526d81a,Faster and better Sentiment Analysis example.,2
3550,Bug fix : RNNs,7e071cd7,73c00458,Bug fix,2
3550,Bug fix : RNNs,7e071cd7,3981a87b,Assert input shapes of Merge layer are equal,2
3550,Bug fix : RNNs,7e071cd7,569bb74a,Update comment to include new join merge mode,2
3550,Bug fix : RNNs,7e071cd7,d5cd2687,Update skipgram_word_embeddings.py,2
3550,Bug fix : RNNs,a8537897,611c4851,Merge pull request #1 from fchollet/master,2
3550,Bug fix : RNNs,a8537897,0d233b25,Update imdb_cnn_lstm.py,2
3550,Bug fix : RNNs,a8537897,e704e157,Update imdb_cnn_lstm.py,2
3550,Bug fix : RNNs,a8537897,6cc827ca,Bug fix,2
3550,Bug fix : RNNs,a8537897,d2051a5d,Added shape checking for concat merge,2
3550,Bug fix : RNNs,a8537897,1526d81a,Faster and better Sentiment Analysis example.,2
3550,Bug fix : RNNs,a8537897,73c00458,Bug fix,2
3550,Bug fix : RNNs,a8537897,3981a87b,Assert input shapes of Merge layer are equal,2
3550,Bug fix : RNNs,a8537897,569bb74a,Update comment to include new join merge mode,2
3550,Bug fix : RNNs,a8537897,d5cd2687,Update skipgram_word_embeddings.py,2
3550,Bug fix : RNNs,1193427f,611c4851,Merge pull request #1 from fchollet/master,2
3550,Bug fix : RNNs,1193427f,0d233b25,Update imdb_cnn_lstm.py,2
3550,Bug fix : RNNs,1193427f,e704e157,Update imdb_cnn_lstm.py,2
3550,Bug fix : RNNs,1193427f,6cc827ca,Bug fix,2
3550,Bug fix : RNNs,1193427f,d2051a5d,Added shape checking for concat merge,2
3550,Bug fix : RNNs,1193427f,1526d81a,Faster and better Sentiment Analysis example.,2
3550,Bug fix : RNNs,1193427f,73c00458,Bug fix,2
3550,Bug fix : RNNs,1193427f,3981a87b,Assert input shapes of Merge layer are equal,2
3550,Bug fix : RNNs,1193427f,569bb74a,Update comment to include new join merge mode,2
3550,Bug fix : RNNs,1193427f,d5cd2687,Update skipgram_word_embeddings.py,2
3550,Bug fix : RNNs,80fbbc3a,611c4851,Merge pull request #1 from fchollet/master,2
3550,Bug fix : RNNs,80fbbc3a,0d233b25,Update imdb_cnn_lstm.py,2
3550,Bug fix : RNNs,80fbbc3a,e704e157,Update imdb_cnn_lstm.py,2
3550,Bug fix : RNNs,80fbbc3a,6cc827ca,Bug fix,2
3550,Bug fix : RNNs,80fbbc3a,d2051a5d,Added shape checking for concat merge,2
3550,Bug fix : RNNs,80fbbc3a,1526d81a,Faster and better Sentiment Analysis example.,2
3550,Bug fix : RNNs,80fbbc3a,73c00458,Bug fix,2
3550,Bug fix : RNNs,80fbbc3a,3981a87b,Assert input shapes of Merge layer are equal,2
3550,Bug fix : RNNs,80fbbc3a,569bb74a,Update comment to include new join merge mode,2
3550,Bug fix : RNNs,80fbbc3a,d5cd2687,Update skipgram_word_embeddings.py,2
3550,Bug fix : RNNs,f59736a0,611c4851,Merge pull request #1 from fchollet/master,2
3550,Bug fix : RNNs,f59736a0,0d233b25,Update imdb_cnn_lstm.py,2
3550,Bug fix : RNNs,f59736a0,e704e157,Update imdb_cnn_lstm.py,2
3550,Bug fix : RNNs,f59736a0,6cc827ca,Bug fix,2
3550,Bug fix : RNNs,f59736a0,d2051a5d,Added shape checking for concat merge,2
3550,Bug fix : RNNs,f59736a0,1526d81a,Faster and better Sentiment Analysis example.,2
3550,Bug fix : RNNs,f59736a0,73c00458,Bug fix,2
3550,Bug fix : RNNs,f59736a0,3981a87b,Assert input shapes of Merge layer are equal,2
3550,Bug fix : RNNs,f59736a0,569bb74a,Update comment to include new join merge mode,2
3550,Bug fix : RNNs,f59736a0,d5cd2687,Update skipgram_word_embeddings.py,2
3550,Bug fix : RNNs,55447cbb,611c4851,Merge pull request #1 from fchollet/master,2
3550,Bug fix : RNNs,55447cbb,0d233b25,Update imdb_cnn_lstm.py,2
3550,Bug fix : RNNs,55447cbb,e704e157,Update imdb_cnn_lstm.py,2
3550,Bug fix : RNNs,55447cbb,6cc827ca,Bug fix,2
3550,Bug fix : RNNs,55447cbb,d2051a5d,Added shape checking for concat merge,2
3550,Bug fix : RNNs,55447cbb,1526d81a,Faster and better Sentiment Analysis example.,2
3550,Bug fix : RNNs,55447cbb,73c00458,Bug fix,2
3550,Bug fix : RNNs,55447cbb,3981a87b,Assert input shapes of Merge layer are equal,2
3550,Bug fix : RNNs,55447cbb,569bb74a,Update comment to include new join merge mode,2
3550,Bug fix : RNNs,55447cbb,d5cd2687,Update skipgram_word_embeddings.py,2
3550,Bug fix : RNNs,cee4f72a,611c4851,Merge pull request #1 from fchollet/master,2
3550,Bug fix : RNNs,cee4f72a,0d233b25,Update imdb_cnn_lstm.py,2
3550,Bug fix : RNNs,cee4f72a,e704e157,Update imdb_cnn_lstm.py,2
3550,Bug fix : RNNs,cee4f72a,6cc827ca,Bug fix,2
3550,Bug fix : RNNs,cee4f72a,d2051a5d,Added shape checking for concat merge,2
3550,Bug fix : RNNs,cee4f72a,1526d81a,Faster and better Sentiment Analysis example.,2
3550,Bug fix : RNNs,cee4f72a,73c00458,Bug fix,2
3550,Bug fix : RNNs,cee4f72a,3981a87b,Assert input shapes of Merge layer are equal,2
3550,Bug fix : RNNs,cee4f72a,569bb74a,Update comment to include new join merge mode,2
3550,Bug fix : RNNs,cee4f72a,d5cd2687,Update skipgram_word_embeddings.py,2
3550,Bug fix : RNNs,de2884af,611c4851,Merge pull request #1 from fchollet/master,2
3550,Bug fix : RNNs,de2884af,0d233b25,Update imdb_cnn_lstm.py,2
3550,Bug fix : RNNs,de2884af,e704e157,Update imdb_cnn_lstm.py,2
3550,Bug fix : RNNs,de2884af,6cc827ca,Bug fix,2
3550,Bug fix : RNNs,de2884af,d2051a5d,Added shape checking for concat merge,2
3550,Bug fix : RNNs,de2884af,1526d81a,Faster and better Sentiment Analysis example.,2
3550,Bug fix : RNNs,de2884af,73c00458,Bug fix,2
3550,Bug fix : RNNs,de2884af,3981a87b,Assert input shapes of Merge layer are equal,2
3550,Bug fix : RNNs,de2884af,569bb74a,Update comment to include new join merge mode,2
3550,Bug fix : RNNs,de2884af,d5cd2687,Update skipgram_word_embeddings.py,2
3550,Bug fix : RNNs,aca4a773,611c4851,Merge pull request #1 from fchollet/master,2
3550,Bug fix : RNNs,aca4a773,0d233b25,Update imdb_cnn_lstm.py,2
3550,Bug fix : RNNs,aca4a773,e704e157,Update imdb_cnn_lstm.py,2
3550,Bug fix : RNNs,aca4a773,6cc827ca,Bug fix,2
3550,Bug fix : RNNs,aca4a773,d2051a5d,Added shape checking for concat merge,2
3550,Bug fix : RNNs,aca4a773,1526d81a,Faster and better Sentiment Analysis example.,2
3550,Bug fix : RNNs,aca4a773,73c00458,Bug fix,2
3550,Bug fix : RNNs,aca4a773,3981a87b,Assert input shapes of Merge layer are equal,2
3550,Bug fix : RNNs,aca4a773,569bb74a,Update comment to include new join merge mode,2
3550,Bug fix : RNNs,aca4a773,d5cd2687,Update skipgram_word_embeddings.py,2
3550,Bug fix : RNNs,ad254f99,611c4851,Merge pull request #1 from fchollet/master,2
3550,Bug fix : RNNs,ad254f99,0d233b25,Update imdb_cnn_lstm.py,2
3550,Bug fix : RNNs,ad254f99,e704e157,Update imdb_cnn_lstm.py,2
3550,Bug fix : RNNs,ad254f99,6cc827ca,Bug fix,2
3550,Bug fix : RNNs,ad254f99,d2051a5d,Added shape checking for concat merge,2
3550,Bug fix : RNNs,ad254f99,1526d81a,Faster and better Sentiment Analysis example.,2
3550,Bug fix : RNNs,ad254f99,73c00458,Bug fix,2
3550,Bug fix : RNNs,ad254f99,3981a87b,Assert input shapes of Merge layer are equal,2
3550,Bug fix : RNNs,ad254f99,569bb74a,Update comment to include new join merge mode,2
3550,Bug fix : RNNs,ad254f99,d5cd2687,Update skipgram_word_embeddings.py,2
3550,Bug fix : RNNs,6cc827ca,611c4851,Merge pull request #1 from fchollet/master,2
3550,Bug fix : RNNs,6cc827ca,0d233b25,Update imdb_cnn_lstm.py,2
3550,Bug fix : RNNs,6cc827ca,e704e157,Update imdb_cnn_lstm.py,2
3550,Bug fix : RNNs,6cc827ca,6cc827ca,Bug fix,2
3550,Bug fix : RNNs,6cc827ca,d2051a5d,Added shape checking for concat merge,2
3550,Bug fix : RNNs,6cc827ca,1526d81a,Faster and better Sentiment Analysis example.,2
3550,Bug fix : RNNs,6cc827ca,73c00458,Bug fix,2
3550,Bug fix : RNNs,6cc827ca,3981a87b,Assert input shapes of Merge layer are equal,2
3550,Bug fix : RNNs,6cc827ca,569bb74a,Update comment to include new join merge mode,2
3550,Bug fix : RNNs,6cc827ca,d5cd2687,Update skipgram_word_embeddings.py,2
3550,Bug fix : RNNs,73c00458,611c4851,Merge pull request #1 from fchollet/master,2
3550,Bug fix : RNNs,73c00458,0d233b25,Update imdb_cnn_lstm.py,2
3550,Bug fix : RNNs,73c00458,e704e157,Update imdb_cnn_lstm.py,2
3550,Bug fix : RNNs,73c00458,6cc827ca,Bug fix,2
3550,Bug fix : RNNs,73c00458,d2051a5d,Added shape checking for concat merge,2
3550,Bug fix : RNNs,73c00458,1526d81a,Faster and better Sentiment Analysis example.,2
3550,Bug fix : RNNs,73c00458,73c00458,Bug fix,2
3550,Bug fix : RNNs,73c00458,3981a87b,Assert input shapes of Merge layer are equal,2
3550,Bug fix : RNNs,73c00458,569bb74a,Update comment to include new join merge mode,2
3550,Bug fix : RNNs,73c00458,d5cd2687,Update skipgram_word_embeddings.py,2
3433,Bug fix : squeeze,9148325b,611c4851,Merge pull request #1 from fchollet/master,2
3433,Bug fix : squeeze,9148325b,0d233b25,Update imdb_cnn_lstm.py,2
3433,Bug fix : squeeze,9148325b,e704e157,Update imdb_cnn_lstm.py,2
3433,Bug fix : squeeze,9148325b,6cc827ca,Bug fix,2
3433,Bug fix : squeeze,9148325b,d2051a5d,Added shape checking for concat merge,2
3433,Bug fix : squeeze,9148325b,1526d81a,Faster and better Sentiment Analysis example.,2
3433,Bug fix : squeeze,9148325b,73c00458,Bug fix,2
3433,Bug fix : squeeze,9148325b,3981a87b,Assert input shapes of Merge layer are equal,2
3433,Bug fix : squeeze,9148325b,569bb74a,Update comment to include new join merge mode,2
3433,Bug fix : squeeze,9148325b,d5cd2687,Update skipgram_word_embeddings.py,2
3433,Bug fix : squeeze,7e071cd7,611c4851,Merge pull request #1 from fchollet/master,2
3433,Bug fix : squeeze,7e071cd7,0d233b25,Update imdb_cnn_lstm.py,2
3433,Bug fix : squeeze,7e071cd7,e704e157,Update imdb_cnn_lstm.py,2
3433,Bug fix : squeeze,7e071cd7,6cc827ca,Bug fix,2
3433,Bug fix : squeeze,7e071cd7,d2051a5d,Added shape checking for concat merge,2
3433,Bug fix : squeeze,7e071cd7,1526d81a,Faster and better Sentiment Analysis example.,2
3433,Bug fix : squeeze,7e071cd7,73c00458,Bug fix,2
3433,Bug fix : squeeze,7e071cd7,3981a87b,Assert input shapes of Merge layer are equal,2
3433,Bug fix : squeeze,7e071cd7,569bb74a,Update comment to include new join merge mode,2
3433,Bug fix : squeeze,7e071cd7,d5cd2687,Update skipgram_word_embeddings.py,2
3433,Bug fix : squeeze,a8537897,611c4851,Merge pull request #1 from fchollet/master,2
3433,Bug fix : squeeze,a8537897,0d233b25,Update imdb_cnn_lstm.py,2
3433,Bug fix : squeeze,a8537897,e704e157,Update imdb_cnn_lstm.py,2
3433,Bug fix : squeeze,a8537897,6cc827ca,Bug fix,2
3433,Bug fix : squeeze,a8537897,d2051a5d,Added shape checking for concat merge,2
3433,Bug fix : squeeze,a8537897,1526d81a,Faster and better Sentiment Analysis example.,2
3433,Bug fix : squeeze,a8537897,73c00458,Bug fix,2
3433,Bug fix : squeeze,a8537897,3981a87b,Assert input shapes of Merge layer are equal,2
3433,Bug fix : squeeze,a8537897,569bb74a,Update comment to include new join merge mode,2
3433,Bug fix : squeeze,a8537897,d5cd2687,Update skipgram_word_embeddings.py,2
3433,Bug fix : squeeze,1193427f,611c4851,Merge pull request #1 from fchollet/master,2
3433,Bug fix : squeeze,1193427f,0d233b25,Update imdb_cnn_lstm.py,2
3433,Bug fix : squeeze,1193427f,e704e157,Update imdb_cnn_lstm.py,2
3433,Bug fix : squeeze,1193427f,6cc827ca,Bug fix,2
3433,Bug fix : squeeze,1193427f,d2051a5d,Added shape checking for concat merge,2
3433,Bug fix : squeeze,1193427f,1526d81a,Faster and better Sentiment Analysis example.,2
3433,Bug fix : squeeze,1193427f,73c00458,Bug fix,2
3433,Bug fix : squeeze,1193427f,3981a87b,Assert input shapes of Merge layer are equal,2
3433,Bug fix : squeeze,1193427f,569bb74a,Update comment to include new join merge mode,2
3433,Bug fix : squeeze,1193427f,d5cd2687,Update skipgram_word_embeddings.py,2
3433,Bug fix : squeeze,80fbbc3a,611c4851,Merge pull request #1 from fchollet/master,2
3433,Bug fix : squeeze,80fbbc3a,0d233b25,Update imdb_cnn_lstm.py,2
3433,Bug fix : squeeze,80fbbc3a,e704e157,Update imdb_cnn_lstm.py,2
3433,Bug fix : squeeze,80fbbc3a,6cc827ca,Bug fix,2
3433,Bug fix : squeeze,80fbbc3a,d2051a5d,Added shape checking for concat merge,2
3433,Bug fix : squeeze,80fbbc3a,1526d81a,Faster and better Sentiment Analysis example.,2
3433,Bug fix : squeeze,80fbbc3a,73c00458,Bug fix,2
3433,Bug fix : squeeze,80fbbc3a,3981a87b,Assert input shapes of Merge layer are equal,2
3433,Bug fix : squeeze,80fbbc3a,569bb74a,Update comment to include new join merge mode,2
3433,Bug fix : squeeze,80fbbc3a,d5cd2687,Update skipgram_word_embeddings.py,2
3433,Bug fix : squeeze,f59736a0,611c4851,Merge pull request #1 from fchollet/master,2
3433,Bug fix : squeeze,f59736a0,0d233b25,Update imdb_cnn_lstm.py,2
3433,Bug fix : squeeze,f59736a0,e704e157,Update imdb_cnn_lstm.py,2
3433,Bug fix : squeeze,f59736a0,6cc827ca,Bug fix,2
3433,Bug fix : squeeze,f59736a0,d2051a5d,Added shape checking for concat merge,2
3433,Bug fix : squeeze,f59736a0,1526d81a,Faster and better Sentiment Analysis example.,2
3433,Bug fix : squeeze,f59736a0,73c00458,Bug fix,2
3433,Bug fix : squeeze,f59736a0,3981a87b,Assert input shapes of Merge layer are equal,2
3433,Bug fix : squeeze,f59736a0,569bb74a,Update comment to include new join merge mode,2
3433,Bug fix : squeeze,f59736a0,d5cd2687,Update skipgram_word_embeddings.py,2
3433,Bug fix : squeeze,55447cbb,611c4851,Merge pull request #1 from fchollet/master,2
3433,Bug fix : squeeze,55447cbb,0d233b25,Update imdb_cnn_lstm.py,2
3433,Bug fix : squeeze,55447cbb,e704e157,Update imdb_cnn_lstm.py,2
3433,Bug fix : squeeze,55447cbb,6cc827ca,Bug fix,2
3433,Bug fix : squeeze,55447cbb,d2051a5d,Added shape checking for concat merge,2
3433,Bug fix : squeeze,55447cbb,1526d81a,Faster and better Sentiment Analysis example.,2
3433,Bug fix : squeeze,55447cbb,73c00458,Bug fix,2
3433,Bug fix : squeeze,55447cbb,3981a87b,Assert input shapes of Merge layer are equal,2
3433,Bug fix : squeeze,55447cbb,569bb74a,Update comment to include new join merge mode,2
3433,Bug fix : squeeze,55447cbb,d5cd2687,Update skipgram_word_embeddings.py,2
3433,Bug fix : squeeze,cee4f72a,611c4851,Merge pull request #1 from fchollet/master,2
3433,Bug fix : squeeze,cee4f72a,0d233b25,Update imdb_cnn_lstm.py,2
3433,Bug fix : squeeze,cee4f72a,e704e157,Update imdb_cnn_lstm.py,2
3433,Bug fix : squeeze,cee4f72a,6cc827ca,Bug fix,2
3433,Bug fix : squeeze,cee4f72a,d2051a5d,Added shape checking for concat merge,2
3433,Bug fix : squeeze,cee4f72a,1526d81a,Faster and better Sentiment Analysis example.,2
3433,Bug fix : squeeze,cee4f72a,73c00458,Bug fix,2
3433,Bug fix : squeeze,cee4f72a,3981a87b,Assert input shapes of Merge layer are equal,2
3433,Bug fix : squeeze,cee4f72a,569bb74a,Update comment to include new join merge mode,2
3433,Bug fix : squeeze,cee4f72a,d5cd2687,Update skipgram_word_embeddings.py,2
3433,Bug fix : squeeze,de2884af,611c4851,Merge pull request #1 from fchollet/master,2
3433,Bug fix : squeeze,de2884af,0d233b25,Update imdb_cnn_lstm.py,2
3433,Bug fix : squeeze,de2884af,e704e157,Update imdb_cnn_lstm.py,2
3433,Bug fix : squeeze,de2884af,6cc827ca,Bug fix,2
3433,Bug fix : squeeze,de2884af,d2051a5d,Added shape checking for concat merge,2
3433,Bug fix : squeeze,de2884af,1526d81a,Faster and better Sentiment Analysis example.,2
3433,Bug fix : squeeze,de2884af,73c00458,Bug fix,2
3433,Bug fix : squeeze,de2884af,3981a87b,Assert input shapes of Merge layer are equal,2
3433,Bug fix : squeeze,de2884af,569bb74a,Update comment to include new join merge mode,2
3433,Bug fix : squeeze,de2884af,d5cd2687,Update skipgram_word_embeddings.py,2
3433,Bug fix : squeeze,aca4a773,611c4851,Merge pull request #1 from fchollet/master,2
3433,Bug fix : squeeze,aca4a773,0d233b25,Update imdb_cnn_lstm.py,2
3433,Bug fix : squeeze,aca4a773,e704e157,Update imdb_cnn_lstm.py,2
3433,Bug fix : squeeze,aca4a773,6cc827ca,Bug fix,2
3433,Bug fix : squeeze,aca4a773,d2051a5d,Added shape checking for concat merge,2
3433,Bug fix : squeeze,aca4a773,1526d81a,Faster and better Sentiment Analysis example.,2
3433,Bug fix : squeeze,aca4a773,73c00458,Bug fix,2
3433,Bug fix : squeeze,aca4a773,3981a87b,Assert input shapes of Merge layer are equal,2
3433,Bug fix : squeeze,aca4a773,569bb74a,Update comment to include new join merge mode,2
3433,Bug fix : squeeze,aca4a773,d5cd2687,Update skipgram_word_embeddings.py,2
3433,Bug fix : squeeze,ad254f99,611c4851,Merge pull request #1 from fchollet/master,2
3433,Bug fix : squeeze,ad254f99,0d233b25,Update imdb_cnn_lstm.py,2
3433,Bug fix : squeeze,ad254f99,e704e157,Update imdb_cnn_lstm.py,2
3433,Bug fix : squeeze,ad254f99,6cc827ca,Bug fix,2
3433,Bug fix : squeeze,ad254f99,d2051a5d,Added shape checking for concat merge,2
3433,Bug fix : squeeze,ad254f99,1526d81a,Faster and better Sentiment Analysis example.,2
3433,Bug fix : squeeze,ad254f99,73c00458,Bug fix,2
3433,Bug fix : squeeze,ad254f99,3981a87b,Assert input shapes of Merge layer are equal,2
3433,Bug fix : squeeze,ad254f99,569bb74a,Update comment to include new join merge mode,2
3433,Bug fix : squeeze,ad254f99,d5cd2687,Update skipgram_word_embeddings.py,2
3433,Bug fix : squeeze,6cc827ca,611c4851,Merge pull request #1 from fchollet/master,2
3433,Bug fix : squeeze,6cc827ca,0d233b25,Update imdb_cnn_lstm.py,2
3433,Bug fix : squeeze,6cc827ca,e704e157,Update imdb_cnn_lstm.py,2
3433,Bug fix : squeeze,6cc827ca,6cc827ca,Bug fix,2
3433,Bug fix : squeeze,6cc827ca,d2051a5d,Added shape checking for concat merge,2
3433,Bug fix : squeeze,6cc827ca,1526d81a,Faster and better Sentiment Analysis example.,2
3433,Bug fix : squeeze,6cc827ca,73c00458,Bug fix,2
3433,Bug fix : squeeze,6cc827ca,3981a87b,Assert input shapes of Merge layer are equal,2
3433,Bug fix : squeeze,6cc827ca,569bb74a,Update comment to include new join merge mode,2
3433,Bug fix : squeeze,6cc827ca,d5cd2687,Update skipgram_word_embeddings.py,2
3433,Bug fix : squeeze,73c00458,611c4851,Merge pull request #1 from fchollet/master,2
3433,Bug fix : squeeze,73c00458,0d233b25,Update imdb_cnn_lstm.py,2
3433,Bug fix : squeeze,73c00458,e704e157,Update imdb_cnn_lstm.py,2
3433,Bug fix : squeeze,73c00458,6cc827ca,Bug fix,2
3433,Bug fix : squeeze,73c00458,d2051a5d,Added shape checking for concat merge,2
3433,Bug fix : squeeze,73c00458,1526d81a,Faster and better Sentiment Analysis example.,2
3433,Bug fix : squeeze,73c00458,73c00458,Bug fix,2
3433,Bug fix : squeeze,73c00458,3981a87b,Assert input shapes of Merge layer are equal,2
3433,Bug fix : squeeze,73c00458,569bb74a,Update comment to include new join merge mode,2
3433,Bug fix : squeeze,73c00458,d5cd2687,Update skipgram_word_embeddings.py,2
3252,Bug fix + test - Sequential.pop(),a8537897,611c4851,Merge pull request #1 from fchollet/master,2
3252,Bug fix + test - Sequential.pop(),a8537897,0d233b25,Update imdb_cnn_lstm.py,2
3252,Bug fix + test - Sequential.pop(),a8537897,e704e157,Update imdb_cnn_lstm.py,2
3252,Bug fix + test - Sequential.pop(),a8537897,6cc827ca,Bug fix,2
3252,Bug fix + test - Sequential.pop(),a8537897,d2051a5d,Added shape checking for concat merge,2
3252,Bug fix + test - Sequential.pop(),a8537897,1526d81a,Faster and better Sentiment Analysis example.,2
3252,Bug fix + test - Sequential.pop(),a8537897,73c00458,Bug fix,2
3252,Bug fix + test - Sequential.pop(),a8537897,3981a87b,Assert input shapes of Merge layer are equal,2
3252,Bug fix + test - Sequential.pop(),a8537897,569bb74a,Update comment to include new join merge mode,2
3252,Bug fix + test - Sequential.pop(),a8537897,d5cd2687,Update skipgram_word_embeddings.py,2
3252,Bug fix + test - Sequential.pop(),1193427f,611c4851,Merge pull request #1 from fchollet/master,2
3252,Bug fix + test - Sequential.pop(),1193427f,0d233b25,Update imdb_cnn_lstm.py,2
3252,Bug fix + test - Sequential.pop(),1193427f,e704e157,Update imdb_cnn_lstm.py,2
3252,Bug fix + test - Sequential.pop(),1193427f,6cc827ca,Bug fix,2
3252,Bug fix + test - Sequential.pop(),1193427f,d2051a5d,Added shape checking for concat merge,2
3252,Bug fix + test - Sequential.pop(),1193427f,1526d81a,Faster and better Sentiment Analysis example.,2
3252,Bug fix + test - Sequential.pop(),1193427f,73c00458,Bug fix,2
3252,Bug fix + test - Sequential.pop(),1193427f,3981a87b,Assert input shapes of Merge layer are equal,2
3252,Bug fix + test - Sequential.pop(),1193427f,569bb74a,Update comment to include new join merge mode,2
3252,Bug fix + test - Sequential.pop(),1193427f,d5cd2687,Update skipgram_word_embeddings.py,2
3252,Bug fix + test - Sequential.pop(),1b158ff4,611c4851,Merge pull request #1 from fchollet/master,2
3252,Bug fix + test - Sequential.pop(),1b158ff4,0d233b25,Update imdb_cnn_lstm.py,2
3252,Bug fix + test - Sequential.pop(),1b158ff4,e704e157,Update imdb_cnn_lstm.py,2
3252,Bug fix + test - Sequential.pop(),1b158ff4,6cc827ca,Bug fix,2
3252,Bug fix + test - Sequential.pop(),1b158ff4,d2051a5d,Added shape checking for concat merge,2
3252,Bug fix + test - Sequential.pop(),1b158ff4,1526d81a,Faster and better Sentiment Analysis example.,2
3252,Bug fix + test - Sequential.pop(),1b158ff4,73c00458,Bug fix,2
3252,Bug fix + test - Sequential.pop(),1b158ff4,3981a87b,Assert input shapes of Merge layer are equal,2
3252,Bug fix + test - Sequential.pop(),1b158ff4,569bb74a,Update comment to include new join merge mode,2
3252,Bug fix + test - Sequential.pop(),1b158ff4,d5cd2687,Update skipgram_word_embeddings.py,2
3252,Bug fix + test - Sequential.pop(),cee4f72a,611c4851,Merge pull request #1 from fchollet/master,2
3252,Bug fix + test - Sequential.pop(),cee4f72a,0d233b25,Update imdb_cnn_lstm.py,2
3252,Bug fix + test - Sequential.pop(),cee4f72a,e704e157,Update imdb_cnn_lstm.py,2
3252,Bug fix + test - Sequential.pop(),cee4f72a,6cc827ca,Bug fix,2
3252,Bug fix + test - Sequential.pop(),cee4f72a,d2051a5d,Added shape checking for concat merge,2
3252,Bug fix + test - Sequential.pop(),cee4f72a,1526d81a,Faster and better Sentiment Analysis example.,2
3252,Bug fix + test - Sequential.pop(),cee4f72a,73c00458,Bug fix,2
3252,Bug fix + test - Sequential.pop(),cee4f72a,3981a87b,Assert input shapes of Merge layer are equal,2
3252,Bug fix + test - Sequential.pop(),cee4f72a,569bb74a,Update comment to include new join merge mode,2
3252,Bug fix + test - Sequential.pop(),cee4f72a,d5cd2687,Update skipgram_word_embeddings.py,2
3252,Bug fix + test - Sequential.pop(),de2884af,611c4851,Merge pull request #1 from fchollet/master,2
3252,Bug fix + test - Sequential.pop(),de2884af,0d233b25,Update imdb_cnn_lstm.py,2
3252,Bug fix + test - Sequential.pop(),de2884af,e704e157,Update imdb_cnn_lstm.py,2
3252,Bug fix + test - Sequential.pop(),de2884af,6cc827ca,Bug fix,2
3252,Bug fix + test - Sequential.pop(),de2884af,d2051a5d,Added shape checking for concat merge,2
3252,Bug fix + test - Sequential.pop(),de2884af,1526d81a,Faster and better Sentiment Analysis example.,2
3252,Bug fix + test - Sequential.pop(),de2884af,73c00458,Bug fix,2
3252,Bug fix + test - Sequential.pop(),de2884af,3981a87b,Assert input shapes of Merge layer are equal,2
3252,Bug fix + test - Sequential.pop(),de2884af,569bb74a,Update comment to include new join merge mode,2
3252,Bug fix + test - Sequential.pop(),de2884af,d5cd2687,Update skipgram_word_embeddings.py,2
3252,Bug fix + test - Sequential.pop(),aca4a773,611c4851,Merge pull request #1 from fchollet/master,2
3252,Bug fix + test - Sequential.pop(),aca4a773,0d233b25,Update imdb_cnn_lstm.py,2
3252,Bug fix + test - Sequential.pop(),aca4a773,e704e157,Update imdb_cnn_lstm.py,2
3252,Bug fix + test - Sequential.pop(),aca4a773,6cc827ca,Bug fix,2
3252,Bug fix + test - Sequential.pop(),aca4a773,d2051a5d,Added shape checking for concat merge,2
3252,Bug fix + test - Sequential.pop(),aca4a773,1526d81a,Faster and better Sentiment Analysis example.,2
3252,Bug fix + test - Sequential.pop(),aca4a773,73c00458,Bug fix,2
3252,Bug fix + test - Sequential.pop(),aca4a773,3981a87b,Assert input shapes of Merge layer are equal,2
3252,Bug fix + test - Sequential.pop(),aca4a773,569bb74a,Update comment to include new join merge mode,2
3252,Bug fix + test - Sequential.pop(),aca4a773,d5cd2687,Update skipgram_word_embeddings.py,2
3252,Bug fix + test - Sequential.pop(),ad254f99,611c4851,Merge pull request #1 from fchollet/master,2
3252,Bug fix + test - Sequential.pop(),ad254f99,0d233b25,Update imdb_cnn_lstm.py,2
3252,Bug fix + test - Sequential.pop(),ad254f99,e704e157,Update imdb_cnn_lstm.py,2
3252,Bug fix + test - Sequential.pop(),ad254f99,6cc827ca,Bug fix,2
3252,Bug fix + test - Sequential.pop(),ad254f99,d2051a5d,Added shape checking for concat merge,2
3252,Bug fix + test - Sequential.pop(),ad254f99,1526d81a,Faster and better Sentiment Analysis example.,2
3252,Bug fix + test - Sequential.pop(),ad254f99,73c00458,Bug fix,2
3252,Bug fix + test - Sequential.pop(),ad254f99,3981a87b,Assert input shapes of Merge layer are equal,2
3252,Bug fix + test - Sequential.pop(),ad254f99,569bb74a,Update comment to include new join merge mode,2
3252,Bug fix + test - Sequential.pop(),ad254f99,d5cd2687,Update skipgram_word_embeddings.py,2
3252,Bug fix + test - Sequential.pop(),6cc827ca,611c4851,Merge pull request #1 from fchollet/master,2
3252,Bug fix + test - Sequential.pop(),6cc827ca,0d233b25,Update imdb_cnn_lstm.py,2
3252,Bug fix + test - Sequential.pop(),6cc827ca,e704e157,Update imdb_cnn_lstm.py,2
3252,Bug fix + test - Sequential.pop(),6cc827ca,6cc827ca,Bug fix,2
3252,Bug fix + test - Sequential.pop(),6cc827ca,d2051a5d,Added shape checking for concat merge,2
3252,Bug fix + test - Sequential.pop(),6cc827ca,1526d81a,Faster and better Sentiment Analysis example.,2
3252,Bug fix + test - Sequential.pop(),6cc827ca,73c00458,Bug fix,2
3252,Bug fix + test - Sequential.pop(),6cc827ca,3981a87b,Assert input shapes of Merge layer are equal,2
3252,Bug fix + test - Sequential.pop(),6cc827ca,569bb74a,Update comment to include new join merge mode,2
3252,Bug fix + test - Sequential.pop(),6cc827ca,d5cd2687,Update skipgram_word_embeddings.py,2
3252,Bug fix + test - Sequential.pop(),73c00458,611c4851,Merge pull request #1 from fchollet/master,2
3252,Bug fix + test - Sequential.pop(),73c00458,0d233b25,Update imdb_cnn_lstm.py,2
3252,Bug fix + test - Sequential.pop(),73c00458,e704e157,Update imdb_cnn_lstm.py,2
3252,Bug fix + test - Sequential.pop(),73c00458,6cc827ca,Bug fix,2
3252,Bug fix + test - Sequential.pop(),73c00458,d2051a5d,Added shape checking for concat merge,2
3252,Bug fix + test - Sequential.pop(),73c00458,1526d81a,Faster and better Sentiment Analysis example.,2
3252,Bug fix + test - Sequential.pop(),73c00458,73c00458,Bug fix,2
3252,Bug fix + test - Sequential.pop(),73c00458,3981a87b,Assert input shapes of Merge layer are equal,2
3252,Bug fix + test - Sequential.pop(),73c00458,569bb74a,Update comment to include new join merge mode,2
3252,Bug fix + test - Sequential.pop(),73c00458,d5cd2687,Update skipgram_word_embeddings.py,2
3142,fix docs bugs,369854e5,133699c2,keras.engine.topology.Merge uses K.batch_dot,2
3142,fix docs bugs,369854e5,b0ea92bc,Add batch_dot to backend,2
3142,fix docs bugs,369854e5,d2ce3506,2D tensor support for batch_dot,2
3142,fix docs bugs,369854e5,d4fce4f5,batch_dot supports arbitrary sized arrays,2
3142,fix docs bugs,369854e5,4e5348c5,Add batch_dot to core.py layers,2
3142,fix docs bugs,369854e5,a19db7b6,Add batch_dot to backend,2
3142,fix docs bugs,369854e5,e2758733,fix typo,2
3142,fix docs bugs,369854e5,54d3b9e6,rename test_sequences to test_sequence.py,2
3142,fix docs bugs,369854e5,2e29ef31,rename to  and add more complete tests,2
3142,fix docs bugs,369854e5,4dcb2c04,Add sequences tests and fix sequences docs,2
3142,fix docs bugs,369854e5,acbae2ce,Fix tolerance comparing __call__ to np.dot,2
3142,fix docs bugs,369854e5,614e48e6,fix test problem due to type casting,2
3142,fix docs bugs,369854e5,b55f9910,Update docstrings,2
3142,fix docs bugs,369854e5,4aa713b1,Update docstrings,2
3142,fix docs bugs,369854e5,369fb054,Fix package names and floatx,2
3142,fix docs bugs,369854e5,b691579f,Add get_initial_state method to Recurrent,2
3142,fix docs bugs,369854e5,90e9da40,Fix tensorflow test,2
3142,fix docs bugs,369854e5,e1c7d287,Fix tests,2
3142,fix docs bugs,369854e5,f2e4e2dd,clean up code,2
3142,fix docs bugs,369854e5,4b40c34c,Fix test_call.py docstring,2
3142,fix docs bugs,369854e5,b002d003,Add tests,2
3142,fix docs bugs,369854e5,3306f88f,Merge branch 'call' of https://github.com/edersantana/keras into call,2
3142,fix docs bugs,369854e5,5f627234,Merge branch 'master' of https://github.com/fchollet/keras into call,2
3142,fix docs bugs,369854e5,861c8a8e,Add __call__,2
3142,fix docs bugs,369854e5,92f66a27,convert floatx to ascii,2
3142,fix docs bugs,369854e5,89132a69,Fix typos and update docs,2
3142,fix docs bugs,369854e5,9e4e317b,Neural Turing Machines,2
3142,fix docs bugs,369854e5,6f620712,add join to valid merge modes,2
3142,fix docs bugs,369854e5,52e3e262,Merge branch 'master' of https://github.com/fchollet/keras,2
3142,fix docs bugs,369854e5,46a2fb6f,Fix sign order for clipvalue,2
3142,fix docs bugs,369854e5,b6d8e9dd,Fix clip value logic,2
3142,fix docs bugs,369854e5,69afdd7e,Add clip value as in Neural Turing Machines,2
3142,fix docs bugs,369854e5,dd669773,Raise error if using merge_mode= with unnamed input,2
3142,fix docs bugs,369854e5,cccc1182,Raise error if using merge_mode= with unnamed input,2
3142,fix docs bugs,369854e5,b2048d1d,Merge branch 'master' of https://github.com/fchollet/keras,2
3142,fix docs bugs,369854e5,8bfafd6d,Merge join returns OrderedDict instead of list,2
3142,fix docs bugs,369854e5,5c3db2fe,Add merge_mode join,2
3142,fix docs bugs,369854e5,f4a2323d,- pep8 + better callback name,2
3142,fix docs bugs,369854e5,6a5a3178,I mean on_epoch_begin,2
3142,fix docs bugs,369854e5,cdbbdce9,Make lr and momemtum shared_scalars,2
3142,fix docs bugs,369854e5,9d76926e,Added cost masking to Graph model,2
3142,fix docs bugs,369854e5,f25f894b,Correntions in the cost functions masking,2
3142,fix docs bugs,369854e5,a79343f5,Test previous commit,2
3142,fix docs bugs,369854e5,53aaa669,Added masking to cost function,2
3142,fix docs bugs,d106908a,133699c2,keras.engine.topology.Merge uses K.batch_dot,2
3142,fix docs bugs,d106908a,b0ea92bc,Add batch_dot to backend,2
3142,fix docs bugs,d106908a,d2ce3506,2D tensor support for batch_dot,2
3142,fix docs bugs,d106908a,d4fce4f5,batch_dot supports arbitrary sized arrays,2
3142,fix docs bugs,d106908a,4e5348c5,Add batch_dot to core.py layers,2
3142,fix docs bugs,d106908a,a19db7b6,Add batch_dot to backend,2
3142,fix docs bugs,d106908a,e2758733,fix typo,2
3142,fix docs bugs,d106908a,54d3b9e6,rename test_sequences to test_sequence.py,2
3142,fix docs bugs,d106908a,2e29ef31,rename to  and add more complete tests,2
3142,fix docs bugs,d106908a,4dcb2c04,Add sequences tests and fix sequences docs,2
3142,fix docs bugs,d106908a,acbae2ce,Fix tolerance comparing __call__ to np.dot,2
3142,fix docs bugs,d106908a,614e48e6,fix test problem due to type casting,2
3142,fix docs bugs,d106908a,b55f9910,Update docstrings,2
3142,fix docs bugs,d106908a,4aa713b1,Update docstrings,2
3142,fix docs bugs,d106908a,369fb054,Fix package names and floatx,2
3142,fix docs bugs,d106908a,b691579f,Add get_initial_state method to Recurrent,2
3142,fix docs bugs,d106908a,90e9da40,Fix tensorflow test,2
3142,fix docs bugs,d106908a,e1c7d287,Fix tests,2
3142,fix docs bugs,d106908a,f2e4e2dd,clean up code,2
3142,fix docs bugs,d106908a,4b40c34c,Fix test_call.py docstring,2
3142,fix docs bugs,d106908a,b002d003,Add tests,2
3142,fix docs bugs,d106908a,3306f88f,Merge branch 'call' of https://github.com/edersantana/keras into call,2
3142,fix docs bugs,d106908a,5f627234,Merge branch 'master' of https://github.com/fchollet/keras into call,2
3142,fix docs bugs,d106908a,861c8a8e,Add __call__,2
3142,fix docs bugs,d106908a,92f66a27,convert floatx to ascii,2
3142,fix docs bugs,d106908a,89132a69,Fix typos and update docs,2
3142,fix docs bugs,d106908a,9e4e317b,Neural Turing Machines,2
3142,fix docs bugs,d106908a,6f620712,add join to valid merge modes,2
3142,fix docs bugs,d106908a,52e3e262,Merge branch 'master' of https://github.com/fchollet/keras,2
3142,fix docs bugs,d106908a,46a2fb6f,Fix sign order for clipvalue,2
3142,fix docs bugs,d106908a,b6d8e9dd,Fix clip value logic,2
3142,fix docs bugs,d106908a,69afdd7e,Add clip value as in Neural Turing Machines,2
3142,fix docs bugs,d106908a,dd669773,Raise error if using merge_mode= with unnamed input,2
3142,fix docs bugs,d106908a,cccc1182,Raise error if using merge_mode= with unnamed input,2
3142,fix docs bugs,d106908a,b2048d1d,Merge branch 'master' of https://github.com/fchollet/keras,2
3142,fix docs bugs,d106908a,8bfafd6d,Merge join returns OrderedDict instead of list,2
3142,fix docs bugs,d106908a,5c3db2fe,Add merge_mode join,2
3142,fix docs bugs,d106908a,f4a2323d,- pep8 + better callback name,2
3142,fix docs bugs,d106908a,6a5a3178,I mean on_epoch_begin,2
3142,fix docs bugs,d106908a,cdbbdce9,Make lr and momemtum shared_scalars,2
3142,fix docs bugs,d106908a,9d76926e,Added cost masking to Graph model,2
3142,fix docs bugs,d106908a,f25f894b,Correntions in the cost functions masking,2
3142,fix docs bugs,d106908a,a79343f5,Test previous commit,2
3142,fix docs bugs,d106908a,53aaa669,Added masking to cost function,2
2865,fix bug: change seed range for RandomStreams in Theano,76cae0ec,76cae0ec,fix bug: change seed range for RandomStreams in Theano (#2865),3
2806,correctly serialize loss function (one liner),1f5d5b39,dbe7662e,add sparse_categorical_crossentropy,2
2806,correctly serialize loss function (one liner),1f5d5b39,3b4b5a65,added documentation + a hint if hdf5/shuffle conflict suspected,2
2806,correctly serialize loss function (one liner),1f5d5b39,48ea8dfb,implement batch shuffle,2
2736,fix a bug in evaluating accuracy,fefb70b2,fefb70b2,fix a bug in evaluating accuracy (#2736),3
2152,Keras 1.0 preview,7a12fd0f,4da8c814,Reduce test flakiness,2
2152,Keras 1.0 preview,7a12fd0f,07e0c2f7,Add 'why use keras' page to the docs,2
2152,Keras 1.0 preview,7a12fd0f,5665b4d4,Fix custom loss class output_shape check,2
2152,Keras 1.0 preview,7a12fd0f,e0d9fcb9,Change ifelse import in Theano backend for compatibility with Theano 1.0.0,2
2152,Keras 1.0 preview,7a12fd0f,4edd0379,Change style of first example in README,2
2152,Keras 1.0 preview,7a12fd0f,5b3cf890,Update keras logo,2
2152,Keras 1.0 preview,7a12fd0f,cf2623b1,Update keras logo,2
2152,Keras 1.0 preview,7a12fd0f,abcd7dba,Fix CNTK wrappers tests.,2
2152,Keras 1.0 preview,7a12fd0f,a8a59c71,Add test for CuDNN RNNs + Bidirectional,2
2152,Keras 1.0 preview,7a12fd0f,3292aa5a,Fix RNN layers dynamic `trainable` attr,2
2152,Keras 1.0 preview,7a12fd0f,b1d298a1,Fix docs autogen script.,2
2152,Keras 1.0 preview,7a12fd0f,cc3328a7,Small docs improvement.,2
2152,Keras 1.0 preview,7a12fd0f,d3db58c8,Improve docs.,2
2152,Keras 1.0 preview,7a12fd0f,b889a4d8,Style+consistency fix for target placeholders test,2
2152,Keras 1.0 preview,7a12fd0f,cbecc6a2,Fix l2_normalize,2
2152,Keras 1.0 preview,7a12fd0f,ddd8f470,Add default value for `l2_normalize`.,2
2152,Keras 1.0 preview,7a12fd0f,46b691e3,Remove legacy axis handling in TF backend.,2
2152,Keras 1.0 preview,7a12fd0f,720ed1ad,Update README.md,2
2152,Keras 1.0 preview,7a12fd0f,43e418d1,Deflake TensorBoard callback tests.,2
2152,Keras 1.0 preview,7a12fd0f,36e526ed,Update regularizers docs,2
2152,Keras 1.0 preview,7a12fd0f,4b5984b8,Relax optimizer tests.,2
2152,Keras 1.0 preview,7a12fd0f,9683998b,Fix PEP8 error.,2
2152,Keras 1.0 preview,7a12fd0f,dab228bc,Docstring fixes.,2
2152,Keras 1.0 preview,7a12fd0f,803e2869,Update a number of example scripts.,2
2152,Keras 1.0 preview,7a12fd0f,e1a5fbf7,Fixes in conv layers.,2
2152,Keras 1.0 preview,7a12fd0f,dc11aa99,Make utils importable by absolute path,2
2152,Keras 1.0 preview,7a12fd0f,ca234069,Update 2 mnist examples,2
2152,Keras 1.0 preview,7a12fd0f,a5a775b7,Merge branch 'master' of ssh://github.com/fchollet/keras,2
2152,Keras 1.0 preview,7a12fd0f,9736056a,Fix issue in mnist siamese graph example.,2
2152,Keras 1.0 preview,7a12fd0f,9ee0c8e6,Fix init dim_ordering in conv layers,2
2152,Keras 1.0 preview,7a12fd0f,0ba2626b,Further style fixes,2
2152,Keras 1.0 preview,7a12fd0f,c6eea03c,Style fixes in engine.,2
2152,Keras 1.0 preview,7a12fd0f,9f33f8af,Add names to Keras application models,2
2152,Keras 1.0 preview,7a12fd0f,57f2f110,count_params should report count for all weights.,2
2152,Keras 1.0 preview,7a12fd0f,bf502be5,Merge branch 'master' of ssh://github.com/fchollet/keras,2
2152,Keras 1.0 preview,7a12fd0f,dfeca151,Allow to set input shape in CV models.,2
2152,Keras 1.0 preview,7a12fd0f,c0b32a9a,Remove reference to legacy Graph model in tests.,2
2152,Keras 1.0 preview,7a12fd0f,703d5a12,Add dynamic trainability lightweight test,2
2152,Keras 1.0 preview,7a12fd0f,c5cc96a4,Saner way to collect trainable weights,2
2152,Keras 1.0 preview,7a12fd0f,de256cb5,Make sure ImageNet predictions are sorted,2
2152,Keras 1.0 preview,7a12fd0f,ce814302,Remove support for legacy Graph model,2
2152,Keras 1.0 preview,7a12fd0f,e52740f0,Add Gitter link to README,2
2152,Keras 1.0 preview,7a12fd0f,5dd8c5c1,Padding style fixes.,2
2152,Keras 1.0 preview,7a12fd0f,7df184d3,Style touch-ups,2
2152,Keras 1.0 preview,7a12fd0f,e0d871b7,Restructure docs for Applications module,2
2152,Keras 1.0 preview,7a12fd0f,04df170b,Merge branch 'master' of ssh://github.com/fchollet/keras,2
2152,Keras 1.0 preview,7a12fd0f,5f58a6d2,"Support all backends, dim orderings for music CRNN",2
2152,Keras 1.0 preview,7a12fd0f,fb6a2941,Fix typos,2
2152,Keras 1.0 preview,7a12fd0f,ed131973,Fix music tagger application,2
2152,Keras 1.0 preview,7a12fd0f,d5f1250a,Update imagenet prediction decoding utilities,2
2152,Keras 1.0 preview,7a12fd0f,f2aa89f4,Freeze list of trainable weights at compile time,2
2152,Keras 1.0 preview,7a12fd0f,13bd33e7,Merge branch 'master' of ssh://github.com/fchollet/keras,2
2152,Keras 1.0 preview,7a12fd0f,b2e8d5ab,Add support for LR decay in all optimizers,2
2152,Keras 1.0 preview,7a12fd0f,c939cebf,Theano rnn fix when input_dim = 1,2
2152,Keras 1.0 preview,7a12fd0f,065fb2a7,Add global pooling layers,2
2152,Keras 1.0 preview,7a12fd0f,02ff1d44,Fix style in example,2
2152,Keras 1.0 preview,7a12fd0f,a4d191d4,Only write config file if it didn't exist,2
2152,Keras 1.0 preview,7a12fd0f,28d9c0c5,Style fixes in example.,2
2152,Keras 1.0 preview,7a12fd0f,d68c0bd7,Update optimizers docs,2
2152,Keras 1.0 preview,7a12fd0f,c3d20bbc,Merge branch 'master' of ssh://github.com/fchollet/keras,2
2152,Keras 1.0 preview,7a12fd0f,f9c03f18,Make trainable_weights dynamic,2
2152,Keras 1.0 preview,7a12fd0f,09d75a43,Style fixes,2
2152,Keras 1.0 preview,7a12fd0f,d971e0cc,Style fixes in SeparableConv2D,2
2152,Keras 1.0 preview,7a12fd0f,b6a776b2,Add Sequential.pop() method,2
2152,Keras 1.0 preview,7a12fd0f,ede79f81,Add MIT license badge to README,2
2152,Keras 1.0 preview,7a12fd0f,229f13a8,Lambda should not support masking implicitly,2
2152,Keras 1.0 preview,7a12fd0f,885e6e62,Style fix in test,2
2152,Keras 1.0 preview,7a12fd0f,dc122c31,Fix masking test,2
2152,Keras 1.0 preview,7a12fd0f,3bc80d3d,Remove unnecessary assert,2
2152,Keras 1.0 preview,7a12fd0f,8f8e4574,Fix issue with Sequential deserialization,2
2152,Keras 1.0 preview,7a12fd0f,c30432a6,Nadam optimizer style fixes,2
2152,Keras 1.0 preview,7a12fd0f,604ea8d6,Fix PEP8 BS,2
2152,Keras 1.0 preview,7a12fd0f,fd3cfb19,Allow no layer names in plot(),2
2152,Keras 1.0 preview,7a12fd0f,b71f6ba8,Allow absence of labels in flow(),2
2152,Keras 1.0 preview,7a12fd0f,dfc128b8,Fix some py3 generator issue,2
2152,Keras 1.0 preview,7a12fd0f,34b8b57c,Update image preprocessing docs,2
2152,Keras 1.0 preview,7a12fd0f,3bba409d,Improve docstring in preprocessing/image,2
2152,Keras 1.0 preview,7a12fd0f,7869cdcc,Merge branch 'master' of ssh://github.com/fchollet/keras,2
2152,Keras 1.0 preview,7a12fd0f,0e18e345,"Refactor ImageDataGenerator, add directory support",2
2152,Keras 1.0 preview,7a12fd0f,e5b99c75,Tiny fixes in Sequential methods,2
2152,Keras 1.0 preview,7a12fd0f,edbec2db,Remove bit of deprecated code,2
2152,Keras 1.0 preview,7a12fd0f,973ece98,Make dim_ordering a global default,2
2152,Keras 1.0 preview,7a12fd0f,91b93029,Make Merge output_shape consistent with lambda,2
2152,Keras 1.0 preview,7a12fd0f,7b5bab83,Merge branch 'master' of ssh://github.com/fchollet/keras,2
2152,Keras 1.0 preview,7a12fd0f,c5e2116e,Fix typo in doc,2
2152,Keras 1.0 preview,7a12fd0f,198c5152,Simplify imports in README,2
2152,Keras 1.0 preview,7a12fd0f,5156673e,Fix serialization issue with nested Sequential,2
2152,Keras 1.0 preview,7a12fd0f,1529c9c4,Clarify error message,2
2152,Keras 1.0 preview,7a12fd0f,32b10a88,Fix first axis dim validation in multi-input model,2
2152,Keras 1.0 preview,7a12fd0f,24501d43,Fix ActivityReg layer,2
2152,Keras 1.0 preview,7a12fd0f,bf0c08e2,Add FAQ entry about layer freezing,2
2152,Keras 1.0 preview,7a12fd0f,b581eb3f,Update RMSprop,2
2152,Keras 1.0 preview,7a12fd0f,973b5570,Style touch-up,2
2152,Keras 1.0 preview,7a12fd0f,7cb41fc5,Fix weight saving issue,2
2152,Keras 1.0 preview,7a12fd0f,1f170139,Misc fixes,2
2152,Keras 1.0 preview,7a12fd0f,f18899cb,Merge branch 'master' of https://github.com/commaai/keras into commaai-master,2
2152,Keras 1.0 preview,7a12fd0f,bfa5ca55,Fix docstring,2
2152,Keras 1.0 preview,7a12fd0f,18841fa5,Fix build,2
2152,Keras 1.0 preview,7a12fd0f,1f408487,Add new metrics and metrics tests,2
2152,Keras 1.0 preview,7a12fd0f,00e9d5b2,Update regularizer tests,2
2152,Keras 1.0 preview,7a12fd0f,7f937476,Remove outdated comment,2
2152,Keras 1.0 preview,7a12fd0f,b1e47f77,Fix PEP8,2
2152,Keras 1.0 preview,7a12fd0f,24f96262,Add additional input data validation check,2
2152,Keras 1.0 preview,7a12fd0f,1904194c,Fix wrapper learning phase,2
2152,Keras 1.0 preview,7a12fd0f,2cc9ebf2,Add set_learning_phase in TF backend.,2
2152,Keras 1.0 preview,7a12fd0f,cb5d69c7,Fix case where output_shape in Merge is tuple,2
2152,Keras 1.0 preview,7a12fd0f,d50f469c,Fix for invalid dropout values,2
2152,Keras 1.0 preview,7a12fd0f,b587aeee,Remove badge from README,2
2152,Keras 1.0 preview,7a12fd0f,f75f70a6,Update examples in documentation,2
2152,Keras 1.0 preview,7a12fd0f,e3c31aa7,Merge branch 'master' of ssh://github.com/fchollet/keras,2
2152,Keras 1.0 preview,7a12fd0f,ef1e9595,Update visualize_util,2
2152,Keras 1.0 preview,7a12fd0f,bde45eff,"Split model tests, fix create_output graph bug",2
2152,Keras 1.0 preview,7a12fd0f,8ba647c1,Fix PEP8,2
2152,Keras 1.0 preview,7a12fd0f,a86057d9,Improve error messages in TF backend.,2
2152,Keras 1.0 preview,7a12fd0f,1ebeff8e,Move data_utils to utils.data_utils.,2
2152,Keras 1.0 preview,7a12fd0f,4ec84541,Fixes in imagedatagenerator,2
2152,Keras 1.0 preview,7a12fd0f,763a2a95,"Style and dosctring fixes, sklearn wrapper.",2
2152,Keras 1.0 preview,7a12fd0f,37996605,Update pool module import for Theano,2
2152,Keras 1.0 preview,7a12fd0f,58ca064f,Use MSE in stateful example.,2
2152,Keras 1.0 preview,7a12fd0f,654404c2,Add a few explanatory comments in recurrent.py,2
2152,Keras 1.0 preview,7a12fd0f,7896ef71,Style standardization,2
2152,Keras 1.0 preview,7a12fd0f,d4e96964,Merge branch 'master' of ssh://github.com/fchollet/keras,2
2152,Keras 1.0 preview,7a12fd0f,4cff0623,Update documentation.,2
2152,Keras 1.0 preview,7a12fd0f,0ec57f28,Fix fit_generator docstring,2
2152,Keras 1.0 preview,7a12fd0f,860e4e91,Various fixes in evaluate_generator/fit_generator.,2
2152,Keras 1.0 preview,7a12fd0f,f27c5b05,merge conflict,2
2152,Keras 1.0 preview,7a12fd0f,523e24e8,Simplify Theano RNN when no mask is passed,2
2152,Keras 1.0 preview,7a12fd0f,a07efd4b,Update examples in doc,2
2152,Keras 1.0 preview,7a12fd0f,0ca4a0fb,Add binary classification example in doc,2
2152,Keras 1.0 preview,7a12fd0f,3d85402c,Fix various typos,2
2152,Keras 1.0 preview,7a12fd0f,9720db95,Fix typo,2
2152,Keras 1.0 preview,7a12fd0f,c5d11f1d,Fix AutoEncoder; cleaner API.,2
2152,Keras 1.0 preview,7a12fd0f,92b1948d,Fix typo,2
2152,Keras 1.0 preview,7a12fd0f,2e90ae18,Update Theano install instructions,2
2152,Keras 1.0 preview,7a12fd0f,ed1297b3,Update Theano install instructions,2
2152,Keras 1.0 preview,7a12fd0f,d0014086,Fix conv2d mode in doc examples,2
2152,Keras 1.0 preview,7a12fd0f,ced84d53,Fix example docstring,2
2152,Keras 1.0 preview,7a12fd0f,d0b98a2c,Antirectifier example style fixes,2
2152,Keras 1.0 preview,7a12fd0f,09d91fcc,Add antirectifier example,2
2152,Keras 1.0 preview,7a12fd0f,c8176fd3,Update FAQ in documentation,2
2152,Keras 1.0 preview,7a12fd0f,d870e45e,Fix flaky test,2
2152,Keras 1.0 preview,7a12fd0f,6ec1f7a4,Fix callback tests,2
2152,Keras 1.0 preview,7a12fd0f,e34f9e6d,Add tests for callbacks,2
2152,Keras 1.0 preview,7a12fd0f,8d3b8ff6,Improve callback functionality,2
2152,Keras 1.0 preview,7a12fd0f,71952f29,Remove make_reuters_dataset,2
2152,Keras 1.0 preview,7a12fd0f,febf9b21,Fix output caching.,2
2152,Keras 1.0 preview,7a12fd0f,e8e8f762,Introduce layer output caching.,2
2152,Keras 1.0 preview,7a12fd0f,de8e009e,Merge branch 'mynameisfiber-master',2
2152,Keras 1.0 preview,7a12fd0f,23afa3f3,RNN unit tests touch-ups,2
2152,Keras 1.0 preview,7a12fd0f,b7db4486,Merge branch 'master' of https://github.com/mynameisfiber/keras into mynameisfiber-master,2
2152,Keras 1.0 preview,7a12fd0f,59406a71,Update callbacks documentation,2
2152,Keras 1.0 preview,7a12fd0f,7da15230,Replace unittest with pytest,2
2152,Keras 1.0 preview,7a12fd0f,31cf6b16,Fix Adadelta serialization,2
2152,Keras 1.0 preview,7a12fd0f,3ce1883a,Update documentation,2
2152,Keras 1.0 preview,7a12fd0f,93718562,One more attempt at fixing indeterminism on Travis,2
2152,Keras 1.0 preview,7a12fd0f,5fe40861,New attempt at fixing test indeterminism,2
2152,Keras 1.0 preview,7a12fd0f,182e84d0,Attempt to reduce indeterminism in tests,2
2152,Keras 1.0 preview,7a12fd0f,2c30d503,Fix sample weights generation for validation data,2
2152,Keras 1.0 preview,7a12fd0f,7a86ff7f,Fixes in loss weighting with validation data,2
2152,Keras 1.0 preview,7a12fd0f,3c4f0ac6,"Revert ""Fix sample_weight and class_weight in validation""",2
2152,Keras 1.0 preview,7a12fd0f,9773e810,Fix sample_weight and class_weight in validation,2
2152,Keras 1.0 preview,7a12fd0f,484039d2,Merge branch 'conv_same_with_cudnn' of https://github.com/entron/keras into entron-conv_same_with_cudnn,2
2152,Keras 1.0 preview,7a12fd0f,a7014350,Merge branch 'time-distributed-class-weights',2
2152,Keras 1.0 preview,7a12fd0f,24bf8488,Merge branch 'time-distributed-class-weights' of https://github.com/wxs/keras into time-distributed-class-weights,2
2152,Keras 1.0 preview,7a12fd0f,bad60eed,Merge branch 'wxs-fix-weight-mask-interaction',2
2152,Keras 1.0 preview,7a12fd0f,21f0bfa2,Fix loss masking test,2
2152,Keras 1.0 preview,7a12fd0f,6ef6128b,Merge branch 'fix-weight-mask-interaction' of https://github.com/wxs/keras into wxs-fix-weight-mask-interaction,2
2152,Keras 1.0 preview,7a12fd0f,34999c86,Fix Poisson loss when target = 0,2
2152,Keras 1.0 preview,7a12fd0f,f66b58bb,Merge branch 'master' of https://github.com/fchollet/keras,2
2152,Keras 1.0 preview,7a12fd0f,6cd8d3c3,Fix optimizer serialization,2
2152,Keras 1.0 preview,7a12fd0f,aa21a15b,Merge branch 'EderSantana-master',2
2152,Keras 1.0 preview,7a12fd0f,93624e10,Fix graph container,2
2152,Keras 1.0 preview,7a12fd0f,d9579e1c,Learning rate scheduling touch-ups,2
2152,Keras 1.0 preview,7a12fd0f,5af36525,Merge branch 'master' of https://github.com/EderSantana/keras into EderSantana-master,2
2152,Keras 1.0 preview,7a12fd0f,eb11ad77,Merge branch 'master' of https://github.com/fchollet/keras,2
2152,Keras 1.0 preview,7a12fd0f,ff197781,Multi-io get_input / get_ouput in graph container,2
2152,Keras 1.0 preview,7a12fd0f,af84a687,Remove irrelevant code in convolutional,2
2152,Keras 1.0 preview,7a12fd0f,a478930d,"Add weight loading to PReLU, ParametricSoftPlus",2
2152,Keras 1.0 preview,7a12fd0f,78feed7f,Fix autoencoder serialization,2
2152,Keras 1.0 preview,7a12fd0f,818f5d7d,Merge branch 'master' of https://github.com/fchollet/keras,2
2152,Keras 1.0 preview,7a12fd0f,23b1d792,Merge branch 'Smerity-master',2
2152,Keras 1.0 preview,7a12fd0f,d5455154,Touch-ups to addition RNN example,2
2152,Keras 1.0 preview,7a12fd0f,97174dd2,Fix batch normalization as first layer,2
2152,Keras 1.0 preview,7a12fd0f,3dd6dbe5,Merge branch 'master' of https://github.com/fchollet/keras,2
2152,Keras 1.0 preview,7a12fd0f,4de2b588,Fix graph model,2
2152,Keras 1.0 preview,7a12fd0f,a02ccc2a,Change API of ZeroPadding2D,2
2152,Keras 1.0 preview,7a12fd0f,f4947578,Merge branch 'anayebi-master',2
2152,Keras 1.0 preview,7a12fd0f,965a8cae,"Convolution layers: style cleanup, code re-org",2
2152,Keras 1.0 preview,7a12fd0f,c61616ab,Merge branch 'master' of https://github.com/anayebi/keras into anayebi-master,2
2152,Keras 1.0 preview,7a12fd0f,ca758bef,Fix RepeatVector in captioning example,2
2152,Keras 1.0 preview,7a12fd0f,a1161885,Fix text preprocessing,2
2152,Keras 1.0 preview,7a12fd0f,f7d4a1e4,Merge branch 'master' of https://github.com/fchollet/keras,2
2152,Keras 1.0 preview,7a12fd0f,7115efc3,Remove optional loss masking (now automatic),2
2152,Keras 1.0 preview,7a12fd0f,a6aa7940,Fix history in graph model.,2
2152,Keras 1.0 preview,7a12fd0f,ae4219e6,Fix loss masking tests,2
2152,Keras 1.0 preview,7a12fd0f,b3cb7f4e,Merge branch 'master' of https://github.com/EderSantana/keras into EderSantana-master,2
2152,Keras 1.0 preview,7a12fd0f,eac3bf8b,Extend layer API to multi inputs / ouputs,2
2152,Keras 1.0 preview,7a12fd0f,425f2903,Add create_output option in Graph model,2
2152,Keras 1.0 preview,7a12fd0f,1b66e36e,Merge branch 'master' of https://github.com/fchollet/keras,2
2152,Keras 1.0 preview,7a12fd0f,b0576247,Add border_mode = same to Convolution1D,2
2152,Keras 1.0 preview,7a12fd0f,9e7f67b6,Fix typo,2
2152,Keras 1.0 preview,7a12fd0f,c81d6ec9,Fix batch normalization,2
2152,Keras 1.0 preview,7a12fd0f,0eea5055,Use readthedocs theme in dev doc version,2
2152,Keras 1.0 preview,7a12fd0f,e1d8b1ba,Update MaxPooling1D documentation.,2
2152,Keras 1.0 preview,7a12fd0f,616fcbaa,Merge branch 'nehz-MaxPooling1D-fix' of https://github.com/nehz/keras into nehz-nehz-MaxPooling1D-fix,2
2152,Keras 1.0 preview,7a12fd0f,37965cae,Style touch-ups in babi example,2
2152,Keras 1.0 preview,7a12fd0f,4ecb5bdd,Fix Hualos callback,2
2152,Keras 1.0 preview,7a12fd0f,1e3d9f7b,Fix Hualos callback,2
2152,Keras 1.0 preview,7a12fd0f,15a3a1f1,"Randomness seeding, small fixes",2
2152,Keras 1.0 preview,7a12fd0f,48381f8a,Masking layer touch-ups,2
2152,Keras 1.0 preview,7a12fd0f,3212cd4c,Merge branch 'masking-layer' of https://github.com/amitbeka/keras into amitbeka-masking-layer,2
2152,Keras 1.0 preview,7a12fd0f,6a1ede1a,Merge branch 'master' of https://github.com/fchollet/keras,2
2152,Keras 1.0 preview,7a12fd0f,b64217cd,Small style fixes,2
2152,Keras 1.0 preview,7a12fd0f,275f4166,Merge branch 'master' of https://github.com/fchollet/keras,2
2152,Keras 1.0 preview,7a12fd0f,8675fc52,Update core layers documentation,2
2152,Keras 1.0 preview,7a12fd0f,a4def208,Fix serialization,2
2152,Keras 1.0 preview,7a12fd0f,f1d60121,Fix optimizers test,2
2152,Keras 1.0 preview,7a12fd0f,06610325,Merge branch 'master' of https://github.com/kenterao/keras into kenterao-master,2
2152,Keras 1.0 preview,7a12fd0f,4f6b1a4d,Add optimizers tests,2
2152,Keras 1.0 preview,7a12fd0f,0e295dbd,Merge branch 'master' of https://github.com/fchollet/keras,2
2152,Keras 1.0 preview,7a12fd0f,7c3bf9d0,Add dataset tests,2
2152,Keras 1.0 preview,7a12fd0f,e06f9df8,Refactor model serialization,2
2152,Keras 1.0 preview,7a12fd0f,b6aaeb35,Fix embedding test,2
2152,Keras 1.0 preview,7a12fd0f,d1387c1e,Move model_utils to layer_utils,2
2152,Keras 1.0 preview,7a12fd0f,3a28da9e,Cleanup/fix model_utils,2
2152,Keras 1.0 preview,7a12fd0f,32fd2028,Merge branch 'print_layer_shapes' of https://github.com/julienr/keras into julienr-print_layer_shapes,2
2152,Keras 1.0 preview,7a12fd0f,e975f8a6,Remove deprecated methods,2
2152,Keras 1.0 preview,7a12fd0f,a08bf38e,Extend loss weighting tests,2
2152,Keras 1.0 preview,7a12fd0f,6289de37,Fix & extend loss weighting,2
2152,Keras 1.0 preview,7a12fd0f,8a99d6e4,Merge branch 'master' of https://github.com/kenterao/keras into kenterao-master,2
2152,Keras 1.0 preview,7a12fd0f,6ed288b1,Merge branch 'the-moliver-Psoftplus',2
2152,Keras 1.0 preview,7a12fd0f,94037730,merge,2
2152,Keras 1.0 preview,7a12fd0f,1ebec1e5,merge,2
2152,Keras 1.0 preview,7a12fd0f,ed9834c6,Remove dot utils doc,2
2152,Keras 1.0 preview,7a12fd0f,3037183c,Remove dot_utils,2
2152,Keras 1.0 preview,7a12fd0f,ec8f7f00,Codebase cleanup,2
2152,Keras 1.0 preview,7a12fd0f,f392a780,Merge branch 'master' of https://github.com/fchollet/keras,2
2152,Keras 1.0 preview,7a12fd0f,72e73b0a,Merge branch 'cmyr-batch-shuffle',2
2152,Keras 1.0 preview,7a12fd0f,2fbfbddd,Cleanup error msg,2
2152,Keras 1.0 preview,7a12fd0f,e98b1c23,Merge branch 'batch-shuffle' of https://github.com/cmyr/keras into cmyr-batch-shuffle,2
2152,Keras 1.0 preview,7a12fd0f,d2b58497,Merge branch 'anayebi-master',2
2152,Keras 1.0 preview,7a12fd0f,4b6bf1db,Fix Permute layer,2
2152,Keras 1.0 preview,7a12fd0f,84d9171a,Merge branch 'master' of https://github.com/anayebi/keras into anayebi-master,2
2152,Keras 1.0 preview,7a12fd0f,c777cdf8,Update README,2
2152,Keras 1.0 preview,7a12fd0f,91a15fdf,"Doc, README touch-ups",2
2152,Keras 1.0 preview,7a12fd0f,6a4aab45,Fix border mode = same in Conv2D,2
2152,Keras 1.0 preview,7a12fd0f,46e19b95,Cleanup,2
2152,Keras 1.0 preview,7a12fd0f,8824f1b4,Fix yaml serialization support,2
2152,Keras 1.0 preview,7a12fd0f,43d84368,Fixes in yaml serialization,2
2152,Keras 1.0 preview,7a12fd0f,08abc317,Merge branch 'yaml' of https://github.com/maxpumperla/keras into maxpumperla-yaml,2
2152,Keras 1.0 preview,7a12fd0f,036d968a,Merge branch 'master' of https://github.com/fchollet/keras,2
2152,Keras 1.0 preview,7a12fd0f,510068b8,Merge branch 'pjadzinsky-master',2
2152,Keras 1.0 preview,7a12fd0f,43736166,Touch-ups to 'same' border mode,2
2152,Keras 1.0 preview,7a12fd0f,9e256698,Merge branch 'master' of https://github.com/pjadzinsky/keras into pjadzinsky-master,2
2152,Keras 1.0 preview,7a12fd0f,fd1d5908,Fix graph tests,2
2152,Keras 1.0 preview,7a12fd0f,08b1964b,Fix doc,2
2152,Keras 1.0 preview,7a12fd0f,94c930e9,Remove weight tying in autoencoder,2
2152,Keras 1.0 preview,7a12fd0f,2d0e84a8,Merge branch 'mikekestemont-master',2
2152,Keras 1.0 preview,7a12fd0f,c8a2f46f,Rename IMDB CNN example,2
2152,Keras 1.0 preview,7a12fd0f,6899a9db,Revise IMDB conv1d example,2
2152,Keras 1.0 preview,7a12fd0f,238d3909,Merge branch 'master' of https://github.com/mikekestemont/keras into mikekestemont-master,2
2152,Keras 1.0 preview,7a12fd0f,22bd7cfa,Update reuters dataset,2
2152,Keras 1.0 preview,7a12fd0f,03e512a3,Batch validation in fit,2
2152,Keras 1.0 preview,7a12fd0f,a3dadff3,Update documentation,2
2152,Keras 1.0 preview,7a12fd0f,65ebd8aa,Merge branch 'master' of https://github.com/fchollet/keras,2
2152,Keras 1.0 preview,7a12fd0f,9f71949d,Dynamic epsilon in objectives,2
2152,Keras 1.0 preview,7a12fd0f,5bf27185,Fix binary_crossentropy,2
2152,Keras 1.0 preview,7a12fd0f,9a649d2b,Fix GaussianNoise imports,2
2152,Keras 1.0 preview,7a12fd0f,c06b7467,Merge branch 'patch-1' of https://github.com/the-moliver/keras into the-moliver-patch-1,2
2152,Keras 1.0 preview,7a12fd0f,bc05a25b,"Fix tests, increase coverage",2
2152,Keras 1.0 preview,7a12fd0f,1e73e1bc,Fix History callback,2
2152,Keras 1.0 preview,7a12fd0f,07f2253f,Add test for sequential model,2
2152,Keras 1.0 preview,7a12fd0f,f817e2e7,merge,2
2152,Keras 1.0 preview,7a12fd0f,7094be1b,Add y standardization to graph model,2
2152,Keras 1.0 preview,7a12fd0f,7c8d9aaf,Fix gaussian noise doc,2
2152,Keras 1.0 preview,7a12fd0f,6c55dbd6,Fix callbacks doc,2
2152,Keras 1.0 preview,7a12fd0f,ab8f7da8,Put GaussianNoise in its own module.,2
2152,Keras 1.0 preview,7a12fd0f,1f21e61a,Merge branch 'master' of https://github.com/Reddine/keras into Reddine-master,2
2152,Keras 1.0 preview,7a12fd0f,16f737ff,Fix AE example in doc,2
2152,Keras 1.0 preview,7a12fd0f,1fe6556a,Fix graph doc,2
2152,Keras 1.0 preview,7a12fd0f,aeb954dd,Add dtype to graph inputs,2
2152,Keras 1.0 preview,7a12fd0f,35bcd5a4,Touch-ups in examples and doc,2
2152,Keras 1.0 preview,7a12fd0f,b1d94489,Refactor merge layer,2
2152,Keras 1.0 preview,7a12fd0f,fe3c4d73,Update graph tests,2
2152,Keras 1.0 preview,7a12fd0f,ddd5f476,Fix container merging issue,2
2152,Keras 1.0 preview,7a12fd0f,63f9a795,Fix ModelCheckpoint callback,2
2152,Keras 1.0 preview,7a12fd0f,8995b50a,Remove DenoisingAutoEncoder,2
2152,Keras 1.0 preview,7a12fd0f,b22e547e,Merge branch 'Reddine-master',2
2152,Keras 1.0 preview,7a12fd0f,8bd8ae1d,Correct MAPE loss,2
2152,Keras 1.0 preview,7a12fd0f,1530f31c,Merge branch 'master' of https://github.com/Reddine/keras into Reddine-master,2
2152,Keras 1.0 preview,7a12fd0f,f2c97d81,Add Graph model to doc,2
2152,Keras 1.0 preview,7a12fd0f,53a05b6e,Fix metrics issue in evaluate,2
2152,Keras 1.0 preview,7a12fd0f,dab55518,Update cifar10 example,2
2152,Keras 1.0 preview,7a12fd0f,be75548c,Add graph config management,2
2152,Keras 1.0 preview,7a12fd0f,553a7c02,"Graph bugfix, improve tests",2
2152,Keras 1.0 preview,7a12fd0f,66b8f371,Complete working version of graphs. API needs work,2
2152,Keras 1.0 preview,7a12fd0f,f1cd4365,"Fixes in models, callbacks",2
2152,Keras 1.0 preview,7a12fd0f,f3022309,merge,2
2152,Keras 1.0 preview,7a12fd0f,76b9877c,Add MSLE objective,2
2152,Keras 1.0 preview,7a12fd0f,243d4737,Better API for Convolution1D and MaxPooling1D,2
2152,Keras 1.0 preview,7a12fd0f,9e4e4328,Merge branch 'pranv-master',2
2152,Keras 1.0 preview,7a12fd0f,c7c53725,Style fixes,2
2152,Keras 1.0 preview,7a12fd0f,2baa9a8e,Merge branch 'master' of https://github.com/pranv/keras into pranv-master,2
2152,Keras 1.0 preview,7a12fd0f,e63644cf,Fix denoising autoencoder issue,2
2152,Keras 1.0 preview,7a12fd0f,a5f4bd33,Merge branch 'master' of https://github.com/fchollet/keras,2
2152,Keras 1.0 preview,7a12fd0f,522201ec,Add test utils,2
2152,Keras 1.0 preview,7a12fd0f,8e1e32a9,Fix tests,2
2152,Keras 1.0 preview,7a12fd0f,0332b95c,Remove check in binary_crossentropy,2
2152,Keras 1.0 preview,7a12fd0f,f53c3195,Merge branch 'master' of https://github.com/fchollet/keras,2
2152,Keras 1.0 preview,7a12fd0f,940bd47b,Add test_loss_weighting,2
2152,Keras 1.0 preview,7a12fd0f,ee730496,Add test_tasks,2
2152,Keras 1.0 preview,7a12fd0f,06d7c7da,Strict handling of incorrect dims in binary_xent,2
2152,Keras 1.0 preview,7a12fd0f,bba53793,Fix constraint tests,2
2152,Keras 1.0 preview,7a12fd0f,28054136,Merge branch 'master' of https://github.com/fchollet/keras,2
2152,Keras 1.0 preview,7a12fd0f,2d5b86d7,Merge branch 'mthrok-master',2
2152,Keras 1.0 preview,7a12fd0f,12a5c6fe,Touch-ups in IRNN example,2
2152,Keras 1.0 preview,7a12fd0f,e50462e7,Merge branch 'master' of https://github.com/mthrok/keras into mthrok-master,2
2152,Keras 1.0 preview,7a12fd0f,27861828,Fix masking issue,2
2152,Keras 1.0 preview,7a12fd0f,a4329aa4,Merge branch 'master' of https://github.com/fchollet/keras,2
2152,Keras 1.0 preview,7a12fd0f,24df6a9f,Fix weights in model.test,2
2152,Keras 1.0 preview,7a12fd0f,560cb945,Callback refactor,2
2152,Keras 1.0 preview,7a12fd0f,2ab9f0ef,Add working Graph container,2
2152,Keras 1.0 preview,7a12fd0f,d148ff11,Initial draft of Graph container,2
2152,Keras 1.0 preview,7a12fd0f,c7aac3ce,ones as default init for LSTM forget gate bias,2
2152,Keras 1.0 preview,7a12fd0f,ce659e56,Fix check for mask,2
2152,Keras 1.0 preview,7a12fd0f,e8a6ae29,Fix regularization in Embedding,2
2152,Keras 1.0 preview,7a12fd0f,e3d3d622,Update doc with sample_weight and class_weight,2
2152,Keras 1.0 preview,7a12fd0f,877d4474,Merge branch 'master' of https://github.com/fchollet/keras,2
2152,Keras 1.0 preview,7a12fd0f,cc9edcf4,"Fix merge conflicts, add class_weight support",2
2152,Keras 1.0 preview,7a12fd0f,5e5bff05,Simplify IMDB example,2
2152,Keras 1.0 preview,7a12fd0f,c4735f59,Doc touch-ups,2
2152,Keras 1.0 preview,7a12fd0f,3af40ba5,Fix typo in doc,2
2152,Keras 1.0 preview,7a12fd0f,36e5a17b,Update docs,2
2152,Keras 1.0 preview,7a12fd0f,cbde35fd,Improve API of ActivityRegularization,2
2152,Keras 1.0 preview,7a12fd0f,76b28524,Remove image_shape in conv layers,2
2152,Keras 1.0 preview,7a12fd0f,090ada4e,Fix mkdocs.yml,2
2152,Keras 1.0 preview,7a12fd0f,8ef90a03,Switch convolutional layers to new regularization,2
2152,Keras 1.0 preview,7a12fd0f,f04fdec9,Incorporate regularization into loss function,2
2152,Keras 1.0 preview,7a12fd0f,0d6575c7,Merge branch 'master' of https://github.com/fchollet/keras,2
2152,Keras 1.0 preview,7a12fd0f,cc750adf,Merge branch 'phreeza-activity_reg',2
2152,Keras 1.0 preview,7a12fd0f,752037c1,Remove loss_update system,2
2152,Keras 1.0 preview,7a12fd0f,ba11d9ca,Restore callbacks in fit,2
2152,Keras 1.0 preview,7a12fd0f,499a0500,Fix regularisers/constraints tests,2
2152,Keras 1.0 preview,7a12fd0f,c9addefa,Simplify regularizers,2
2152,Keras 1.0 preview,7a12fd0f,0f12e011,Switch constraints to OO model,2
2152,Keras 1.0 preview,7a12fd0f,4d267f5b,Remove manual check for regularizers (use auto),2
2152,Keras 1.0 preview,7a12fd0f,57193225,Merge branch 'activity_reg' of https://github.com/phreeza/keras into phreeza-activity_reg,2
2152,Keras 1.0 preview,7a12fd0f,5b6f56a0,Add mask support to new recurrent layers,2
2152,Keras 1.0 preview,7a12fd0f,9c8e0d43,Add support for custom padding value in sequence,2
2152,Keras 1.0 preview,7a12fd0f,ea0b7d26,"Add text dataset support for OOV, start chars",2
2152,Keras 1.0 preview,7a12fd0f,99c20e25,Make sure key examples are deterministic,2
2152,Keras 1.0 preview,7a12fd0f,2abb4b23,Merge branch 'the-moliver-patch-1',2
2152,Keras 1.0 preview,7a12fd0f,0d6c55d5,Style touch-ups,2
2152,Keras 1.0 preview,7a12fd0f,45e444cc,Code style fixes,2
2152,Keras 1.0 preview,7a12fd0f,5d1976c4,Update IMDB example,2
2152,Keras 1.0 preview,7a12fd0f,3995b18f,Merge branch 'mask_value' of https://github.com/wxs/keras into wxs-mask_value,2
2152,Keras 1.0 preview,7a12fd0f,90c4edef,Merge branch 'mask_value' of https://github.com/wxs/keras into wxs-mask_value,2
2152,Keras 1.0 preview,7a12fd0f,7fafc8ec,Merge branch 'master' of https://github.com/fchollet/keras,2
2152,Keras 1.0 preview,7a12fd0f,91aa190c,Merge branch 'transcranial-RNN-MUT',2
2152,Keras 1.0 preview,7a12fd0f,4e19cd29,Merge branch 'amitbeka-get_from_module_unicode_fix',2
2152,Keras 1.0 preview,7a12fd0f,1d02231a,Merge branch 'get_from_module_unicode_fix' of https://github.com/amitbeka/keras into amitbeka-get_from_module_unicode_fix,2
2152,Keras 1.0 preview,7a12fd0f,6d82ba75,Merge branch 'wxs-remove-time-distributed-softmax',2
2152,Keras 1.0 preview,7a12fd0f,135dccfe,Coding style,2
2152,Keras 1.0 preview,7a12fd0f,4c5f8e36,merge,2
2152,Keras 1.0 preview,7a12fd0f,515c430f,Merge autoencoder fix,2
2152,Keras 1.0 preview,7a12fd0f,8a2ae93b,Improve autoencoder check,2
2152,Keras 1.0 preview,7a12fd0f,a9f94c94,Revert loss weighting,2
2152,Keras 1.0 preview,7a12fd0f,15536971,Update gitignore,2
2152,Keras 1.0 preview,7a12fd0f,3dd4b2e8,Rename test folder,2
2152,Keras 1.0 preview,7a12fd0f,a1912b07,Rename lossweights test,2
2152,Keras 1.0 preview,7a12fd0f,f8ee81d8,Revert loss weighting,2
2152,Keras 1.0 preview,7a12fd0f,384634d3,Update gitignore,2
2152,Keras 1.0 preview,7a12fd0f,dd82a394,Rename test folder,2
2152,Keras 1.0 preview,7a12fd0f,9763f811,Rename lossweights test,2
2152,Keras 1.0 preview,7a12fd0f,5a1a00e6,Add RemoteMonitor callback,2
2152,Keras 1.0 preview,7a12fd0f,97f23268,Refactor test_lossweights into unit test,2
2152,Keras 1.0 preview,7a12fd0f,fd5b68db,Fix Python3 issue with class_weight,2
2152,Keras 1.0 preview,7a12fd0f,ac0a9db0,Merge,2
2152,Keras 1.0 preview,7a12fd0f,1d586440,Rewrite class_weight and sample_weight tests,2
2152,Keras 1.0 preview,7a12fd0f,b44ecab2,Make RNG deterministic when seeded through numpy,2
2152,Keras 1.0 preview,7a12fd0f,34cbc1d4,Merge branch 'instance_weight' of https://github.com/tdhd/keras into tdhd-instance_weight,2
2152,Keras 1.0 preview,7a12fd0f,0e6fd3d3,Update callbacks documentation,2
2152,Keras 1.0 preview,7a12fd0f,ccbe381d,Add early stopping,2
2152,Keras 1.0 preview,7a12fd0f,1f224de9,Fix callbacks doc,2
2152,Keras 1.0 preview,7a12fd0f,e23e86ae,"Improve examples, add new MNIST CNN example",2
2152,Keras 1.0 preview,7a12fd0f,06f22db6,Up the batch size in MNIST example,2
2152,Keras 1.0 preview,7a12fd0f,d5502324,Merge branch 'master' of https://github.com/fchollet/keras,2
2152,Keras 1.0 preview,7a12fd0f,6329378c,Make pre-padding the default in sequence tensors,2
2152,Keras 1.0 preview,7a12fd0f,702e9d3b,Merge branch 'master' of https://github.com/fchollet/keras,2
2152,Keras 1.0 preview,7a12fd0f,1857a6af,Improve LSTM text generation example,2
2152,Keras 1.0 preview,7a12fd0f,872a9faf,Fix printing for Python2 in LSTM example,2
2152,Keras 1.0 preview,7a12fd0f,d2b229df,Add LSTM text generation example,2
2152,Keras 1.0 preview,7a12fd0f,bf4822f6,Fix autoencoder issue,2
2152,Keras 1.0 preview,7a12fd0f,ce209553,Update setup.py,2
2152,Keras 1.0 preview,7a12fd0f,fabfdb86,Remove long_description from setup.py,2
2152,Keras 1.0 preview,7a12fd0f,b82ab804,Update setup.py and setup.cfg for pypi release,2
2152,Keras 1.0 preview,7a12fd0f,eda2970b,Fix Reuters example,2
2152,Keras 1.0 preview,7a12fd0f,a7936ffc,Remove activation targets from documentation,2
2152,Keras 1.0 preview,7a12fd0f,dc2ad011,Merge branch 'pranv-master',2
2152,Keras 1.0 preview,7a12fd0f,ba45a6eb,Add Convolution1D and MaxPooling1D,2
2152,Keras 1.0 preview,7a12fd0f,734ba38e,Merge branch 'master' of https://github.com/pranv/keras into pranv-master,2
2152,Keras 1.0 preview,7a12fd0f,14cc628b,Merge branch 'master' of https://github.com/fchollet/keras,2
2152,Keras 1.0 preview,7a12fd0f,08562666,Fix redundant callbacks issue,2
2152,Keras 1.0 preview,7a12fd0f,cd3a0359,Merge branch 'master' of https://github.com/fchollet/keras,2
2152,Keras 1.0 preview,7a12fd0f,ee179f7d,Fix conflicts with AutoEncoder,2
2152,Keras 1.0 preview,7a12fd0f,a44d5a7d,Merge branch 'tdhd-model_checkpoints',2
2152,Keras 1.0 preview,7a12fd0f,01682915,API style changes in ModelCheckpoint callback,2
2152,Keras 1.0 preview,7a12fd0f,2fd77073,Merge branch 'model_checkpoints' of https://github.com/tdhd/keras into tdhd-model_checkpoints,2
2152,Keras 1.0 preview,7a12fd0f,6892a20a,Add prompt for file overwriting in save_weights,2
2152,Keras 1.0 preview,7a12fd0f,a96ac71a,Merge branch 'master' of https://github.com/fchollet/keras,2
2152,Keras 1.0 preview,7a12fd0f,a32b7ef0,Cleanup models import,2
2152,Keras 1.0 preview,7a12fd0f,2084c160,Refactor models.Sequential,2
2152,Keras 1.0 preview,7a12fd0f,8c1fe919,Fix constraints tests,2
2152,Keras 1.0 preview,7a12fd0f,188ea6d8,Merge branch 'jramapuram-autoencoders',2
2152,Keras 1.0 preview,7a12fd0f,2ee57938,"Autoencoder: Py3 compatibility, style",2
2152,Keras 1.0 preview,7a12fd0f,751cfc11,Merge branch 'autoencoders' of https://github.com/jramapuram/keras into jramapuram-autoencoders,2
2152,Keras 1.0 preview,7a12fd0f,93c62cd6,Merge branch 'master' of https://github.com/fchollet/keras,2
2152,Keras 1.0 preview,7a12fd0f,8606aec9,Fix verbose mode in .fit(),2
2152,Keras 1.0 preview,7a12fd0f,54b999e6,Update callback system,2
2152,Keras 1.0 preview,7a12fd0f,1d61d18b,Update docs for callbacks,2
2152,Keras 1.0 preview,7a12fd0f,4f995845,Remove History callback (redundant),2
2152,Keras 1.0 preview,7a12fd0f,39a69b3f,Update documentation for CIFAR datasets.,2
2152,Keras 1.0 preview,7a12fd0f,28113b20,Add CIFAR100 dataset,2
2152,Keras 1.0 preview,7a12fd0f,b5c1ccab,Fix conflicts,2
2152,Keras 1.0 preview,7a12fd0f,5e49367e,Python 3 compatibility for callbacks,2
2152,Keras 1.0 preview,7a12fd0f,3d51788e,Merge branch 'tristandeleu-master',2
2152,Keras 1.0 preview,7a12fd0f,49603c15,Update callback system,2
2152,Keras 1.0 preview,7a12fd0f,5caea2a5,Merge branch 'master' of https://github.com/tristandeleu/keras into tristandeleu-master,2
2152,Keras 1.0 preview,7a12fd0f,b2dc2921,Small doc fix,2
2152,Keras 1.0 preview,7a12fd0f,31fbf7f2,Merge branch 'master' of https://github.com/fchollet/keras,2
2152,Keras 1.0 preview,7a12fd0f,994260e3,Update setup.py and installation instructions,2
2152,Keras 1.0 preview,7a12fd0f,5e2b9358,Fix issue in Theano scan for recurrent layers,2
2152,Keras 1.0 preview,7a12fd0f,b5fb00d7,Merge branch 'master' of https://github.com/fchollet/keras,2
2152,Keras 1.0 preview,7a12fd0f,437f85d5,Update README,2
2152,Keras 1.0 preview,7a12fd0f,c1cf2065,Allow for Merge as a final layer,2
2152,Keras 1.0 preview,7a12fd0f,6667ab75,Merge branch 'stephenroller-master',2
2152,Keras 1.0 preview,7a12fd0f,3a97b186,Merge branch 'master' of https://github.com/stephenroller/keras into stephenroller-master,2
2152,Keras 1.0 preview,7a12fd0f,ff3d0624,Validation data batching in .fit(),2
2152,Keras 1.0 preview,7a12fd0f,abedfa8a,Fix clipnorm,2
2152,Keras 1.0 preview,7a12fd0f,482bf236,Add documentation for Merge layer,2
2152,Keras 1.0 preview,7a12fd0f,e82ab0ca,Add support for model merging,2
2152,Keras 1.0 preview,7a12fd0f,c8a104b8,Fix shuffle=False in .fit(),2
2152,Keras 1.0 preview,7a12fd0f,f596d7a5,Fix Readme,2
2152,Keras 1.0 preview,7a12fd0f,12318cf4,Update model documentation with recent changes,2
2152,Keras 1.0 preview,7a12fd0f,3108e919,Use running estimates in BatchNormalization,2
2152,Keras 1.0 preview,7a12fd0f,b763f896,Improve Otto example,2
2152,Keras 1.0 preview,7a12fd0f,43bfeb0a,Merge branch 'master' of https://github.com/fchollet/keras,2
2152,Keras 1.0 preview,7a12fd0f,9a45500d,Fix init in SimpleDeepRNN,2
2152,Keras 1.0 preview,7a12fd0f,9390d630,model.fit() return training history,2
2152,Keras 1.0 preview,7a12fd0f,376373d1,Merge branch 'master' of https://github.com/fchollet/keras,2
2152,Keras 1.0 preview,7a12fd0f,be1ec8ae,Layer API refactor,2
2152,Keras 1.0 preview,7a12fd0f,03fa4180,Update skipgram embedding example,2
2152,Keras 1.0 preview,7a12fd0f,18374589,Update README.md,2
2152,Keras 1.0 preview,7a12fd0f,e97b873d,Update documentation,2
2152,Keras 1.0 preview,7a12fd0f,122baad7,Merge branch 'master' of https://github.com/fchollet/keras,2
2152,Keras 1.0 preview,7a12fd0f,31ea0186,Allow to start model with dim-agnostic layer,2
2152,Keras 1.0 preview,7a12fd0f,938f96b6,Eye candy,2
2152,Keras 1.0 preview,7a12fd0f,ea92046a,Check on regularizers/constraints list length,2
2152,Keras 1.0 preview,7a12fd0f,6fc8660a,Finalize optimizer fixes,2
2152,Keras 1.0 preview,7a12fd0f,33b7be70,merge,2
2152,Keras 1.0 preview,7a12fd0f,3b2acf76,Fix constraints and regularizers,2
2152,Keras 1.0 preview,7a12fd0f,3653f906,Revert constraints / regularizers,2
2152,Keras 1.0 preview,7a12fd0f,426ea154,Merge branch 'master' of https://github.com/fchollet/keras,2
2152,Keras 1.0 preview,7a12fd0f,361fd41f,Merge branch 'the-moliver-regu',2
2152,Keras 1.0 preview,7a12fd0f,050fd970,Fix MNIST example,2
2152,Keras 1.0 preview,7a12fd0f,23f2d4f0,Add new pages to doc index,2
2152,Keras 1.0 preview,7a12fd0f,83c6e73d,Fix layer config saving for Dropout,2
2152,Keras 1.0 preview,7a12fd0f,e828a3f6,Merge branch 'regu' of https://github.com/the-moliver/keras into the-moliver-regu,2
2152,Keras 1.0 preview,7a12fd0f,868770a3,Merge pull request #92 from seiteta/patch-1,2
2152,Keras 1.0 preview,7a12fd0f,a17599ea,Fix local building of doc,2
2152,Keras 1.0 preview,7a12fd0f,083bf1c7,Fix image preprocessing normalization,2
2152,Keras 1.0 preview,7a12fd0f,54691f9b,"Add modes to BatchNormalization, fix BN issues",2
2152,Keras 1.0 preview,7a12fd0f,eb7cf737,Fix Reuters example,2
2152,Keras 1.0 preview,7a12fd0f,c53c15db,Fix Reuters example,2
2152,Keras 1.0 preview,7a12fd0f,b0cbed3f,Set default init to glorot_uniform,2
2152,Keras 1.0 preview,7a12fd0f,d8ddaffb,Update dependencies.,2
2152,Keras 1.0 preview,7a12fd0f,69b69e40,Add documentation for save and load functions.,2
2152,Keras 1.0 preview,7a12fd0f,05e86aee,Merge pull request #83 from mizdler/master,2
2152,Keras 1.0 preview,7a12fd0f,aa57cce3,Merge pull request #78 from jfsantos/master,2
2152,Keras 1.0 preview,7a12fd0f,28f6e8ae,Merge pull request #76 from jfsantos/master,2
2152,Keras 1.0 preview,7a12fd0f,22012fde,Fix Otto example,2
2152,Keras 1.0 preview,7a12fd0f,73bb2246,Correct Otto example comments,2
2152,Keras 1.0 preview,7a12fd0f,6e3ec8ef,Add Kaggle Otto example,2
2152,Keras 1.0 preview,7a12fd0f,42756a01,Add Python version compatibility notice,2
2152,Keras 1.0 preview,7a12fd0f,c83e6e62,Merge branch 'master' of https://github.com/fchollet/keras,2
2152,Keras 1.0 preview,7a12fd0f,5d032cbf,Fix sequence to matrix vectorization,2
2152,Keras 1.0 preview,7a12fd0f,26a60ed8,Merge pull request #72 from skrypka/master,2
2152,Keras 1.0 preview,7a12fd0f,52251f52,"Improve word embedding example, py3 compatibility",2
2152,Keras 1.0 preview,7a12fd0f,63855b96,Update README.md,2
2152,Keras 1.0 preview,7a12fd0f,f143fac5,Fix progress bar display,2
2152,Keras 1.0 preview,7a12fd0f,43206aeb,Fix py3 compatibility in preprocessing.text,2
2152,Keras 1.0 preview,7a12fd0f,d1330809,Merge pull request #66 from untom/ipythoncompat,2
2152,Keras 1.0 preview,7a12fd0f,66a8f4d8,Merge pull request #65 from jfsantos/master,2
2152,Keras 1.0 preview,7a12fd0f,e074a049,Add .get_config in layers and .describe in models,2
2152,Keras 1.0 preview,7a12fd0f,8f6cb7c9,Merge pull request #64 from untom/py3compat,2
2152,Keras 1.0 preview,7a12fd0f,de27afbb,Merge pull request #63 from jfsantos/save_model,2
2152,Keras 1.0 preview,7a12fd0f,df4d3705,Merge pull request #62 from jfsantos/master,2
2152,Keras 1.0 preview,7a12fd0f,4bb90a5b,Remove useless code,2
2152,Keras 1.0 preview,7a12fd0f,c2244821,Move verbosity modes to progbar. Cleaner models.py,2
2152,Keras 1.0 preview,7a12fd0f,bdc1de1a,Merge pull request #58 from the-moliver/dev,2
2152,Keras 1.0 preview,7a12fd0f,5da6fb21,Merge pull request #57 from capybaralet/fchollet_master,2
2152,Keras 1.0 preview,7a12fd0f,52bcd448,Add new initializations.,2
2152,Keras 1.0 preview,7a12fd0f,7e880c93,Update models documentation.,2
2152,Keras 1.0 preview,7a12fd0f,07163509,Add documentation for models,2
2152,Keras 1.0 preview,7a12fd0f,731f0ab4,Add simpler verbose mode to Sequential model,2
2152,Keras 1.0 preview,7a12fd0f,5f25e220,Fix cifar10 example,2
2152,Keras 1.0 preview,7a12fd0f,cb02df95,"Modernize io_utils, move save_array, load_array",2
2152,Keras 1.0 preview,7a12fd0f,976c7752,Merge branch 'master' of https://github.com/fchollet/keras,2
2152,Keras 1.0 preview,7a12fd0f,1629f7f3,Make codebase Python 2.7-3.4 compatible,2
2152,Keras 1.0 preview,7a12fd0f,46d18f17,Add mailing list link in doc,2
2152,Keras 1.0 preview,7a12fd0f,e9b32743,Merge pull request #49 from jfsantos/master,2
2152,Keras 1.0 preview,7a12fd0f,03580431,Merge pull request #48 from jfsantos/master,2
2152,Keras 1.0 preview,7a12fd0f,616537f3,"Add accuracy monitoring, verbose eval/predict",2
2152,Keras 1.0 preview,7a12fd0f,eda1232f,Use Adam optimizer with LSTM example (much better),2
2152,Keras 1.0 preview,7a12fd0f,2662d81a,Fix Adam to match the original paper,2
2152,Keras 1.0 preview,7a12fd0f,9f595fe7,Add Adam optimizer.,2
2152,Keras 1.0 preview,7a12fd0f,e16891e5,Remove normalize reference in embeddings,2
2152,Keras 1.0 preview,7a12fd0f,c7dcd4b7,Add documentation for embeddings,2
2152,Keras 1.0 preview,7a12fd0f,b7a5d4de,Fix word embedding example,2
2152,Keras 1.0 preview,7a12fd0f,81bdb74e,Add skipgram word embedding example,2
2152,Keras 1.0 preview,7a12fd0f,8a7119d1,Documentation improvements,2
2152,Keras 1.0 preview,7a12fd0f,d7904013,"Update doc, README.md. Doc is online at keras.io.",2
2152,Keras 1.0 preview,7a12fd0f,f561a43e,Improve documentation,2
2152,Keras 1.0 preview,7a12fd0f,3c62529b,Improve documentation,2
2152,Keras 1.0 preview,7a12fd0f,c61c4ed8,Fix sequence.py encoding,2
2152,Keras 1.0 preview,7a12fd0f,0b96fc28,"Create ""embeddings"" layer category.",2
2152,Keras 1.0 preview,7a12fd0f,6b3e4448,Add documentation for image & text preprocessing.,2
2152,Keras 1.0 preview,7a12fd0f,0af6b6c7,Add documentation for sequence preprocessing.,2
2152,Keras 1.0 preview,7a12fd0f,0b5848e2,Small doc fixes.,2
2152,Keras 1.0 preview,7a12fd0f,4bb07c1a,Merge branch 'master' of https://github.com/fchollet/keras,2
2152,Keras 1.0 preview,7a12fd0f,23c52fe2,Merge pull request #42 from charlesollion/time_distributed_dense,2
2152,Keras 1.0 preview,7a12fd0f,2ee05d40,Merge pull request #43 from untom/xavierinit,2
2152,Keras 1.0 preview,7a12fd0f,9c5f0844,Documentation update,2
2152,Keras 1.0 preview,7a12fd0f,cf1b6ffe,Update documentation.,2
2152,Keras 1.0 preview,7a12fd0f,6cd076a1,Standardize **kargs order in recurrent layers.,2
2152,Keras 1.0 preview,7a12fd0f,f953508b,Add documentation for recurrent layers.,2
2152,Keras 1.0 preview,7a12fd0f,8b2849bd,Add frequency sampling to skipgram. Warning: math.,2
2152,Keras 1.0 preview,7a12fd0f,25ad4000,Add documentation for core layers,2
2152,Keras 1.0 preview,7a12fd0f,f35d529f,Modify Flatten layer to automatically infer shape,2
2152,Keras 1.0 preview,7a12fd0f,463d8c98,Documentation fixes,2
2152,Keras 1.0 preview,7a12fd0f,b10a5637,Add skipgram utils to preprocessing.sequence,2
2152,Keras 1.0 preview,7a12fd0f,adb0b1db,Add documentation for initializations and datasets,2
2152,Keras 1.0 preview,7a12fd0f,7386dff5,Add support for generators in text preprocessing,2
2152,Keras 1.0 preview,7a12fd0f,746b5d17,Small datasets fixes,2
2152,Keras 1.0 preview,7a12fd0f,0eddec22,Add documentation for activations and objectives.,2
2152,Keras 1.0 preview,7a12fd0f,dc5482ae,Add documentation for optimizers,2
2152,Keras 1.0 preview,7a12fd0f,2264c13b,Add MkDocs documentation skeleton (spooky!).,2
2152,Keras 1.0 preview,7a12fd0f,1711d37b,Add 'normalize' (for numpy arrays) to np_utils,2
2152,Keras 1.0 preview,7a12fd0f,f6cd4c83,Fix generic import exception message,2
2152,Keras 1.0 preview,7a12fd0f,ef7f89ec,Add 'zero' initialization,2
2152,Keras 1.0 preview,7a12fd0f,df3f11c6,Merge pull request #35 from patyork/batch_fix2,2
2152,Keras 1.0 preview,7a12fd0f,0449da29,Merge pull request #34 from patyork/batch_fix,2
2152,Keras 1.0 preview,7a12fd0f,466f6737,Merge pull request #33 from patyork/time_distributed_softmax,2
2152,Keras 1.0 preview,7a12fd0f,4ef999ff,Merge branch 'master' of https://github.com/fchollet/keras,2
2152,Keras 1.0 preview,7a12fd0f,6819d38e,Better path for datasets,2
2152,Keras 1.0 preview,7a12fd0f,a37eacbf,Merge pull request #32 from charlesollion/ndim_generalization,2
2152,Keras 1.0 preview,7a12fd0f,bf43f611,Update Reuters dataset,2
2152,Keras 1.0 preview,7a12fd0f,a0152cc8,Merge pull request #27 from nagadomi/learning_rate_decay,2
2152,Keras 1.0 preview,7a12fd0f,5f7fbc85,Merge pull request #20 from nagadomi/shuffle,2
2152,Keras 1.0 preview,7a12fd0f,3a986bfd,Merge pull request #19 from fchollet/revert-13-master,2
2152,Keras 1.0 preview,7a12fd0f,42007f55,"Revert ""Improved setup.py""",2
2152,Keras 1.0 preview,7a12fd0f,31c39350,Merge branch 'master' of https://github.com/fchollet/keras,2
2152,Keras 1.0 preview,7a12fd0f,33530ce7,Minor commenting,2
2152,Keras 1.0 preview,7a12fd0f,2c4d23a6,Merge pull request #13 from mbatchkarov/master,2
2152,Keras 1.0 preview,7a12fd0f,33d82a41,Fix input shape of recurrent layers,2
2152,Keras 1.0 preview,7a12fd0f,abd01d11,Fix categorical xentropy when preds are not probas,2
2152,Keras 1.0 preview,7a12fd0f,2219704a,Fix typos.,2
2152,Keras 1.0 preview,7a12fd0f,610cebd2,Merge pull request #9 from nagadomi/fix_inf,2
2152,Keras 1.0 preview,7a12fd0f,f0deb909,Update install instructions in README.md,2
2152,Keras 1.0 preview,7a12fd0f,c589c524,Fix missing data folder case in data_utils,2
2152,Keras 1.0 preview,7a12fd0f,6b8dce47,Merge branch 'master' of https://github.com/fchollet/keras,2
2152,Keras 1.0 preview,7a12fd0f,824ceb93,Update gitignore,2
2152,Keras 1.0 preview,7a12fd0f,e5844dea,Package code & add setup.py,2
2152,Keras 1.0 preview,7a12fd0f,f8854174,Merge pull request #6 from vinhkhuc/master,2
2152,Keras 1.0 preview,7a12fd0f,2379f276,Merge branch 'master' of https://github.com/fchollet/keras,2
2152,Keras 1.0 preview,7a12fd0f,b365fe45,Fix preprocessing.text.Tokenizer,2
2152,Keras 1.0 preview,7a12fd0f,9da5a0c6,Merge pull request #5 from nagadomi/fix_untar,2
2152,Keras 1.0 preview,7a12fd0f,9193cc87,Merge pull request #2 from cosmith/patch-1,2
2152,Keras 1.0 preview,7a12fd0f,300aaff6,Merge pull request #1 from vasili-zolotov/master,2
2152,Keras 1.0 preview,7a12fd0f,1f0bd8ca,Initial commit,2
2152,Keras 1.0 preview,1e717326,4da8c814,Reduce test flakiness,2
2152,Keras 1.0 preview,1e717326,07e0c2f7,Add 'why use keras' page to the docs,2
2152,Keras 1.0 preview,1e717326,5665b4d4,Fix custom loss class output_shape check,2
2152,Keras 1.0 preview,1e717326,e0d9fcb9,Change ifelse import in Theano backend for compatibility with Theano 1.0.0,2
2152,Keras 1.0 preview,1e717326,4edd0379,Change style of first example in README,2
2152,Keras 1.0 preview,1e717326,5b3cf890,Update keras logo,2
2152,Keras 1.0 preview,1e717326,cf2623b1,Update keras logo,2
2152,Keras 1.0 preview,1e717326,abcd7dba,Fix CNTK wrappers tests.,2
2152,Keras 1.0 preview,1e717326,a8a59c71,Add test for CuDNN RNNs + Bidirectional,2
2152,Keras 1.0 preview,1e717326,3292aa5a,Fix RNN layers dynamic `trainable` attr,2
2152,Keras 1.0 preview,1e717326,b1d298a1,Fix docs autogen script.,2
2152,Keras 1.0 preview,1e717326,cc3328a7,Small docs improvement.,2
2152,Keras 1.0 preview,1e717326,d3db58c8,Improve docs.,2
2152,Keras 1.0 preview,1e717326,b889a4d8,Style+consistency fix for target placeholders test,2
2152,Keras 1.0 preview,1e717326,cbecc6a2,Fix l2_normalize,2
2152,Keras 1.0 preview,1e717326,ddd8f470,Add default value for `l2_normalize`.,2
2152,Keras 1.0 preview,1e717326,46b691e3,Remove legacy axis handling in TF backend.,2
2152,Keras 1.0 preview,1e717326,720ed1ad,Update README.md,2
2152,Keras 1.0 preview,1e717326,43e418d1,Deflake TensorBoard callback tests.,2
2152,Keras 1.0 preview,1e717326,36e526ed,Update regularizers docs,2
2152,Keras 1.0 preview,1e717326,4b5984b8,Relax optimizer tests.,2
2152,Keras 1.0 preview,1e717326,9683998b,Fix PEP8 error.,2
2152,Keras 1.0 preview,1e717326,dab228bc,Docstring fixes.,2
2152,Keras 1.0 preview,1e717326,803e2869,Update a number of example scripts.,2
2152,Keras 1.0 preview,1e717326,e1a5fbf7,Fixes in conv layers.,2
2152,Keras 1.0 preview,1e717326,dc11aa99,Make utils importable by absolute path,2
2152,Keras 1.0 preview,1e717326,ca234069,Update 2 mnist examples,2
2152,Keras 1.0 preview,1e717326,a5a775b7,Merge branch 'master' of ssh://github.com/fchollet/keras,2
2152,Keras 1.0 preview,1e717326,9736056a,Fix issue in mnist siamese graph example.,2
2152,Keras 1.0 preview,1e717326,9ee0c8e6,Fix init dim_ordering in conv layers,2
2152,Keras 1.0 preview,1e717326,0ba2626b,Further style fixes,2
2152,Keras 1.0 preview,1e717326,c6eea03c,Style fixes in engine.,2
2152,Keras 1.0 preview,1e717326,9f33f8af,Add names to Keras application models,2
2152,Keras 1.0 preview,1e717326,57f2f110,count_params should report count for all weights.,2
2152,Keras 1.0 preview,1e717326,bf502be5,Merge branch 'master' of ssh://github.com/fchollet/keras,2
2152,Keras 1.0 preview,1e717326,dfeca151,Allow to set input shape in CV models.,2
2152,Keras 1.0 preview,1e717326,c0b32a9a,Remove reference to legacy Graph model in tests.,2
2152,Keras 1.0 preview,1e717326,703d5a12,Add dynamic trainability lightweight test,2
2152,Keras 1.0 preview,1e717326,c5cc96a4,Saner way to collect trainable weights,2
2152,Keras 1.0 preview,1e717326,de256cb5,Make sure ImageNet predictions are sorted,2
2152,Keras 1.0 preview,1e717326,ce814302,Remove support for legacy Graph model,2
2152,Keras 1.0 preview,1e717326,e52740f0,Add Gitter link to README,2
2152,Keras 1.0 preview,1e717326,5dd8c5c1,Padding style fixes.,2
2152,Keras 1.0 preview,1e717326,7df184d3,Style touch-ups,2
2152,Keras 1.0 preview,1e717326,e0d871b7,Restructure docs for Applications module,2
2152,Keras 1.0 preview,1e717326,04df170b,Merge branch 'master' of ssh://github.com/fchollet/keras,2
2152,Keras 1.0 preview,1e717326,5f58a6d2,"Support all backends, dim orderings for music CRNN",2
2152,Keras 1.0 preview,1e717326,fb6a2941,Fix typos,2
2152,Keras 1.0 preview,1e717326,ed131973,Fix music tagger application,2
2152,Keras 1.0 preview,1e717326,d5f1250a,Update imagenet prediction decoding utilities,2
2152,Keras 1.0 preview,1e717326,f2aa89f4,Freeze list of trainable weights at compile time,2
2152,Keras 1.0 preview,1e717326,13bd33e7,Merge branch 'master' of ssh://github.com/fchollet/keras,2
2152,Keras 1.0 preview,1e717326,b2e8d5ab,Add support for LR decay in all optimizers,2
2152,Keras 1.0 preview,1e717326,c939cebf,Theano rnn fix when input_dim = 1,2
2152,Keras 1.0 preview,1e717326,065fb2a7,Add global pooling layers,2
2152,Keras 1.0 preview,1e717326,02ff1d44,Fix style in example,2
2152,Keras 1.0 preview,1e717326,a4d191d4,Only write config file if it didn't exist,2
2152,Keras 1.0 preview,1e717326,28d9c0c5,Style fixes in example.,2
2152,Keras 1.0 preview,1e717326,d68c0bd7,Update optimizers docs,2
2152,Keras 1.0 preview,1e717326,c3d20bbc,Merge branch 'master' of ssh://github.com/fchollet/keras,2
2152,Keras 1.0 preview,1e717326,f9c03f18,Make trainable_weights dynamic,2
2152,Keras 1.0 preview,1e717326,09d75a43,Style fixes,2
2152,Keras 1.0 preview,1e717326,d971e0cc,Style fixes in SeparableConv2D,2
2152,Keras 1.0 preview,1e717326,b6a776b2,Add Sequential.pop() method,2
2152,Keras 1.0 preview,1e717326,ede79f81,Add MIT license badge to README,2
2152,Keras 1.0 preview,1e717326,229f13a8,Lambda should not support masking implicitly,2
2152,Keras 1.0 preview,1e717326,885e6e62,Style fix in test,2
2152,Keras 1.0 preview,1e717326,dc122c31,Fix masking test,2
2152,Keras 1.0 preview,1e717326,3bc80d3d,Remove unnecessary assert,2
2152,Keras 1.0 preview,1e717326,8f8e4574,Fix issue with Sequential deserialization,2
2152,Keras 1.0 preview,1e717326,c30432a6,Nadam optimizer style fixes,2
2152,Keras 1.0 preview,1e717326,604ea8d6,Fix PEP8 BS,2
2152,Keras 1.0 preview,1e717326,fd3cfb19,Allow no layer names in plot(),2
2152,Keras 1.0 preview,1e717326,b71f6ba8,Allow absence of labels in flow(),2
2152,Keras 1.0 preview,1e717326,dfc128b8,Fix some py3 generator issue,2
2152,Keras 1.0 preview,1e717326,34b8b57c,Update image preprocessing docs,2
2152,Keras 1.0 preview,1e717326,3bba409d,Improve docstring in preprocessing/image,2
2152,Keras 1.0 preview,1e717326,7869cdcc,Merge branch 'master' of ssh://github.com/fchollet/keras,2
2152,Keras 1.0 preview,1e717326,0e18e345,"Refactor ImageDataGenerator, add directory support",2
2152,Keras 1.0 preview,1e717326,e5b99c75,Tiny fixes in Sequential methods,2
2152,Keras 1.0 preview,1e717326,edbec2db,Remove bit of deprecated code,2
2152,Keras 1.0 preview,1e717326,973ece98,Make dim_ordering a global default,2
2152,Keras 1.0 preview,1e717326,91b93029,Make Merge output_shape consistent with lambda,2
2152,Keras 1.0 preview,1e717326,7b5bab83,Merge branch 'master' of ssh://github.com/fchollet/keras,2
2152,Keras 1.0 preview,1e717326,c5e2116e,Fix typo in doc,2
2152,Keras 1.0 preview,1e717326,198c5152,Simplify imports in README,2
2152,Keras 1.0 preview,1e717326,5156673e,Fix serialization issue with nested Sequential,2
2152,Keras 1.0 preview,1e717326,1529c9c4,Clarify error message,2
2152,Keras 1.0 preview,1e717326,32b10a88,Fix first axis dim validation in multi-input model,2
2152,Keras 1.0 preview,1e717326,24501d43,Fix ActivityReg layer,2
2152,Keras 1.0 preview,1e717326,bf0c08e2,Add FAQ entry about layer freezing,2
2152,Keras 1.0 preview,1e717326,b581eb3f,Update RMSprop,2
2152,Keras 1.0 preview,1e717326,973b5570,Style touch-up,2
2152,Keras 1.0 preview,1e717326,7cb41fc5,Fix weight saving issue,2
2152,Keras 1.0 preview,1e717326,1f170139,Misc fixes,2
2152,Keras 1.0 preview,1e717326,f18899cb,Merge branch 'master' of https://github.com/commaai/keras into commaai-master,2
2152,Keras 1.0 preview,1e717326,bfa5ca55,Fix docstring,2
2152,Keras 1.0 preview,1e717326,18841fa5,Fix build,2
2152,Keras 1.0 preview,1e717326,1f408487,Add new metrics and metrics tests,2
2152,Keras 1.0 preview,1e717326,00e9d5b2,Update regularizer tests,2
2152,Keras 1.0 preview,1e717326,7f937476,Remove outdated comment,2
2152,Keras 1.0 preview,1e717326,b1e47f77,Fix PEP8,2
2152,Keras 1.0 preview,1e717326,24f96262,Add additional input data validation check,2
2152,Keras 1.0 preview,1e717326,1904194c,Fix wrapper learning phase,2
2152,Keras 1.0 preview,1e717326,2cc9ebf2,Add set_learning_phase in TF backend.,2
2152,Keras 1.0 preview,1e717326,cb5d69c7,Fix case where output_shape in Merge is tuple,2
2152,Keras 1.0 preview,1e717326,d50f469c,Fix for invalid dropout values,2
2152,Keras 1.0 preview,1e717326,b587aeee,Remove badge from README,2
2152,Keras 1.0 preview,1e717326,f75f70a6,Update examples in documentation,2
2152,Keras 1.0 preview,1e717326,e3c31aa7,Merge branch 'master' of ssh://github.com/fchollet/keras,2
2152,Keras 1.0 preview,1e717326,ef1e9595,Update visualize_util,2
2152,Keras 1.0 preview,1e717326,bde45eff,"Split model tests, fix create_output graph bug",2
2152,Keras 1.0 preview,1e717326,8ba647c1,Fix PEP8,2
2152,Keras 1.0 preview,1e717326,a86057d9,Improve error messages in TF backend.,2
2152,Keras 1.0 preview,1e717326,1ebeff8e,Move data_utils to utils.data_utils.,2
2152,Keras 1.0 preview,1e717326,4ec84541,Fixes in imagedatagenerator,2
2152,Keras 1.0 preview,1e717326,763a2a95,"Style and dosctring fixes, sklearn wrapper.",2
2152,Keras 1.0 preview,1e717326,37996605,Update pool module import for Theano,2
2152,Keras 1.0 preview,1e717326,58ca064f,Use MSE in stateful example.,2
2152,Keras 1.0 preview,1e717326,654404c2,Add a few explanatory comments in recurrent.py,2
2152,Keras 1.0 preview,1e717326,7896ef71,Style standardization,2
2152,Keras 1.0 preview,1e717326,d4e96964,Merge branch 'master' of ssh://github.com/fchollet/keras,2
2152,Keras 1.0 preview,1e717326,4cff0623,Update documentation.,2
2152,Keras 1.0 preview,1e717326,0ec57f28,Fix fit_generator docstring,2
2152,Keras 1.0 preview,1e717326,860e4e91,Various fixes in evaluate_generator/fit_generator.,2
2152,Keras 1.0 preview,1e717326,f27c5b05,merge conflict,2
2152,Keras 1.0 preview,1e717326,523e24e8,Simplify Theano RNN when no mask is passed,2
2152,Keras 1.0 preview,1e717326,a07efd4b,Update examples in doc,2
2152,Keras 1.0 preview,1e717326,0ca4a0fb,Add binary classification example in doc,2
2152,Keras 1.0 preview,1e717326,3d85402c,Fix various typos,2
2152,Keras 1.0 preview,1e717326,9720db95,Fix typo,2
2152,Keras 1.0 preview,1e717326,c5d11f1d,Fix AutoEncoder; cleaner API.,2
2152,Keras 1.0 preview,1e717326,92b1948d,Fix typo,2
2152,Keras 1.0 preview,1e717326,2e90ae18,Update Theano install instructions,2
2152,Keras 1.0 preview,1e717326,ed1297b3,Update Theano install instructions,2
2152,Keras 1.0 preview,1e717326,d0014086,Fix conv2d mode in doc examples,2
2152,Keras 1.0 preview,1e717326,ced84d53,Fix example docstring,2
2152,Keras 1.0 preview,1e717326,d0b98a2c,Antirectifier example style fixes,2
2152,Keras 1.0 preview,1e717326,09d91fcc,Add antirectifier example,2
2152,Keras 1.0 preview,1e717326,c8176fd3,Update FAQ in documentation,2
2152,Keras 1.0 preview,1e717326,d870e45e,Fix flaky test,2
2152,Keras 1.0 preview,1e717326,6ec1f7a4,Fix callback tests,2
2152,Keras 1.0 preview,1e717326,e34f9e6d,Add tests for callbacks,2
2152,Keras 1.0 preview,1e717326,8d3b8ff6,Improve callback functionality,2
2152,Keras 1.0 preview,1e717326,71952f29,Remove make_reuters_dataset,2
2152,Keras 1.0 preview,1e717326,febf9b21,Fix output caching.,2
2152,Keras 1.0 preview,1e717326,e8e8f762,Introduce layer output caching.,2
2152,Keras 1.0 preview,1e717326,de8e009e,Merge branch 'mynameisfiber-master',2
2152,Keras 1.0 preview,1e717326,23afa3f3,RNN unit tests touch-ups,2
2152,Keras 1.0 preview,1e717326,b7db4486,Merge branch 'master' of https://github.com/mynameisfiber/keras into mynameisfiber-master,2
2152,Keras 1.0 preview,1e717326,59406a71,Update callbacks documentation,2
2152,Keras 1.0 preview,1e717326,7da15230,Replace unittest with pytest,2
2152,Keras 1.0 preview,1e717326,31cf6b16,Fix Adadelta serialization,2
2152,Keras 1.0 preview,1e717326,3ce1883a,Update documentation,2
2152,Keras 1.0 preview,1e717326,93718562,One more attempt at fixing indeterminism on Travis,2
2152,Keras 1.0 preview,1e717326,5fe40861,New attempt at fixing test indeterminism,2
2152,Keras 1.0 preview,1e717326,182e84d0,Attempt to reduce indeterminism in tests,2
2152,Keras 1.0 preview,1e717326,2c30d503,Fix sample weights generation for validation data,2
2152,Keras 1.0 preview,1e717326,7a86ff7f,Fixes in loss weighting with validation data,2
2152,Keras 1.0 preview,1e717326,3c4f0ac6,"Revert ""Fix sample_weight and class_weight in validation""",2
2152,Keras 1.0 preview,1e717326,9773e810,Fix sample_weight and class_weight in validation,2
2152,Keras 1.0 preview,1e717326,484039d2,Merge branch 'conv_same_with_cudnn' of https://github.com/entron/keras into entron-conv_same_with_cudnn,2
2152,Keras 1.0 preview,1e717326,a7014350,Merge branch 'time-distributed-class-weights',2
2152,Keras 1.0 preview,1e717326,24bf8488,Merge branch 'time-distributed-class-weights' of https://github.com/wxs/keras into time-distributed-class-weights,2
2152,Keras 1.0 preview,1e717326,bad60eed,Merge branch 'wxs-fix-weight-mask-interaction',2
2152,Keras 1.0 preview,1e717326,21f0bfa2,Fix loss masking test,2
2152,Keras 1.0 preview,1e717326,6ef6128b,Merge branch 'fix-weight-mask-interaction' of https://github.com/wxs/keras into wxs-fix-weight-mask-interaction,2
2152,Keras 1.0 preview,1e717326,34999c86,Fix Poisson loss when target = 0,2
2152,Keras 1.0 preview,1e717326,f66b58bb,Merge branch 'master' of https://github.com/fchollet/keras,2
2152,Keras 1.0 preview,1e717326,6cd8d3c3,Fix optimizer serialization,2
2152,Keras 1.0 preview,1e717326,aa21a15b,Merge branch 'EderSantana-master',2
2152,Keras 1.0 preview,1e717326,93624e10,Fix graph container,2
2152,Keras 1.0 preview,1e717326,d9579e1c,Learning rate scheduling touch-ups,2
2152,Keras 1.0 preview,1e717326,5af36525,Merge branch 'master' of https://github.com/EderSantana/keras into EderSantana-master,2
2152,Keras 1.0 preview,1e717326,eb11ad77,Merge branch 'master' of https://github.com/fchollet/keras,2
2152,Keras 1.0 preview,1e717326,ff197781,Multi-io get_input / get_ouput in graph container,2
2152,Keras 1.0 preview,1e717326,af84a687,Remove irrelevant code in convolutional,2
2152,Keras 1.0 preview,1e717326,a478930d,"Add weight loading to PReLU, ParametricSoftPlus",2
2152,Keras 1.0 preview,1e717326,78feed7f,Fix autoencoder serialization,2
2152,Keras 1.0 preview,1e717326,818f5d7d,Merge branch 'master' of https://github.com/fchollet/keras,2
2152,Keras 1.0 preview,1e717326,23b1d792,Merge branch 'Smerity-master',2
2152,Keras 1.0 preview,1e717326,d5455154,Touch-ups to addition RNN example,2
2152,Keras 1.0 preview,1e717326,97174dd2,Fix batch normalization as first layer,2
2152,Keras 1.0 preview,1e717326,3dd6dbe5,Merge branch 'master' of https://github.com/fchollet/keras,2
2152,Keras 1.0 preview,1e717326,4de2b588,Fix graph model,2
2152,Keras 1.0 preview,1e717326,a02ccc2a,Change API of ZeroPadding2D,2
2152,Keras 1.0 preview,1e717326,f4947578,Merge branch 'anayebi-master',2
2152,Keras 1.0 preview,1e717326,965a8cae,"Convolution layers: style cleanup, code re-org",2
2152,Keras 1.0 preview,1e717326,c61616ab,Merge branch 'master' of https://github.com/anayebi/keras into anayebi-master,2
2152,Keras 1.0 preview,1e717326,ca758bef,Fix RepeatVector in captioning example,2
2152,Keras 1.0 preview,1e717326,a1161885,Fix text preprocessing,2
2152,Keras 1.0 preview,1e717326,f7d4a1e4,Merge branch 'master' of https://github.com/fchollet/keras,2
2152,Keras 1.0 preview,1e717326,7115efc3,Remove optional loss masking (now automatic),2
2152,Keras 1.0 preview,1e717326,a6aa7940,Fix history in graph model.,2
2152,Keras 1.0 preview,1e717326,ae4219e6,Fix loss masking tests,2
2152,Keras 1.0 preview,1e717326,b3cb7f4e,Merge branch 'master' of https://github.com/EderSantana/keras into EderSantana-master,2
2152,Keras 1.0 preview,1e717326,eac3bf8b,Extend layer API to multi inputs / ouputs,2
2152,Keras 1.0 preview,1e717326,425f2903,Add create_output option in Graph model,2
2152,Keras 1.0 preview,1e717326,1b66e36e,Merge branch 'master' of https://github.com/fchollet/keras,2
2152,Keras 1.0 preview,1e717326,b0576247,Add border_mode = same to Convolution1D,2
2152,Keras 1.0 preview,1e717326,9e7f67b6,Fix typo,2
2152,Keras 1.0 preview,1e717326,c81d6ec9,Fix batch normalization,2
2152,Keras 1.0 preview,1e717326,0eea5055,Use readthedocs theme in dev doc version,2
2152,Keras 1.0 preview,1e717326,e1d8b1ba,Update MaxPooling1D documentation.,2
2152,Keras 1.0 preview,1e717326,616fcbaa,Merge branch 'nehz-MaxPooling1D-fix' of https://github.com/nehz/keras into nehz-nehz-MaxPooling1D-fix,2
2152,Keras 1.0 preview,1e717326,37965cae,Style touch-ups in babi example,2
2152,Keras 1.0 preview,1e717326,4ecb5bdd,Fix Hualos callback,2
2152,Keras 1.0 preview,1e717326,1e3d9f7b,Fix Hualos callback,2
2152,Keras 1.0 preview,1e717326,15a3a1f1,"Randomness seeding, small fixes",2
2152,Keras 1.0 preview,1e717326,48381f8a,Masking layer touch-ups,2
2152,Keras 1.0 preview,1e717326,3212cd4c,Merge branch 'masking-layer' of https://github.com/amitbeka/keras into amitbeka-masking-layer,2
2152,Keras 1.0 preview,1e717326,6a1ede1a,Merge branch 'master' of https://github.com/fchollet/keras,2
2152,Keras 1.0 preview,1e717326,b64217cd,Small style fixes,2
2152,Keras 1.0 preview,1e717326,275f4166,Merge branch 'master' of https://github.com/fchollet/keras,2
2152,Keras 1.0 preview,1e717326,8675fc52,Update core layers documentation,2
2152,Keras 1.0 preview,1e717326,a4def208,Fix serialization,2
2152,Keras 1.0 preview,1e717326,f1d60121,Fix optimizers test,2
2152,Keras 1.0 preview,1e717326,06610325,Merge branch 'master' of https://github.com/kenterao/keras into kenterao-master,2
2152,Keras 1.0 preview,1e717326,4f6b1a4d,Add optimizers tests,2
2152,Keras 1.0 preview,1e717326,0e295dbd,Merge branch 'master' of https://github.com/fchollet/keras,2
2152,Keras 1.0 preview,1e717326,7c3bf9d0,Add dataset tests,2
2152,Keras 1.0 preview,1e717326,e06f9df8,Refactor model serialization,2
2152,Keras 1.0 preview,1e717326,b6aaeb35,Fix embedding test,2
2152,Keras 1.0 preview,1e717326,d1387c1e,Move model_utils to layer_utils,2
2152,Keras 1.0 preview,1e717326,3a28da9e,Cleanup/fix model_utils,2
2152,Keras 1.0 preview,1e717326,32fd2028,Merge branch 'print_layer_shapes' of https://github.com/julienr/keras into julienr-print_layer_shapes,2
2152,Keras 1.0 preview,1e717326,e975f8a6,Remove deprecated methods,2
2152,Keras 1.0 preview,1e717326,a08bf38e,Extend loss weighting tests,2
2152,Keras 1.0 preview,1e717326,6289de37,Fix & extend loss weighting,2
2152,Keras 1.0 preview,1e717326,8a99d6e4,Merge branch 'master' of https://github.com/kenterao/keras into kenterao-master,2
2152,Keras 1.0 preview,1e717326,6ed288b1,Merge branch 'the-moliver-Psoftplus',2
2152,Keras 1.0 preview,1e717326,94037730,merge,2
2152,Keras 1.0 preview,1e717326,1ebec1e5,merge,2
2152,Keras 1.0 preview,1e717326,ed9834c6,Remove dot utils doc,2
2152,Keras 1.0 preview,1e717326,3037183c,Remove dot_utils,2
2152,Keras 1.0 preview,1e717326,ec8f7f00,Codebase cleanup,2
2152,Keras 1.0 preview,1e717326,f392a780,Merge branch 'master' of https://github.com/fchollet/keras,2
2152,Keras 1.0 preview,1e717326,72e73b0a,Merge branch 'cmyr-batch-shuffle',2
2152,Keras 1.0 preview,1e717326,2fbfbddd,Cleanup error msg,2
2152,Keras 1.0 preview,1e717326,e98b1c23,Merge branch 'batch-shuffle' of https://github.com/cmyr/keras into cmyr-batch-shuffle,2
2152,Keras 1.0 preview,1e717326,d2b58497,Merge branch 'anayebi-master',2
2152,Keras 1.0 preview,1e717326,4b6bf1db,Fix Permute layer,2
2152,Keras 1.0 preview,1e717326,84d9171a,Merge branch 'master' of https://github.com/anayebi/keras into anayebi-master,2
2152,Keras 1.0 preview,1e717326,c777cdf8,Update README,2
2152,Keras 1.0 preview,1e717326,91a15fdf,"Doc, README touch-ups",2
2152,Keras 1.0 preview,1e717326,6a4aab45,Fix border mode = same in Conv2D,2
2152,Keras 1.0 preview,1e717326,46e19b95,Cleanup,2
2152,Keras 1.0 preview,1e717326,8824f1b4,Fix yaml serialization support,2
2152,Keras 1.0 preview,1e717326,43d84368,Fixes in yaml serialization,2
2152,Keras 1.0 preview,1e717326,08abc317,Merge branch 'yaml' of https://github.com/maxpumperla/keras into maxpumperla-yaml,2
2152,Keras 1.0 preview,1e717326,036d968a,Merge branch 'master' of https://github.com/fchollet/keras,2
2152,Keras 1.0 preview,1e717326,510068b8,Merge branch 'pjadzinsky-master',2
2152,Keras 1.0 preview,1e717326,43736166,Touch-ups to 'same' border mode,2
2152,Keras 1.0 preview,1e717326,9e256698,Merge branch 'master' of https://github.com/pjadzinsky/keras into pjadzinsky-master,2
2152,Keras 1.0 preview,1e717326,fd1d5908,Fix graph tests,2
2152,Keras 1.0 preview,1e717326,08b1964b,Fix doc,2
2152,Keras 1.0 preview,1e717326,94c930e9,Remove weight tying in autoencoder,2
2152,Keras 1.0 preview,1e717326,2d0e84a8,Merge branch 'mikekestemont-master',2
2152,Keras 1.0 preview,1e717326,c8a2f46f,Rename IMDB CNN example,2
2152,Keras 1.0 preview,1e717326,6899a9db,Revise IMDB conv1d example,2
2152,Keras 1.0 preview,1e717326,238d3909,Merge branch 'master' of https://github.com/mikekestemont/keras into mikekestemont-master,2
2152,Keras 1.0 preview,1e717326,22bd7cfa,Update reuters dataset,2
2152,Keras 1.0 preview,1e717326,03e512a3,Batch validation in fit,2
2152,Keras 1.0 preview,1e717326,a3dadff3,Update documentation,2
2152,Keras 1.0 preview,1e717326,65ebd8aa,Merge branch 'master' of https://github.com/fchollet/keras,2
2152,Keras 1.0 preview,1e717326,9f71949d,Dynamic epsilon in objectives,2
2152,Keras 1.0 preview,1e717326,5bf27185,Fix binary_crossentropy,2
2152,Keras 1.0 preview,1e717326,9a649d2b,Fix GaussianNoise imports,2
2152,Keras 1.0 preview,1e717326,c06b7467,Merge branch 'patch-1' of https://github.com/the-moliver/keras into the-moliver-patch-1,2
2152,Keras 1.0 preview,1e717326,bc05a25b,"Fix tests, increase coverage",2
2152,Keras 1.0 preview,1e717326,1e73e1bc,Fix History callback,2
2152,Keras 1.0 preview,1e717326,07f2253f,Add test for sequential model,2
2152,Keras 1.0 preview,1e717326,f817e2e7,merge,2
2152,Keras 1.0 preview,1e717326,7094be1b,Add y standardization to graph model,2
2152,Keras 1.0 preview,1e717326,7c8d9aaf,Fix gaussian noise doc,2
2152,Keras 1.0 preview,1e717326,6c55dbd6,Fix callbacks doc,2
2152,Keras 1.0 preview,1e717326,ab8f7da8,Put GaussianNoise in its own module.,2
2152,Keras 1.0 preview,1e717326,1f21e61a,Merge branch 'master' of https://github.com/Reddine/keras into Reddine-master,2
2152,Keras 1.0 preview,1e717326,16f737ff,Fix AE example in doc,2
2152,Keras 1.0 preview,1e717326,1fe6556a,Fix graph doc,2
2152,Keras 1.0 preview,1e717326,aeb954dd,Add dtype to graph inputs,2
2152,Keras 1.0 preview,1e717326,35bcd5a4,Touch-ups in examples and doc,2
2152,Keras 1.0 preview,1e717326,b1d94489,Refactor merge layer,2
2152,Keras 1.0 preview,1e717326,fe3c4d73,Update graph tests,2
2152,Keras 1.0 preview,1e717326,ddd5f476,Fix container merging issue,2
2152,Keras 1.0 preview,1e717326,63f9a795,Fix ModelCheckpoint callback,2
2152,Keras 1.0 preview,1e717326,8995b50a,Remove DenoisingAutoEncoder,2
2152,Keras 1.0 preview,1e717326,b22e547e,Merge branch 'Reddine-master',2
2152,Keras 1.0 preview,1e717326,8bd8ae1d,Correct MAPE loss,2
2152,Keras 1.0 preview,1e717326,1530f31c,Merge branch 'master' of https://github.com/Reddine/keras into Reddine-master,2
2152,Keras 1.0 preview,1e717326,f2c97d81,Add Graph model to doc,2
2152,Keras 1.0 preview,1e717326,53a05b6e,Fix metrics issue in evaluate,2
2152,Keras 1.0 preview,1e717326,dab55518,Update cifar10 example,2
2152,Keras 1.0 preview,1e717326,be75548c,Add graph config management,2
2152,Keras 1.0 preview,1e717326,553a7c02,"Graph bugfix, improve tests",2
2152,Keras 1.0 preview,1e717326,66b8f371,Complete working version of graphs. API needs work,2
2152,Keras 1.0 preview,1e717326,f1cd4365,"Fixes in models, callbacks",2
2152,Keras 1.0 preview,1e717326,f3022309,merge,2
2152,Keras 1.0 preview,1e717326,76b9877c,Add MSLE objective,2
2152,Keras 1.0 preview,1e717326,243d4737,Better API for Convolution1D and MaxPooling1D,2
2152,Keras 1.0 preview,1e717326,9e4e4328,Merge branch 'pranv-master',2
2152,Keras 1.0 preview,1e717326,c7c53725,Style fixes,2
2152,Keras 1.0 preview,1e717326,2baa9a8e,Merge branch 'master' of https://github.com/pranv/keras into pranv-master,2
2152,Keras 1.0 preview,1e717326,e63644cf,Fix denoising autoencoder issue,2
2152,Keras 1.0 preview,1e717326,a5f4bd33,Merge branch 'master' of https://github.com/fchollet/keras,2
2152,Keras 1.0 preview,1e717326,522201ec,Add test utils,2
2152,Keras 1.0 preview,1e717326,8e1e32a9,Fix tests,2
2152,Keras 1.0 preview,1e717326,0332b95c,Remove check in binary_crossentropy,2
2152,Keras 1.0 preview,1e717326,f53c3195,Merge branch 'master' of https://github.com/fchollet/keras,2
2152,Keras 1.0 preview,1e717326,940bd47b,Add test_loss_weighting,2
2152,Keras 1.0 preview,1e717326,ee730496,Add test_tasks,2
2152,Keras 1.0 preview,1e717326,06d7c7da,Strict handling of incorrect dims in binary_xent,2
2152,Keras 1.0 preview,1e717326,bba53793,Fix constraint tests,2
2152,Keras 1.0 preview,1e717326,28054136,Merge branch 'master' of https://github.com/fchollet/keras,2
2152,Keras 1.0 preview,1e717326,2d5b86d7,Merge branch 'mthrok-master',2
2152,Keras 1.0 preview,1e717326,12a5c6fe,Touch-ups in IRNN example,2
2152,Keras 1.0 preview,1e717326,e50462e7,Merge branch 'master' of https://github.com/mthrok/keras into mthrok-master,2
2152,Keras 1.0 preview,1e717326,27861828,Fix masking issue,2
2152,Keras 1.0 preview,1e717326,a4329aa4,Merge branch 'master' of https://github.com/fchollet/keras,2
2152,Keras 1.0 preview,1e717326,24df6a9f,Fix weights in model.test,2
2152,Keras 1.0 preview,1e717326,560cb945,Callback refactor,2
2152,Keras 1.0 preview,1e717326,2ab9f0ef,Add working Graph container,2
2152,Keras 1.0 preview,1e717326,d148ff11,Initial draft of Graph container,2
2152,Keras 1.0 preview,1e717326,c7aac3ce,ones as default init for LSTM forget gate bias,2
2152,Keras 1.0 preview,1e717326,ce659e56,Fix check for mask,2
2152,Keras 1.0 preview,1e717326,e8a6ae29,Fix regularization in Embedding,2
2152,Keras 1.0 preview,1e717326,e3d3d622,Update doc with sample_weight and class_weight,2
2152,Keras 1.0 preview,1e717326,877d4474,Merge branch 'master' of https://github.com/fchollet/keras,2
2152,Keras 1.0 preview,1e717326,cc9edcf4,"Fix merge conflicts, add class_weight support",2
2152,Keras 1.0 preview,1e717326,5e5bff05,Simplify IMDB example,2
2152,Keras 1.0 preview,1e717326,c4735f59,Doc touch-ups,2
2152,Keras 1.0 preview,1e717326,3af40ba5,Fix typo in doc,2
2152,Keras 1.0 preview,1e717326,36e5a17b,Update docs,2
2152,Keras 1.0 preview,1e717326,cbde35fd,Improve API of ActivityRegularization,2
2152,Keras 1.0 preview,1e717326,76b28524,Remove image_shape in conv layers,2
2152,Keras 1.0 preview,1e717326,090ada4e,Fix mkdocs.yml,2
2152,Keras 1.0 preview,1e717326,8ef90a03,Switch convolutional layers to new regularization,2
2152,Keras 1.0 preview,1e717326,f04fdec9,Incorporate regularization into loss function,2
2152,Keras 1.0 preview,1e717326,0d6575c7,Merge branch 'master' of https://github.com/fchollet/keras,2
2152,Keras 1.0 preview,1e717326,cc750adf,Merge branch 'phreeza-activity_reg',2
2152,Keras 1.0 preview,1e717326,752037c1,Remove loss_update system,2
2152,Keras 1.0 preview,1e717326,ba11d9ca,Restore callbacks in fit,2
2152,Keras 1.0 preview,1e717326,499a0500,Fix regularisers/constraints tests,2
2152,Keras 1.0 preview,1e717326,c9addefa,Simplify regularizers,2
2152,Keras 1.0 preview,1e717326,0f12e011,Switch constraints to OO model,2
2152,Keras 1.0 preview,1e717326,4d267f5b,Remove manual check for regularizers (use auto),2
2152,Keras 1.0 preview,1e717326,57193225,Merge branch 'activity_reg' of https://github.com/phreeza/keras into phreeza-activity_reg,2
2152,Keras 1.0 preview,1e717326,5b6f56a0,Add mask support to new recurrent layers,2
2152,Keras 1.0 preview,1e717326,9c8e0d43,Add support for custom padding value in sequence,2
2152,Keras 1.0 preview,1e717326,ea0b7d26,"Add text dataset support for OOV, start chars",2
2152,Keras 1.0 preview,1e717326,99c20e25,Make sure key examples are deterministic,2
2152,Keras 1.0 preview,1e717326,2abb4b23,Merge branch 'the-moliver-patch-1',2
2152,Keras 1.0 preview,1e717326,0d6c55d5,Style touch-ups,2
2152,Keras 1.0 preview,1e717326,45e444cc,Code style fixes,2
2152,Keras 1.0 preview,1e717326,5d1976c4,Update IMDB example,2
2152,Keras 1.0 preview,1e717326,3995b18f,Merge branch 'mask_value' of https://github.com/wxs/keras into wxs-mask_value,2
2152,Keras 1.0 preview,1e717326,90c4edef,Merge branch 'mask_value' of https://github.com/wxs/keras into wxs-mask_value,2
2152,Keras 1.0 preview,1e717326,7fafc8ec,Merge branch 'master' of https://github.com/fchollet/keras,2
2152,Keras 1.0 preview,1e717326,91aa190c,Merge branch 'transcranial-RNN-MUT',2
2152,Keras 1.0 preview,1e717326,4e19cd29,Merge branch 'amitbeka-get_from_module_unicode_fix',2
2152,Keras 1.0 preview,1e717326,1d02231a,Merge branch 'get_from_module_unicode_fix' of https://github.com/amitbeka/keras into amitbeka-get_from_module_unicode_fix,2
2152,Keras 1.0 preview,1e717326,6d82ba75,Merge branch 'wxs-remove-time-distributed-softmax',2
2152,Keras 1.0 preview,1e717326,135dccfe,Coding style,2
2152,Keras 1.0 preview,1e717326,4c5f8e36,merge,2
2152,Keras 1.0 preview,1e717326,515c430f,Merge autoencoder fix,2
2152,Keras 1.0 preview,1e717326,8a2ae93b,Improve autoencoder check,2
2152,Keras 1.0 preview,1e717326,a9f94c94,Revert loss weighting,2
2152,Keras 1.0 preview,1e717326,15536971,Update gitignore,2
2152,Keras 1.0 preview,1e717326,3dd4b2e8,Rename test folder,2
2152,Keras 1.0 preview,1e717326,a1912b07,Rename lossweights test,2
2152,Keras 1.0 preview,1e717326,f8ee81d8,Revert loss weighting,2
2152,Keras 1.0 preview,1e717326,384634d3,Update gitignore,2
2152,Keras 1.0 preview,1e717326,dd82a394,Rename test folder,2
2152,Keras 1.0 preview,1e717326,9763f811,Rename lossweights test,2
2152,Keras 1.0 preview,1e717326,5a1a00e6,Add RemoteMonitor callback,2
2152,Keras 1.0 preview,1e717326,97f23268,Refactor test_lossweights into unit test,2
2152,Keras 1.0 preview,1e717326,fd5b68db,Fix Python3 issue with class_weight,2
2152,Keras 1.0 preview,1e717326,ac0a9db0,Merge,2
2152,Keras 1.0 preview,1e717326,1d586440,Rewrite class_weight and sample_weight tests,2
2152,Keras 1.0 preview,1e717326,b44ecab2,Make RNG deterministic when seeded through numpy,2
2152,Keras 1.0 preview,1e717326,34cbc1d4,Merge branch 'instance_weight' of https://github.com/tdhd/keras into tdhd-instance_weight,2
2152,Keras 1.0 preview,1e717326,0e6fd3d3,Update callbacks documentation,2
2152,Keras 1.0 preview,1e717326,ccbe381d,Add early stopping,2
2152,Keras 1.0 preview,1e717326,1f224de9,Fix callbacks doc,2
2152,Keras 1.0 preview,1e717326,e23e86ae,"Improve examples, add new MNIST CNN example",2
2152,Keras 1.0 preview,1e717326,06f22db6,Up the batch size in MNIST example,2
2152,Keras 1.0 preview,1e717326,d5502324,Merge branch 'master' of https://github.com/fchollet/keras,2
2152,Keras 1.0 preview,1e717326,6329378c,Make pre-padding the default in sequence tensors,2
2152,Keras 1.0 preview,1e717326,702e9d3b,Merge branch 'master' of https://github.com/fchollet/keras,2
2152,Keras 1.0 preview,1e717326,1857a6af,Improve LSTM text generation example,2
2152,Keras 1.0 preview,1e717326,872a9faf,Fix printing for Python2 in LSTM example,2
2152,Keras 1.0 preview,1e717326,d2b229df,Add LSTM text generation example,2
2152,Keras 1.0 preview,1e717326,bf4822f6,Fix autoencoder issue,2
2152,Keras 1.0 preview,1e717326,ce209553,Update setup.py,2
2152,Keras 1.0 preview,1e717326,fabfdb86,Remove long_description from setup.py,2
2152,Keras 1.0 preview,1e717326,b82ab804,Update setup.py and setup.cfg for pypi release,2
2152,Keras 1.0 preview,1e717326,eda2970b,Fix Reuters example,2
2152,Keras 1.0 preview,1e717326,a7936ffc,Remove activation targets from documentation,2
2152,Keras 1.0 preview,1e717326,dc2ad011,Merge branch 'pranv-master',2
2152,Keras 1.0 preview,1e717326,ba45a6eb,Add Convolution1D and MaxPooling1D,2
2152,Keras 1.0 preview,1e717326,734ba38e,Merge branch 'master' of https://github.com/pranv/keras into pranv-master,2
2152,Keras 1.0 preview,1e717326,14cc628b,Merge branch 'master' of https://github.com/fchollet/keras,2
2152,Keras 1.0 preview,1e717326,08562666,Fix redundant callbacks issue,2
2152,Keras 1.0 preview,1e717326,cd3a0359,Merge branch 'master' of https://github.com/fchollet/keras,2
2152,Keras 1.0 preview,1e717326,ee179f7d,Fix conflicts with AutoEncoder,2
2152,Keras 1.0 preview,1e717326,a44d5a7d,Merge branch 'tdhd-model_checkpoints',2
2152,Keras 1.0 preview,1e717326,01682915,API style changes in ModelCheckpoint callback,2
2152,Keras 1.0 preview,1e717326,2fd77073,Merge branch 'model_checkpoints' of https://github.com/tdhd/keras into tdhd-model_checkpoints,2
2152,Keras 1.0 preview,1e717326,6892a20a,Add prompt for file overwriting in save_weights,2
2152,Keras 1.0 preview,1e717326,a96ac71a,Merge branch 'master' of https://github.com/fchollet/keras,2
2152,Keras 1.0 preview,1e717326,a32b7ef0,Cleanup models import,2
2152,Keras 1.0 preview,1e717326,2084c160,Refactor models.Sequential,2
2152,Keras 1.0 preview,1e717326,8c1fe919,Fix constraints tests,2
2152,Keras 1.0 preview,1e717326,188ea6d8,Merge branch 'jramapuram-autoencoders',2
2152,Keras 1.0 preview,1e717326,2ee57938,"Autoencoder: Py3 compatibility, style",2
2152,Keras 1.0 preview,1e717326,751cfc11,Merge branch 'autoencoders' of https://github.com/jramapuram/keras into jramapuram-autoencoders,2
2152,Keras 1.0 preview,1e717326,93c62cd6,Merge branch 'master' of https://github.com/fchollet/keras,2
2152,Keras 1.0 preview,1e717326,8606aec9,Fix verbose mode in .fit(),2
2152,Keras 1.0 preview,1e717326,54b999e6,Update callback system,2
2152,Keras 1.0 preview,1e717326,1d61d18b,Update docs for callbacks,2
2152,Keras 1.0 preview,1e717326,4f995845,Remove History callback (redundant),2
2152,Keras 1.0 preview,1e717326,39a69b3f,Update documentation for CIFAR datasets.,2
2152,Keras 1.0 preview,1e717326,28113b20,Add CIFAR100 dataset,2
2152,Keras 1.0 preview,1e717326,b5c1ccab,Fix conflicts,2
2152,Keras 1.0 preview,1e717326,5e49367e,Python 3 compatibility for callbacks,2
2152,Keras 1.0 preview,1e717326,3d51788e,Merge branch 'tristandeleu-master',2
2152,Keras 1.0 preview,1e717326,49603c15,Update callback system,2
2152,Keras 1.0 preview,1e717326,5caea2a5,Merge branch 'master' of https://github.com/tristandeleu/keras into tristandeleu-master,2
2152,Keras 1.0 preview,1e717326,b2dc2921,Small doc fix,2
2152,Keras 1.0 preview,1e717326,31fbf7f2,Merge branch 'master' of https://github.com/fchollet/keras,2
2152,Keras 1.0 preview,1e717326,994260e3,Update setup.py and installation instructions,2
2152,Keras 1.0 preview,1e717326,5e2b9358,Fix issue in Theano scan for recurrent layers,2
2152,Keras 1.0 preview,1e717326,b5fb00d7,Merge branch 'master' of https://github.com/fchollet/keras,2
2152,Keras 1.0 preview,1e717326,437f85d5,Update README,2
2152,Keras 1.0 preview,1e717326,c1cf2065,Allow for Merge as a final layer,2
2152,Keras 1.0 preview,1e717326,6667ab75,Merge branch 'stephenroller-master',2
2152,Keras 1.0 preview,1e717326,3a97b186,Merge branch 'master' of https://github.com/stephenroller/keras into stephenroller-master,2
2152,Keras 1.0 preview,1e717326,ff3d0624,Validation data batching in .fit(),2
2152,Keras 1.0 preview,1e717326,abedfa8a,Fix clipnorm,2
2152,Keras 1.0 preview,1e717326,482bf236,Add documentation for Merge layer,2
2152,Keras 1.0 preview,1e717326,e82ab0ca,Add support for model merging,2
2152,Keras 1.0 preview,1e717326,c8a104b8,Fix shuffle=False in .fit(),2
2152,Keras 1.0 preview,1e717326,f596d7a5,Fix Readme,2
2152,Keras 1.0 preview,1e717326,12318cf4,Update model documentation with recent changes,2
2152,Keras 1.0 preview,1e717326,3108e919,Use running estimates in BatchNormalization,2
2152,Keras 1.0 preview,1e717326,b763f896,Improve Otto example,2
2152,Keras 1.0 preview,1e717326,43bfeb0a,Merge branch 'master' of https://github.com/fchollet/keras,2
2152,Keras 1.0 preview,1e717326,9a45500d,Fix init in SimpleDeepRNN,2
2152,Keras 1.0 preview,1e717326,9390d630,model.fit() return training history,2
2152,Keras 1.0 preview,1e717326,376373d1,Merge branch 'master' of https://github.com/fchollet/keras,2
2152,Keras 1.0 preview,1e717326,be1ec8ae,Layer API refactor,2
2152,Keras 1.0 preview,1e717326,03fa4180,Update skipgram embedding example,2
2152,Keras 1.0 preview,1e717326,18374589,Update README.md,2
2152,Keras 1.0 preview,1e717326,e97b873d,Update documentation,2
2152,Keras 1.0 preview,1e717326,122baad7,Merge branch 'master' of https://github.com/fchollet/keras,2
2152,Keras 1.0 preview,1e717326,31ea0186,Allow to start model with dim-agnostic layer,2
2152,Keras 1.0 preview,1e717326,938f96b6,Eye candy,2
2152,Keras 1.0 preview,1e717326,ea92046a,Check on regularizers/constraints list length,2
2152,Keras 1.0 preview,1e717326,6fc8660a,Finalize optimizer fixes,2
2152,Keras 1.0 preview,1e717326,33b7be70,merge,2
2152,Keras 1.0 preview,1e717326,3b2acf76,Fix constraints and regularizers,2
2152,Keras 1.0 preview,1e717326,3653f906,Revert constraints / regularizers,2
2152,Keras 1.0 preview,1e717326,426ea154,Merge branch 'master' of https://github.com/fchollet/keras,2
2152,Keras 1.0 preview,1e717326,361fd41f,Merge branch 'the-moliver-regu',2
2152,Keras 1.0 preview,1e717326,050fd970,Fix MNIST example,2
2152,Keras 1.0 preview,1e717326,23f2d4f0,Add new pages to doc index,2
2152,Keras 1.0 preview,1e717326,83c6e73d,Fix layer config saving for Dropout,2
2152,Keras 1.0 preview,1e717326,e828a3f6,Merge branch 'regu' of https://github.com/the-moliver/keras into the-moliver-regu,2
2152,Keras 1.0 preview,1e717326,868770a3,Merge pull request #92 from seiteta/patch-1,2
2152,Keras 1.0 preview,1e717326,a17599ea,Fix local building of doc,2
2152,Keras 1.0 preview,1e717326,083bf1c7,Fix image preprocessing normalization,2
2152,Keras 1.0 preview,1e717326,54691f9b,"Add modes to BatchNormalization, fix BN issues",2
2152,Keras 1.0 preview,1e717326,eb7cf737,Fix Reuters example,2
2152,Keras 1.0 preview,1e717326,c53c15db,Fix Reuters example,2
2152,Keras 1.0 preview,1e717326,b0cbed3f,Set default init to glorot_uniform,2
2152,Keras 1.0 preview,1e717326,d8ddaffb,Update dependencies.,2
2152,Keras 1.0 preview,1e717326,69b69e40,Add documentation for save and load functions.,2
2152,Keras 1.0 preview,1e717326,05e86aee,Merge pull request #83 from mizdler/master,2
2152,Keras 1.0 preview,1e717326,aa57cce3,Merge pull request #78 from jfsantos/master,2
2152,Keras 1.0 preview,1e717326,28f6e8ae,Merge pull request #76 from jfsantos/master,2
2152,Keras 1.0 preview,1e717326,22012fde,Fix Otto example,2
2152,Keras 1.0 preview,1e717326,73bb2246,Correct Otto example comments,2
2152,Keras 1.0 preview,1e717326,6e3ec8ef,Add Kaggle Otto example,2
2152,Keras 1.0 preview,1e717326,42756a01,Add Python version compatibility notice,2
2152,Keras 1.0 preview,1e717326,c83e6e62,Merge branch 'master' of https://github.com/fchollet/keras,2
2152,Keras 1.0 preview,1e717326,5d032cbf,Fix sequence to matrix vectorization,2
2152,Keras 1.0 preview,1e717326,26a60ed8,Merge pull request #72 from skrypka/master,2
2152,Keras 1.0 preview,1e717326,52251f52,"Improve word embedding example, py3 compatibility",2
2152,Keras 1.0 preview,1e717326,63855b96,Update README.md,2
2152,Keras 1.0 preview,1e717326,f143fac5,Fix progress bar display,2
2152,Keras 1.0 preview,1e717326,43206aeb,Fix py3 compatibility in preprocessing.text,2
2152,Keras 1.0 preview,1e717326,d1330809,Merge pull request #66 from untom/ipythoncompat,2
2152,Keras 1.0 preview,1e717326,66a8f4d8,Merge pull request #65 from jfsantos/master,2
2152,Keras 1.0 preview,1e717326,e074a049,Add .get_config in layers and .describe in models,2
2152,Keras 1.0 preview,1e717326,8f6cb7c9,Merge pull request #64 from untom/py3compat,2
2152,Keras 1.0 preview,1e717326,de27afbb,Merge pull request #63 from jfsantos/save_model,2
2152,Keras 1.0 preview,1e717326,df4d3705,Merge pull request #62 from jfsantos/master,2
2152,Keras 1.0 preview,1e717326,4bb90a5b,Remove useless code,2
2152,Keras 1.0 preview,1e717326,c2244821,Move verbosity modes to progbar. Cleaner models.py,2
2152,Keras 1.0 preview,1e717326,bdc1de1a,Merge pull request #58 from the-moliver/dev,2
2152,Keras 1.0 preview,1e717326,5da6fb21,Merge pull request #57 from capybaralet/fchollet_master,2
2152,Keras 1.0 preview,1e717326,52bcd448,Add new initializations.,2
2152,Keras 1.0 preview,1e717326,7e880c93,Update models documentation.,2
2152,Keras 1.0 preview,1e717326,07163509,Add documentation for models,2
2152,Keras 1.0 preview,1e717326,731f0ab4,Add simpler verbose mode to Sequential model,2
2152,Keras 1.0 preview,1e717326,5f25e220,Fix cifar10 example,2
2152,Keras 1.0 preview,1e717326,cb02df95,"Modernize io_utils, move save_array, load_array",2
2152,Keras 1.0 preview,1e717326,976c7752,Merge branch 'master' of https://github.com/fchollet/keras,2
2152,Keras 1.0 preview,1e717326,1629f7f3,Make codebase Python 2.7-3.4 compatible,2
2152,Keras 1.0 preview,1e717326,46d18f17,Add mailing list link in doc,2
2152,Keras 1.0 preview,1e717326,e9b32743,Merge pull request #49 from jfsantos/master,2
2152,Keras 1.0 preview,1e717326,03580431,Merge pull request #48 from jfsantos/master,2
2152,Keras 1.0 preview,1e717326,616537f3,"Add accuracy monitoring, verbose eval/predict",2
2152,Keras 1.0 preview,1e717326,eda1232f,Use Adam optimizer with LSTM example (much better),2
2152,Keras 1.0 preview,1e717326,2662d81a,Fix Adam to match the original paper,2
2152,Keras 1.0 preview,1e717326,9f595fe7,Add Adam optimizer.,2
2152,Keras 1.0 preview,1e717326,e16891e5,Remove normalize reference in embeddings,2
2152,Keras 1.0 preview,1e717326,c7dcd4b7,Add documentation for embeddings,2
2152,Keras 1.0 preview,1e717326,b7a5d4de,Fix word embedding example,2
2152,Keras 1.0 preview,1e717326,81bdb74e,Add skipgram word embedding example,2
2152,Keras 1.0 preview,1e717326,8a7119d1,Documentation improvements,2
2152,Keras 1.0 preview,1e717326,d7904013,"Update doc, README.md. Doc is online at keras.io.",2
2152,Keras 1.0 preview,1e717326,f561a43e,Improve documentation,2
2152,Keras 1.0 preview,1e717326,3c62529b,Improve documentation,2
2152,Keras 1.0 preview,1e717326,c61c4ed8,Fix sequence.py encoding,2
2152,Keras 1.0 preview,1e717326,0b96fc28,"Create ""embeddings"" layer category.",2
2152,Keras 1.0 preview,1e717326,6b3e4448,Add documentation for image & text preprocessing.,2
2152,Keras 1.0 preview,1e717326,0af6b6c7,Add documentation for sequence preprocessing.,2
2152,Keras 1.0 preview,1e717326,0b5848e2,Small doc fixes.,2
2152,Keras 1.0 preview,1e717326,4bb07c1a,Merge branch 'master' of https://github.com/fchollet/keras,2
2152,Keras 1.0 preview,1e717326,23c52fe2,Merge pull request #42 from charlesollion/time_distributed_dense,2
2152,Keras 1.0 preview,1e717326,2ee05d40,Merge pull request #43 from untom/xavierinit,2
2152,Keras 1.0 preview,1e717326,9c5f0844,Documentation update,2
2152,Keras 1.0 preview,1e717326,cf1b6ffe,Update documentation.,2
2152,Keras 1.0 preview,1e717326,6cd076a1,Standardize **kargs order in recurrent layers.,2
2152,Keras 1.0 preview,1e717326,f953508b,Add documentation for recurrent layers.,2
2152,Keras 1.0 preview,1e717326,8b2849bd,Add frequency sampling to skipgram. Warning: math.,2
2152,Keras 1.0 preview,1e717326,25ad4000,Add documentation for core layers,2
2152,Keras 1.0 preview,1e717326,f35d529f,Modify Flatten layer to automatically infer shape,2
2152,Keras 1.0 preview,1e717326,463d8c98,Documentation fixes,2
2152,Keras 1.0 preview,1e717326,b10a5637,Add skipgram utils to preprocessing.sequence,2
2152,Keras 1.0 preview,1e717326,adb0b1db,Add documentation for initializations and datasets,2
2152,Keras 1.0 preview,1e717326,7386dff5,Add support for generators in text preprocessing,2
2152,Keras 1.0 preview,1e717326,746b5d17,Small datasets fixes,2
2152,Keras 1.0 preview,1e717326,0eddec22,Add documentation for activations and objectives.,2
2152,Keras 1.0 preview,1e717326,dc5482ae,Add documentation for optimizers,2
2152,Keras 1.0 preview,1e717326,2264c13b,Add MkDocs documentation skeleton (spooky!).,2
2152,Keras 1.0 preview,1e717326,1711d37b,Add 'normalize' (for numpy arrays) to np_utils,2
2152,Keras 1.0 preview,1e717326,f6cd4c83,Fix generic import exception message,2
2152,Keras 1.0 preview,1e717326,ef7f89ec,Add 'zero' initialization,2
2152,Keras 1.0 preview,1e717326,df3f11c6,Merge pull request #35 from patyork/batch_fix2,2
2152,Keras 1.0 preview,1e717326,0449da29,Merge pull request #34 from patyork/batch_fix,2
2152,Keras 1.0 preview,1e717326,466f6737,Merge pull request #33 from patyork/time_distributed_softmax,2
2152,Keras 1.0 preview,1e717326,4ef999ff,Merge branch 'master' of https://github.com/fchollet/keras,2
2152,Keras 1.0 preview,1e717326,6819d38e,Better path for datasets,2
2152,Keras 1.0 preview,1e717326,a37eacbf,Merge pull request #32 from charlesollion/ndim_generalization,2
2152,Keras 1.0 preview,1e717326,bf43f611,Update Reuters dataset,2
2152,Keras 1.0 preview,1e717326,a0152cc8,Merge pull request #27 from nagadomi/learning_rate_decay,2
2152,Keras 1.0 preview,1e717326,5f7fbc85,Merge pull request #20 from nagadomi/shuffle,2
2152,Keras 1.0 preview,1e717326,3a986bfd,Merge pull request #19 from fchollet/revert-13-master,2
2152,Keras 1.0 preview,1e717326,42007f55,"Revert ""Improved setup.py""",2
2152,Keras 1.0 preview,1e717326,31c39350,Merge branch 'master' of https://github.com/fchollet/keras,2
2152,Keras 1.0 preview,1e717326,33530ce7,Minor commenting,2
2152,Keras 1.0 preview,1e717326,2c4d23a6,Merge pull request #13 from mbatchkarov/master,2
2152,Keras 1.0 preview,1e717326,33d82a41,Fix input shape of recurrent layers,2
2152,Keras 1.0 preview,1e717326,abd01d11,Fix categorical xentropy when preds are not probas,2
2152,Keras 1.0 preview,1e717326,2219704a,Fix typos.,2
2152,Keras 1.0 preview,1e717326,610cebd2,Merge pull request #9 from nagadomi/fix_inf,2
2152,Keras 1.0 preview,1e717326,f0deb909,Update install instructions in README.md,2
2152,Keras 1.0 preview,1e717326,c589c524,Fix missing data folder case in data_utils,2
2152,Keras 1.0 preview,1e717326,6b8dce47,Merge branch 'master' of https://github.com/fchollet/keras,2
2152,Keras 1.0 preview,1e717326,824ceb93,Update gitignore,2
2152,Keras 1.0 preview,1e717326,e5844dea,Package code & add setup.py,2
2152,Keras 1.0 preview,1e717326,f8854174,Merge pull request #6 from vinhkhuc/master,2
2152,Keras 1.0 preview,1e717326,2379f276,Merge branch 'master' of https://github.com/fchollet/keras,2
2152,Keras 1.0 preview,1e717326,b365fe45,Fix preprocessing.text.Tokenizer,2
2152,Keras 1.0 preview,1e717326,9da5a0c6,Merge pull request #5 from nagadomi/fix_untar,2
2152,Keras 1.0 preview,1e717326,9193cc87,Merge pull request #2 from cosmith/patch-1,2
2152,Keras 1.0 preview,1e717326,300aaff6,Merge pull request #1 from vasili-zolotov/master,2
2152,Keras 1.0 preview,1e717326,1f0bd8ca,Initial commit,2
2152,Keras 1.0 preview,295bfe4e,4da8c814,Reduce test flakiness,2
2152,Keras 1.0 preview,295bfe4e,07e0c2f7,Add 'why use keras' page to the docs,2
2152,Keras 1.0 preview,295bfe4e,5665b4d4,Fix custom loss class output_shape check,2
2152,Keras 1.0 preview,295bfe4e,e0d9fcb9,Change ifelse import in Theano backend for compatibility with Theano 1.0.0,2
2152,Keras 1.0 preview,295bfe4e,4edd0379,Change style of first example in README,2
2152,Keras 1.0 preview,295bfe4e,5b3cf890,Update keras logo,2
2152,Keras 1.0 preview,295bfe4e,cf2623b1,Update keras logo,2
2152,Keras 1.0 preview,295bfe4e,abcd7dba,Fix CNTK wrappers tests.,2
2152,Keras 1.0 preview,295bfe4e,a8a59c71,Add test for CuDNN RNNs + Bidirectional,2
2152,Keras 1.0 preview,295bfe4e,3292aa5a,Fix RNN layers dynamic `trainable` attr,2
2152,Keras 1.0 preview,295bfe4e,b1d298a1,Fix docs autogen script.,2
2152,Keras 1.0 preview,295bfe4e,cc3328a7,Small docs improvement.,2
2152,Keras 1.0 preview,295bfe4e,d3db58c8,Improve docs.,2
2152,Keras 1.0 preview,295bfe4e,b889a4d8,Style+consistency fix for target placeholders test,2
2152,Keras 1.0 preview,295bfe4e,cbecc6a2,Fix l2_normalize,2
2152,Keras 1.0 preview,295bfe4e,ddd8f470,Add default value for `l2_normalize`.,2
2152,Keras 1.0 preview,295bfe4e,46b691e3,Remove legacy axis handling in TF backend.,2
2152,Keras 1.0 preview,295bfe4e,720ed1ad,Update README.md,2
2152,Keras 1.0 preview,295bfe4e,43e418d1,Deflake TensorBoard callback tests.,2
2152,Keras 1.0 preview,295bfe4e,36e526ed,Update regularizers docs,2
2152,Keras 1.0 preview,295bfe4e,4b5984b8,Relax optimizer tests.,2
2152,Keras 1.0 preview,295bfe4e,9683998b,Fix PEP8 error.,2
2152,Keras 1.0 preview,295bfe4e,dab228bc,Docstring fixes.,2
2152,Keras 1.0 preview,295bfe4e,803e2869,Update a number of example scripts.,2
2152,Keras 1.0 preview,295bfe4e,e1a5fbf7,Fixes in conv layers.,2
2152,Keras 1.0 preview,295bfe4e,dc11aa99,Make utils importable by absolute path,2
2152,Keras 1.0 preview,295bfe4e,ca234069,Update 2 mnist examples,2
2152,Keras 1.0 preview,295bfe4e,a5a775b7,Merge branch 'master' of ssh://github.com/fchollet/keras,2
2152,Keras 1.0 preview,295bfe4e,9736056a,Fix issue in mnist siamese graph example.,2
2152,Keras 1.0 preview,295bfe4e,9ee0c8e6,Fix init dim_ordering in conv layers,2
2152,Keras 1.0 preview,295bfe4e,0ba2626b,Further style fixes,2
2152,Keras 1.0 preview,295bfe4e,c6eea03c,Style fixes in engine.,2
2152,Keras 1.0 preview,295bfe4e,9f33f8af,Add names to Keras application models,2
2152,Keras 1.0 preview,295bfe4e,57f2f110,count_params should report count for all weights.,2
2152,Keras 1.0 preview,295bfe4e,bf502be5,Merge branch 'master' of ssh://github.com/fchollet/keras,2
2152,Keras 1.0 preview,295bfe4e,dfeca151,Allow to set input shape in CV models.,2
2152,Keras 1.0 preview,295bfe4e,c0b32a9a,Remove reference to legacy Graph model in tests.,2
2152,Keras 1.0 preview,295bfe4e,703d5a12,Add dynamic trainability lightweight test,2
2152,Keras 1.0 preview,295bfe4e,c5cc96a4,Saner way to collect trainable weights,2
2152,Keras 1.0 preview,295bfe4e,de256cb5,Make sure ImageNet predictions are sorted,2
2152,Keras 1.0 preview,295bfe4e,ce814302,Remove support for legacy Graph model,2
2152,Keras 1.0 preview,295bfe4e,e52740f0,Add Gitter link to README,2
2152,Keras 1.0 preview,295bfe4e,5dd8c5c1,Padding style fixes.,2
2152,Keras 1.0 preview,295bfe4e,7df184d3,Style touch-ups,2
2152,Keras 1.0 preview,295bfe4e,e0d871b7,Restructure docs for Applications module,2
2152,Keras 1.0 preview,295bfe4e,04df170b,Merge branch 'master' of ssh://github.com/fchollet/keras,2
2152,Keras 1.0 preview,295bfe4e,5f58a6d2,"Support all backends, dim orderings for music CRNN",2
2152,Keras 1.0 preview,295bfe4e,fb6a2941,Fix typos,2
2152,Keras 1.0 preview,295bfe4e,ed131973,Fix music tagger application,2
2152,Keras 1.0 preview,295bfe4e,d5f1250a,Update imagenet prediction decoding utilities,2
2152,Keras 1.0 preview,295bfe4e,f2aa89f4,Freeze list of trainable weights at compile time,2
2152,Keras 1.0 preview,295bfe4e,13bd33e7,Merge branch 'master' of ssh://github.com/fchollet/keras,2
2152,Keras 1.0 preview,295bfe4e,b2e8d5ab,Add support for LR decay in all optimizers,2
2152,Keras 1.0 preview,295bfe4e,c939cebf,Theano rnn fix when input_dim = 1,2
2152,Keras 1.0 preview,295bfe4e,065fb2a7,Add global pooling layers,2
2152,Keras 1.0 preview,295bfe4e,02ff1d44,Fix style in example,2
2152,Keras 1.0 preview,295bfe4e,a4d191d4,Only write config file if it didn't exist,2
2152,Keras 1.0 preview,295bfe4e,28d9c0c5,Style fixes in example.,2
2152,Keras 1.0 preview,295bfe4e,d68c0bd7,Update optimizers docs,2
2152,Keras 1.0 preview,295bfe4e,c3d20bbc,Merge branch 'master' of ssh://github.com/fchollet/keras,2
2152,Keras 1.0 preview,295bfe4e,f9c03f18,Make trainable_weights dynamic,2
2152,Keras 1.0 preview,295bfe4e,09d75a43,Style fixes,2
2152,Keras 1.0 preview,295bfe4e,d971e0cc,Style fixes in SeparableConv2D,2
2152,Keras 1.0 preview,295bfe4e,b6a776b2,Add Sequential.pop() method,2
2152,Keras 1.0 preview,295bfe4e,ede79f81,Add MIT license badge to README,2
2152,Keras 1.0 preview,295bfe4e,229f13a8,Lambda should not support masking implicitly,2
2152,Keras 1.0 preview,295bfe4e,885e6e62,Style fix in test,2
2152,Keras 1.0 preview,295bfe4e,dc122c31,Fix masking test,2
2152,Keras 1.0 preview,295bfe4e,3bc80d3d,Remove unnecessary assert,2
2152,Keras 1.0 preview,295bfe4e,8f8e4574,Fix issue with Sequential deserialization,2
2152,Keras 1.0 preview,295bfe4e,c30432a6,Nadam optimizer style fixes,2
2152,Keras 1.0 preview,295bfe4e,604ea8d6,Fix PEP8 BS,2
2152,Keras 1.0 preview,295bfe4e,fd3cfb19,Allow no layer names in plot(),2
2152,Keras 1.0 preview,295bfe4e,b71f6ba8,Allow absence of labels in flow(),2
2152,Keras 1.0 preview,295bfe4e,dfc128b8,Fix some py3 generator issue,2
2152,Keras 1.0 preview,295bfe4e,34b8b57c,Update image preprocessing docs,2
2152,Keras 1.0 preview,295bfe4e,3bba409d,Improve docstring in preprocessing/image,2
2152,Keras 1.0 preview,295bfe4e,7869cdcc,Merge branch 'master' of ssh://github.com/fchollet/keras,2
2152,Keras 1.0 preview,295bfe4e,0e18e345,"Refactor ImageDataGenerator, add directory support",2
2152,Keras 1.0 preview,295bfe4e,e5b99c75,Tiny fixes in Sequential methods,2
2152,Keras 1.0 preview,295bfe4e,edbec2db,Remove bit of deprecated code,2
2152,Keras 1.0 preview,295bfe4e,973ece98,Make dim_ordering a global default,2
2152,Keras 1.0 preview,295bfe4e,91b93029,Make Merge output_shape consistent with lambda,2
2152,Keras 1.0 preview,295bfe4e,7b5bab83,Merge branch 'master' of ssh://github.com/fchollet/keras,2
2152,Keras 1.0 preview,295bfe4e,c5e2116e,Fix typo in doc,2
2152,Keras 1.0 preview,295bfe4e,198c5152,Simplify imports in README,2
2152,Keras 1.0 preview,295bfe4e,5156673e,Fix serialization issue with nested Sequential,2
2152,Keras 1.0 preview,295bfe4e,1529c9c4,Clarify error message,2
2152,Keras 1.0 preview,295bfe4e,32b10a88,Fix first axis dim validation in multi-input model,2
2152,Keras 1.0 preview,295bfe4e,24501d43,Fix ActivityReg layer,2
2152,Keras 1.0 preview,295bfe4e,bf0c08e2,Add FAQ entry about layer freezing,2
2152,Keras 1.0 preview,295bfe4e,b581eb3f,Update RMSprop,2
2152,Keras 1.0 preview,295bfe4e,973b5570,Style touch-up,2
2152,Keras 1.0 preview,295bfe4e,7cb41fc5,Fix weight saving issue,2
2152,Keras 1.0 preview,295bfe4e,1f170139,Misc fixes,2
2152,Keras 1.0 preview,295bfe4e,f18899cb,Merge branch 'master' of https://github.com/commaai/keras into commaai-master,2
2152,Keras 1.0 preview,295bfe4e,bfa5ca55,Fix docstring,2
2152,Keras 1.0 preview,295bfe4e,18841fa5,Fix build,2
2152,Keras 1.0 preview,295bfe4e,1f408487,Add new metrics and metrics tests,2
2152,Keras 1.0 preview,295bfe4e,00e9d5b2,Update regularizer tests,2
2152,Keras 1.0 preview,295bfe4e,7f937476,Remove outdated comment,2
2152,Keras 1.0 preview,295bfe4e,b1e47f77,Fix PEP8,2
2152,Keras 1.0 preview,295bfe4e,24f96262,Add additional input data validation check,2
2152,Keras 1.0 preview,295bfe4e,1904194c,Fix wrapper learning phase,2
2152,Keras 1.0 preview,295bfe4e,2cc9ebf2,Add set_learning_phase in TF backend.,2
2152,Keras 1.0 preview,295bfe4e,cb5d69c7,Fix case where output_shape in Merge is tuple,2
2152,Keras 1.0 preview,295bfe4e,d50f469c,Fix for invalid dropout values,2
2152,Keras 1.0 preview,295bfe4e,b587aeee,Remove badge from README,2
2152,Keras 1.0 preview,295bfe4e,f75f70a6,Update examples in documentation,2
2152,Keras 1.0 preview,295bfe4e,e3c31aa7,Merge branch 'master' of ssh://github.com/fchollet/keras,2
2152,Keras 1.0 preview,295bfe4e,ef1e9595,Update visualize_util,2
2152,Keras 1.0 preview,295bfe4e,bde45eff,"Split model tests, fix create_output graph bug",2
2152,Keras 1.0 preview,295bfe4e,8ba647c1,Fix PEP8,2
2152,Keras 1.0 preview,295bfe4e,a86057d9,Improve error messages in TF backend.,2
2152,Keras 1.0 preview,295bfe4e,1ebeff8e,Move data_utils to utils.data_utils.,2
2152,Keras 1.0 preview,295bfe4e,4ec84541,Fixes in imagedatagenerator,2
2152,Keras 1.0 preview,295bfe4e,763a2a95,"Style and dosctring fixes, sklearn wrapper.",2
2152,Keras 1.0 preview,295bfe4e,37996605,Update pool module import for Theano,2
2152,Keras 1.0 preview,295bfe4e,58ca064f,Use MSE in stateful example.,2
2152,Keras 1.0 preview,295bfe4e,654404c2,Add a few explanatory comments in recurrent.py,2
2152,Keras 1.0 preview,295bfe4e,7896ef71,Style standardization,2
2152,Keras 1.0 preview,295bfe4e,d4e96964,Merge branch 'master' of ssh://github.com/fchollet/keras,2
2152,Keras 1.0 preview,295bfe4e,4cff0623,Update documentation.,2
2152,Keras 1.0 preview,295bfe4e,0ec57f28,Fix fit_generator docstring,2
2152,Keras 1.0 preview,295bfe4e,860e4e91,Various fixes in evaluate_generator/fit_generator.,2
2152,Keras 1.0 preview,295bfe4e,f27c5b05,merge conflict,2
2152,Keras 1.0 preview,295bfe4e,523e24e8,Simplify Theano RNN when no mask is passed,2
2152,Keras 1.0 preview,295bfe4e,a07efd4b,Update examples in doc,2
2152,Keras 1.0 preview,295bfe4e,0ca4a0fb,Add binary classification example in doc,2
2152,Keras 1.0 preview,295bfe4e,3d85402c,Fix various typos,2
2152,Keras 1.0 preview,295bfe4e,9720db95,Fix typo,2
2152,Keras 1.0 preview,295bfe4e,c5d11f1d,Fix AutoEncoder; cleaner API.,2
2152,Keras 1.0 preview,295bfe4e,92b1948d,Fix typo,2
2152,Keras 1.0 preview,295bfe4e,2e90ae18,Update Theano install instructions,2
2152,Keras 1.0 preview,295bfe4e,ed1297b3,Update Theano install instructions,2
2152,Keras 1.0 preview,295bfe4e,d0014086,Fix conv2d mode in doc examples,2
2152,Keras 1.0 preview,295bfe4e,ced84d53,Fix example docstring,2
2152,Keras 1.0 preview,295bfe4e,d0b98a2c,Antirectifier example style fixes,2
2152,Keras 1.0 preview,295bfe4e,09d91fcc,Add antirectifier example,2
2152,Keras 1.0 preview,295bfe4e,c8176fd3,Update FAQ in documentation,2
2152,Keras 1.0 preview,295bfe4e,d870e45e,Fix flaky test,2
2152,Keras 1.0 preview,295bfe4e,6ec1f7a4,Fix callback tests,2
2152,Keras 1.0 preview,295bfe4e,e34f9e6d,Add tests for callbacks,2
2152,Keras 1.0 preview,295bfe4e,8d3b8ff6,Improve callback functionality,2
2152,Keras 1.0 preview,295bfe4e,71952f29,Remove make_reuters_dataset,2
2152,Keras 1.0 preview,295bfe4e,febf9b21,Fix output caching.,2
2152,Keras 1.0 preview,295bfe4e,e8e8f762,Introduce layer output caching.,2
2152,Keras 1.0 preview,295bfe4e,de8e009e,Merge branch 'mynameisfiber-master',2
2152,Keras 1.0 preview,295bfe4e,23afa3f3,RNN unit tests touch-ups,2
2152,Keras 1.0 preview,295bfe4e,b7db4486,Merge branch 'master' of https://github.com/mynameisfiber/keras into mynameisfiber-master,2
2152,Keras 1.0 preview,295bfe4e,59406a71,Update callbacks documentation,2
2152,Keras 1.0 preview,295bfe4e,7da15230,Replace unittest with pytest,2
2152,Keras 1.0 preview,295bfe4e,31cf6b16,Fix Adadelta serialization,2
2152,Keras 1.0 preview,295bfe4e,3ce1883a,Update documentation,2
2152,Keras 1.0 preview,295bfe4e,93718562,One more attempt at fixing indeterminism on Travis,2
2152,Keras 1.0 preview,295bfe4e,5fe40861,New attempt at fixing test indeterminism,2
2152,Keras 1.0 preview,295bfe4e,182e84d0,Attempt to reduce indeterminism in tests,2
2152,Keras 1.0 preview,295bfe4e,2c30d503,Fix sample weights generation for validation data,2
2152,Keras 1.0 preview,295bfe4e,7a86ff7f,Fixes in loss weighting with validation data,2
2152,Keras 1.0 preview,295bfe4e,3c4f0ac6,"Revert ""Fix sample_weight and class_weight in validation""",2
2152,Keras 1.0 preview,295bfe4e,9773e810,Fix sample_weight and class_weight in validation,2
2152,Keras 1.0 preview,295bfe4e,484039d2,Merge branch 'conv_same_with_cudnn' of https://github.com/entron/keras into entron-conv_same_with_cudnn,2
2152,Keras 1.0 preview,295bfe4e,a7014350,Merge branch 'time-distributed-class-weights',2
2152,Keras 1.0 preview,295bfe4e,24bf8488,Merge branch 'time-distributed-class-weights' of https://github.com/wxs/keras into time-distributed-class-weights,2
2152,Keras 1.0 preview,295bfe4e,bad60eed,Merge branch 'wxs-fix-weight-mask-interaction',2
2152,Keras 1.0 preview,295bfe4e,21f0bfa2,Fix loss masking test,2
2152,Keras 1.0 preview,295bfe4e,6ef6128b,Merge branch 'fix-weight-mask-interaction' of https://github.com/wxs/keras into wxs-fix-weight-mask-interaction,2
2152,Keras 1.0 preview,295bfe4e,34999c86,Fix Poisson loss when target = 0,2
2152,Keras 1.0 preview,295bfe4e,f66b58bb,Merge branch 'master' of https://github.com/fchollet/keras,2
2152,Keras 1.0 preview,295bfe4e,6cd8d3c3,Fix optimizer serialization,2
2152,Keras 1.0 preview,295bfe4e,aa21a15b,Merge branch 'EderSantana-master',2
2152,Keras 1.0 preview,295bfe4e,93624e10,Fix graph container,2
2152,Keras 1.0 preview,295bfe4e,d9579e1c,Learning rate scheduling touch-ups,2
2152,Keras 1.0 preview,295bfe4e,5af36525,Merge branch 'master' of https://github.com/EderSantana/keras into EderSantana-master,2
2152,Keras 1.0 preview,295bfe4e,eb11ad77,Merge branch 'master' of https://github.com/fchollet/keras,2
2152,Keras 1.0 preview,295bfe4e,ff197781,Multi-io get_input / get_ouput in graph container,2
2152,Keras 1.0 preview,295bfe4e,af84a687,Remove irrelevant code in convolutional,2
2152,Keras 1.0 preview,295bfe4e,a478930d,"Add weight loading to PReLU, ParametricSoftPlus",2
2152,Keras 1.0 preview,295bfe4e,78feed7f,Fix autoencoder serialization,2
2152,Keras 1.0 preview,295bfe4e,818f5d7d,Merge branch 'master' of https://github.com/fchollet/keras,2
2152,Keras 1.0 preview,295bfe4e,23b1d792,Merge branch 'Smerity-master',2
2152,Keras 1.0 preview,295bfe4e,d5455154,Touch-ups to addition RNN example,2
2152,Keras 1.0 preview,295bfe4e,97174dd2,Fix batch normalization as first layer,2
2152,Keras 1.0 preview,295bfe4e,3dd6dbe5,Merge branch 'master' of https://github.com/fchollet/keras,2
2152,Keras 1.0 preview,295bfe4e,4de2b588,Fix graph model,2
2152,Keras 1.0 preview,295bfe4e,a02ccc2a,Change API of ZeroPadding2D,2
2152,Keras 1.0 preview,295bfe4e,f4947578,Merge branch 'anayebi-master',2
2152,Keras 1.0 preview,295bfe4e,965a8cae,"Convolution layers: style cleanup, code re-org",2
2152,Keras 1.0 preview,295bfe4e,c61616ab,Merge branch 'master' of https://github.com/anayebi/keras into anayebi-master,2
2152,Keras 1.0 preview,295bfe4e,ca758bef,Fix RepeatVector in captioning example,2
2152,Keras 1.0 preview,295bfe4e,a1161885,Fix text preprocessing,2
2152,Keras 1.0 preview,295bfe4e,f7d4a1e4,Merge branch 'master' of https://github.com/fchollet/keras,2
2152,Keras 1.0 preview,295bfe4e,7115efc3,Remove optional loss masking (now automatic),2
2152,Keras 1.0 preview,295bfe4e,a6aa7940,Fix history in graph model.,2
2152,Keras 1.0 preview,295bfe4e,ae4219e6,Fix loss masking tests,2
2152,Keras 1.0 preview,295bfe4e,b3cb7f4e,Merge branch 'master' of https://github.com/EderSantana/keras into EderSantana-master,2
2152,Keras 1.0 preview,295bfe4e,eac3bf8b,Extend layer API to multi inputs / ouputs,2
2152,Keras 1.0 preview,295bfe4e,425f2903,Add create_output option in Graph model,2
2152,Keras 1.0 preview,295bfe4e,1b66e36e,Merge branch 'master' of https://github.com/fchollet/keras,2
2152,Keras 1.0 preview,295bfe4e,b0576247,Add border_mode = same to Convolution1D,2
2152,Keras 1.0 preview,295bfe4e,9e7f67b6,Fix typo,2
2152,Keras 1.0 preview,295bfe4e,c81d6ec9,Fix batch normalization,2
2152,Keras 1.0 preview,295bfe4e,0eea5055,Use readthedocs theme in dev doc version,2
2152,Keras 1.0 preview,295bfe4e,e1d8b1ba,Update MaxPooling1D documentation.,2
2152,Keras 1.0 preview,295bfe4e,616fcbaa,Merge branch 'nehz-MaxPooling1D-fix' of https://github.com/nehz/keras into nehz-nehz-MaxPooling1D-fix,2
2152,Keras 1.0 preview,295bfe4e,37965cae,Style touch-ups in babi example,2
2152,Keras 1.0 preview,295bfe4e,4ecb5bdd,Fix Hualos callback,2
2152,Keras 1.0 preview,295bfe4e,1e3d9f7b,Fix Hualos callback,2
2152,Keras 1.0 preview,295bfe4e,15a3a1f1,"Randomness seeding, small fixes",2
2152,Keras 1.0 preview,295bfe4e,48381f8a,Masking layer touch-ups,2
2152,Keras 1.0 preview,295bfe4e,3212cd4c,Merge branch 'masking-layer' of https://github.com/amitbeka/keras into amitbeka-masking-layer,2
2152,Keras 1.0 preview,295bfe4e,6a1ede1a,Merge branch 'master' of https://github.com/fchollet/keras,2
2152,Keras 1.0 preview,295bfe4e,b64217cd,Small style fixes,2
2152,Keras 1.0 preview,295bfe4e,275f4166,Merge branch 'master' of https://github.com/fchollet/keras,2
2152,Keras 1.0 preview,295bfe4e,8675fc52,Update core layers documentation,2
2152,Keras 1.0 preview,295bfe4e,a4def208,Fix serialization,2
2152,Keras 1.0 preview,295bfe4e,f1d60121,Fix optimizers test,2
2152,Keras 1.0 preview,295bfe4e,06610325,Merge branch 'master' of https://github.com/kenterao/keras into kenterao-master,2
2152,Keras 1.0 preview,295bfe4e,4f6b1a4d,Add optimizers tests,2
2152,Keras 1.0 preview,295bfe4e,0e295dbd,Merge branch 'master' of https://github.com/fchollet/keras,2
2152,Keras 1.0 preview,295bfe4e,7c3bf9d0,Add dataset tests,2
2152,Keras 1.0 preview,295bfe4e,e06f9df8,Refactor model serialization,2
2152,Keras 1.0 preview,295bfe4e,b6aaeb35,Fix embedding test,2
2152,Keras 1.0 preview,295bfe4e,d1387c1e,Move model_utils to layer_utils,2
2152,Keras 1.0 preview,295bfe4e,3a28da9e,Cleanup/fix model_utils,2
2152,Keras 1.0 preview,295bfe4e,32fd2028,Merge branch 'print_layer_shapes' of https://github.com/julienr/keras into julienr-print_layer_shapes,2
2152,Keras 1.0 preview,295bfe4e,e975f8a6,Remove deprecated methods,2
2152,Keras 1.0 preview,295bfe4e,a08bf38e,Extend loss weighting tests,2
2152,Keras 1.0 preview,295bfe4e,6289de37,Fix & extend loss weighting,2
2152,Keras 1.0 preview,295bfe4e,8a99d6e4,Merge branch 'master' of https://github.com/kenterao/keras into kenterao-master,2
2152,Keras 1.0 preview,295bfe4e,6ed288b1,Merge branch 'the-moliver-Psoftplus',2
2152,Keras 1.0 preview,295bfe4e,94037730,merge,2
2152,Keras 1.0 preview,295bfe4e,1ebec1e5,merge,2
2152,Keras 1.0 preview,295bfe4e,ed9834c6,Remove dot utils doc,2
2152,Keras 1.0 preview,295bfe4e,3037183c,Remove dot_utils,2
2152,Keras 1.0 preview,295bfe4e,ec8f7f00,Codebase cleanup,2
2152,Keras 1.0 preview,295bfe4e,f392a780,Merge branch 'master' of https://github.com/fchollet/keras,2
2152,Keras 1.0 preview,295bfe4e,72e73b0a,Merge branch 'cmyr-batch-shuffle',2
2152,Keras 1.0 preview,295bfe4e,2fbfbddd,Cleanup error msg,2
2152,Keras 1.0 preview,295bfe4e,e98b1c23,Merge branch 'batch-shuffle' of https://github.com/cmyr/keras into cmyr-batch-shuffle,2
2152,Keras 1.0 preview,295bfe4e,d2b58497,Merge branch 'anayebi-master',2
2152,Keras 1.0 preview,295bfe4e,4b6bf1db,Fix Permute layer,2
2152,Keras 1.0 preview,295bfe4e,84d9171a,Merge branch 'master' of https://github.com/anayebi/keras into anayebi-master,2
2152,Keras 1.0 preview,295bfe4e,c777cdf8,Update README,2
2152,Keras 1.0 preview,295bfe4e,91a15fdf,"Doc, README touch-ups",2
2152,Keras 1.0 preview,295bfe4e,6a4aab45,Fix border mode = same in Conv2D,2
2152,Keras 1.0 preview,295bfe4e,46e19b95,Cleanup,2
2152,Keras 1.0 preview,295bfe4e,8824f1b4,Fix yaml serialization support,2
2152,Keras 1.0 preview,295bfe4e,43d84368,Fixes in yaml serialization,2
2152,Keras 1.0 preview,295bfe4e,08abc317,Merge branch 'yaml' of https://github.com/maxpumperla/keras into maxpumperla-yaml,2
2152,Keras 1.0 preview,295bfe4e,036d968a,Merge branch 'master' of https://github.com/fchollet/keras,2
2152,Keras 1.0 preview,295bfe4e,510068b8,Merge branch 'pjadzinsky-master',2
2152,Keras 1.0 preview,295bfe4e,43736166,Touch-ups to 'same' border mode,2
2152,Keras 1.0 preview,295bfe4e,9e256698,Merge branch 'master' of https://github.com/pjadzinsky/keras into pjadzinsky-master,2
2152,Keras 1.0 preview,295bfe4e,fd1d5908,Fix graph tests,2
2152,Keras 1.0 preview,295bfe4e,08b1964b,Fix doc,2
2152,Keras 1.0 preview,295bfe4e,94c930e9,Remove weight tying in autoencoder,2
2152,Keras 1.0 preview,295bfe4e,2d0e84a8,Merge branch 'mikekestemont-master',2
2152,Keras 1.0 preview,295bfe4e,c8a2f46f,Rename IMDB CNN example,2
2152,Keras 1.0 preview,295bfe4e,6899a9db,Revise IMDB conv1d example,2
2152,Keras 1.0 preview,295bfe4e,238d3909,Merge branch 'master' of https://github.com/mikekestemont/keras into mikekestemont-master,2
2152,Keras 1.0 preview,295bfe4e,22bd7cfa,Update reuters dataset,2
2152,Keras 1.0 preview,295bfe4e,03e512a3,Batch validation in fit,2
2152,Keras 1.0 preview,295bfe4e,a3dadff3,Update documentation,2
2152,Keras 1.0 preview,295bfe4e,65ebd8aa,Merge branch 'master' of https://github.com/fchollet/keras,2
2152,Keras 1.0 preview,295bfe4e,9f71949d,Dynamic epsilon in objectives,2
2152,Keras 1.0 preview,295bfe4e,5bf27185,Fix binary_crossentropy,2
2152,Keras 1.0 preview,295bfe4e,9a649d2b,Fix GaussianNoise imports,2
2152,Keras 1.0 preview,295bfe4e,c06b7467,Merge branch 'patch-1' of https://github.com/the-moliver/keras into the-moliver-patch-1,2
2152,Keras 1.0 preview,295bfe4e,bc05a25b,"Fix tests, increase coverage",2
2152,Keras 1.0 preview,295bfe4e,1e73e1bc,Fix History callback,2
2152,Keras 1.0 preview,295bfe4e,07f2253f,Add test for sequential model,2
2152,Keras 1.0 preview,295bfe4e,f817e2e7,merge,2
2152,Keras 1.0 preview,295bfe4e,7094be1b,Add y standardization to graph model,2
2152,Keras 1.0 preview,295bfe4e,7c8d9aaf,Fix gaussian noise doc,2
2152,Keras 1.0 preview,295bfe4e,6c55dbd6,Fix callbacks doc,2
2152,Keras 1.0 preview,295bfe4e,ab8f7da8,Put GaussianNoise in its own module.,2
2152,Keras 1.0 preview,295bfe4e,1f21e61a,Merge branch 'master' of https://github.com/Reddine/keras into Reddine-master,2
2152,Keras 1.0 preview,295bfe4e,16f737ff,Fix AE example in doc,2
2152,Keras 1.0 preview,295bfe4e,1fe6556a,Fix graph doc,2
2152,Keras 1.0 preview,295bfe4e,aeb954dd,Add dtype to graph inputs,2
2152,Keras 1.0 preview,295bfe4e,35bcd5a4,Touch-ups in examples and doc,2
2152,Keras 1.0 preview,295bfe4e,b1d94489,Refactor merge layer,2
2152,Keras 1.0 preview,295bfe4e,fe3c4d73,Update graph tests,2
2152,Keras 1.0 preview,295bfe4e,ddd5f476,Fix container merging issue,2
2152,Keras 1.0 preview,295bfe4e,63f9a795,Fix ModelCheckpoint callback,2
2152,Keras 1.0 preview,295bfe4e,8995b50a,Remove DenoisingAutoEncoder,2
2152,Keras 1.0 preview,295bfe4e,b22e547e,Merge branch 'Reddine-master',2
2152,Keras 1.0 preview,295bfe4e,8bd8ae1d,Correct MAPE loss,2
2152,Keras 1.0 preview,295bfe4e,1530f31c,Merge branch 'master' of https://github.com/Reddine/keras into Reddine-master,2
2152,Keras 1.0 preview,295bfe4e,f2c97d81,Add Graph model to doc,2
2152,Keras 1.0 preview,295bfe4e,53a05b6e,Fix metrics issue in evaluate,2
2152,Keras 1.0 preview,295bfe4e,dab55518,Update cifar10 example,2
2152,Keras 1.0 preview,295bfe4e,be75548c,Add graph config management,2
2152,Keras 1.0 preview,295bfe4e,553a7c02,"Graph bugfix, improve tests",2
2152,Keras 1.0 preview,295bfe4e,66b8f371,Complete working version of graphs. API needs work,2
2152,Keras 1.0 preview,295bfe4e,f1cd4365,"Fixes in models, callbacks",2
2152,Keras 1.0 preview,295bfe4e,f3022309,merge,2
2152,Keras 1.0 preview,295bfe4e,76b9877c,Add MSLE objective,2
2152,Keras 1.0 preview,295bfe4e,243d4737,Better API for Convolution1D and MaxPooling1D,2
2152,Keras 1.0 preview,295bfe4e,9e4e4328,Merge branch 'pranv-master',2
2152,Keras 1.0 preview,295bfe4e,c7c53725,Style fixes,2
2152,Keras 1.0 preview,295bfe4e,2baa9a8e,Merge branch 'master' of https://github.com/pranv/keras into pranv-master,2
2152,Keras 1.0 preview,295bfe4e,e63644cf,Fix denoising autoencoder issue,2
2152,Keras 1.0 preview,295bfe4e,a5f4bd33,Merge branch 'master' of https://github.com/fchollet/keras,2
2152,Keras 1.0 preview,295bfe4e,522201ec,Add test utils,2
2152,Keras 1.0 preview,295bfe4e,8e1e32a9,Fix tests,2
2152,Keras 1.0 preview,295bfe4e,0332b95c,Remove check in binary_crossentropy,2
2152,Keras 1.0 preview,295bfe4e,f53c3195,Merge branch 'master' of https://github.com/fchollet/keras,2
2152,Keras 1.0 preview,295bfe4e,940bd47b,Add test_loss_weighting,2
2152,Keras 1.0 preview,295bfe4e,ee730496,Add test_tasks,2
2152,Keras 1.0 preview,295bfe4e,06d7c7da,Strict handling of incorrect dims in binary_xent,2
2152,Keras 1.0 preview,295bfe4e,bba53793,Fix constraint tests,2
2152,Keras 1.0 preview,295bfe4e,28054136,Merge branch 'master' of https://github.com/fchollet/keras,2
2152,Keras 1.0 preview,295bfe4e,2d5b86d7,Merge branch 'mthrok-master',2
2152,Keras 1.0 preview,295bfe4e,12a5c6fe,Touch-ups in IRNN example,2
2152,Keras 1.0 preview,295bfe4e,e50462e7,Merge branch 'master' of https://github.com/mthrok/keras into mthrok-master,2
2152,Keras 1.0 preview,295bfe4e,27861828,Fix masking issue,2
2152,Keras 1.0 preview,295bfe4e,a4329aa4,Merge branch 'master' of https://github.com/fchollet/keras,2
2152,Keras 1.0 preview,295bfe4e,24df6a9f,Fix weights in model.test,2
2152,Keras 1.0 preview,295bfe4e,560cb945,Callback refactor,2
2152,Keras 1.0 preview,295bfe4e,2ab9f0ef,Add working Graph container,2
2152,Keras 1.0 preview,295bfe4e,d148ff11,Initial draft of Graph container,2
2152,Keras 1.0 preview,295bfe4e,c7aac3ce,ones as default init for LSTM forget gate bias,2
2152,Keras 1.0 preview,295bfe4e,ce659e56,Fix check for mask,2
2152,Keras 1.0 preview,295bfe4e,e8a6ae29,Fix regularization in Embedding,2
2152,Keras 1.0 preview,295bfe4e,e3d3d622,Update doc with sample_weight and class_weight,2
2152,Keras 1.0 preview,295bfe4e,877d4474,Merge branch 'master' of https://github.com/fchollet/keras,2
2152,Keras 1.0 preview,295bfe4e,cc9edcf4,"Fix merge conflicts, add class_weight support",2
2152,Keras 1.0 preview,295bfe4e,5e5bff05,Simplify IMDB example,2
2152,Keras 1.0 preview,295bfe4e,c4735f59,Doc touch-ups,2
2152,Keras 1.0 preview,295bfe4e,3af40ba5,Fix typo in doc,2
2152,Keras 1.0 preview,295bfe4e,36e5a17b,Update docs,2
2152,Keras 1.0 preview,295bfe4e,cbde35fd,Improve API of ActivityRegularization,2
2152,Keras 1.0 preview,295bfe4e,76b28524,Remove image_shape in conv layers,2
2152,Keras 1.0 preview,295bfe4e,090ada4e,Fix mkdocs.yml,2
2152,Keras 1.0 preview,295bfe4e,8ef90a03,Switch convolutional layers to new regularization,2
2152,Keras 1.0 preview,295bfe4e,f04fdec9,Incorporate regularization into loss function,2
2152,Keras 1.0 preview,295bfe4e,0d6575c7,Merge branch 'master' of https://github.com/fchollet/keras,2
2152,Keras 1.0 preview,295bfe4e,cc750adf,Merge branch 'phreeza-activity_reg',2
2152,Keras 1.0 preview,295bfe4e,752037c1,Remove loss_update system,2
2152,Keras 1.0 preview,295bfe4e,ba11d9ca,Restore callbacks in fit,2
2152,Keras 1.0 preview,295bfe4e,499a0500,Fix regularisers/constraints tests,2
2152,Keras 1.0 preview,295bfe4e,c9addefa,Simplify regularizers,2
2152,Keras 1.0 preview,295bfe4e,0f12e011,Switch constraints to OO model,2
2152,Keras 1.0 preview,295bfe4e,4d267f5b,Remove manual check for regularizers (use auto),2
2152,Keras 1.0 preview,295bfe4e,57193225,Merge branch 'activity_reg' of https://github.com/phreeza/keras into phreeza-activity_reg,2
2152,Keras 1.0 preview,295bfe4e,5b6f56a0,Add mask support to new recurrent layers,2
2152,Keras 1.0 preview,295bfe4e,9c8e0d43,Add support for custom padding value in sequence,2
2152,Keras 1.0 preview,295bfe4e,ea0b7d26,"Add text dataset support for OOV, start chars",2
2152,Keras 1.0 preview,295bfe4e,99c20e25,Make sure key examples are deterministic,2
2152,Keras 1.0 preview,295bfe4e,2abb4b23,Merge branch 'the-moliver-patch-1',2
2152,Keras 1.0 preview,295bfe4e,0d6c55d5,Style touch-ups,2
2152,Keras 1.0 preview,295bfe4e,45e444cc,Code style fixes,2
2152,Keras 1.0 preview,295bfe4e,5d1976c4,Update IMDB example,2
2152,Keras 1.0 preview,295bfe4e,3995b18f,Merge branch 'mask_value' of https://github.com/wxs/keras into wxs-mask_value,2
2152,Keras 1.0 preview,295bfe4e,90c4edef,Merge branch 'mask_value' of https://github.com/wxs/keras into wxs-mask_value,2
2152,Keras 1.0 preview,295bfe4e,7fafc8ec,Merge branch 'master' of https://github.com/fchollet/keras,2
2152,Keras 1.0 preview,295bfe4e,91aa190c,Merge branch 'transcranial-RNN-MUT',2
2152,Keras 1.0 preview,295bfe4e,4e19cd29,Merge branch 'amitbeka-get_from_module_unicode_fix',2
2152,Keras 1.0 preview,295bfe4e,1d02231a,Merge branch 'get_from_module_unicode_fix' of https://github.com/amitbeka/keras into amitbeka-get_from_module_unicode_fix,2
2152,Keras 1.0 preview,295bfe4e,6d82ba75,Merge branch 'wxs-remove-time-distributed-softmax',2
2152,Keras 1.0 preview,295bfe4e,135dccfe,Coding style,2
2152,Keras 1.0 preview,295bfe4e,4c5f8e36,merge,2
2152,Keras 1.0 preview,295bfe4e,515c430f,Merge autoencoder fix,2
2152,Keras 1.0 preview,295bfe4e,8a2ae93b,Improve autoencoder check,2
2152,Keras 1.0 preview,295bfe4e,a9f94c94,Revert loss weighting,2
2152,Keras 1.0 preview,295bfe4e,15536971,Update gitignore,2
2152,Keras 1.0 preview,295bfe4e,3dd4b2e8,Rename test folder,2
2152,Keras 1.0 preview,295bfe4e,a1912b07,Rename lossweights test,2
2152,Keras 1.0 preview,295bfe4e,f8ee81d8,Revert loss weighting,2
2152,Keras 1.0 preview,295bfe4e,384634d3,Update gitignore,2
2152,Keras 1.0 preview,295bfe4e,dd82a394,Rename test folder,2
2152,Keras 1.0 preview,295bfe4e,9763f811,Rename lossweights test,2
2152,Keras 1.0 preview,295bfe4e,5a1a00e6,Add RemoteMonitor callback,2
2152,Keras 1.0 preview,295bfe4e,97f23268,Refactor test_lossweights into unit test,2
2152,Keras 1.0 preview,295bfe4e,fd5b68db,Fix Python3 issue with class_weight,2
2152,Keras 1.0 preview,295bfe4e,ac0a9db0,Merge,2
2152,Keras 1.0 preview,295bfe4e,1d586440,Rewrite class_weight and sample_weight tests,2
2152,Keras 1.0 preview,295bfe4e,b44ecab2,Make RNG deterministic when seeded through numpy,2
2152,Keras 1.0 preview,295bfe4e,34cbc1d4,Merge branch 'instance_weight' of https://github.com/tdhd/keras into tdhd-instance_weight,2
2152,Keras 1.0 preview,295bfe4e,0e6fd3d3,Update callbacks documentation,2
2152,Keras 1.0 preview,295bfe4e,ccbe381d,Add early stopping,2
2152,Keras 1.0 preview,295bfe4e,1f224de9,Fix callbacks doc,2
2152,Keras 1.0 preview,295bfe4e,e23e86ae,"Improve examples, add new MNIST CNN example",2
2152,Keras 1.0 preview,295bfe4e,06f22db6,Up the batch size in MNIST example,2
2152,Keras 1.0 preview,295bfe4e,d5502324,Merge branch 'master' of https://github.com/fchollet/keras,2
2152,Keras 1.0 preview,295bfe4e,6329378c,Make pre-padding the default in sequence tensors,2
2152,Keras 1.0 preview,295bfe4e,702e9d3b,Merge branch 'master' of https://github.com/fchollet/keras,2
2152,Keras 1.0 preview,295bfe4e,1857a6af,Improve LSTM text generation example,2
2152,Keras 1.0 preview,295bfe4e,872a9faf,Fix printing for Python2 in LSTM example,2
2152,Keras 1.0 preview,295bfe4e,d2b229df,Add LSTM text generation example,2
2152,Keras 1.0 preview,295bfe4e,bf4822f6,Fix autoencoder issue,2
2152,Keras 1.0 preview,295bfe4e,ce209553,Update setup.py,2
2152,Keras 1.0 preview,295bfe4e,fabfdb86,Remove long_description from setup.py,2
2152,Keras 1.0 preview,295bfe4e,b82ab804,Update setup.py and setup.cfg for pypi release,2
2152,Keras 1.0 preview,295bfe4e,eda2970b,Fix Reuters example,2
2152,Keras 1.0 preview,295bfe4e,a7936ffc,Remove activation targets from documentation,2
2152,Keras 1.0 preview,295bfe4e,dc2ad011,Merge branch 'pranv-master',2
2152,Keras 1.0 preview,295bfe4e,ba45a6eb,Add Convolution1D and MaxPooling1D,2
2152,Keras 1.0 preview,295bfe4e,734ba38e,Merge branch 'master' of https://github.com/pranv/keras into pranv-master,2
2152,Keras 1.0 preview,295bfe4e,14cc628b,Merge branch 'master' of https://github.com/fchollet/keras,2
2152,Keras 1.0 preview,295bfe4e,08562666,Fix redundant callbacks issue,2
2152,Keras 1.0 preview,295bfe4e,cd3a0359,Merge branch 'master' of https://github.com/fchollet/keras,2
2152,Keras 1.0 preview,295bfe4e,ee179f7d,Fix conflicts with AutoEncoder,2
2152,Keras 1.0 preview,295bfe4e,a44d5a7d,Merge branch 'tdhd-model_checkpoints',2
2152,Keras 1.0 preview,295bfe4e,01682915,API style changes in ModelCheckpoint callback,2
2152,Keras 1.0 preview,295bfe4e,2fd77073,Merge branch 'model_checkpoints' of https://github.com/tdhd/keras into tdhd-model_checkpoints,2
2152,Keras 1.0 preview,295bfe4e,6892a20a,Add prompt for file overwriting in save_weights,2
2152,Keras 1.0 preview,295bfe4e,a96ac71a,Merge branch 'master' of https://github.com/fchollet/keras,2
2152,Keras 1.0 preview,295bfe4e,a32b7ef0,Cleanup models import,2
2152,Keras 1.0 preview,295bfe4e,2084c160,Refactor models.Sequential,2
2152,Keras 1.0 preview,295bfe4e,8c1fe919,Fix constraints tests,2
2152,Keras 1.0 preview,295bfe4e,188ea6d8,Merge branch 'jramapuram-autoencoders',2
2152,Keras 1.0 preview,295bfe4e,2ee57938,"Autoencoder: Py3 compatibility, style",2
2152,Keras 1.0 preview,295bfe4e,751cfc11,Merge branch 'autoencoders' of https://github.com/jramapuram/keras into jramapuram-autoencoders,2
2152,Keras 1.0 preview,295bfe4e,93c62cd6,Merge branch 'master' of https://github.com/fchollet/keras,2
2152,Keras 1.0 preview,295bfe4e,8606aec9,Fix verbose mode in .fit(),2
2152,Keras 1.0 preview,295bfe4e,54b999e6,Update callback system,2
2152,Keras 1.0 preview,295bfe4e,1d61d18b,Update docs for callbacks,2
2152,Keras 1.0 preview,295bfe4e,4f995845,Remove History callback (redundant),2
2152,Keras 1.0 preview,295bfe4e,39a69b3f,Update documentation for CIFAR datasets.,2
2152,Keras 1.0 preview,295bfe4e,28113b20,Add CIFAR100 dataset,2
2152,Keras 1.0 preview,295bfe4e,b5c1ccab,Fix conflicts,2
2152,Keras 1.0 preview,295bfe4e,5e49367e,Python 3 compatibility for callbacks,2
2152,Keras 1.0 preview,295bfe4e,3d51788e,Merge branch 'tristandeleu-master',2
2152,Keras 1.0 preview,295bfe4e,49603c15,Update callback system,2
2152,Keras 1.0 preview,295bfe4e,5caea2a5,Merge branch 'master' of https://github.com/tristandeleu/keras into tristandeleu-master,2
2152,Keras 1.0 preview,295bfe4e,b2dc2921,Small doc fix,2
2152,Keras 1.0 preview,295bfe4e,31fbf7f2,Merge branch 'master' of https://github.com/fchollet/keras,2
2152,Keras 1.0 preview,295bfe4e,994260e3,Update setup.py and installation instructions,2
2152,Keras 1.0 preview,295bfe4e,5e2b9358,Fix issue in Theano scan for recurrent layers,2
2152,Keras 1.0 preview,295bfe4e,b5fb00d7,Merge branch 'master' of https://github.com/fchollet/keras,2
2152,Keras 1.0 preview,295bfe4e,437f85d5,Update README,2
2152,Keras 1.0 preview,295bfe4e,c1cf2065,Allow for Merge as a final layer,2
2152,Keras 1.0 preview,295bfe4e,6667ab75,Merge branch 'stephenroller-master',2
2152,Keras 1.0 preview,295bfe4e,3a97b186,Merge branch 'master' of https://github.com/stephenroller/keras into stephenroller-master,2
2152,Keras 1.0 preview,295bfe4e,ff3d0624,Validation data batching in .fit(),2
2152,Keras 1.0 preview,295bfe4e,abedfa8a,Fix clipnorm,2
2152,Keras 1.0 preview,295bfe4e,482bf236,Add documentation for Merge layer,2
2152,Keras 1.0 preview,295bfe4e,e82ab0ca,Add support for model merging,2
2152,Keras 1.0 preview,295bfe4e,c8a104b8,Fix shuffle=False in .fit(),2
2152,Keras 1.0 preview,295bfe4e,f596d7a5,Fix Readme,2
2152,Keras 1.0 preview,295bfe4e,12318cf4,Update model documentation with recent changes,2
2152,Keras 1.0 preview,295bfe4e,3108e919,Use running estimates in BatchNormalization,2
2152,Keras 1.0 preview,295bfe4e,b763f896,Improve Otto example,2
2152,Keras 1.0 preview,295bfe4e,43bfeb0a,Merge branch 'master' of https://github.com/fchollet/keras,2
2152,Keras 1.0 preview,295bfe4e,9a45500d,Fix init in SimpleDeepRNN,2
2152,Keras 1.0 preview,295bfe4e,9390d630,model.fit() return training history,2
2152,Keras 1.0 preview,295bfe4e,376373d1,Merge branch 'master' of https://github.com/fchollet/keras,2
2152,Keras 1.0 preview,295bfe4e,be1ec8ae,Layer API refactor,2
2152,Keras 1.0 preview,295bfe4e,03fa4180,Update skipgram embedding example,2
2152,Keras 1.0 preview,295bfe4e,18374589,Update README.md,2
2152,Keras 1.0 preview,295bfe4e,e97b873d,Update documentation,2
2152,Keras 1.0 preview,295bfe4e,122baad7,Merge branch 'master' of https://github.com/fchollet/keras,2
2152,Keras 1.0 preview,295bfe4e,31ea0186,Allow to start model with dim-agnostic layer,2
2152,Keras 1.0 preview,295bfe4e,938f96b6,Eye candy,2
2152,Keras 1.0 preview,295bfe4e,ea92046a,Check on regularizers/constraints list length,2
2152,Keras 1.0 preview,295bfe4e,6fc8660a,Finalize optimizer fixes,2
2152,Keras 1.0 preview,295bfe4e,33b7be70,merge,2
2152,Keras 1.0 preview,295bfe4e,3b2acf76,Fix constraints and regularizers,2
2152,Keras 1.0 preview,295bfe4e,3653f906,Revert constraints / regularizers,2
2152,Keras 1.0 preview,295bfe4e,426ea154,Merge branch 'master' of https://github.com/fchollet/keras,2
2152,Keras 1.0 preview,295bfe4e,361fd41f,Merge branch 'the-moliver-regu',2
2152,Keras 1.0 preview,295bfe4e,050fd970,Fix MNIST example,2
2152,Keras 1.0 preview,295bfe4e,23f2d4f0,Add new pages to doc index,2
2152,Keras 1.0 preview,295bfe4e,83c6e73d,Fix layer config saving for Dropout,2
2152,Keras 1.0 preview,295bfe4e,e828a3f6,Merge branch 'regu' of https://github.com/the-moliver/keras into the-moliver-regu,2
2152,Keras 1.0 preview,295bfe4e,868770a3,Merge pull request #92 from seiteta/patch-1,2
2152,Keras 1.0 preview,295bfe4e,a17599ea,Fix local building of doc,2
2152,Keras 1.0 preview,295bfe4e,083bf1c7,Fix image preprocessing normalization,2
2152,Keras 1.0 preview,295bfe4e,54691f9b,"Add modes to BatchNormalization, fix BN issues",2
2152,Keras 1.0 preview,295bfe4e,eb7cf737,Fix Reuters example,2
2152,Keras 1.0 preview,295bfe4e,c53c15db,Fix Reuters example,2
2152,Keras 1.0 preview,295bfe4e,b0cbed3f,Set default init to glorot_uniform,2
2152,Keras 1.0 preview,295bfe4e,d8ddaffb,Update dependencies.,2
2152,Keras 1.0 preview,295bfe4e,69b69e40,Add documentation for save and load functions.,2
2152,Keras 1.0 preview,295bfe4e,05e86aee,Merge pull request #83 from mizdler/master,2
2152,Keras 1.0 preview,295bfe4e,aa57cce3,Merge pull request #78 from jfsantos/master,2
2152,Keras 1.0 preview,295bfe4e,28f6e8ae,Merge pull request #76 from jfsantos/master,2
2152,Keras 1.0 preview,295bfe4e,22012fde,Fix Otto example,2
2152,Keras 1.0 preview,295bfe4e,73bb2246,Correct Otto example comments,2
2152,Keras 1.0 preview,295bfe4e,6e3ec8ef,Add Kaggle Otto example,2
2152,Keras 1.0 preview,295bfe4e,42756a01,Add Python version compatibility notice,2
2152,Keras 1.0 preview,295bfe4e,c83e6e62,Merge branch 'master' of https://github.com/fchollet/keras,2
2152,Keras 1.0 preview,295bfe4e,5d032cbf,Fix sequence to matrix vectorization,2
2152,Keras 1.0 preview,295bfe4e,26a60ed8,Merge pull request #72 from skrypka/master,2
2152,Keras 1.0 preview,295bfe4e,52251f52,"Improve word embedding example, py3 compatibility",2
2152,Keras 1.0 preview,295bfe4e,63855b96,Update README.md,2
2152,Keras 1.0 preview,295bfe4e,f143fac5,Fix progress bar display,2
2152,Keras 1.0 preview,295bfe4e,43206aeb,Fix py3 compatibility in preprocessing.text,2
2152,Keras 1.0 preview,295bfe4e,d1330809,Merge pull request #66 from untom/ipythoncompat,2
2152,Keras 1.0 preview,295bfe4e,66a8f4d8,Merge pull request #65 from jfsantos/master,2
2152,Keras 1.0 preview,295bfe4e,e074a049,Add .get_config in layers and .describe in models,2
2152,Keras 1.0 preview,295bfe4e,8f6cb7c9,Merge pull request #64 from untom/py3compat,2
2152,Keras 1.0 preview,295bfe4e,de27afbb,Merge pull request #63 from jfsantos/save_model,2
2152,Keras 1.0 preview,295bfe4e,df4d3705,Merge pull request #62 from jfsantos/master,2
2152,Keras 1.0 preview,295bfe4e,4bb90a5b,Remove useless code,2
2152,Keras 1.0 preview,295bfe4e,c2244821,Move verbosity modes to progbar. Cleaner models.py,2
2152,Keras 1.0 preview,295bfe4e,bdc1de1a,Merge pull request #58 from the-moliver/dev,2
2152,Keras 1.0 preview,295bfe4e,5da6fb21,Merge pull request #57 from capybaralet/fchollet_master,2
2152,Keras 1.0 preview,295bfe4e,52bcd448,Add new initializations.,2
2152,Keras 1.0 preview,295bfe4e,7e880c93,Update models documentation.,2
2152,Keras 1.0 preview,295bfe4e,07163509,Add documentation for models,2
2152,Keras 1.0 preview,295bfe4e,731f0ab4,Add simpler verbose mode to Sequential model,2
2152,Keras 1.0 preview,295bfe4e,5f25e220,Fix cifar10 example,2
2152,Keras 1.0 preview,295bfe4e,cb02df95,"Modernize io_utils, move save_array, load_array",2
2152,Keras 1.0 preview,295bfe4e,976c7752,Merge branch 'master' of https://github.com/fchollet/keras,2
2152,Keras 1.0 preview,295bfe4e,1629f7f3,Make codebase Python 2.7-3.4 compatible,2
2152,Keras 1.0 preview,295bfe4e,46d18f17,Add mailing list link in doc,2
2152,Keras 1.0 preview,295bfe4e,e9b32743,Merge pull request #49 from jfsantos/master,2
2152,Keras 1.0 preview,295bfe4e,03580431,Merge pull request #48 from jfsantos/master,2
2152,Keras 1.0 preview,295bfe4e,616537f3,"Add accuracy monitoring, verbose eval/predict",2
2152,Keras 1.0 preview,295bfe4e,eda1232f,Use Adam optimizer with LSTM example (much better),2
2152,Keras 1.0 preview,295bfe4e,2662d81a,Fix Adam to match the original paper,2
2152,Keras 1.0 preview,295bfe4e,9f595fe7,Add Adam optimizer.,2
2152,Keras 1.0 preview,295bfe4e,e16891e5,Remove normalize reference in embeddings,2
2152,Keras 1.0 preview,295bfe4e,c7dcd4b7,Add documentation for embeddings,2
2152,Keras 1.0 preview,295bfe4e,b7a5d4de,Fix word embedding example,2
2152,Keras 1.0 preview,295bfe4e,81bdb74e,Add skipgram word embedding example,2
2152,Keras 1.0 preview,295bfe4e,8a7119d1,Documentation improvements,2
2152,Keras 1.0 preview,295bfe4e,d7904013,"Update doc, README.md. Doc is online at keras.io.",2
2152,Keras 1.0 preview,295bfe4e,f561a43e,Improve documentation,2
2152,Keras 1.0 preview,295bfe4e,3c62529b,Improve documentation,2
2152,Keras 1.0 preview,295bfe4e,c61c4ed8,Fix sequence.py encoding,2
2152,Keras 1.0 preview,295bfe4e,0b96fc28,"Create ""embeddings"" layer category.",2
2152,Keras 1.0 preview,295bfe4e,6b3e4448,Add documentation for image & text preprocessing.,2
2152,Keras 1.0 preview,295bfe4e,0af6b6c7,Add documentation for sequence preprocessing.,2
2152,Keras 1.0 preview,295bfe4e,0b5848e2,Small doc fixes.,2
2152,Keras 1.0 preview,295bfe4e,4bb07c1a,Merge branch 'master' of https://github.com/fchollet/keras,2
2152,Keras 1.0 preview,295bfe4e,23c52fe2,Merge pull request #42 from charlesollion/time_distributed_dense,2
2152,Keras 1.0 preview,295bfe4e,2ee05d40,Merge pull request #43 from untom/xavierinit,2
2152,Keras 1.0 preview,295bfe4e,9c5f0844,Documentation update,2
2152,Keras 1.0 preview,295bfe4e,cf1b6ffe,Update documentation.,2
2152,Keras 1.0 preview,295bfe4e,6cd076a1,Standardize **kargs order in recurrent layers.,2
2152,Keras 1.0 preview,295bfe4e,f953508b,Add documentation for recurrent layers.,2
2152,Keras 1.0 preview,295bfe4e,8b2849bd,Add frequency sampling to skipgram. Warning: math.,2
2152,Keras 1.0 preview,295bfe4e,25ad4000,Add documentation for core layers,2
2152,Keras 1.0 preview,295bfe4e,f35d529f,Modify Flatten layer to automatically infer shape,2
2152,Keras 1.0 preview,295bfe4e,463d8c98,Documentation fixes,2
2152,Keras 1.0 preview,295bfe4e,b10a5637,Add skipgram utils to preprocessing.sequence,2
2152,Keras 1.0 preview,295bfe4e,adb0b1db,Add documentation for initializations and datasets,2
2152,Keras 1.0 preview,295bfe4e,7386dff5,Add support for generators in text preprocessing,2
2152,Keras 1.0 preview,295bfe4e,746b5d17,Small datasets fixes,2
2152,Keras 1.0 preview,295bfe4e,0eddec22,Add documentation for activations and objectives.,2
2152,Keras 1.0 preview,295bfe4e,dc5482ae,Add documentation for optimizers,2
2152,Keras 1.0 preview,295bfe4e,2264c13b,Add MkDocs documentation skeleton (spooky!).,2
2152,Keras 1.0 preview,295bfe4e,1711d37b,Add 'normalize' (for numpy arrays) to np_utils,2
2152,Keras 1.0 preview,295bfe4e,f6cd4c83,Fix generic import exception message,2
2152,Keras 1.0 preview,295bfe4e,ef7f89ec,Add 'zero' initialization,2
2152,Keras 1.0 preview,295bfe4e,df3f11c6,Merge pull request #35 from patyork/batch_fix2,2
2152,Keras 1.0 preview,295bfe4e,0449da29,Merge pull request #34 from patyork/batch_fix,2
2152,Keras 1.0 preview,295bfe4e,466f6737,Merge pull request #33 from patyork/time_distributed_softmax,2
2152,Keras 1.0 preview,295bfe4e,4ef999ff,Merge branch 'master' of https://github.com/fchollet/keras,2
2152,Keras 1.0 preview,295bfe4e,6819d38e,Better path for datasets,2
2152,Keras 1.0 preview,295bfe4e,a37eacbf,Merge pull request #32 from charlesollion/ndim_generalization,2
2152,Keras 1.0 preview,295bfe4e,bf43f611,Update Reuters dataset,2
2152,Keras 1.0 preview,295bfe4e,a0152cc8,Merge pull request #27 from nagadomi/learning_rate_decay,2
2152,Keras 1.0 preview,295bfe4e,5f7fbc85,Merge pull request #20 from nagadomi/shuffle,2
2152,Keras 1.0 preview,295bfe4e,3a986bfd,Merge pull request #19 from fchollet/revert-13-master,2
2152,Keras 1.0 preview,295bfe4e,42007f55,"Revert ""Improved setup.py""",2
2152,Keras 1.0 preview,295bfe4e,31c39350,Merge branch 'master' of https://github.com/fchollet/keras,2
2152,Keras 1.0 preview,295bfe4e,33530ce7,Minor commenting,2
2152,Keras 1.0 preview,295bfe4e,2c4d23a6,Merge pull request #13 from mbatchkarov/master,2
2152,Keras 1.0 preview,295bfe4e,33d82a41,Fix input shape of recurrent layers,2
2152,Keras 1.0 preview,295bfe4e,abd01d11,Fix categorical xentropy when preds are not probas,2
2152,Keras 1.0 preview,295bfe4e,2219704a,Fix typos.,2
2152,Keras 1.0 preview,295bfe4e,610cebd2,Merge pull request #9 from nagadomi/fix_inf,2
2152,Keras 1.0 preview,295bfe4e,f0deb909,Update install instructions in README.md,2
2152,Keras 1.0 preview,295bfe4e,c589c524,Fix missing data folder case in data_utils,2
2152,Keras 1.0 preview,295bfe4e,6b8dce47,Merge branch 'master' of https://github.com/fchollet/keras,2
2152,Keras 1.0 preview,295bfe4e,824ceb93,Update gitignore,2
2152,Keras 1.0 preview,295bfe4e,e5844dea,Package code & add setup.py,2
2152,Keras 1.0 preview,295bfe4e,f8854174,Merge pull request #6 from vinhkhuc/master,2
2152,Keras 1.0 preview,295bfe4e,2379f276,Merge branch 'master' of https://github.com/fchollet/keras,2
2152,Keras 1.0 preview,295bfe4e,b365fe45,Fix preprocessing.text.Tokenizer,2
2152,Keras 1.0 preview,295bfe4e,9da5a0c6,Merge pull request #5 from nagadomi/fix_untar,2
2152,Keras 1.0 preview,295bfe4e,9193cc87,Merge pull request #2 from cosmith/patch-1,2
2152,Keras 1.0 preview,295bfe4e,300aaff6,Merge pull request #1 from vasili-zolotov/master,2
2152,Keras 1.0 preview,295bfe4e,1f0bd8ca,Initial commit,2
2152,Keras 1.0 preview,8715c70a,4da8c814,Reduce test flakiness,2
2152,Keras 1.0 preview,8715c70a,07e0c2f7,Add 'why use keras' page to the docs,2
2152,Keras 1.0 preview,8715c70a,5665b4d4,Fix custom loss class output_shape check,2
2152,Keras 1.0 preview,8715c70a,e0d9fcb9,Change ifelse import in Theano backend for compatibility with Theano 1.0.0,2
2152,Keras 1.0 preview,8715c70a,4edd0379,Change style of first example in README,2
2152,Keras 1.0 preview,8715c70a,5b3cf890,Update keras logo,2
2152,Keras 1.0 preview,8715c70a,cf2623b1,Update keras logo,2
2152,Keras 1.0 preview,8715c70a,abcd7dba,Fix CNTK wrappers tests.,2
2152,Keras 1.0 preview,8715c70a,a8a59c71,Add test for CuDNN RNNs + Bidirectional,2
2152,Keras 1.0 preview,8715c70a,3292aa5a,Fix RNN layers dynamic `trainable` attr,2
2152,Keras 1.0 preview,8715c70a,b1d298a1,Fix docs autogen script.,2
2152,Keras 1.0 preview,8715c70a,cc3328a7,Small docs improvement.,2
2152,Keras 1.0 preview,8715c70a,d3db58c8,Improve docs.,2
2152,Keras 1.0 preview,8715c70a,b889a4d8,Style+consistency fix for target placeholders test,2
2152,Keras 1.0 preview,8715c70a,cbecc6a2,Fix l2_normalize,2
2152,Keras 1.0 preview,8715c70a,ddd8f470,Add default value for `l2_normalize`.,2
2152,Keras 1.0 preview,8715c70a,46b691e3,Remove legacy axis handling in TF backend.,2
2152,Keras 1.0 preview,8715c70a,720ed1ad,Update README.md,2
2152,Keras 1.0 preview,8715c70a,43e418d1,Deflake TensorBoard callback tests.,2
2152,Keras 1.0 preview,8715c70a,36e526ed,Update regularizers docs,2
2152,Keras 1.0 preview,8715c70a,4b5984b8,Relax optimizer tests.,2
2152,Keras 1.0 preview,8715c70a,9683998b,Fix PEP8 error.,2
2152,Keras 1.0 preview,8715c70a,dab228bc,Docstring fixes.,2
2152,Keras 1.0 preview,8715c70a,803e2869,Update a number of example scripts.,2
2152,Keras 1.0 preview,8715c70a,e1a5fbf7,Fixes in conv layers.,2
2152,Keras 1.0 preview,8715c70a,dc11aa99,Make utils importable by absolute path,2
2152,Keras 1.0 preview,8715c70a,ca234069,Update 2 mnist examples,2
2152,Keras 1.0 preview,8715c70a,a5a775b7,Merge branch 'master' of ssh://github.com/fchollet/keras,2
2152,Keras 1.0 preview,8715c70a,9736056a,Fix issue in mnist siamese graph example.,2
2152,Keras 1.0 preview,8715c70a,9ee0c8e6,Fix init dim_ordering in conv layers,2
2152,Keras 1.0 preview,8715c70a,0ba2626b,Further style fixes,2
2152,Keras 1.0 preview,8715c70a,c6eea03c,Style fixes in engine.,2
2152,Keras 1.0 preview,8715c70a,9f33f8af,Add names to Keras application models,2
2152,Keras 1.0 preview,8715c70a,57f2f110,count_params should report count for all weights.,2
2152,Keras 1.0 preview,8715c70a,bf502be5,Merge branch 'master' of ssh://github.com/fchollet/keras,2
2152,Keras 1.0 preview,8715c70a,dfeca151,Allow to set input shape in CV models.,2
2152,Keras 1.0 preview,8715c70a,c0b32a9a,Remove reference to legacy Graph model in tests.,2
2152,Keras 1.0 preview,8715c70a,703d5a12,Add dynamic trainability lightweight test,2
2152,Keras 1.0 preview,8715c70a,c5cc96a4,Saner way to collect trainable weights,2
2152,Keras 1.0 preview,8715c70a,de256cb5,Make sure ImageNet predictions are sorted,2
2152,Keras 1.0 preview,8715c70a,ce814302,Remove support for legacy Graph model,2
2152,Keras 1.0 preview,8715c70a,e52740f0,Add Gitter link to README,2
2152,Keras 1.0 preview,8715c70a,5dd8c5c1,Padding style fixes.,2
2152,Keras 1.0 preview,8715c70a,7df184d3,Style touch-ups,2
2152,Keras 1.0 preview,8715c70a,e0d871b7,Restructure docs for Applications module,2
2152,Keras 1.0 preview,8715c70a,04df170b,Merge branch 'master' of ssh://github.com/fchollet/keras,2
2152,Keras 1.0 preview,8715c70a,5f58a6d2,"Support all backends, dim orderings for music CRNN",2
2152,Keras 1.0 preview,8715c70a,fb6a2941,Fix typos,2
2152,Keras 1.0 preview,8715c70a,ed131973,Fix music tagger application,2
2152,Keras 1.0 preview,8715c70a,d5f1250a,Update imagenet prediction decoding utilities,2
2152,Keras 1.0 preview,8715c70a,f2aa89f4,Freeze list of trainable weights at compile time,2
2152,Keras 1.0 preview,8715c70a,13bd33e7,Merge branch 'master' of ssh://github.com/fchollet/keras,2
2152,Keras 1.0 preview,8715c70a,b2e8d5ab,Add support for LR decay in all optimizers,2
2152,Keras 1.0 preview,8715c70a,c939cebf,Theano rnn fix when input_dim = 1,2
2152,Keras 1.0 preview,8715c70a,065fb2a7,Add global pooling layers,2
2152,Keras 1.0 preview,8715c70a,02ff1d44,Fix style in example,2
2152,Keras 1.0 preview,8715c70a,a4d191d4,Only write config file if it didn't exist,2
2152,Keras 1.0 preview,8715c70a,28d9c0c5,Style fixes in example.,2
2152,Keras 1.0 preview,8715c70a,d68c0bd7,Update optimizers docs,2
2152,Keras 1.0 preview,8715c70a,c3d20bbc,Merge branch 'master' of ssh://github.com/fchollet/keras,2
2152,Keras 1.0 preview,8715c70a,f9c03f18,Make trainable_weights dynamic,2
2152,Keras 1.0 preview,8715c70a,09d75a43,Style fixes,2
2152,Keras 1.0 preview,8715c70a,d971e0cc,Style fixes in SeparableConv2D,2
2152,Keras 1.0 preview,8715c70a,b6a776b2,Add Sequential.pop() method,2
2152,Keras 1.0 preview,8715c70a,ede79f81,Add MIT license badge to README,2
2152,Keras 1.0 preview,8715c70a,229f13a8,Lambda should not support masking implicitly,2
2152,Keras 1.0 preview,8715c70a,885e6e62,Style fix in test,2
2152,Keras 1.0 preview,8715c70a,dc122c31,Fix masking test,2
2152,Keras 1.0 preview,8715c70a,3bc80d3d,Remove unnecessary assert,2
2152,Keras 1.0 preview,8715c70a,8f8e4574,Fix issue with Sequential deserialization,2
2152,Keras 1.0 preview,8715c70a,c30432a6,Nadam optimizer style fixes,2
2152,Keras 1.0 preview,8715c70a,604ea8d6,Fix PEP8 BS,2
2152,Keras 1.0 preview,8715c70a,fd3cfb19,Allow no layer names in plot(),2
2152,Keras 1.0 preview,8715c70a,b71f6ba8,Allow absence of labels in flow(),2
2152,Keras 1.0 preview,8715c70a,dfc128b8,Fix some py3 generator issue,2
2152,Keras 1.0 preview,8715c70a,34b8b57c,Update image preprocessing docs,2
2152,Keras 1.0 preview,8715c70a,3bba409d,Improve docstring in preprocessing/image,2
2152,Keras 1.0 preview,8715c70a,7869cdcc,Merge branch 'master' of ssh://github.com/fchollet/keras,2
2152,Keras 1.0 preview,8715c70a,0e18e345,"Refactor ImageDataGenerator, add directory support",2
2152,Keras 1.0 preview,8715c70a,e5b99c75,Tiny fixes in Sequential methods,2
2152,Keras 1.0 preview,8715c70a,edbec2db,Remove bit of deprecated code,2
2152,Keras 1.0 preview,8715c70a,973ece98,Make dim_ordering a global default,2
2152,Keras 1.0 preview,8715c70a,91b93029,Make Merge output_shape consistent with lambda,2
2152,Keras 1.0 preview,8715c70a,7b5bab83,Merge branch 'master' of ssh://github.com/fchollet/keras,2
2152,Keras 1.0 preview,8715c70a,c5e2116e,Fix typo in doc,2
2152,Keras 1.0 preview,8715c70a,198c5152,Simplify imports in README,2
2152,Keras 1.0 preview,8715c70a,5156673e,Fix serialization issue with nested Sequential,2
2152,Keras 1.0 preview,8715c70a,1529c9c4,Clarify error message,2
2152,Keras 1.0 preview,8715c70a,32b10a88,Fix first axis dim validation in multi-input model,2
2152,Keras 1.0 preview,8715c70a,24501d43,Fix ActivityReg layer,2
2152,Keras 1.0 preview,8715c70a,bf0c08e2,Add FAQ entry about layer freezing,2
2152,Keras 1.0 preview,8715c70a,b581eb3f,Update RMSprop,2
2152,Keras 1.0 preview,8715c70a,973b5570,Style touch-up,2
2152,Keras 1.0 preview,8715c70a,7cb41fc5,Fix weight saving issue,2
2152,Keras 1.0 preview,8715c70a,1f170139,Misc fixes,2
2152,Keras 1.0 preview,8715c70a,f18899cb,Merge branch 'master' of https://github.com/commaai/keras into commaai-master,2
2152,Keras 1.0 preview,8715c70a,bfa5ca55,Fix docstring,2
2152,Keras 1.0 preview,8715c70a,18841fa5,Fix build,2
2152,Keras 1.0 preview,8715c70a,1f408487,Add new metrics and metrics tests,2
2152,Keras 1.0 preview,8715c70a,00e9d5b2,Update regularizer tests,2
2152,Keras 1.0 preview,8715c70a,7f937476,Remove outdated comment,2
2152,Keras 1.0 preview,8715c70a,b1e47f77,Fix PEP8,2
2152,Keras 1.0 preview,8715c70a,24f96262,Add additional input data validation check,2
2152,Keras 1.0 preview,8715c70a,1904194c,Fix wrapper learning phase,2
2152,Keras 1.0 preview,8715c70a,2cc9ebf2,Add set_learning_phase in TF backend.,2
2152,Keras 1.0 preview,8715c70a,cb5d69c7,Fix case where output_shape in Merge is tuple,2
2152,Keras 1.0 preview,8715c70a,d50f469c,Fix for invalid dropout values,2
2152,Keras 1.0 preview,8715c70a,b587aeee,Remove badge from README,2
2152,Keras 1.0 preview,8715c70a,f75f70a6,Update examples in documentation,2
2152,Keras 1.0 preview,8715c70a,e3c31aa7,Merge branch 'master' of ssh://github.com/fchollet/keras,2
2152,Keras 1.0 preview,8715c70a,ef1e9595,Update visualize_util,2
2152,Keras 1.0 preview,8715c70a,bde45eff,"Split model tests, fix create_output graph bug",2
2152,Keras 1.0 preview,8715c70a,8ba647c1,Fix PEP8,2
2152,Keras 1.0 preview,8715c70a,a86057d9,Improve error messages in TF backend.,2
2152,Keras 1.0 preview,8715c70a,1ebeff8e,Move data_utils to utils.data_utils.,2
2152,Keras 1.0 preview,8715c70a,4ec84541,Fixes in imagedatagenerator,2
2152,Keras 1.0 preview,8715c70a,763a2a95,"Style and dosctring fixes, sklearn wrapper.",2
2152,Keras 1.0 preview,8715c70a,37996605,Update pool module import for Theano,2
2152,Keras 1.0 preview,8715c70a,58ca064f,Use MSE in stateful example.,2
2152,Keras 1.0 preview,8715c70a,654404c2,Add a few explanatory comments in recurrent.py,2
2152,Keras 1.0 preview,8715c70a,7896ef71,Style standardization,2
2152,Keras 1.0 preview,8715c70a,d4e96964,Merge branch 'master' of ssh://github.com/fchollet/keras,2
2152,Keras 1.0 preview,8715c70a,4cff0623,Update documentation.,2
2152,Keras 1.0 preview,8715c70a,0ec57f28,Fix fit_generator docstring,2
2152,Keras 1.0 preview,8715c70a,860e4e91,Various fixes in evaluate_generator/fit_generator.,2
2152,Keras 1.0 preview,8715c70a,f27c5b05,merge conflict,2
2152,Keras 1.0 preview,8715c70a,523e24e8,Simplify Theano RNN when no mask is passed,2
2152,Keras 1.0 preview,8715c70a,a07efd4b,Update examples in doc,2
2152,Keras 1.0 preview,8715c70a,0ca4a0fb,Add binary classification example in doc,2
2152,Keras 1.0 preview,8715c70a,3d85402c,Fix various typos,2
2152,Keras 1.0 preview,8715c70a,9720db95,Fix typo,2
2152,Keras 1.0 preview,8715c70a,c5d11f1d,Fix AutoEncoder; cleaner API.,2
2152,Keras 1.0 preview,8715c70a,92b1948d,Fix typo,2
2152,Keras 1.0 preview,8715c70a,2e90ae18,Update Theano install instructions,2
2152,Keras 1.0 preview,8715c70a,ed1297b3,Update Theano install instructions,2
2152,Keras 1.0 preview,8715c70a,d0014086,Fix conv2d mode in doc examples,2
2152,Keras 1.0 preview,8715c70a,ced84d53,Fix example docstring,2
2152,Keras 1.0 preview,8715c70a,d0b98a2c,Antirectifier example style fixes,2
2152,Keras 1.0 preview,8715c70a,09d91fcc,Add antirectifier example,2
2152,Keras 1.0 preview,8715c70a,c8176fd3,Update FAQ in documentation,2
2152,Keras 1.0 preview,8715c70a,d870e45e,Fix flaky test,2
2152,Keras 1.0 preview,8715c70a,6ec1f7a4,Fix callback tests,2
2152,Keras 1.0 preview,8715c70a,e34f9e6d,Add tests for callbacks,2
2152,Keras 1.0 preview,8715c70a,8d3b8ff6,Improve callback functionality,2
2152,Keras 1.0 preview,8715c70a,71952f29,Remove make_reuters_dataset,2
2152,Keras 1.0 preview,8715c70a,febf9b21,Fix output caching.,2
2152,Keras 1.0 preview,8715c70a,e8e8f762,Introduce layer output caching.,2
2152,Keras 1.0 preview,8715c70a,de8e009e,Merge branch 'mynameisfiber-master',2
2152,Keras 1.0 preview,8715c70a,23afa3f3,RNN unit tests touch-ups,2
2152,Keras 1.0 preview,8715c70a,b7db4486,Merge branch 'master' of https://github.com/mynameisfiber/keras into mynameisfiber-master,2
2152,Keras 1.0 preview,8715c70a,59406a71,Update callbacks documentation,2
2152,Keras 1.0 preview,8715c70a,7da15230,Replace unittest with pytest,2
2152,Keras 1.0 preview,8715c70a,31cf6b16,Fix Adadelta serialization,2
2152,Keras 1.0 preview,8715c70a,3ce1883a,Update documentation,2
2152,Keras 1.0 preview,8715c70a,93718562,One more attempt at fixing indeterminism on Travis,2
2152,Keras 1.0 preview,8715c70a,5fe40861,New attempt at fixing test indeterminism,2
2152,Keras 1.0 preview,8715c70a,182e84d0,Attempt to reduce indeterminism in tests,2
2152,Keras 1.0 preview,8715c70a,2c30d503,Fix sample weights generation for validation data,2
2152,Keras 1.0 preview,8715c70a,7a86ff7f,Fixes in loss weighting with validation data,2
2152,Keras 1.0 preview,8715c70a,3c4f0ac6,"Revert ""Fix sample_weight and class_weight in validation""",2
2152,Keras 1.0 preview,8715c70a,9773e810,Fix sample_weight and class_weight in validation,2
2152,Keras 1.0 preview,8715c70a,484039d2,Merge branch 'conv_same_with_cudnn' of https://github.com/entron/keras into entron-conv_same_with_cudnn,2
2152,Keras 1.0 preview,8715c70a,a7014350,Merge branch 'time-distributed-class-weights',2
2152,Keras 1.0 preview,8715c70a,24bf8488,Merge branch 'time-distributed-class-weights' of https://github.com/wxs/keras into time-distributed-class-weights,2
2152,Keras 1.0 preview,8715c70a,bad60eed,Merge branch 'wxs-fix-weight-mask-interaction',2
2152,Keras 1.0 preview,8715c70a,21f0bfa2,Fix loss masking test,2
2152,Keras 1.0 preview,8715c70a,6ef6128b,Merge branch 'fix-weight-mask-interaction' of https://github.com/wxs/keras into wxs-fix-weight-mask-interaction,2
2152,Keras 1.0 preview,8715c70a,34999c86,Fix Poisson loss when target = 0,2
2152,Keras 1.0 preview,8715c70a,f66b58bb,Merge branch 'master' of https://github.com/fchollet/keras,2
2152,Keras 1.0 preview,8715c70a,6cd8d3c3,Fix optimizer serialization,2
2152,Keras 1.0 preview,8715c70a,aa21a15b,Merge branch 'EderSantana-master',2
2152,Keras 1.0 preview,8715c70a,93624e10,Fix graph container,2
2152,Keras 1.0 preview,8715c70a,d9579e1c,Learning rate scheduling touch-ups,2
2152,Keras 1.0 preview,8715c70a,5af36525,Merge branch 'master' of https://github.com/EderSantana/keras into EderSantana-master,2
2152,Keras 1.0 preview,8715c70a,eb11ad77,Merge branch 'master' of https://github.com/fchollet/keras,2
2152,Keras 1.0 preview,8715c70a,ff197781,Multi-io get_input / get_ouput in graph container,2
2152,Keras 1.0 preview,8715c70a,af84a687,Remove irrelevant code in convolutional,2
2152,Keras 1.0 preview,8715c70a,a478930d,"Add weight loading to PReLU, ParametricSoftPlus",2
2152,Keras 1.0 preview,8715c70a,78feed7f,Fix autoencoder serialization,2
2152,Keras 1.0 preview,8715c70a,818f5d7d,Merge branch 'master' of https://github.com/fchollet/keras,2
2152,Keras 1.0 preview,8715c70a,23b1d792,Merge branch 'Smerity-master',2
2152,Keras 1.0 preview,8715c70a,d5455154,Touch-ups to addition RNN example,2
2152,Keras 1.0 preview,8715c70a,97174dd2,Fix batch normalization as first layer,2
2152,Keras 1.0 preview,8715c70a,3dd6dbe5,Merge branch 'master' of https://github.com/fchollet/keras,2
2152,Keras 1.0 preview,8715c70a,4de2b588,Fix graph model,2
2152,Keras 1.0 preview,8715c70a,a02ccc2a,Change API of ZeroPadding2D,2
2152,Keras 1.0 preview,8715c70a,f4947578,Merge branch 'anayebi-master',2
2152,Keras 1.0 preview,8715c70a,965a8cae,"Convolution layers: style cleanup, code re-org",2
2152,Keras 1.0 preview,8715c70a,c61616ab,Merge branch 'master' of https://github.com/anayebi/keras into anayebi-master,2
2152,Keras 1.0 preview,8715c70a,ca758bef,Fix RepeatVector in captioning example,2
2152,Keras 1.0 preview,8715c70a,a1161885,Fix text preprocessing,2
2152,Keras 1.0 preview,8715c70a,f7d4a1e4,Merge branch 'master' of https://github.com/fchollet/keras,2
2152,Keras 1.0 preview,8715c70a,7115efc3,Remove optional loss masking (now automatic),2
2152,Keras 1.0 preview,8715c70a,a6aa7940,Fix history in graph model.,2
2152,Keras 1.0 preview,8715c70a,ae4219e6,Fix loss masking tests,2
2152,Keras 1.0 preview,8715c70a,b3cb7f4e,Merge branch 'master' of https://github.com/EderSantana/keras into EderSantana-master,2
2152,Keras 1.0 preview,8715c70a,eac3bf8b,Extend layer API to multi inputs / ouputs,2
2152,Keras 1.0 preview,8715c70a,425f2903,Add create_output option in Graph model,2
2152,Keras 1.0 preview,8715c70a,1b66e36e,Merge branch 'master' of https://github.com/fchollet/keras,2
2152,Keras 1.0 preview,8715c70a,b0576247,Add border_mode = same to Convolution1D,2
2152,Keras 1.0 preview,8715c70a,9e7f67b6,Fix typo,2
2152,Keras 1.0 preview,8715c70a,c81d6ec9,Fix batch normalization,2
2152,Keras 1.0 preview,8715c70a,0eea5055,Use readthedocs theme in dev doc version,2
2152,Keras 1.0 preview,8715c70a,e1d8b1ba,Update MaxPooling1D documentation.,2
2152,Keras 1.0 preview,8715c70a,616fcbaa,Merge branch 'nehz-MaxPooling1D-fix' of https://github.com/nehz/keras into nehz-nehz-MaxPooling1D-fix,2
2152,Keras 1.0 preview,8715c70a,37965cae,Style touch-ups in babi example,2
2152,Keras 1.0 preview,8715c70a,4ecb5bdd,Fix Hualos callback,2
2152,Keras 1.0 preview,8715c70a,1e3d9f7b,Fix Hualos callback,2
2152,Keras 1.0 preview,8715c70a,15a3a1f1,"Randomness seeding, small fixes",2
2152,Keras 1.0 preview,8715c70a,48381f8a,Masking layer touch-ups,2
2152,Keras 1.0 preview,8715c70a,3212cd4c,Merge branch 'masking-layer' of https://github.com/amitbeka/keras into amitbeka-masking-layer,2
2152,Keras 1.0 preview,8715c70a,6a1ede1a,Merge branch 'master' of https://github.com/fchollet/keras,2
2152,Keras 1.0 preview,8715c70a,b64217cd,Small style fixes,2
2152,Keras 1.0 preview,8715c70a,275f4166,Merge branch 'master' of https://github.com/fchollet/keras,2
2152,Keras 1.0 preview,8715c70a,8675fc52,Update core layers documentation,2
2152,Keras 1.0 preview,8715c70a,a4def208,Fix serialization,2
2152,Keras 1.0 preview,8715c70a,f1d60121,Fix optimizers test,2
2152,Keras 1.0 preview,8715c70a,06610325,Merge branch 'master' of https://github.com/kenterao/keras into kenterao-master,2
2152,Keras 1.0 preview,8715c70a,4f6b1a4d,Add optimizers tests,2
2152,Keras 1.0 preview,8715c70a,0e295dbd,Merge branch 'master' of https://github.com/fchollet/keras,2
2152,Keras 1.0 preview,8715c70a,7c3bf9d0,Add dataset tests,2
2152,Keras 1.0 preview,8715c70a,e06f9df8,Refactor model serialization,2
2152,Keras 1.0 preview,8715c70a,b6aaeb35,Fix embedding test,2
2152,Keras 1.0 preview,8715c70a,d1387c1e,Move model_utils to layer_utils,2
2152,Keras 1.0 preview,8715c70a,3a28da9e,Cleanup/fix model_utils,2
2152,Keras 1.0 preview,8715c70a,32fd2028,Merge branch 'print_layer_shapes' of https://github.com/julienr/keras into julienr-print_layer_shapes,2
2152,Keras 1.0 preview,8715c70a,e975f8a6,Remove deprecated methods,2
2152,Keras 1.0 preview,8715c70a,a08bf38e,Extend loss weighting tests,2
2152,Keras 1.0 preview,8715c70a,6289de37,Fix & extend loss weighting,2
2152,Keras 1.0 preview,8715c70a,8a99d6e4,Merge branch 'master' of https://github.com/kenterao/keras into kenterao-master,2
2152,Keras 1.0 preview,8715c70a,6ed288b1,Merge branch 'the-moliver-Psoftplus',2
2152,Keras 1.0 preview,8715c70a,94037730,merge,2
2152,Keras 1.0 preview,8715c70a,1ebec1e5,merge,2
2152,Keras 1.0 preview,8715c70a,ed9834c6,Remove dot utils doc,2
2152,Keras 1.0 preview,8715c70a,3037183c,Remove dot_utils,2
2152,Keras 1.0 preview,8715c70a,ec8f7f00,Codebase cleanup,2
2152,Keras 1.0 preview,8715c70a,f392a780,Merge branch 'master' of https://github.com/fchollet/keras,2
2152,Keras 1.0 preview,8715c70a,72e73b0a,Merge branch 'cmyr-batch-shuffle',2
2152,Keras 1.0 preview,8715c70a,2fbfbddd,Cleanup error msg,2
2152,Keras 1.0 preview,8715c70a,e98b1c23,Merge branch 'batch-shuffle' of https://github.com/cmyr/keras into cmyr-batch-shuffle,2
2152,Keras 1.0 preview,8715c70a,d2b58497,Merge branch 'anayebi-master',2
2152,Keras 1.0 preview,8715c70a,4b6bf1db,Fix Permute layer,2
2152,Keras 1.0 preview,8715c70a,84d9171a,Merge branch 'master' of https://github.com/anayebi/keras into anayebi-master,2
2152,Keras 1.0 preview,8715c70a,c777cdf8,Update README,2
2152,Keras 1.0 preview,8715c70a,91a15fdf,"Doc, README touch-ups",2
2152,Keras 1.0 preview,8715c70a,6a4aab45,Fix border mode = same in Conv2D,2
2152,Keras 1.0 preview,8715c70a,46e19b95,Cleanup,2
2152,Keras 1.0 preview,8715c70a,8824f1b4,Fix yaml serialization support,2
2152,Keras 1.0 preview,8715c70a,43d84368,Fixes in yaml serialization,2
2152,Keras 1.0 preview,8715c70a,08abc317,Merge branch 'yaml' of https://github.com/maxpumperla/keras into maxpumperla-yaml,2
2152,Keras 1.0 preview,8715c70a,036d968a,Merge branch 'master' of https://github.com/fchollet/keras,2
2152,Keras 1.0 preview,8715c70a,510068b8,Merge branch 'pjadzinsky-master',2
2152,Keras 1.0 preview,8715c70a,43736166,Touch-ups to 'same' border mode,2
2152,Keras 1.0 preview,8715c70a,9e256698,Merge branch 'master' of https://github.com/pjadzinsky/keras into pjadzinsky-master,2
2152,Keras 1.0 preview,8715c70a,fd1d5908,Fix graph tests,2
2152,Keras 1.0 preview,8715c70a,08b1964b,Fix doc,2
2152,Keras 1.0 preview,8715c70a,94c930e9,Remove weight tying in autoencoder,2
2152,Keras 1.0 preview,8715c70a,2d0e84a8,Merge branch 'mikekestemont-master',2
2152,Keras 1.0 preview,8715c70a,c8a2f46f,Rename IMDB CNN example,2
2152,Keras 1.0 preview,8715c70a,6899a9db,Revise IMDB conv1d example,2
2152,Keras 1.0 preview,8715c70a,238d3909,Merge branch 'master' of https://github.com/mikekestemont/keras into mikekestemont-master,2
2152,Keras 1.0 preview,8715c70a,22bd7cfa,Update reuters dataset,2
2152,Keras 1.0 preview,8715c70a,03e512a3,Batch validation in fit,2
2152,Keras 1.0 preview,8715c70a,a3dadff3,Update documentation,2
2152,Keras 1.0 preview,8715c70a,65ebd8aa,Merge branch 'master' of https://github.com/fchollet/keras,2
2152,Keras 1.0 preview,8715c70a,9f71949d,Dynamic epsilon in objectives,2
2152,Keras 1.0 preview,8715c70a,5bf27185,Fix binary_crossentropy,2
2152,Keras 1.0 preview,8715c70a,9a649d2b,Fix GaussianNoise imports,2
2152,Keras 1.0 preview,8715c70a,c06b7467,Merge branch 'patch-1' of https://github.com/the-moliver/keras into the-moliver-patch-1,2
2152,Keras 1.0 preview,8715c70a,bc05a25b,"Fix tests, increase coverage",2
2152,Keras 1.0 preview,8715c70a,1e73e1bc,Fix History callback,2
2152,Keras 1.0 preview,8715c70a,07f2253f,Add test for sequential model,2
2152,Keras 1.0 preview,8715c70a,f817e2e7,merge,2
2152,Keras 1.0 preview,8715c70a,7094be1b,Add y standardization to graph model,2
2152,Keras 1.0 preview,8715c70a,7c8d9aaf,Fix gaussian noise doc,2
2152,Keras 1.0 preview,8715c70a,6c55dbd6,Fix callbacks doc,2
2152,Keras 1.0 preview,8715c70a,ab8f7da8,Put GaussianNoise in its own module.,2
2152,Keras 1.0 preview,8715c70a,1f21e61a,Merge branch 'master' of https://github.com/Reddine/keras into Reddine-master,2
2152,Keras 1.0 preview,8715c70a,16f737ff,Fix AE example in doc,2
2152,Keras 1.0 preview,8715c70a,1fe6556a,Fix graph doc,2
2152,Keras 1.0 preview,8715c70a,aeb954dd,Add dtype to graph inputs,2
2152,Keras 1.0 preview,8715c70a,35bcd5a4,Touch-ups in examples and doc,2
2152,Keras 1.0 preview,8715c70a,b1d94489,Refactor merge layer,2
2152,Keras 1.0 preview,8715c70a,fe3c4d73,Update graph tests,2
2152,Keras 1.0 preview,8715c70a,ddd5f476,Fix container merging issue,2
2152,Keras 1.0 preview,8715c70a,63f9a795,Fix ModelCheckpoint callback,2
2152,Keras 1.0 preview,8715c70a,8995b50a,Remove DenoisingAutoEncoder,2
2152,Keras 1.0 preview,8715c70a,b22e547e,Merge branch 'Reddine-master',2
2152,Keras 1.0 preview,8715c70a,8bd8ae1d,Correct MAPE loss,2
2152,Keras 1.0 preview,8715c70a,1530f31c,Merge branch 'master' of https://github.com/Reddine/keras into Reddine-master,2
2152,Keras 1.0 preview,8715c70a,f2c97d81,Add Graph model to doc,2
2152,Keras 1.0 preview,8715c70a,53a05b6e,Fix metrics issue in evaluate,2
2152,Keras 1.0 preview,8715c70a,dab55518,Update cifar10 example,2
2152,Keras 1.0 preview,8715c70a,be75548c,Add graph config management,2
2152,Keras 1.0 preview,8715c70a,553a7c02,"Graph bugfix, improve tests",2
2152,Keras 1.0 preview,8715c70a,66b8f371,Complete working version of graphs. API needs work,2
2152,Keras 1.0 preview,8715c70a,f1cd4365,"Fixes in models, callbacks",2
2152,Keras 1.0 preview,8715c70a,f3022309,merge,2
2152,Keras 1.0 preview,8715c70a,76b9877c,Add MSLE objective,2
2152,Keras 1.0 preview,8715c70a,243d4737,Better API for Convolution1D and MaxPooling1D,2
2152,Keras 1.0 preview,8715c70a,9e4e4328,Merge branch 'pranv-master',2
2152,Keras 1.0 preview,8715c70a,c7c53725,Style fixes,2
2152,Keras 1.0 preview,8715c70a,2baa9a8e,Merge branch 'master' of https://github.com/pranv/keras into pranv-master,2
2152,Keras 1.0 preview,8715c70a,e63644cf,Fix denoising autoencoder issue,2
2152,Keras 1.0 preview,8715c70a,a5f4bd33,Merge branch 'master' of https://github.com/fchollet/keras,2
2152,Keras 1.0 preview,8715c70a,522201ec,Add test utils,2
2152,Keras 1.0 preview,8715c70a,8e1e32a9,Fix tests,2
2152,Keras 1.0 preview,8715c70a,0332b95c,Remove check in binary_crossentropy,2
2152,Keras 1.0 preview,8715c70a,f53c3195,Merge branch 'master' of https://github.com/fchollet/keras,2
2152,Keras 1.0 preview,8715c70a,940bd47b,Add test_loss_weighting,2
2152,Keras 1.0 preview,8715c70a,ee730496,Add test_tasks,2
2152,Keras 1.0 preview,8715c70a,06d7c7da,Strict handling of incorrect dims in binary_xent,2
2152,Keras 1.0 preview,8715c70a,bba53793,Fix constraint tests,2
2152,Keras 1.0 preview,8715c70a,28054136,Merge branch 'master' of https://github.com/fchollet/keras,2
2152,Keras 1.0 preview,8715c70a,2d5b86d7,Merge branch 'mthrok-master',2
2152,Keras 1.0 preview,8715c70a,12a5c6fe,Touch-ups in IRNN example,2
2152,Keras 1.0 preview,8715c70a,e50462e7,Merge branch 'master' of https://github.com/mthrok/keras into mthrok-master,2
2152,Keras 1.0 preview,8715c70a,27861828,Fix masking issue,2
2152,Keras 1.0 preview,8715c70a,a4329aa4,Merge branch 'master' of https://github.com/fchollet/keras,2
2152,Keras 1.0 preview,8715c70a,24df6a9f,Fix weights in model.test,2
2152,Keras 1.0 preview,8715c70a,560cb945,Callback refactor,2
2152,Keras 1.0 preview,8715c70a,2ab9f0ef,Add working Graph container,2
2152,Keras 1.0 preview,8715c70a,d148ff11,Initial draft of Graph container,2
2152,Keras 1.0 preview,8715c70a,c7aac3ce,ones as default init for LSTM forget gate bias,2
2152,Keras 1.0 preview,8715c70a,ce659e56,Fix check for mask,2
2152,Keras 1.0 preview,8715c70a,e8a6ae29,Fix regularization in Embedding,2
2152,Keras 1.0 preview,8715c70a,e3d3d622,Update doc with sample_weight and class_weight,2
2152,Keras 1.0 preview,8715c70a,877d4474,Merge branch 'master' of https://github.com/fchollet/keras,2
2152,Keras 1.0 preview,8715c70a,cc9edcf4,"Fix merge conflicts, add class_weight support",2
2152,Keras 1.0 preview,8715c70a,5e5bff05,Simplify IMDB example,2
2152,Keras 1.0 preview,8715c70a,c4735f59,Doc touch-ups,2
2152,Keras 1.0 preview,8715c70a,3af40ba5,Fix typo in doc,2
2152,Keras 1.0 preview,8715c70a,36e5a17b,Update docs,2
2152,Keras 1.0 preview,8715c70a,cbde35fd,Improve API of ActivityRegularization,2
2152,Keras 1.0 preview,8715c70a,76b28524,Remove image_shape in conv layers,2
2152,Keras 1.0 preview,8715c70a,090ada4e,Fix mkdocs.yml,2
2152,Keras 1.0 preview,8715c70a,8ef90a03,Switch convolutional layers to new regularization,2
2152,Keras 1.0 preview,8715c70a,f04fdec9,Incorporate regularization into loss function,2
2152,Keras 1.0 preview,8715c70a,0d6575c7,Merge branch 'master' of https://github.com/fchollet/keras,2
2152,Keras 1.0 preview,8715c70a,cc750adf,Merge branch 'phreeza-activity_reg',2
2152,Keras 1.0 preview,8715c70a,752037c1,Remove loss_update system,2
2152,Keras 1.0 preview,8715c70a,ba11d9ca,Restore callbacks in fit,2
2152,Keras 1.0 preview,8715c70a,499a0500,Fix regularisers/constraints tests,2
2152,Keras 1.0 preview,8715c70a,c9addefa,Simplify regularizers,2
2152,Keras 1.0 preview,8715c70a,0f12e011,Switch constraints to OO model,2
2152,Keras 1.0 preview,8715c70a,4d267f5b,Remove manual check for regularizers (use auto),2
2152,Keras 1.0 preview,8715c70a,57193225,Merge branch 'activity_reg' of https://github.com/phreeza/keras into phreeza-activity_reg,2
2152,Keras 1.0 preview,8715c70a,5b6f56a0,Add mask support to new recurrent layers,2
2152,Keras 1.0 preview,8715c70a,9c8e0d43,Add support for custom padding value in sequence,2
2152,Keras 1.0 preview,8715c70a,ea0b7d26,"Add text dataset support for OOV, start chars",2
2152,Keras 1.0 preview,8715c70a,99c20e25,Make sure key examples are deterministic,2
2152,Keras 1.0 preview,8715c70a,2abb4b23,Merge branch 'the-moliver-patch-1',2
2152,Keras 1.0 preview,8715c70a,0d6c55d5,Style touch-ups,2
2152,Keras 1.0 preview,8715c70a,45e444cc,Code style fixes,2
2152,Keras 1.0 preview,8715c70a,5d1976c4,Update IMDB example,2
2152,Keras 1.0 preview,8715c70a,3995b18f,Merge branch 'mask_value' of https://github.com/wxs/keras into wxs-mask_value,2
2152,Keras 1.0 preview,8715c70a,90c4edef,Merge branch 'mask_value' of https://github.com/wxs/keras into wxs-mask_value,2
2152,Keras 1.0 preview,8715c70a,7fafc8ec,Merge branch 'master' of https://github.com/fchollet/keras,2
2152,Keras 1.0 preview,8715c70a,91aa190c,Merge branch 'transcranial-RNN-MUT',2
2152,Keras 1.0 preview,8715c70a,4e19cd29,Merge branch 'amitbeka-get_from_module_unicode_fix',2
2152,Keras 1.0 preview,8715c70a,1d02231a,Merge branch 'get_from_module_unicode_fix' of https://github.com/amitbeka/keras into amitbeka-get_from_module_unicode_fix,2
2152,Keras 1.0 preview,8715c70a,6d82ba75,Merge branch 'wxs-remove-time-distributed-softmax',2
2152,Keras 1.0 preview,8715c70a,135dccfe,Coding style,2
2152,Keras 1.0 preview,8715c70a,4c5f8e36,merge,2
2152,Keras 1.0 preview,8715c70a,515c430f,Merge autoencoder fix,2
2152,Keras 1.0 preview,8715c70a,8a2ae93b,Improve autoencoder check,2
2152,Keras 1.0 preview,8715c70a,a9f94c94,Revert loss weighting,2
2152,Keras 1.0 preview,8715c70a,15536971,Update gitignore,2
2152,Keras 1.0 preview,8715c70a,3dd4b2e8,Rename test folder,2
2152,Keras 1.0 preview,8715c70a,a1912b07,Rename lossweights test,2
2152,Keras 1.0 preview,8715c70a,f8ee81d8,Revert loss weighting,2
2152,Keras 1.0 preview,8715c70a,384634d3,Update gitignore,2
2152,Keras 1.0 preview,8715c70a,dd82a394,Rename test folder,2
2152,Keras 1.0 preview,8715c70a,9763f811,Rename lossweights test,2
2152,Keras 1.0 preview,8715c70a,5a1a00e6,Add RemoteMonitor callback,2
2152,Keras 1.0 preview,8715c70a,97f23268,Refactor test_lossweights into unit test,2
2152,Keras 1.0 preview,8715c70a,fd5b68db,Fix Python3 issue with class_weight,2
2152,Keras 1.0 preview,8715c70a,ac0a9db0,Merge,2
2152,Keras 1.0 preview,8715c70a,1d586440,Rewrite class_weight and sample_weight tests,2
2152,Keras 1.0 preview,8715c70a,b44ecab2,Make RNG deterministic when seeded through numpy,2
2152,Keras 1.0 preview,8715c70a,34cbc1d4,Merge branch 'instance_weight' of https://github.com/tdhd/keras into tdhd-instance_weight,2
2152,Keras 1.0 preview,8715c70a,0e6fd3d3,Update callbacks documentation,2
2152,Keras 1.0 preview,8715c70a,ccbe381d,Add early stopping,2
2152,Keras 1.0 preview,8715c70a,1f224de9,Fix callbacks doc,2
2152,Keras 1.0 preview,8715c70a,e23e86ae,"Improve examples, add new MNIST CNN example",2
2152,Keras 1.0 preview,8715c70a,06f22db6,Up the batch size in MNIST example,2
2152,Keras 1.0 preview,8715c70a,d5502324,Merge branch 'master' of https://github.com/fchollet/keras,2
2152,Keras 1.0 preview,8715c70a,6329378c,Make pre-padding the default in sequence tensors,2
2152,Keras 1.0 preview,8715c70a,702e9d3b,Merge branch 'master' of https://github.com/fchollet/keras,2
2152,Keras 1.0 preview,8715c70a,1857a6af,Improve LSTM text generation example,2
2152,Keras 1.0 preview,8715c70a,872a9faf,Fix printing for Python2 in LSTM example,2
2152,Keras 1.0 preview,8715c70a,d2b229df,Add LSTM text generation example,2
2152,Keras 1.0 preview,8715c70a,bf4822f6,Fix autoencoder issue,2
2152,Keras 1.0 preview,8715c70a,ce209553,Update setup.py,2
2152,Keras 1.0 preview,8715c70a,fabfdb86,Remove long_description from setup.py,2
2152,Keras 1.0 preview,8715c70a,b82ab804,Update setup.py and setup.cfg for pypi release,2
2152,Keras 1.0 preview,8715c70a,eda2970b,Fix Reuters example,2
2152,Keras 1.0 preview,8715c70a,a7936ffc,Remove activation targets from documentation,2
2152,Keras 1.0 preview,8715c70a,dc2ad011,Merge branch 'pranv-master',2
2152,Keras 1.0 preview,8715c70a,ba45a6eb,Add Convolution1D and MaxPooling1D,2
2152,Keras 1.0 preview,8715c70a,734ba38e,Merge branch 'master' of https://github.com/pranv/keras into pranv-master,2
2152,Keras 1.0 preview,8715c70a,14cc628b,Merge branch 'master' of https://github.com/fchollet/keras,2
2152,Keras 1.0 preview,8715c70a,08562666,Fix redundant callbacks issue,2
2152,Keras 1.0 preview,8715c70a,cd3a0359,Merge branch 'master' of https://github.com/fchollet/keras,2
2152,Keras 1.0 preview,8715c70a,ee179f7d,Fix conflicts with AutoEncoder,2
2152,Keras 1.0 preview,8715c70a,a44d5a7d,Merge branch 'tdhd-model_checkpoints',2
2152,Keras 1.0 preview,8715c70a,01682915,API style changes in ModelCheckpoint callback,2
2152,Keras 1.0 preview,8715c70a,2fd77073,Merge branch 'model_checkpoints' of https://github.com/tdhd/keras into tdhd-model_checkpoints,2
2152,Keras 1.0 preview,8715c70a,6892a20a,Add prompt for file overwriting in save_weights,2
2152,Keras 1.0 preview,8715c70a,a96ac71a,Merge branch 'master' of https://github.com/fchollet/keras,2
2152,Keras 1.0 preview,8715c70a,a32b7ef0,Cleanup models import,2
2152,Keras 1.0 preview,8715c70a,2084c160,Refactor models.Sequential,2
2152,Keras 1.0 preview,8715c70a,8c1fe919,Fix constraints tests,2
2152,Keras 1.0 preview,8715c70a,188ea6d8,Merge branch 'jramapuram-autoencoders',2
2152,Keras 1.0 preview,8715c70a,2ee57938,"Autoencoder: Py3 compatibility, style",2
2152,Keras 1.0 preview,8715c70a,751cfc11,Merge branch 'autoencoders' of https://github.com/jramapuram/keras into jramapuram-autoencoders,2
2152,Keras 1.0 preview,8715c70a,93c62cd6,Merge branch 'master' of https://github.com/fchollet/keras,2
2152,Keras 1.0 preview,8715c70a,8606aec9,Fix verbose mode in .fit(),2
2152,Keras 1.0 preview,8715c70a,54b999e6,Update callback system,2
2152,Keras 1.0 preview,8715c70a,1d61d18b,Update docs for callbacks,2
2152,Keras 1.0 preview,8715c70a,4f995845,Remove History callback (redundant),2
2152,Keras 1.0 preview,8715c70a,39a69b3f,Update documentation for CIFAR datasets.,2
2152,Keras 1.0 preview,8715c70a,28113b20,Add CIFAR100 dataset,2
2152,Keras 1.0 preview,8715c70a,b5c1ccab,Fix conflicts,2
2152,Keras 1.0 preview,8715c70a,5e49367e,Python 3 compatibility for callbacks,2
2152,Keras 1.0 preview,8715c70a,3d51788e,Merge branch 'tristandeleu-master',2
2152,Keras 1.0 preview,8715c70a,49603c15,Update callback system,2
2152,Keras 1.0 preview,8715c70a,5caea2a5,Merge branch 'master' of https://github.com/tristandeleu/keras into tristandeleu-master,2
2152,Keras 1.0 preview,8715c70a,b2dc2921,Small doc fix,2
2152,Keras 1.0 preview,8715c70a,31fbf7f2,Merge branch 'master' of https://github.com/fchollet/keras,2
2152,Keras 1.0 preview,8715c70a,994260e3,Update setup.py and installation instructions,2
2152,Keras 1.0 preview,8715c70a,5e2b9358,Fix issue in Theano scan for recurrent layers,2
2152,Keras 1.0 preview,8715c70a,b5fb00d7,Merge branch 'master' of https://github.com/fchollet/keras,2
2152,Keras 1.0 preview,8715c70a,437f85d5,Update README,2
2152,Keras 1.0 preview,8715c70a,c1cf2065,Allow for Merge as a final layer,2
2152,Keras 1.0 preview,8715c70a,6667ab75,Merge branch 'stephenroller-master',2
2152,Keras 1.0 preview,8715c70a,3a97b186,Merge branch 'master' of https://github.com/stephenroller/keras into stephenroller-master,2
2152,Keras 1.0 preview,8715c70a,ff3d0624,Validation data batching in .fit(),2
2152,Keras 1.0 preview,8715c70a,abedfa8a,Fix clipnorm,2
2152,Keras 1.0 preview,8715c70a,482bf236,Add documentation for Merge layer,2
2152,Keras 1.0 preview,8715c70a,e82ab0ca,Add support for model merging,2
2152,Keras 1.0 preview,8715c70a,c8a104b8,Fix shuffle=False in .fit(),2
2152,Keras 1.0 preview,8715c70a,f596d7a5,Fix Readme,2
2152,Keras 1.0 preview,8715c70a,12318cf4,Update model documentation with recent changes,2
2152,Keras 1.0 preview,8715c70a,3108e919,Use running estimates in BatchNormalization,2
2152,Keras 1.0 preview,8715c70a,b763f896,Improve Otto example,2
2152,Keras 1.0 preview,8715c70a,43bfeb0a,Merge branch 'master' of https://github.com/fchollet/keras,2
2152,Keras 1.0 preview,8715c70a,9a45500d,Fix init in SimpleDeepRNN,2
2152,Keras 1.0 preview,8715c70a,9390d630,model.fit() return training history,2
2152,Keras 1.0 preview,8715c70a,376373d1,Merge branch 'master' of https://github.com/fchollet/keras,2
2152,Keras 1.0 preview,8715c70a,be1ec8ae,Layer API refactor,2
2152,Keras 1.0 preview,8715c70a,03fa4180,Update skipgram embedding example,2
2152,Keras 1.0 preview,8715c70a,18374589,Update README.md,2
2152,Keras 1.0 preview,8715c70a,e97b873d,Update documentation,2
2152,Keras 1.0 preview,8715c70a,122baad7,Merge branch 'master' of https://github.com/fchollet/keras,2
2152,Keras 1.0 preview,8715c70a,31ea0186,Allow to start model with dim-agnostic layer,2
2152,Keras 1.0 preview,8715c70a,938f96b6,Eye candy,2
2152,Keras 1.0 preview,8715c70a,ea92046a,Check on regularizers/constraints list length,2
2152,Keras 1.0 preview,8715c70a,6fc8660a,Finalize optimizer fixes,2
2152,Keras 1.0 preview,8715c70a,33b7be70,merge,2
2152,Keras 1.0 preview,8715c70a,3b2acf76,Fix constraints and regularizers,2
2152,Keras 1.0 preview,8715c70a,3653f906,Revert constraints / regularizers,2
2152,Keras 1.0 preview,8715c70a,426ea154,Merge branch 'master' of https://github.com/fchollet/keras,2
2152,Keras 1.0 preview,8715c70a,361fd41f,Merge branch 'the-moliver-regu',2
2152,Keras 1.0 preview,8715c70a,050fd970,Fix MNIST example,2
2152,Keras 1.0 preview,8715c70a,23f2d4f0,Add new pages to doc index,2
2152,Keras 1.0 preview,8715c70a,83c6e73d,Fix layer config saving for Dropout,2
2152,Keras 1.0 preview,8715c70a,e828a3f6,Merge branch 'regu' of https://github.com/the-moliver/keras into the-moliver-regu,2
2152,Keras 1.0 preview,8715c70a,868770a3,Merge pull request #92 from seiteta/patch-1,2
2152,Keras 1.0 preview,8715c70a,a17599ea,Fix local building of doc,2
2152,Keras 1.0 preview,8715c70a,083bf1c7,Fix image preprocessing normalization,2
2152,Keras 1.0 preview,8715c70a,54691f9b,"Add modes to BatchNormalization, fix BN issues",2
2152,Keras 1.0 preview,8715c70a,eb7cf737,Fix Reuters example,2
2152,Keras 1.0 preview,8715c70a,c53c15db,Fix Reuters example,2
2152,Keras 1.0 preview,8715c70a,b0cbed3f,Set default init to glorot_uniform,2
2152,Keras 1.0 preview,8715c70a,d8ddaffb,Update dependencies.,2
2152,Keras 1.0 preview,8715c70a,69b69e40,Add documentation for save and load functions.,2
2152,Keras 1.0 preview,8715c70a,05e86aee,Merge pull request #83 from mizdler/master,2
2152,Keras 1.0 preview,8715c70a,aa57cce3,Merge pull request #78 from jfsantos/master,2
2152,Keras 1.0 preview,8715c70a,28f6e8ae,Merge pull request #76 from jfsantos/master,2
2152,Keras 1.0 preview,8715c70a,22012fde,Fix Otto example,2
2152,Keras 1.0 preview,8715c70a,73bb2246,Correct Otto example comments,2
2152,Keras 1.0 preview,8715c70a,6e3ec8ef,Add Kaggle Otto example,2
2152,Keras 1.0 preview,8715c70a,42756a01,Add Python version compatibility notice,2
2152,Keras 1.0 preview,8715c70a,c83e6e62,Merge branch 'master' of https://github.com/fchollet/keras,2
2152,Keras 1.0 preview,8715c70a,5d032cbf,Fix sequence to matrix vectorization,2
2152,Keras 1.0 preview,8715c70a,26a60ed8,Merge pull request #72 from skrypka/master,2
2152,Keras 1.0 preview,8715c70a,52251f52,"Improve word embedding example, py3 compatibility",2
2152,Keras 1.0 preview,8715c70a,63855b96,Update README.md,2
2152,Keras 1.0 preview,8715c70a,f143fac5,Fix progress bar display,2
2152,Keras 1.0 preview,8715c70a,43206aeb,Fix py3 compatibility in preprocessing.text,2
2152,Keras 1.0 preview,8715c70a,d1330809,Merge pull request #66 from untom/ipythoncompat,2
2152,Keras 1.0 preview,8715c70a,66a8f4d8,Merge pull request #65 from jfsantos/master,2
2152,Keras 1.0 preview,8715c70a,e074a049,Add .get_config in layers and .describe in models,2
2152,Keras 1.0 preview,8715c70a,8f6cb7c9,Merge pull request #64 from untom/py3compat,2
2152,Keras 1.0 preview,8715c70a,de27afbb,Merge pull request #63 from jfsantos/save_model,2
2152,Keras 1.0 preview,8715c70a,df4d3705,Merge pull request #62 from jfsantos/master,2
2152,Keras 1.0 preview,8715c70a,4bb90a5b,Remove useless code,2
2152,Keras 1.0 preview,8715c70a,c2244821,Move verbosity modes to progbar. Cleaner models.py,2
2152,Keras 1.0 preview,8715c70a,bdc1de1a,Merge pull request #58 from the-moliver/dev,2
2152,Keras 1.0 preview,8715c70a,5da6fb21,Merge pull request #57 from capybaralet/fchollet_master,2
2152,Keras 1.0 preview,8715c70a,52bcd448,Add new initializations.,2
2152,Keras 1.0 preview,8715c70a,7e880c93,Update models documentation.,2
2152,Keras 1.0 preview,8715c70a,07163509,Add documentation for models,2
2152,Keras 1.0 preview,8715c70a,731f0ab4,Add simpler verbose mode to Sequential model,2
2152,Keras 1.0 preview,8715c70a,5f25e220,Fix cifar10 example,2
2152,Keras 1.0 preview,8715c70a,cb02df95,"Modernize io_utils, move save_array, load_array",2
2152,Keras 1.0 preview,8715c70a,976c7752,Merge branch 'master' of https://github.com/fchollet/keras,2
2152,Keras 1.0 preview,8715c70a,1629f7f3,Make codebase Python 2.7-3.4 compatible,2
2152,Keras 1.0 preview,8715c70a,46d18f17,Add mailing list link in doc,2
2152,Keras 1.0 preview,8715c70a,e9b32743,Merge pull request #49 from jfsantos/master,2
2152,Keras 1.0 preview,8715c70a,03580431,Merge pull request #48 from jfsantos/master,2
2152,Keras 1.0 preview,8715c70a,616537f3,"Add accuracy monitoring, verbose eval/predict",2
2152,Keras 1.0 preview,8715c70a,eda1232f,Use Adam optimizer with LSTM example (much better),2
2152,Keras 1.0 preview,8715c70a,2662d81a,Fix Adam to match the original paper,2
2152,Keras 1.0 preview,8715c70a,9f595fe7,Add Adam optimizer.,2
2152,Keras 1.0 preview,8715c70a,e16891e5,Remove normalize reference in embeddings,2
2152,Keras 1.0 preview,8715c70a,c7dcd4b7,Add documentation for embeddings,2
2152,Keras 1.0 preview,8715c70a,b7a5d4de,Fix word embedding example,2
2152,Keras 1.0 preview,8715c70a,81bdb74e,Add skipgram word embedding example,2
2152,Keras 1.0 preview,8715c70a,8a7119d1,Documentation improvements,2
2152,Keras 1.0 preview,8715c70a,d7904013,"Update doc, README.md. Doc is online at keras.io.",2
2152,Keras 1.0 preview,8715c70a,f561a43e,Improve documentation,2
2152,Keras 1.0 preview,8715c70a,3c62529b,Improve documentation,2
2152,Keras 1.0 preview,8715c70a,c61c4ed8,Fix sequence.py encoding,2
2152,Keras 1.0 preview,8715c70a,0b96fc28,"Create ""embeddings"" layer category.",2
2152,Keras 1.0 preview,8715c70a,6b3e4448,Add documentation for image & text preprocessing.,2
2152,Keras 1.0 preview,8715c70a,0af6b6c7,Add documentation for sequence preprocessing.,2
2152,Keras 1.0 preview,8715c70a,0b5848e2,Small doc fixes.,2
2152,Keras 1.0 preview,8715c70a,4bb07c1a,Merge branch 'master' of https://github.com/fchollet/keras,2
2152,Keras 1.0 preview,8715c70a,23c52fe2,Merge pull request #42 from charlesollion/time_distributed_dense,2
2152,Keras 1.0 preview,8715c70a,2ee05d40,Merge pull request #43 from untom/xavierinit,2
2152,Keras 1.0 preview,8715c70a,9c5f0844,Documentation update,2
2152,Keras 1.0 preview,8715c70a,cf1b6ffe,Update documentation.,2
2152,Keras 1.0 preview,8715c70a,6cd076a1,Standardize **kargs order in recurrent layers.,2
2152,Keras 1.0 preview,8715c70a,f953508b,Add documentation for recurrent layers.,2
2152,Keras 1.0 preview,8715c70a,8b2849bd,Add frequency sampling to skipgram. Warning: math.,2
2152,Keras 1.0 preview,8715c70a,25ad4000,Add documentation for core layers,2
2152,Keras 1.0 preview,8715c70a,f35d529f,Modify Flatten layer to automatically infer shape,2
2152,Keras 1.0 preview,8715c70a,463d8c98,Documentation fixes,2
2152,Keras 1.0 preview,8715c70a,b10a5637,Add skipgram utils to preprocessing.sequence,2
2152,Keras 1.0 preview,8715c70a,adb0b1db,Add documentation for initializations and datasets,2
2152,Keras 1.0 preview,8715c70a,7386dff5,Add support for generators in text preprocessing,2
2152,Keras 1.0 preview,8715c70a,746b5d17,Small datasets fixes,2
2152,Keras 1.0 preview,8715c70a,0eddec22,Add documentation for activations and objectives.,2
2152,Keras 1.0 preview,8715c70a,dc5482ae,Add documentation for optimizers,2
2152,Keras 1.0 preview,8715c70a,2264c13b,Add MkDocs documentation skeleton (spooky!).,2
2152,Keras 1.0 preview,8715c70a,1711d37b,Add 'normalize' (for numpy arrays) to np_utils,2
2152,Keras 1.0 preview,8715c70a,f6cd4c83,Fix generic import exception message,2
2152,Keras 1.0 preview,8715c70a,ef7f89ec,Add 'zero' initialization,2
2152,Keras 1.0 preview,8715c70a,df3f11c6,Merge pull request #35 from patyork/batch_fix2,2
2152,Keras 1.0 preview,8715c70a,0449da29,Merge pull request #34 from patyork/batch_fix,2
2152,Keras 1.0 preview,8715c70a,466f6737,Merge pull request #33 from patyork/time_distributed_softmax,2
2152,Keras 1.0 preview,8715c70a,4ef999ff,Merge branch 'master' of https://github.com/fchollet/keras,2
2152,Keras 1.0 preview,8715c70a,6819d38e,Better path for datasets,2
2152,Keras 1.0 preview,8715c70a,a37eacbf,Merge pull request #32 from charlesollion/ndim_generalization,2
2152,Keras 1.0 preview,8715c70a,bf43f611,Update Reuters dataset,2
2152,Keras 1.0 preview,8715c70a,a0152cc8,Merge pull request #27 from nagadomi/learning_rate_decay,2
2152,Keras 1.0 preview,8715c70a,5f7fbc85,Merge pull request #20 from nagadomi/shuffle,2
2152,Keras 1.0 preview,8715c70a,3a986bfd,Merge pull request #19 from fchollet/revert-13-master,2
2152,Keras 1.0 preview,8715c70a,42007f55,"Revert ""Improved setup.py""",2
2152,Keras 1.0 preview,8715c70a,31c39350,Merge branch 'master' of https://github.com/fchollet/keras,2
2152,Keras 1.0 preview,8715c70a,33530ce7,Minor commenting,2
2152,Keras 1.0 preview,8715c70a,2c4d23a6,Merge pull request #13 from mbatchkarov/master,2
2152,Keras 1.0 preview,8715c70a,33d82a41,Fix input shape of recurrent layers,2
2152,Keras 1.0 preview,8715c70a,abd01d11,Fix categorical xentropy when preds are not probas,2
2152,Keras 1.0 preview,8715c70a,2219704a,Fix typos.,2
2152,Keras 1.0 preview,8715c70a,610cebd2,Merge pull request #9 from nagadomi/fix_inf,2
2152,Keras 1.0 preview,8715c70a,f0deb909,Update install instructions in README.md,2
2152,Keras 1.0 preview,8715c70a,c589c524,Fix missing data folder case in data_utils,2
2152,Keras 1.0 preview,8715c70a,6b8dce47,Merge branch 'master' of https://github.com/fchollet/keras,2
2152,Keras 1.0 preview,8715c70a,824ceb93,Update gitignore,2
2152,Keras 1.0 preview,8715c70a,e5844dea,Package code & add setup.py,2
2152,Keras 1.0 preview,8715c70a,f8854174,Merge pull request #6 from vinhkhuc/master,2
2152,Keras 1.0 preview,8715c70a,2379f276,Merge branch 'master' of https://github.com/fchollet/keras,2
2152,Keras 1.0 preview,8715c70a,b365fe45,Fix preprocessing.text.Tokenizer,2
2152,Keras 1.0 preview,8715c70a,9da5a0c6,Merge pull request #5 from nagadomi/fix_untar,2
2152,Keras 1.0 preview,8715c70a,9193cc87,Merge pull request #2 from cosmith/patch-1,2
2152,Keras 1.0 preview,8715c70a,300aaff6,Merge pull request #1 from vasili-zolotov/master,2
2152,Keras 1.0 preview,8715c70a,1f0bd8ca,Initial commit,2
1823,Update SiameseHead,c6c150b0,133699c2,keras.engine.topology.Merge uses K.batch_dot,2
1823,Update SiameseHead,c6c150b0,b0ea92bc,Add batch_dot to backend,2
1823,Update SiameseHead,c6c150b0,d2ce3506,2D tensor support for batch_dot,2
1823,Update SiameseHead,c6c150b0,d4fce4f5,batch_dot supports arbitrary sized arrays,2
1823,Update SiameseHead,c6c150b0,4e5348c5,Add batch_dot to core.py layers,2
1823,Update SiameseHead,c6c150b0,a19db7b6,Add batch_dot to backend,2
1823,Update SiameseHead,c6c150b0,e2758733,fix typo,2
1823,Update SiameseHead,c6c150b0,54d3b9e6,rename test_sequences to test_sequence.py,2
1823,Update SiameseHead,c6c150b0,2e29ef31,rename to  and add more complete tests,2
1823,Update SiameseHead,c6c150b0,4dcb2c04,Add sequences tests and fix sequences docs,2
1823,Update SiameseHead,c6c150b0,acbae2ce,Fix tolerance comparing __call__ to np.dot,2
1823,Update SiameseHead,c6c150b0,614e48e6,fix test problem due to type casting,2
1823,Update SiameseHead,c6c150b0,b55f9910,Update docstrings,2
1823,Update SiameseHead,c6c150b0,4aa713b1,Update docstrings,2
1823,Update SiameseHead,c6c150b0,369fb054,Fix package names and floatx,2
1823,Update SiameseHead,c6c150b0,b691579f,Add get_initial_state method to Recurrent,2
1823,Update SiameseHead,c6c150b0,90e9da40,Fix tensorflow test,2
1823,Update SiameseHead,c6c150b0,e1c7d287,Fix tests,2
1823,Update SiameseHead,c6c150b0,f2e4e2dd,clean up code,2
1823,Update SiameseHead,c6c150b0,4b40c34c,Fix test_call.py docstring,2
1823,Update SiameseHead,c6c150b0,b002d003,Add tests,2
1823,Update SiameseHead,c6c150b0,3306f88f,Merge branch 'call' of https://github.com/edersantana/keras into call,2
1823,Update SiameseHead,c6c150b0,5f627234,Merge branch 'master' of https://github.com/fchollet/keras into call,2
1823,Update SiameseHead,c6c150b0,861c8a8e,Add __call__,2
1823,Update SiameseHead,c6c150b0,92f66a27,convert floatx to ascii,2
1823,Update SiameseHead,c6c150b0,89132a69,Fix typos and update docs,2
1823,Update SiameseHead,c6c150b0,9e4e317b,Neural Turing Machines,2
1823,Update SiameseHead,c6c150b0,6f620712,add join to valid merge modes,2
1823,Update SiameseHead,c6c150b0,52e3e262,Merge branch 'master' of https://github.com/fchollet/keras,2
1823,Update SiameseHead,c6c150b0,46a2fb6f,Fix sign order for clipvalue,2
1823,Update SiameseHead,c6c150b0,b6d8e9dd,Fix clip value logic,2
1823,Update SiameseHead,c6c150b0,69afdd7e,Add clip value as in Neural Turing Machines,2
1823,Update SiameseHead,c6c150b0,dd669773,Raise error if using merge_mode= with unnamed input,2
1823,Update SiameseHead,c6c150b0,cccc1182,Raise error if using merge_mode= with unnamed input,2
1823,Update SiameseHead,c6c150b0,b2048d1d,Merge branch 'master' of https://github.com/fchollet/keras,2
1823,Update SiameseHead,c6c150b0,8bfafd6d,Merge join returns OrderedDict instead of list,2
1823,Update SiameseHead,c6c150b0,5c3db2fe,Add merge_mode join,2
1823,Update SiameseHead,c6c150b0,f4a2323d,- pep8 + better callback name,2
1823,Update SiameseHead,c6c150b0,6a5a3178,I mean on_epoch_begin,2
1823,Update SiameseHead,c6c150b0,cdbbdce9,Make lr and momemtum shared_scalars,2
1823,Update SiameseHead,c6c150b0,9d76926e,Added cost masking to Graph model,2
1823,Update SiameseHead,c6c150b0,f25f894b,Correntions in the cost functions masking,2
1823,Update SiameseHead,c6c150b0,a79343f5,Test previous commit,2
1823,Update SiameseHead,c6c150b0,53aaa669,Added masking to cost function,2
1817,Fix a little bug in pad_sequences,d7ea34fc,f4af11c7,Update sequence.py,2
1817,Fix a little bug in pad_sequences,6dff721a,f4af11c7,Update sequence.py,2
1817,Fix a little bug in pad_sequences,02bc5010,f4af11c7,Update sequence.py,2
1817,Fix a little bug in pad_sequences,1ddf2352,f4af11c7,Update sequence.py,2
1817,Fix a little bug in pad_sequences,3061fcce,f4af11c7,Update sequence.py,2
1817,Fix a little bug in pad_sequences,21bf90cb,f4af11c7,Update sequence.py,2
1801,Lambda layer: Bug Fix,2ccb69df,611c4851,Merge pull request #1 from fchollet/master,2
1801,Lambda layer: Bug Fix,2ccb69df,0d233b25,Update imdb_cnn_lstm.py,2
1801,Lambda layer: Bug Fix,2ccb69df,e704e157,Update imdb_cnn_lstm.py,2
1801,Lambda layer: Bug Fix,2ccb69df,6cc827ca,Bug fix,2
1801,Lambda layer: Bug Fix,2ccb69df,d2051a5d,Added shape checking for concat merge,2
1801,Lambda layer: Bug Fix,2ccb69df,1526d81a,Faster and better Sentiment Analysis example.,2
1801,Lambda layer: Bug Fix,2ccb69df,73c00458,Bug fix,2
1801,Lambda layer: Bug Fix,2ccb69df,3981a87b,Assert input shapes of Merge layer are equal,2
1801,Lambda layer: Bug Fix,2ccb69df,569bb74a,Update comment to include new join merge mode,2
1801,Lambda layer: Bug Fix,2ccb69df,d5cd2687,Update skipgram_word_embeddings.py,2
1801,Lambda layer: Bug Fix,692e8e20,611c4851,Merge pull request #1 from fchollet/master,2
1801,Lambda layer: Bug Fix,692e8e20,0d233b25,Update imdb_cnn_lstm.py,2
1801,Lambda layer: Bug Fix,692e8e20,e704e157,Update imdb_cnn_lstm.py,2
1801,Lambda layer: Bug Fix,692e8e20,6cc827ca,Bug fix,2
1801,Lambda layer: Bug Fix,692e8e20,d2051a5d,Added shape checking for concat merge,2
1801,Lambda layer: Bug Fix,692e8e20,1526d81a,Faster and better Sentiment Analysis example.,2
1801,Lambda layer: Bug Fix,692e8e20,73c00458,Bug fix,2
1801,Lambda layer: Bug Fix,692e8e20,3981a87b,Assert input shapes of Merge layer are equal,2
1801,Lambda layer: Bug Fix,692e8e20,569bb74a,Update comment to include new join merge mode,2
1801,Lambda layer: Bug Fix,692e8e20,d5cd2687,Update skipgram_word_embeddings.py,2
1801,Lambda layer: Bug Fix,e37df7ca,611c4851,Merge pull request #1 from fchollet/master,2
1801,Lambda layer: Bug Fix,e37df7ca,0d233b25,Update imdb_cnn_lstm.py,2
1801,Lambda layer: Bug Fix,e37df7ca,e704e157,Update imdb_cnn_lstm.py,2
1801,Lambda layer: Bug Fix,e37df7ca,6cc827ca,Bug fix,2
1801,Lambda layer: Bug Fix,e37df7ca,d2051a5d,Added shape checking for concat merge,2
1801,Lambda layer: Bug Fix,e37df7ca,1526d81a,Faster and better Sentiment Analysis example.,2
1801,Lambda layer: Bug Fix,e37df7ca,73c00458,Bug fix,2
1801,Lambda layer: Bug Fix,e37df7ca,3981a87b,Assert input shapes of Merge layer are equal,2
1801,Lambda layer: Bug Fix,e37df7ca,569bb74a,Update comment to include new join merge mode,2
1801,Lambda layer: Bug Fix,e37df7ca,d5cd2687,Update skipgram_word_embeddings.py,2
1801,Lambda layer: Bug Fix,24501d43,611c4851,Merge pull request #1 from fchollet/master,2
1801,Lambda layer: Bug Fix,24501d43,0d233b25,Update imdb_cnn_lstm.py,2
1801,Lambda layer: Bug Fix,24501d43,e704e157,Update imdb_cnn_lstm.py,2
1801,Lambda layer: Bug Fix,24501d43,6cc827ca,Bug fix,2
1801,Lambda layer: Bug Fix,24501d43,d2051a5d,Added shape checking for concat merge,2
1801,Lambda layer: Bug Fix,24501d43,1526d81a,Faster and better Sentiment Analysis example.,2
1801,Lambda layer: Bug Fix,24501d43,73c00458,Bug fix,2
1801,Lambda layer: Bug Fix,24501d43,3981a87b,Assert input shapes of Merge layer are equal,2
1801,Lambda layer: Bug Fix,24501d43,569bb74a,Update comment to include new join merge mode,2
1801,Lambda layer: Bug Fix,24501d43,d5cd2687,Update skipgram_word_embeddings.py,2
1801,Lambda layer: Bug Fix,80a831de,611c4851,Merge pull request #1 from fchollet/master,2
1801,Lambda layer: Bug Fix,80a831de,0d233b25,Update imdb_cnn_lstm.py,2
1801,Lambda layer: Bug Fix,80a831de,e704e157,Update imdb_cnn_lstm.py,2
1801,Lambda layer: Bug Fix,80a831de,6cc827ca,Bug fix,2
1801,Lambda layer: Bug Fix,80a831de,d2051a5d,Added shape checking for concat merge,2
1801,Lambda layer: Bug Fix,80a831de,1526d81a,Faster and better Sentiment Analysis example.,2
1801,Lambda layer: Bug Fix,80a831de,73c00458,Bug fix,2
1801,Lambda layer: Bug Fix,80a831de,3981a87b,Assert input shapes of Merge layer are equal,2
1801,Lambda layer: Bug Fix,80a831de,569bb74a,Update comment to include new join merge mode,2
1801,Lambda layer: Bug Fix,80a831de,d5cd2687,Update skipgram_word_embeddings.py,2
1801,Lambda layer: Bug Fix,37fd456a,611c4851,Merge pull request #1 from fchollet/master,2
1801,Lambda layer: Bug Fix,37fd456a,0d233b25,Update imdb_cnn_lstm.py,2
1801,Lambda layer: Bug Fix,37fd456a,e704e157,Update imdb_cnn_lstm.py,2
1801,Lambda layer: Bug Fix,37fd456a,6cc827ca,Bug fix,2
1801,Lambda layer: Bug Fix,37fd456a,d2051a5d,Added shape checking for concat merge,2
1801,Lambda layer: Bug Fix,37fd456a,1526d81a,Faster and better Sentiment Analysis example.,2
1801,Lambda layer: Bug Fix,37fd456a,73c00458,Bug fix,2
1801,Lambda layer: Bug Fix,37fd456a,3981a87b,Assert input shapes of Merge layer are equal,2
1801,Lambda layer: Bug Fix,37fd456a,569bb74a,Update comment to include new join merge mode,2
1801,Lambda layer: Bug Fix,37fd456a,d5cd2687,Update skipgram_word_embeddings.py,2
1801,Lambda layer: Bug Fix,060fcd3e,611c4851,Merge pull request #1 from fchollet/master,2
1801,Lambda layer: Bug Fix,060fcd3e,0d233b25,Update imdb_cnn_lstm.py,2
1801,Lambda layer: Bug Fix,060fcd3e,e704e157,Update imdb_cnn_lstm.py,2
1801,Lambda layer: Bug Fix,060fcd3e,6cc827ca,Bug fix,2
1801,Lambda layer: Bug Fix,060fcd3e,d2051a5d,Added shape checking for concat merge,2
1801,Lambda layer: Bug Fix,060fcd3e,1526d81a,Faster and better Sentiment Analysis example.,2
1801,Lambda layer: Bug Fix,060fcd3e,73c00458,Bug fix,2
1801,Lambda layer: Bug Fix,060fcd3e,3981a87b,Assert input shapes of Merge layer are equal,2
1801,Lambda layer: Bug Fix,060fcd3e,569bb74a,Update comment to include new join merge mode,2
1801,Lambda layer: Bug Fix,060fcd3e,d5cd2687,Update skipgram_word_embeddings.py,2
1801,Lambda layer: Bug Fix,16590ccc,611c4851,Merge pull request #1 from fchollet/master,2
1801,Lambda layer: Bug Fix,16590ccc,0d233b25,Update imdb_cnn_lstm.py,2
1801,Lambda layer: Bug Fix,16590ccc,e704e157,Update imdb_cnn_lstm.py,2
1801,Lambda layer: Bug Fix,16590ccc,6cc827ca,Bug fix,2
1801,Lambda layer: Bug Fix,16590ccc,d2051a5d,Added shape checking for concat merge,2
1801,Lambda layer: Bug Fix,16590ccc,1526d81a,Faster and better Sentiment Analysis example.,2
1801,Lambda layer: Bug Fix,16590ccc,73c00458,Bug fix,2
1801,Lambda layer: Bug Fix,16590ccc,3981a87b,Assert input shapes of Merge layer are equal,2
1801,Lambda layer: Bug Fix,16590ccc,569bb74a,Update comment to include new join merge mode,2
1801,Lambda layer: Bug Fix,16590ccc,d5cd2687,Update skipgram_word_embeddings.py,2
1801,Lambda layer: Bug Fix,d7e0ba1c,611c4851,Merge pull request #1 from fchollet/master,2
1801,Lambda layer: Bug Fix,d7e0ba1c,0d233b25,Update imdb_cnn_lstm.py,2
1801,Lambda layer: Bug Fix,d7e0ba1c,e704e157,Update imdb_cnn_lstm.py,2
1801,Lambda layer: Bug Fix,d7e0ba1c,6cc827ca,Bug fix,2
1801,Lambda layer: Bug Fix,d7e0ba1c,d2051a5d,Added shape checking for concat merge,2
1801,Lambda layer: Bug Fix,d7e0ba1c,1526d81a,Faster and better Sentiment Analysis example.,2
1801,Lambda layer: Bug Fix,d7e0ba1c,73c00458,Bug fix,2
1801,Lambda layer: Bug Fix,d7e0ba1c,3981a87b,Assert input shapes of Merge layer are equal,2
1801,Lambda layer: Bug Fix,d7e0ba1c,569bb74a,Update comment to include new join merge mode,2
1801,Lambda layer: Bug Fix,d7e0ba1c,d5cd2687,Update skipgram_word_embeddings.py,2
1801,Lambda layer: Bug Fix,4b6bf1db,611c4851,Merge pull request #1 from fchollet/master,2
1801,Lambda layer: Bug Fix,4b6bf1db,0d233b25,Update imdb_cnn_lstm.py,2
1801,Lambda layer: Bug Fix,4b6bf1db,e704e157,Update imdb_cnn_lstm.py,2
1801,Lambda layer: Bug Fix,4b6bf1db,6cc827ca,Bug fix,2
1801,Lambda layer: Bug Fix,4b6bf1db,d2051a5d,Added shape checking for concat merge,2
1801,Lambda layer: Bug Fix,4b6bf1db,1526d81a,Faster and better Sentiment Analysis example.,2
1801,Lambda layer: Bug Fix,4b6bf1db,73c00458,Bug fix,2
1801,Lambda layer: Bug Fix,4b6bf1db,3981a87b,Assert input shapes of Merge layer are equal,2
1801,Lambda layer: Bug Fix,4b6bf1db,569bb74a,Update comment to include new join merge mode,2
1801,Lambda layer: Bug Fix,4b6bf1db,d5cd2687,Update skipgram_word_embeddings.py,2
1271,Siamese Layer - Complete fix + tests,08555412,611c4851,Merge pull request #1 from fchollet/master,2
1271,Siamese Layer - Complete fix + tests,08555412,0d233b25,Update imdb_cnn_lstm.py,2
1271,Siamese Layer - Complete fix + tests,08555412,e704e157,Update imdb_cnn_lstm.py,2
1271,Siamese Layer - Complete fix + tests,08555412,6cc827ca,Bug fix,2
1271,Siamese Layer - Complete fix + tests,08555412,d2051a5d,Added shape checking for concat merge,2
1271,Siamese Layer - Complete fix + tests,08555412,1526d81a,Faster and better Sentiment Analysis example.,2
1271,Siamese Layer - Complete fix + tests,08555412,73c00458,Bug fix,2
1271,Siamese Layer - Complete fix + tests,08555412,3981a87b,Assert input shapes of Merge layer are equal,2
1271,Siamese Layer - Complete fix + tests,08555412,569bb74a,Update comment to include new join merge mode,2
1271,Siamese Layer - Complete fix + tests,08555412,d5cd2687,Update skipgram_word_embeddings.py,2
1271,Siamese Layer - Complete fix + tests,cee4f72a,611c4851,Merge pull request #1 from fchollet/master,2
1271,Siamese Layer - Complete fix + tests,cee4f72a,0d233b25,Update imdb_cnn_lstm.py,2
1271,Siamese Layer - Complete fix + tests,cee4f72a,e704e157,Update imdb_cnn_lstm.py,2
1271,Siamese Layer - Complete fix + tests,cee4f72a,6cc827ca,Bug fix,2
1271,Siamese Layer - Complete fix + tests,cee4f72a,d2051a5d,Added shape checking for concat merge,2
1271,Siamese Layer - Complete fix + tests,cee4f72a,1526d81a,Faster and better Sentiment Analysis example.,2
1271,Siamese Layer - Complete fix + tests,cee4f72a,73c00458,Bug fix,2
1271,Siamese Layer - Complete fix + tests,cee4f72a,3981a87b,Assert input shapes of Merge layer are equal,2
1271,Siamese Layer - Complete fix + tests,cee4f72a,569bb74a,Update comment to include new join merge mode,2
1271,Siamese Layer - Complete fix + tests,cee4f72a,d5cd2687,Update skipgram_word_embeddings.py,2
1258,correct masking: switch for each example in a batch,efff160c,090ac0d1,remove incompatible tests,2
1258,correct masking: switch for each example in a batch,efff160c,53c8cfe4,Merge branch 'master' into rnn_masking_bug_fix,2
1258,correct masking: switch for each example in a batch,efff160c,bab230c0,add a test for simple rnn,2
1258,correct masking: switch for each example in a batch,efff160c,efff160c,correct masking: switch for each example in a batch,2
1258,correct masking: switch for each example in a batch,efff160c,c6f68f83,use K.cast for compatibility,2
1258,correct masking: switch for each example in a batch,efff160c,f04272e6,fix float32 issue: int32 times float32 will generate float64,2
1216,Bug fix - Siamese,9148325b,611c4851,Merge pull request #1 from fchollet/master,2
1216,Bug fix - Siamese,9148325b,0d233b25,Update imdb_cnn_lstm.py,2
1216,Bug fix - Siamese,9148325b,e704e157,Update imdb_cnn_lstm.py,2
1216,Bug fix - Siamese,9148325b,6cc827ca,Bug fix,2
1216,Bug fix - Siamese,9148325b,d2051a5d,Added shape checking for concat merge,2
1216,Bug fix - Siamese,9148325b,1526d81a,Faster and better Sentiment Analysis example.,2
1216,Bug fix - Siamese,9148325b,73c00458,Bug fix,2
1216,Bug fix - Siamese,9148325b,3981a87b,Assert input shapes of Merge layer are equal,2
1216,Bug fix - Siamese,9148325b,569bb74a,Update comment to include new join merge mode,2
1216,Bug fix - Siamese,9148325b,d5cd2687,Update skipgram_word_embeddings.py,2
1216,Bug fix - Siamese,7e071cd7,611c4851,Merge pull request #1 from fchollet/master,2
1216,Bug fix - Siamese,7e071cd7,0d233b25,Update imdb_cnn_lstm.py,2
1216,Bug fix - Siamese,7e071cd7,e704e157,Update imdb_cnn_lstm.py,2
1216,Bug fix - Siamese,7e071cd7,6cc827ca,Bug fix,2
1216,Bug fix - Siamese,7e071cd7,d2051a5d,Added shape checking for concat merge,2
1216,Bug fix - Siamese,7e071cd7,1526d81a,Faster and better Sentiment Analysis example.,2
1216,Bug fix - Siamese,7e071cd7,73c00458,Bug fix,2
1216,Bug fix - Siamese,7e071cd7,3981a87b,Assert input shapes of Merge layer are equal,2
1216,Bug fix - Siamese,7e071cd7,569bb74a,Update comment to include new join merge mode,2
1216,Bug fix - Siamese,7e071cd7,d5cd2687,Update skipgram_word_embeddings.py,2
1216,Bug fix - Siamese,a8537897,611c4851,Merge pull request #1 from fchollet/master,2
1216,Bug fix - Siamese,a8537897,0d233b25,Update imdb_cnn_lstm.py,2
1216,Bug fix - Siamese,a8537897,e704e157,Update imdb_cnn_lstm.py,2
1216,Bug fix - Siamese,a8537897,6cc827ca,Bug fix,2
1216,Bug fix - Siamese,a8537897,d2051a5d,Added shape checking for concat merge,2
1216,Bug fix - Siamese,a8537897,1526d81a,Faster and better Sentiment Analysis example.,2
1216,Bug fix - Siamese,a8537897,73c00458,Bug fix,2
1216,Bug fix - Siamese,a8537897,3981a87b,Assert input shapes of Merge layer are equal,2
1216,Bug fix - Siamese,a8537897,569bb74a,Update comment to include new join merge mode,2
1216,Bug fix - Siamese,a8537897,d5cd2687,Update skipgram_word_embeddings.py,2
1216,Bug fix - Siamese,1193427f,611c4851,Merge pull request #1 from fchollet/master,2
1216,Bug fix - Siamese,1193427f,0d233b25,Update imdb_cnn_lstm.py,2
1216,Bug fix - Siamese,1193427f,e704e157,Update imdb_cnn_lstm.py,2
1216,Bug fix - Siamese,1193427f,6cc827ca,Bug fix,2
1216,Bug fix - Siamese,1193427f,d2051a5d,Added shape checking for concat merge,2
1216,Bug fix - Siamese,1193427f,1526d81a,Faster and better Sentiment Analysis example.,2
1216,Bug fix - Siamese,1193427f,73c00458,Bug fix,2
1216,Bug fix - Siamese,1193427f,3981a87b,Assert input shapes of Merge layer are equal,2
1216,Bug fix - Siamese,1193427f,569bb74a,Update comment to include new join merge mode,2
1216,Bug fix - Siamese,1193427f,d5cd2687,Update skipgram_word_embeddings.py,2
1216,Bug fix - Siamese,80fbbc3a,611c4851,Merge pull request #1 from fchollet/master,2
1216,Bug fix - Siamese,80fbbc3a,0d233b25,Update imdb_cnn_lstm.py,2
1216,Bug fix - Siamese,80fbbc3a,e704e157,Update imdb_cnn_lstm.py,2
1216,Bug fix - Siamese,80fbbc3a,6cc827ca,Bug fix,2
1216,Bug fix - Siamese,80fbbc3a,d2051a5d,Added shape checking for concat merge,2
1216,Bug fix - Siamese,80fbbc3a,1526d81a,Faster and better Sentiment Analysis example.,2
1216,Bug fix - Siamese,80fbbc3a,73c00458,Bug fix,2
1216,Bug fix - Siamese,80fbbc3a,3981a87b,Assert input shapes of Merge layer are equal,2
1216,Bug fix - Siamese,80fbbc3a,569bb74a,Update comment to include new join merge mode,2
1216,Bug fix - Siamese,80fbbc3a,d5cd2687,Update skipgram_word_embeddings.py,2
1216,Bug fix - Siamese,f59736a0,611c4851,Merge pull request #1 from fchollet/master,2
1216,Bug fix - Siamese,f59736a0,0d233b25,Update imdb_cnn_lstm.py,2
1216,Bug fix - Siamese,f59736a0,e704e157,Update imdb_cnn_lstm.py,2
1216,Bug fix - Siamese,f59736a0,6cc827ca,Bug fix,2
1216,Bug fix - Siamese,f59736a0,d2051a5d,Added shape checking for concat merge,2
1216,Bug fix - Siamese,f59736a0,1526d81a,Faster and better Sentiment Analysis example.,2
1216,Bug fix - Siamese,f59736a0,73c00458,Bug fix,2
1216,Bug fix - Siamese,f59736a0,3981a87b,Assert input shapes of Merge layer are equal,2
1216,Bug fix - Siamese,f59736a0,569bb74a,Update comment to include new join merge mode,2
1216,Bug fix - Siamese,f59736a0,d5cd2687,Update skipgram_word_embeddings.py,2
1216,Bug fix - Siamese,55447cbb,611c4851,Merge pull request #1 from fchollet/master,2
1216,Bug fix - Siamese,55447cbb,0d233b25,Update imdb_cnn_lstm.py,2
1216,Bug fix - Siamese,55447cbb,e704e157,Update imdb_cnn_lstm.py,2
1216,Bug fix - Siamese,55447cbb,6cc827ca,Bug fix,2
1216,Bug fix - Siamese,55447cbb,d2051a5d,Added shape checking for concat merge,2
1216,Bug fix - Siamese,55447cbb,1526d81a,Faster and better Sentiment Analysis example.,2
1216,Bug fix - Siamese,55447cbb,73c00458,Bug fix,2
1216,Bug fix - Siamese,55447cbb,3981a87b,Assert input shapes of Merge layer are equal,2
1216,Bug fix - Siamese,55447cbb,569bb74a,Update comment to include new join merge mode,2
1216,Bug fix - Siamese,55447cbb,d5cd2687,Update skipgram_word_embeddings.py,2
1216,Bug fix - Siamese,cee4f72a,611c4851,Merge pull request #1 from fchollet/master,2
1216,Bug fix - Siamese,cee4f72a,0d233b25,Update imdb_cnn_lstm.py,2
1216,Bug fix - Siamese,cee4f72a,e704e157,Update imdb_cnn_lstm.py,2
1216,Bug fix - Siamese,cee4f72a,6cc827ca,Bug fix,2
1216,Bug fix - Siamese,cee4f72a,d2051a5d,Added shape checking for concat merge,2
1216,Bug fix - Siamese,cee4f72a,1526d81a,Faster and better Sentiment Analysis example.,2
1216,Bug fix - Siamese,cee4f72a,73c00458,Bug fix,2
1216,Bug fix - Siamese,cee4f72a,3981a87b,Assert input shapes of Merge layer are equal,2
1216,Bug fix - Siamese,cee4f72a,569bb74a,Update comment to include new join merge mode,2
1216,Bug fix - Siamese,cee4f72a,d5cd2687,Update skipgram_word_embeddings.py,2
1216,Bug fix - Siamese,de2884af,611c4851,Merge pull request #1 from fchollet/master,2
1216,Bug fix - Siamese,de2884af,0d233b25,Update imdb_cnn_lstm.py,2
1216,Bug fix - Siamese,de2884af,e704e157,Update imdb_cnn_lstm.py,2
1216,Bug fix - Siamese,de2884af,6cc827ca,Bug fix,2
1216,Bug fix - Siamese,de2884af,d2051a5d,Added shape checking for concat merge,2
1216,Bug fix - Siamese,de2884af,1526d81a,Faster and better Sentiment Analysis example.,2
1216,Bug fix - Siamese,de2884af,73c00458,Bug fix,2
1216,Bug fix - Siamese,de2884af,3981a87b,Assert input shapes of Merge layer are equal,2
1216,Bug fix - Siamese,de2884af,569bb74a,Update comment to include new join merge mode,2
1216,Bug fix - Siamese,de2884af,d5cd2687,Update skipgram_word_embeddings.py,2
1216,Bug fix - Siamese,aca4a773,611c4851,Merge pull request #1 from fchollet/master,2
1216,Bug fix - Siamese,aca4a773,0d233b25,Update imdb_cnn_lstm.py,2
1216,Bug fix - Siamese,aca4a773,e704e157,Update imdb_cnn_lstm.py,2
1216,Bug fix - Siamese,aca4a773,6cc827ca,Bug fix,2
1216,Bug fix - Siamese,aca4a773,d2051a5d,Added shape checking for concat merge,2
1216,Bug fix - Siamese,aca4a773,1526d81a,Faster and better Sentiment Analysis example.,2
1216,Bug fix - Siamese,aca4a773,73c00458,Bug fix,2
1216,Bug fix - Siamese,aca4a773,3981a87b,Assert input shapes of Merge layer are equal,2
1216,Bug fix - Siamese,aca4a773,569bb74a,Update comment to include new join merge mode,2
1216,Bug fix - Siamese,aca4a773,d5cd2687,Update skipgram_word_embeddings.py,2
1216,Bug fix - Siamese,ad254f99,611c4851,Merge pull request #1 from fchollet/master,2
1216,Bug fix - Siamese,ad254f99,0d233b25,Update imdb_cnn_lstm.py,2
1216,Bug fix - Siamese,ad254f99,e704e157,Update imdb_cnn_lstm.py,2
1216,Bug fix - Siamese,ad254f99,6cc827ca,Bug fix,2
1216,Bug fix - Siamese,ad254f99,d2051a5d,Added shape checking for concat merge,2
1216,Bug fix - Siamese,ad254f99,1526d81a,Faster and better Sentiment Analysis example.,2
1216,Bug fix - Siamese,ad254f99,73c00458,Bug fix,2
1216,Bug fix - Siamese,ad254f99,3981a87b,Assert input shapes of Merge layer are equal,2
1216,Bug fix - Siamese,ad254f99,569bb74a,Update comment to include new join merge mode,2
1216,Bug fix - Siamese,ad254f99,d5cd2687,Update skipgram_word_embeddings.py,2
1216,Bug fix - Siamese,6cc827ca,611c4851,Merge pull request #1 from fchollet/master,2
1216,Bug fix - Siamese,6cc827ca,0d233b25,Update imdb_cnn_lstm.py,2
1216,Bug fix - Siamese,6cc827ca,e704e157,Update imdb_cnn_lstm.py,2
1216,Bug fix - Siamese,6cc827ca,6cc827ca,Bug fix,2
1216,Bug fix - Siamese,6cc827ca,d2051a5d,Added shape checking for concat merge,2
1216,Bug fix - Siamese,6cc827ca,1526d81a,Faster and better Sentiment Analysis example.,2
1216,Bug fix - Siamese,6cc827ca,73c00458,Bug fix,2
1216,Bug fix - Siamese,6cc827ca,3981a87b,Assert input shapes of Merge layer are equal,2
1216,Bug fix - Siamese,6cc827ca,569bb74a,Update comment to include new join merge mode,2
1216,Bug fix - Siamese,6cc827ca,d5cd2687,Update skipgram_word_embeddings.py,2
1216,Bug fix - Siamese,73c00458,611c4851,Merge pull request #1 from fchollet/master,2
1216,Bug fix - Siamese,73c00458,0d233b25,Update imdb_cnn_lstm.py,2
1216,Bug fix - Siamese,73c00458,e704e157,Update imdb_cnn_lstm.py,2
1216,Bug fix - Siamese,73c00458,6cc827ca,Bug fix,2
1216,Bug fix - Siamese,73c00458,d2051a5d,Added shape checking for concat merge,2
1216,Bug fix - Siamese,73c00458,1526d81a,Faster and better Sentiment Analysis example.,2
1216,Bug fix - Siamese,73c00458,73c00458,Bug fix,2
1216,Bug fix - Siamese,73c00458,3981a87b,Assert input shapes of Merge layer are equal,2
1216,Bug fix - Siamese,73c00458,569bb74a,Update comment to include new join merge mode,2
1216,Bug fix - Siamese,73c00458,d5cd2687,Update skipgram_word_embeddings.py,2
1211,Bug fix - Cos,9148325b,611c4851,Merge pull request #1 from fchollet/master,2
1211,Bug fix - Cos,9148325b,0d233b25,Update imdb_cnn_lstm.py,2
1211,Bug fix - Cos,9148325b,e704e157,Update imdb_cnn_lstm.py,2
1211,Bug fix - Cos,9148325b,6cc827ca,Bug fix,2
1211,Bug fix - Cos,9148325b,d2051a5d,Added shape checking for concat merge,2
1211,Bug fix - Cos,9148325b,1526d81a,Faster and better Sentiment Analysis example.,2
1211,Bug fix - Cos,9148325b,73c00458,Bug fix,2
1211,Bug fix - Cos,9148325b,3981a87b,Assert input shapes of Merge layer are equal,2
1211,Bug fix - Cos,9148325b,569bb74a,Update comment to include new join merge mode,2
1211,Bug fix - Cos,9148325b,d5cd2687,Update skipgram_word_embeddings.py,2
1211,Bug fix - Cos,7e071cd7,611c4851,Merge pull request #1 from fchollet/master,2
1211,Bug fix - Cos,7e071cd7,0d233b25,Update imdb_cnn_lstm.py,2
1211,Bug fix - Cos,7e071cd7,e704e157,Update imdb_cnn_lstm.py,2
1211,Bug fix - Cos,7e071cd7,6cc827ca,Bug fix,2
1211,Bug fix - Cos,7e071cd7,d2051a5d,Added shape checking for concat merge,2
1211,Bug fix - Cos,7e071cd7,1526d81a,Faster and better Sentiment Analysis example.,2
1211,Bug fix - Cos,7e071cd7,73c00458,Bug fix,2
1211,Bug fix - Cos,7e071cd7,3981a87b,Assert input shapes of Merge layer are equal,2
1211,Bug fix - Cos,7e071cd7,569bb74a,Update comment to include new join merge mode,2
1211,Bug fix - Cos,7e071cd7,d5cd2687,Update skipgram_word_embeddings.py,2
1211,Bug fix - Cos,a8537897,611c4851,Merge pull request #1 from fchollet/master,2
1211,Bug fix - Cos,a8537897,0d233b25,Update imdb_cnn_lstm.py,2
1211,Bug fix - Cos,a8537897,e704e157,Update imdb_cnn_lstm.py,2
1211,Bug fix - Cos,a8537897,6cc827ca,Bug fix,2
1211,Bug fix - Cos,a8537897,d2051a5d,Added shape checking for concat merge,2
1211,Bug fix - Cos,a8537897,1526d81a,Faster and better Sentiment Analysis example.,2
1211,Bug fix - Cos,a8537897,73c00458,Bug fix,2
1211,Bug fix - Cos,a8537897,3981a87b,Assert input shapes of Merge layer are equal,2
1211,Bug fix - Cos,a8537897,569bb74a,Update comment to include new join merge mode,2
1211,Bug fix - Cos,a8537897,d5cd2687,Update skipgram_word_embeddings.py,2
1211,Bug fix - Cos,1193427f,611c4851,Merge pull request #1 from fchollet/master,2
1211,Bug fix - Cos,1193427f,0d233b25,Update imdb_cnn_lstm.py,2
1211,Bug fix - Cos,1193427f,e704e157,Update imdb_cnn_lstm.py,2
1211,Bug fix - Cos,1193427f,6cc827ca,Bug fix,2
1211,Bug fix - Cos,1193427f,d2051a5d,Added shape checking for concat merge,2
1211,Bug fix - Cos,1193427f,1526d81a,Faster and better Sentiment Analysis example.,2
1211,Bug fix - Cos,1193427f,73c00458,Bug fix,2
1211,Bug fix - Cos,1193427f,3981a87b,Assert input shapes of Merge layer are equal,2
1211,Bug fix - Cos,1193427f,569bb74a,Update comment to include new join merge mode,2
1211,Bug fix - Cos,1193427f,d5cd2687,Update skipgram_word_embeddings.py,2
1211,Bug fix - Cos,80fbbc3a,611c4851,Merge pull request #1 from fchollet/master,2
1211,Bug fix - Cos,80fbbc3a,0d233b25,Update imdb_cnn_lstm.py,2
1211,Bug fix - Cos,80fbbc3a,e704e157,Update imdb_cnn_lstm.py,2
1211,Bug fix - Cos,80fbbc3a,6cc827ca,Bug fix,2
1211,Bug fix - Cos,80fbbc3a,d2051a5d,Added shape checking for concat merge,2
1211,Bug fix - Cos,80fbbc3a,1526d81a,Faster and better Sentiment Analysis example.,2
1211,Bug fix - Cos,80fbbc3a,73c00458,Bug fix,2
1211,Bug fix - Cos,80fbbc3a,3981a87b,Assert input shapes of Merge layer are equal,2
1211,Bug fix - Cos,80fbbc3a,569bb74a,Update comment to include new join merge mode,2
1211,Bug fix - Cos,80fbbc3a,d5cd2687,Update skipgram_word_embeddings.py,2
1211,Bug fix - Cos,f59736a0,611c4851,Merge pull request #1 from fchollet/master,2
1211,Bug fix - Cos,f59736a0,0d233b25,Update imdb_cnn_lstm.py,2
1211,Bug fix - Cos,f59736a0,e704e157,Update imdb_cnn_lstm.py,2
1211,Bug fix - Cos,f59736a0,6cc827ca,Bug fix,2
1211,Bug fix - Cos,f59736a0,d2051a5d,Added shape checking for concat merge,2
1211,Bug fix - Cos,f59736a0,1526d81a,Faster and better Sentiment Analysis example.,2
1211,Bug fix - Cos,f59736a0,73c00458,Bug fix,2
1211,Bug fix - Cos,f59736a0,3981a87b,Assert input shapes of Merge layer are equal,2
1211,Bug fix - Cos,f59736a0,569bb74a,Update comment to include new join merge mode,2
1211,Bug fix - Cos,f59736a0,d5cd2687,Update skipgram_word_embeddings.py,2
1211,Bug fix - Cos,55447cbb,611c4851,Merge pull request #1 from fchollet/master,2
1211,Bug fix - Cos,55447cbb,0d233b25,Update imdb_cnn_lstm.py,2
1211,Bug fix - Cos,55447cbb,e704e157,Update imdb_cnn_lstm.py,2
1211,Bug fix - Cos,55447cbb,6cc827ca,Bug fix,2
1211,Bug fix - Cos,55447cbb,d2051a5d,Added shape checking for concat merge,2
1211,Bug fix - Cos,55447cbb,1526d81a,Faster and better Sentiment Analysis example.,2
1211,Bug fix - Cos,55447cbb,73c00458,Bug fix,2
1211,Bug fix - Cos,55447cbb,3981a87b,Assert input shapes of Merge layer are equal,2
1211,Bug fix - Cos,55447cbb,569bb74a,Update comment to include new join merge mode,2
1211,Bug fix - Cos,55447cbb,d5cd2687,Update skipgram_word_embeddings.py,2
1211,Bug fix - Cos,cee4f72a,611c4851,Merge pull request #1 from fchollet/master,2
1211,Bug fix - Cos,cee4f72a,0d233b25,Update imdb_cnn_lstm.py,2
1211,Bug fix - Cos,cee4f72a,e704e157,Update imdb_cnn_lstm.py,2
1211,Bug fix - Cos,cee4f72a,6cc827ca,Bug fix,2
1211,Bug fix - Cos,cee4f72a,d2051a5d,Added shape checking for concat merge,2
1211,Bug fix - Cos,cee4f72a,1526d81a,Faster and better Sentiment Analysis example.,2
1211,Bug fix - Cos,cee4f72a,73c00458,Bug fix,2
1211,Bug fix - Cos,cee4f72a,3981a87b,Assert input shapes of Merge layer are equal,2
1211,Bug fix - Cos,cee4f72a,569bb74a,Update comment to include new join merge mode,2
1211,Bug fix - Cos,cee4f72a,d5cd2687,Update skipgram_word_embeddings.py,2
1211,Bug fix - Cos,de2884af,611c4851,Merge pull request #1 from fchollet/master,2
1211,Bug fix - Cos,de2884af,0d233b25,Update imdb_cnn_lstm.py,2
1211,Bug fix - Cos,de2884af,e704e157,Update imdb_cnn_lstm.py,2
1211,Bug fix - Cos,de2884af,6cc827ca,Bug fix,2
1211,Bug fix - Cos,de2884af,d2051a5d,Added shape checking for concat merge,2
1211,Bug fix - Cos,de2884af,1526d81a,Faster and better Sentiment Analysis example.,2
1211,Bug fix - Cos,de2884af,73c00458,Bug fix,2
1211,Bug fix - Cos,de2884af,3981a87b,Assert input shapes of Merge layer are equal,2
1211,Bug fix - Cos,de2884af,569bb74a,Update comment to include new join merge mode,2
1211,Bug fix - Cos,de2884af,d5cd2687,Update skipgram_word_embeddings.py,2
1211,Bug fix - Cos,aca4a773,611c4851,Merge pull request #1 from fchollet/master,2
1211,Bug fix - Cos,aca4a773,0d233b25,Update imdb_cnn_lstm.py,2
1211,Bug fix - Cos,aca4a773,e704e157,Update imdb_cnn_lstm.py,2
1211,Bug fix - Cos,aca4a773,6cc827ca,Bug fix,2
1211,Bug fix - Cos,aca4a773,d2051a5d,Added shape checking for concat merge,2
1211,Bug fix - Cos,aca4a773,1526d81a,Faster and better Sentiment Analysis example.,2
1211,Bug fix - Cos,aca4a773,73c00458,Bug fix,2
1211,Bug fix - Cos,aca4a773,3981a87b,Assert input shapes of Merge layer are equal,2
1211,Bug fix - Cos,aca4a773,569bb74a,Update comment to include new join merge mode,2
1211,Bug fix - Cos,aca4a773,d5cd2687,Update skipgram_word_embeddings.py,2
1211,Bug fix - Cos,ad254f99,611c4851,Merge pull request #1 from fchollet/master,2
1211,Bug fix - Cos,ad254f99,0d233b25,Update imdb_cnn_lstm.py,2
1211,Bug fix - Cos,ad254f99,e704e157,Update imdb_cnn_lstm.py,2
1211,Bug fix - Cos,ad254f99,6cc827ca,Bug fix,2
1211,Bug fix - Cos,ad254f99,d2051a5d,Added shape checking for concat merge,2
1211,Bug fix - Cos,ad254f99,1526d81a,Faster and better Sentiment Analysis example.,2
1211,Bug fix - Cos,ad254f99,73c00458,Bug fix,2
1211,Bug fix - Cos,ad254f99,3981a87b,Assert input shapes of Merge layer are equal,2
1211,Bug fix - Cos,ad254f99,569bb74a,Update comment to include new join merge mode,2
1211,Bug fix - Cos,ad254f99,d5cd2687,Update skipgram_word_embeddings.py,2
1211,Bug fix - Cos,6cc827ca,611c4851,Merge pull request #1 from fchollet/master,2
1211,Bug fix - Cos,6cc827ca,0d233b25,Update imdb_cnn_lstm.py,2
1211,Bug fix - Cos,6cc827ca,e704e157,Update imdb_cnn_lstm.py,2
1211,Bug fix - Cos,6cc827ca,6cc827ca,Bug fix,2
1211,Bug fix - Cos,6cc827ca,d2051a5d,Added shape checking for concat merge,2
1211,Bug fix - Cos,6cc827ca,1526d81a,Faster and better Sentiment Analysis example.,2
1211,Bug fix - Cos,6cc827ca,73c00458,Bug fix,2
1211,Bug fix - Cos,6cc827ca,3981a87b,Assert input shapes of Merge layer are equal,2
1211,Bug fix - Cos,6cc827ca,569bb74a,Update comment to include new join merge mode,2
1211,Bug fix - Cos,6cc827ca,d5cd2687,Update skipgram_word_embeddings.py,2
1211,Bug fix - Cos,73c00458,611c4851,Merge pull request #1 from fchollet/master,2
1211,Bug fix - Cos,73c00458,0d233b25,Update imdb_cnn_lstm.py,2
1211,Bug fix - Cos,73c00458,e704e157,Update imdb_cnn_lstm.py,2
1211,Bug fix - Cos,73c00458,6cc827ca,Bug fix,2
1211,Bug fix - Cos,73c00458,d2051a5d,Added shape checking for concat merge,2
1211,Bug fix - Cos,73c00458,1526d81a,Faster and better Sentiment Analysis example.,2
1211,Bug fix - Cos,73c00458,73c00458,Bug fix,2
1211,Bug fix - Cos,73c00458,3981a87b,Assert input shapes of Merge layer are equal,2
1211,Bug fix - Cos,73c00458,569bb74a,Update comment to include new join merge mode,2
1211,Bug fix - Cos,73c00458,d5cd2687,Update skipgram_word_embeddings.py,2
1136,babi_memnn.py Error,1a0792ae,611c4851,Merge pull request #1 from fchollet/master,2
1136,babi_memnn.py Error,1a0792ae,0d233b25,Update imdb_cnn_lstm.py,2
1136,babi_memnn.py Error,1a0792ae,e704e157,Update imdb_cnn_lstm.py,2
1136,babi_memnn.py Error,1a0792ae,6cc827ca,Bug fix,2
1136,babi_memnn.py Error,1a0792ae,d2051a5d,Added shape checking for concat merge,2
1136,babi_memnn.py Error,1a0792ae,1526d81a,Faster and better Sentiment Analysis example.,2
1136,babi_memnn.py Error,1a0792ae,73c00458,Bug fix,2
1136,babi_memnn.py Error,1a0792ae,3981a87b,Assert input shapes of Merge layer are equal,2
1136,babi_memnn.py Error,1a0792ae,569bb74a,Update comment to include new join merge mode,2
1136,babi_memnn.py Error,1a0792ae,d5cd2687,Update skipgram_word_embeddings.py,2
1136,babi_memnn.py Error,819f569c,611c4851,Merge pull request #1 from fchollet/master,2
1136,babi_memnn.py Error,819f569c,0d233b25,Update imdb_cnn_lstm.py,2
1136,babi_memnn.py Error,819f569c,e704e157,Update imdb_cnn_lstm.py,2
1136,babi_memnn.py Error,819f569c,6cc827ca,Bug fix,2
1136,babi_memnn.py Error,819f569c,d2051a5d,Added shape checking for concat merge,2
1136,babi_memnn.py Error,819f569c,1526d81a,Faster and better Sentiment Analysis example.,2
1136,babi_memnn.py Error,819f569c,73c00458,Bug fix,2
1136,babi_memnn.py Error,819f569c,3981a87b,Assert input shapes of Merge layer are equal,2
1136,babi_memnn.py Error,819f569c,569bb74a,Update comment to include new join merge mode,2
1136,babi_memnn.py Error,819f569c,d5cd2687,Update skipgram_word_embeddings.py,2
1081,Bug fix - Siamese layer,692e8e20,611c4851,Merge pull request #1 from fchollet/master,2
1081,Bug fix - Siamese layer,692e8e20,0d233b25,Update imdb_cnn_lstm.py,2
1081,Bug fix - Siamese layer,692e8e20,e704e157,Update imdb_cnn_lstm.py,2
1081,Bug fix - Siamese layer,692e8e20,6cc827ca,Bug fix,2
1081,Bug fix - Siamese layer,692e8e20,d2051a5d,Added shape checking for concat merge,2
1081,Bug fix - Siamese layer,692e8e20,1526d81a,Faster and better Sentiment Analysis example.,2
1081,Bug fix - Siamese layer,692e8e20,73c00458,Bug fix,2
1081,Bug fix - Siamese layer,692e8e20,3981a87b,Assert input shapes of Merge layer are equal,2
1081,Bug fix - Siamese layer,692e8e20,569bb74a,Update comment to include new join merge mode,2
1081,Bug fix - Siamese layer,692e8e20,d5cd2687,Update skipgram_word_embeddings.py,2
1081,Bug fix - Siamese layer,4f9e7bf9,611c4851,Merge pull request #1 from fchollet/master,2
1081,Bug fix - Siamese layer,4f9e7bf9,0d233b25,Update imdb_cnn_lstm.py,2
1081,Bug fix - Siamese layer,4f9e7bf9,e704e157,Update imdb_cnn_lstm.py,2
1081,Bug fix - Siamese layer,4f9e7bf9,6cc827ca,Bug fix,2
1081,Bug fix - Siamese layer,4f9e7bf9,d2051a5d,Added shape checking for concat merge,2
1081,Bug fix - Siamese layer,4f9e7bf9,1526d81a,Faster and better Sentiment Analysis example.,2
1081,Bug fix - Siamese layer,4f9e7bf9,73c00458,Bug fix,2
1081,Bug fix - Siamese layer,4f9e7bf9,3981a87b,Assert input shapes of Merge layer are equal,2
1081,Bug fix - Siamese layer,4f9e7bf9,569bb74a,Update comment to include new join merge mode,2
1081,Bug fix - Siamese layer,4f9e7bf9,d5cd2687,Update skipgram_word_embeddings.py,2
1081,Bug fix - Siamese layer,a8537897,611c4851,Merge pull request #1 from fchollet/master,2
1081,Bug fix - Siamese layer,a8537897,0d233b25,Update imdb_cnn_lstm.py,2
1081,Bug fix - Siamese layer,a8537897,e704e157,Update imdb_cnn_lstm.py,2
1081,Bug fix - Siamese layer,a8537897,6cc827ca,Bug fix,2
1081,Bug fix - Siamese layer,a8537897,d2051a5d,Added shape checking for concat merge,2
1081,Bug fix - Siamese layer,a8537897,1526d81a,Faster and better Sentiment Analysis example.,2
1081,Bug fix - Siamese layer,a8537897,73c00458,Bug fix,2
1081,Bug fix - Siamese layer,a8537897,3981a87b,Assert input shapes of Merge layer are equal,2
1081,Bug fix - Siamese layer,a8537897,569bb74a,Update comment to include new join merge mode,2
1081,Bug fix - Siamese layer,a8537897,d5cd2687,Update skipgram_word_embeddings.py,2
1081,Bug fix - Siamese layer,1193427f,611c4851,Merge pull request #1 from fchollet/master,2
1081,Bug fix - Siamese layer,1193427f,0d233b25,Update imdb_cnn_lstm.py,2
1081,Bug fix - Siamese layer,1193427f,e704e157,Update imdb_cnn_lstm.py,2
1081,Bug fix - Siamese layer,1193427f,6cc827ca,Bug fix,2
1081,Bug fix - Siamese layer,1193427f,d2051a5d,Added shape checking for concat merge,2
1081,Bug fix - Siamese layer,1193427f,1526d81a,Faster and better Sentiment Analysis example.,2
1081,Bug fix - Siamese layer,1193427f,73c00458,Bug fix,2
1081,Bug fix - Siamese layer,1193427f,3981a87b,Assert input shapes of Merge layer are equal,2
1081,Bug fix - Siamese layer,1193427f,569bb74a,Update comment to include new join merge mode,2
1081,Bug fix - Siamese layer,1193427f,d5cd2687,Update skipgram_word_embeddings.py,2
1081,Bug fix - Siamese layer,f59736a0,611c4851,Merge pull request #1 from fchollet/master,2
1081,Bug fix - Siamese layer,f59736a0,0d233b25,Update imdb_cnn_lstm.py,2
1081,Bug fix - Siamese layer,f59736a0,e704e157,Update imdb_cnn_lstm.py,2
1081,Bug fix - Siamese layer,f59736a0,6cc827ca,Bug fix,2
1081,Bug fix - Siamese layer,f59736a0,d2051a5d,Added shape checking for concat merge,2
1081,Bug fix - Siamese layer,f59736a0,1526d81a,Faster and better Sentiment Analysis example.,2
1081,Bug fix - Siamese layer,f59736a0,73c00458,Bug fix,2
1081,Bug fix - Siamese layer,f59736a0,3981a87b,Assert input shapes of Merge layer are equal,2
1081,Bug fix - Siamese layer,f59736a0,569bb74a,Update comment to include new join merge mode,2
1081,Bug fix - Siamese layer,f59736a0,d5cd2687,Update skipgram_word_embeddings.py,2
1081,Bug fix - Siamese layer,55447cbb,611c4851,Merge pull request #1 from fchollet/master,2
1081,Bug fix - Siamese layer,55447cbb,0d233b25,Update imdb_cnn_lstm.py,2
1081,Bug fix - Siamese layer,55447cbb,e704e157,Update imdb_cnn_lstm.py,2
1081,Bug fix - Siamese layer,55447cbb,6cc827ca,Bug fix,2
1081,Bug fix - Siamese layer,55447cbb,d2051a5d,Added shape checking for concat merge,2
1081,Bug fix - Siamese layer,55447cbb,1526d81a,Faster and better Sentiment Analysis example.,2
1081,Bug fix - Siamese layer,55447cbb,73c00458,Bug fix,2
1081,Bug fix - Siamese layer,55447cbb,3981a87b,Assert input shapes of Merge layer are equal,2
1081,Bug fix - Siamese layer,55447cbb,569bb74a,Update comment to include new join merge mode,2
1081,Bug fix - Siamese layer,55447cbb,d5cd2687,Update skipgram_word_embeddings.py,2
1081,Bug fix - Siamese layer,060fcd3e,611c4851,Merge pull request #1 from fchollet/master,2
1081,Bug fix - Siamese layer,060fcd3e,0d233b25,Update imdb_cnn_lstm.py,2
1081,Bug fix - Siamese layer,060fcd3e,e704e157,Update imdb_cnn_lstm.py,2
1081,Bug fix - Siamese layer,060fcd3e,6cc827ca,Bug fix,2
1081,Bug fix - Siamese layer,060fcd3e,d2051a5d,Added shape checking for concat merge,2
1081,Bug fix - Siamese layer,060fcd3e,1526d81a,Faster and better Sentiment Analysis example.,2
1081,Bug fix - Siamese layer,060fcd3e,73c00458,Bug fix,2
1081,Bug fix - Siamese layer,060fcd3e,3981a87b,Assert input shapes of Merge layer are equal,2
1081,Bug fix - Siamese layer,060fcd3e,569bb74a,Update comment to include new join merge mode,2
1081,Bug fix - Siamese layer,060fcd3e,d5cd2687,Update skipgram_word_embeddings.py,2
1081,Bug fix - Siamese layer,cee4f72a,611c4851,Merge pull request #1 from fchollet/master,2
1081,Bug fix - Siamese layer,cee4f72a,0d233b25,Update imdb_cnn_lstm.py,2
1081,Bug fix - Siamese layer,cee4f72a,e704e157,Update imdb_cnn_lstm.py,2
1081,Bug fix - Siamese layer,cee4f72a,6cc827ca,Bug fix,2
1081,Bug fix - Siamese layer,cee4f72a,d2051a5d,Added shape checking for concat merge,2
1081,Bug fix - Siamese layer,cee4f72a,1526d81a,Faster and better Sentiment Analysis example.,2
1081,Bug fix - Siamese layer,cee4f72a,73c00458,Bug fix,2
1081,Bug fix - Siamese layer,cee4f72a,3981a87b,Assert input shapes of Merge layer are equal,2
1081,Bug fix - Siamese layer,cee4f72a,569bb74a,Update comment to include new join merge mode,2
1081,Bug fix - Siamese layer,cee4f72a,d5cd2687,Update skipgram_word_embeddings.py,2
1081,Bug fix - Siamese layer,de2884af,611c4851,Merge pull request #1 from fchollet/master,2
1081,Bug fix - Siamese layer,de2884af,0d233b25,Update imdb_cnn_lstm.py,2
1081,Bug fix - Siamese layer,de2884af,e704e157,Update imdb_cnn_lstm.py,2
1081,Bug fix - Siamese layer,de2884af,6cc827ca,Bug fix,2
1081,Bug fix - Siamese layer,de2884af,d2051a5d,Added shape checking for concat merge,2
1081,Bug fix - Siamese layer,de2884af,1526d81a,Faster and better Sentiment Analysis example.,2
1081,Bug fix - Siamese layer,de2884af,73c00458,Bug fix,2
1081,Bug fix - Siamese layer,de2884af,3981a87b,Assert input shapes of Merge layer are equal,2
1081,Bug fix - Siamese layer,de2884af,569bb74a,Update comment to include new join merge mode,2
1081,Bug fix - Siamese layer,de2884af,d5cd2687,Update skipgram_word_embeddings.py,2
1081,Bug fix - Siamese layer,aca4a773,611c4851,Merge pull request #1 from fchollet/master,2
1081,Bug fix - Siamese layer,aca4a773,0d233b25,Update imdb_cnn_lstm.py,2
1081,Bug fix - Siamese layer,aca4a773,e704e157,Update imdb_cnn_lstm.py,2
1081,Bug fix - Siamese layer,aca4a773,6cc827ca,Bug fix,2
1081,Bug fix - Siamese layer,aca4a773,d2051a5d,Added shape checking for concat merge,2
1081,Bug fix - Siamese layer,aca4a773,1526d81a,Faster and better Sentiment Analysis example.,2
1081,Bug fix - Siamese layer,aca4a773,73c00458,Bug fix,2
1081,Bug fix - Siamese layer,aca4a773,3981a87b,Assert input shapes of Merge layer are equal,2
1081,Bug fix - Siamese layer,aca4a773,569bb74a,Update comment to include new join merge mode,2
1081,Bug fix - Siamese layer,aca4a773,d5cd2687,Update skipgram_word_embeddings.py,2
1081,Bug fix - Siamese layer,138e77d0,611c4851,Merge pull request #1 from fchollet/master,2
1081,Bug fix - Siamese layer,138e77d0,0d233b25,Update imdb_cnn_lstm.py,2
1081,Bug fix - Siamese layer,138e77d0,e704e157,Update imdb_cnn_lstm.py,2
1081,Bug fix - Siamese layer,138e77d0,6cc827ca,Bug fix,2
1081,Bug fix - Siamese layer,138e77d0,d2051a5d,Added shape checking for concat merge,2
1081,Bug fix - Siamese layer,138e77d0,1526d81a,Faster and better Sentiment Analysis example.,2
1081,Bug fix - Siamese layer,138e77d0,73c00458,Bug fix,2
1081,Bug fix - Siamese layer,138e77d0,3981a87b,Assert input shapes of Merge layer are equal,2
1081,Bug fix - Siamese layer,138e77d0,569bb74a,Update comment to include new join merge mode,2
1081,Bug fix - Siamese layer,138e77d0,d5cd2687,Update skipgram_word_embeddings.py,2
1081,Bug fix - Siamese layer,ad254f99,611c4851,Merge pull request #1 from fchollet/master,2
1081,Bug fix - Siamese layer,ad254f99,0d233b25,Update imdb_cnn_lstm.py,2
1081,Bug fix - Siamese layer,ad254f99,e704e157,Update imdb_cnn_lstm.py,2
1081,Bug fix - Siamese layer,ad254f99,6cc827ca,Bug fix,2
1081,Bug fix - Siamese layer,ad254f99,d2051a5d,Added shape checking for concat merge,2
1081,Bug fix - Siamese layer,ad254f99,1526d81a,Faster and better Sentiment Analysis example.,2
1081,Bug fix - Siamese layer,ad254f99,73c00458,Bug fix,2
1081,Bug fix - Siamese layer,ad254f99,3981a87b,Assert input shapes of Merge layer are equal,2
1081,Bug fix - Siamese layer,ad254f99,569bb74a,Update comment to include new join merge mode,2
1081,Bug fix - Siamese layer,ad254f99,d5cd2687,Update skipgram_word_embeddings.py,2
1081,Bug fix - Siamese layer,6cc827ca,611c4851,Merge pull request #1 from fchollet/master,2
1081,Bug fix - Siamese layer,6cc827ca,0d233b25,Update imdb_cnn_lstm.py,2
1081,Bug fix - Siamese layer,6cc827ca,e704e157,Update imdb_cnn_lstm.py,2
1081,Bug fix - Siamese layer,6cc827ca,6cc827ca,Bug fix,2
1081,Bug fix - Siamese layer,6cc827ca,d2051a5d,Added shape checking for concat merge,2
1081,Bug fix - Siamese layer,6cc827ca,1526d81a,Faster and better Sentiment Analysis example.,2
1081,Bug fix - Siamese layer,6cc827ca,73c00458,Bug fix,2
1081,Bug fix - Siamese layer,6cc827ca,3981a87b,Assert input shapes of Merge layer are equal,2
1081,Bug fix - Siamese layer,6cc827ca,569bb74a,Update comment to include new join merge mode,2
1081,Bug fix - Siamese layer,6cc827ca,d5cd2687,Update skipgram_word_embeddings.py,2
1081,Bug fix - Siamese layer,73c00458,611c4851,Merge pull request #1 from fchollet/master,2
1081,Bug fix - Siamese layer,73c00458,0d233b25,Update imdb_cnn_lstm.py,2
1081,Bug fix - Siamese layer,73c00458,e704e157,Update imdb_cnn_lstm.py,2
1081,Bug fix - Siamese layer,73c00458,6cc827ca,Bug fix,2
1081,Bug fix - Siamese layer,73c00458,d2051a5d,Added shape checking for concat merge,2
1081,Bug fix - Siamese layer,73c00458,1526d81a,Faster and better Sentiment Analysis example.,2
1081,Bug fix - Siamese layer,73c00458,73c00458,Bug fix,2
1081,Bug fix - Siamese layer,73c00458,3981a87b,Assert input shapes of Merge layer are equal,2
1081,Bug fix - Siamese layer,73c00458,569bb74a,Update comment to include new join merge mode,2
1081,Bug fix - Siamese layer,73c00458,d5cd2687,Update skipgram_word_embeddings.py,2
1078,Fix bug in Merge.get_input(),6dff721a,611c4851,Merge pull request #1 from fchollet/master,2
1078,Fix bug in Merge.get_input(),6dff721a,0d233b25,Update imdb_cnn_lstm.py,2
1078,Fix bug in Merge.get_input(),6dff721a,e704e157,Update imdb_cnn_lstm.py,2
1078,Fix bug in Merge.get_input(),6dff721a,6cc827ca,Bug fix,2
1078,Fix bug in Merge.get_input(),6dff721a,d2051a5d,Added shape checking for concat merge,2
1078,Fix bug in Merge.get_input(),6dff721a,1526d81a,Faster and better Sentiment Analysis example.,2
1078,Fix bug in Merge.get_input(),6dff721a,73c00458,Bug fix,2
1078,Fix bug in Merge.get_input(),6dff721a,3981a87b,Assert input shapes of Merge layer are equal,2
1078,Fix bug in Merge.get_input(),6dff721a,569bb74a,Update comment to include new join merge mode,2
1078,Fix bug in Merge.get_input(),6dff721a,d5cd2687,Update skipgram_word_embeddings.py,2
1078,Fix bug in Merge.get_input(),02bc5010,611c4851,Merge pull request #1 from fchollet/master,2
1078,Fix bug in Merge.get_input(),02bc5010,0d233b25,Update imdb_cnn_lstm.py,2
1078,Fix bug in Merge.get_input(),02bc5010,e704e157,Update imdb_cnn_lstm.py,2
1078,Fix bug in Merge.get_input(),02bc5010,6cc827ca,Bug fix,2
1078,Fix bug in Merge.get_input(),02bc5010,d2051a5d,Added shape checking for concat merge,2
1078,Fix bug in Merge.get_input(),02bc5010,1526d81a,Faster and better Sentiment Analysis example.,2
1078,Fix bug in Merge.get_input(),02bc5010,73c00458,Bug fix,2
1078,Fix bug in Merge.get_input(),02bc5010,3981a87b,Assert input shapes of Merge layer are equal,2
1078,Fix bug in Merge.get_input(),02bc5010,569bb74a,Update comment to include new join merge mode,2
1078,Fix bug in Merge.get_input(),02bc5010,d5cd2687,Update skipgram_word_embeddings.py,2
1078,Fix bug in Merge.get_input(),1ddf2352,611c4851,Merge pull request #1 from fchollet/master,2
1078,Fix bug in Merge.get_input(),1ddf2352,0d233b25,Update imdb_cnn_lstm.py,2
1078,Fix bug in Merge.get_input(),1ddf2352,e704e157,Update imdb_cnn_lstm.py,2
1078,Fix bug in Merge.get_input(),1ddf2352,6cc827ca,Bug fix,2
1078,Fix bug in Merge.get_input(),1ddf2352,d2051a5d,Added shape checking for concat merge,2
1078,Fix bug in Merge.get_input(),1ddf2352,1526d81a,Faster and better Sentiment Analysis example.,2
1078,Fix bug in Merge.get_input(),1ddf2352,73c00458,Bug fix,2
1078,Fix bug in Merge.get_input(),1ddf2352,3981a87b,Assert input shapes of Merge layer are equal,2
1078,Fix bug in Merge.get_input(),1ddf2352,569bb74a,Update comment to include new join merge mode,2
1078,Fix bug in Merge.get_input(),1ddf2352,d5cd2687,Update skipgram_word_embeddings.py,2
1078,Fix bug in Merge.get_input(),21bf90cb,611c4851,Merge pull request #1 from fchollet/master,2
1078,Fix bug in Merge.get_input(),21bf90cb,0d233b25,Update imdb_cnn_lstm.py,2
1078,Fix bug in Merge.get_input(),21bf90cb,e704e157,Update imdb_cnn_lstm.py,2
1078,Fix bug in Merge.get_input(),21bf90cb,6cc827ca,Bug fix,2
1078,Fix bug in Merge.get_input(),21bf90cb,d2051a5d,Added shape checking for concat merge,2
1078,Fix bug in Merge.get_input(),21bf90cb,1526d81a,Faster and better Sentiment Analysis example.,2
1078,Fix bug in Merge.get_input(),21bf90cb,73c00458,Bug fix,2
1078,Fix bug in Merge.get_input(),21bf90cb,3981a87b,Assert input shapes of Merge layer are equal,2
1078,Fix bug in Merge.get_input(),21bf90cb,569bb74a,Update comment to include new join merge mode,2
1078,Fix bug in Merge.get_input(),21bf90cb,d5cd2687,Update skipgram_word_embeddings.py,2
1078,Fix bug in Merge.get_input(),6ffa6f39,611c4851,Merge pull request #1 from fchollet/master,2
1078,Fix bug in Merge.get_input(),6ffa6f39,0d233b25,Update imdb_cnn_lstm.py,2
1078,Fix bug in Merge.get_input(),6ffa6f39,e704e157,Update imdb_cnn_lstm.py,2
1078,Fix bug in Merge.get_input(),6ffa6f39,6cc827ca,Bug fix,2
1078,Fix bug in Merge.get_input(),6ffa6f39,d2051a5d,Added shape checking for concat merge,2
1078,Fix bug in Merge.get_input(),6ffa6f39,1526d81a,Faster and better Sentiment Analysis example.,2
1078,Fix bug in Merge.get_input(),6ffa6f39,73c00458,Bug fix,2
1078,Fix bug in Merge.get_input(),6ffa6f39,3981a87b,Assert input shapes of Merge layer are equal,2
1078,Fix bug in Merge.get_input(),6ffa6f39,569bb74a,Update comment to include new join merge mode,2
1078,Fix bug in Merge.get_input(),6ffa6f39,d5cd2687,Update skipgram_word_embeddings.py,2
1078,Fix bug in Merge.get_input(),6f5f3d3f,611c4851,Merge pull request #1 from fchollet/master,2
1078,Fix bug in Merge.get_input(),6f5f3d3f,0d233b25,Update imdb_cnn_lstm.py,2
1078,Fix bug in Merge.get_input(),6f5f3d3f,e704e157,Update imdb_cnn_lstm.py,2
1078,Fix bug in Merge.get_input(),6f5f3d3f,6cc827ca,Bug fix,2
1078,Fix bug in Merge.get_input(),6f5f3d3f,d2051a5d,Added shape checking for concat merge,2
1078,Fix bug in Merge.get_input(),6f5f3d3f,1526d81a,Faster and better Sentiment Analysis example.,2
1078,Fix bug in Merge.get_input(),6f5f3d3f,73c00458,Bug fix,2
1078,Fix bug in Merge.get_input(),6f5f3d3f,3981a87b,Assert input shapes of Merge layer are equal,2
1078,Fix bug in Merge.get_input(),6f5f3d3f,569bb74a,Update comment to include new join merge mode,2
1078,Fix bug in Merge.get_input(),6f5f3d3f,d5cd2687,Update skipgram_word_embeddings.py,2
1078,Fix bug in Merge.get_input(),22566c37,611c4851,Merge pull request #1 from fchollet/master,2
1078,Fix bug in Merge.get_input(),22566c37,0d233b25,Update imdb_cnn_lstm.py,2
1078,Fix bug in Merge.get_input(),22566c37,e704e157,Update imdb_cnn_lstm.py,2
1078,Fix bug in Merge.get_input(),22566c37,6cc827ca,Bug fix,2
1078,Fix bug in Merge.get_input(),22566c37,d2051a5d,Added shape checking for concat merge,2
1078,Fix bug in Merge.get_input(),22566c37,1526d81a,Faster and better Sentiment Analysis example.,2
1078,Fix bug in Merge.get_input(),22566c37,73c00458,Bug fix,2
1078,Fix bug in Merge.get_input(),22566c37,3981a87b,Assert input shapes of Merge layer are equal,2
1078,Fix bug in Merge.get_input(),22566c37,569bb74a,Update comment to include new join merge mode,2
1078,Fix bug in Merge.get_input(),22566c37,d5cd2687,Update skipgram_word_embeddings.py,2
1078,Fix bug in Merge.get_input(),3b76158c,611c4851,Merge pull request #1 from fchollet/master,2
1078,Fix bug in Merge.get_input(),3b76158c,0d233b25,Update imdb_cnn_lstm.py,2
1078,Fix bug in Merge.get_input(),3b76158c,e704e157,Update imdb_cnn_lstm.py,2
1078,Fix bug in Merge.get_input(),3b76158c,6cc827ca,Bug fix,2
1078,Fix bug in Merge.get_input(),3b76158c,d2051a5d,Added shape checking for concat merge,2
1078,Fix bug in Merge.get_input(),3b76158c,1526d81a,Faster and better Sentiment Analysis example.,2
1078,Fix bug in Merge.get_input(),3b76158c,73c00458,Bug fix,2
1078,Fix bug in Merge.get_input(),3b76158c,3981a87b,Assert input shapes of Merge layer are equal,2
1078,Fix bug in Merge.get_input(),3b76158c,569bb74a,Update comment to include new join merge mode,2
1078,Fix bug in Merge.get_input(),3b76158c,d5cd2687,Update skipgram_word_embeddings.py,2
1031,Bug in the evaluation of the validation data in the Graph model,c8f66d15,e501cd66,changed ref to attribute ModelCheckPoint,2
1031,Bug in the evaluation of the validation data in the Graph model,c8f66d15,d68e3316,Support for fit_generator + tensorboard,2
1031,Bug in the evaluation of the validation data in the Graph model,c8f66d15,e31d26b3,+ name of th loaded models,2
1031,Bug in the evaluation of the validation data in the Graph model,c8f66d15,42cd4d6b,Added support for both Sequential and Graph,2
1031,Bug in the evaluation of the validation data in the Graph model,c8f66d15,6bb4cbbf,added compatibility for custom loss functions,2
1031,Bug in the evaluation of the validation data in the Graph model,c8f66d15,f8dd6da0,Eval kernel base Theano conv2d same border mode,2
1031,Bug in the evaluation of the validation data in the Graph model,c8f66d15,c00cf10e,* deleted custom padding/replaced by a slice,2
1031,Bug in the evaluation of the validation data in the Graph model,c8f66d15,80eab1bc,Add TensorBoard visualization callback.,2
1031,Bug in the evaluation of the validation data in the Graph model,c8f66d15,5b1038ab,and,2
1031,Bug in the evaluation of the validation data in the Graph model,c8f66d15,58121fa8,deleted out,2
1031,Bug in the evaluation of the validation data in the Graph model,c8f66d15,82befe83,type redo,2
1031,Bug in the evaluation of the validation data in the Graph model,c8f66d15,f49e52a2,tuple to dict in the graph documentation,2
1031,Bug in the evaluation of the validation data in the Graph model,c8f66d15,1a7c6627,* fixed validation y size for weighting,2
1031,Bug in the evaluation of the validation data in the Graph model,a8e235c3,e501cd66,changed ref to attribute ModelCheckPoint,2
1031,Bug in the evaluation of the validation data in the Graph model,a8e235c3,d68e3316,Support for fit_generator + tensorboard,2
1031,Bug in the evaluation of the validation data in the Graph model,a8e235c3,e31d26b3,+ name of th loaded models,2
1031,Bug in the evaluation of the validation data in the Graph model,a8e235c3,42cd4d6b,Added support for both Sequential and Graph,2
1031,Bug in the evaluation of the validation data in the Graph model,a8e235c3,6bb4cbbf,added compatibility for custom loss functions,2
1031,Bug in the evaluation of the validation data in the Graph model,a8e235c3,f8dd6da0,Eval kernel base Theano conv2d same border mode,2
1031,Bug in the evaluation of the validation data in the Graph model,a8e235c3,c00cf10e,* deleted custom padding/replaced by a slice,2
1031,Bug in the evaluation of the validation data in the Graph model,a8e235c3,80eab1bc,Add TensorBoard visualization callback.,2
1031,Bug in the evaluation of the validation data in the Graph model,a8e235c3,5b1038ab,and,2
1031,Bug in the evaluation of the validation data in the Graph model,a8e235c3,58121fa8,deleted out,2
1031,Bug in the evaluation of the validation data in the Graph model,a8e235c3,82befe83,type redo,2
1031,Bug in the evaluation of the validation data in the Graph model,a8e235c3,f49e52a2,tuple to dict in the graph documentation,2
1031,Bug in the evaluation of the validation data in the Graph model,a8e235c3,1a7c6627,* fixed validation y size for weighting,2
1031,Bug in the evaluation of the validation data in the Graph model,09d721ab,e501cd66,changed ref to attribute ModelCheckPoint,2
1031,Bug in the evaluation of the validation data in the Graph model,09d721ab,d68e3316,Support for fit_generator + tensorboard,2
1031,Bug in the evaluation of the validation data in the Graph model,09d721ab,e31d26b3,+ name of th loaded models,2
1031,Bug in the evaluation of the validation data in the Graph model,09d721ab,42cd4d6b,Added support for both Sequential and Graph,2
1031,Bug in the evaluation of the validation data in the Graph model,09d721ab,6bb4cbbf,added compatibility for custom loss functions,2
1031,Bug in the evaluation of the validation data in the Graph model,09d721ab,f8dd6da0,Eval kernel base Theano conv2d same border mode,2
1031,Bug in the evaluation of the validation data in the Graph model,09d721ab,c00cf10e,* deleted custom padding/replaced by a slice,2
1031,Bug in the evaluation of the validation data in the Graph model,09d721ab,80eab1bc,Add TensorBoard visualization callback.,2
1031,Bug in the evaluation of the validation data in the Graph model,09d721ab,5b1038ab,and,2
1031,Bug in the evaluation of the validation data in the Graph model,09d721ab,58121fa8,deleted out,2
1031,Bug in the evaluation of the validation data in the Graph model,09d721ab,82befe83,type redo,2
1031,Bug in the evaluation of the validation data in the Graph model,09d721ab,f49e52a2,tuple to dict in the graph documentation,2
1031,Bug in the evaluation of the validation data in the Graph model,09d721ab,1a7c6627,* fixed validation y size for weighting,2
1031,Bug in the evaluation of the validation data in the Graph model,8ef5dcfd,e501cd66,changed ref to attribute ModelCheckPoint,2
1031,Bug in the evaluation of the validation data in the Graph model,8ef5dcfd,d68e3316,Support for fit_generator + tensorboard,2
1031,Bug in the evaluation of the validation data in the Graph model,8ef5dcfd,e31d26b3,+ name of th loaded models,2
1031,Bug in the evaluation of the validation data in the Graph model,8ef5dcfd,42cd4d6b,Added support for both Sequential and Graph,2
1031,Bug in the evaluation of the validation data in the Graph model,8ef5dcfd,6bb4cbbf,added compatibility for custom loss functions,2
1031,Bug in the evaluation of the validation data in the Graph model,8ef5dcfd,f8dd6da0,Eval kernel base Theano conv2d same border mode,2
1031,Bug in the evaluation of the validation data in the Graph model,8ef5dcfd,c00cf10e,* deleted custom padding/replaced by a slice,2
1031,Bug in the evaluation of the validation data in the Graph model,8ef5dcfd,80eab1bc,Add TensorBoard visualization callback.,2
1031,Bug in the evaluation of the validation data in the Graph model,8ef5dcfd,5b1038ab,and,2
1031,Bug in the evaluation of the validation data in the Graph model,8ef5dcfd,58121fa8,deleted out,2
1031,Bug in the evaluation of the validation data in the Graph model,8ef5dcfd,82befe83,type redo,2
1031,Bug in the evaluation of the validation data in the Graph model,8ef5dcfd,f49e52a2,tuple to dict in the graph documentation,2
1031,Bug in the evaluation of the validation data in the Graph model,8ef5dcfd,1a7c6627,* fixed validation y size for weighting,2
1031,Bug in the evaluation of the validation data in the Graph model,6272e662,e501cd66,changed ref to attribute ModelCheckPoint,2
1031,Bug in the evaluation of the validation data in the Graph model,6272e662,d68e3316,Support for fit_generator + tensorboard,2
1031,Bug in the evaluation of the validation data in the Graph model,6272e662,e31d26b3,+ name of th loaded models,2
1031,Bug in the evaluation of the validation data in the Graph model,6272e662,42cd4d6b,Added support for both Sequential and Graph,2
1031,Bug in the evaluation of the validation data in the Graph model,6272e662,6bb4cbbf,added compatibility for custom loss functions,2
1031,Bug in the evaluation of the validation data in the Graph model,6272e662,f8dd6da0,Eval kernel base Theano conv2d same border mode,2
1031,Bug in the evaluation of the validation data in the Graph model,6272e662,c00cf10e,* deleted custom padding/replaced by a slice,2
1031,Bug in the evaluation of the validation data in the Graph model,6272e662,80eab1bc,Add TensorBoard visualization callback.,2
1031,Bug in the evaluation of the validation data in the Graph model,6272e662,5b1038ab,and,2
1031,Bug in the evaluation of the validation data in the Graph model,6272e662,58121fa8,deleted out,2
1031,Bug in the evaluation of the validation data in the Graph model,6272e662,82befe83,type redo,2
1031,Bug in the evaluation of the validation data in the Graph model,6272e662,f49e52a2,tuple to dict in the graph documentation,2
1031,Bug in the evaluation of the validation data in the Graph model,6272e662,1a7c6627,* fixed validation y size for weighting,2
1031,Bug in the evaluation of the validation data in the Graph model,b2d1dea2,e501cd66,changed ref to attribute ModelCheckPoint,2
1031,Bug in the evaluation of the validation data in the Graph model,b2d1dea2,d68e3316,Support for fit_generator + tensorboard,2
1031,Bug in the evaluation of the validation data in the Graph model,b2d1dea2,e31d26b3,+ name of th loaded models,2
1031,Bug in the evaluation of the validation data in the Graph model,b2d1dea2,42cd4d6b,Added support for both Sequential and Graph,2
1031,Bug in the evaluation of the validation data in the Graph model,b2d1dea2,6bb4cbbf,added compatibility for custom loss functions,2
1031,Bug in the evaluation of the validation data in the Graph model,b2d1dea2,f8dd6da0,Eval kernel base Theano conv2d same border mode,2
1031,Bug in the evaluation of the validation data in the Graph model,b2d1dea2,c00cf10e,* deleted custom padding/replaced by a slice,2
1031,Bug in the evaluation of the validation data in the Graph model,b2d1dea2,80eab1bc,Add TensorBoard visualization callback.,2
1031,Bug in the evaluation of the validation data in the Graph model,b2d1dea2,5b1038ab,and,2
1031,Bug in the evaluation of the validation data in the Graph model,b2d1dea2,58121fa8,deleted out,2
1031,Bug in the evaluation of the validation data in the Graph model,b2d1dea2,82befe83,type redo,2
1031,Bug in the evaluation of the validation data in the Graph model,b2d1dea2,f49e52a2,tuple to dict in the graph documentation,2
1031,Bug in the evaluation of the validation data in the Graph model,b2d1dea2,1a7c6627,* fixed validation y size for weighting,2
1031,Bug in the evaluation of the validation data in the Graph model,f60313e2,e501cd66,changed ref to attribute ModelCheckPoint,2
1031,Bug in the evaluation of the validation data in the Graph model,f60313e2,d68e3316,Support for fit_generator + tensorboard,2
1031,Bug in the evaluation of the validation data in the Graph model,f60313e2,e31d26b3,+ name of th loaded models,2
1031,Bug in the evaluation of the validation data in the Graph model,f60313e2,42cd4d6b,Added support for both Sequential and Graph,2
1031,Bug in the evaluation of the validation data in the Graph model,f60313e2,6bb4cbbf,added compatibility for custom loss functions,2
1031,Bug in the evaluation of the validation data in the Graph model,f60313e2,f8dd6da0,Eval kernel base Theano conv2d same border mode,2
1031,Bug in the evaluation of the validation data in the Graph model,f60313e2,c00cf10e,* deleted custom padding/replaced by a slice,2
1031,Bug in the evaluation of the validation data in the Graph model,f60313e2,80eab1bc,Add TensorBoard visualization callback.,2
1031,Bug in the evaluation of the validation data in the Graph model,f60313e2,5b1038ab,and,2
1031,Bug in the evaluation of the validation data in the Graph model,f60313e2,58121fa8,deleted out,2
1031,Bug in the evaluation of the validation data in the Graph model,f60313e2,82befe83,type redo,2
1031,Bug in the evaluation of the validation data in the Graph model,f60313e2,f49e52a2,tuple to dict in the graph documentation,2
1031,Bug in the evaluation of the validation data in the Graph model,f60313e2,1a7c6627,* fixed validation y size for weighting,2
1031,Bug in the evaluation of the validation data in the Graph model,cb9d79ef,e501cd66,changed ref to attribute ModelCheckPoint,2
1031,Bug in the evaluation of the validation data in the Graph model,cb9d79ef,d68e3316,Support for fit_generator + tensorboard,2
1031,Bug in the evaluation of the validation data in the Graph model,cb9d79ef,e31d26b3,+ name of th loaded models,2
1031,Bug in the evaluation of the validation data in the Graph model,cb9d79ef,42cd4d6b,Added support for both Sequential and Graph,2
1031,Bug in the evaluation of the validation data in the Graph model,cb9d79ef,6bb4cbbf,added compatibility for custom loss functions,2
1031,Bug in the evaluation of the validation data in the Graph model,cb9d79ef,f8dd6da0,Eval kernel base Theano conv2d same border mode,2
1031,Bug in the evaluation of the validation data in the Graph model,cb9d79ef,c00cf10e,* deleted custom padding/replaced by a slice,2
1031,Bug in the evaluation of the validation data in the Graph model,cb9d79ef,80eab1bc,Add TensorBoard visualization callback.,2
1031,Bug in the evaluation of the validation data in the Graph model,cb9d79ef,5b1038ab,and,2
1031,Bug in the evaluation of the validation data in the Graph model,cb9d79ef,58121fa8,deleted out,2
1031,Bug in the evaluation of the validation data in the Graph model,cb9d79ef,82befe83,type redo,2
1031,Bug in the evaluation of the validation data in the Graph model,cb9d79ef,f49e52a2,tuple to dict in the graph documentation,2
1031,Bug in the evaluation of the validation data in the Graph model,cb9d79ef,1a7c6627,* fixed validation y size for weighting,2
1031,Bug in the evaluation of the validation data in the Graph model,f9210387,e501cd66,changed ref to attribute ModelCheckPoint,2
1031,Bug in the evaluation of the validation data in the Graph model,f9210387,d68e3316,Support for fit_generator + tensorboard,2
1031,Bug in the evaluation of the validation data in the Graph model,f9210387,e31d26b3,+ name of th loaded models,2
1031,Bug in the evaluation of the validation data in the Graph model,f9210387,42cd4d6b,Added support for both Sequential and Graph,2
1031,Bug in the evaluation of the validation data in the Graph model,f9210387,6bb4cbbf,added compatibility for custom loss functions,2
1031,Bug in the evaluation of the validation data in the Graph model,f9210387,f8dd6da0,Eval kernel base Theano conv2d same border mode,2
1031,Bug in the evaluation of the validation data in the Graph model,f9210387,c00cf10e,* deleted custom padding/replaced by a slice,2
1031,Bug in the evaluation of the validation data in the Graph model,f9210387,80eab1bc,Add TensorBoard visualization callback.,2
1031,Bug in the evaluation of the validation data in the Graph model,f9210387,5b1038ab,and,2
1031,Bug in the evaluation of the validation data in the Graph model,f9210387,58121fa8,deleted out,2
1031,Bug in the evaluation of the validation data in the Graph model,f9210387,82befe83,type redo,2
1031,Bug in the evaluation of the validation data in the Graph model,f9210387,f49e52a2,tuple to dict in the graph documentation,2
1031,Bug in the evaluation of the validation data in the Graph model,f9210387,1a7c6627,* fixed validation y size for weighting,2
1031,Bug in the evaluation of the validation data in the Graph model,cc3521ea,e501cd66,changed ref to attribute ModelCheckPoint,2
1031,Bug in the evaluation of the validation data in the Graph model,cc3521ea,d68e3316,Support for fit_generator + tensorboard,2
1031,Bug in the evaluation of the validation data in the Graph model,cc3521ea,e31d26b3,+ name of th loaded models,2
1031,Bug in the evaluation of the validation data in the Graph model,cc3521ea,42cd4d6b,Added support for both Sequential and Graph,2
1031,Bug in the evaluation of the validation data in the Graph model,cc3521ea,6bb4cbbf,added compatibility for custom loss functions,2
1031,Bug in the evaluation of the validation data in the Graph model,cc3521ea,f8dd6da0,Eval kernel base Theano conv2d same border mode,2
1031,Bug in the evaluation of the validation data in the Graph model,cc3521ea,c00cf10e,* deleted custom padding/replaced by a slice,2
1031,Bug in the evaluation of the validation data in the Graph model,cc3521ea,80eab1bc,Add TensorBoard visualization callback.,2
1031,Bug in the evaluation of the validation data in the Graph model,cc3521ea,5b1038ab,and,2
1031,Bug in the evaluation of the validation data in the Graph model,cc3521ea,58121fa8,deleted out,2
1031,Bug in the evaluation of the validation data in the Graph model,cc3521ea,82befe83,type redo,2
1031,Bug in the evaluation of the validation data in the Graph model,cc3521ea,f49e52a2,tuple to dict in the graph documentation,2
1031,Bug in the evaluation of the validation data in the Graph model,cc3521ea,1a7c6627,* fixed validation y size for weighting,2
1031,Bug in the evaluation of the validation data in the Graph model,60c52ea7,e501cd66,changed ref to attribute ModelCheckPoint,2
1031,Bug in the evaluation of the validation data in the Graph model,60c52ea7,d68e3316,Support for fit_generator + tensorboard,2
1031,Bug in the evaluation of the validation data in the Graph model,60c52ea7,e31d26b3,+ name of th loaded models,2
1031,Bug in the evaluation of the validation data in the Graph model,60c52ea7,42cd4d6b,Added support for both Sequential and Graph,2
1031,Bug in the evaluation of the validation data in the Graph model,60c52ea7,6bb4cbbf,added compatibility for custom loss functions,2
1031,Bug in the evaluation of the validation data in the Graph model,60c52ea7,f8dd6da0,Eval kernel base Theano conv2d same border mode,2
1031,Bug in the evaluation of the validation data in the Graph model,60c52ea7,c00cf10e,* deleted custom padding/replaced by a slice,2
1031,Bug in the evaluation of the validation data in the Graph model,60c52ea7,80eab1bc,Add TensorBoard visualization callback.,2
1031,Bug in the evaluation of the validation data in the Graph model,60c52ea7,5b1038ab,and,2
1031,Bug in the evaluation of the validation data in the Graph model,60c52ea7,58121fa8,deleted out,2
1031,Bug in the evaluation of the validation data in the Graph model,60c52ea7,82befe83,type redo,2
1031,Bug in the evaluation of the validation data in the Graph model,60c52ea7,f49e52a2,tuple to dict in the graph documentation,2
1031,Bug in the evaluation of the validation data in the Graph model,60c52ea7,1a7c6627,* fixed validation y size for weighting,2
1031,Bug in the evaluation of the validation data in the Graph model,0703d796,e501cd66,changed ref to attribute ModelCheckPoint,2
1031,Bug in the evaluation of the validation data in the Graph model,0703d796,d68e3316,Support for fit_generator + tensorboard,2
1031,Bug in the evaluation of the validation data in the Graph model,0703d796,e31d26b3,+ name of th loaded models,2
1031,Bug in the evaluation of the validation data in the Graph model,0703d796,42cd4d6b,Added support for both Sequential and Graph,2
1031,Bug in the evaluation of the validation data in the Graph model,0703d796,6bb4cbbf,added compatibility for custom loss functions,2
1031,Bug in the evaluation of the validation data in the Graph model,0703d796,f8dd6da0,Eval kernel base Theano conv2d same border mode,2
1031,Bug in the evaluation of the validation data in the Graph model,0703d796,c00cf10e,* deleted custom padding/replaced by a slice,2
1031,Bug in the evaluation of the validation data in the Graph model,0703d796,80eab1bc,Add TensorBoard visualization callback.,2
1031,Bug in the evaluation of the validation data in the Graph model,0703d796,5b1038ab,and,2
1031,Bug in the evaluation of the validation data in the Graph model,0703d796,58121fa8,deleted out,2
1031,Bug in the evaluation of the validation data in the Graph model,0703d796,82befe83,type redo,2
1031,Bug in the evaluation of the validation data in the Graph model,0703d796,f49e52a2,tuple to dict in the graph documentation,2
1031,Bug in the evaluation of the validation data in the Graph model,0703d796,1a7c6627,* fixed validation y size for weighting,2
1031,Bug in the evaluation of the validation data in the Graph model,cfc51e95,e501cd66,changed ref to attribute ModelCheckPoint,2
1031,Bug in the evaluation of the validation data in the Graph model,cfc51e95,d68e3316,Support for fit_generator + tensorboard,2
1031,Bug in the evaluation of the validation data in the Graph model,cfc51e95,e31d26b3,+ name of th loaded models,2
1031,Bug in the evaluation of the validation data in the Graph model,cfc51e95,42cd4d6b,Added support for both Sequential and Graph,2
1031,Bug in the evaluation of the validation data in the Graph model,cfc51e95,6bb4cbbf,added compatibility for custom loss functions,2
1031,Bug in the evaluation of the validation data in the Graph model,cfc51e95,f8dd6da0,Eval kernel base Theano conv2d same border mode,2
1031,Bug in the evaluation of the validation data in the Graph model,cfc51e95,c00cf10e,* deleted custom padding/replaced by a slice,2
1031,Bug in the evaluation of the validation data in the Graph model,cfc51e95,80eab1bc,Add TensorBoard visualization callback.,2
1031,Bug in the evaluation of the validation data in the Graph model,cfc51e95,5b1038ab,and,2
1031,Bug in the evaluation of the validation data in the Graph model,cfc51e95,58121fa8,deleted out,2
1031,Bug in the evaluation of the validation data in the Graph model,cfc51e95,82befe83,type redo,2
1031,Bug in the evaluation of the validation data in the Graph model,cfc51e95,f49e52a2,tuple to dict in the graph documentation,2
1031,Bug in the evaluation of the validation data in the Graph model,cfc51e95,1a7c6627,* fixed validation y size for weighting,2
