CommitID,File Name,Class Name,is Feature Envy,Index of File In Folder,Index of Bug Fixed Commit In File,Number of Files In Folder,Folder
848cc592,/Users/neda/Documents/workspace6/DissertationProject/util/Python/models/ga_lib/ga_lib@848cc592@Sat Jan 20 15:03:04 2018 +0100.py,IOType,False,0,0,1,/Users/neda/Documents/workspace6/DissertationProject/util/Python/models/ga_lib/ga_lib
848cc592,/Users/neda/Documents/workspace6/DissertationProject/util/Python/models/ga_lib/ga_lib@848cc592@Sat Jan 20 15:03:04 2018 +0100.py,CustomType,False,0,0,1,/Users/neda/Documents/workspace6/DissertationProject/util/Python/models/ga_lib/ga_lib
848cc592,/Users/neda/Documents/workspace6/DissertationProject/util/Python/models/ga_lib/ga_lib@848cc592@Sat Jan 20 15:03:04 2018 +0100.py,Fitness,False,0,0,1,/Users/neda/Documents/workspace6/DissertationProject/util/Python/models/ga_lib/ga_lib
848cc592,/Users/neda/Documents/workspace6/DissertationProject/util/Python/models/ga_lib/ga_lib@848cc592@Sat Jan 20 15:03:04 2018 +0100.py,Individual,False,0,0,1,/Users/neda/Documents/workspace6/DissertationProject/util/Python/models/ga_lib/ga_lib
febaae9a,/Users/neda/Documents/workspace6/DissertationProject/util/Python/models/utils/utils@052e5e8b@Thu Feb 23 14:30:07 2017 -0800.py,LayerParameters,False,0,26,51,/Users/neda/Documents/workspace6/DissertationProject/util/Python/models/utils/utils
febaae9a,/Users/neda/Documents/workspace6/DissertationProject/util/Python/models/utils/utils@052e5e8b@Thu Feb 23 14:30:07 2017 -0800.py,ConvParameters,False,0,26,51,/Users/neda/Documents/workspace6/DissertationProject/util/Python/models/utils/utils
febaae9a,/Users/neda/Documents/workspace6/DissertationProject/util/Python/models/utils/utils@052e5e8b@Thu Feb 23 14:30:07 2017 -0800.py,NetworkParameters,False,0,26,51,/Users/neda/Documents/workspace6/DissertationProject/util/Python/models/utils/utils
febaae9a,/Users/neda/Documents/workspace6/DissertationProject/util/Python/models/utils/utils@3f74c7b4@Tue Mar 14 18:12:08 2017 -0700.py,LayerParameters,False,1,26,51,/Users/neda/Documents/workspace6/DissertationProject/util/Python/models/utils/utils
febaae9a,/Users/neda/Documents/workspace6/DissertationProject/util/Python/models/utils/utils@3f74c7b4@Tue Mar 14 18:12:08 2017 -0700.py,ConvParameters,False,1,26,51,/Users/neda/Documents/workspace6/DissertationProject/util/Python/models/utils/utils
febaae9a,/Users/neda/Documents/workspace6/DissertationProject/util/Python/models/utils/utils@3f74c7b4@Tue Mar 14 18:12:08 2017 -0700.py,NetworkParameters,False,1,26,51,/Users/neda/Documents/workspace6/DissertationProject/util/Python/models/utils/utils
febaae9a,/Users/neda/Documents/workspace6/DissertationProject/util/Python/models/utils/utils@088ec5d2@Tue Jan 23 00:07:34 2018 +0100.py,RandomQueue,False,10,26,51,/Users/neda/Documents/workspace6/DissertationProject/util/Python/models/utils/utils
febaae9a,/Users/neda/Documents/workspace6/DissertationProject/util/Python/models/utils/utils@088ec5d2@Tue Jan 23 00:07:34 2018 +0100.py,MPQItemContainer,False,10,26,51,/Users/neda/Documents/workspace6/DissertationProject/util/Python/models/utils/utils
febaae9a,/Users/neda/Documents/workspace6/DissertationProject/util/Python/models/utils/utils@088ec5d2@Tue Jan 23 00:07:34 2018 +0100.py,MaxUniquePriorityQueue,False,10,26,51,/Users/neda/Documents/workspace6/DissertationProject/util/Python/models/utils/utils
febaae9a,/Users/neda/Documents/workspace6/DissertationProject/util/Python/models/utils/utils@088ec5d2@Tue Jan 23 00:07:34 2018 +0100.py,RouletteWheel,False,10,26,51,/Users/neda/Documents/workspace6/DissertationProject/util/Python/models/utils/utils
febaae9a,/Users/neda/Documents/workspace6/DissertationProject/util/Python/models/utils/utils@088ec5d2@Tue Jan 23 00:07:34 2018 +0100.py,RecordClass,False,10,26,51,/Users/neda/Documents/workspace6/DissertationProject/util/Python/models/utils/utils
febaae9a,/Users/neda/Documents/workspace6/DissertationProject/util/Python/models/utils/utils@ae0a9409@Wed Jan 24 00:49:54 2018 +0100.py,Timer,False,11,26,51,/Users/neda/Documents/workspace6/DissertationProject/util/Python/models/utils/utils
febaae9a,/Users/neda/Documents/workspace6/DissertationProject/util/Python/models/utils/utils@ae0a9409@Wed Jan 24 00:49:54 2018 +0100.py,Foo,False,11,26,51,/Users/neda/Documents/workspace6/DissertationProject/util/Python/models/utils/utils
febaae9a,/Users/neda/Documents/workspace6/DissertationProject/util/Python/models/utils/utils@088e24fb@Fri May 4 09:30:40 2018 -0700.py,MiniGoDirectory,False,17,26,51,/Users/neda/Documents/workspace6/DissertationProject/util/Python/models/utils/utils
febaae9a,/Users/neda/Documents/workspace6/DissertationProject/util/Python/models/utils/utils@f3600cd1@Tue Feb 18 12:01:06 2020 -0800.py,SummaryManager,False,22,26,51,/Users/neda/Documents/workspace6/DissertationProject/util/Python/models/utils/utils
febaae9a,/Users/neda/Documents/workspace6/DissertationProject/util/Python/models/utils/utils@f3600cd1@Tue Feb 18 12:01:06 2020 -0800.py,Trigger,False,22,26,51,/Users/neda/Documents/workspace6/DissertationProject/util/Python/models/utils/utils
febaae9a,/Users/neda/Documents/workspace6/DissertationProject/util/Python/models/utils/utils@f3600cd1@Tue Feb 18 12:01:06 2020 -0800.py,IntervalTrigger,False,22,26,51,/Users/neda/Documents/workspace6/DissertationProject/util/Python/models/utils/utils
febaae9a,/Users/neda/Documents/workspace6/DissertationProject/util/Python/models/utils/utils@f3600cd1@Tue Feb 18 12:01:06 2020 -0800.py,EpochHelper,False,22,26,51,/Users/neda/Documents/workspace6/DissertationProject/util/Python/models/utils/utils
febaae9a,/Users/neda/Documents/workspace6/DissertationProject/util/Python/models/utils/utils@b60dc237@Fri Feb 21 14:05:56 2020 -0800.py,SummaryManager,False,23,26,51,/Users/neda/Documents/workspace6/DissertationProject/util/Python/models/utils/utils
febaae9a,/Users/neda/Documents/workspace6/DissertationProject/util/Python/models/utils/utils@b60dc237@Fri Feb 21 14:05:56 2020 -0800.py,Trigger,False,23,26,51,/Users/neda/Documents/workspace6/DissertationProject/util/Python/models/utils/utils
febaae9a,/Users/neda/Documents/workspace6/DissertationProject/util/Python/models/utils/utils@b60dc237@Fri Feb 21 14:05:56 2020 -0800.py,IntervalTrigger,False,23,26,51,/Users/neda/Documents/workspace6/DissertationProject/util/Python/models/utils/utils
febaae9a,/Users/neda/Documents/workspace6/DissertationProject/util/Python/models/utils/utils@b60dc237@Fri Feb 21 14:05:56 2020 -0800.py,EpochHelper,False,23,26,51,/Users/neda/Documents/workspace6/DissertationProject/util/Python/models/utils/utils
febaae9a,/Users/neda/Documents/workspace6/DissertationProject/util/Python/models/utils/utils@ebc28058@Tue Mar 10 10:48:58 2020 -0700.py,SummaryManager,False,25,26,51,/Users/neda/Documents/workspace6/DissertationProject/util/Python/models/utils/utils
febaae9a,/Users/neda/Documents/workspace6/DissertationProject/util/Python/models/utils/utils@ebc28058@Tue Mar 10 10:48:58 2020 -0700.py,Trigger,False,25,26,51,/Users/neda/Documents/workspace6/DissertationProject/util/Python/models/utils/utils
febaae9a,/Users/neda/Documents/workspace6/DissertationProject/util/Python/models/utils/utils@ebc28058@Tue Mar 10 10:48:58 2020 -0700.py,IntervalTrigger,False,25,26,51,/Users/neda/Documents/workspace6/DissertationProject/util/Python/models/utils/utils
febaae9a,/Users/neda/Documents/workspace6/DissertationProject/util/Python/models/utils/utils@ebc28058@Tue Mar 10 10:48:58 2020 -0700.py,EpochHelper,False,25,26,51,/Users/neda/Documents/workspace6/DissertationProject/util/Python/models/utils/utils
febaae9a,/Users/neda/Documents/workspace6/DissertationProject/util/Python/models/utils/utils@febaae9a@Tue Mar 17 17:35:38 2020 -0700.py,SummaryManager,False,26,26,51,/Users/neda/Documents/workspace6/DissertationProject/util/Python/models/utils/utils
febaae9a,/Users/neda/Documents/workspace6/DissertationProject/util/Python/models/utils/utils@febaae9a@Tue Mar 17 17:35:38 2020 -0700.py,Trigger,False,26,26,51,/Users/neda/Documents/workspace6/DissertationProject/util/Python/models/utils/utils
febaae9a,/Users/neda/Documents/workspace6/DissertationProject/util/Python/models/utils/utils@febaae9a@Tue Mar 17 17:35:38 2020 -0700.py,IntervalTrigger,False,26,26,51,/Users/neda/Documents/workspace6/DissertationProject/util/Python/models/utils/utils
febaae9a,/Users/neda/Documents/workspace6/DissertationProject/util/Python/models/utils/utils@febaae9a@Tue Mar 17 17:35:38 2020 -0700.py,EpochHelper,False,26,26,51,/Users/neda/Documents/workspace6/DissertationProject/util/Python/models/utils/utils
febaae9a,/Users/neda/Documents/workspace6/DissertationProject/util/Python/models/utils/utils@1759f3e0@Fri Jul 17 17:08:42 2020 -0700.py,SummaryManager,False,31,26,51,/Users/neda/Documents/workspace6/DissertationProject/util/Python/models/utils/utils
febaae9a,/Users/neda/Documents/workspace6/DissertationProject/util/Python/models/utils/utils@1759f3e0@Fri Jul 17 17:08:42 2020 -0700.py,Trigger,False,31,26,51,/Users/neda/Documents/workspace6/DissertationProject/util/Python/models/utils/utils
febaae9a,/Users/neda/Documents/workspace6/DissertationProject/util/Python/models/utils/utils@1759f3e0@Fri Jul 17 17:08:42 2020 -0700.py,IntervalTrigger,False,31,26,51,/Users/neda/Documents/workspace6/DissertationProject/util/Python/models/utils/utils
febaae9a,/Users/neda/Documents/workspace6/DissertationProject/util/Python/models/utils/utils@1759f3e0@Fri Jul 17 17:08:42 2020 -0700.py,EpochHelper,False,31,26,51,/Users/neda/Documents/workspace6/DissertationProject/util/Python/models/utils/utils
febaae9a,/Users/neda/Documents/workspace6/DissertationProject/util/Python/models/utils/utils@b8142a02@Fri Jul 17 17:08:42 2020 -0700.py,SummaryManager,False,32,26,51,/Users/neda/Documents/workspace6/DissertationProject/util/Python/models/utils/utils
febaae9a,/Users/neda/Documents/workspace6/DissertationProject/util/Python/models/utils/utils@b8142a02@Fri Jul 17 17:08:42 2020 -0700.py,Trigger,False,32,26,51,/Users/neda/Documents/workspace6/DissertationProject/util/Python/models/utils/utils
febaae9a,/Users/neda/Documents/workspace6/DissertationProject/util/Python/models/utils/utils@b8142a02@Fri Jul 17 17:08:42 2020 -0700.py,IntervalTrigger,False,32,26,51,/Users/neda/Documents/workspace6/DissertationProject/util/Python/models/utils/utils
febaae9a,/Users/neda/Documents/workspace6/DissertationProject/util/Python/models/utils/utils@b8142a02@Fri Jul 17 17:08:42 2020 -0700.py,EpochHelper,False,32,26,51,/Users/neda/Documents/workspace6/DissertationProject/util/Python/models/utils/utils
febaae9a,/Users/neda/Documents/workspace6/DissertationProject/util/Python/models/utils/utils@134c9508@Mon Jul 27 19:43:53 2020 -0700.py,SummaryManager,False,34,26,51,/Users/neda/Documents/workspace6/DissertationProject/util/Python/models/utils/utils
febaae9a,/Users/neda/Documents/workspace6/DissertationProject/util/Python/models/utils/utils@134c9508@Mon Jul 27 19:43:53 2020 -0700.py,Trigger,False,34,26,51,/Users/neda/Documents/workspace6/DissertationProject/util/Python/models/utils/utils
febaae9a,/Users/neda/Documents/workspace6/DissertationProject/util/Python/models/utils/utils@134c9508@Mon Jul 27 19:43:53 2020 -0700.py,IntervalTrigger,False,34,26,51,/Users/neda/Documents/workspace6/DissertationProject/util/Python/models/utils/utils
febaae9a,/Users/neda/Documents/workspace6/DissertationProject/util/Python/models/utils/utils@134c9508@Mon Jul 27 19:43:53 2020 -0700.py,EpochHelper,False,34,26,51,/Users/neda/Documents/workspace6/DissertationProject/util/Python/models/utils/utils
febaae9a,/Users/neda/Documents/workspace6/DissertationProject/util/Python/models/utils/utils@b8014d55@Mon Jul 27 19:43:53 2020 -0700.py,SummaryManager,False,35,26,51,/Users/neda/Documents/workspace6/DissertationProject/util/Python/models/utils/utils
febaae9a,/Users/neda/Documents/workspace6/DissertationProject/util/Python/models/utils/utils@b8014d55@Mon Jul 27 19:43:53 2020 -0700.py,Trigger,False,35,26,51,/Users/neda/Documents/workspace6/DissertationProject/util/Python/models/utils/utils
febaae9a,/Users/neda/Documents/workspace6/DissertationProject/util/Python/models/utils/utils@b8014d55@Mon Jul 27 19:43:53 2020 -0700.py,IntervalTrigger,False,35,26,51,/Users/neda/Documents/workspace6/DissertationProject/util/Python/models/utils/utils
febaae9a,/Users/neda/Documents/workspace6/DissertationProject/util/Python/models/utils/utils@b8014d55@Mon Jul 27 19:43:53 2020 -0700.py,EpochHelper,False,35,26,51,/Users/neda/Documents/workspace6/DissertationProject/util/Python/models/utils/utils
febaae9a,/Users/neda/Documents/workspace6/DissertationProject/util/Python/models/utils/utils@9556ebcc@Mon Jul 27 23:56:43 2020 -0700.py,SummaryManager,False,36,26,51,/Users/neda/Documents/workspace6/DissertationProject/util/Python/models/utils/utils
febaae9a,/Users/neda/Documents/workspace6/DissertationProject/util/Python/models/utils/utils@9556ebcc@Mon Jul 27 23:56:43 2020 -0700.py,Trigger,False,36,26,51,/Users/neda/Documents/workspace6/DissertationProject/util/Python/models/utils/utils
febaae9a,/Users/neda/Documents/workspace6/DissertationProject/util/Python/models/utils/utils@9556ebcc@Mon Jul 27 23:56:43 2020 -0700.py,IntervalTrigger,False,36,26,51,/Users/neda/Documents/workspace6/DissertationProject/util/Python/models/utils/utils
febaae9a,/Users/neda/Documents/workspace6/DissertationProject/util/Python/models/utils/utils@9556ebcc@Mon Jul 27 23:56:43 2020 -0700.py,EpochHelper,False,36,26,51,/Users/neda/Documents/workspace6/DissertationProject/util/Python/models/utils/utils
febaae9a,/Users/neda/Documents/workspace6/DissertationProject/util/Python/models/utils/utils@a0a0dbde@Mon Jul 27 23:56:43 2020 -0700.py,SummaryManager,False,37,26,51,/Users/neda/Documents/workspace6/DissertationProject/util/Python/models/utils/utils
febaae9a,/Users/neda/Documents/workspace6/DissertationProject/util/Python/models/utils/utils@a0a0dbde@Mon Jul 27 23:56:43 2020 -0700.py,Trigger,False,37,26,51,/Users/neda/Documents/workspace6/DissertationProject/util/Python/models/utils/utils
febaae9a,/Users/neda/Documents/workspace6/DissertationProject/util/Python/models/utils/utils@a0a0dbde@Mon Jul 27 23:56:43 2020 -0700.py,IntervalTrigger,False,37,26,51,/Users/neda/Documents/workspace6/DissertationProject/util/Python/models/utils/utils
febaae9a,/Users/neda/Documents/workspace6/DissertationProject/util/Python/models/utils/utils@a0a0dbde@Mon Jul 27 23:56:43 2020 -0700.py,EpochHelper,False,37,26,51,/Users/neda/Documents/workspace6/DissertationProject/util/Python/models/utils/utils
febaae9a,/Users/neda/Documents/workspace6/DissertationProject/util/Python/models/utils/utils@620bfd1d@Tue Jul 28 15:39:17 2020 -0700.py,SummaryManager,False,38,26,51,/Users/neda/Documents/workspace6/DissertationProject/util/Python/models/utils/utils
febaae9a,/Users/neda/Documents/workspace6/DissertationProject/util/Python/models/utils/utils@620bfd1d@Tue Jul 28 15:39:17 2020 -0700.py,Trigger,False,38,26,51,/Users/neda/Documents/workspace6/DissertationProject/util/Python/models/utils/utils
febaae9a,/Users/neda/Documents/workspace6/DissertationProject/util/Python/models/utils/utils@620bfd1d@Tue Jul 28 15:39:17 2020 -0700.py,IntervalTrigger,False,38,26,51,/Users/neda/Documents/workspace6/DissertationProject/util/Python/models/utils/utils
febaae9a,/Users/neda/Documents/workspace6/DissertationProject/util/Python/models/utils/utils@620bfd1d@Tue Jul 28 15:39:17 2020 -0700.py,EpochHelper,False,38,26,51,/Users/neda/Documents/workspace6/DissertationProject/util/Python/models/utils/utils
febaae9a,/Users/neda/Documents/workspace6/DissertationProject/util/Python/models/utils/utils@555722af@Tue Jul 28 15:39:17 2020 -0700.py,SummaryManager,False,39,26,51,/Users/neda/Documents/workspace6/DissertationProject/util/Python/models/utils/utils
febaae9a,/Users/neda/Documents/workspace6/DissertationProject/util/Python/models/utils/utils@555722af@Tue Jul 28 15:39:17 2020 -0700.py,Trigger,False,39,26,51,/Users/neda/Documents/workspace6/DissertationProject/util/Python/models/utils/utils
febaae9a,/Users/neda/Documents/workspace6/DissertationProject/util/Python/models/utils/utils@555722af@Tue Jul 28 15:39:17 2020 -0700.py,IntervalTrigger,False,39,26,51,/Users/neda/Documents/workspace6/DissertationProject/util/Python/models/utils/utils
febaae9a,/Users/neda/Documents/workspace6/DissertationProject/util/Python/models/utils/utils@555722af@Tue Jul 28 15:39:17 2020 -0700.py,EpochHelper,False,39,26,51,/Users/neda/Documents/workspace6/DissertationProject/util/Python/models/utils/utils
febaae9a,/Users/neda/Documents/workspace6/DissertationProject/util/Python/models/utils/utils@4ebcdbf0@Thu Jul 30 22:50:24 2020 -0700.py,SummaryManager,False,40,26,51,/Users/neda/Documents/workspace6/DissertationProject/util/Python/models/utils/utils
febaae9a,/Users/neda/Documents/workspace6/DissertationProject/util/Python/models/utils/utils@4ebcdbf0@Thu Jul 30 22:50:24 2020 -0700.py,Trigger,False,40,26,51,/Users/neda/Documents/workspace6/DissertationProject/util/Python/models/utils/utils
febaae9a,/Users/neda/Documents/workspace6/DissertationProject/util/Python/models/utils/utils@4ebcdbf0@Thu Jul 30 22:50:24 2020 -0700.py,IntervalTrigger,False,40,26,51,/Users/neda/Documents/workspace6/DissertationProject/util/Python/models/utils/utils
febaae9a,/Users/neda/Documents/workspace6/DissertationProject/util/Python/models/utils/utils@4ebcdbf0@Thu Jul 30 22:50:24 2020 -0700.py,EpochHelper,False,40,26,51,/Users/neda/Documents/workspace6/DissertationProject/util/Python/models/utils/utils
febaae9a,/Users/neda/Documents/workspace6/DissertationProject/util/Python/models/utils/utils@24501315@Thu Jul 30 22:50:24 2020 -0700.py,SummaryManager,False,41,26,51,/Users/neda/Documents/workspace6/DissertationProject/util/Python/models/utils/utils
febaae9a,/Users/neda/Documents/workspace6/DissertationProject/util/Python/models/utils/utils@24501315@Thu Jul 30 22:50:24 2020 -0700.py,Trigger,False,41,26,51,/Users/neda/Documents/workspace6/DissertationProject/util/Python/models/utils/utils
febaae9a,/Users/neda/Documents/workspace6/DissertationProject/util/Python/models/utils/utils@24501315@Thu Jul 30 22:50:24 2020 -0700.py,IntervalTrigger,False,41,26,51,/Users/neda/Documents/workspace6/DissertationProject/util/Python/models/utils/utils
febaae9a,/Users/neda/Documents/workspace6/DissertationProject/util/Python/models/utils/utils@24501315@Thu Jul 30 22:50:24 2020 -0700.py,EpochHelper,False,41,26,51,/Users/neda/Documents/workspace6/DissertationProject/util/Python/models/utils/utils
febaae9a,/Users/neda/Documents/workspace6/DissertationProject/util/Python/models/utils/utils@36748648@Tue Aug 4 16:54:16 2020 -0700.py,SummaryManager,False,44,26,51,/Users/neda/Documents/workspace6/DissertationProject/util/Python/models/utils/utils
febaae9a,/Users/neda/Documents/workspace6/DissertationProject/util/Python/models/utils/utils@36748648@Tue Aug 4 16:54:16 2020 -0700.py,Trigger,False,44,26,51,/Users/neda/Documents/workspace6/DissertationProject/util/Python/models/utils/utils
febaae9a,/Users/neda/Documents/workspace6/DissertationProject/util/Python/models/utils/utils@36748648@Tue Aug 4 16:54:16 2020 -0700.py,IntervalTrigger,False,44,26,51,/Users/neda/Documents/workspace6/DissertationProject/util/Python/models/utils/utils
febaae9a,/Users/neda/Documents/workspace6/DissertationProject/util/Python/models/utils/utils@36748648@Tue Aug 4 16:54:16 2020 -0700.py,EpochHelper,False,44,26,51,/Users/neda/Documents/workspace6/DissertationProject/util/Python/models/utils/utils
febaae9a,/Users/neda/Documents/workspace6/DissertationProject/util/Python/models/utils/utils@6994693d@Tue Aug 4 16:54:16 2020 -0700.py,SummaryManager,False,45,26,51,/Users/neda/Documents/workspace6/DissertationProject/util/Python/models/utils/utils
febaae9a,/Users/neda/Documents/workspace6/DissertationProject/util/Python/models/utils/utils@6994693d@Tue Aug 4 16:54:16 2020 -0700.py,Trigger,False,45,26,51,/Users/neda/Documents/workspace6/DissertationProject/util/Python/models/utils/utils
febaae9a,/Users/neda/Documents/workspace6/DissertationProject/util/Python/models/utils/utils@6994693d@Tue Aug 4 16:54:16 2020 -0700.py,IntervalTrigger,False,45,26,51,/Users/neda/Documents/workspace6/DissertationProject/util/Python/models/utils/utils
febaae9a,/Users/neda/Documents/workspace6/DissertationProject/util/Python/models/utils/utils@6994693d@Tue Aug 4 16:54:16 2020 -0700.py,EpochHelper,False,45,26,51,/Users/neda/Documents/workspace6/DissertationProject/util/Python/models/utils/utils
febaae9a,/Users/neda/Documents/workspace6/DissertationProject/util/Python/models/controller/controller@8a891524@Sat Jan 13 10:52:14 2018 -0800.py,Controller,False,0,3,26,/Users/neda/Documents/workspace6/DissertationProject/util/Python/models/controller/controller
febaae9a,/Users/neda/Documents/workspace6/DissertationProject/util/Python/models/controller/controller@848cc592@Sat Jan 20 15:03:04 2018 +0100.py,Controller,False,1,3,26,/Users/neda/Documents/workspace6/DissertationProject/util/Python/models/controller/controller
febaae9a,/Users/neda/Documents/workspace6/DissertationProject/util/Python/models/controller/controller@6e070e77@Tue Mar 10 09:58:59 2020 -0700.py,Controller,False,2,3,26,/Users/neda/Documents/workspace6/DissertationProject/util/Python/models/controller/controller
febaae9a,/Users/neda/Documents/workspace6/DissertationProject/util/Python/models/controller/controller@6e070e77@Tue Mar 10 09:58:59 2020 -0700.py,_StepTimer,False,2,3,26,/Users/neda/Documents/workspace6/DissertationProject/util/Python/models/controller/controller
febaae9a,/Users/neda/Documents/workspace6/DissertationProject/util/Python/models/controller/controller@febaae9a@Tue Mar 17 17:35:38 2020 -0700.py,Controller,False,3,3,26,/Users/neda/Documents/workspace6/DissertationProject/util/Python/models/controller/controller
febaae9a,/Users/neda/Documents/workspace6/DissertationProject/util/Python/models/controller/controller@febaae9a@Tue Mar 17 17:35:38 2020 -0700.py,_StepTimer,False,3,3,26,/Users/neda/Documents/workspace6/DissertationProject/util/Python/models/controller/controller
febaae9a,/Users/neda/Documents/workspace6/DissertationProject/util/Python/models/controller/controller@13d44a05@Sun Mar 22 14:13:04 2020 -0700.py,Controller,False,4,3,26,/Users/neda/Documents/workspace6/DissertationProject/util/Python/models/controller/controller
febaae9a,/Users/neda/Documents/workspace6/DissertationProject/util/Python/models/controller/controller@13d44a05@Sun Mar 22 14:13:04 2020 -0700.py,_StepTimer,False,4,3,26,/Users/neda/Documents/workspace6/DissertationProject/util/Python/models/controller/controller
febaae9a,/Users/neda/Documents/workspace6/DissertationProject/util/Python/models/controller/controller@6794c6b3@Sun Jul 12 12:17:58 2020 -0700.py,Controller,False,5,3,26,/Users/neda/Documents/workspace6/DissertationProject/util/Python/models/controller/controller
febaae9a,/Users/neda/Documents/workspace6/DissertationProject/util/Python/models/controller/controller@6794c6b3@Sun Jul 12 12:17:58 2020 -0700.py,StepTimer,False,5,3,26,/Users/neda/Documents/workspace6/DissertationProject/util/Python/models/controller/controller
febaae9a,/Users/neda/Documents/workspace6/DissertationProject/util/Python/models/controller/controller@19dec974@Sun Jul 12 12:17:58 2020 -0700.py,Controller,False,6,3,26,/Users/neda/Documents/workspace6/DissertationProject/util/Python/models/controller/controller
febaae9a,/Users/neda/Documents/workspace6/DissertationProject/util/Python/models/controller/controller@19dec974@Sun Jul 12 12:17:58 2020 -0700.py,StepTimer,False,6,3,26,/Users/neda/Documents/workspace6/DissertationProject/util/Python/models/controller/controller
febaae9a,/Users/neda/Documents/workspace6/DissertationProject/util/Python/models/controller/controller@3fc4ab95@Mon Jul 13 23:33:58 2020 -0700.py,Controller,False,7,3,26,/Users/neda/Documents/workspace6/DissertationProject/util/Python/models/controller/controller
febaae9a,/Users/neda/Documents/workspace6/DissertationProject/util/Python/models/controller/controller@3fc4ab95@Mon Jul 13 23:33:58 2020 -0700.py,StepTimer,False,7,3,26,/Users/neda/Documents/workspace6/DissertationProject/util/Python/models/controller/controller
febaae9a,/Users/neda/Documents/workspace6/DissertationProject/util/Python/models/controller/controller@79f3edb6@Mon Jul 13 23:33:58 2020 -0700.py,Controller,False,8,3,26,/Users/neda/Documents/workspace6/DissertationProject/util/Python/models/controller/controller
febaae9a,/Users/neda/Documents/workspace6/DissertationProject/util/Python/models/controller/controller@79f3edb6@Mon Jul 13 23:33:58 2020 -0700.py,StepTimer,False,8,3,26,/Users/neda/Documents/workspace6/DissertationProject/util/Python/models/controller/controller
febaae9a,/Users/neda/Documents/workspace6/DissertationProject/util/Python/models/controller/controller@b8142a02@Fri Jul 17 17:08:42 2020 -0700.py,Controller,False,9,3,26,/Users/neda/Documents/workspace6/DissertationProject/util/Python/models/controller/controller
febaae9a,/Users/neda/Documents/workspace6/DissertationProject/util/Python/models/controller/controller@b8142a02@Fri Jul 17 17:08:42 2020 -0700.py,StepTimer,False,9,3,26,/Users/neda/Documents/workspace6/DissertationProject/util/Python/models/controller/controller
febaae9a,/Users/neda/Documents/workspace6/DissertationProject/util/Python/models/controller/controller@1759f3e0@Fri Jul 17 17:08:42 2020 -0700.py,Controller,False,10,3,26,/Users/neda/Documents/workspace6/DissertationProject/util/Python/models/controller/controller
febaae9a,/Users/neda/Documents/workspace6/DissertationProject/util/Python/models/controller/controller@1759f3e0@Fri Jul 17 17:08:42 2020 -0700.py,StepTimer,False,10,3,26,/Users/neda/Documents/workspace6/DissertationProject/util/Python/models/controller/controller
febaae9a,/Users/neda/Documents/workspace6/DissertationProject/util/Python/models/controller/controller@e54fcee2@Fri Jul 24 16:49:26 2020 -0700.py,Controller,False,11,3,26,/Users/neda/Documents/workspace6/DissertationProject/util/Python/models/controller/controller
febaae9a,/Users/neda/Documents/workspace6/DissertationProject/util/Python/models/controller/controller@e54fcee2@Fri Jul 24 16:49:26 2020 -0700.py,StepTimer,False,11,3,26,/Users/neda/Documents/workspace6/DissertationProject/util/Python/models/controller/controller
febaae9a,/Users/neda/Documents/workspace6/DissertationProject/util/Python/models/controller/controller@f498fa10@Fri Jul 24 16:49:26 2020 -0700.py,Controller,False,12,3,26,/Users/neda/Documents/workspace6/DissertationProject/util/Python/models/controller/controller
febaae9a,/Users/neda/Documents/workspace6/DissertationProject/util/Python/models/controller/controller@f498fa10@Fri Jul 24 16:49:26 2020 -0700.py,StepTimer,False,12,3,26,/Users/neda/Documents/workspace6/DissertationProject/util/Python/models/controller/controller
febaae9a,/Users/neda/Documents/workspace6/DissertationProject/util/Python/models/controller/controller@b8014d55@Mon Jul 27 19:43:53 2020 -0700.py,Controller,False,13,3,26,/Users/neda/Documents/workspace6/DissertationProject/util/Python/models/controller/controller
febaae9a,/Users/neda/Documents/workspace6/DissertationProject/util/Python/models/controller/controller@b8014d55@Mon Jul 27 19:43:53 2020 -0700.py,StepTimer,False,13,3,26,/Users/neda/Documents/workspace6/DissertationProject/util/Python/models/controller/controller
febaae9a,/Users/neda/Documents/workspace6/DissertationProject/util/Python/models/controller/controller@134c9508@Mon Jul 27 19:43:53 2020 -0700.py,Controller,False,14,3,26,/Users/neda/Documents/workspace6/DissertationProject/util/Python/models/controller/controller
febaae9a,/Users/neda/Documents/workspace6/DissertationProject/util/Python/models/controller/controller@134c9508@Mon Jul 27 19:43:53 2020 -0700.py,StepTimer,False,14,3,26,/Users/neda/Documents/workspace6/DissertationProject/util/Python/models/controller/controller
febaae9a,/Users/neda/Documents/workspace6/DissertationProject/util/Python/models/controller/controller@a0a0dbde@Mon Jul 27 23:56:43 2020 -0700.py,Controller,False,15,3,26,/Users/neda/Documents/workspace6/DissertationProject/util/Python/models/controller/controller
febaae9a,/Users/neda/Documents/workspace6/DissertationProject/util/Python/models/controller/controller@a0a0dbde@Mon Jul 27 23:56:43 2020 -0700.py,StepTimer,False,15,3,26,/Users/neda/Documents/workspace6/DissertationProject/util/Python/models/controller/controller
febaae9a,/Users/neda/Documents/workspace6/DissertationProject/util/Python/models/controller/controller@9556ebcc@Mon Jul 27 23:56:43 2020 -0700.py,Controller,False,16,3,26,/Users/neda/Documents/workspace6/DissertationProject/util/Python/models/controller/controller
febaae9a,/Users/neda/Documents/workspace6/DissertationProject/util/Python/models/controller/controller@9556ebcc@Mon Jul 27 23:56:43 2020 -0700.py,StepTimer,False,16,3,26,/Users/neda/Documents/workspace6/DissertationProject/util/Python/models/controller/controller
febaae9a,/Users/neda/Documents/workspace6/DissertationProject/util/Python/models/controller/controller@24501315@Thu Jul 30 22:50:24 2020 -0700.py,Controller,False,17,3,26,/Users/neda/Documents/workspace6/DissertationProject/util/Python/models/controller/controller
febaae9a,/Users/neda/Documents/workspace6/DissertationProject/util/Python/models/controller/controller@24501315@Thu Jul 30 22:50:24 2020 -0700.py,StepTimer,False,17,3,26,/Users/neda/Documents/workspace6/DissertationProject/util/Python/models/controller/controller
febaae9a,/Users/neda/Documents/workspace6/DissertationProject/util/Python/models/controller/controller@4ebcdbf0@Thu Jul 30 22:50:24 2020 -0700.py,Controller,False,18,3,26,/Users/neda/Documents/workspace6/DissertationProject/util/Python/models/controller/controller
febaae9a,/Users/neda/Documents/workspace6/DissertationProject/util/Python/models/controller/controller@4ebcdbf0@Thu Jul 30 22:50:24 2020 -0700.py,StepTimer,False,18,3,26,/Users/neda/Documents/workspace6/DissertationProject/util/Python/models/controller/controller
febaae9a,/Users/neda/Documents/workspace6/DissertationProject/util/Python/models/controller/controller@02b874a1@Wed Aug 5 15:31:53 2020 -0700.py,Controller,False,19,3,26,/Users/neda/Documents/workspace6/DissertationProject/util/Python/models/controller/controller
febaae9a,/Users/neda/Documents/workspace6/DissertationProject/util/Python/models/controller/controller@02b874a1@Wed Aug 5 15:31:53 2020 -0700.py,StepTimer,False,19,3,26,/Users/neda/Documents/workspace6/DissertationProject/util/Python/models/controller/controller
febaae9a,/Users/neda/Documents/workspace6/DissertationProject/util/Python/models/controller/controller@f8d6d99d@Wed Aug 5 15:31:53 2020 -0700.py,Controller,False,20,3,26,/Users/neda/Documents/workspace6/DissertationProject/util/Python/models/controller/controller
febaae9a,/Users/neda/Documents/workspace6/DissertationProject/util/Python/models/controller/controller@f8d6d99d@Wed Aug 5 15:31:53 2020 -0700.py,StepTimer,False,20,3,26,/Users/neda/Documents/workspace6/DissertationProject/util/Python/models/controller/controller
febaae9a,/Users/neda/Documents/workspace6/DissertationProject/util/Python/models/controller/controller@b7e9ad13@Tue Aug 11 15:38:13 2020 -0700.py,Controller,False,21,3,26,/Users/neda/Documents/workspace6/DissertationProject/util/Python/models/controller/controller
febaae9a,/Users/neda/Documents/workspace6/DissertationProject/util/Python/models/controller/controller@b7e9ad13@Tue Aug 11 15:38:13 2020 -0700.py,StepTimer,False,21,3,26,/Users/neda/Documents/workspace6/DissertationProject/util/Python/models/controller/controller
febaae9a,/Users/neda/Documents/workspace6/DissertationProject/util/Python/models/controller/controller@7c29567d@Tue Aug 11 15:38:13 2020 -0700.py,Controller,False,22,3,26,/Users/neda/Documents/workspace6/DissertationProject/util/Python/models/controller/controller
febaae9a,/Users/neda/Documents/workspace6/DissertationProject/util/Python/models/controller/controller@7c29567d@Tue Aug 11 15:38:13 2020 -0700.py,StepTimer,False,22,3,26,/Users/neda/Documents/workspace6/DissertationProject/util/Python/models/controller/controller
febaae9a,/Users/neda/Documents/workspace6/DissertationProject/util/Python/models/controller/controller@79354e14@Tue Sep 29 22:14:11 2020 -0700.py,Controller,False,23,3,26,/Users/neda/Documents/workspace6/DissertationProject/util/Python/models/controller/controller
febaae9a,/Users/neda/Documents/workspace6/DissertationProject/util/Python/models/controller/controller@79354e14@Tue Sep 29 22:14:11 2020 -0700.py,StepTimer,False,23,3,26,/Users/neda/Documents/workspace6/DissertationProject/util/Python/models/controller/controller
febaae9a,/Users/neda/Documents/workspace6/DissertationProject/util/Python/models/controller/controller@2d342592@Mon Oct 5 10:28:41 2020 -0700.py,Controller,False,24,3,26,/Users/neda/Documents/workspace6/DissertationProject/util/Python/models/controller/controller
febaae9a,/Users/neda/Documents/workspace6/DissertationProject/util/Python/models/controller/controller@2d342592@Mon Oct 5 10:28:41 2020 -0700.py,StepTimer,False,24,3,26,/Users/neda/Documents/workspace6/DissertationProject/util/Python/models/controller/controller
febaae9a,/Users/neda/Documents/workspace6/DissertationProject/util/Python/models/controller/controller@cf9d4735@Tue Oct 6 09:44:50 2020 -0700.py,Controller,False,25,3,26,/Users/neda/Documents/workspace6/DissertationProject/util/Python/models/controller/controller
febaae9a,/Users/neda/Documents/workspace6/DissertationProject/util/Python/models/controller/controller@cf9d4735@Tue Oct 6 09:44:50 2020 -0700.py,StepTimer,False,25,3,26,/Users/neda/Documents/workspace6/DissertationProject/util/Python/models/controller/controller
848cc592,/Users/neda/Documents/workspace6/DissertationProject/util/Python/models/process_bounding_boxes/process_bounding_boxes@c924285b@Thu Nov 17 16:53:19 2016 +0800.py,BoundingBox,False,0,5,12,/Users/neda/Documents/workspace6/DissertationProject/util/Python/models/process_bounding_boxes/process_bounding_boxes
848cc592,/Users/neda/Documents/workspace6/DissertationProject/util/Python/models/process_bounding_boxes/process_bounding_boxes@2335c9fc@Thu Dec 15 19:25:26 2016 +0900.py,BoundingBox,False,1,5,12,/Users/neda/Documents/workspace6/DissertationProject/util/Python/models/process_bounding_boxes/process_bounding_boxes
848cc592,/Users/neda/Documents/workspace6/DissertationProject/util/Python/models/process_bounding_boxes/process_bounding_boxes@052e5e8b@Thu Feb 23 14:30:07 2017 -0800.py,BoundingBox,False,2,5,12,/Users/neda/Documents/workspace6/DissertationProject/util/Python/models/process_bounding_boxes/process_bounding_boxes
848cc592,/Users/neda/Documents/workspace6/DissertationProject/util/Python/models/process_bounding_boxes/process_bounding_boxes@2e165569@Wed Mar 15 21:05:27 2017 -0700.py,BoundingBox,False,3,5,12,/Users/neda/Documents/workspace6/DissertationProject/util/Python/models/process_bounding_boxes/process_bounding_boxes
848cc592,/Users/neda/Documents/workspace6/DissertationProject/util/Python/models/process_bounding_boxes/process_bounding_boxes@b7e77995@Wed May 31 17:02:05 2017 -0700.py,BoundingBox,False,4,5,12,/Users/neda/Documents/workspace6/DissertationProject/util/Python/models/process_bounding_boxes/process_bounding_boxes
848cc592,/Users/neda/Documents/workspace6/DissertationProject/util/Python/models/process_bounding_boxes/process_bounding_boxes@848cc592@Sat Jan 20 15:03:04 2018 +0100.py,BoundingBox,False,5,5,12,/Users/neda/Documents/workspace6/DissertationProject/util/Python/models/process_bounding_boxes/process_bounding_boxes
848cc592,/Users/neda/Documents/workspace6/DissertationProject/util/Python/models/process_bounding_boxes/process_bounding_boxes@629adffa@Tue Feb 27 15:28:03 2018 -0800.py,BoundingBox,False,6,5,12,/Users/neda/Documents/workspace6/DissertationProject/util/Python/models/process_bounding_boxes/process_bounding_boxes
848cc592,/Users/neda/Documents/workspace6/DissertationProject/util/Python/models/process_bounding_boxes/process_bounding_boxes@ffb8041e@Tue Mar 6 00:21:05 2018 +0100.py,BoundingBox,False,7,5,12,/Users/neda/Documents/workspace6/DissertationProject/util/Python/models/process_bounding_boxes/process_bounding_boxes
848cc592,/Users/neda/Documents/workspace6/DissertationProject/util/Python/models/process_bounding_boxes/process_bounding_boxes@376dc8dd@Tue Mar 13 14:03:42 2018 -0700.py,BoundingBox,False,8,5,12,/Users/neda/Documents/workspace6/DissertationProject/util/Python/models/process_bounding_boxes/process_bounding_boxes
848cc592,/Users/neda/Documents/workspace6/DissertationProject/util/Python/models/process_bounding_boxes/process_bounding_boxes@cd850550@Thu Mar 22 16:55:05 2018 +0100.py,BoundingBox,False,9,5,12,/Users/neda/Documents/workspace6/DissertationProject/util/Python/models/process_bounding_boxes/process_bounding_boxes
848cc592,/Users/neda/Documents/workspace6/DissertationProject/util/Python/models/process_bounding_boxes/process_bounding_boxes@001a2a61@Thu Mar 22 10:14:28 2018 -0700.py,BoundingBox,False,10,5,12,/Users/neda/Documents/workspace6/DissertationProject/util/Python/models/process_bounding_boxes/process_bounding_boxes
848cc592,/Users/neda/Documents/workspace6/DissertationProject/util/Python/models/process_bounding_boxes/process_bounding_boxes@1bfe1df1@Wed Mar 28 13:47:26 2018 -0700.py,BoundingBox,False,11,5,12,/Users/neda/Documents/workspace6/DissertationProject/util/Python/models/process_bounding_boxes/process_bounding_boxes
848cc592,/Users/neda/Documents/workspace6/DissertationProject/util/Python/models/ga_train/ga_train@848cc592@Sat Jan 20 15:03:04 2018 +0100.py,CheckpointWriter,False,0,0,1,/Users/neda/Documents/workspace6/DissertationProject/util/Python/models/ga_train/ga_train
848cc592,/Users/neda/Documents/workspace6/DissertationProject/util/Python/models/trainer/trainer@a2b2088c@Wed Nov 15 12:18:24 2017 +0900.py,Trainer,False,4,6,40,/Users/neda/Documents/workspace6/DissertationProject/util/Python/models/trainer/trainer
848cc592,/Users/neda/Documents/workspace6/DissertationProject/util/Python/models/trainer/trainer@8a891524@Sat Jan 13 10:52:14 2018 -0800.py,Trainer,False,5,6,40,/Users/neda/Documents/workspace6/DissertationProject/util/Python/models/trainer/trainer
848cc592,/Users/neda/Documents/workspace6/DissertationProject/util/Python/models/trainer/trainer@848cc592@Sat Jan 20 15:03:04 2018 +0100.py,Trainer,False,6,6,40,/Users/neda/Documents/workspace6/DissertationProject/util/Python/models/trainer/trainer
848cc592,/Users/neda/Documents/workspace6/DissertationProject/util/Python/models/trainer/trainer@795a3f7d@Wed Apr 15 17:21:57 2020 -0700.py,Trainer,False,28,6,40,/Users/neda/Documents/workspace6/DissertationProject/util/Python/models/trainer/trainer
848cc592,/Users/neda/Documents/workspace6/DissertationProject/util/Python/models/trainer/trainer@e81d423d@Mon May 18 09:58:50 2020 -0700.py,Trainer,False,29,6,40,/Users/neda/Documents/workspace6/DissertationProject/util/Python/models/trainer/trainer
848cc592,/Users/neda/Documents/workspace6/DissertationProject/util/Python/models/trainer/trainer@ff138931@Thu May 21 15:34:37 2020 -0700.py,Trainer,False,30,6,40,/Users/neda/Documents/workspace6/DissertationProject/util/Python/models/trainer/trainer
848cc592,/Users/neda/Documents/workspace6/DissertationProject/util/Python/models/trainer/trainer@88253ce5@Wed Aug 12 12:27:42 2020 -0700.py,Trainer,False,32,6,40,/Users/neda/Documents/workspace6/DissertationProject/util/Python/models/trainer/trainer
848cc592,/Users/neda/Documents/workspace6/DissertationProject/util/Python/models/trainer/trainer@999fae62@Wed Aug 12 12:27:42 2020 -0700.py,Trainer,False,33,6,40,/Users/neda/Documents/workspace6/DissertationProject/util/Python/models/trainer/trainer
848cc592,/Users/neda/Documents/workspace6/DissertationProject/util/Python/models/trainer/trainer@26fc1410@Fri Aug 14 14:52:05 2020 -0700.py,Trainer,False,34,6,40,/Users/neda/Documents/workspace6/DissertationProject/util/Python/models/trainer/trainer
848cc592,/Users/neda/Documents/workspace6/DissertationProject/util/Python/models/trainer/trainer@fe682959@Fri Aug 14 14:52:05 2020 -0700.py,Trainer,False,35,6,40,/Users/neda/Documents/workspace6/DissertationProject/util/Python/models/trainer/trainer
848cc592,/Users/neda/Documents/workspace6/DissertationProject/util/Python/models/trainer/trainer@25429542@Fri Aug 14 15:14:54 2020 -0700.py,Trainer,False,36,6,40,/Users/neda/Documents/workspace6/DissertationProject/util/Python/models/trainer/trainer
848cc592,/Users/neda/Documents/workspace6/DissertationProject/util/Python/models/trainer/trainer@69c092e9@Fri Aug 14 15:14:54 2020 -0700.py,Trainer,False,37,6,40,/Users/neda/Documents/workspace6/DissertationProject/util/Python/models/trainer/trainer
848cc592,/Users/neda/Documents/workspace6/DissertationProject/util/Python/models/trainer/trainer@33a4c207@Sat Sep 12 17:12:13 2020 -0700.py,Trainer,False,38,6,40,/Users/neda/Documents/workspace6/DissertationProject/util/Python/models/trainer/trainer
848cc592,/Users/neda/Documents/workspace6/DissertationProject/util/Python/models/trainer/trainer@b547c6fa@Thu Sep 24 13:53:34 2020 -0700.py,Trainer,False,39,6,40,/Users/neda/Documents/workspace6/DissertationProject/util/Python/models/trainer/trainer
848cc592,/Users/neda/Documents/workspace6/DissertationProject/util/Python/models/util/util@3d6dc1dd@Fri Sep 1 14:02:55 2017 +0800.py,UpdateCollection,False,0,1,15,/Users/neda/Documents/workspace6/DissertationProject/util/Python/models/util/util
848cc592,/Users/neda/Documents/workspace6/DissertationProject/util/Python/models/util/util@8a78c154@Tue Aug 18 20:48:04 2020 -0700.py,TfFunctionIfEagerDecorator,False,13,1,15,/Users/neda/Documents/workspace6/DissertationProject/util/Python/models/util/util
848cc592,/Users/neda/Documents/workspace6/DissertationProject/util/Python/models/util/util@e36a5fec@Tue Aug 18 20:48:04 2020 -0700.py,TfFunctionIfEagerDecorator,False,14,1,15,/Users/neda/Documents/workspace6/DissertationProject/util/Python/models/util/util
0f6f656f,/Users/neda/Documents/workspace6/DissertationProject/util/Python/models/keras_benchmark/keras_benchmark@a1bd019e@Fri Feb 1 15:07:39 2019 -0800.py,KerasBenchmark,False,0,7,15,/Users/neda/Documents/workspace6/DissertationProject/util/Python/models/keras_benchmark/keras_benchmark
0f6f656f,/Users/neda/Documents/workspace6/DissertationProject/util/Python/models/keras_benchmark/keras_benchmark@d6b2b83c@Tue Feb 5 07:54:04 2019 -0800.py,KerasBenchmark,False,1,7,15,/Users/neda/Documents/workspace6/DissertationProject/util/Python/models/keras_benchmark/keras_benchmark
0f6f656f,/Users/neda/Documents/workspace6/DissertationProject/util/Python/models/keras_benchmark/keras_benchmark@57e07520@Wed Feb 6 11:49:24 2019 -0800.py,KerasBenchmark,False,2,7,15,/Users/neda/Documents/workspace6/DissertationProject/util/Python/models/keras_benchmark/keras_benchmark
0f6f656f,/Users/neda/Documents/workspace6/DissertationProject/util/Python/models/keras_benchmark/keras_benchmark@b2c9e3f5@Fri Feb 8 09:20:57 2019 -0800.py,KerasBenchmark,False,3,7,15,/Users/neda/Documents/workspace6/DissertationProject/util/Python/models/keras_benchmark/keras_benchmark
0f6f656f,/Users/neda/Documents/workspace6/DissertationProject/util/Python/models/keras_benchmark/keras_benchmark@27e86174@Mon Feb 11 00:56:11 2019 -0800.py,KerasBenchmark,False,4,7,15,/Users/neda/Documents/workspace6/DissertationProject/util/Python/models/keras_benchmark/keras_benchmark
0f6f656f,/Users/neda/Documents/workspace6/DissertationProject/util/Python/models/keras_benchmark/keras_benchmark@645202b1@Thu Apr 11 19:26:00 2019 -0700.py,KerasBenchmark,False,5,7,15,/Users/neda/Documents/workspace6/DissertationProject/util/Python/models/keras_benchmark/keras_benchmark
0f6f656f,/Users/neda/Documents/workspace6/DissertationProject/util/Python/models/keras_benchmark/keras_benchmark@05b9122f@Wed Apr 24 16:26:56 2019 -0700.py,KerasBenchmark,False,6,7,15,/Users/neda/Documents/workspace6/DissertationProject/util/Python/models/keras_benchmark/keras_benchmark
0f6f656f,/Users/neda/Documents/workspace6/DissertationProject/util/Python/models/keras_benchmark/keras_benchmark@0f6f656f@Mon Apr 29 13:53:09 2019 -0700.py,KerasBenchmark,False,7,7,15,/Users/neda/Documents/workspace6/DissertationProject/util/Python/models/keras_benchmark/keras_benchmark
0f6f656f,/Users/neda/Documents/workspace6/DissertationProject/util/Python/models/keras_benchmark/keras_benchmark@d3610769@Wed Jun 19 07:06:08 2019 -0700.py,KerasBenchmark,False,8,7,15,/Users/neda/Documents/workspace6/DissertationProject/util/Python/models/keras_benchmark/keras_benchmark
0f6f656f,/Users/neda/Documents/workspace6/DissertationProject/util/Python/models/keras_benchmark/keras_benchmark@86204f0c@Wed Aug 28 10:34:56 2019 -0700.py,KerasBenchmark,False,9,7,15,/Users/neda/Documents/workspace6/DissertationProject/util/Python/models/keras_benchmark/keras_benchmark
0f6f656f,/Users/neda/Documents/workspace6/DissertationProject/util/Python/models/keras_benchmark/keras_benchmark@5b4eaa3f@Thu Dec 19 09:46:45 2019 -0800.py,KerasBenchmark,False,10,7,15,/Users/neda/Documents/workspace6/DissertationProject/util/Python/models/keras_benchmark/keras_benchmark
0f6f656f,/Users/neda/Documents/workspace6/DissertationProject/util/Python/models/keras_benchmark/keras_benchmark@104488e4@Sun Apr 5 11:52:47 2020 -0700.py,KerasBenchmark,False,11,7,15,/Users/neda/Documents/workspace6/DissertationProject/util/Python/models/keras_benchmark/keras_benchmark
0f6f656f,/Users/neda/Documents/workspace6/DissertationProject/util/Python/models/keras_benchmark/keras_benchmark@f41682df@Tue Apr 7 23:55:43 2020 -0700.py,KerasBenchmark,False,12,7,15,/Users/neda/Documents/workspace6/DissertationProject/util/Python/models/keras_benchmark/keras_benchmark
0f6f656f,/Users/neda/Documents/workspace6/DissertationProject/util/Python/models/keras_benchmark/keras_benchmark@7351c164@Thu Apr 9 10:21:51 2020 -0700.py,KerasBenchmark,False,13,7,15,/Users/neda/Documents/workspace6/DissertationProject/util/Python/models/keras_benchmark/keras_benchmark
0f6f656f,/Users/neda/Documents/workspace6/DissertationProject/util/Python/models/keras_benchmark/keras_benchmark@94561082@Wed Aug 12 12:27:42 2020 -0700.py,KerasBenchmark,False,14,7,15,/Users/neda/Documents/workspace6/DissertationProject/util/Python/models/keras_benchmark/keras_benchmark
848cc592,/Users/neda/Documents/workspace6/DissertationProject/util/Python/models/code_tasks/code_tasks@848cc592@Sat Jan 20 15:03:04 2018 +0100.py,MultiIOTaskManager,False,0,0,1,/Users/neda/Documents/workspace6/DissertationProject/util/Python/models/code_tasks/code_tasks
848cc592,/Users/neda/Documents/workspace6/DissertationProject/util/Python/models/code_tasks/code_tasks@848cc592@Sat Jan 20 15:03:04 2018 +0100.py,BaseTask,False,0,0,1,/Users/neda/Documents/workspace6/DissertationProject/util/Python/models/code_tasks/code_tasks
848cc592,/Users/neda/Documents/workspace6/DissertationProject/util/Python/models/code_tasks/code_tasks@848cc592@Sat Jan 20 15:03:04 2018 +0100.py,PrintTask,False,0,0,1,/Users/neda/Documents/workspace6/DissertationProject/util/Python/models/code_tasks/code_tasks
848cc592,/Users/neda/Documents/workspace6/DissertationProject/util/Python/models/code_tasks/code_tasks@848cc592@Sat Jan 20 15:03:04 2018 +0100.py,RemoveCharTaskV2,False,0,0,1,/Users/neda/Documents/workspace6/DissertationProject/util/Python/models/code_tasks/code_tasks
848cc592,/Users/neda/Documents/workspace6/DissertationProject/util/Python/models/code_tasks/code_tasks@848cc592@Sat Jan 20 15:03:04 2018 +0100.py,RemoveCharTask,False,0,0,1,/Users/neda/Documents/workspace6/DissertationProject/util/Python/models/code_tasks/code_tasks
848cc592,/Users/neda/Documents/workspace6/DissertationProject/util/Python/models/code_tasks/code_tasks@848cc592@Sat Jan 20 15:03:04 2018 +0100.py,ReverseTaskV2,False,0,0,1,/Users/neda/Documents/workspace6/DissertationProject/util/Python/models/code_tasks/code_tasks
848cc592,/Users/neda/Documents/workspace6/DissertationProject/util/Python/models/code_tasks/code_tasks@848cc592@Sat Jan 20 15:03:04 2018 +0100.py,ReverseTask,False,0,0,1,/Users/neda/Documents/workspace6/DissertationProject/util/Python/models/code_tasks/code_tasks
848cc592,/Users/neda/Documents/workspace6/DissertationProject/util/Python/models/code_tasks/code_tasks@848cc592@Sat Jan 20 15:03:04 2018 +0100.py,CommonPrefixTask,False,0,0,1,/Users/neda/Documents/workspace6/DissertationProject/util/Python/models/code_tasks/code_tasks
848cc592,/Users/neda/Documents/workspace6/DissertationProject/util/Python/models/code_tasks/code_tasks@848cc592@Sat Jan 20 15:03:04 2018 +0100.py,CountCharTask,False,0,0,1,/Users/neda/Documents/workspace6/DissertationProject/util/Python/models/code_tasks/code_tasks
848cc592,/Users/neda/Documents/workspace6/DissertationProject/util/Python/models/code_tasks/code_tasks@848cc592@Sat Jan 20 15:03:04 2018 +0100.py,CountCharTaskV2,False,0,0,1,/Users/neda/Documents/workspace6/DissertationProject/util/Python/models/code_tasks/code_tasks
848cc592,/Users/neda/Documents/workspace6/DissertationProject/util/Python/models/code_tasks/code_tasks@848cc592@Sat Jan 20 15:03:04 2018 +0100.py,AddTask,False,0,0,1,/Users/neda/Documents/workspace6/DissertationProject/util/Python/models/code_tasks/code_tasks
848cc592,/Users/neda/Documents/workspace6/DissertationProject/util/Python/models/code_tasks/code_tasks@848cc592@Sat Jan 20 15:03:04 2018 +0100.py,BooleanLogicTask,False,0,0,1,/Users/neda/Documents/workspace6/DissertationProject/util/Python/models/code_tasks/code_tasks
848cc592,/Users/neda/Documents/workspace6/DissertationProject/util/Python/models/code_tasks/code_tasks@848cc592@Sat Jan 20 15:03:04 2018 +0100.py,KnownCodeBaseTask,False,0,0,1,/Users/neda/Documents/workspace6/DissertationProject/util/Python/models/code_tasks/code_tasks
848cc592,/Users/neda/Documents/workspace6/DissertationProject/util/Python/models/code_tasks/code_tasks@848cc592@Sat Jan 20 15:03:04 2018 +0100.py,EchoTwiceTask,False,0,0,1,/Users/neda/Documents/workspace6/DissertationProject/util/Python/models/code_tasks/code_tasks
848cc592,/Users/neda/Documents/workspace6/DissertationProject/util/Python/models/code_tasks/code_tasks@848cc592@Sat Jan 20 15:03:04 2018 +0100.py,EchoThriceTask,False,0,0,1,/Users/neda/Documents/workspace6/DissertationProject/util/Python/models/code_tasks/code_tasks
848cc592,/Users/neda/Documents/workspace6/DissertationProject/util/Python/models/code_tasks/code_tasks@848cc592@Sat Jan 20 15:03:04 2018 +0100.py,CopyReverseTask,False,0,0,1,/Users/neda/Documents/workspace6/DissertationProject/util/Python/models/code_tasks/code_tasks
848cc592,/Users/neda/Documents/workspace6/DissertationProject/util/Python/models/code_tasks/code_tasks@848cc592@Sat Jan 20 15:03:04 2018 +0100.py,EchoZeroCascadeTask,False,0,0,1,/Users/neda/Documents/workspace6/DissertationProject/util/Python/models/code_tasks/code_tasks
848cc592,/Users/neda/Documents/workspace6/DissertationProject/util/Python/models/code_tasks/code_tasks@848cc592@Sat Jan 20 15:03:04 2018 +0100.py,EchoCascadeTask,False,0,0,1,/Users/neda/Documents/workspace6/DissertationProject/util/Python/models/code_tasks/code_tasks
848cc592,/Users/neda/Documents/workspace6/DissertationProject/util/Python/models/code_tasks/code_tasks@848cc592@Sat Jan 20 15:03:04 2018 +0100.py,ShiftLeftTask,False,0,0,1,/Users/neda/Documents/workspace6/DissertationProject/util/Python/models/code_tasks/code_tasks
848cc592,/Users/neda/Documents/workspace6/DissertationProject/util/Python/models/code_tasks/code_tasks@848cc592@Sat Jan 20 15:03:04 2018 +0100.py,ShiftRightTask,False,0,0,1,/Users/neda/Documents/workspace6/DissertationProject/util/Python/models/code_tasks/code_tasks
848cc592,/Users/neda/Documents/workspace6/DissertationProject/util/Python/models/code_tasks/code_tasks@848cc592@Sat Jan 20 15:03:04 2018 +0100.py,RiffleTask,False,0,0,1,/Users/neda/Documents/workspace6/DissertationProject/util/Python/models/code_tasks/code_tasks
848cc592,/Users/neda/Documents/workspace6/DissertationProject/util/Python/models/code_tasks/code_tasks@848cc592@Sat Jan 20 15:03:04 2018 +0100.py,UnriffleTask,False,0,0,1,/Users/neda/Documents/workspace6/DissertationProject/util/Python/models/code_tasks/code_tasks
848cc592,/Users/neda/Documents/workspace6/DissertationProject/util/Python/models/code_tasks/code_tasks@848cc592@Sat Jan 20 15:03:04 2018 +0100.py,MiddleCharTask,False,0,0,1,/Users/neda/Documents/workspace6/DissertationProject/util/Python/models/code_tasks/code_tasks
848cc592,/Users/neda/Documents/workspace6/DissertationProject/util/Python/models/code_tasks/code_tasks@848cc592@Sat Jan 20 15:03:04 2018 +0100.py,RemoveLastTask,False,0,0,1,/Users/neda/Documents/workspace6/DissertationProject/util/Python/models/code_tasks/code_tasks
848cc592,/Users/neda/Documents/workspace6/DissertationProject/util/Python/models/code_tasks/code_tasks@848cc592@Sat Jan 20 15:03:04 2018 +0100.py,RemoveLastTwoTask,False,0,0,1,/Users/neda/Documents/workspace6/DissertationProject/util/Python/models/code_tasks/code_tasks
848cc592,/Users/neda/Documents/workspace6/DissertationProject/util/Python/models/code_tasks/code_tasks@848cc592@Sat Jan 20 15:03:04 2018 +0100.py,EchoAlternatingTask,False,0,0,1,/Users/neda/Documents/workspace6/DissertationProject/util/Python/models/code_tasks/code_tasks
848cc592,/Users/neda/Documents/workspace6/DissertationProject/util/Python/models/code_tasks/code_tasks@848cc592@Sat Jan 20 15:03:04 2018 +0100.py,EchoHalfTask,False,0,0,1,/Users/neda/Documents/workspace6/DissertationProject/util/Python/models/code_tasks/code_tasks
848cc592,/Users/neda/Documents/workspace6/DissertationProject/util/Python/models/code_tasks/code_tasks@848cc592@Sat Jan 20 15:03:04 2018 +0100.py,LengthTask,False,0,0,1,/Users/neda/Documents/workspace6/DissertationProject/util/Python/models/code_tasks/code_tasks
848cc592,/Users/neda/Documents/workspace6/DissertationProject/util/Python/models/code_tasks/code_tasks@848cc592@Sat Jan 20 15:03:04 2018 +0100.py,EchoSecondSequenceTask,False,0,0,1,/Users/neda/Documents/workspace6/DissertationProject/util/Python/models/code_tasks/code_tasks
848cc592,/Users/neda/Documents/workspace6/DissertationProject/util/Python/models/code_tasks/code_tasks@848cc592@Sat Jan 20 15:03:04 2018 +0100.py,EchoNthSequenceTask,False,0,0,1,/Users/neda/Documents/workspace6/DissertationProject/util/Python/models/code_tasks/code_tasks
848cc592,/Users/neda/Documents/workspace6/DissertationProject/util/Python/models/code_tasks/code_tasks@848cc592@Sat Jan 20 15:03:04 2018 +0100.py,SubstringTask,False,0,0,1,/Users/neda/Documents/workspace6/DissertationProject/util/Python/models/code_tasks/code_tasks
848cc592,/Users/neda/Documents/workspace6/DissertationProject/util/Python/models/code_tasks/code_tasks@848cc592@Sat Jan 20 15:03:04 2018 +0100.py,Divide2Task,False,0,0,1,/Users/neda/Documents/workspace6/DissertationProject/util/Python/models/code_tasks/code_tasks
848cc592,/Users/neda/Documents/workspace6/DissertationProject/util/Python/models/code_tasks/code_tasks@848cc592@Sat Jan 20 15:03:04 2018 +0100.py,DedupTask,False,0,0,1,/Users/neda/Documents/workspace6/DissertationProject/util/Python/models/code_tasks/code_tasks
848cc592,/Users/neda/Documents/workspace6/DissertationProject/util/Python/models/code_tasks/code_tasks@848cc592@Sat Jan 20 15:03:04 2018 +0100.py,PrintIntTask,False,0,0,1,/Users/neda/Documents/workspace6/DissertationProject/util/Python/models/code_tasks/code_tasks
848cc592,/Users/neda/Documents/workspace6/DissertationProject/util/Python/models/code_tasks/code_tasks@848cc592@Sat Jan 20 15:03:04 2018 +0100.py,EchoTask,False,0,0,1,/Users/neda/Documents/workspace6/DissertationProject/util/Python/models/code_tasks/code_tasks
848cc592,/Users/neda/Documents/workspace6/DissertationProject/util/Python/models/code_tasks/code_tasks@848cc592@Sat Jan 20 15:03:04 2018 +0100.py,JudgeRouteCircleTask,False,0,0,1,/Users/neda/Documents/workspace6/DissertationProject/util/Python/models/code_tasks/code_tasks
848cc592,/Users/neda/Documents/workspace6/DissertationProject/util/Python/models/code_tasks/code_tasks@848cc592@Sat Jan 20 15:03:04 2018 +0100.py,MultiplyTask,False,0,0,1,/Users/neda/Documents/workspace6/DissertationProject/util/Python/models/code_tasks/code_tasks
848cc592,/Users/neda/Documents/workspace6/DissertationProject/util/Python/models/code_tasks/code_tasks@848cc592@Sat Jan 20 15:03:04 2018 +0100.py,DivModTask,False,0,0,1,/Users/neda/Documents/workspace6/DissertationProject/util/Python/models/code_tasks/code_tasks
848cc592,/Users/neda/Documents/workspace6/DissertationProject/util/Python/models/code_tasks/code_tasks@848cc592@Sat Jan 20 15:03:04 2018 +0100.py,FibonacciTask,False,0,0,1,/Users/neda/Documents/workspace6/DissertationProject/util/Python/models/code_tasks/code_tasks
848cc592,/Users/neda/Documents/workspace6/DissertationProject/util/Python/models/code_tasks/code_tasks@848cc592@Sat Jan 20 15:03:04 2018 +0100.py,FindSubStrTask,False,0,0,1,/Users/neda/Documents/workspace6/DissertationProject/util/Python/models/code_tasks/code_tasks
848cc592,/Users/neda/Documents/workspace6/DissertationProject/util/Python/models/code_tasks/code_tasks@848cc592@Sat Jan 20 15:03:04 2018 +0100.py,SortFixedTask,False,0,0,1,/Users/neda/Documents/workspace6/DissertationProject/util/Python/models/code_tasks/code_tasks
848cc592,/Users/neda/Documents/workspace6/DissertationProject/util/Python/models/code_tasks/code_tasks@848cc592@Sat Jan 20 15:03:04 2018 +0100.py,SortFixedTaskV2,False,0,0,1,/Users/neda/Documents/workspace6/DissertationProject/util/Python/models/code_tasks/code_tasks
848cc592,/Users/neda/Documents/workspace6/DissertationProject/util/Python/models/code_tasks/code_tasks@848cc592@Sat Jan 20 15:03:04 2018 +0100.py,RemoveTargetCharTask,False,0,0,1,/Users/neda/Documents/workspace6/DissertationProject/util/Python/models/code_tasks/code_tasks
848cc592,/Users/neda/Documents/workspace6/DissertationProject/util/Python/models/code_tasks/code_tasks@848cc592@Sat Jan 20 15:03:04 2018 +0100.py,ListIndexTask,False,0,0,1,/Users/neda/Documents/workspace6/DissertationProject/util/Python/models/code_tasks/code_tasks
848cc592,/Users/neda/Documents/workspace6/DissertationProject/util/Python/models/code_tasks/code_tasks@848cc592@Sat Jan 20 15:03:04 2018 +0100.py,BottlesOfBeerTask,False,0,0,1,/Users/neda/Documents/workspace6/DissertationProject/util/Python/models/code_tasks/code_tasks
848cc592,/Users/neda/Documents/workspace6/DissertationProject/util/Python/models/code_tasks/code_tasks@848cc592@Sat Jan 20 15:03:04 2018 +0100.py,SplitTask,False,0,0,1,/Users/neda/Documents/workspace6/DissertationProject/util/Python/models/code_tasks/code_tasks
848cc592,/Users/neda/Documents/workspace6/DissertationProject/util/Python/models/code_tasks/code_tasks@848cc592@Sat Jan 20 15:03:04 2018 +0100.py,TrimLeftTask,False,0,0,1,/Users/neda/Documents/workspace6/DissertationProject/util/Python/models/code_tasks/code_tasks
6f881f77,/Users/neda/Documents/workspace6/DissertationProject/util/Python/models/keras_cifar_main/keras_cifar_main@3570932e@Fri Nov 30 12:41:31 2018 -0800.py,TimeHistory,False,0,14,56,/Users/neda/Documents/workspace6/DissertationProject/util/Python/models/keras_cifar_main/keras_cifar_main
6f881f77,/Users/neda/Documents/workspace6/DissertationProject/util/Python/models/keras_cifar_main/keras_cifar_main@3570932e@Fri Nov 30 12:41:31 2018 -0800.py,LearningRateBatchScheduler,False,0,14,56,/Users/neda/Documents/workspace6/DissertationProject/util/Python/models/keras_cifar_main/keras_cifar_main
6f881f77,/Users/neda/Documents/workspace6/DissertationProject/util/Python/models/keras_cifar_main/keras_cifar_main@1cd1999e@Fri Nov 30 13:45:36 2018 -0800.py,TimeHistory,False,1,14,56,/Users/neda/Documents/workspace6/DissertationProject/util/Python/models/keras_cifar_main/keras_cifar_main
6f881f77,/Users/neda/Documents/workspace6/DissertationProject/util/Python/models/keras_cifar_main/keras_cifar_main@1cd1999e@Fri Nov 30 13:45:36 2018 -0800.py,LearningRateBatchScheduler,False,1,14,56,/Users/neda/Documents/workspace6/DissertationProject/util/Python/models/keras_cifar_main/keras_cifar_main
6f881f77,/Users/neda/Documents/workspace6/DissertationProject/util/Python/models/keras_cifar_main/keras_cifar_main@746a927c@Fri Nov 30 14:10:29 2018 -0800.py,TimeHistory,False,2,14,56,/Users/neda/Documents/workspace6/DissertationProject/util/Python/models/keras_cifar_main/keras_cifar_main
6f881f77,/Users/neda/Documents/workspace6/DissertationProject/util/Python/models/keras_cifar_main/keras_cifar_main@746a927c@Fri Nov 30 14:10:29 2018 -0800.py,LearningRateBatchScheduler,False,2,14,56,/Users/neda/Documents/workspace6/DissertationProject/util/Python/models/keras_cifar_main/keras_cifar_main
6f881f77,/Users/neda/Documents/workspace6/DissertationProject/util/Python/models/keras_cifar_main/keras_cifar_main@e932712b@Mon Dec 3 00:51:02 2018 +0000.py,TimeHistory,False,3,14,56,/Users/neda/Documents/workspace6/DissertationProject/util/Python/models/keras_cifar_main/keras_cifar_main
6f881f77,/Users/neda/Documents/workspace6/DissertationProject/util/Python/models/keras_cifar_main/keras_cifar_main@e932712b@Mon Dec 3 00:51:02 2018 +0000.py,LearningRateBatchScheduler,False,3,14,56,/Users/neda/Documents/workspace6/DissertationProject/util/Python/models/keras_cifar_main/keras_cifar_main
6f881f77,/Users/neda/Documents/workspace6/DissertationProject/util/Python/models/keras_cifar_main/keras_cifar_main@59788849@Wed Dec 5 08:37:43 2018 +0000.py,TimeHistory,False,4,14,56,/Users/neda/Documents/workspace6/DissertationProject/util/Python/models/keras_cifar_main/keras_cifar_main
6f881f77,/Users/neda/Documents/workspace6/DissertationProject/util/Python/models/keras_cifar_main/keras_cifar_main@59788849@Wed Dec 5 08:37:43 2018 +0000.py,LearningRateBatchScheduler,False,4,14,56,/Users/neda/Documents/workspace6/DissertationProject/util/Python/models/keras_cifar_main/keras_cifar_main
6f881f77,/Users/neda/Documents/workspace6/DissertationProject/util/Python/models/keras_cifar_main/keras_cifar_main@e17e64bb@Fri Dec 7 21:23:45 2018 +0000.py,TimeHistory,False,5,14,56,/Users/neda/Documents/workspace6/DissertationProject/util/Python/models/keras_cifar_main/keras_cifar_main
6f881f77,/Users/neda/Documents/workspace6/DissertationProject/util/Python/models/keras_cifar_main/keras_cifar_main@e17e64bb@Fri Dec 7 21:23:45 2018 +0000.py,LearningRateBatchScheduler,False,5,14,56,/Users/neda/Documents/workspace6/DissertationProject/util/Python/models/keras_cifar_main/keras_cifar_main
6f881f77,/Users/neda/Documents/workspace6/DissertationProject/util/Python/models/keras_cifar_main/keras_cifar_main@1b3c9ba6@Fri Dec 7 14:26:35 2018 -0800.py,TimeHistory,False,6,14,56,/Users/neda/Documents/workspace6/DissertationProject/util/Python/models/keras_cifar_main/keras_cifar_main
6f881f77,/Users/neda/Documents/workspace6/DissertationProject/util/Python/models/keras_cifar_main/keras_cifar_main@1b3c9ba6@Fri Dec 7 14:26:35 2018 -0800.py,LearningRateBatchScheduler,False,6,14,56,/Users/neda/Documents/workspace6/DissertationProject/util/Python/models/keras_cifar_main/keras_cifar_main
848cc592,/Users/neda/Documents/workspace6/DissertationProject/util/Python/models/blocks_masked_conv2d/blocks_masked_conv2d@848cc592@Sat Jan 20 15:03:04 2018 +0100.py,RasterScanConv2D,False,0,0,1,/Users/neda/Documents/workspace6/DissertationProject/util/Python/models/blocks_masked_conv2d/blocks_masked_conv2d
848cc592,/Users/neda/Documents/workspace6/DissertationProject/util/Python/models/blocks_masked_conv2d/blocks_masked_conv2d@848cc592@Sat Jan 20 15:03:04 2018 +0100.py,DepthOrderConv2D,False,0,0,1,/Users/neda/Documents/workspace6/DissertationProject/util/Python/models/blocks_masked_conv2d/blocks_masked_conv2d
848cc592,/Users/neda/Documents/workspace6/DissertationProject/util/Python/models/blocks_masked_conv2d/blocks_masked_conv2d@848cc592@Sat Jan 20 15:03:04 2018 +0100.py,GroupRasterScanConv2D,False,0,0,1,/Users/neda/Documents/workspace6/DissertationProject/util/Python/models/blocks_masked_conv2d/blocks_masked_conv2d
848cc592,/Users/neda/Documents/workspace6/DissertationProject/util/Python/models/blocks_masked_conv2d/blocks_masked_conv2d@848cc592@Sat Jan 20 15:03:04 2018 +0100.py,InFillingConv2D,False,0,0,1,/Users/neda/Documents/workspace6/DissertationProject/util/Python/models/blocks_masked_conv2d/blocks_masked_conv2d
848cc592,/Users/neda/Documents/workspace6/DissertationProject/util/Python/models/train/train@3f74c7b4@Tue Mar 14 18:12:08 2017 -0700.py,Trainer,False,1,5,51,/Users/neda/Documents/workspace6/DissertationProject/util/Python/models/train/train
848cc592,/Users/neda/Documents/workspace6/DissertationProject/util/Python/models/train/train@848cc592@Sat Jan 20 15:03:04 2018 +0100.py,Trainer,False,5,5,51,/Users/neda/Documents/workspace6/DissertationProject/util/Python/models/train/train
848cc592,/Users/neda/Documents/workspace6/DissertationProject/util/Python/models/train/train@b64919aa@Sat Feb 24 21:07:30 2018 +0100.py,Trainer,False,9,5,51,/Users/neda/Documents/workspace6/DissertationProject/util/Python/models/train/train
848cc592,/Users/neda/Documents/workspace6/DissertationProject/util/Python/models/train/train@1453d070@Tue Mar 6 20:46:09 2018 +0100.py,Trainer,False,11,5,51,/Users/neda/Documents/workspace6/DissertationProject/util/Python/models/train/train
848cc592,/Users/neda/Documents/workspace6/DissertationProject/util/Python/models/train/train@c173bd9b@Wed Mar 7 20:51:02 2018 +0100.py,Trainer,False,12,5,51,/Users/neda/Documents/workspace6/DissertationProject/util/Python/models/train/train
848cc592,/Users/neda/Documents/workspace6/DissertationProject/util/Python/models/train/train@54a5a577@Sat Sep 29 01:17:34 2018 +0300.py,Model,False,27,5,51,/Users/neda/Documents/workspace6/DissertationProject/util/Python/models/train/train
848cc592,/Users/neda/Documents/workspace6/DissertationProject/util/Python/models/decoder/decoder@848cc592@Sat Jan 20 15:03:04 2018 +0100.py,Decoder,False,3,3,12,/Users/neda/Documents/workspace6/DissertationProject/util/Python/models/decoder/decoder
848cc592,/Users/neda/Documents/workspace6/DissertationProject/util/Python/models/decoder/decoder@d90f5580@Tue Jul 10 17:13:36 2018 -0700.py,DeepSpeechDecoder,False,5,3,12,/Users/neda/Documents/workspace6/DissertationProject/util/Python/models/decoder/decoder
848cc592,/Users/neda/Documents/workspace6/DissertationProject/util/Python/models/decoder/decoder@330b34fe@Tue Apr 21 15:08:20 2020 -0700.py,TransformerDecoderBlock,True,6,3,12,/Users/neda/Documents/workspace6/DissertationProject/util/Python/models/decoder/decoder
848cc592,/Users/neda/Documents/workspace6/DissertationProject/util/Python/models/decoder/decoder@330b34fe@Tue Apr 21 15:08:20 2020 -0700.py,TransformerDecoder,False,6,3,12,/Users/neda/Documents/workspace6/DissertationProject/util/Python/models/decoder/decoder
848cc592,/Users/neda/Documents/workspace6/DissertationProject/util/Python/models/decoder/decoder@330b34fe@Tue Apr 21 15:08:20 2020 -0700.py,AttentionBias,False,6,3,12,/Users/neda/Documents/workspace6/DissertationProject/util/Python/models/decoder/decoder
848cc592,/Users/neda/Documents/workspace6/DissertationProject/util/Python/models/decoder/decoder@330b34fe@Tue Apr 21 15:08:20 2020 -0700.py,EmbeddingPostprocessor,False,6,3,12,/Users/neda/Documents/workspace6/DissertationProject/util/Python/models/decoder/decoder
848cc592,/Users/neda/Documents/workspace6/DissertationProject/util/Python/models/decoder/decoder@330b34fe@Tue Apr 21 15:08:20 2020 -0700.py,Decoder,False,6,3,12,/Users/neda/Documents/workspace6/DissertationProject/util/Python/models/decoder/decoder
848cc592,/Users/neda/Documents/workspace6/DissertationProject/util/Python/models/decoder/decoder@09c5ae2f@Sat May 9 23:08:47 2020 -0700.py,TransformerDecoderBlock,False,7,3,12,/Users/neda/Documents/workspace6/DissertationProject/util/Python/models/decoder/decoder
848cc592,/Users/neda/Documents/workspace6/DissertationProject/util/Python/models/decoder/decoder@09c5ae2f@Sat May 9 23:08:47 2020 -0700.py,TransformerDecoder,False,7,3,12,/Users/neda/Documents/workspace6/DissertationProject/util/Python/models/decoder/decoder
848cc592,/Users/neda/Documents/workspace6/DissertationProject/util/Python/models/decoder/decoder@09c5ae2f@Sat May 9 23:08:47 2020 -0700.py,AttentionBias,False,7,3,12,/Users/neda/Documents/workspace6/DissertationProject/util/Python/models/decoder/decoder
848cc592,/Users/neda/Documents/workspace6/DissertationProject/util/Python/models/decoder/decoder@09c5ae2f@Sat May 9 23:08:47 2020 -0700.py,EmbeddingPostprocessor,False,7,3,12,/Users/neda/Documents/workspace6/DissertationProject/util/Python/models/decoder/decoder
848cc592,/Users/neda/Documents/workspace6/DissertationProject/util/Python/models/decoder/decoder@09c5ae2f@Sat May 9 23:08:47 2020 -0700.py,Decoder,False,7,3,12,/Users/neda/Documents/workspace6/DissertationProject/util/Python/models/decoder/decoder
848cc592,/Users/neda/Documents/workspace6/DissertationProject/util/Python/models/decoder/decoder@8a13ca4e@Fri May 29 14:08:57 2020 -0700.py,TransformerDecoderBlock,False,8,3,12,/Users/neda/Documents/workspace6/DissertationProject/util/Python/models/decoder/decoder
848cc592,/Users/neda/Documents/workspace6/DissertationProject/util/Python/models/decoder/decoder@8a13ca4e@Fri May 29 14:08:57 2020 -0700.py,TransformerDecoder,False,8,3,12,/Users/neda/Documents/workspace6/DissertationProject/util/Python/models/decoder/decoder
848cc592,/Users/neda/Documents/workspace6/DissertationProject/util/Python/models/decoder/decoder@8a13ca4e@Fri May 29 14:08:57 2020 -0700.py,AttentionBias,False,8,3,12,/Users/neda/Documents/workspace6/DissertationProject/util/Python/models/decoder/decoder
848cc592,/Users/neda/Documents/workspace6/DissertationProject/util/Python/models/decoder/decoder@8a13ca4e@Fri May 29 14:08:57 2020 -0700.py,EmbeddingPostprocessor,False,8,3,12,/Users/neda/Documents/workspace6/DissertationProject/util/Python/models/decoder/decoder
848cc592,/Users/neda/Documents/workspace6/DissertationProject/util/Python/models/decoder/decoder@8a13ca4e@Fri May 29 14:08:57 2020 -0700.py,Decoder,False,8,3,12,/Users/neda/Documents/workspace6/DissertationProject/util/Python/models/decoder/decoder
848cc592,/Users/neda/Documents/workspace6/DissertationProject/util/Python/models/decoder/decoder@58e805e0@Fri Jun 19 10:18:50 2020 -0700.py,TransformerDecoder,False,9,3,12,/Users/neda/Documents/workspace6/DissertationProject/util/Python/models/decoder/decoder
848cc592,/Users/neda/Documents/workspace6/DissertationProject/util/Python/models/decoder/decoder@58e805e0@Fri Jun 19 10:18:50 2020 -0700.py,AttentionBias,False,9,3,12,/Users/neda/Documents/workspace6/DissertationProject/util/Python/models/decoder/decoder
848cc592,/Users/neda/Documents/workspace6/DissertationProject/util/Python/models/decoder/decoder@58e805e0@Fri Jun 19 10:18:50 2020 -0700.py,EmbeddingPostprocessor,False,9,3,12,/Users/neda/Documents/workspace6/DissertationProject/util/Python/models/decoder/decoder
848cc592,/Users/neda/Documents/workspace6/DissertationProject/util/Python/models/decoder/decoder@58e805e0@Fri Jun 19 10:18:50 2020 -0700.py,Decoder,False,9,3,12,/Users/neda/Documents/workspace6/DissertationProject/util/Python/models/decoder/decoder
848cc592,/Users/neda/Documents/workspace6/DissertationProject/util/Python/models/decoder/decoder@8aa44501@Sun Jun 21 23:04:57 2020 -0700.py,TransformerDecoder,False,10,3,12,/Users/neda/Documents/workspace6/DissertationProject/util/Python/models/decoder/decoder
848cc592,/Users/neda/Documents/workspace6/DissertationProject/util/Python/models/decoder/decoder@8aa44501@Sun Jun 21 23:04:57 2020 -0700.py,AttentionBias,False,10,3,12,/Users/neda/Documents/workspace6/DissertationProject/util/Python/models/decoder/decoder
848cc592,/Users/neda/Documents/workspace6/DissertationProject/util/Python/models/decoder/decoder@8aa44501@Sun Jun 21 23:04:57 2020 -0700.py,EmbeddingPostprocessor,False,10,3,12,/Users/neda/Documents/workspace6/DissertationProject/util/Python/models/decoder/decoder
848cc592,/Users/neda/Documents/workspace6/DissertationProject/util/Python/models/decoder/decoder@8aa44501@Sun Jun 21 23:04:57 2020 -0700.py,Decoder,False,10,3,12,/Users/neda/Documents/workspace6/DissertationProject/util/Python/models/decoder/decoder
848cc592,/Users/neda/Documents/workspace6/DissertationProject/util/Python/models/decoder/decoder@c3d53565@Mon Sep 21 20:07:38 2020 -0700.py,TransformerDecoder,False,11,3,12,/Users/neda/Documents/workspace6/DissertationProject/util/Python/models/decoder/decoder
848cc592,/Users/neda/Documents/workspace6/DissertationProject/util/Python/models/decoder/decoder@c3d53565@Mon Sep 21 20:07:38 2020 -0700.py,AttentionBias,False,11,3,12,/Users/neda/Documents/workspace6/DissertationProject/util/Python/models/decoder/decoder
848cc592,/Users/neda/Documents/workspace6/DissertationProject/util/Python/models/decoder/decoder@c3d53565@Mon Sep 21 20:07:38 2020 -0700.py,EmbeddingPostprocessor,False,11,3,12,/Users/neda/Documents/workspace6/DissertationProject/util/Python/models/decoder/decoder
848cc592,/Users/neda/Documents/workspace6/DissertationProject/util/Python/models/decoder/decoder@c3d53565@Mon Sep 21 20:07:38 2020 -0700.py,Decoder,False,11,3,12,/Users/neda/Documents/workspace6/DissertationProject/util/Python/models/decoder/decoder
848cc592,/Users/neda/Documents/workspace6/DissertationProject/util/Python/models/baseline/baseline@848cc592@Sat Jan 20 15:03:04 2018 +0100.py,Baseline,False,0,0,1,/Users/neda/Documents/workspace6/DissertationProject/util/Python/models/baseline/baseline
848cc592,/Users/neda/Documents/workspace6/DissertationProject/util/Python/models/baseline/baseline@848cc592@Sat Jan 20 15:03:04 2018 +0100.py,UnifiedBaseline,False,0,0,1,/Users/neda/Documents/workspace6/DissertationProject/util/Python/models/baseline/baseline
6f881f77,/Users/neda/Documents/workspace6/DissertationProject/util/Python/models/resnet_run_loop/resnet_run_loop@dcca6b44@Fri Mar 16 15:44:23 2018 -0700.py,ResnetArgParser,False,0,55,113,/Users/neda/Documents/workspace6/DissertationProject/util/Python/models/resnet_run_loop/resnet_run_loop
6f881f77,/Users/neda/Documents/workspace6/DissertationProject/util/Python/models/resnet_run_loop/resnet_run_loop@646c3f75@Tue Mar 20 00:50:43 2018 +0800.py,ResnetArgParser,False,1,55,113,/Users/neda/Documents/workspace6/DissertationProject/util/Python/models/resnet_run_loop/resnet_run_loop
6f881f77,/Users/neda/Documents/workspace6/DissertationProject/util/Python/models/resnet_run_loop/resnet_run_loop@adfd5a3a@Tue Mar 20 11:49:14 2018 -0700.py,ResnetArgParser,False,2,55,113,/Users/neda/Documents/workspace6/DissertationProject/util/Python/models/resnet_run_loop/resnet_run_loop
6f881f77,/Users/neda/Documents/workspace6/DissertationProject/util/Python/models/resnet_run_loop/resnet_run_loop@7cfb6bbd@Tue Mar 20 13:10:16 2018 -0700.py,ResnetArgParser,False,3,55,113,/Users/neda/Documents/workspace6/DissertationProject/util/Python/models/resnet_run_loop/resnet_run_loop
6f881f77,/Users/neda/Documents/workspace6/DissertationProject/util/Python/models/resnet_run_loop/resnet_run_loop@d821ab89@Wed Mar 21 20:22:23 2018 -0700.py,ResnetArgParser,False,4,55,113,/Users/neda/Documents/workspace6/DissertationProject/util/Python/models/resnet_run_loop/resnet_run_loop
6f881f77,/Users/neda/Documents/workspace6/DissertationProject/util/Python/models/resnet_run_loop/resnet_run_loop@b9b44f7b@Fri Mar 23 14:43:15 2018 -0700.py,ResnetArgParser,False,5,55,113,/Users/neda/Documents/workspace6/DissertationProject/util/Python/models/resnet_run_loop/resnet_run_loop
6f881f77,/Users/neda/Documents/workspace6/DissertationProject/util/Python/models/resnet_run_loop/resnet_run_loop@932364b6@Wed Mar 28 13:03:51 2018 -0700.py,ResnetArgParser,False,6,55,113,/Users/neda/Documents/workspace6/DissertationProject/util/Python/models/resnet_run_loop/resnet_run_loop
6f881f77,/Users/neda/Documents/workspace6/DissertationProject/util/Python/models/resnet_run_loop/resnet_run_loop@eb73a850@Wed Mar 28 14:28:40 2018 -0700.py,ResnetArgParser,False,7,55,113,/Users/neda/Documents/workspace6/DissertationProject/util/Python/models/resnet_run_loop/resnet_run_loop
6f881f77,/Users/neda/Documents/workspace6/DissertationProject/util/Python/models/resnet_run_loop/resnet_run_loop@a0e3604f@Tue Apr 3 14:35:46 2018 -0700.py,ResnetArgParser,False,8,55,113,/Users/neda/Documents/workspace6/DissertationProject/util/Python/models/resnet_run_loop/resnet_run_loop
6f881f77,/Users/neda/Documents/workspace6/DissertationProject/util/Python/models/resnet_run_loop/resnet_run_loop@fbb27cf3@Mon Apr 9 11:14:59 2018 -0700.py,ResnetArgParser,False,9,55,113,/Users/neda/Documents/workspace6/DissertationProject/util/Python/models/resnet_run_loop/resnet_run_loop
6f881f77,/Users/neda/Documents/workspace6/DissertationProject/util/Python/models/resnet_run_loop/resnet_run_loop@310f70d5@Tue Apr 10 08:35:46 2018 -0700.py,ResnetArgParser,False,10,55,113,/Users/neda/Documents/workspace6/DissertationProject/util/Python/models/resnet_run_loop/resnet_run_loop
6f881f77,/Users/neda/Documents/workspace6/DissertationProject/util/Python/models/resnet_run_loop/resnet_run_loop@32aa6563@Thu Apr 12 14:22:16 2018 -0700.py,ResnetArgParser,False,11,55,113,/Users/neda/Documents/workspace6/DissertationProject/util/Python/models/resnet_run_loop/resnet_run_loop
6f881f77,/Users/neda/Documents/workspace6/DissertationProject/util/Python/models/resnet_run_loop/resnet_run_loop@823da318@Thu Apr 19 10:33:16 2018 -0700.py,ResnetArgParser,False,12,55,113,/Users/neda/Documents/workspace6/DissertationProject/util/Python/models/resnet_run_loop/resnet_run_loop
6f881f77,/Users/neda/Documents/workspace6/DissertationProject/util/Python/models/resnet_run_loop/resnet_run_loop@21ec0e1b@Thu Apr 19 14:39:26 2018 -0700.py,ResnetArgParser,False,13,55,113,/Users/neda/Documents/workspace6/DissertationProject/util/Python/models/resnet_run_loop/resnet_run_loop
6f881f77,/Users/neda/Documents/workspace6/DissertationProject/util/Python/models/resnet_run_loop/resnet_run_loop@db778817@Thu Apr 26 16:50:02 2018 -0700.py,ResnetArgParser,False,14,55,113,/Users/neda/Documents/workspace6/DissertationProject/util/Python/models/resnet_run_loop/resnet_run_loop
6f881f77,/Users/neda/Documents/workspace6/DissertationProject/util/Python/models/resnet_run_loop/resnet_run_loop@7f351c62@Fri Apr 27 16:51:12 2018 -0700.py,ResnetArgParser,False,15,55,113,/Users/neda/Documents/workspace6/DissertationProject/util/Python/models/resnet_run_loop/resnet_run_loop
cd850550,/Users/neda/Documents/workspace6/DissertationProject/util/Python/models/lexnet_model/lexnet_model@cd850550@Thu Mar 22 16:55:05 2018 +0100.py,LexNETModel,False,0,0,1,/Users/neda/Documents/workspace6/DissertationProject/util/Python/models/lexnet_model/lexnet_model
848cc592,/Users/neda/Documents/workspace6/DissertationProject/util/Python/models/vgslspecs/vgslspecs@052e5e8b@Thu Feb 23 14:30:07 2017 -0800.py,VGSLSpecs,False,0,1,2,/Users/neda/Documents/workspace6/DissertationProject/util/Python/models/vgslspecs/vgslspecs
848cc592,/Users/neda/Documents/workspace6/DissertationProject/util/Python/models/vgslspecs/vgslspecs@848cc592@Sat Jan 20 15:03:04 2018 +0100.py,VGSLSpecs,False,1,1,2,/Users/neda/Documents/workspace6/DissertationProject/util/Python/models/vgslspecs/vgslspecs
848cc592,/Users/neda/Documents/workspace6/DissertationProject/util/Python/models/gym_wrapper/gym_wrapper@5105ce71@Wed Jan 10 12:17:40 2018 -0500.py,GymWrapper,False,0,1,2,/Users/neda/Documents/workspace6/DissertationProject/util/Python/models/gym_wrapper/gym_wrapper
848cc592,/Users/neda/Documents/workspace6/DissertationProject/util/Python/models/gym_wrapper/gym_wrapper@848cc592@Sat Jan 20 15:03:04 2018 +0100.py,GymWrapper,False,1,1,2,/Users/neda/Documents/workspace6/DissertationProject/util/Python/models/gym_wrapper/gym_wrapper
848cc592,/Users/neda/Documents/workspace6/DissertationProject/util/Python/models/optimizers/optimizers@848cc592@Sat Jan 20 15:03:04 2018 +0100.py,LbfgsOptimization,False,0,0,3,/Users/neda/Documents/workspace6/DissertationProject/util/Python/models/optimizers/optimizers
848cc592,/Users/neda/Documents/workspace6/DissertationProject/util/Python/models/optimizers/optimizers@848cc592@Sat Jan 20 15:03:04 2018 +0100.py,GradOptimization,False,0,0,3,/Users/neda/Documents/workspace6/DissertationProject/util/Python/models/optimizers/optimizers
848cc592,/Users/neda/Documents/workspace6/DissertationProject/util/Python/models/optimizers/optimizers@848cc592@Sat Jan 20 15:03:04 2018 +0100.py,BestFitOptimization,False,0,0,3,/Users/neda/Documents/workspace6/DissertationProject/util/Python/models/optimizers/optimizers
848cc592,/Users/neda/Documents/workspace6/DissertationProject/util/Python/models/optimizers/optimizers@3b13794f@Wed Apr 15 19:36:31 2020 -0700.py,OptimizerFactory,False,1,0,3,/Users/neda/Documents/workspace6/DissertationProject/util/Python/models/optimizers/optimizers
848cc592,/Users/neda/Documents/workspace6/DissertationProject/util/Python/models/optimizers/optimizers@b807ff86@Wed May 6 21:30:50 2020 -0700.py,OptimizerFactory,False,2,0,3,/Users/neda/Documents/workspace6/DissertationProject/util/Python/models/optimizers/optimizers
848cc592,/Users/neda/Documents/workspace6/DissertationProject/util/Python/models/pg_agent/pg_agent@848cc592@Sat Jan 20 15:03:04 2018 +0100.py,LinearWrapper,False,0,0,1,/Users/neda/Documents/workspace6/DissertationProject/util/Python/models/pg_agent/pg_agent
848cc592,/Users/neda/Documents/workspace6/DissertationProject/util/Python/models/pg_agent/pg_agent@848cc592@Sat Jan 20 15:03:04 2018 +0100.py,AttrDict,False,0,0,1,/Users/neda/Documents/workspace6/DissertationProject/util/Python/models/pg_agent/pg_agent
848cc592,/Users/neda/Documents/workspace6/DissertationProject/util/Python/models/pg_agent/pg_agent@848cc592@Sat Jan 20 15:03:04 2018 +0100.py,LMAgent,True,0,0,1,/Users/neda/Documents/workspace6/DissertationProject/util/Python/models/pg_agent/pg_agent
848cc592,/Users/neda/Documents/workspace6/DissertationProject/util/Python/models/network_units/network_units@ea3fa4a3@Wed Mar 22 20:29:53 2017 -0400.py,StoredActivations,False,0,3,5,/Users/neda/Documents/workspace6/DissertationProject/util/Python/models/network_units/network_units
848cc592,/Users/neda/Documents/workspace6/DissertationProject/util/Python/models/network_units/network_units@ea3fa4a3@Wed Mar 22 20:29:53 2017 -0400.py,NamedTensor,False,0,3,5,/Users/neda/Documents/workspace6/DissertationProject/util/Python/models/network_units/network_units
848cc592,/Users/neda/Documents/workspace6/DissertationProject/util/Python/models/network_units/network_units@ea3fa4a3@Wed Mar 22 20:29:53 2017 -0400.py,LayerNorm,False,0,3,5,/Users/neda/Documents/workspace6/DissertationProject/util/Python/models/network_units/network_units
848cc592,/Users/neda/Documents/workspace6/DissertationProject/util/Python/models/network_units/network_units@ea3fa4a3@Wed Mar 22 20:29:53 2017 -0400.py,Layer,False,0,3,5,/Users/neda/Documents/workspace6/DissertationProject/util/Python/models/network_units/network_units
848cc592,/Users/neda/Documents/workspace6/DissertationProject/util/Python/models/network_units/network_units@ea3fa4a3@Wed Mar 22 20:29:53 2017 -0400.py,NetworkUnitInterface,False,0,3,5,/Users/neda/Documents/workspace6/DissertationProject/util/Python/models/network_units/network_units
848cc592,/Users/neda/Documents/workspace6/DissertationProject/util/Python/models/network_units/network_units@ea3fa4a3@Wed Mar 22 20:29:53 2017 -0400.py,IdentityNetwork,False,0,3,5,/Users/neda/Documents/workspace6/DissertationProject/util/Python/models/network_units/network_units
848cc592,/Users/neda/Documents/workspace6/DissertationProject/util/Python/models/network_units/network_units@ea3fa4a3@Wed Mar 22 20:29:53 2017 -0400.py,FeedForwardNetwork,False,0,3,5,/Users/neda/Documents/workspace6/DissertationProject/util/Python/models/network_units/network_units
848cc592,/Users/neda/Documents/workspace6/DissertationProject/util/Python/models/network_units/network_units@ea3fa4a3@Wed Mar 22 20:29:53 2017 -0400.py,LSTMNetwork,False,0,3,5,/Users/neda/Documents/workspace6/DissertationProject/util/Python/models/network_units/network_units
848cc592,/Users/neda/Documents/workspace6/DissertationProject/util/Python/models/network_units/network_units@ea3fa4a3@Wed Mar 22 20:29:53 2017 -0400.py,ConvNetwork,False,0,3,5,/Users/neda/Documents/workspace6/DissertationProject/util/Python/models/network_units/network_units
848cc592,/Users/neda/Documents/workspace6/DissertationProject/util/Python/models/network_units/network_units@ea3fa4a3@Wed Mar 22 20:29:53 2017 -0400.py,PairwiseConvNetwork,False,0,3,5,/Users/neda/Documents/workspace6/DissertationProject/util/Python/models/network_units/network_units
848cc592,/Users/neda/Documents/workspace6/DissertationProject/util/Python/models/network_units/network_units@ea3fa4a3@Wed Mar 22 20:29:53 2017 -0400.py,ExportFixedFeaturesNetwork,False,0,3,5,/Users/neda/Documents/workspace6/DissertationProject/util/Python/models/network_units/network_units
848cc592,/Users/neda/Documents/workspace6/DissertationProject/util/Python/models/network_units/network_units@ea3fa4a3@Wed Mar 22 20:29:53 2017 -0400.py,SplitNetwork,False,0,3,5,/Users/neda/Documents/workspace6/DissertationProject/util/Python/models/network_units/network_units
848cc592,/Users/neda/Documents/workspace6/DissertationProject/util/Python/models/network_units/network_units@ccf606c3@Fri Jul 14 14:59:00 2017 -0400.py,StoredActivations,False,1,3,5,/Users/neda/Documents/workspace6/DissertationProject/util/Python/models/network_units/network_units
848cc592,/Users/neda/Documents/workspace6/DissertationProject/util/Python/models/network_units/network_units@ccf606c3@Fri Jul 14 14:59:00 2017 -0400.py,NamedTensor,False,1,3,5,/Users/neda/Documents/workspace6/DissertationProject/util/Python/models/network_units/network_units
848cc592,/Users/neda/Documents/workspace6/DissertationProject/util/Python/models/network_units/network_units@ccf606c3@Fri Jul 14 14:59:00 2017 -0400.py,LayerNorm,False,1,3,5,/Users/neda/Documents/workspace6/DissertationProject/util/Python/models/network_units/network_units
848cc592,/Users/neda/Documents/workspace6/DissertationProject/util/Python/models/network_units/network_units@ccf606c3@Fri Jul 14 14:59:00 2017 -0400.py,Layer,False,1,3,5,/Users/neda/Documents/workspace6/DissertationProject/util/Python/models/network_units/network_units
848cc592,/Users/neda/Documents/workspace6/DissertationProject/util/Python/models/network_units/network_units@ccf606c3@Fri Jul 14 14:59:00 2017 -0400.py,NetworkUnitInterface,False,1,3,5,/Users/neda/Documents/workspace6/DissertationProject/util/Python/models/network_units/network_units
848cc592,/Users/neda/Documents/workspace6/DissertationProject/util/Python/models/network_units/network_units@ccf606c3@Fri Jul 14 14:59:00 2017 -0400.py,IdentityNetwork,False,1,3,5,/Users/neda/Documents/workspace6/DissertationProject/util/Python/models/network_units/network_units
848cc592,/Users/neda/Documents/workspace6/DissertationProject/util/Python/models/network_units/network_units@ccf606c3@Fri Jul 14 14:59:00 2017 -0400.py,FeedForwardNetwork,False,1,3,5,/Users/neda/Documents/workspace6/DissertationProject/util/Python/models/network_units/network_units
848cc592,/Users/neda/Documents/workspace6/DissertationProject/util/Python/models/network_units/network_units@ccf606c3@Fri Jul 14 14:59:00 2017 -0400.py,LSTMNetwork,False,1,3,5,/Users/neda/Documents/workspace6/DissertationProject/util/Python/models/network_units/network_units
848cc592,/Users/neda/Documents/workspace6/DissertationProject/util/Python/models/network_units/network_units@ccf606c3@Fri Jul 14 14:59:00 2017 -0400.py,ConvNetwork,False,1,3,5,/Users/neda/Documents/workspace6/DissertationProject/util/Python/models/network_units/network_units
848cc592,/Users/neda/Documents/workspace6/DissertationProject/util/Python/models/network_units/network_units@ccf606c3@Fri Jul 14 14:59:00 2017 -0400.py,PairwiseConvNetwork,False,1,3,5,/Users/neda/Documents/workspace6/DissertationProject/util/Python/models/network_units/network_units
848cc592,/Users/neda/Documents/workspace6/DissertationProject/util/Python/models/network_units/network_units@ccf606c3@Fri Jul 14 14:59:00 2017 -0400.py,ExportFixedFeaturesNetwork,False,1,3,5,/Users/neda/Documents/workspace6/DissertationProject/util/Python/models/network_units/network_units
848cc592,/Users/neda/Documents/workspace6/DissertationProject/util/Python/models/network_units/network_units@ccf606c3@Fri Jul 14 14:59:00 2017 -0400.py,SplitNetwork,False,1,3,5,/Users/neda/Documents/workspace6/DissertationProject/util/Python/models/network_units/network_units
848cc592,/Users/neda/Documents/workspace6/DissertationProject/util/Python/models/network_units/network_units@4364390a@Mon Nov 13 16:06:54 2017 -0800.py,StoredActivations,False,2,3,5,/Users/neda/Documents/workspace6/DissertationProject/util/Python/models/network_units/network_units
848cc592,/Users/neda/Documents/workspace6/DissertationProject/util/Python/models/network_units/network_units@4364390a@Mon Nov 13 16:06:54 2017 -0800.py,NamedTensor,False,2,3,5,/Users/neda/Documents/workspace6/DissertationProject/util/Python/models/network_units/network_units
848cc592,/Users/neda/Documents/workspace6/DissertationProject/util/Python/models/network_units/network_units@4364390a@Mon Nov 13 16:06:54 2017 -0800.py,LayerNorm,False,2,3,5,/Users/neda/Documents/workspace6/DissertationProject/util/Python/models/network_units/network_units
848cc592,/Users/neda/Documents/workspace6/DissertationProject/util/Python/models/network_units/network_units@4364390a@Mon Nov 13 16:06:54 2017 -0800.py,Layer,False,2,3,5,/Users/neda/Documents/workspace6/DissertationProject/util/Python/models/network_units/network_units
848cc592,/Users/neda/Documents/workspace6/DissertationProject/util/Python/models/network_units/network_units@4364390a@Mon Nov 13 16:06:54 2017 -0800.py,NetworkUnitInterface,False,2,3,5,/Users/neda/Documents/workspace6/DissertationProject/util/Python/models/network_units/network_units
848cc592,/Users/neda/Documents/workspace6/DissertationProject/util/Python/models/network_units/network_units@4364390a@Mon Nov 13 16:06:54 2017 -0800.py,IdentityNetwork,False,2,3,5,/Users/neda/Documents/workspace6/DissertationProject/util/Python/models/network_units/network_units
848cc592,/Users/neda/Documents/workspace6/DissertationProject/util/Python/models/network_units/network_units@4364390a@Mon Nov 13 16:06:54 2017 -0800.py,FeedForwardNetwork,False,2,3,5,/Users/neda/Documents/workspace6/DissertationProject/util/Python/models/network_units/network_units
848cc592,/Users/neda/Documents/workspace6/DissertationProject/util/Python/models/network_units/network_units@4364390a@Mon Nov 13 16:06:54 2017 -0800.py,LSTMNetwork,False,2,3,5,/Users/neda/Documents/workspace6/DissertationProject/util/Python/models/network_units/network_units
848cc592,/Users/neda/Documents/workspace6/DissertationProject/util/Python/models/network_units/network_units@4364390a@Mon Nov 13 16:06:54 2017 -0800.py,ConvNetwork,False,2,3,5,/Users/neda/Documents/workspace6/DissertationProject/util/Python/models/network_units/network_units
848cc592,/Users/neda/Documents/workspace6/DissertationProject/util/Python/models/network_units/network_units@4364390a@Mon Nov 13 16:06:54 2017 -0800.py,ConvMultiNetwork,False,2,3,5,/Users/neda/Documents/workspace6/DissertationProject/util/Python/models/network_units/network_units
848cc592,/Users/neda/Documents/workspace6/DissertationProject/util/Python/models/network_units/network_units@4364390a@Mon Nov 13 16:06:54 2017 -0800.py,PairwiseConvNetwork,False,2,3,5,/Users/neda/Documents/workspace6/DissertationProject/util/Python/models/network_units/network_units
848cc592,/Users/neda/Documents/workspace6/DissertationProject/util/Python/models/network_units/network_units@4364390a@Mon Nov 13 16:06:54 2017 -0800.py,ExportFixedFeaturesNetwork,False,2,3,5,/Users/neda/Documents/workspace6/DissertationProject/util/Python/models/network_units/network_units
848cc592,/Users/neda/Documents/workspace6/DissertationProject/util/Python/models/network_units/network_units@4364390a@Mon Nov 13 16:06:54 2017 -0800.py,SplitNetwork,False,2,3,5,/Users/neda/Documents/workspace6/DissertationProject/util/Python/models/network_units/network_units
848cc592,/Users/neda/Documents/workspace6/DissertationProject/util/Python/models/network_units/network_units@4364390a@Mon Nov 13 16:06:54 2017 -0800.py,GatherNetwork,False,2,3,5,/Users/neda/Documents/workspace6/DissertationProject/util/Python/models/network_units/network_units
848cc592,/Users/neda/Documents/workspace6/DissertationProject/util/Python/models/network_units/network_units@848cc592@Sat Jan 20 15:03:04 2018 +0100.py,StoredActivations,False,3,3,5,/Users/neda/Documents/workspace6/DissertationProject/util/Python/models/network_units/network_units
848cc592,/Users/neda/Documents/workspace6/DissertationProject/util/Python/models/network_units/network_units@848cc592@Sat Jan 20 15:03:04 2018 +0100.py,NamedTensor,False,3,3,5,/Users/neda/Documents/workspace6/DissertationProject/util/Python/models/network_units/network_units
848cc592,/Users/neda/Documents/workspace6/DissertationProject/util/Python/models/network_units/network_units@848cc592@Sat Jan 20 15:03:04 2018 +0100.py,LayerNorm,False,3,3,5,/Users/neda/Documents/workspace6/DissertationProject/util/Python/models/network_units/network_units
848cc592,/Users/neda/Documents/workspace6/DissertationProject/util/Python/models/network_units/network_units@848cc592@Sat Jan 20 15:03:04 2018 +0100.py,Layer,False,3,3,5,/Users/neda/Documents/workspace6/DissertationProject/util/Python/models/network_units/network_units
848cc592,/Users/neda/Documents/workspace6/DissertationProject/util/Python/models/network_units/network_units@848cc592@Sat Jan 20 15:03:04 2018 +0100.py,NetworkUnitInterface,False,3,3,5,/Users/neda/Documents/workspace6/DissertationProject/util/Python/models/network_units/network_units
848cc592,/Users/neda/Documents/workspace6/DissertationProject/util/Python/models/network_units/network_units@848cc592@Sat Jan 20 15:03:04 2018 +0100.py,IdentityNetwork,False,3,3,5,/Users/neda/Documents/workspace6/DissertationProject/util/Python/models/network_units/network_units
848cc592,/Users/neda/Documents/workspace6/DissertationProject/util/Python/models/network_units/network_units@848cc592@Sat Jan 20 15:03:04 2018 +0100.py,FeedForwardNetwork,False,3,3,5,/Users/neda/Documents/workspace6/DissertationProject/util/Python/models/network_units/network_units
848cc592,/Users/neda/Documents/workspace6/DissertationProject/util/Python/models/network_units/network_units@848cc592@Sat Jan 20 15:03:04 2018 +0100.py,LSTMNetwork,False,3,3,5,/Users/neda/Documents/workspace6/DissertationProject/util/Python/models/network_units/network_units
848cc592,/Users/neda/Documents/workspace6/DissertationProject/util/Python/models/network_units/network_units@848cc592@Sat Jan 20 15:03:04 2018 +0100.py,ConvNetwork,False,3,3,5,/Users/neda/Documents/workspace6/DissertationProject/util/Python/models/network_units/network_units
848cc592,/Users/neda/Documents/workspace6/DissertationProject/util/Python/models/network_units/network_units@848cc592@Sat Jan 20 15:03:04 2018 +0100.py,ConvMultiNetwork,False,3,3,5,/Users/neda/Documents/workspace6/DissertationProject/util/Python/models/network_units/network_units
848cc592,/Users/neda/Documents/workspace6/DissertationProject/util/Python/models/network_units/network_units@848cc592@Sat Jan 20 15:03:04 2018 +0100.py,PairwiseConvNetwork,False,3,3,5,/Users/neda/Documents/workspace6/DissertationProject/util/Python/models/network_units/network_units
848cc592,/Users/neda/Documents/workspace6/DissertationProject/util/Python/models/network_units/network_units@848cc592@Sat Jan 20 15:03:04 2018 +0100.py,ExportFixedFeaturesNetwork,False,3,3,5,/Users/neda/Documents/workspace6/DissertationProject/util/Python/models/network_units/network_units
848cc592,/Users/neda/Documents/workspace6/DissertationProject/util/Python/models/network_units/network_units@848cc592@Sat Jan 20 15:03:04 2018 +0100.py,SplitNetwork,False,3,3,5,/Users/neda/Documents/workspace6/DissertationProject/util/Python/models/network_units/network_units
848cc592,/Users/neda/Documents/workspace6/DissertationProject/util/Python/models/network_units/network_units@848cc592@Sat Jan 20 15:03:04 2018 +0100.py,GatherNetwork,False,3,3,5,/Users/neda/Documents/workspace6/DissertationProject/util/Python/models/network_units/network_units
848cc592,/Users/neda/Documents/workspace6/DissertationProject/util/Python/models/network_units/network_units@a4bb31d0@Wed May 2 08:46:45 2018 -0700.py,StoredActivations,False,4,3,5,/Users/neda/Documents/workspace6/DissertationProject/util/Python/models/network_units/network_units
848cc592,/Users/neda/Documents/workspace6/DissertationProject/util/Python/models/network_units/network_units@a4bb31d0@Wed May 2 08:46:45 2018 -0700.py,NamedTensor,False,4,3,5,/Users/neda/Documents/workspace6/DissertationProject/util/Python/models/network_units/network_units
848cc592,/Users/neda/Documents/workspace6/DissertationProject/util/Python/models/network_units/network_units@a4bb31d0@Wed May 2 08:46:45 2018 -0700.py,LayerNorm,False,4,3,5,/Users/neda/Documents/workspace6/DissertationProject/util/Python/models/network_units/network_units
848cc592,/Users/neda/Documents/workspace6/DissertationProject/util/Python/models/network_units/network_units@a4bb31d0@Wed May 2 08:46:45 2018 -0700.py,Layer,False,4,3,5,/Users/neda/Documents/workspace6/DissertationProject/util/Python/models/network_units/network_units
848cc592,/Users/neda/Documents/workspace6/DissertationProject/util/Python/models/network_units/network_units@a4bb31d0@Wed May 2 08:46:45 2018 -0700.py,NetworkUnitInterface,False,4,3,5,/Users/neda/Documents/workspace6/DissertationProject/util/Python/models/network_units/network_units
848cc592,/Users/neda/Documents/workspace6/DissertationProject/util/Python/models/network_units/network_units@a4bb31d0@Wed May 2 08:46:45 2018 -0700.py,IdentityNetwork,False,4,3,5,/Users/neda/Documents/workspace6/DissertationProject/util/Python/models/network_units/network_units
848cc592,/Users/neda/Documents/workspace6/DissertationProject/util/Python/models/network_units/network_units@a4bb31d0@Wed May 2 08:46:45 2018 -0700.py,FeedForwardNetwork,False,4,3,5,/Users/neda/Documents/workspace6/DissertationProject/util/Python/models/network_units/network_units
848cc592,/Users/neda/Documents/workspace6/DissertationProject/util/Python/models/network_units/network_units@a4bb31d0@Wed May 2 08:46:45 2018 -0700.py,LSTMNetwork,False,4,3,5,/Users/neda/Documents/workspace6/DissertationProject/util/Python/models/network_units/network_units
848cc592,/Users/neda/Documents/workspace6/DissertationProject/util/Python/models/network_units/network_units@a4bb31d0@Wed May 2 08:46:45 2018 -0700.py,ConvNetwork,False,4,3,5,/Users/neda/Documents/workspace6/DissertationProject/util/Python/models/network_units/network_units
848cc592,/Users/neda/Documents/workspace6/DissertationProject/util/Python/models/network_units/network_units@a4bb31d0@Wed May 2 08:46:45 2018 -0700.py,ConvMultiNetwork,False,4,3,5,/Users/neda/Documents/workspace6/DissertationProject/util/Python/models/network_units/network_units
848cc592,/Users/neda/Documents/workspace6/DissertationProject/util/Python/models/network_units/network_units@a4bb31d0@Wed May 2 08:46:45 2018 -0700.py,PairwiseConvNetwork,False,4,3,5,/Users/neda/Documents/workspace6/DissertationProject/util/Python/models/network_units/network_units
848cc592,/Users/neda/Documents/workspace6/DissertationProject/util/Python/models/network_units/network_units@a4bb31d0@Wed May 2 08:46:45 2018 -0700.py,ExportFixedFeaturesNetwork,False,4,3,5,/Users/neda/Documents/workspace6/DissertationProject/util/Python/models/network_units/network_units
848cc592,/Users/neda/Documents/workspace6/DissertationProject/util/Python/models/network_units/network_units@a4bb31d0@Wed May 2 08:46:45 2018 -0700.py,SplitNetwork,False,4,3,5,/Users/neda/Documents/workspace6/DissertationProject/util/Python/models/network_units/network_units
848cc592,/Users/neda/Documents/workspace6/DissertationProject/util/Python/models/network_units/network_units@a4bb31d0@Wed May 2 08:46:45 2018 -0700.py,GatherNetwork,False,4,3,5,/Users/neda/Documents/workspace6/DissertationProject/util/Python/models/network_units/network_units
7cb88e17,/Users/neda/Documents/workspace6/DissertationProject/util/Python/models/a3c_cartpole/a3c_cartpole@d5aba73e@Fri Jul 20 17:09:37 2018 -0700.py,ActorCriticModel,False,0,6,10,/Users/neda/Documents/workspace6/DissertationProject/util/Python/models/a3c_cartpole/a3c_cartpole
7cb88e17,/Users/neda/Documents/workspace6/DissertationProject/util/Python/models/a3c_cartpole/a3c_cartpole@d5aba73e@Fri Jul 20 17:09:37 2018 -0700.py,RandomAgent,False,0,6,10,/Users/neda/Documents/workspace6/DissertationProject/util/Python/models/a3c_cartpole/a3c_cartpole
7cb88e17,/Users/neda/Documents/workspace6/DissertationProject/util/Python/models/a3c_cartpole/a3c_cartpole@d5aba73e@Fri Jul 20 17:09:37 2018 -0700.py,MasterAgent,False,0,6,10,/Users/neda/Documents/workspace6/DissertationProject/util/Python/models/a3c_cartpole/a3c_cartpole
7cb88e17,/Users/neda/Documents/workspace6/DissertationProject/util/Python/models/a3c_cartpole/a3c_cartpole@d5aba73e@Fri Jul 20 17:09:37 2018 -0700.py,Memory,False,0,6,10,/Users/neda/Documents/workspace6/DissertationProject/util/Python/models/a3c_cartpole/a3c_cartpole
7cb88e17,/Users/neda/Documents/workspace6/DissertationProject/util/Python/models/a3c_cartpole/a3c_cartpole@d5aba73e@Fri Jul 20 17:09:37 2018 -0700.py,Worker,False,0,6,10,/Users/neda/Documents/workspace6/DissertationProject/util/Python/models/a3c_cartpole/a3c_cartpole
7cb88e17,/Users/neda/Documents/workspace6/DissertationProject/util/Python/models/a3c_cartpole/a3c_cartpole@22a669d6@Fri Jul 20 18:09:27 2018 -0700.py,ActorCriticModel,False,1,6,10,/Users/neda/Documents/workspace6/DissertationProject/util/Python/models/a3c_cartpole/a3c_cartpole
7cb88e17,/Users/neda/Documents/workspace6/DissertationProject/util/Python/models/a3c_cartpole/a3c_cartpole@22a669d6@Fri Jul 20 18:09:27 2018 -0700.py,RandomAgent,False,1,6,10,/Users/neda/Documents/workspace6/DissertationProject/util/Python/models/a3c_cartpole/a3c_cartpole
7cb88e17,/Users/neda/Documents/workspace6/DissertationProject/util/Python/models/a3c_cartpole/a3c_cartpole@22a669d6@Fri Jul 20 18:09:27 2018 -0700.py,MasterAgent,False,1,6,10,/Users/neda/Documents/workspace6/DissertationProject/util/Python/models/a3c_cartpole/a3c_cartpole
7cb88e17,/Users/neda/Documents/workspace6/DissertationProject/util/Python/models/a3c_cartpole/a3c_cartpole@22a669d6@Fri Jul 20 18:09:27 2018 -0700.py,Memory,False,1,6,10,/Users/neda/Documents/workspace6/DissertationProject/util/Python/models/a3c_cartpole/a3c_cartpole
7cb88e17,/Users/neda/Documents/workspace6/DissertationProject/util/Python/models/a3c_cartpole/a3c_cartpole@22a669d6@Fri Jul 20 18:09:27 2018 -0700.py,Worker,False,1,6,10,/Users/neda/Documents/workspace6/DissertationProject/util/Python/models/a3c_cartpole/a3c_cartpole
7cb88e17,/Users/neda/Documents/workspace6/DissertationProject/util/Python/models/a3c_cartpole/a3c_cartpole@016ddfc6@Mon Jul 23 10:51:39 2018 -0700.py,ActorCriticModel,False,2,6,10,/Users/neda/Documents/workspace6/DissertationProject/util/Python/models/a3c_cartpole/a3c_cartpole
7cb88e17,/Users/neda/Documents/workspace6/DissertationProject/util/Python/models/a3c_cartpole/a3c_cartpole@016ddfc6@Mon Jul 23 10:51:39 2018 -0700.py,RandomAgent,False,2,6,10,/Users/neda/Documents/workspace6/DissertationProject/util/Python/models/a3c_cartpole/a3c_cartpole
7cb88e17,/Users/neda/Documents/workspace6/DissertationProject/util/Python/models/a3c_cartpole/a3c_cartpole@016ddfc6@Mon Jul 23 10:51:39 2018 -0700.py,MasterAgent,False,2,6,10,/Users/neda/Documents/workspace6/DissertationProject/util/Python/models/a3c_cartpole/a3c_cartpole
7cb88e17,/Users/neda/Documents/workspace6/DissertationProject/util/Python/models/a3c_cartpole/a3c_cartpole@016ddfc6@Mon Jul 23 10:51:39 2018 -0700.py,Memory,False,2,6,10,/Users/neda/Documents/workspace6/DissertationProject/util/Python/models/a3c_cartpole/a3c_cartpole
7cb88e17,/Users/neda/Documents/workspace6/DissertationProject/util/Python/models/a3c_cartpole/a3c_cartpole@016ddfc6@Mon Jul 23 10:51:39 2018 -0700.py,Worker,False,2,6,10,/Users/neda/Documents/workspace6/DissertationProject/util/Python/models/a3c_cartpole/a3c_cartpole
7cb88e17,/Users/neda/Documents/workspace6/DissertationProject/util/Python/models/a3c_cartpole/a3c_cartpole@85e10a2c@Mon Jul 23 11:42:08 2018 -0700.py,ActorCriticModel,False,3,6,10,/Users/neda/Documents/workspace6/DissertationProject/util/Python/models/a3c_cartpole/a3c_cartpole
7cb88e17,/Users/neda/Documents/workspace6/DissertationProject/util/Python/models/a3c_cartpole/a3c_cartpole@85e10a2c@Mon Jul 23 11:42:08 2018 -0700.py,RandomAgent,False,3,6,10,/Users/neda/Documents/workspace6/DissertationProject/util/Python/models/a3c_cartpole/a3c_cartpole
7cb88e17,/Users/neda/Documents/workspace6/DissertationProject/util/Python/models/a3c_cartpole/a3c_cartpole@85e10a2c@Mon Jul 23 11:42:08 2018 -0700.py,MasterAgent,False,3,6,10,/Users/neda/Documents/workspace6/DissertationProject/util/Python/models/a3c_cartpole/a3c_cartpole
7cb88e17,/Users/neda/Documents/workspace6/DissertationProject/util/Python/models/a3c_cartpole/a3c_cartpole@85e10a2c@Mon Jul 23 11:42:08 2018 -0700.py,Memory,False,3,6,10,/Users/neda/Documents/workspace6/DissertationProject/util/Python/models/a3c_cartpole/a3c_cartpole
7cb88e17,/Users/neda/Documents/workspace6/DissertationProject/util/Python/models/a3c_cartpole/a3c_cartpole@85e10a2c@Mon Jul 23 11:42:08 2018 -0700.py,Worker,False,3,6,10,/Users/neda/Documents/workspace6/DissertationProject/util/Python/models/a3c_cartpole/a3c_cartpole
7cb88e17,/Users/neda/Documents/workspace6/DissertationProject/util/Python/models/a3c_cartpole/a3c_cartpole@43d85fbd@Mon Jul 23 11:44:19 2018 -0700.py,ActorCriticModel,False,4,6,10,/Users/neda/Documents/workspace6/DissertationProject/util/Python/models/a3c_cartpole/a3c_cartpole
7cb88e17,/Users/neda/Documents/workspace6/DissertationProject/util/Python/models/a3c_cartpole/a3c_cartpole@43d85fbd@Mon Jul 23 11:44:19 2018 -0700.py,RandomAgent,False,4,6,10,/Users/neda/Documents/workspace6/DissertationProject/util/Python/models/a3c_cartpole/a3c_cartpole
7cb88e17,/Users/neda/Documents/workspace6/DissertationProject/util/Python/models/a3c_cartpole/a3c_cartpole@43d85fbd@Mon Jul 23 11:44:19 2018 -0700.py,MasterAgent,False,4,6,10,/Users/neda/Documents/workspace6/DissertationProject/util/Python/models/a3c_cartpole/a3c_cartpole
7cb88e17,/Users/neda/Documents/workspace6/DissertationProject/util/Python/models/a3c_cartpole/a3c_cartpole@43d85fbd@Mon Jul 23 11:44:19 2018 -0700.py,Memory,False,4,6,10,/Users/neda/Documents/workspace6/DissertationProject/util/Python/models/a3c_cartpole/a3c_cartpole
7cb88e17,/Users/neda/Documents/workspace6/DissertationProject/util/Python/models/a3c_cartpole/a3c_cartpole@43d85fbd@Mon Jul 23 11:44:19 2018 -0700.py,Worker,False,4,6,10,/Users/neda/Documents/workspace6/DissertationProject/util/Python/models/a3c_cartpole/a3c_cartpole
7cb88e17,/Users/neda/Documents/workspace6/DissertationProject/util/Python/models/a3c_cartpole/a3c_cartpole@60613a87@Tue Jul 24 10:15:57 2018 -0700.py,ActorCriticModel,False,5,6,10,/Users/neda/Documents/workspace6/DissertationProject/util/Python/models/a3c_cartpole/a3c_cartpole
7cb88e17,/Users/neda/Documents/workspace6/DissertationProject/util/Python/models/a3c_cartpole/a3c_cartpole@60613a87@Tue Jul 24 10:15:57 2018 -0700.py,RandomAgent,False,5,6,10,/Users/neda/Documents/workspace6/DissertationProject/util/Python/models/a3c_cartpole/a3c_cartpole
7cb88e17,/Users/neda/Documents/workspace6/DissertationProject/util/Python/models/a3c_cartpole/a3c_cartpole@60613a87@Tue Jul 24 10:15:57 2018 -0700.py,MasterAgent,False,5,6,10,/Users/neda/Documents/workspace6/DissertationProject/util/Python/models/a3c_cartpole/a3c_cartpole
7cb88e17,/Users/neda/Documents/workspace6/DissertationProject/util/Python/models/a3c_cartpole/a3c_cartpole@60613a87@Tue Jul 24 10:15:57 2018 -0700.py,Memory,False,5,6,10,/Users/neda/Documents/workspace6/DissertationProject/util/Python/models/a3c_cartpole/a3c_cartpole
7cb88e17,/Users/neda/Documents/workspace6/DissertationProject/util/Python/models/a3c_cartpole/a3c_cartpole@60613a87@Tue Jul 24 10:15:57 2018 -0700.py,Worker,False,5,6,10,/Users/neda/Documents/workspace6/DissertationProject/util/Python/models/a3c_cartpole/a3c_cartpole
7cb88e17,/Users/neda/Documents/workspace6/DissertationProject/util/Python/models/a3c_cartpole/a3c_cartpole@7cb88e17@Fri Aug 10 11:52:08 2018 -0500.py,ActorCriticModel,False,6,6,10,/Users/neda/Documents/workspace6/DissertationProject/util/Python/models/a3c_cartpole/a3c_cartpole
7cb88e17,/Users/neda/Documents/workspace6/DissertationProject/util/Python/models/a3c_cartpole/a3c_cartpole@7cb88e17@Fri Aug 10 11:52:08 2018 -0500.py,RandomAgent,False,6,6,10,/Users/neda/Documents/workspace6/DissertationProject/util/Python/models/a3c_cartpole/a3c_cartpole
7cb88e17,/Users/neda/Documents/workspace6/DissertationProject/util/Python/models/a3c_cartpole/a3c_cartpole@7cb88e17@Fri Aug 10 11:52:08 2018 -0500.py,MasterAgent,False,6,6,10,/Users/neda/Documents/workspace6/DissertationProject/util/Python/models/a3c_cartpole/a3c_cartpole
7cb88e17,/Users/neda/Documents/workspace6/DissertationProject/util/Python/models/a3c_cartpole/a3c_cartpole@7cb88e17@Fri Aug 10 11:52:08 2018 -0500.py,Memory,False,6,6,10,/Users/neda/Documents/workspace6/DissertationProject/util/Python/models/a3c_cartpole/a3c_cartpole
7cb88e17,/Users/neda/Documents/workspace6/DissertationProject/util/Python/models/a3c_cartpole/a3c_cartpole@7cb88e17@Fri Aug 10 11:52:08 2018 -0500.py,Worker,False,6,6,10,/Users/neda/Documents/workspace6/DissertationProject/util/Python/models/a3c_cartpole/a3c_cartpole
7cb88e17,/Users/neda/Documents/workspace6/DissertationProject/util/Python/models/a3c_cartpole/a3c_cartpole@949b1987@Thu Aug 30 09:00:40 2018 -0700.py,ActorCriticModel,False,7,6,10,/Users/neda/Documents/workspace6/DissertationProject/util/Python/models/a3c_cartpole/a3c_cartpole
7cb88e17,/Users/neda/Documents/workspace6/DissertationProject/util/Python/models/a3c_cartpole/a3c_cartpole@949b1987@Thu Aug 30 09:00:40 2018 -0700.py,RandomAgent,False,7,6,10,/Users/neda/Documents/workspace6/DissertationProject/util/Python/models/a3c_cartpole/a3c_cartpole
7cb88e17,/Users/neda/Documents/workspace6/DissertationProject/util/Python/models/a3c_cartpole/a3c_cartpole@949b1987@Thu Aug 30 09:00:40 2018 -0700.py,MasterAgent,False,7,6,10,/Users/neda/Documents/workspace6/DissertationProject/util/Python/models/a3c_cartpole/a3c_cartpole
7cb88e17,/Users/neda/Documents/workspace6/DissertationProject/util/Python/models/a3c_cartpole/a3c_cartpole@949b1987@Thu Aug 30 09:00:40 2018 -0700.py,Memory,False,7,6,10,/Users/neda/Documents/workspace6/DissertationProject/util/Python/models/a3c_cartpole/a3c_cartpole
7cb88e17,/Users/neda/Documents/workspace6/DissertationProject/util/Python/models/a3c_cartpole/a3c_cartpole@949b1987@Thu Aug 30 09:00:40 2018 -0700.py,Worker,False,7,6,10,/Users/neda/Documents/workspace6/DissertationProject/util/Python/models/a3c_cartpole/a3c_cartpole
7cb88e17,/Users/neda/Documents/workspace6/DissertationProject/util/Python/models/a3c_cartpole/a3c_cartpole@e9dbef6b@Thu Aug 30 09:14:46 2018 -0700.py,ActorCriticModel,False,8,6,10,/Users/neda/Documents/workspace6/DissertationProject/util/Python/models/a3c_cartpole/a3c_cartpole
7cb88e17,/Users/neda/Documents/workspace6/DissertationProject/util/Python/models/a3c_cartpole/a3c_cartpole@e9dbef6b@Thu Aug 30 09:14:46 2018 -0700.py,RandomAgent,False,8,6,10,/Users/neda/Documents/workspace6/DissertationProject/util/Python/models/a3c_cartpole/a3c_cartpole
7cb88e17,/Users/neda/Documents/workspace6/DissertationProject/util/Python/models/a3c_cartpole/a3c_cartpole@e9dbef6b@Thu Aug 30 09:14:46 2018 -0700.py,MasterAgent,False,8,6,10,/Users/neda/Documents/workspace6/DissertationProject/util/Python/models/a3c_cartpole/a3c_cartpole
7cb88e17,/Users/neda/Documents/workspace6/DissertationProject/util/Python/models/a3c_cartpole/a3c_cartpole@e9dbef6b@Thu Aug 30 09:14:46 2018 -0700.py,Memory,False,8,6,10,/Users/neda/Documents/workspace6/DissertationProject/util/Python/models/a3c_cartpole/a3c_cartpole
7cb88e17,/Users/neda/Documents/workspace6/DissertationProject/util/Python/models/a3c_cartpole/a3c_cartpole@e9dbef6b@Thu Aug 30 09:14:46 2018 -0700.py,Worker,False,8,6,10,/Users/neda/Documents/workspace6/DissertationProject/util/Python/models/a3c_cartpole/a3c_cartpole
7cb88e17,/Users/neda/Documents/workspace6/DissertationProject/util/Python/models/a3c_cartpole/a3c_cartpole@8722f59f@Fri Jun 12 10:43:27 2020 +0800.py,ActorCriticModel,False,9,6,10,/Users/neda/Documents/workspace6/DissertationProject/util/Python/models/a3c_cartpole/a3c_cartpole
7cb88e17,/Users/neda/Documents/workspace6/DissertationProject/util/Python/models/a3c_cartpole/a3c_cartpole@8722f59f@Fri Jun 12 10:43:27 2020 +0800.py,RandomAgent,False,9,6,10,/Users/neda/Documents/workspace6/DissertationProject/util/Python/models/a3c_cartpole/a3c_cartpole
7cb88e17,/Users/neda/Documents/workspace6/DissertationProject/util/Python/models/a3c_cartpole/a3c_cartpole@8722f59f@Fri Jun 12 10:43:27 2020 +0800.py,MasterAgent,False,9,6,10,/Users/neda/Documents/workspace6/DissertationProject/util/Python/models/a3c_cartpole/a3c_cartpole
7cb88e17,/Users/neda/Documents/workspace6/DissertationProject/util/Python/models/a3c_cartpole/a3c_cartpole@8722f59f@Fri Jun 12 10:43:27 2020 +0800.py,Memory,False,9,6,10,/Users/neda/Documents/workspace6/DissertationProject/util/Python/models/a3c_cartpole/a3c_cartpole
7cb88e17,/Users/neda/Documents/workspace6/DissertationProject/util/Python/models/a3c_cartpole/a3c_cartpole@8722f59f@Fri Jun 12 10:43:27 2020 +0800.py,Worker,False,9,6,10,/Users/neda/Documents/workspace6/DissertationProject/util/Python/models/a3c_cartpole/a3c_cartpole
848cc592,/Users/neda/Documents/workspace6/DissertationProject/util/Python/models/build_imagenet_data/build_imagenet_data@e1364ca0@Fri Sep 30 14:18:44 2016 -0700.py,ImageCoder,False,0,5,18,/Users/neda/Documents/workspace6/DissertationProject/util/Python/models/build_imagenet_data/build_imagenet_data
848cc592,/Users/neda/Documents/workspace6/DissertationProject/util/Python/models/build_imagenet_data/build_imagenet_data@c6a4f783@Fri Sep 30 18:13:04 2016 -0700.py,ImageCoder,False,1,5,18,/Users/neda/Documents/workspace6/DissertationProject/util/Python/models/build_imagenet_data/build_imagenet_data
848cc592,/Users/neda/Documents/workspace6/DissertationProject/util/Python/models/build_imagenet_data/build_imagenet_data@e93fdcca@Fri Oct 14 22:29:24 2016 -0700.py,ImageCoder,False,2,5,18,/Users/neda/Documents/workspace6/DissertationProject/util/Python/models/build_imagenet_data/build_imagenet_data
848cc592,/Users/neda/Documents/workspace6/DissertationProject/util/Python/models/build_imagenet_data/build_imagenet_data@2335c9fc@Thu Dec 15 19:25:26 2016 +0900.py,ImageCoder,False,3,5,18,/Users/neda/Documents/workspace6/DissertationProject/util/Python/models/build_imagenet_data/build_imagenet_data
848cc592,/Users/neda/Documents/workspace6/DissertationProject/util/Python/models/build_imagenet_data/build_imagenet_data@c539b46d@Sat Mar 25 15:34:17 2017 -0700.py,ImageCoder,False,4,5,18,/Users/neda/Documents/workspace6/DissertationProject/util/Python/models/build_imagenet_data/build_imagenet_data
848cc592,/Users/neda/Documents/workspace6/DissertationProject/util/Python/models/build_imagenet_data/build_imagenet_data@848cc592@Sat Jan 20 15:03:04 2018 +0100.py,ImageCoder,False,5,5,18,/Users/neda/Documents/workspace6/DissertationProject/util/Python/models/build_imagenet_data/build_imagenet_data
848cc592,/Users/neda/Documents/workspace6/DissertationProject/util/Python/models/build_imagenet_data/build_imagenet_data@6ab25864@Tue Jan 30 10:08:43 2018 -0800.py,ImageCoder,False,6,5,18,/Users/neda/Documents/workspace6/DissertationProject/util/Python/models/build_imagenet_data/build_imagenet_data
848cc592,/Users/neda/Documents/workspace6/DissertationProject/util/Python/models/build_imagenet_data/build_imagenet_data@7d8a2c0d@Wed Jan 31 18:48:55 2018 +0100.py,ImageCoder,False,7,5,18,/Users/neda/Documents/workspace6/DissertationProject/util/Python/models/build_imagenet_data/build_imagenet_data
848cc592,/Users/neda/Documents/workspace6/DissertationProject/util/Python/models/build_imagenet_data/build_imagenet_data@629adffa@Tue Feb 27 15:28:03 2018 -0800.py,ImageCoder,False,8,5,18,/Users/neda/Documents/workspace6/DissertationProject/util/Python/models/build_imagenet_data/build_imagenet_data
848cc592,/Users/neda/Documents/workspace6/DissertationProject/util/Python/models/build_imagenet_data/build_imagenet_data@ffb8041e@Tue Mar 6 00:21:05 2018 +0100.py,ImageCoder,False,9,5,18,/Users/neda/Documents/workspace6/DissertationProject/util/Python/models/build_imagenet_data/build_imagenet_data
848cc592,/Users/neda/Documents/workspace6/DissertationProject/util/Python/models/build_imagenet_data/build_imagenet_data@376dc8dd@Tue Mar 13 14:03:42 2018 -0700.py,ImageCoder,False,10,5,18,/Users/neda/Documents/workspace6/DissertationProject/util/Python/models/build_imagenet_data/build_imagenet_data
848cc592,/Users/neda/Documents/workspace6/DissertationProject/util/Python/models/build_imagenet_data/build_imagenet_data@39b7dcf9@Sat Mar 17 20:49:56 2018 -0700.py,ImageCoder,False,11,5,18,/Users/neda/Documents/workspace6/DissertationProject/util/Python/models/build_imagenet_data/build_imagenet_data
848cc592,/Users/neda/Documents/workspace6/DissertationProject/util/Python/models/build_imagenet_data/build_imagenet_data@cd850550@Thu Mar 22 16:55:05 2018 +0100.py,ImageCoder,False,12,5,18,/Users/neda/Documents/workspace6/DissertationProject/util/Python/models/build_imagenet_data/build_imagenet_data
848cc592,/Users/neda/Documents/workspace6/DissertationProject/util/Python/models/build_imagenet_data/build_imagenet_data@001a2a61@Thu Mar 22 10:14:28 2018 -0700.py,ImageCoder,False,13,5,18,/Users/neda/Documents/workspace6/DissertationProject/util/Python/models/build_imagenet_data/build_imagenet_data
848cc592,/Users/neda/Documents/workspace6/DissertationProject/util/Python/models/build_imagenet_data/build_imagenet_data@1bfe1df1@Wed Mar 28 13:47:26 2018 -0700.py,ImageCoder,False,14,5,18,/Users/neda/Documents/workspace6/DissertationProject/util/Python/models/build_imagenet_data/build_imagenet_data
848cc592,/Users/neda/Documents/workspace6/DissertationProject/util/Python/models/build_imagenet_data/build_imagenet_data@dc41b706@Fri Jan 11 18:38:12 2019 +0100.py,ImageCoder,False,15,5,18,/Users/neda/Documents/workspace6/DissertationProject/util/Python/models/build_imagenet_data/build_imagenet_data
848cc592,/Users/neda/Documents/workspace6/DissertationProject/util/Python/models/build_imagenet_data/build_imagenet_data@67c403fc@Fri Apr 26 11:27:42 2019 -0700.py,ImageCoder,False,16,5,18,/Users/neda/Documents/workspace6/DissertationProject/util/Python/models/build_imagenet_data/build_imagenet_data
848cc592,/Users/neda/Documents/workspace6/DissertationProject/util/Python/models/build_imagenet_data/build_imagenet_data@451906e4@Tue May 26 16:19:59 2020 -0700.py,ImageCoder,False,17,5,18,/Users/neda/Documents/workspace6/DissertationProject/util/Python/models/build_imagenet_data/build_imagenet_data
58fb6d7e,/Users/neda/Documents/workspace6/DissertationProject/util/Python/models/layers/layers@a97304d5@Wed May 3 11:23:38 2017 -0700.py,Embedding,False,0,2,11,/Users/neda/Documents/workspace6/DissertationProject/util/Python/models/layers/layers
58fb6d7e,/Users/neda/Documents/workspace6/DissertationProject/util/Python/models/layers/layers@a97304d5@Wed May 3 11:23:38 2017 -0700.py,LSTM,False,0,2,11,/Users/neda/Documents/workspace6/DissertationProject/util/Python/models/layers/layers
58fb6d7e,/Users/neda/Documents/workspace6/DissertationProject/util/Python/models/layers/layers@a97304d5@Wed May 3 11:23:38 2017 -0700.py,SoftmaxLoss,False,0,2,11,/Users/neda/Documents/workspace6/DissertationProject/util/Python/models/layers/layers
58fb6d7e,/Users/neda/Documents/workspace6/DissertationProject/util/Python/models/layers/layers@b5afddbe@Thu Jun 8 12:50:41 2017 -0700.py,Embedding,False,1,2,11,/Users/neda/Documents/workspace6/DissertationProject/util/Python/models/layers/layers
58fb6d7e,/Users/neda/Documents/workspace6/DissertationProject/util/Python/models/layers/layers@b5afddbe@Thu Jun 8 12:50:41 2017 -0700.py,LSTM,False,1,2,11,/Users/neda/Documents/workspace6/DissertationProject/util/Python/models/layers/layers
58fb6d7e,/Users/neda/Documents/workspace6/DissertationProject/util/Python/models/layers/layers@b5afddbe@Thu Jun 8 12:50:41 2017 -0700.py,SoftmaxLoss,False,1,2,11,/Users/neda/Documents/workspace6/DissertationProject/util/Python/models/layers/layers
58fb6d7e,/Users/neda/Documents/workspace6/DissertationProject/util/Python/models/layers/layers@58fb6d7e@Mon Aug 14 19:41:58 2017 +0200.py,Embedding,False,2,2,11,/Users/neda/Documents/workspace6/DissertationProject/util/Python/models/layers/layers
58fb6d7e,/Users/neda/Documents/workspace6/DissertationProject/util/Python/models/layers/layers@58fb6d7e@Mon Aug 14 19:41:58 2017 +0200.py,LSTM,False,2,2,11,/Users/neda/Documents/workspace6/DissertationProject/util/Python/models/layers/layers
58fb6d7e,/Users/neda/Documents/workspace6/DissertationProject/util/Python/models/layers/layers@58fb6d7e@Mon Aug 14 19:41:58 2017 +0200.py,SoftmaxLoss,False,2,2,11,/Users/neda/Documents/workspace6/DissertationProject/util/Python/models/layers/layers
58fb6d7e,/Users/neda/Documents/workspace6/DissertationProject/util/Python/models/layers/layers@1024f926@Mon Oct 9 00:09:08 2017 -0700.py,Embedding,False,3,2,11,/Users/neda/Documents/workspace6/DissertationProject/util/Python/models/layers/layers
58fb6d7e,/Users/neda/Documents/workspace6/DissertationProject/util/Python/models/layers/layers@1024f926@Mon Oct 9 00:09:08 2017 -0700.py,LSTM,False,3,2,11,/Users/neda/Documents/workspace6/DissertationProject/util/Python/models/layers/layers
58fb6d7e,/Users/neda/Documents/workspace6/DissertationProject/util/Python/models/layers/layers@1024f926@Mon Oct 9 00:09:08 2017 -0700.py,SoftmaxLoss,False,3,2,11,/Users/neda/Documents/workspace6/DissertationProject/util/Python/models/layers/layers
58fb6d7e,/Users/neda/Documents/workspace6/DissertationProject/util/Python/models/layers/layers@ed54e8dd@Fri Oct 13 18:37:04 2017 -0700.py,Embedding,False,4,2,11,/Users/neda/Documents/workspace6/DissertationProject/util/Python/models/layers/layers
58fb6d7e,/Users/neda/Documents/workspace6/DissertationProject/util/Python/models/layers/layers@ed54e8dd@Fri Oct 13 18:37:04 2017 -0700.py,LSTM,False,4,2,11,/Users/neda/Documents/workspace6/DissertationProject/util/Python/models/layers/layers
58fb6d7e,/Users/neda/Documents/workspace6/DissertationProject/util/Python/models/layers/layers@ed54e8dd@Fri Oct 13 18:37:04 2017 -0700.py,SoftmaxLoss,False,4,2,11,/Users/neda/Documents/workspace6/DissertationProject/util/Python/models/layers/layers
58fb6d7e,/Users/neda/Documents/workspace6/DissertationProject/util/Python/models/layers/layers@4b5a0801@Mon Oct 16 14:05:49 2017 -0700.py,Embedding,False,5,2,11,/Users/neda/Documents/workspace6/DissertationProject/util/Python/models/layers/layers
58fb6d7e,/Users/neda/Documents/workspace6/DissertationProject/util/Python/models/layers/layers@4b5a0801@Mon Oct 16 14:05:49 2017 -0700.py,LSTM,False,5,2,11,/Users/neda/Documents/workspace6/DissertationProject/util/Python/models/layers/layers
58fb6d7e,/Users/neda/Documents/workspace6/DissertationProject/util/Python/models/layers/layers@4b5a0801@Mon Oct 16 14:05:49 2017 -0700.py,SoftmaxLoss,False,5,2,11,/Users/neda/Documents/workspace6/DissertationProject/util/Python/models/layers/layers
58fb6d7e,/Users/neda/Documents/workspace6/DissertationProject/util/Python/models/layers/layers@e8dd2bf3@Wed Oct 25 10:24:39 2017 -0700.py,Embedding,False,6,2,11,/Users/neda/Documents/workspace6/DissertationProject/util/Python/models/layers/layers
58fb6d7e,/Users/neda/Documents/workspace6/DissertationProject/util/Python/models/layers/layers@e8dd2bf3@Wed Oct 25 10:24:39 2017 -0700.py,LSTM,False,6,2,11,/Users/neda/Documents/workspace6/DissertationProject/util/Python/models/layers/layers
58fb6d7e,/Users/neda/Documents/workspace6/DissertationProject/util/Python/models/layers/layers@e8dd2bf3@Wed Oct 25 10:24:39 2017 -0700.py,SoftmaxLoss,False,6,2,11,/Users/neda/Documents/workspace6/DissertationProject/util/Python/models/layers/layers
58fb6d7e,/Users/neda/Documents/workspace6/DissertationProject/util/Python/models/layers/layers@9f0a567d@Wed Feb 14 19:39:35 2018 -0800.py,Embedding,False,7,2,11,/Users/neda/Documents/workspace6/DissertationProject/util/Python/models/layers/layers
58fb6d7e,/Users/neda/Documents/workspace6/DissertationProject/util/Python/models/layers/layers@9f0a567d@Wed Feb 14 19:39:35 2018 -0800.py,LSTM,False,7,2,11,/Users/neda/Documents/workspace6/DissertationProject/util/Python/models/layers/layers
58fb6d7e,/Users/neda/Documents/workspace6/DissertationProject/util/Python/models/layers/layers@9f0a567d@Wed Feb 14 19:39:35 2018 -0800.py,SoftmaxLoss,False,7,2,11,/Users/neda/Documents/workspace6/DissertationProject/util/Python/models/layers/layers
58fb6d7e,/Users/neda/Documents/workspace6/DissertationProject/util/Python/models/layers/layers@4c21dfa8@Mon Feb 19 23:10:24 2018 -0800.py,Embedding,False,8,2,11,/Users/neda/Documents/workspace6/DissertationProject/util/Python/models/layers/layers
58fb6d7e,/Users/neda/Documents/workspace6/DissertationProject/util/Python/models/layers/layers@4c21dfa8@Mon Feb 19 23:10:24 2018 -0800.py,LSTM,False,8,2,11,/Users/neda/Documents/workspace6/DissertationProject/util/Python/models/layers/layers
58fb6d7e,/Users/neda/Documents/workspace6/DissertationProject/util/Python/models/layers/layers@4c21dfa8@Mon Feb 19 23:10:24 2018 -0800.py,SoftmaxLoss,False,8,2,11,/Users/neda/Documents/workspace6/DissertationProject/util/Python/models/layers/layers
58fb6d7e,/Users/neda/Documents/workspace6/DissertationProject/util/Python/models/layers/layers@ffb8041e@Tue Mar 6 00:21:05 2018 +0100.py,Embedding,False,9,2,11,/Users/neda/Documents/workspace6/DissertationProject/util/Python/models/layers/layers
58fb6d7e,/Users/neda/Documents/workspace6/DissertationProject/util/Python/models/layers/layers@ffb8041e@Tue Mar 6 00:21:05 2018 +0100.py,LSTM,False,9,2,11,/Users/neda/Documents/workspace6/DissertationProject/util/Python/models/layers/layers
58fb6d7e,/Users/neda/Documents/workspace6/DissertationProject/util/Python/models/layers/layers@ffb8041e@Tue Mar 6 00:21:05 2018 +0100.py,SoftmaxLoss,False,9,2,11,/Users/neda/Documents/workspace6/DissertationProject/util/Python/models/layers/layers
58fb6d7e,/Users/neda/Documents/workspace6/DissertationProject/util/Python/models/layers/layers@cbd8136f@Thu Apr 18 05:29:47 2019 +0800.py,Embedding,False,10,2,11,/Users/neda/Documents/workspace6/DissertationProject/util/Python/models/layers/layers
58fb6d7e,/Users/neda/Documents/workspace6/DissertationProject/util/Python/models/layers/layers@cbd8136f@Thu Apr 18 05:29:47 2019 +0800.py,LSTM,False,10,2,11,/Users/neda/Documents/workspace6/DissertationProject/util/Python/models/layers/layers
58fb6d7e,/Users/neda/Documents/workspace6/DissertationProject/util/Python/models/layers/layers@cbd8136f@Thu Apr 18 05:29:47 2019 +0800.py,SoftmaxLoss,False,10,2,11,/Users/neda/Documents/workspace6/DissertationProject/util/Python/models/layers/layers
848cc592,/Users/neda/Documents/workspace6/DissertationProject/util/Python/models/replay_buffer/replay_buffer@8a891524@Sat Jan 13 10:52:14 2018 -0800.py,ReplayBuffer,False,0,1,3,/Users/neda/Documents/workspace6/DissertationProject/util/Python/models/replay_buffer/replay_buffer
848cc592,/Users/neda/Documents/workspace6/DissertationProject/util/Python/models/replay_buffer/replay_buffer@8a891524@Sat Jan 13 10:52:14 2018 -0800.py,PrioritizedReplayBuffer,False,0,1,3,/Users/neda/Documents/workspace6/DissertationProject/util/Python/models/replay_buffer/replay_buffer
848cc592,/Users/neda/Documents/workspace6/DissertationProject/util/Python/models/replay_buffer/replay_buffer@848cc592@Sat Jan 20 15:03:04 2018 +0100.py,ReplayBuffer,False,1,1,3,/Users/neda/Documents/workspace6/DissertationProject/util/Python/models/replay_buffer/replay_buffer
848cc592,/Users/neda/Documents/workspace6/DissertationProject/util/Python/models/replay_buffer/replay_buffer@848cc592@Sat Jan 20 15:03:04 2018 +0100.py,PrioritizedReplayBuffer,False,1,1,3,/Users/neda/Documents/workspace6/DissertationProject/util/Python/models/replay_buffer/replay_buffer
848cc592,/Users/neda/Documents/workspace6/DissertationProject/util/Python/models/replay_buffer/replay_buffer@55f3f240@Fri Apr 24 08:30:22 2020 -0700.py,ReplayBuffer,False,2,1,3,/Users/neda/Documents/workspace6/DissertationProject/util/Python/models/replay_buffer/replay_buffer
848cc592,/Users/neda/Documents/workspace6/DissertationProject/util/Python/models/replay_buffer/replay_buffer@55f3f240@Fri Apr 24 08:30:22 2020 -0700.py,PrioritizedReplayBuffer,False,2,1,3,/Users/neda/Documents/workspace6/DissertationProject/util/Python/models/replay_buffer/replay_buffer
848cc592,/Users/neda/Documents/workspace6/DissertationProject/util/Python/models/env_spec/env_spec@848cc592@Sat Jan 20 15:03:04 2018 +0100.py,spaces,False,0,0,2,/Users/neda/Documents/workspace6/DissertationProject/util/Python/models/env_spec/env_spec
848cc592,/Users/neda/Documents/workspace6/DissertationProject/util/Python/models/env_spec/env_spec@848cc592@Sat Jan 20 15:03:04 2018 +0100.py,EnvSpec,False,0,0,2,/Users/neda/Documents/workspace6/DissertationProject/util/Python/models/env_spec/env_spec
848cc592,/Users/neda/Documents/workspace6/DissertationProject/util/Python/models/env_spec/env_spec@a804f4db@Thu Mar 22 12:32:35 2018 +0800.py,spaces,False,1,0,2,/Users/neda/Documents/workspace6/DissertationProject/util/Python/models/env_spec/env_spec
848cc592,/Users/neda/Documents/workspace6/DissertationProject/util/Python/models/env_spec/env_spec@a804f4db@Thu Mar 22 12:32:35 2018 +0800.py,EnvSpec,False,1,0,2,/Users/neda/Documents/workspace6/DissertationProject/util/Python/models/env_spec/env_spec
848cc592,/Users/neda/Documents/workspace6/DissertationProject/util/Python/models/memory/memory@3f74c7b4@Tue Mar 14 18:12:08 2017 -0700.py,Memory,False,0,1,3,/Users/neda/Documents/workspace6/DissertationProject/util/Python/models/memory/memory
848cc592,/Users/neda/Documents/workspace6/DissertationProject/util/Python/models/memory/memory@3f74c7b4@Tue Mar 14 18:12:08 2017 -0700.py,LSHMemory,False,0,1,3,/Users/neda/Documents/workspace6/DissertationProject/util/Python/models/memory/memory
848cc592,/Users/neda/Documents/workspace6/DissertationProject/util/Python/models/memory/memory@848cc592@Sat Jan 20 15:03:04 2018 +0100.py,Memory,False,1,1,3,/Users/neda/Documents/workspace6/DissertationProject/util/Python/models/memory/memory
848cc592,/Users/neda/Documents/workspace6/DissertationProject/util/Python/models/memory/memory@848cc592@Sat Jan 20 15:03:04 2018 +0100.py,LSHMemory,False,1,1,3,/Users/neda/Documents/workspace6/DissertationProject/util/Python/models/memory/memory
848cc592,/Users/neda/Documents/workspace6/DissertationProject/util/Python/models/memory/memory@1453d070@Tue Mar 6 20:46:09 2018 +0100.py,Memory,False,2,1,3,/Users/neda/Documents/workspace6/DissertationProject/util/Python/models/memory/memory
848cc592,/Users/neda/Documents/workspace6/DissertationProject/util/Python/models/memory/memory@1453d070@Tue Mar 6 20:46:09 2018 +0100.py,LSHMemory,False,2,1,3,/Users/neda/Documents/workspace6/DissertationProject/util/Python/models/memory/memory
848cc592,/Users/neda/Documents/workspace6/DissertationProject/util/Python/models/np_box_list_ops/np_box_list_ops@848cc592@Sat Jan 20 15:03:04 2018 +0100.py,SortOrder,False,0,0,5,/Users/neda/Documents/workspace6/DissertationProject/util/Python/models/np_box_list_ops/np_box_list_ops
848cc592,/Users/neda/Documents/workspace6/DissertationProject/util/Python/models/np_box_list_ops/np_box_list_ops@7a9934df@Wed Jan 31 14:35:04 2018 -0800.py,SortOrder,False,1,0,5,/Users/neda/Documents/workspace6/DissertationProject/util/Python/models/np_box_list_ops/np_box_list_ops
848cc592,/Users/neda/Documents/workspace6/DissertationProject/util/Python/models/np_box_list_ops/np_box_list_ops@2e539758@Sun Feb 11 14:05:52 2018 -0800.py,SortOrder,False,2,0,5,/Users/neda/Documents/workspace6/DissertationProject/util/Python/models/np_box_list_ops/np_box_list_ops
848cc592,/Users/neda/Documents/workspace6/DissertationProject/util/Python/models/np_box_list_ops/np_box_list_ops@78d5f8f8@Tue Feb 27 09:38:32 2018 -0800.py,SortOrder,False,3,0,5,/Users/neda/Documents/workspace6/DissertationProject/util/Python/models/np_box_list_ops/np_box_list_ops
848cc592,/Users/neda/Documents/workspace6/DissertationProject/util/Python/models/np_box_list_ops/np_box_list_ops@fe748d4a@Mon Jul 15 09:50:58 2019 -0700.py,SortOrder,False,4,0,5,/Users/neda/Documents/workspace6/DissertationProject/util/Python/models/np_box_list_ops/np_box_list_ops
848cc592,/Users/neda/Documents/workspace6/DissertationProject/util/Python/models/metrics/metrics@3a97b68c@Wed May 22 13:00:57 2019 -0700.py,MetricLayer,False,9,3,19,/Users/neda/Documents/workspace6/DissertationProject/util/Python/models/metrics/metrics
848cc592,/Users/neda/Documents/workspace6/DissertationProject/util/Python/models/metrics/metrics@3a97b68c@Wed May 22 13:00:57 2019 -0700.py,LossLayer,False,9,3,19,/Users/neda/Documents/workspace6/DissertationProject/util/Python/models/metrics/metrics
848cc592,/Users/neda/Documents/workspace6/DissertationProject/util/Python/models/metrics/metrics@b9cab01b@Fri May 24 21:50:42 2019 +0800.py,MetricLayer,False,10,3,19,/Users/neda/Documents/workspace6/DissertationProject/util/Python/models/metrics/metrics
848cc592,/Users/neda/Documents/workspace6/DissertationProject/util/Python/models/metrics/metrics@b9cab01b@Fri May 24 21:50:42 2019 +0800.py,LossLayer,False,10,3,19,/Users/neda/Documents/workspace6/DissertationProject/util/Python/models/metrics/metrics
848cc592,/Users/neda/Documents/workspace6/DissertationProject/util/Python/models/metrics/metrics@b9c1d1ca@Tue May 28 14:08:45 2019 -0700.py,MetricLayer,False,11,3,19,/Users/neda/Documents/workspace6/DissertationProject/util/Python/models/metrics/metrics
848cc592,/Users/neda/Documents/workspace6/DissertationProject/util/Python/models/metrics/metrics@b9c1d1ca@Tue May 28 14:08:45 2019 -0700.py,LossLayer,False,11,3,19,/Users/neda/Documents/workspace6/DissertationProject/util/Python/models/metrics/metrics
848cc592,/Users/neda/Documents/workspace6/DissertationProject/util/Python/models/metrics/metrics@ba415414@Fri May 31 12:47:17 2019 -0700.py,MetricLayer,False,12,3,19,/Users/neda/Documents/workspace6/DissertationProject/util/Python/models/metrics/metrics
848cc592,/Users/neda/Documents/workspace6/DissertationProject/util/Python/models/metrics/metrics@ba415414@Fri May 31 12:47:17 2019 -0700.py,LossLayer,False,12,3,19,/Users/neda/Documents/workspace6/DissertationProject/util/Python/models/metrics/metrics
848cc592,/Users/neda/Documents/workspace6/DissertationProject/util/Python/models/metrics/metrics@6cfa81a1@Tue Jun 4 22:39:20 2019 -0700.py,MetricLayer,False,13,3,19,/Users/neda/Documents/workspace6/DissertationProject/util/Python/models/metrics/metrics
848cc592,/Users/neda/Documents/workspace6/DissertationProject/util/Python/models/metrics/metrics@6cfa81a1@Tue Jun 4 22:39:20 2019 -0700.py,LossLayer,False,13,3,19,/Users/neda/Documents/workspace6/DissertationProject/util/Python/models/metrics/metrics
848cc592,/Users/neda/Documents/workspace6/DissertationProject/util/Python/models/metrics/metrics@67f81649@Thu Jul 18 22:27:29 2019 -0700.py,MetricLayer,False,15,3,19,/Users/neda/Documents/workspace6/DissertationProject/util/Python/models/metrics/metrics
d4557be2,/Users/neda/Documents/workspace6/DissertationProject/util/Python/models/transformer_scaffold/transformer_scaffold@0e0a94a6@Tue Jan 21 14:21:02 2020 -0800.py,TransformerScaffold,False,0,22,23,/Users/neda/Documents/workspace6/DissertationProject/util/Python/models/transformer_scaffold/transformer_scaffold
d4557be2,/Users/neda/Documents/workspace6/DissertationProject/util/Python/models/transformer_scaffold/transformer_scaffold@651677f5@Tue Mar 3 14:18:03 2020 -0800.py,TransformerScaffold,False,1,22,23,/Users/neda/Documents/workspace6/DissertationProject/util/Python/models/transformer_scaffold/transformer_scaffold
d4557be2,/Users/neda/Documents/workspace6/DissertationProject/util/Python/models/transformer_scaffold/transformer_scaffold@2565629c@Thu Mar 5 12:45:13 2020 -0800.py,TransformerScaffold,False,2,22,23,/Users/neda/Documents/workspace6/DissertationProject/util/Python/models/transformer_scaffold/transformer_scaffold
d4557be2,/Users/neda/Documents/workspace6/DissertationProject/util/Python/models/transformer_scaffold/transformer_scaffold@f3a29bdd@Mon Mar 9 12:13:18 2020 -0700.py,TransformerScaffold,False,3,22,23,/Users/neda/Documents/workspace6/DissertationProject/util/Python/models/transformer_scaffold/transformer_scaffold
d4557be2,/Users/neda/Documents/workspace6/DissertationProject/util/Python/models/transformer_scaffold/transformer_scaffold@057895af@Sun Apr 12 23:10:58 2020 -0700.py,TransformerScaffold,False,4,22,23,/Users/neda/Documents/workspace6/DissertationProject/util/Python/models/transformer_scaffold/transformer_scaffold
d4557be2,/Users/neda/Documents/workspace6/DissertationProject/util/Python/models/transformer_scaffold/transformer_scaffold@330b34fe@Tue Apr 21 15:08:20 2020 -0700.py,TransformerScaffold,False,5,22,23,/Users/neda/Documents/workspace6/DissertationProject/util/Python/models/transformer_scaffold/transformer_scaffold
d4557be2,/Users/neda/Documents/workspace6/DissertationProject/util/Python/models/transformer_scaffold/transformer_scaffold@6f7a682d@Mon May 18 11:16:19 2020 -0700.py,TransformerScaffold,False,6,22,23,/Users/neda/Documents/workspace6/DissertationProject/util/Python/models/transformer_scaffold/transformer_scaffold
d4557be2,/Users/neda/Documents/workspace6/DissertationProject/util/Python/models/transformer_scaffold/transformer_scaffold@d9c4e454@Tue May 19 15:30:08 2020 -0700.py,TransformerScaffold,False,7,22,23,/Users/neda/Documents/workspace6/DissertationProject/util/Python/models/transformer_scaffold/transformer_scaffold
d4557be2,/Users/neda/Documents/workspace6/DissertationProject/util/Python/models/transformer_scaffold/transformer_scaffold@f2f26a8b@Fri May 29 10:58:57 2020 -0700.py,TransformerScaffold,False,8,22,23,/Users/neda/Documents/workspace6/DissertationProject/util/Python/models/transformer_scaffold/transformer_scaffold
d4557be2,/Users/neda/Documents/workspace6/DissertationProject/util/Python/models/transformer_scaffold/transformer_scaffold@8a13ca4e@Fri May 29 14:08:57 2020 -0700.py,TransformerScaffold,False,9,22,23,/Users/neda/Documents/workspace6/DissertationProject/util/Python/models/transformer_scaffold/transformer_scaffold
d4557be2,/Users/neda/Documents/workspace6/DissertationProject/util/Python/models/transformer_scaffold/transformer_scaffold@8eb91073@Tue Jun 2 11:47:58 2020 -0700.py,TransformerScaffold,False,10,22,23,/Users/neda/Documents/workspace6/DissertationProject/util/Python/models/transformer_scaffold/transformer_scaffold
d4557be2,/Users/neda/Documents/workspace6/DissertationProject/util/Python/models/transformer_scaffold/transformer_scaffold@5a4c4e18@Thu Jun 11 23:34:00 2020 -0700.py,TransformerScaffold,False,11,22,23,/Users/neda/Documents/workspace6/DissertationProject/util/Python/models/transformer_scaffold/transformer_scaffold
d4557be2,/Users/neda/Documents/workspace6/DissertationProject/util/Python/models/transformer_scaffold/transformer_scaffold@570d9a2b@Tue Jul 21 15:23:24 2020 -0700.py,TransformerScaffold,False,12,22,23,/Users/neda/Documents/workspace6/DissertationProject/util/Python/models/transformer_scaffold/transformer_scaffold
d4557be2,/Users/neda/Documents/workspace6/DissertationProject/util/Python/models/transformer_scaffold/transformer_scaffold@36101ab4@Tue Jul 21 15:23:24 2020 -0700.py,TransformerScaffold,False,13,22,23,/Users/neda/Documents/workspace6/DissertationProject/util/Python/models/transformer_scaffold/transformer_scaffold
d4557be2,/Users/neda/Documents/workspace6/DissertationProject/util/Python/models/transformer_scaffold/transformer_scaffold@999fae62@Wed Aug 12 12:27:42 2020 -0700.py,TransformerScaffold,False,14,22,23,/Users/neda/Documents/workspace6/DissertationProject/util/Python/models/transformer_scaffold/transformer_scaffold
d4557be2,/Users/neda/Documents/workspace6/DissertationProject/util/Python/models/transformer_scaffold/transformer_scaffold@88253ce5@Wed Aug 12 12:27:42 2020 -0700.py,TransformerScaffold,False,15,22,23,/Users/neda/Documents/workspace6/DissertationProject/util/Python/models/transformer_scaffold/transformer_scaffold
d4557be2,/Users/neda/Documents/workspace6/DissertationProject/util/Python/models/transformer_scaffold/transformer_scaffold@197978fe@Thu Aug 13 12:12:55 2020 -0700.py,TransformerScaffold,False,16,22,23,/Users/neda/Documents/workspace6/DissertationProject/util/Python/models/transformer_scaffold/transformer_scaffold
d4557be2,/Users/neda/Documents/workspace6/DissertationProject/util/Python/models/transformer_scaffold/transformer_scaffold@2444a510@Thu Aug 13 12:12:55 2020 -0700.py,TransformerScaffold,False,17,22,23,/Users/neda/Documents/workspace6/DissertationProject/util/Python/models/transformer_scaffold/transformer_scaffold
d4557be2,/Users/neda/Documents/workspace6/DissertationProject/util/Python/models/transformer_scaffold/transformer_scaffold@e36a5fec@Tue Aug 18 20:48:04 2020 -0700.py,TransformerScaffold,False,18,22,23,/Users/neda/Documents/workspace6/DissertationProject/util/Python/models/transformer_scaffold/transformer_scaffold
d4557be2,/Users/neda/Documents/workspace6/DissertationProject/util/Python/models/transformer_scaffold/transformer_scaffold@8a78c154@Tue Aug 18 20:48:04 2020 -0700.py,TransformerScaffold,False,19,22,23,/Users/neda/Documents/workspace6/DissertationProject/util/Python/models/transformer_scaffold/transformer_scaffold
d4557be2,/Users/neda/Documents/workspace6/DissertationProject/util/Python/models/transformer_scaffold/transformer_scaffold@e6ffa057@Wed Sep 16 14:45:12 2020 -0700.py,TransformerScaffold,False,20,22,23,/Users/neda/Documents/workspace6/DissertationProject/util/Python/models/transformer_scaffold/transformer_scaffold
d4557be2,/Users/neda/Documents/workspace6/DissertationProject/util/Python/models/transformer_scaffold/transformer_scaffold@eaff981c@Thu Sep 24 13:53:01 2020 -0700.py,TransformerScaffold,False,21,22,23,/Users/neda/Documents/workspace6/DissertationProject/util/Python/models/transformer_scaffold/transformer_scaffold
d4557be2,/Users/neda/Documents/workspace6/DissertationProject/util/Python/models/transformer_scaffold/transformer_scaffold@d4557be2@Wed Oct 7 13:46:58 2020 -0700.py,TransformerScaffold,False,22,22,23,/Users/neda/Documents/workspace6/DissertationProject/util/Python/models/transformer_scaffold/transformer_scaffold
6f881f77,/Users/neda/Documents/workspace6/DissertationProject/util/Python/models/distribution_utils/distribution_utils@05383c7b@Fri Feb 8 17:03:43 2019 -0800.py,SyntheticDataset,False,10,5,44,/Users/neda/Documents/workspace6/DissertationProject/util/Python/models/distribution_utils/distribution_utils
6f881f77,/Users/neda/Documents/workspace6/DissertationProject/util/Python/models/distribution_utils/distribution_utils@a1ee97e6@Mon Feb 11 18:15:39 2019 -0800.py,SyntheticDataset,False,11,5,44,/Users/neda/Documents/workspace6/DissertationProject/util/Python/models/distribution_utils/distribution_utils
6f881f77,/Users/neda/Documents/workspace6/DissertationProject/util/Python/models/distribution_utils/distribution_utils@79b57a3f@Tue Feb 12 23:16:57 2019 -0800.py,SyntheticDataset,False,12,5,44,/Users/neda/Documents/workspace6/DissertationProject/util/Python/models/distribution_utils/distribution_utils
6f881f77,/Users/neda/Documents/workspace6/DissertationProject/util/Python/models/distribution_utils/distribution_utils@b66ef95e@Wed Feb 13 17:33:43 2019 -0800.py,SyntheticDataset,False,13,5,44,/Users/neda/Documents/workspace6/DissertationProject/util/Python/models/distribution_utils/distribution_utils
6f881f77,/Users/neda/Documents/workspace6/DissertationProject/util/Python/models/distribution_utils/distribution_utils@f2e90945@Thu Feb 21 13:59:55 2019 -0800.py,SyntheticDataset,False,14,5,44,/Users/neda/Documents/workspace6/DissertationProject/util/Python/models/distribution_utils/distribution_utils
6f881f77,/Users/neda/Documents/workspace6/DissertationProject/util/Python/models/distribution_utils/distribution_utils@d793ea82@Thu Feb 28 15:29:26 2019 -0800.py,SyntheticDataset,False,15,5,44,/Users/neda/Documents/workspace6/DissertationProject/util/Python/models/distribution_utils/distribution_utils
6f881f77,/Users/neda/Documents/workspace6/DissertationProject/util/Python/models/distribution_utils/distribution_utils@048e5bff@Fri Mar 1 14:59:59 2019 -0800.py,SyntheticDataset,False,16,5,44,/Users/neda/Documents/workspace6/DissertationProject/util/Python/models/distribution_utils/distribution_utils
6f881f77,/Users/neda/Documents/workspace6/DissertationProject/util/Python/models/distribution_utils/distribution_utils@8367cf6d@Sat Mar 2 13:33:20 2019 -0800.py,SyntheticDataset,False,17,5,44,/Users/neda/Documents/workspace6/DissertationProject/util/Python/models/distribution_utils/distribution_utils
6f881f77,/Users/neda/Documents/workspace6/DissertationProject/util/Python/models/distribution_utils/distribution_utils@05a79f5a@Thu Mar 7 08:50:36 2019 -0800.py,SyntheticDataset,False,18,5,44,/Users/neda/Documents/workspace6/DissertationProject/util/Python/models/distribution_utils/distribution_utils
6f881f77,/Users/neda/Documents/workspace6/DissertationProject/util/Python/models/distribution_utils/distribution_utils@3024bde6@Tue Mar 19 13:51:13 2019 -0700.py,SyntheticDataset,False,19,5,44,/Users/neda/Documents/workspace6/DissertationProject/util/Python/models/distribution_utils/distribution_utils
6f881f77,/Users/neda/Documents/workspace6/DissertationProject/util/Python/models/distribution_utils/distribution_utils@d9823dae@Mon Apr 1 16:39:38 2019 -0700.py,SyntheticDataset,False,20,5,44,/Users/neda/Documents/workspace6/DissertationProject/util/Python/models/distribution_utils/distribution_utils
6f881f77,/Users/neda/Documents/workspace6/DissertationProject/util/Python/models/distribution_utils/distribution_utils@1255d5b9@Mon Apr 8 15:41:42 2019 -0700.py,SyntheticDataset,False,21,5,44,/Users/neda/Documents/workspace6/DissertationProject/util/Python/models/distribution_utils/distribution_utils
6f881f77,/Users/neda/Documents/workspace6/DissertationProject/util/Python/models/distribution_utils/distribution_utils@1255d5b9@Mon Apr 8 15:41:42 2019 -0700.py,DummyContextManager,False,21,5,44,/Users/neda/Documents/workspace6/DissertationProject/util/Python/models/distribution_utils/distribution_utils
6f881f77,/Users/neda/Documents/workspace6/DissertationProject/util/Python/models/distribution_utils/distribution_utils@98672351@Wed Apr 24 10:41:37 2019 -0700.py,SyntheticDataset,False,22,5,44,/Users/neda/Documents/workspace6/DissertationProject/util/Python/models/distribution_utils/distribution_utils
6f881f77,/Users/neda/Documents/workspace6/DissertationProject/util/Python/models/distribution_utils/distribution_utils@98672351@Wed Apr 24 10:41:37 2019 -0700.py,DummyContextManager,False,22,5,44,/Users/neda/Documents/workspace6/DissertationProject/util/Python/models/distribution_utils/distribution_utils
6f881f77,/Users/neda/Documents/workspace6/DissertationProject/util/Python/models/distribution_utils/distribution_utils@ece99414@Thu Apr 25 14:11:53 2019 -0700.py,SyntheticDataset,False,23,5,44,/Users/neda/Documents/workspace6/DissertationProject/util/Python/models/distribution_utils/distribution_utils
6f881f77,/Users/neda/Documents/workspace6/DissertationProject/util/Python/models/distribution_utils/distribution_utils@ece99414@Thu Apr 25 14:11:53 2019 -0700.py,DummyContextManager,False,23,5,44,/Users/neda/Documents/workspace6/DissertationProject/util/Python/models/distribution_utils/distribution_utils
6f881f77,/Users/neda/Documents/workspace6/DissertationProject/util/Python/models/distribution_utils/distribution_utils@4a1fba0b@Fri Apr 26 09:51:03 2019 -0700.py,SyntheticDataset,False,24,5,44,/Users/neda/Documents/workspace6/DissertationProject/util/Python/models/distribution_utils/distribution_utils
6f881f77,/Users/neda/Documents/workspace6/DissertationProject/util/Python/models/distribution_utils/distribution_utils@4a1fba0b@Fri Apr 26 09:51:03 2019 -0700.py,DummyContextManager,False,24,5,44,/Users/neda/Documents/workspace6/DissertationProject/util/Python/models/distribution_utils/distribution_utils
6f881f77,/Users/neda/Documents/workspace6/DissertationProject/util/Python/models/distribution_utils/distribution_utils@b00783d7@Mon Apr 29 14:43:46 2019 -0700.py,SyntheticDataset,False,25,5,44,/Users/neda/Documents/workspace6/DissertationProject/util/Python/models/distribution_utils/distribution_utils
6f881f77,/Users/neda/Documents/workspace6/DissertationProject/util/Python/models/distribution_utils/distribution_utils@b00783d7@Mon Apr 29 14:43:46 2019 -0700.py,DummyContextManager,False,25,5,44,/Users/neda/Documents/workspace6/DissertationProject/util/Python/models/distribution_utils/distribution_utils
6f881f77,/Users/neda/Documents/workspace6/DissertationProject/util/Python/models/distribution_utils/distribution_utils@680eb35c@Tue Jul 2 11:11:33 2019 -0700.py,SyntheticDataset,False,26,5,44,/Users/neda/Documents/workspace6/DissertationProject/util/Python/models/distribution_utils/distribution_utils
6f881f77,/Users/neda/Documents/workspace6/DissertationProject/util/Python/models/distribution_utils/distribution_utils@680eb35c@Tue Jul 2 11:11:33 2019 -0700.py,DummyContextManager,False,26,5,44,/Users/neda/Documents/workspace6/DissertationProject/util/Python/models/distribution_utils/distribution_utils
6f881f77,/Users/neda/Documents/workspace6/DissertationProject/util/Python/models/distribution_utils/distribution_utils@03b4a0af@Mon Aug 12 14:19:43 2019 -0700.py,SyntheticDataset,False,27,5,44,/Users/neda/Documents/workspace6/DissertationProject/util/Python/models/distribution_utils/distribution_utils
6f881f77,/Users/neda/Documents/workspace6/DissertationProject/util/Python/models/distribution_utils/distribution_utils@03b4a0af@Mon Aug 12 14:19:43 2019 -0700.py,DummyContextManager,False,27,5,44,/Users/neda/Documents/workspace6/DissertationProject/util/Python/models/distribution_utils/distribution_utils
6f881f77,/Users/neda/Documents/workspace6/DissertationProject/util/Python/models/distribution_utils/distribution_utils@1f2cebfa@Fri Aug 16 15:07:49 2019 -0700.py,SyntheticDataset,False,28,5,44,/Users/neda/Documents/workspace6/DissertationProject/util/Python/models/distribution_utils/distribution_utils
6f881f77,/Users/neda/Documents/workspace6/DissertationProject/util/Python/models/distribution_utils/distribution_utils@1f2cebfa@Fri Aug 16 15:07:49 2019 -0700.py,SyntheticIterator,False,28,5,44,/Users/neda/Documents/workspace6/DissertationProject/util/Python/models/distribution_utils/distribution_utils
6f881f77,/Users/neda/Documents/workspace6/DissertationProject/util/Python/models/distribution_utils/distribution_utils@1f2cebfa@Fri Aug 16 15:07:49 2019 -0700.py,DummyContextManager,False,28,5,44,/Users/neda/Documents/workspace6/DissertationProject/util/Python/models/distribution_utils/distribution_utils
6f881f77,/Users/neda/Documents/workspace6/DissertationProject/util/Python/models/distribution_utils/distribution_utils@b1d9ac5b@Fri Aug 16 15:51:29 2019 -0700.py,SyntheticDataset,False,29,5,44,/Users/neda/Documents/workspace6/DissertationProject/util/Python/models/distribution_utils/distribution_utils
6f881f77,/Users/neda/Documents/workspace6/DissertationProject/util/Python/models/distribution_utils/distribution_utils@b1d9ac5b@Fri Aug 16 15:51:29 2019 -0700.py,SyntheticIterator,False,29,5,44,/Users/neda/Documents/workspace6/DissertationProject/util/Python/models/distribution_utils/distribution_utils
6f881f77,/Users/neda/Documents/workspace6/DissertationProject/util/Python/models/distribution_utils/distribution_utils@b1d9ac5b@Fri Aug 16 15:51:29 2019 -0700.py,DummyContextManager,False,29,5,44,/Users/neda/Documents/workspace6/DissertationProject/util/Python/models/distribution_utils/distribution_utils
6f881f77,/Users/neda/Documents/workspace6/DissertationProject/util/Python/models/distribution_utils/distribution_utils@ee584397@Mon Aug 19 14:34:40 2019 -0700.py,SyntheticDataset,False,30,5,44,/Users/neda/Documents/workspace6/DissertationProject/util/Python/models/distribution_utils/distribution_utils
6f881f77,/Users/neda/Documents/workspace6/DissertationProject/util/Python/models/distribution_utils/distribution_utils@ee584397@Mon Aug 19 14:34:40 2019 -0700.py,SyntheticIterator,False,30,5,44,/Users/neda/Documents/workspace6/DissertationProject/util/Python/models/distribution_utils/distribution_utils
6f881f77,/Users/neda/Documents/workspace6/DissertationProject/util/Python/models/distribution_utils/distribution_utils@ee584397@Mon Aug 19 14:34:40 2019 -0700.py,DummyContextManager,False,30,5,44,/Users/neda/Documents/workspace6/DissertationProject/util/Python/models/distribution_utils/distribution_utils
6f881f77,/Users/neda/Documents/workspace6/DissertationProject/util/Python/models/distribution_utils/distribution_utils@497989e0@Tue Sep 24 09:53:44 2019 -0700.py,SyntheticDataset,False,31,5,44,/Users/neda/Documents/workspace6/DissertationProject/util/Python/models/distribution_utils/distribution_utils
6f881f77,/Users/neda/Documents/workspace6/DissertationProject/util/Python/models/distribution_utils/distribution_utils@497989e0@Tue Sep 24 09:53:44 2019 -0700.py,SyntheticIterator,False,31,5,44,/Users/neda/Documents/workspace6/DissertationProject/util/Python/models/distribution_utils/distribution_utils
6f881f77,/Users/neda/Documents/workspace6/DissertationProject/util/Python/models/distribution_utils/distribution_utils@497989e0@Tue Sep 24 09:53:44 2019 -0700.py,DummyContextManager,False,31,5,44,/Users/neda/Documents/workspace6/DissertationProject/util/Python/models/distribution_utils/distribution_utils
6f881f77,/Users/neda/Documents/workspace6/DissertationProject/util/Python/models/distribution_utils/distribution_utils@04256053@Tue Nov 26 17:18:32 2019 -0800.py,SyntheticDataset,False,32,5,44,/Users/neda/Documents/workspace6/DissertationProject/util/Python/models/distribution_utils/distribution_utils
6f881f77,/Users/neda/Documents/workspace6/DissertationProject/util/Python/models/distribution_utils/distribution_utils@04256053@Tue Nov 26 17:18:32 2019 -0800.py,SyntheticIterator,False,32,5,44,/Users/neda/Documents/workspace6/DissertationProject/util/Python/models/distribution_utils/distribution_utils
6f881f77,/Users/neda/Documents/workspace6/DissertationProject/util/Python/models/distribution_utils/distribution_utils@04256053@Tue Nov 26 17:18:32 2019 -0800.py,DummyContextManager,False,32,5,44,/Users/neda/Documents/workspace6/DissertationProject/util/Python/models/distribution_utils/distribution_utils
6f881f77,/Users/neda/Documents/workspace6/DissertationProject/util/Python/models/distribution_utils/distribution_utils@357f30f4@Fri Dec 13 17:30:52 2019 -0800.py,SyntheticDataset,False,33,5,44,/Users/neda/Documents/workspace6/DissertationProject/util/Python/models/distribution_utils/distribution_utils
6f881f77,/Users/neda/Documents/workspace6/DissertationProject/util/Python/models/distribution_utils/distribution_utils@357f30f4@Fri Dec 13 17:30:52 2019 -0800.py,SyntheticIterator,False,33,5,44,/Users/neda/Documents/workspace6/DissertationProject/util/Python/models/distribution_utils/distribution_utils
6f881f77,/Users/neda/Documents/workspace6/DissertationProject/util/Python/models/distribution_utils/distribution_utils@357f30f4@Fri Dec 13 17:30:52 2019 -0800.py,DummyContextManager,False,33,5,44,/Users/neda/Documents/workspace6/DissertationProject/util/Python/models/distribution_utils/distribution_utils
6f881f77,/Users/neda/Documents/workspace6/DissertationProject/util/Python/models/distribution_utils/distribution_utils@0788a23c@Fri Dec 13 23:51:55 2019 -0800.py,SyntheticDataset,False,34,5,44,/Users/neda/Documents/workspace6/DissertationProject/util/Python/models/distribution_utils/distribution_utils
6f881f77,/Users/neda/Documents/workspace6/DissertationProject/util/Python/models/distribution_utils/distribution_utils@0788a23c@Fri Dec 13 23:51:55 2019 -0800.py,SyntheticIterator,False,34,5,44,/Users/neda/Documents/workspace6/DissertationProject/util/Python/models/distribution_utils/distribution_utils
6f881f77,/Users/neda/Documents/workspace6/DissertationProject/util/Python/models/distribution_utils/distribution_utils@0788a23c@Fri Dec 13 23:51:55 2019 -0800.py,DummyContextManager,False,34,5,44,/Users/neda/Documents/workspace6/DissertationProject/util/Python/models/distribution_utils/distribution_utils
6f881f77,/Users/neda/Documents/workspace6/DissertationProject/util/Python/models/distribution_utils/distribution_utils@722d9e57@Sat Dec 14 23:37:46 2019 -0800.py,SyntheticDataset,False,35,5,44,/Users/neda/Documents/workspace6/DissertationProject/util/Python/models/distribution_utils/distribution_utils
6f881f77,/Users/neda/Documents/workspace6/DissertationProject/util/Python/models/distribution_utils/distribution_utils@722d9e57@Sat Dec 14 23:37:46 2019 -0800.py,SyntheticIterator,False,35,5,44,/Users/neda/Documents/workspace6/DissertationProject/util/Python/models/distribution_utils/distribution_utils
6f881f77,/Users/neda/Documents/workspace6/DissertationProject/util/Python/models/distribution_utils/distribution_utils@722d9e57@Sat Dec 14 23:37:46 2019 -0800.py,DummyContextManager,False,35,5,44,/Users/neda/Documents/workspace6/DissertationProject/util/Python/models/distribution_utils/distribution_utils
6f881f77,/Users/neda/Documents/workspace6/DissertationProject/util/Python/models/distribution_utils/distribution_utils@1af7172d@Mon Jan 27 15:11:58 2020 -0800.py,SyntheticDataset,False,36,5,44,/Users/neda/Documents/workspace6/DissertationProject/util/Python/models/distribution_utils/distribution_utils
6f881f77,/Users/neda/Documents/workspace6/DissertationProject/util/Python/models/distribution_utils/distribution_utils@1af7172d@Mon Jan 27 15:11:58 2020 -0800.py,SyntheticIterator,False,36,5,44,/Users/neda/Documents/workspace6/DissertationProject/util/Python/models/distribution_utils/distribution_utils
6f881f77,/Users/neda/Documents/workspace6/DissertationProject/util/Python/models/distribution_utils/distribution_utils@1af7172d@Mon Jan 27 15:11:58 2020 -0800.py,DummyContextManager,False,36,5,44,/Users/neda/Documents/workspace6/DissertationProject/util/Python/models/distribution_utils/distribution_utils
6f881f77,/Users/neda/Documents/workspace6/DissertationProject/util/Python/models/distribution_utils/distribution_utils@7f926353@Thu Feb 13 14:14:57 2020 -0800.py,SyntheticDataset,False,37,5,44,/Users/neda/Documents/workspace6/DissertationProject/util/Python/models/distribution_utils/distribution_utils
6f881f77,/Users/neda/Documents/workspace6/DissertationProject/util/Python/models/distribution_utils/distribution_utils@7f926353@Thu Feb 13 14:14:57 2020 -0800.py,SyntheticIterator,False,37,5,44,/Users/neda/Documents/workspace6/DissertationProject/util/Python/models/distribution_utils/distribution_utils
6f881f77,/Users/neda/Documents/workspace6/DissertationProject/util/Python/models/distribution_utils/distribution_utils@7f926353@Thu Feb 13 14:14:57 2020 -0800.py,DummyContextManager,False,37,5,44,/Users/neda/Documents/workspace6/DissertationProject/util/Python/models/distribution_utils/distribution_utils
6f881f77,/Users/neda/Documents/workspace6/DissertationProject/util/Python/models/distribution_utils/distribution_utils@3043566d@Wed Mar 18 00:05:38 2020 +0530.py,SyntheticDataset,False,38,5,44,/Users/neda/Documents/workspace6/DissertationProject/util/Python/models/distribution_utils/distribution_utils
6f881f77,/Users/neda/Documents/workspace6/DissertationProject/util/Python/models/distribution_utils/distribution_utils@3043566d@Wed Mar 18 00:05:38 2020 +0530.py,SyntheticIterator,False,38,5,44,/Users/neda/Documents/workspace6/DissertationProject/util/Python/models/distribution_utils/distribution_utils
6f881f77,/Users/neda/Documents/workspace6/DissertationProject/util/Python/models/distribution_utils/distribution_utils@3043566d@Wed Mar 18 00:05:38 2020 +0530.py,DummyContextManager,False,38,5,44,/Users/neda/Documents/workspace6/DissertationProject/util/Python/models/distribution_utils/distribution_utils
6f881f77,/Users/neda/Documents/workspace6/DissertationProject/util/Python/models/distribution_utils/distribution_utils@fc02382c@Mon Mar 30 10:14:46 2020 -0700.py,SyntheticDataset,False,39,5,44,/Users/neda/Documents/workspace6/DissertationProject/util/Python/models/distribution_utils/distribution_utils
6f881f77,/Users/neda/Documents/workspace6/DissertationProject/util/Python/models/distribution_utils/distribution_utils@fc02382c@Mon Mar 30 10:14:46 2020 -0700.py,SyntheticIterator,False,39,5,44,/Users/neda/Documents/workspace6/DissertationProject/util/Python/models/distribution_utils/distribution_utils
6f881f77,/Users/neda/Documents/workspace6/DissertationProject/util/Python/models/distribution_utils/distribution_utils@fc02382c@Mon Mar 30 10:14:46 2020 -0700.py,DummyContextManager,False,39,5,44,/Users/neda/Documents/workspace6/DissertationProject/util/Python/models/distribution_utils/distribution_utils
6f881f77,/Users/neda/Documents/workspace6/DissertationProject/util/Python/models/distribution_utils/distribution_utils@a8b5cb7a@Fri Apr 10 10:18:16 2020 -0700.py,DummyContextManager,False,40,5,44,/Users/neda/Documents/workspace6/DissertationProject/util/Python/models/distribution_utils/distribution_utils
6f881f77,/Users/neda/Documents/workspace6/DissertationProject/util/Python/models/distribution_utils/distribution_utils@999fae62@Wed Aug 12 12:27:42 2020 -0700.py,DummyContextManager,False,41,5,44,/Users/neda/Documents/workspace6/DissertationProject/util/Python/models/distribution_utils/distribution_utils
6f881f77,/Users/neda/Documents/workspace6/DissertationProject/util/Python/models/distribution_utils/distribution_utils@88253ce5@Wed Aug 12 12:27:42 2020 -0700.py,DummyContextManager,False,42,5,44,/Users/neda/Documents/workspace6/DissertationProject/util/Python/models/distribution_utils/distribution_utils
6f881f77,/Users/neda/Documents/workspace6/DissertationProject/util/Python/models/keras_common/keras_common@cf723306@Fri Dec 14 21:19:49 2018 +0000.py,TimeHistory,False,0,6,66,/Users/neda/Documents/workspace6/DissertationProject/util/Python/models/keras_common/keras_common
6f881f77,/Users/neda/Documents/workspace6/DissertationProject/util/Python/models/keras_common/keras_common@cf723306@Fri Dec 14 21:19:49 2018 +0000.py,LearningRateBatchScheduler,False,0,6,66,/Users/neda/Documents/workspace6/DissertationProject/util/Python/models/keras_common/keras_common
6f881f77,/Users/neda/Documents/workspace6/DissertationProject/util/Python/models/keras_common/keras_common@b9e30b11@Sat Dec 15 22:15:22 2018 +0000.py,TimeHistory,False,1,6,66,/Users/neda/Documents/workspace6/DissertationProject/util/Python/models/keras_common/keras_common
6f881f77,/Users/neda/Documents/workspace6/DissertationProject/util/Python/models/keras_common/keras_common@b9e30b11@Sat Dec 15 22:15:22 2018 +0000.py,LearningRateBatchScheduler,False,1,6,66,/Users/neda/Documents/workspace6/DissertationProject/util/Python/models/keras_common/keras_common
6f881f77,/Users/neda/Documents/workspace6/DissertationProject/util/Python/models/keras_common/keras_common@84266860@Tue Dec 18 18:25:10 2018 +0000.py,TimeHistory,False,2,6,66,/Users/neda/Documents/workspace6/DissertationProject/util/Python/models/keras_common/keras_common
6f881f77,/Users/neda/Documents/workspace6/DissertationProject/util/Python/models/keras_common/keras_common@84266860@Tue Dec 18 18:25:10 2018 +0000.py,LearningRateBatchScheduler,False,2,6,66,/Users/neda/Documents/workspace6/DissertationProject/util/Python/models/keras_common/keras_common
6f881f77,/Users/neda/Documents/workspace6/DissertationProject/util/Python/models/keras_common/keras_common@cd034c8c@Tue Dec 18 18:37:22 2018 +0000.py,TimeHistory,False,3,6,66,/Users/neda/Documents/workspace6/DissertationProject/util/Python/models/keras_common/keras_common
6f881f77,/Users/neda/Documents/workspace6/DissertationProject/util/Python/models/keras_common/keras_common@cd034c8c@Tue Dec 18 18:37:22 2018 +0000.py,LearningRateBatchScheduler,False,3,6,66,/Users/neda/Documents/workspace6/DissertationProject/util/Python/models/keras_common/keras_common
6f881f77,/Users/neda/Documents/workspace6/DissertationProject/util/Python/models/keras_common/keras_common@26a2c3b9@Wed Dec 19 23:46:14 2018 +0000.py,TimeHistory,False,4,6,66,/Users/neda/Documents/workspace6/DissertationProject/util/Python/models/keras_common/keras_common
6f881f77,/Users/neda/Documents/workspace6/DissertationProject/util/Python/models/keras_common/keras_common@26a2c3b9@Wed Dec 19 23:46:14 2018 +0000.py,LearningRateBatchScheduler,False,4,6,66,/Users/neda/Documents/workspace6/DissertationProject/util/Python/models/keras_common/keras_common
6f881f77,/Users/neda/Documents/workspace6/DissertationProject/util/Python/models/keras_common/keras_common@424c2045@Wed Dec 19 21:25:11 2018 -0800.py,TimeHistory,False,5,6,66,/Users/neda/Documents/workspace6/DissertationProject/util/Python/models/keras_common/keras_common
6f881f77,/Users/neda/Documents/workspace6/DissertationProject/util/Python/models/keras_common/keras_common@424c2045@Wed Dec 19 21:25:11 2018 -0800.py,LearningRateBatchScheduler,False,5,6,66,/Users/neda/Documents/workspace6/DissertationProject/util/Python/models/keras_common/keras_common
6f881f77,/Users/neda/Documents/workspace6/DissertationProject/util/Python/models/keras_common/keras_common@6f881f77@Thu Dec 20 06:35:10 2018 +0000.py,TimeHistory,False,6,6,66,/Users/neda/Documents/workspace6/DissertationProject/util/Python/models/keras_common/keras_common
6f881f77,/Users/neda/Documents/workspace6/DissertationProject/util/Python/models/keras_common/keras_common@6f881f77@Thu Dec 20 06:35:10 2018 +0000.py,LearningRateBatchScheduler,False,6,6,66,/Users/neda/Documents/workspace6/DissertationProject/util/Python/models/keras_common/keras_common
6f881f77,/Users/neda/Documents/workspace6/DissertationProject/util/Python/models/keras_common/keras_common@51fc02ae@Thu Dec 20 17:32:35 2018 +0000.py,TimeHistory,False,7,6,66,/Users/neda/Documents/workspace6/DissertationProject/util/Python/models/keras_common/keras_common
6f881f77,/Users/neda/Documents/workspace6/DissertationProject/util/Python/models/keras_common/keras_common@51fc02ae@Thu Dec 20 17:32:35 2018 +0000.py,LearningRateBatchScheduler,False,7,6,66,/Users/neda/Documents/workspace6/DissertationProject/util/Python/models/keras_common/keras_common
6f881f77,/Users/neda/Documents/workspace6/DissertationProject/util/Python/models/keras_common/keras_common@db80d57a@Thu Dec 20 18:25:14 2018 +0000.py,TimeHistory,False,8,6,66,/Users/neda/Documents/workspace6/DissertationProject/util/Python/models/keras_common/keras_common
6f881f77,/Users/neda/Documents/workspace6/DissertationProject/util/Python/models/keras_common/keras_common@db80d57a@Thu Dec 20 18:25:14 2018 +0000.py,LearningRateBatchScheduler,False,8,6,66,/Users/neda/Documents/workspace6/DissertationProject/util/Python/models/keras_common/keras_common
6f881f77,/Users/neda/Documents/workspace6/DissertationProject/util/Python/models/keras_common/keras_common@80dcd27c@Fri Dec 21 00:28:23 2018 +0000.py,TimeHistory,False,9,6,66,/Users/neda/Documents/workspace6/DissertationProject/util/Python/models/keras_common/keras_common
6f881f77,/Users/neda/Documents/workspace6/DissertationProject/util/Python/models/keras_common/keras_common@80dcd27c@Fri Dec 21 00:28:23 2018 +0000.py,LearningRateBatchScheduler,False,9,6,66,/Users/neda/Documents/workspace6/DissertationProject/util/Python/models/keras_common/keras_common
6f881f77,/Users/neda/Documents/workspace6/DissertationProject/util/Python/models/keras_common/keras_common@c923a420@Fri Dec 21 23:22:56 2018 +0000.py,TimeHistory,False,10,6,66,/Users/neda/Documents/workspace6/DissertationProject/util/Python/models/keras_common/keras_common
6f881f77,/Users/neda/Documents/workspace6/DissertationProject/util/Python/models/keras_common/keras_common@c923a420@Fri Dec 21 23:22:56 2018 +0000.py,LearningRateBatchScheduler,False,10,6,66,/Users/neda/Documents/workspace6/DissertationProject/util/Python/models/keras_common/keras_common
6f881f77,/Users/neda/Documents/workspace6/DissertationProject/util/Python/models/keras_common/keras_common@61ec2907@Sun Dec 23 08:13:24 2018 -0800.py,TimeHistory,False,11,6,66,/Users/neda/Documents/workspace6/DissertationProject/util/Python/models/keras_common/keras_common
6f881f77,/Users/neda/Documents/workspace6/DissertationProject/util/Python/models/keras_common/keras_common@61ec2907@Sun Dec 23 08:13:24 2018 -0800.py,LearningRateBatchScheduler,False,11,6,66,/Users/neda/Documents/workspace6/DissertationProject/util/Python/models/keras_common/keras_common
6f881f77,/Users/neda/Documents/workspace6/DissertationProject/util/Python/models/keras_common/keras_common@d945e99f@Sun Dec 23 17:54:24 2018 -0800.py,TimeHistory,False,12,6,66,/Users/neda/Documents/workspace6/DissertationProject/util/Python/models/keras_common/keras_common
6f881f77,/Users/neda/Documents/workspace6/DissertationProject/util/Python/models/keras_common/keras_common@d945e99f@Sun Dec 23 17:54:24 2018 -0800.py,LearningRateBatchScheduler,False,12,6,66,/Users/neda/Documents/workspace6/DissertationProject/util/Python/models/keras_common/keras_common
6f881f77,/Users/neda/Documents/workspace6/DissertationProject/util/Python/models/keras_common/keras_common@d2937946@Sun Dec 23 18:12:13 2018 -0800.py,TimeHistory,False,13,6,66,/Users/neda/Documents/workspace6/DissertationProject/util/Python/models/keras_common/keras_common
6f881f77,/Users/neda/Documents/workspace6/DissertationProject/util/Python/models/keras_common/keras_common@d2937946@Sun Dec 23 18:12:13 2018 -0800.py,LearningRateBatchScheduler,False,13,6,66,/Users/neda/Documents/workspace6/DissertationProject/util/Python/models/keras_common/keras_common
6f881f77,/Users/neda/Documents/workspace6/DissertationProject/util/Python/models/keras_common/keras_common@fd955c93@Sun Dec 23 18:25:10 2018 -0800.py,TimeHistory,False,14,6,66,/Users/neda/Documents/workspace6/DissertationProject/util/Python/models/keras_common/keras_common
6f881f77,/Users/neda/Documents/workspace6/DissertationProject/util/Python/models/keras_common/keras_common@fd955c93@Sun Dec 23 18:25:10 2018 -0800.py,LearningRateBatchScheduler,False,14,6,66,/Users/neda/Documents/workspace6/DissertationProject/util/Python/models/keras_common/keras_common
6f881f77,/Users/neda/Documents/workspace6/DissertationProject/util/Python/models/keras_common/keras_common@25efe03e@Sun Dec 23 18:30:42 2018 -0800.py,TimeHistory,False,15,6,66,/Users/neda/Documents/workspace6/DissertationProject/util/Python/models/keras_common/keras_common
6f881f77,/Users/neda/Documents/workspace6/DissertationProject/util/Python/models/keras_common/keras_common@25efe03e@Sun Dec 23 18:30:42 2018 -0800.py,LearningRateBatchScheduler,False,15,6,66,/Users/neda/Documents/workspace6/DissertationProject/util/Python/models/keras_common/keras_common
6f881f77,/Users/neda/Documents/workspace6/DissertationProject/util/Python/models/keras_common/keras_common@c868da8b@Tue Dec 25 17:47:47 2018 +0000.py,TimeHistory,False,16,6,66,/Users/neda/Documents/workspace6/DissertationProject/util/Python/models/keras_common/keras_common
6f881f77,/Users/neda/Documents/workspace6/DissertationProject/util/Python/models/keras_common/keras_common@c868da8b@Tue Dec 25 17:47:47 2018 +0000.py,LearningRateBatchScheduler,False,16,6,66,/Users/neda/Documents/workspace6/DissertationProject/util/Python/models/keras_common/keras_common
6f881f77,/Users/neda/Documents/workspace6/DissertationProject/util/Python/models/keras_common/keras_common@2fbba5ff@Thu Jan 3 22:36:28 2019 +0000.py,TimeHistory,False,17,6,66,/Users/neda/Documents/workspace6/DissertationProject/util/Python/models/keras_common/keras_common
6f881f77,/Users/neda/Documents/workspace6/DissertationProject/util/Python/models/keras_common/keras_common@2fbba5ff@Thu Jan 3 22:36:28 2019 +0000.py,LearningRateBatchScheduler,False,17,6,66,/Users/neda/Documents/workspace6/DissertationProject/util/Python/models/keras_common/keras_common
6f881f77,/Users/neda/Documents/workspace6/DissertationProject/util/Python/models/keras_common/keras_common@2fbba5ff@Thu Jan 3 22:36:28 2019 +0000.py,DummyContextManager,False,17,6,66,/Users/neda/Documents/workspace6/DissertationProject/util/Python/models/keras_common/keras_common
6f881f77,/Users/neda/Documents/workspace6/DissertationProject/util/Python/models/keras_common/keras_common@2fd16716@Fri Jan 4 00:12:35 2019 +0000.py,TimeHistory,False,18,6,66,/Users/neda/Documents/workspace6/DissertationProject/util/Python/models/keras_common/keras_common
6f881f77,/Users/neda/Documents/workspace6/DissertationProject/util/Python/models/keras_common/keras_common@2fd16716@Fri Jan 4 00:12:35 2019 +0000.py,LearningRateBatchScheduler,False,18,6,66,/Users/neda/Documents/workspace6/DissertationProject/util/Python/models/keras_common/keras_common
6f881f77,/Users/neda/Documents/workspace6/DissertationProject/util/Python/models/keras_common/keras_common@2fd16716@Fri Jan 4 00:12:35 2019 +0000.py,DummyContextManager,False,18,6,66,/Users/neda/Documents/workspace6/DissertationProject/util/Python/models/keras_common/keras_common
6f881f77,/Users/neda/Documents/workspace6/DissertationProject/util/Python/models/keras_common/keras_common@c49b8b71@Mon Jan 7 11:20:48 2019 -0800.py,TimeHistory,False,19,6,66,/Users/neda/Documents/workspace6/DissertationProject/util/Python/models/keras_common/keras_common
6f881f77,/Users/neda/Documents/workspace6/DissertationProject/util/Python/models/keras_common/keras_common@c49b8b71@Mon Jan 7 11:20:48 2019 -0800.py,LearningRateBatchScheduler,False,19,6,66,/Users/neda/Documents/workspace6/DissertationProject/util/Python/models/keras_common/keras_common
6f881f77,/Users/neda/Documents/workspace6/DissertationProject/util/Python/models/keras_common/keras_common@c49b8b71@Mon Jan 7 11:20:48 2019 -0800.py,DummyContextManager,False,19,6,66,/Users/neda/Documents/workspace6/DissertationProject/util/Python/models/keras_common/keras_common
6f881f77,/Users/neda/Documents/workspace6/DissertationProject/util/Python/models/keras_common/keras_common@ae655521@Thu Jan 10 20:14:46 2019 -0800.py,BatchTimestamp,False,20,6,66,/Users/neda/Documents/workspace6/DissertationProject/util/Python/models/keras_common/keras_common
6f881f77,/Users/neda/Documents/workspace6/DissertationProject/util/Python/models/keras_common/keras_common@ae655521@Thu Jan 10 20:14:46 2019 -0800.py,TimeHistory,False,20,6,66,/Users/neda/Documents/workspace6/DissertationProject/util/Python/models/keras_common/keras_common
6f881f77,/Users/neda/Documents/workspace6/DissertationProject/util/Python/models/keras_common/keras_common@ae655521@Thu Jan 10 20:14:46 2019 -0800.py,LearningRateBatchScheduler,False,20,6,66,/Users/neda/Documents/workspace6/DissertationProject/util/Python/models/keras_common/keras_common
6f881f77,/Users/neda/Documents/workspace6/DissertationProject/util/Python/models/keras_common/keras_common@ae655521@Thu Jan 10 20:14:46 2019 -0800.py,DummyContextManager,False,20,6,66,/Users/neda/Documents/workspace6/DissertationProject/util/Python/models/keras_common/keras_common
6f881f77,/Users/neda/Documents/workspace6/DissertationProject/util/Python/models/keras_common/keras_common@0e05682d@Sat Jan 12 12:57:39 2019 -0800.py,BatchTimestamp,False,21,6,66,/Users/neda/Documents/workspace6/DissertationProject/util/Python/models/keras_common/keras_common
6f881f77,/Users/neda/Documents/workspace6/DissertationProject/util/Python/models/keras_common/keras_common@0e05682d@Sat Jan 12 12:57:39 2019 -0800.py,TimeHistory,False,21,6,66,/Users/neda/Documents/workspace6/DissertationProject/util/Python/models/keras_common/keras_common
6f881f77,/Users/neda/Documents/workspace6/DissertationProject/util/Python/models/keras_common/keras_common@0e05682d@Sat Jan 12 12:57:39 2019 -0800.py,LearningRateBatchScheduler,False,21,6,66,/Users/neda/Documents/workspace6/DissertationProject/util/Python/models/keras_common/keras_common
6f881f77,/Users/neda/Documents/workspace6/DissertationProject/util/Python/models/keras_common/keras_common@0e05682d@Sat Jan 12 12:57:39 2019 -0800.py,DummyContextManager,False,21,6,66,/Users/neda/Documents/workspace6/DissertationProject/util/Python/models/keras_common/keras_common
6f881f77,/Users/neda/Documents/workspace6/DissertationProject/util/Python/models/keras_common/keras_common@a66d4713@Thu Jan 31 16:04:22 2019 -0800.py,BatchTimestamp,False,22,6,66,/Users/neda/Documents/workspace6/DissertationProject/util/Python/models/keras_common/keras_common
6f881f77,/Users/neda/Documents/workspace6/DissertationProject/util/Python/models/keras_common/keras_common@a66d4713@Thu Jan 31 16:04:22 2019 -0800.py,TimeHistory,False,22,6,66,/Users/neda/Documents/workspace6/DissertationProject/util/Python/models/keras_common/keras_common
6f881f77,/Users/neda/Documents/workspace6/DissertationProject/util/Python/models/keras_common/keras_common@a66d4713@Thu Jan 31 16:04:22 2019 -0800.py,LearningRateBatchScheduler,False,22,6,66,/Users/neda/Documents/workspace6/DissertationProject/util/Python/models/keras_common/keras_common
6f881f77,/Users/neda/Documents/workspace6/DissertationProject/util/Python/models/keras_common/keras_common@a66d4713@Thu Jan 31 16:04:22 2019 -0800.py,DummyContextManager,False,22,6,66,/Users/neda/Documents/workspace6/DissertationProject/util/Python/models/keras_common/keras_common
6f881f77,/Users/neda/Documents/workspace6/DissertationProject/util/Python/models/keras_common/keras_common@d6b2b83c@Tue Feb 5 07:54:04 2019 -0800.py,BatchTimestamp,False,23,6,66,/Users/neda/Documents/workspace6/DissertationProject/util/Python/models/keras_common/keras_common
6f881f77,/Users/neda/Documents/workspace6/DissertationProject/util/Python/models/keras_common/keras_common@d6b2b83c@Tue Feb 5 07:54:04 2019 -0800.py,TimeHistory,False,23,6,66,/Users/neda/Documents/workspace6/DissertationProject/util/Python/models/keras_common/keras_common
6f881f77,/Users/neda/Documents/workspace6/DissertationProject/util/Python/models/keras_common/keras_common@d6b2b83c@Tue Feb 5 07:54:04 2019 -0800.py,LearningRateBatchScheduler,False,23,6,66,/Users/neda/Documents/workspace6/DissertationProject/util/Python/models/keras_common/keras_common
6f881f77,/Users/neda/Documents/workspace6/DissertationProject/util/Python/models/keras_common/keras_common@d6b2b83c@Tue Feb 5 07:54:04 2019 -0800.py,DummyContextManager,False,23,6,66,/Users/neda/Documents/workspace6/DissertationProject/util/Python/models/keras_common/keras_common
6f881f77,/Users/neda/Documents/workspace6/DissertationProject/util/Python/models/keras_common/keras_common@57e07520@Wed Feb 6 11:49:24 2019 -0800.py,BatchTimestamp,False,24,6,66,/Users/neda/Documents/workspace6/DissertationProject/util/Python/models/keras_common/keras_common
6f881f77,/Users/neda/Documents/workspace6/DissertationProject/util/Python/models/keras_common/keras_common@57e07520@Wed Feb 6 11:49:24 2019 -0800.py,TimeHistory,False,24,6,66,/Users/neda/Documents/workspace6/DissertationProject/util/Python/models/keras_common/keras_common
6f881f77,/Users/neda/Documents/workspace6/DissertationProject/util/Python/models/keras_common/keras_common@57e07520@Wed Feb 6 11:49:24 2019 -0800.py,LearningRateBatchScheduler,False,24,6,66,/Users/neda/Documents/workspace6/DissertationProject/util/Python/models/keras_common/keras_common
6f881f77,/Users/neda/Documents/workspace6/DissertationProject/util/Python/models/keras_common/keras_common@57e07520@Wed Feb 6 11:49:24 2019 -0800.py,DummyContextManager,False,24,6,66,/Users/neda/Documents/workspace6/DissertationProject/util/Python/models/keras_common/keras_common
6f881f77,/Users/neda/Documents/workspace6/DissertationProject/util/Python/models/keras_common/keras_common@b2c9e3f5@Fri Feb 8 09:20:57 2019 -0800.py,BatchTimestamp,False,25,6,66,/Users/neda/Documents/workspace6/DissertationProject/util/Python/models/keras_common/keras_common
6f881f77,/Users/neda/Documents/workspace6/DissertationProject/util/Python/models/keras_common/keras_common@b2c9e3f5@Fri Feb 8 09:20:57 2019 -0800.py,TimeHistory,False,25,6,66,/Users/neda/Documents/workspace6/DissertationProject/util/Python/models/keras_common/keras_common
6f881f77,/Users/neda/Documents/workspace6/DissertationProject/util/Python/models/keras_common/keras_common@b2c9e3f5@Fri Feb 8 09:20:57 2019 -0800.py,LearningRateBatchScheduler,False,25,6,66,/Users/neda/Documents/workspace6/DissertationProject/util/Python/models/keras_common/keras_common
6f881f77,/Users/neda/Documents/workspace6/DissertationProject/util/Python/models/keras_common/keras_common@b2c9e3f5@Fri Feb 8 09:20:57 2019 -0800.py,DummyContextManager,False,25,6,66,/Users/neda/Documents/workspace6/DissertationProject/util/Python/models/keras_common/keras_common
6f881f77,/Users/neda/Documents/workspace6/DissertationProject/util/Python/models/keras_common/keras_common@05383c7b@Fri Feb 8 17:03:43 2019 -0800.py,BatchTimestamp,False,26,6,66,/Users/neda/Documents/workspace6/DissertationProject/util/Python/models/keras_common/keras_common
6f881f77,/Users/neda/Documents/workspace6/DissertationProject/util/Python/models/keras_common/keras_common@05383c7b@Fri Feb 8 17:03:43 2019 -0800.py,TimeHistory,False,26,6,66,/Users/neda/Documents/workspace6/DissertationProject/util/Python/models/keras_common/keras_common
6f881f77,/Users/neda/Documents/workspace6/DissertationProject/util/Python/models/keras_common/keras_common@05383c7b@Fri Feb 8 17:03:43 2019 -0800.py,LearningRateBatchScheduler,False,26,6,66,/Users/neda/Documents/workspace6/DissertationProject/util/Python/models/keras_common/keras_common
6f881f77,/Users/neda/Documents/workspace6/DissertationProject/util/Python/models/keras_common/keras_common@05383c7b@Fri Feb 8 17:03:43 2019 -0800.py,DummyContextManager,False,26,6,66,/Users/neda/Documents/workspace6/DissertationProject/util/Python/models/keras_common/keras_common
6f881f77,/Users/neda/Documents/workspace6/DissertationProject/util/Python/models/keras_common/keras_common@e334f3e2@Wed Feb 13 15:45:20 2019 -0800.py,BatchTimestamp,False,27,6,66,/Users/neda/Documents/workspace6/DissertationProject/util/Python/models/keras_common/keras_common
6f881f77,/Users/neda/Documents/workspace6/DissertationProject/util/Python/models/keras_common/keras_common@e334f3e2@Wed Feb 13 15:45:20 2019 -0800.py,TimeHistory,False,27,6,66,/Users/neda/Documents/workspace6/DissertationProject/util/Python/models/keras_common/keras_common
6f881f77,/Users/neda/Documents/workspace6/DissertationProject/util/Python/models/keras_common/keras_common@e334f3e2@Wed Feb 13 15:45:20 2019 -0800.py,LearningRateBatchScheduler,False,27,6,66,/Users/neda/Documents/workspace6/DissertationProject/util/Python/models/keras_common/keras_common
6f881f77,/Users/neda/Documents/workspace6/DissertationProject/util/Python/models/keras_common/keras_common@e334f3e2@Wed Feb 13 15:45:20 2019 -0800.py,DummyContextManager,False,27,6,66,/Users/neda/Documents/workspace6/DissertationProject/util/Python/models/keras_common/keras_common
6f881f77,/Users/neda/Documents/workspace6/DissertationProject/util/Python/models/keras_common/keras_common@4571d3fa@Thu Feb 21 08:34:18 2019 -0800.py,BatchTimestamp,False,28,6,66,/Users/neda/Documents/workspace6/DissertationProject/util/Python/models/keras_common/keras_common
6f881f77,/Users/neda/Documents/workspace6/DissertationProject/util/Python/models/keras_common/keras_common@4571d3fa@Thu Feb 21 08:34:18 2019 -0800.py,TimeHistory,False,28,6,66,/Users/neda/Documents/workspace6/DissertationProject/util/Python/models/keras_common/keras_common
6f881f77,/Users/neda/Documents/workspace6/DissertationProject/util/Python/models/keras_common/keras_common@4571d3fa@Thu Feb 21 08:34:18 2019 -0800.py,LearningRateBatchScheduler,False,28,6,66,/Users/neda/Documents/workspace6/DissertationProject/util/Python/models/keras_common/keras_common
6f881f77,/Users/neda/Documents/workspace6/DissertationProject/util/Python/models/keras_common/keras_common@4571d3fa@Thu Feb 21 08:34:18 2019 -0800.py,DummyContextManager,False,28,6,66,/Users/neda/Documents/workspace6/DissertationProject/util/Python/models/keras_common/keras_common
6f881f77,/Users/neda/Documents/workspace6/DissertationProject/util/Python/models/keras_common/keras_common@fa9ed456@Fri Mar 1 11:07:23 2019 -0800.py,BatchTimestamp,False,29,6,66,/Users/neda/Documents/workspace6/DissertationProject/util/Python/models/keras_common/keras_common
6f881f77,/Users/neda/Documents/workspace6/DissertationProject/util/Python/models/keras_common/keras_common@fa9ed456@Fri Mar 1 11:07:23 2019 -0800.py,TimeHistory,False,29,6,66,/Users/neda/Documents/workspace6/DissertationProject/util/Python/models/keras_common/keras_common
6f881f77,/Users/neda/Documents/workspace6/DissertationProject/util/Python/models/keras_common/keras_common@fa9ed456@Fri Mar 1 11:07:23 2019 -0800.py,LearningRateBatchScheduler,False,29,6,66,/Users/neda/Documents/workspace6/DissertationProject/util/Python/models/keras_common/keras_common
6f881f77,/Users/neda/Documents/workspace6/DissertationProject/util/Python/models/keras_common/keras_common@fa9ed456@Fri Mar 1 11:07:23 2019 -0800.py,DummyContextManager,False,29,6,66,/Users/neda/Documents/workspace6/DissertationProject/util/Python/models/keras_common/keras_common
6f881f77,/Users/neda/Documents/workspace6/DissertationProject/util/Python/models/keras_common/keras_common@dba24007@Tue Mar 19 16:33:41 2019 -0700.py,BatchTimestamp,False,30,6,66,/Users/neda/Documents/workspace6/DissertationProject/util/Python/models/keras_common/keras_common
6f881f77,/Users/neda/Documents/workspace6/DissertationProject/util/Python/models/keras_common/keras_common@dba24007@Tue Mar 19 16:33:41 2019 -0700.py,TimeHistory,False,30,6,66,/Users/neda/Documents/workspace6/DissertationProject/util/Python/models/keras_common/keras_common
6f881f77,/Users/neda/Documents/workspace6/DissertationProject/util/Python/models/keras_common/keras_common@dba24007@Tue Mar 19 16:33:41 2019 -0700.py,LearningRateBatchScheduler,False,30,6,66,/Users/neda/Documents/workspace6/DissertationProject/util/Python/models/keras_common/keras_common
6f881f77,/Users/neda/Documents/workspace6/DissertationProject/util/Python/models/keras_common/keras_common@dba24007@Tue Mar 19 16:33:41 2019 -0700.py,DummyContextManager,False,30,6,66,/Users/neda/Documents/workspace6/DissertationProject/util/Python/models/keras_common/keras_common
6f881f77,/Users/neda/Documents/workspace6/DissertationProject/util/Python/models/keras_common/keras_common@7b5606a5@Tue Mar 19 17:42:14 2019 -0700.py,BatchTimestamp,False,31,6,66,/Users/neda/Documents/workspace6/DissertationProject/util/Python/models/keras_common/keras_common
6f881f77,/Users/neda/Documents/workspace6/DissertationProject/util/Python/models/keras_common/keras_common@7b5606a5@Tue Mar 19 17:42:14 2019 -0700.py,TimeHistory,False,31,6,66,/Users/neda/Documents/workspace6/DissertationProject/util/Python/models/keras_common/keras_common
6f881f77,/Users/neda/Documents/workspace6/DissertationProject/util/Python/models/keras_common/keras_common@7b5606a5@Tue Mar 19 17:42:14 2019 -0700.py,LearningRateBatchScheduler,False,31,6,66,/Users/neda/Documents/workspace6/DissertationProject/util/Python/models/keras_common/keras_common
6f881f77,/Users/neda/Documents/workspace6/DissertationProject/util/Python/models/keras_common/keras_common@7b5606a5@Tue Mar 19 17:42:14 2019 -0700.py,DummyContextManager,False,31,6,66,/Users/neda/Documents/workspace6/DissertationProject/util/Python/models/keras_common/keras_common
6f881f77,/Users/neda/Documents/workspace6/DissertationProject/util/Python/models/keras_common/keras_common@8d5d36e0@Fri Mar 22 16:06:56 2019 -0700.py,BatchTimestamp,False,32,6,66,/Users/neda/Documents/workspace6/DissertationProject/util/Python/models/keras_common/keras_common
6f881f77,/Users/neda/Documents/workspace6/DissertationProject/util/Python/models/keras_common/keras_common@8d5d36e0@Fri Mar 22 16:06:56 2019 -0700.py,TimeHistory,False,32,6,66,/Users/neda/Documents/workspace6/DissertationProject/util/Python/models/keras_common/keras_common
6f881f77,/Users/neda/Documents/workspace6/DissertationProject/util/Python/models/keras_common/keras_common@8d5d36e0@Fri Mar 22 16:06:56 2019 -0700.py,LearningRateBatchScheduler,False,32,6,66,/Users/neda/Documents/workspace6/DissertationProject/util/Python/models/keras_common/keras_common
6f881f77,/Users/neda/Documents/workspace6/DissertationProject/util/Python/models/keras_common/keras_common@8d5d36e0@Fri Mar 22 16:06:56 2019 -0700.py,DummyContextManager,False,32,6,66,/Users/neda/Documents/workspace6/DissertationProject/util/Python/models/keras_common/keras_common
6f881f77,/Users/neda/Documents/workspace6/DissertationProject/util/Python/models/keras_common/keras_common@b09685fe@Wed Mar 27 17:38:46 2019 -0700.py,BatchTimestamp,False,33,6,66,/Users/neda/Documents/workspace6/DissertationProject/util/Python/models/keras_common/keras_common
6f881f77,/Users/neda/Documents/workspace6/DissertationProject/util/Python/models/keras_common/keras_common@b09685fe@Wed Mar 27 17:38:46 2019 -0700.py,TimeHistory,False,33,6,66,/Users/neda/Documents/workspace6/DissertationProject/util/Python/models/keras_common/keras_common
6f881f77,/Users/neda/Documents/workspace6/DissertationProject/util/Python/models/keras_common/keras_common@b09685fe@Wed Mar 27 17:38:46 2019 -0700.py,LearningRateBatchScheduler,False,33,6,66,/Users/neda/Documents/workspace6/DissertationProject/util/Python/models/keras_common/keras_common
6f881f77,/Users/neda/Documents/workspace6/DissertationProject/util/Python/models/keras_common/keras_common@b09685fe@Wed Mar 27 17:38:46 2019 -0700.py,DummyContextManager,False,33,6,66,/Users/neda/Documents/workspace6/DissertationProject/util/Python/models/keras_common/keras_common
6f881f77,/Users/neda/Documents/workspace6/DissertationProject/util/Python/models/keras_common/keras_common@4c11b84b@Thu Mar 28 14:38:45 2019 -0700.py,LearningRateBatchScheduler,False,34,6,66,/Users/neda/Documents/workspace6/DissertationProject/util/Python/models/keras_common/keras_common
6f881f77,/Users/neda/Documents/workspace6/DissertationProject/util/Python/models/keras_common/keras_common@4c11b84b@Thu Mar 28 14:38:45 2019 -0700.py,DummyContextManager,False,34,6,66,/Users/neda/Documents/workspace6/DissertationProject/util/Python/models/keras_common/keras_common
6f881f77,/Users/neda/Documents/workspace6/DissertationProject/util/Python/models/keras_common/keras_common@e66575c7@Fri Mar 29 21:29:30 2019 -0700.py,LearningRateBatchScheduler,False,35,6,66,/Users/neda/Documents/workspace6/DissertationProject/util/Python/models/keras_common/keras_common
6f881f77,/Users/neda/Documents/workspace6/DissertationProject/util/Python/models/keras_common/keras_common@e66575c7@Fri Mar 29 21:29:30 2019 -0700.py,DummyContextManager,False,35,6,66,/Users/neda/Documents/workspace6/DissertationProject/util/Python/models/keras_common/keras_common
6f881f77,/Users/neda/Documents/workspace6/DissertationProject/util/Python/models/keras_common/keras_common@371645fc@Tue Apr 2 15:24:28 2019 -0700.py,LearningRateBatchScheduler,False,36,6,66,/Users/neda/Documents/workspace6/DissertationProject/util/Python/models/keras_common/keras_common
6f881f77,/Users/neda/Documents/workspace6/DissertationProject/util/Python/models/keras_common/keras_common@371645fc@Tue Apr 2 15:24:28 2019 -0700.py,DummyContextManager,False,36,6,66,/Users/neda/Documents/workspace6/DissertationProject/util/Python/models/keras_common/keras_common
6f881f77,/Users/neda/Documents/workspace6/DissertationProject/util/Python/models/keras_common/keras_common@154d3ffa@Tue Apr 2 17:55:01 2019 -0700.py,LearningRateBatchScheduler,False,37,6,66,/Users/neda/Documents/workspace6/DissertationProject/util/Python/models/keras_common/keras_common
6f881f77,/Users/neda/Documents/workspace6/DissertationProject/util/Python/models/keras_common/keras_common@154d3ffa@Tue Apr 2 17:55:01 2019 -0700.py,DummyContextManager,False,37,6,66,/Users/neda/Documents/workspace6/DissertationProject/util/Python/models/keras_common/keras_common
6f881f77,/Users/neda/Documents/workspace6/DissertationProject/util/Python/models/keras_common/keras_common@cc9eef76@Wed Apr 3 09:42:11 2019 -0700.py,LearningRateBatchScheduler,False,38,6,66,/Users/neda/Documents/workspace6/DissertationProject/util/Python/models/keras_common/keras_common
6f881f77,/Users/neda/Documents/workspace6/DissertationProject/util/Python/models/keras_common/keras_common@cc9eef76@Wed Apr 3 09:42:11 2019 -0700.py,DummyContextManager,False,38,6,66,/Users/neda/Documents/workspace6/DissertationProject/util/Python/models/keras_common/keras_common
6f881f77,/Users/neda/Documents/workspace6/DissertationProject/util/Python/models/keras_common/keras_common@ece8deb6@Thu Apr 4 10:13:12 2019 -0700.py,LearningRateBatchScheduler,False,39,6,66,/Users/neda/Documents/workspace6/DissertationProject/util/Python/models/keras_common/keras_common
6f881f77,/Users/neda/Documents/workspace6/DissertationProject/util/Python/models/keras_common/keras_common@ece8deb6@Thu Apr 4 10:13:12 2019 -0700.py,DummyContextManager,False,39,6,66,/Users/neda/Documents/workspace6/DissertationProject/util/Python/models/keras_common/keras_common
6f881f77,/Users/neda/Documents/workspace6/DissertationProject/util/Python/models/keras_common/keras_common@3f94db4e@Thu Apr 4 17:22:37 2019 -0700.py,LearningRateBatchScheduler,False,40,6,66,/Users/neda/Documents/workspace6/DissertationProject/util/Python/models/keras_common/keras_common
6f881f77,/Users/neda/Documents/workspace6/DissertationProject/util/Python/models/keras_common/keras_common@3f94db4e@Thu Apr 4 17:22:37 2019 -0700.py,ProfilerCallback,False,40,6,66,/Users/neda/Documents/workspace6/DissertationProject/util/Python/models/keras_common/keras_common
6f881f77,/Users/neda/Documents/workspace6/DissertationProject/util/Python/models/keras_common/keras_common@3f94db4e@Thu Apr 4 17:22:37 2019 -0700.py,DummyContextManager,False,40,6,66,/Users/neda/Documents/workspace6/DissertationProject/util/Python/models/keras_common/keras_common
6f881f77,/Users/neda/Documents/workspace6/DissertationProject/util/Python/models/keras_common/keras_common@1255d5b9@Mon Apr 8 15:41:42 2019 -0700.py,LearningRateBatchScheduler,False,41,6,66,/Users/neda/Documents/workspace6/DissertationProject/util/Python/models/keras_common/keras_common
6f881f77,/Users/neda/Documents/workspace6/DissertationProject/util/Python/models/keras_common/keras_common@1255d5b9@Mon Apr 8 15:41:42 2019 -0700.py,ProfilerCallback,False,41,6,66,/Users/neda/Documents/workspace6/DissertationProject/util/Python/models/keras_common/keras_common
6f881f77,/Users/neda/Documents/workspace6/DissertationProject/util/Python/models/keras_common/keras_common@e08b6286@Wed Apr 10 21:04:10 2019 -0700.py,LearningRateBatchScheduler,False,42,6,66,/Users/neda/Documents/workspace6/DissertationProject/util/Python/models/keras_common/keras_common
6f881f77,/Users/neda/Documents/workspace6/DissertationProject/util/Python/models/keras_common/keras_common@e08b6286@Wed Apr 10 21:04:10 2019 -0700.py,ProfilerCallback,False,42,6,66,/Users/neda/Documents/workspace6/DissertationProject/util/Python/models/keras_common/keras_common
6f881f77,/Users/neda/Documents/workspace6/DissertationProject/util/Python/models/keras_common/keras_common@50dfb31d@Tue Apr 23 17:55:53 2019 -0700.py,LearningRateBatchScheduler,False,43,6,66,/Users/neda/Documents/workspace6/DissertationProject/util/Python/models/keras_common/keras_common
6f881f77,/Users/neda/Documents/workspace6/DissertationProject/util/Python/models/keras_common/keras_common@50dfb31d@Tue Apr 23 17:55:53 2019 -0700.py,ProfilerCallback,False,43,6,66,/Users/neda/Documents/workspace6/DissertationProject/util/Python/models/keras_common/keras_common
6f881f77,/Users/neda/Documents/workspace6/DissertationProject/util/Python/models/keras_common/keras_common@af47736d@Mon Apr 29 10:18:02 2019 -0700.py,LearningRateBatchScheduler,False,44,6,66,/Users/neda/Documents/workspace6/DissertationProject/util/Python/models/keras_common/keras_common
6f881f77,/Users/neda/Documents/workspace6/DissertationProject/util/Python/models/keras_common/keras_common@af47736d@Mon Apr 29 10:18:02 2019 -0700.py,ProfilerCallback,False,44,6,66,/Users/neda/Documents/workspace6/DissertationProject/util/Python/models/keras_common/keras_common
6f881f77,/Users/neda/Documents/workspace6/DissertationProject/util/Python/models/keras_common/keras_common@58deb059@Fri May 3 17:00:36 2019 -0700.py,LearningRateBatchScheduler,False,45,6,66,/Users/neda/Documents/workspace6/DissertationProject/util/Python/models/keras_common/keras_common
6f881f77,/Users/neda/Documents/workspace6/DissertationProject/util/Python/models/keras_common/keras_common@58deb059@Fri May 3 17:00:36 2019 -0700.py,ProfilerCallback,False,45,6,66,/Users/neda/Documents/workspace6/DissertationProject/util/Python/models/keras_common/keras_common
6f881f77,/Users/neda/Documents/workspace6/DissertationProject/util/Python/models/keras_common/keras_common@a182abc1@Mon May 6 09:02:50 2019 -0700.py,LearningRateBatchScheduler,False,46,6,66,/Users/neda/Documents/workspace6/DissertationProject/util/Python/models/keras_common/keras_common
6f881f77,/Users/neda/Documents/workspace6/DissertationProject/util/Python/models/keras_common/keras_common@a182abc1@Mon May 6 09:02:50 2019 -0700.py,ProfilerCallback,False,46,6,66,/Users/neda/Documents/workspace6/DissertationProject/util/Python/models/keras_common/keras_common
6f881f77,/Users/neda/Documents/workspace6/DissertationProject/util/Python/models/keras_common/keras_common@9d38e894@Thu May 9 14:11:27 2019 -0700.py,LearningRateBatchScheduler,False,47,6,66,/Users/neda/Documents/workspace6/DissertationProject/util/Python/models/keras_common/keras_common
6f881f77,/Users/neda/Documents/workspace6/DissertationProject/util/Python/models/keras_common/keras_common@9d38e894@Thu May 9 14:11:27 2019 -0700.py,PiecewiseConstantDecayWithWarmup,False,47,6,66,/Users/neda/Documents/workspace6/DissertationProject/util/Python/models/keras_common/keras_common
6f881f77,/Users/neda/Documents/workspace6/DissertationProject/util/Python/models/keras_common/keras_common@9d38e894@Thu May 9 14:11:27 2019 -0700.py,ProfilerCallback,False,47,6,66,/Users/neda/Documents/workspace6/DissertationProject/util/Python/models/keras_common/keras_common
6f881f77,/Users/neda/Documents/workspace6/DissertationProject/util/Python/models/keras_common/keras_common@bae940dc@Fri May 10 07:57:09 2019 -0700.py,LearningRateBatchScheduler,False,48,6,66,/Users/neda/Documents/workspace6/DissertationProject/util/Python/models/keras_common/keras_common
6f881f77,/Users/neda/Documents/workspace6/DissertationProject/util/Python/models/keras_common/keras_common@bae940dc@Fri May 10 07:57:09 2019 -0700.py,PiecewiseConstantDecayWithWarmup,False,48,6,66,/Users/neda/Documents/workspace6/DissertationProject/util/Python/models/keras_common/keras_common
6f881f77,/Users/neda/Documents/workspace6/DissertationProject/util/Python/models/keras_common/keras_common@bae940dc@Fri May 10 07:57:09 2019 -0700.py,ProfilerCallback,False,48,6,66,/Users/neda/Documents/workspace6/DissertationProject/util/Python/models/keras_common/keras_common
6f881f77,/Users/neda/Documents/workspace6/DissertationProject/util/Python/models/keras_common/keras_common@cfa37aab@Fri May 10 09:37:11 2019 -0700.py,LearningRateBatchScheduler,False,49,6,66,/Users/neda/Documents/workspace6/DissertationProject/util/Python/models/keras_common/keras_common
6f881f77,/Users/neda/Documents/workspace6/DissertationProject/util/Python/models/keras_common/keras_common@cfa37aab@Fri May 10 09:37:11 2019 -0700.py,PiecewiseConstantDecayWithWarmup,False,49,6,66,/Users/neda/Documents/workspace6/DissertationProject/util/Python/models/keras_common/keras_common
6f881f77,/Users/neda/Documents/workspace6/DissertationProject/util/Python/models/keras_common/keras_common@cfa37aab@Fri May 10 09:37:11 2019 -0700.py,ProfilerCallback,False,49,6,66,/Users/neda/Documents/workspace6/DissertationProject/util/Python/models/keras_common/keras_common
6f881f77,/Users/neda/Documents/workspace6/DissertationProject/util/Python/models/keras_common/keras_common@6aa6bac5@Wed May 15 12:00:04 2019 -0700.py,LearningRateBatchScheduler,False,50,6,66,/Users/neda/Documents/workspace6/DissertationProject/util/Python/models/keras_common/keras_common
6f881f77,/Users/neda/Documents/workspace6/DissertationProject/util/Python/models/keras_common/keras_common@6aa6bac5@Wed May 15 12:00:04 2019 -0700.py,PiecewiseConstantDecayWithWarmup,False,50,6,66,/Users/neda/Documents/workspace6/DissertationProject/util/Python/models/keras_common/keras_common
6f881f77,/Users/neda/Documents/workspace6/DissertationProject/util/Python/models/keras_common/keras_common@6aa6bac5@Wed May 15 12:00:04 2019 -0700.py,ProfilerCallback,False,50,6,66,/Users/neda/Documents/workspace6/DissertationProject/util/Python/models/keras_common/keras_common
6f881f77,/Users/neda/Documents/workspace6/DissertationProject/util/Python/models/keras_common/keras_common@2d4cfad0@Wed May 15 13:02:27 2019 -0700.py,LearningRateBatchScheduler,False,51,6,66,/Users/neda/Documents/workspace6/DissertationProject/util/Python/models/keras_common/keras_common
6f881f77,/Users/neda/Documents/workspace6/DissertationProject/util/Python/models/keras_common/keras_common@2d4cfad0@Wed May 15 13:02:27 2019 -0700.py,PiecewiseConstantDecayWithWarmup,False,51,6,66,/Users/neda/Documents/workspace6/DissertationProject/util/Python/models/keras_common/keras_common
6f881f77,/Users/neda/Documents/workspace6/DissertationProject/util/Python/models/keras_common/keras_common@2d4cfad0@Wed May 15 13:02:27 2019 -0700.py,ProfilerCallback,False,51,6,66,/Users/neda/Documents/workspace6/DissertationProject/util/Python/models/keras_common/keras_common
6f881f77,/Users/neda/Documents/workspace6/DissertationProject/util/Python/models/keras_common/keras_common@272a2baa@Wed May 22 21:34:11 2019 -0700.py,LearningRateBatchScheduler,False,52,6,66,/Users/neda/Documents/workspace6/DissertationProject/util/Python/models/keras_common/keras_common
6f881f77,/Users/neda/Documents/workspace6/DissertationProject/util/Python/models/keras_common/keras_common@272a2baa@Wed May 22 21:34:11 2019 -0700.py,PiecewiseConstantDecayWithWarmup,False,52,6,66,/Users/neda/Documents/workspace6/DissertationProject/util/Python/models/keras_common/keras_common
6f881f77,/Users/neda/Documents/workspace6/DissertationProject/util/Python/models/keras_common/keras_common@272a2baa@Wed May 22 21:34:11 2019 -0700.py,ProfilerCallback,False,52,6,66,/Users/neda/Documents/workspace6/DissertationProject/util/Python/models/keras_common/keras_common
6f881f77,/Users/neda/Documents/workspace6/DissertationProject/util/Python/models/keras_common/keras_common@3254cabb@Fri May 24 07:15:51 2019 -0700.py,LearningRateBatchScheduler,False,53,6,66,/Users/neda/Documents/workspace6/DissertationProject/util/Python/models/keras_common/keras_common
6f881f77,/Users/neda/Documents/workspace6/DissertationProject/util/Python/models/keras_common/keras_common@3254cabb@Fri May 24 07:15:51 2019 -0700.py,PiecewiseConstantDecayWithWarmup,False,53,6,66,/Users/neda/Documents/workspace6/DissertationProject/util/Python/models/keras_common/keras_common
6f881f77,/Users/neda/Documents/workspace6/DissertationProject/util/Python/models/keras_common/keras_common@1d16f473@Tue May 28 15:01:44 2019 -0700.py,LearningRateBatchScheduler,False,54,6,66,/Users/neda/Documents/workspace6/DissertationProject/util/Python/models/keras_common/keras_common
6f881f77,/Users/neda/Documents/workspace6/DissertationProject/util/Python/models/keras_common/keras_common@1d16f473@Tue May 28 15:01:44 2019 -0700.py,PiecewiseConstantDecayWithWarmup,False,54,6,66,/Users/neda/Documents/workspace6/DissertationProject/util/Python/models/keras_common/keras_common
6f881f77,/Users/neda/Documents/workspace6/DissertationProject/util/Python/models/keras_common/keras_common@f6c2d9f8@Thu May 30 17:05:13 2019 -0700.py,LearningRateBatchScheduler,False,55,6,66,/Users/neda/Documents/workspace6/DissertationProject/util/Python/models/keras_common/keras_common
6f881f77,/Users/neda/Documents/workspace6/DissertationProject/util/Python/models/keras_common/keras_common@f6c2d9f8@Thu May 30 17:05:13 2019 -0700.py,PiecewiseConstantDecayWithWarmup,False,55,6,66,/Users/neda/Documents/workspace6/DissertationProject/util/Python/models/keras_common/keras_common
6f881f77,/Users/neda/Documents/workspace6/DissertationProject/util/Python/models/keras_common/keras_common@ab53cb74@Fri May 31 11:53:58 2019 -0700.py,LearningRateBatchScheduler,False,56,6,66,/Users/neda/Documents/workspace6/DissertationProject/util/Python/models/keras_common/keras_common
6f881f77,/Users/neda/Documents/workspace6/DissertationProject/util/Python/models/keras_common/keras_common@ab53cb74@Fri May 31 11:53:58 2019 -0700.py,PiecewiseConstantDecayWithWarmup,False,56,6,66,/Users/neda/Documents/workspace6/DissertationProject/util/Python/models/keras_common/keras_common
6f881f77,/Users/neda/Documents/workspace6/DissertationProject/util/Python/models/keras_common/keras_common@097c8051@Fri Jun 14 10:09:34 2019 -0700.py,LearningRateBatchScheduler,False,57,6,66,/Users/neda/Documents/workspace6/DissertationProject/util/Python/models/keras_common/keras_common
6f881f77,/Users/neda/Documents/workspace6/DissertationProject/util/Python/models/keras_common/keras_common@097c8051@Fri Jun 14 10:09:34 2019 -0700.py,PiecewiseConstantDecayWithWarmup,False,57,6,66,/Users/neda/Documents/workspace6/DissertationProject/util/Python/models/keras_common/keras_common
6f881f77,/Users/neda/Documents/workspace6/DissertationProject/util/Python/models/keras_common/keras_common@269581dc@Wed Jun 19 13:48:55 2019 -0700.py,LearningRateBatchScheduler,False,58,6,66,/Users/neda/Documents/workspace6/DissertationProject/util/Python/models/keras_common/keras_common
6f881f77,/Users/neda/Documents/workspace6/DissertationProject/util/Python/models/keras_common/keras_common@269581dc@Wed Jun 19 13:48:55 2019 -0700.py,PiecewiseConstantDecayWithWarmup,False,58,6,66,/Users/neda/Documents/workspace6/DissertationProject/util/Python/models/keras_common/keras_common
6f881f77,/Users/neda/Documents/workspace6/DissertationProject/util/Python/models/keras_common/keras_common@cf3c2407@Thu Jun 20 10:54:58 2019 -0700.py,LearningRateBatchScheduler,False,59,6,66,/Users/neda/Documents/workspace6/DissertationProject/util/Python/models/keras_common/keras_common
6f881f77,/Users/neda/Documents/workspace6/DissertationProject/util/Python/models/keras_common/keras_common@cf3c2407@Thu Jun 20 10:54:58 2019 -0700.py,PiecewiseConstantDecayWithWarmup,False,59,6,66,/Users/neda/Documents/workspace6/DissertationProject/util/Python/models/keras_common/keras_common
6f881f77,/Users/neda/Documents/workspace6/DissertationProject/util/Python/models/keras_common/keras_common@a68f65f8@Fri Jun 21 07:22:10 2019 -0700.py,LearningRateBatchScheduler,False,60,6,66,/Users/neda/Documents/workspace6/DissertationProject/util/Python/models/keras_common/keras_common
6f881f77,/Users/neda/Documents/workspace6/DissertationProject/util/Python/models/keras_common/keras_common@a68f65f8@Fri Jun 21 07:22:10 2019 -0700.py,PiecewiseConstantDecayWithWarmup,False,60,6,66,/Users/neda/Documents/workspace6/DissertationProject/util/Python/models/keras_common/keras_common
6f881f77,/Users/neda/Documents/workspace6/DissertationProject/util/Python/models/keras_common/keras_common@6f47c378@Fri Jul 19 13:51:19 2019 -0700.py,LearningRateBatchScheduler,False,61,6,66,/Users/neda/Documents/workspace6/DissertationProject/util/Python/models/keras_common/keras_common
6f881f77,/Users/neda/Documents/workspace6/DissertationProject/util/Python/models/keras_common/keras_common@6f47c378@Fri Jul 19 13:51:19 2019 -0700.py,PiecewiseConstantDecayWithWarmup,False,61,6,66,/Users/neda/Documents/workspace6/DissertationProject/util/Python/models/keras_common/keras_common
6f881f77,/Users/neda/Documents/workspace6/DissertationProject/util/Python/models/keras_common/keras_common@9d8c9aa4@Tue Jul 23 16:27:23 2019 -0700.py,LearningRateBatchScheduler,False,62,6,66,/Users/neda/Documents/workspace6/DissertationProject/util/Python/models/keras_common/keras_common
6f881f77,/Users/neda/Documents/workspace6/DissertationProject/util/Python/models/keras_common/keras_common@9d8c9aa4@Tue Jul 23 16:27:23 2019 -0700.py,PiecewiseConstantDecayWithWarmup,False,62,6,66,/Users/neda/Documents/workspace6/DissertationProject/util/Python/models/keras_common/keras_common
6f881f77,/Users/neda/Documents/workspace6/DissertationProject/util/Python/models/keras_common/keras_common@6545cb3c@Mon Aug 5 14:40:37 2019 -0700.py,LearningRateBatchScheduler,False,63,6,66,/Users/neda/Documents/workspace6/DissertationProject/util/Python/models/keras_common/keras_common
6f881f77,/Users/neda/Documents/workspace6/DissertationProject/util/Python/models/keras_common/keras_common@6545cb3c@Mon Aug 5 14:40:37 2019 -0700.py,PiecewiseConstantDecayWithWarmup,False,63,6,66,/Users/neda/Documents/workspace6/DissertationProject/util/Python/models/keras_common/keras_common
6f881f77,/Users/neda/Documents/workspace6/DissertationProject/util/Python/models/keras_common/keras_common@63d84bff@Fri Aug 9 07:28:29 2019 +0000.py,LearningRateBatchScheduler,False,64,6,66,/Users/neda/Documents/workspace6/DissertationProject/util/Python/models/keras_common/keras_common
6f881f77,/Users/neda/Documents/workspace6/DissertationProject/util/Python/models/keras_common/keras_common@63d84bff@Fri Aug 9 07:28:29 2019 +0000.py,PiecewiseConstantDecayWithWarmup,False,64,6,66,/Users/neda/Documents/workspace6/DissertationProject/util/Python/models/keras_common/keras_common
6f881f77,/Users/neda/Documents/workspace6/DissertationProject/util/Python/models/keras_common/keras_common@ff6c3b1e@Fri Aug 16 12:36:28 2019 -0700.py,LearningRateBatchScheduler,False,65,6,66,/Users/neda/Documents/workspace6/DissertationProject/util/Python/models/keras_common/keras_common
6f881f77,/Users/neda/Documents/workspace6/DissertationProject/util/Python/models/keras_common/keras_common@ff6c3b1e@Fri Aug 16 12:36:28 2019 -0700.py,PiecewiseConstantDecayWithWarmup,False,65,6,66,/Users/neda/Documents/workspace6/DissertationProject/util/Python/models/keras_common/keras_common
848cc592,/Users/neda/Documents/workspace6/DissertationProject/util/Python/models/model_voxel_generation/model_voxel_generation@848cc592@Sat Jan 20 15:03:04 2018 +0100.py,Im2Vox,False,0,0,1,/Users/neda/Documents/workspace6/DissertationProject/util/Python/models/model_voxel_generation/model_voxel_generation
848cc592,/Users/neda/Documents/workspace6/DissertationProject/util/Python/models/config_lib/config_lib@848cc592@Sat Jan 20 15:03:04 2018 +0100.py,Config,False,0,0,1,/Users/neda/Documents/workspace6/DissertationProject/util/Python/models/config_lib/config_lib
848cc592,/Users/neda/Documents/workspace6/DissertationProject/util/Python/models/config_lib/config_lib@848cc592@Sat Jan 20 15:03:04 2018 +0100.py,OneOf,False,0,0,1,/Users/neda/Documents/workspace6/DissertationProject/util/Python/models/config_lib/config_lib
848cc592,/Users/neda/Documents/workspace6/DissertationProject/util/Python/models/per_example_gradients/per_example_gradients@052e5e8b@Thu Feb 23 14:30:07 2017 -0800.py,PXGRegistry,False,0,1,2,/Users/neda/Documents/workspace6/DissertationProject/util/Python/models/per_example_gradients/per_example_gradients
848cc592,/Users/neda/Documents/workspace6/DissertationProject/util/Python/models/per_example_gradients/per_example_gradients@052e5e8b@Thu Feb 23 14:30:07 2017 -0800.py,MatMulPXG,False,0,1,2,/Users/neda/Documents/workspace6/DissertationProject/util/Python/models/per_example_gradients/per_example_gradients
848cc592,/Users/neda/Documents/workspace6/DissertationProject/util/Python/models/per_example_gradients/per_example_gradients@052e5e8b@Thu Feb 23 14:30:07 2017 -0800.py,Conv2DPXG,False,0,1,2,/Users/neda/Documents/workspace6/DissertationProject/util/Python/models/per_example_gradients/per_example_gradients
848cc592,/Users/neda/Documents/workspace6/DissertationProject/util/Python/models/per_example_gradients/per_example_gradients@052e5e8b@Thu Feb 23 14:30:07 2017 -0800.py,AddPXG,False,0,1,2,/Users/neda/Documents/workspace6/DissertationProject/util/Python/models/per_example_gradients/per_example_gradients
848cc592,/Users/neda/Documents/workspace6/DissertationProject/util/Python/models/per_example_gradients/per_example_gradients@848cc592@Sat Jan 20 15:03:04 2018 +0100.py,PXGRegistry,False,1,1,2,/Users/neda/Documents/workspace6/DissertationProject/util/Python/models/per_example_gradients/per_example_gradients
848cc592,/Users/neda/Documents/workspace6/DissertationProject/util/Python/models/per_example_gradients/per_example_gradients@848cc592@Sat Jan 20 15:03:04 2018 +0100.py,MatMulPXG,False,1,1,2,/Users/neda/Documents/workspace6/DissertationProject/util/Python/models/per_example_gradients/per_example_gradients
848cc592,/Users/neda/Documents/workspace6/DissertationProject/util/Python/models/per_example_gradients/per_example_gradients@848cc592@Sat Jan 20 15:03:04 2018 +0100.py,Conv2DPXG,False,1,1,2,/Users/neda/Documents/workspace6/DissertationProject/util/Python/models/per_example_gradients/per_example_gradients
848cc592,/Users/neda/Documents/workspace6/DissertationProject/util/Python/models/per_example_gradients/per_example_gradients@848cc592@Sat Jan 20 15:03:04 2018 +0100.py,AddPXG,False,1,1,2,/Users/neda/Documents/workspace6/DissertationProject/util/Python/models/per_example_gradients/per_example_gradients
848cc592,/Users/neda/Documents/workspace6/DissertationProject/util/Python/models/data_utils/data_utils@b5afddbe@Thu Jun 8 12:50:41 2017 -0700.py,ShufflingTFRecordWriter,False,11,12,28,/Users/neda/Documents/workspace6/DissertationProject/util/Python/models/data_utils/data_utils
848cc592,/Users/neda/Documents/workspace6/DissertationProject/util/Python/models/data_utils/data_utils@b5afddbe@Thu Jun 8 12:50:41 2017 -0700.py,Timestep,False,11,12,28,/Users/neda/Documents/workspace6/DissertationProject/util/Python/models/data_utils/data_utils
848cc592,/Users/neda/Documents/workspace6/DissertationProject/util/Python/models/data_utils/data_utils@b5afddbe@Thu Jun 8 12:50:41 2017 -0700.py,SequenceWrapper,False,11,12,28,/Users/neda/Documents/workspace6/DissertationProject/util/Python/models/data_utils/data_utils
848cc592,/Users/neda/Documents/workspace6/DissertationProject/util/Python/models/data_utils/data_utils@9f0a567d@Wed Feb 14 19:39:35 2018 -0800.py,ShufflingTFRecordWriter,False,14,12,28,/Users/neda/Documents/workspace6/DissertationProject/util/Python/models/data_utils/data_utils
848cc592,/Users/neda/Documents/workspace6/DissertationProject/util/Python/models/data_utils/data_utils@9f0a567d@Wed Feb 14 19:39:35 2018 -0800.py,Timestep,False,14,12,28,/Users/neda/Documents/workspace6/DissertationProject/util/Python/models/data_utils/data_utils
848cc592,/Users/neda/Documents/workspace6/DissertationProject/util/Python/models/data_utils/data_utils@9f0a567d@Wed Feb 14 19:39:35 2018 -0800.py,SequenceWrapper,False,14,12,28,/Users/neda/Documents/workspace6/DissertationProject/util/Python/models/data_utils/data_utils
848cc592,/Users/neda/Documents/workspace6/DissertationProject/util/Python/models/data_utils/data_utils@cbd8136f@Thu Apr 18 05:29:47 2019 +0800.py,ShufflingTFRecordWriter,False,17,12,28,/Users/neda/Documents/workspace6/DissertationProject/util/Python/models/data_utils/data_utils
848cc592,/Users/neda/Documents/workspace6/DissertationProject/util/Python/models/data_utils/data_utils@cbd8136f@Thu Apr 18 05:29:47 2019 +0800.py,Timestep,False,17,12,28,/Users/neda/Documents/workspace6/DissertationProject/util/Python/models/data_utils/data_utils
848cc592,/Users/neda/Documents/workspace6/DissertationProject/util/Python/models/data_utils/data_utils@cbd8136f@Thu Apr 18 05:29:47 2019 +0800.py,SequenceWrapper,False,17,12,28,/Users/neda/Documents/workspace6/DissertationProject/util/Python/models/data_utils/data_utils
1730eed4,/Users/neda/Documents/workspace6/DissertationProject/util/Python/models/wide_deep/wide_deep@adfd5a3a@Tue Mar 20 11:49:14 2018 -0700.py,WideDeepArgParser,False,7,10,25,/Users/neda/Documents/workspace6/DissertationProject/util/Python/models/wide_deep/wide_deep
1730eed4,/Users/neda/Documents/workspace6/DissertationProject/util/Python/models/wide_deep/wide_deep@7cfb6bbd@Tue Mar 20 13:10:16 2018 -0700.py,WideDeepArgParser,False,8,10,25,/Users/neda/Documents/workspace6/DissertationProject/util/Python/models/wide_deep/wide_deep
1730eed4,/Users/neda/Documents/workspace6/DissertationProject/util/Python/models/wide_deep/wide_deep@34e79348@Fri Mar 23 12:50:39 2018 -0700.py,WideDeepArgParser,False,9,10,25,/Users/neda/Documents/workspace6/DissertationProject/util/Python/models/wide_deep/wide_deep
1730eed4,/Users/neda/Documents/workspace6/DissertationProject/util/Python/models/wide_deep/wide_deep@1730eed4@Tue Mar 27 15:46:18 2018 -0400.py,WideDeepArgParser,False,10,10,25,/Users/neda/Documents/workspace6/DissertationProject/util/Python/models/wide_deep/wide_deep
1730eed4,/Users/neda/Documents/workspace6/DissertationProject/util/Python/models/wide_deep/wide_deep@092c9662@Tue Mar 27 15:11:55 2018 -0700.py,WideDeepArgParser,False,11,10,25,/Users/neda/Documents/workspace6/DissertationProject/util/Python/models/wide_deep/wide_deep
1730eed4,/Users/neda/Documents/workspace6/DissertationProject/util/Python/models/wide_deep/wide_deep@9cc7eac1@Thu Mar 29 13:15:45 2018 -0700.py,WideDeepArgParser,False,12,10,25,/Users/neda/Documents/workspace6/DissertationProject/util/Python/models/wide_deep/wide_deep
1730eed4,/Users/neda/Documents/workspace6/DissertationProject/util/Python/models/wide_deep/wide_deep@a0e3604f@Tue Apr 3 14:35:46 2018 -0700.py,WideDeepArgParser,False,13,10,25,/Users/neda/Documents/workspace6/DissertationProject/util/Python/models/wide_deep/wide_deep
1730eed4,/Users/neda/Documents/workspace6/DissertationProject/util/Python/models/wide_deep/wide_deep@310f70d5@Tue Apr 10 08:35:46 2018 -0700.py,WideDeepArgParser,False,14,10,25,/Users/neda/Documents/workspace6/DissertationProject/util/Python/models/wide_deep/wide_deep
1730eed4,/Users/neda/Documents/workspace6/DissertationProject/util/Python/models/wide_deep/wide_deep@32aa6563@Thu Apr 12 14:22:16 2018 -0700.py,WideDeepArgParser,False,15,10,25,/Users/neda/Documents/workspace6/DissertationProject/util/Python/models/wide_deep/wide_deep
1730eed4,/Users/neda/Documents/workspace6/DissertationProject/util/Python/models/wide_deep/wide_deep@823da318@Thu Apr 19 10:33:16 2018 -0700.py,WideDeepArgParser,False,16,10,25,/Users/neda/Documents/workspace6/DissertationProject/util/Python/models/wide_deep/wide_deep
1730eed4,/Users/neda/Documents/workspace6/DissertationProject/util/Python/models/wide_deep/wide_deep@db778817@Thu Apr 26 16:50:02 2018 -0700.py,WideDeepArgParser,False,17,10,25,/Users/neda/Documents/workspace6/DissertationProject/util/Python/models/wide_deep/wide_deep
ffb8041e,/Users/neda/Documents/workspace6/DissertationProject/util/Python/models/layers/layers@a97304d5@Wed May 3 11:23:38 2017 -0700.py,Embedding,False,0,9,11,/Users/neda/Documents/workspace6/DissertationProject/util/Python/models/layers/layers
ffb8041e,/Users/neda/Documents/workspace6/DissertationProject/util/Python/models/layers/layers@a97304d5@Wed May 3 11:23:38 2017 -0700.py,LSTM,False,0,9,11,/Users/neda/Documents/workspace6/DissertationProject/util/Python/models/layers/layers
ffb8041e,/Users/neda/Documents/workspace6/DissertationProject/util/Python/models/layers/layers@a97304d5@Wed May 3 11:23:38 2017 -0700.py,SoftmaxLoss,False,0,9,11,/Users/neda/Documents/workspace6/DissertationProject/util/Python/models/layers/layers
ffb8041e,/Users/neda/Documents/workspace6/DissertationProject/util/Python/models/layers/layers@b5afddbe@Thu Jun 8 12:50:41 2017 -0700.py,Embedding,False,1,9,11,/Users/neda/Documents/workspace6/DissertationProject/util/Python/models/layers/layers
ffb8041e,/Users/neda/Documents/workspace6/DissertationProject/util/Python/models/layers/layers@b5afddbe@Thu Jun 8 12:50:41 2017 -0700.py,LSTM,False,1,9,11,/Users/neda/Documents/workspace6/DissertationProject/util/Python/models/layers/layers
ffb8041e,/Users/neda/Documents/workspace6/DissertationProject/util/Python/models/layers/layers@b5afddbe@Thu Jun 8 12:50:41 2017 -0700.py,SoftmaxLoss,False,1,9,11,/Users/neda/Documents/workspace6/DissertationProject/util/Python/models/layers/layers
ffb8041e,/Users/neda/Documents/workspace6/DissertationProject/util/Python/models/layers/layers@58fb6d7e@Mon Aug 14 19:41:58 2017 +0200.py,Embedding,False,2,9,11,/Users/neda/Documents/workspace6/DissertationProject/util/Python/models/layers/layers
ffb8041e,/Users/neda/Documents/workspace6/DissertationProject/util/Python/models/layers/layers@58fb6d7e@Mon Aug 14 19:41:58 2017 +0200.py,LSTM,False,2,9,11,/Users/neda/Documents/workspace6/DissertationProject/util/Python/models/layers/layers
ffb8041e,/Users/neda/Documents/workspace6/DissertationProject/util/Python/models/layers/layers@58fb6d7e@Mon Aug 14 19:41:58 2017 +0200.py,SoftmaxLoss,False,2,9,11,/Users/neda/Documents/workspace6/DissertationProject/util/Python/models/layers/layers
ffb8041e,/Users/neda/Documents/workspace6/DissertationProject/util/Python/models/layers/layers@1024f926@Mon Oct 9 00:09:08 2017 -0700.py,Embedding,False,3,9,11,/Users/neda/Documents/workspace6/DissertationProject/util/Python/models/layers/layers
ffb8041e,/Users/neda/Documents/workspace6/DissertationProject/util/Python/models/layers/layers@1024f926@Mon Oct 9 00:09:08 2017 -0700.py,LSTM,False,3,9,11,/Users/neda/Documents/workspace6/DissertationProject/util/Python/models/layers/layers
ffb8041e,/Users/neda/Documents/workspace6/DissertationProject/util/Python/models/layers/layers@1024f926@Mon Oct 9 00:09:08 2017 -0700.py,SoftmaxLoss,False,3,9,11,/Users/neda/Documents/workspace6/DissertationProject/util/Python/models/layers/layers
ffb8041e,/Users/neda/Documents/workspace6/DissertationProject/util/Python/models/layers/layers@ed54e8dd@Fri Oct 13 18:37:04 2017 -0700.py,Embedding,False,4,9,11,/Users/neda/Documents/workspace6/DissertationProject/util/Python/models/layers/layers
ffb8041e,/Users/neda/Documents/workspace6/DissertationProject/util/Python/models/layers/layers@ed54e8dd@Fri Oct 13 18:37:04 2017 -0700.py,LSTM,False,4,9,11,/Users/neda/Documents/workspace6/DissertationProject/util/Python/models/layers/layers
ffb8041e,/Users/neda/Documents/workspace6/DissertationProject/util/Python/models/layers/layers@ed54e8dd@Fri Oct 13 18:37:04 2017 -0700.py,SoftmaxLoss,False,4,9,11,/Users/neda/Documents/workspace6/DissertationProject/util/Python/models/layers/layers
ffb8041e,/Users/neda/Documents/workspace6/DissertationProject/util/Python/models/layers/layers@4b5a0801@Mon Oct 16 14:05:49 2017 -0700.py,Embedding,False,5,9,11,/Users/neda/Documents/workspace6/DissertationProject/util/Python/models/layers/layers
ffb8041e,/Users/neda/Documents/workspace6/DissertationProject/util/Python/models/layers/layers@4b5a0801@Mon Oct 16 14:05:49 2017 -0700.py,LSTM,False,5,9,11,/Users/neda/Documents/workspace6/DissertationProject/util/Python/models/layers/layers
ffb8041e,/Users/neda/Documents/workspace6/DissertationProject/util/Python/models/layers/layers@4b5a0801@Mon Oct 16 14:05:49 2017 -0700.py,SoftmaxLoss,False,5,9,11,/Users/neda/Documents/workspace6/DissertationProject/util/Python/models/layers/layers
ffb8041e,/Users/neda/Documents/workspace6/DissertationProject/util/Python/models/layers/layers@e8dd2bf3@Wed Oct 25 10:24:39 2017 -0700.py,Embedding,False,6,9,11,/Users/neda/Documents/workspace6/DissertationProject/util/Python/models/layers/layers
ffb8041e,/Users/neda/Documents/workspace6/DissertationProject/util/Python/models/layers/layers@e8dd2bf3@Wed Oct 25 10:24:39 2017 -0700.py,LSTM,False,6,9,11,/Users/neda/Documents/workspace6/DissertationProject/util/Python/models/layers/layers
ffb8041e,/Users/neda/Documents/workspace6/DissertationProject/util/Python/models/layers/layers@e8dd2bf3@Wed Oct 25 10:24:39 2017 -0700.py,SoftmaxLoss,False,6,9,11,/Users/neda/Documents/workspace6/DissertationProject/util/Python/models/layers/layers
ffb8041e,/Users/neda/Documents/workspace6/DissertationProject/util/Python/models/layers/layers@9f0a567d@Wed Feb 14 19:39:35 2018 -0800.py,Embedding,False,7,9,11,/Users/neda/Documents/workspace6/DissertationProject/util/Python/models/layers/layers
ffb8041e,/Users/neda/Documents/workspace6/DissertationProject/util/Python/models/layers/layers@9f0a567d@Wed Feb 14 19:39:35 2018 -0800.py,LSTM,False,7,9,11,/Users/neda/Documents/workspace6/DissertationProject/util/Python/models/layers/layers
ffb8041e,/Users/neda/Documents/workspace6/DissertationProject/util/Python/models/layers/layers@9f0a567d@Wed Feb 14 19:39:35 2018 -0800.py,SoftmaxLoss,False,7,9,11,/Users/neda/Documents/workspace6/DissertationProject/util/Python/models/layers/layers
ffb8041e,/Users/neda/Documents/workspace6/DissertationProject/util/Python/models/layers/layers@4c21dfa8@Mon Feb 19 23:10:24 2018 -0800.py,Embedding,False,8,9,11,/Users/neda/Documents/workspace6/DissertationProject/util/Python/models/layers/layers
ffb8041e,/Users/neda/Documents/workspace6/DissertationProject/util/Python/models/layers/layers@4c21dfa8@Mon Feb 19 23:10:24 2018 -0800.py,LSTM,False,8,9,11,/Users/neda/Documents/workspace6/DissertationProject/util/Python/models/layers/layers
ffb8041e,/Users/neda/Documents/workspace6/DissertationProject/util/Python/models/layers/layers@4c21dfa8@Mon Feb 19 23:10:24 2018 -0800.py,SoftmaxLoss,False,8,9,11,/Users/neda/Documents/workspace6/DissertationProject/util/Python/models/layers/layers
ffb8041e,/Users/neda/Documents/workspace6/DissertationProject/util/Python/models/layers/layers@ffb8041e@Tue Mar 6 00:21:05 2018 +0100.py,Embedding,False,9,9,11,/Users/neda/Documents/workspace6/DissertationProject/util/Python/models/layers/layers
ffb8041e,/Users/neda/Documents/workspace6/DissertationProject/util/Python/models/layers/layers@ffb8041e@Tue Mar 6 00:21:05 2018 +0100.py,LSTM,False,9,9,11,/Users/neda/Documents/workspace6/DissertationProject/util/Python/models/layers/layers
ffb8041e,/Users/neda/Documents/workspace6/DissertationProject/util/Python/models/layers/layers@ffb8041e@Tue Mar 6 00:21:05 2018 +0100.py,SoftmaxLoss,False,9,9,11,/Users/neda/Documents/workspace6/DissertationProject/util/Python/models/layers/layers
ffb8041e,/Users/neda/Documents/workspace6/DissertationProject/util/Python/models/layers/layers@cbd8136f@Thu Apr 18 05:29:47 2019 +0800.py,Embedding,False,10,9,11,/Users/neda/Documents/workspace6/DissertationProject/util/Python/models/layers/layers
ffb8041e,/Users/neda/Documents/workspace6/DissertationProject/util/Python/models/layers/layers@cbd8136f@Thu Apr 18 05:29:47 2019 +0800.py,LSTM,False,10,9,11,/Users/neda/Documents/workspace6/DissertationProject/util/Python/models/layers/layers
ffb8041e,/Users/neda/Documents/workspace6/DissertationProject/util/Python/models/layers/layers@cbd8136f@Thu Apr 18 05:29:47 2019 +0800.py,SoftmaxLoss,False,10,9,11,/Users/neda/Documents/workspace6/DissertationProject/util/Python/models/layers/layers
848cc592,/Users/neda/Documents/workspace6/DissertationProject/util/Python/models/model_ptn/model_ptn@848cc592@Sat Jan 20 15:03:04 2018 +0100.py,model_PTN,False,0,0,1,/Users/neda/Documents/workspace6/DissertationProject/util/Python/models/model_ptn/model_ptn
cd850550,/Users/neda/Documents/workspace6/DissertationProject/util/Python/models/process_bounding_boxes/process_bounding_boxes@c924285b@Thu Nov 17 16:53:19 2016 +0800.py,BoundingBox,False,0,9,12,/Users/neda/Documents/workspace6/DissertationProject/util/Python/models/process_bounding_boxes/process_bounding_boxes
cd850550,/Users/neda/Documents/workspace6/DissertationProject/util/Python/models/process_bounding_boxes/process_bounding_boxes@2335c9fc@Thu Dec 15 19:25:26 2016 +0900.py,BoundingBox,False,1,9,12,/Users/neda/Documents/workspace6/DissertationProject/util/Python/models/process_bounding_boxes/process_bounding_boxes
cd850550,/Users/neda/Documents/workspace6/DissertationProject/util/Python/models/process_bounding_boxes/process_bounding_boxes@052e5e8b@Thu Feb 23 14:30:07 2017 -0800.py,BoundingBox,False,2,9,12,/Users/neda/Documents/workspace6/DissertationProject/util/Python/models/process_bounding_boxes/process_bounding_boxes
cd850550,/Users/neda/Documents/workspace6/DissertationProject/util/Python/models/process_bounding_boxes/process_bounding_boxes@2e165569@Wed Mar 15 21:05:27 2017 -0700.py,BoundingBox,False,3,9,12,/Users/neda/Documents/workspace6/DissertationProject/util/Python/models/process_bounding_boxes/process_bounding_boxes
cd850550,/Users/neda/Documents/workspace6/DissertationProject/util/Python/models/process_bounding_boxes/process_bounding_boxes@b7e77995@Wed May 31 17:02:05 2017 -0700.py,BoundingBox,False,4,9,12,/Users/neda/Documents/workspace6/DissertationProject/util/Python/models/process_bounding_boxes/process_bounding_boxes
cd850550,/Users/neda/Documents/workspace6/DissertationProject/util/Python/models/process_bounding_boxes/process_bounding_boxes@848cc592@Sat Jan 20 15:03:04 2018 +0100.py,BoundingBox,False,5,9,12,/Users/neda/Documents/workspace6/DissertationProject/util/Python/models/process_bounding_boxes/process_bounding_boxes
cd850550,/Users/neda/Documents/workspace6/DissertationProject/util/Python/models/process_bounding_boxes/process_bounding_boxes@629adffa@Tue Feb 27 15:28:03 2018 -0800.py,BoundingBox,False,6,9,12,/Users/neda/Documents/workspace6/DissertationProject/util/Python/models/process_bounding_boxes/process_bounding_boxes
cd850550,/Users/neda/Documents/workspace6/DissertationProject/util/Python/models/process_bounding_boxes/process_bounding_boxes@ffb8041e@Tue Mar 6 00:21:05 2018 +0100.py,BoundingBox,False,7,9,12,/Users/neda/Documents/workspace6/DissertationProject/util/Python/models/process_bounding_boxes/process_bounding_boxes
cd850550,/Users/neda/Documents/workspace6/DissertationProject/util/Python/models/process_bounding_boxes/process_bounding_boxes@376dc8dd@Tue Mar 13 14:03:42 2018 -0700.py,BoundingBox,False,8,9,12,/Users/neda/Documents/workspace6/DissertationProject/util/Python/models/process_bounding_boxes/process_bounding_boxes
cd850550,/Users/neda/Documents/workspace6/DissertationProject/util/Python/models/process_bounding_boxes/process_bounding_boxes@cd850550@Thu Mar 22 16:55:05 2018 +0100.py,BoundingBox,False,9,9,12,/Users/neda/Documents/workspace6/DissertationProject/util/Python/models/process_bounding_boxes/process_bounding_boxes
cd850550,/Users/neda/Documents/workspace6/DissertationProject/util/Python/models/process_bounding_boxes/process_bounding_boxes@001a2a61@Thu Mar 22 10:14:28 2018 -0700.py,BoundingBox,False,10,9,12,/Users/neda/Documents/workspace6/DissertationProject/util/Python/models/process_bounding_boxes/process_bounding_boxes
cd850550,/Users/neda/Documents/workspace6/DissertationProject/util/Python/models/process_bounding_boxes/process_bounding_boxes@1bfe1df1@Wed Mar 28 13:47:26 2018 -0700.py,BoundingBox,False,11,9,12,/Users/neda/Documents/workspace6/DissertationProject/util/Python/models/process_bounding_boxes/process_bounding_boxes
6f881f77,/Users/neda/Documents/workspace6/DissertationProject/util/Python/models/keras_imagenet_main/keras_imagenet_main@9f34ac99@Tue Nov 27 09:59:09 2018 +0000.py,TimeHistory,False,0,12,85,/Users/neda/Documents/workspace6/DissertationProject/util/Python/models/keras_imagenet_main/keras_imagenet_main
6f881f77,/Users/neda/Documents/workspace6/DissertationProject/util/Python/models/keras_imagenet_main/keras_imagenet_main@9f34ac99@Tue Nov 27 09:59:09 2018 +0000.py,LearningRateBatchScheduler,False,0,12,85,/Users/neda/Documents/workspace6/DissertationProject/util/Python/models/keras_imagenet_main/keras_imagenet_main
6f881f77,/Users/neda/Documents/workspace6/DissertationProject/util/Python/models/keras_imagenet_main/keras_imagenet_main@e932712b@Mon Dec 3 00:51:02 2018 +0000.py,TimeHistory,False,1,12,85,/Users/neda/Documents/workspace6/DissertationProject/util/Python/models/keras_imagenet_main/keras_imagenet_main
6f881f77,/Users/neda/Documents/workspace6/DissertationProject/util/Python/models/keras_imagenet_main/keras_imagenet_main@e932712b@Mon Dec 3 00:51:02 2018 +0000.py,LearningRateBatchScheduler,False,1,12,85,/Users/neda/Documents/workspace6/DissertationProject/util/Python/models/keras_imagenet_main/keras_imagenet_main
6f881f77,/Users/neda/Documents/workspace6/DissertationProject/util/Python/models/keras_imagenet_main/keras_imagenet_main@b9d2b1bb@Mon Dec 3 03:55:41 2018 +0000.py,TimeHistory,False,2,12,85,/Users/neda/Documents/workspace6/DissertationProject/util/Python/models/keras_imagenet_main/keras_imagenet_main
6f881f77,/Users/neda/Documents/workspace6/DissertationProject/util/Python/models/keras_imagenet_main/keras_imagenet_main@b9d2b1bb@Mon Dec 3 03:55:41 2018 +0000.py,LearningRateBatchScheduler,False,2,12,85,/Users/neda/Documents/workspace6/DissertationProject/util/Python/models/keras_imagenet_main/keras_imagenet_main
6f881f77,/Users/neda/Documents/workspace6/DissertationProject/util/Python/models/keras_imagenet_main/keras_imagenet_main@3060b534@Fri Dec 7 21:29:29 2018 +0000.py,TimeHistory,False,3,12,85,/Users/neda/Documents/workspace6/DissertationProject/util/Python/models/keras_imagenet_main/keras_imagenet_main
6f881f77,/Users/neda/Documents/workspace6/DissertationProject/util/Python/models/keras_imagenet_main/keras_imagenet_main@3060b534@Fri Dec 7 21:29:29 2018 +0000.py,LearningRateBatchScheduler,False,3,12,85,/Users/neda/Documents/workspace6/DissertationProject/util/Python/models/keras_imagenet_main/keras_imagenet_main
6f881f77,/Users/neda/Documents/workspace6/DissertationProject/util/Python/models/keras_imagenet_main/keras_imagenet_main@aa1d6176@Sat Dec 8 22:54:21 2018 +0000.py,TimeHistory,False,4,12,85,/Users/neda/Documents/workspace6/DissertationProject/util/Python/models/keras_imagenet_main/keras_imagenet_main
6f881f77,/Users/neda/Documents/workspace6/DissertationProject/util/Python/models/keras_imagenet_main/keras_imagenet_main@aa1d6176@Sat Dec 8 22:54:21 2018 +0000.py,LearningRateBatchScheduler,False,4,12,85,/Users/neda/Documents/workspace6/DissertationProject/util/Python/models/keras_imagenet_main/keras_imagenet_main
6f881f77,/Users/neda/Documents/workspace6/DissertationProject/util/Python/models/keras_imagenet_main/keras_imagenet_main@c254938d@Sat Dec 8 23:17:58 2018 +0000.py,TimeHistory,False,5,12,85,/Users/neda/Documents/workspace6/DissertationProject/util/Python/models/keras_imagenet_main/keras_imagenet_main
6f881f77,/Users/neda/Documents/workspace6/DissertationProject/util/Python/models/keras_imagenet_main/keras_imagenet_main@c254938d@Sat Dec 8 23:17:58 2018 +0000.py,LearningRateBatchScheduler,False,5,12,85,/Users/neda/Documents/workspace6/DissertationProject/util/Python/models/keras_imagenet_main/keras_imagenet_main
848cc592,/Users/neda/Documents/workspace6/DissertationProject/util/Python/models/model/model@8b667903@Thu Jan 19 04:27:08 2017 -0500.py,Graph,False,0,14,61,/Users/neda/Documents/workspace6/DissertationProject/util/Python/models/model/model
848cc592,/Users/neda/Documents/workspace6/DissertationProject/util/Python/models/model/model@31f1af58@Mon Feb 20 15:41:05 2017 -0500.py,Graph,False,1,14,61,/Users/neda/Documents/workspace6/DissertationProject/util/Python/models/model/model
848cc592,/Users/neda/Documents/workspace6/DissertationProject/util/Python/models/model/model@052e5e8b@Thu Feb 23 14:30:07 2017 -0800.py,CrossConvModel,False,2,14,61,/Users/neda/Documents/workspace6/DissertationProject/util/Python/models/model/model
848cc592,/Users/neda/Documents/workspace6/DissertationProject/util/Python/models/model/model@b2a2f44b@Sat Feb 25 23:46:48 2017 -0800.py,NamignizerModel,False,3,14,61,/Users/neda/Documents/workspace6/DissertationProject/util/Python/models/model/model
848cc592,/Users/neda/Documents/workspace6/DissertationProject/util/Python/models/model/model@d6787c0f@Tue Mar 7 19:26:25 2017 -0800.py,NamignizerModel,False,4,14,61,/Users/neda/Documents/workspace6/DissertationProject/util/Python/models/model/model
848cc592,/Users/neda/Documents/workspace6/DissertationProject/util/Python/models/model/model@58a5da7b@Wed Jul 5 14:00:52 2017 -0700.py,CharsetMapper,False,5,14,61,/Users/neda/Documents/workspace6/DissertationProject/util/Python/models/model/model
848cc592,/Users/neda/Documents/workspace6/DissertationProject/util/Python/models/model/model@58a5da7b@Wed Jul 5 14:00:52 2017 -0700.py,Model,False,5,14,61,/Users/neda/Documents/workspace6/DissertationProject/util/Python/models/model/model
848cc592,/Users/neda/Documents/workspace6/DissertationProject/util/Python/models/model/model@fa45b626@Mon Jul 17 11:24:33 2017 -0700.py,DetectionModel,False,6,14,61,/Users/neda/Documents/workspace6/DissertationProject/util/Python/models/model/model
848cc592,/Users/neda/Documents/workspace6/DissertationProject/util/Python/models/model/model@da341f70@Tue Aug 8 10:40:46 2017 -0700.py,CharsetMapper,False,7,14,61,/Users/neda/Documents/workspace6/DissertationProject/util/Python/models/model/model
848cc592,/Users/neda/Documents/workspace6/DissertationProject/util/Python/models/model/model@da341f70@Tue Aug 8 10:40:46 2017 -0700.py,Model,False,7,14,61,/Users/neda/Documents/workspace6/DissertationProject/util/Python/models/model/model
848cc592,/Users/neda/Documents/workspace6/DissertationProject/util/Python/models/model/model@d723e734@Fri Oct 20 08:43:41 2017 -0700.py,CharsetMapper,False,8,14,61,/Users/neda/Documents/workspace6/DissertationProject/util/Python/models/model/model
848cc592,/Users/neda/Documents/workspace6/DissertationProject/util/Python/models/model/model@d723e734@Fri Oct 20 08:43:41 2017 -0700.py,Model,False,8,14,61,/Users/neda/Documents/workspace6/DissertationProject/util/Python/models/model/model
848cc592,/Users/neda/Documents/workspace6/DissertationProject/util/Python/models/model/model@e7de233b@Fri Oct 27 12:12:39 2017 -0700.py,DetectionModel,False,9,14,61,/Users/neda/Documents/workspace6/DissertationProject/util/Python/models/model/model
848cc592,/Users/neda/Documents/workspace6/DissertationProject/util/Python/models/model/model@e1ac0154@Fri Nov 10 21:28:31 2017 -0800.py,CharsetMapper,False,10,14,61,/Users/neda/Documents/workspace6/DissertationProject/util/Python/models/model/model
848cc592,/Users/neda/Documents/workspace6/DissertationProject/util/Python/models/model/model@e1ac0154@Fri Nov 10 21:28:31 2017 -0800.py,Model,False,10,14,61,/Users/neda/Documents/workspace6/DissertationProject/util/Python/models/model/model
848cc592,/Users/neda/Documents/workspace6/DissertationProject/util/Python/models/model/model@a2b2088c@Wed Nov 15 12:18:24 2017 +0900.py,BasicClassifier,False,11,14,61,/Users/neda/Documents/workspace6/DissertationProject/util/Python/models/model/model
848cc592,/Users/neda/Documents/workspace6/DissertationProject/util/Python/models/model/model@a2b2088c@Wed Nov 15 12:18:24 2017 +0900.py,LeNet,False,11,14,61,/Users/neda/Documents/workspace6/DissertationProject/util/Python/models/model/model
848cc592,/Users/neda/Documents/workspace6/DissertationProject/util/Python/models/model/model@a2b2088c@Wed Nov 15 12:18:24 2017 +0900.py,Model,False,11,14,61,/Users/neda/Documents/workspace6/DissertationProject/util/Python/models/model/model
848cc592,/Users/neda/Documents/workspace6/DissertationProject/util/Python/models/model/model@89e19ed2@Wed Nov 29 23:30:04 2017 -0800.py,CharsetMapper,False,12,14,61,/Users/neda/Documents/workspace6/DissertationProject/util/Python/models/model/model
848cc592,/Users/neda/Documents/workspace6/DissertationProject/util/Python/models/model/model@89e19ed2@Wed Nov 29 23:30:04 2017 -0800.py,Model,False,12,14,61,/Users/neda/Documents/workspace6/DissertationProject/util/Python/models/model/model
848cc592,/Users/neda/Documents/workspace6/DissertationProject/util/Python/models/model/model@8a891524@Sat Jan 13 10:52:14 2018 -0800.py,Model,False,13,14,61,/Users/neda/Documents/workspace6/DissertationProject/util/Python/models/model/model
848cc592,/Users/neda/Documents/workspace6/DissertationProject/util/Python/models/model/model@848cc592@Sat Jan 20 15:03:04 2018 +0100.py,CrossConvModel,False,14,14,61,/Users/neda/Documents/workspace6/DissertationProject/util/Python/models/model/model
848cc592,/Users/neda/Documents/workspace6/DissertationProject/util/Python/models/model/model@ae0a9409@Wed Jan 24 00:49:54 2018 +0100.py,Graph,False,15,14,61,/Users/neda/Documents/workspace6/DissertationProject/util/Python/models/model/model
848cc592,/Users/neda/Documents/workspace6/DissertationProject/util/Python/models/model/model@7a9934df@Wed Jan 31 14:35:04 2018 -0800.py,DetectionModel,False,16,14,61,/Users/neda/Documents/workspace6/DissertationProject/util/Python/models/model/model
848cc592,/Users/neda/Documents/workspace6/DissertationProject/util/Python/models/model/model@fbc5ba06@Fri Feb 2 11:44:21 2018 -0800.py,DetectionModel,False,17,14,61,/Users/neda/Documents/workspace6/DissertationProject/util/Python/models/model/model
848cc592,/Users/neda/Documents/workspace6/DissertationProject/util/Python/models/model/model@1efe98bb@Fri Feb 9 17:13:36 2018 -0800.py,DetectionModel,False,18,14,61,/Users/neda/Documents/workspace6/DissertationProject/util/Python/models/model/model
848cc592,/Users/neda/Documents/workspace6/DissertationProject/util/Python/models/model/model@1453d070@Tue Mar 6 20:46:09 2018 +0100.py,BasicClassifier,False,21,14,61,/Users/neda/Documents/workspace6/DissertationProject/util/Python/models/model/model
848cc592,/Users/neda/Documents/workspace6/DissertationProject/util/Python/models/model/model@1453d070@Tue Mar 6 20:46:09 2018 +0100.py,LeNet,False,21,14,61,/Users/neda/Documents/workspace6/DissertationProject/util/Python/models/model/model
848cc592,/Users/neda/Documents/workspace6/DissertationProject/util/Python/models/model/model@1453d070@Tue Mar 6 20:46:09 2018 +0100.py,Model,False,21,14,61,/Users/neda/Documents/workspace6/DissertationProject/util/Python/models/model/model
848cc592,/Users/neda/Documents/workspace6/DissertationProject/util/Python/models/model/model@eccae449@Wed Apr 11 16:38:38 2018 -0700.py,DetectionModel,False,33,14,61,/Users/neda/Documents/workspace6/DissertationProject/util/Python/models/model/model
848cc592,/Users/neda/Documents/workspace6/DissertationProject/util/Python/models/model/model@324d6dc3@Thu May 10 13:22:37 2018 -0700.py,DetectionModel,False,34,14,61,/Users/neda/Documents/workspace6/DissertationProject/util/Python/models/model/model
848cc592,/Users/neda/Documents/workspace6/DissertationProject/util/Python/models/model/model@99256cf4@Fri Sep 21 10:41:07 2018 -0700.py,DetectionModel,False,38,14,61,/Users/neda/Documents/workspace6/DissertationProject/util/Python/models/model/model
848cc592,/Users/neda/Documents/workspace6/DissertationProject/util/Python/models/model/model@31ae57eb@Fri Nov 2 08:48:34 2018 -0700.py,DetectionModel,False,41,14,61,/Users/neda/Documents/workspace6/DissertationProject/util/Python/models/model/model
848cc592,/Users/neda/Documents/workspace6/DissertationProject/util/Python/models/model/model@a1337e01@Tue Nov 27 16:08:20 2018 -0800.py,DetectionModel,False,42,14,61,/Users/neda/Documents/workspace6/DissertationProject/util/Python/models/model/model
848cc592,/Users/neda/Documents/workspace6/DissertationProject/util/Python/models/model/model@05584085@Thu Mar 7 12:19:47 2019 -0800.py,DetectionModel,False,45,14,61,/Users/neda/Documents/workspace6/DissertationProject/util/Python/models/model/model
848cc592,/Users/neda/Documents/workspace6/DissertationProject/util/Python/models/model/model@9bbf8015@Thu May 30 22:27:44 2019 -0700.py,DetectionModel,False,46,14,61,/Users/neda/Documents/workspace6/DissertationProject/util/Python/models/model/model
848cc592,/Users/neda/Documents/workspace6/DissertationProject/util/Python/models/model/model@fe748d4a@Mon Jul 15 09:50:58 2019 -0700.py,DetectionModel,False,47,14,61,/Users/neda/Documents/workspace6/DissertationProject/util/Python/models/model/model
848cc592,/Users/neda/Documents/workspace6/DissertationProject/util/Python/models/model/model@730035d6@Thu Feb 13 15:41:21 2020 -0800.py,CharsetMapper,False,50,14,61,/Users/neda/Documents/workspace6/DissertationProject/util/Python/models/model/model
848cc592,/Users/neda/Documents/workspace6/DissertationProject/util/Python/models/model/model@730035d6@Thu Feb 13 15:41:21 2020 -0800.py,Model,False,50,14,61,/Users/neda/Documents/workspace6/DissertationProject/util/Python/models/model/model
848cc592,/Users/neda/Documents/workspace6/DissertationProject/util/Python/models/model/model@a9eaf98e@Fri Apr 24 08:55:21 2020 +0200.py,Model,False,51,14,61,/Users/neda/Documents/workspace6/DissertationProject/util/Python/models/model/model
848cc592,/Users/neda/Documents/workspace6/DissertationProject/util/Python/models/model/model@8518d053@Tue May 12 11:41:07 2020 -0700.py,DetectionModel,False,52,14,61,/Users/neda/Documents/workspace6/DissertationProject/util/Python/models/model/model
848cc592,/Users/neda/Documents/workspace6/DissertationProject/util/Python/models/model/model@451906e4@Tue May 26 16:19:59 2020 -0700.py,DetectionModel,False,53,14,61,/Users/neda/Documents/workspace6/DissertationProject/util/Python/models/model/model
848cc592,/Users/neda/Documents/workspace6/DissertationProject/util/Python/models/model/model@0f0c7745@Fri Jun 26 09:55:10 2020 -0700.py,DetectionModel,False,54,14,61,/Users/neda/Documents/workspace6/DissertationProject/util/Python/models/model/model
848cc592,/Users/neda/Documents/workspace6/DissertationProject/util/Python/models/model/model@32671be9@Mon Jul 6 21:39:41 2020 +0200.py,CharsetMapper,False,55,14,61,/Users/neda/Documents/workspace6/DissertationProject/util/Python/models/model/model
848cc592,/Users/neda/Documents/workspace6/DissertationProject/util/Python/models/model/model@32671be9@Mon Jul 6 21:39:41 2020 +0200.py,Model,False,55,14,61,/Users/neda/Documents/workspace6/DissertationProject/util/Python/models/model/model
848cc592,/Users/neda/Documents/workspace6/DissertationProject/util/Python/models/model/model@52bb4ab1@Wed Jul 8 00:09:00 2020 -0700.py,DetectionModel,False,56,14,61,/Users/neda/Documents/workspace6/DissertationProject/util/Python/models/model/model
848cc592,/Users/neda/Documents/workspace6/DissertationProject/util/Python/models/model/model@0ad4922f@Wed Jul 8 23:27:06 2020 -0700.py,DetectionModel,False,57,14,61,/Users/neda/Documents/workspace6/DissertationProject/util/Python/models/model/model
848cc592,/Users/neda/Documents/workspace6/DissertationProject/util/Python/models/model/model@50fa3eb9@Tue Jul 21 21:03:28 2020 +0530.py,CharsetMapper,False,58,14,61,/Users/neda/Documents/workspace6/DissertationProject/util/Python/models/model/model
848cc592,/Users/neda/Documents/workspace6/DissertationProject/util/Python/models/model/model@50fa3eb9@Tue Jul 21 21:03:28 2020 +0530.py,Model,False,58,14,61,/Users/neda/Documents/workspace6/DissertationProject/util/Python/models/model/model
848cc592,/Users/neda/Documents/workspace6/DissertationProject/util/Python/models/model/model@f68a262d@Fri Aug 7 11:15:48 2020 -0700.py,DetectionModel,False,59,14,61,/Users/neda/Documents/workspace6/DissertationProject/util/Python/models/model/model
848cc592,/Users/neda/Documents/workspace6/DissertationProject/util/Python/models/model/model@54d2baa4@Wed Sep 9 14:23:38 2020 -0700.py,DetectionModel,False,60,14,61,/Users/neda/Documents/workspace6/DissertationProject/util/Python/models/model/model
848cc592,/Users/neda/Documents/workspace6/DissertationProject/util/Python/models/results_lib/results_lib@848cc592@Sat Jan 20 15:03:04 2018 +0100.py,Results,False,0,0,1,/Users/neda/Documents/workspace6/DissertationProject/util/Python/models/results_lib/results_lib
cd850550,/Users/neda/Documents/workspace6/DissertationProject/util/Python/models/build_imagenet_data/build_imagenet_data@e1364ca0@Fri Sep 30 14:18:44 2016 -0700.py,ImageCoder,False,0,12,18,/Users/neda/Documents/workspace6/DissertationProject/util/Python/models/build_imagenet_data/build_imagenet_data
cd850550,/Users/neda/Documents/workspace6/DissertationProject/util/Python/models/build_imagenet_data/build_imagenet_data@c6a4f783@Fri Sep 30 18:13:04 2016 -0700.py,ImageCoder,False,1,12,18,/Users/neda/Documents/workspace6/DissertationProject/util/Python/models/build_imagenet_data/build_imagenet_data
cd850550,/Users/neda/Documents/workspace6/DissertationProject/util/Python/models/build_imagenet_data/build_imagenet_data@e93fdcca@Fri Oct 14 22:29:24 2016 -0700.py,ImageCoder,False,2,12,18,/Users/neda/Documents/workspace6/DissertationProject/util/Python/models/build_imagenet_data/build_imagenet_data
cd850550,/Users/neda/Documents/workspace6/DissertationProject/util/Python/models/build_imagenet_data/build_imagenet_data@2335c9fc@Thu Dec 15 19:25:26 2016 +0900.py,ImageCoder,False,3,12,18,/Users/neda/Documents/workspace6/DissertationProject/util/Python/models/build_imagenet_data/build_imagenet_data
cd850550,/Users/neda/Documents/workspace6/DissertationProject/util/Python/models/build_imagenet_data/build_imagenet_data@c539b46d@Sat Mar 25 15:34:17 2017 -0700.py,ImageCoder,False,4,12,18,/Users/neda/Documents/workspace6/DissertationProject/util/Python/models/build_imagenet_data/build_imagenet_data
cd850550,/Users/neda/Documents/workspace6/DissertationProject/util/Python/models/build_imagenet_data/build_imagenet_data@848cc592@Sat Jan 20 15:03:04 2018 +0100.py,ImageCoder,False,5,12,18,/Users/neda/Documents/workspace6/DissertationProject/util/Python/models/build_imagenet_data/build_imagenet_data
cd850550,/Users/neda/Documents/workspace6/DissertationProject/util/Python/models/build_imagenet_data/build_imagenet_data@6ab25864@Tue Jan 30 10:08:43 2018 -0800.py,ImageCoder,False,6,12,18,/Users/neda/Documents/workspace6/DissertationProject/util/Python/models/build_imagenet_data/build_imagenet_data
cd850550,/Users/neda/Documents/workspace6/DissertationProject/util/Python/models/build_imagenet_data/build_imagenet_data@7d8a2c0d@Wed Jan 31 18:48:55 2018 +0100.py,ImageCoder,False,7,12,18,/Users/neda/Documents/workspace6/DissertationProject/util/Python/models/build_imagenet_data/build_imagenet_data
cd850550,/Users/neda/Documents/workspace6/DissertationProject/util/Python/models/build_imagenet_data/build_imagenet_data@629adffa@Tue Feb 27 15:28:03 2018 -0800.py,ImageCoder,False,8,12,18,/Users/neda/Documents/workspace6/DissertationProject/util/Python/models/build_imagenet_data/build_imagenet_data
cd850550,/Users/neda/Documents/workspace6/DissertationProject/util/Python/models/build_imagenet_data/build_imagenet_data@ffb8041e@Tue Mar 6 00:21:05 2018 +0100.py,ImageCoder,False,9,12,18,/Users/neda/Documents/workspace6/DissertationProject/util/Python/models/build_imagenet_data/build_imagenet_data
cd850550,/Users/neda/Documents/workspace6/DissertationProject/util/Python/models/build_imagenet_data/build_imagenet_data@376dc8dd@Tue Mar 13 14:03:42 2018 -0700.py,ImageCoder,False,10,12,18,/Users/neda/Documents/workspace6/DissertationProject/util/Python/models/build_imagenet_data/build_imagenet_data
cd850550,/Users/neda/Documents/workspace6/DissertationProject/util/Python/models/build_imagenet_data/build_imagenet_data@39b7dcf9@Sat Mar 17 20:49:56 2018 -0700.py,ImageCoder,False,11,12,18,/Users/neda/Documents/workspace6/DissertationProject/util/Python/models/build_imagenet_data/build_imagenet_data
cd850550,/Users/neda/Documents/workspace6/DissertationProject/util/Python/models/build_imagenet_data/build_imagenet_data@cd850550@Thu Mar 22 16:55:05 2018 +0100.py,ImageCoder,False,12,12,18,/Users/neda/Documents/workspace6/DissertationProject/util/Python/models/build_imagenet_data/build_imagenet_data
cd850550,/Users/neda/Documents/workspace6/DissertationProject/util/Python/models/build_imagenet_data/build_imagenet_data@001a2a61@Thu Mar 22 10:14:28 2018 -0700.py,ImageCoder,False,13,12,18,/Users/neda/Documents/workspace6/DissertationProject/util/Python/models/build_imagenet_data/build_imagenet_data
cd850550,/Users/neda/Documents/workspace6/DissertationProject/util/Python/models/build_imagenet_data/build_imagenet_data@1bfe1df1@Wed Mar 28 13:47:26 2018 -0700.py,ImageCoder,False,14,12,18,/Users/neda/Documents/workspace6/DissertationProject/util/Python/models/build_imagenet_data/build_imagenet_data
cd850550,/Users/neda/Documents/workspace6/DissertationProject/util/Python/models/build_imagenet_data/build_imagenet_data@dc41b706@Fri Jan 11 18:38:12 2019 +0100.py,ImageCoder,False,15,12,18,/Users/neda/Documents/workspace6/DissertationProject/util/Python/models/build_imagenet_data/build_imagenet_data
cd850550,/Users/neda/Documents/workspace6/DissertationProject/util/Python/models/build_imagenet_data/build_imagenet_data@67c403fc@Fri Apr 26 11:27:42 2019 -0700.py,ImageCoder,False,16,12,18,/Users/neda/Documents/workspace6/DissertationProject/util/Python/models/build_imagenet_data/build_imagenet_data
cd850550,/Users/neda/Documents/workspace6/DissertationProject/util/Python/models/build_imagenet_data/build_imagenet_data@451906e4@Tue May 26 16:19:59 2020 -0700.py,ImageCoder,False,17,12,18,/Users/neda/Documents/workspace6/DissertationProject/util/Python/models/build_imagenet_data/build_imagenet_data
848cc592,/Users/neda/Documents/workspace6/DissertationProject/util/Python/models/controller/controller@8a891524@Sat Jan 13 10:52:14 2018 -0800.py,Controller,False,0,1,26,/Users/neda/Documents/workspace6/DissertationProject/util/Python/models/controller/controller
848cc592,/Users/neda/Documents/workspace6/DissertationProject/util/Python/models/controller/controller@848cc592@Sat Jan 20 15:03:04 2018 +0100.py,Controller,False,1,1,26,/Users/neda/Documents/workspace6/DissertationProject/util/Python/models/controller/controller
848cc592,/Users/neda/Documents/workspace6/DissertationProject/util/Python/models/controller/controller@6e070e77@Tue Mar 10 09:58:59 2020 -0700.py,Controller,False,2,1,26,/Users/neda/Documents/workspace6/DissertationProject/util/Python/models/controller/controller
848cc592,/Users/neda/Documents/workspace6/DissertationProject/util/Python/models/controller/controller@6e070e77@Tue Mar 10 09:58:59 2020 -0700.py,_StepTimer,False,2,1,26,/Users/neda/Documents/workspace6/DissertationProject/util/Python/models/controller/controller
848cc592,/Users/neda/Documents/workspace6/DissertationProject/util/Python/models/controller/controller@febaae9a@Tue Mar 17 17:35:38 2020 -0700.py,Controller,False,3,1,26,/Users/neda/Documents/workspace6/DissertationProject/util/Python/models/controller/controller
848cc592,/Users/neda/Documents/workspace6/DissertationProject/util/Python/models/controller/controller@febaae9a@Tue Mar 17 17:35:38 2020 -0700.py,_StepTimer,False,3,1,26,/Users/neda/Documents/workspace6/DissertationProject/util/Python/models/controller/controller
848cc592,/Users/neda/Documents/workspace6/DissertationProject/util/Python/models/controller/controller@13d44a05@Sun Mar 22 14:13:04 2020 -0700.py,Controller,False,4,1,26,/Users/neda/Documents/workspace6/DissertationProject/util/Python/models/controller/controller
848cc592,/Users/neda/Documents/workspace6/DissertationProject/util/Python/models/controller/controller@13d44a05@Sun Mar 22 14:13:04 2020 -0700.py,_StepTimer,False,4,1,26,/Users/neda/Documents/workspace6/DissertationProject/util/Python/models/controller/controller
848cc592,/Users/neda/Documents/workspace6/DissertationProject/util/Python/models/controller/controller@6794c6b3@Sun Jul 12 12:17:58 2020 -0700.py,Controller,False,5,1,26,/Users/neda/Documents/workspace6/DissertationProject/util/Python/models/controller/controller
848cc592,/Users/neda/Documents/workspace6/DissertationProject/util/Python/models/controller/controller@6794c6b3@Sun Jul 12 12:17:58 2020 -0700.py,StepTimer,False,5,1,26,/Users/neda/Documents/workspace6/DissertationProject/util/Python/models/controller/controller
848cc592,/Users/neda/Documents/workspace6/DissertationProject/util/Python/models/controller/controller@19dec974@Sun Jul 12 12:17:58 2020 -0700.py,Controller,False,6,1,26,/Users/neda/Documents/workspace6/DissertationProject/util/Python/models/controller/controller
848cc592,/Users/neda/Documents/workspace6/DissertationProject/util/Python/models/controller/controller@19dec974@Sun Jul 12 12:17:58 2020 -0700.py,StepTimer,False,6,1,26,/Users/neda/Documents/workspace6/DissertationProject/util/Python/models/controller/controller
848cc592,/Users/neda/Documents/workspace6/DissertationProject/util/Python/models/controller/controller@3fc4ab95@Mon Jul 13 23:33:58 2020 -0700.py,Controller,False,7,1,26,/Users/neda/Documents/workspace6/DissertationProject/util/Python/models/controller/controller
848cc592,/Users/neda/Documents/workspace6/DissertationProject/util/Python/models/controller/controller@3fc4ab95@Mon Jul 13 23:33:58 2020 -0700.py,StepTimer,False,7,1,26,/Users/neda/Documents/workspace6/DissertationProject/util/Python/models/controller/controller
848cc592,/Users/neda/Documents/workspace6/DissertationProject/util/Python/models/controller/controller@79f3edb6@Mon Jul 13 23:33:58 2020 -0700.py,Controller,False,8,1,26,/Users/neda/Documents/workspace6/DissertationProject/util/Python/models/controller/controller
848cc592,/Users/neda/Documents/workspace6/DissertationProject/util/Python/models/controller/controller@79f3edb6@Mon Jul 13 23:33:58 2020 -0700.py,StepTimer,False,8,1,26,/Users/neda/Documents/workspace6/DissertationProject/util/Python/models/controller/controller
848cc592,/Users/neda/Documents/workspace6/DissertationProject/util/Python/models/controller/controller@b8142a02@Fri Jul 17 17:08:42 2020 -0700.py,Controller,False,9,1,26,/Users/neda/Documents/workspace6/DissertationProject/util/Python/models/controller/controller
848cc592,/Users/neda/Documents/workspace6/DissertationProject/util/Python/models/controller/controller@b8142a02@Fri Jul 17 17:08:42 2020 -0700.py,StepTimer,False,9,1,26,/Users/neda/Documents/workspace6/DissertationProject/util/Python/models/controller/controller
848cc592,/Users/neda/Documents/workspace6/DissertationProject/util/Python/models/controller/controller@1759f3e0@Fri Jul 17 17:08:42 2020 -0700.py,Controller,False,10,1,26,/Users/neda/Documents/workspace6/DissertationProject/util/Python/models/controller/controller
848cc592,/Users/neda/Documents/workspace6/DissertationProject/util/Python/models/controller/controller@1759f3e0@Fri Jul 17 17:08:42 2020 -0700.py,StepTimer,False,10,1,26,/Users/neda/Documents/workspace6/DissertationProject/util/Python/models/controller/controller
848cc592,/Users/neda/Documents/workspace6/DissertationProject/util/Python/models/controller/controller@e54fcee2@Fri Jul 24 16:49:26 2020 -0700.py,Controller,False,11,1,26,/Users/neda/Documents/workspace6/DissertationProject/util/Python/models/controller/controller
848cc592,/Users/neda/Documents/workspace6/DissertationProject/util/Python/models/controller/controller@e54fcee2@Fri Jul 24 16:49:26 2020 -0700.py,StepTimer,False,11,1,26,/Users/neda/Documents/workspace6/DissertationProject/util/Python/models/controller/controller
848cc592,/Users/neda/Documents/workspace6/DissertationProject/util/Python/models/controller/controller@f498fa10@Fri Jul 24 16:49:26 2020 -0700.py,Controller,False,12,1,26,/Users/neda/Documents/workspace6/DissertationProject/util/Python/models/controller/controller
848cc592,/Users/neda/Documents/workspace6/DissertationProject/util/Python/models/controller/controller@f498fa10@Fri Jul 24 16:49:26 2020 -0700.py,StepTimer,False,12,1,26,/Users/neda/Documents/workspace6/DissertationProject/util/Python/models/controller/controller
848cc592,/Users/neda/Documents/workspace6/DissertationProject/util/Python/models/controller/controller@b8014d55@Mon Jul 27 19:43:53 2020 -0700.py,Controller,False,13,1,26,/Users/neda/Documents/workspace6/DissertationProject/util/Python/models/controller/controller
848cc592,/Users/neda/Documents/workspace6/DissertationProject/util/Python/models/controller/controller@b8014d55@Mon Jul 27 19:43:53 2020 -0700.py,StepTimer,False,13,1,26,/Users/neda/Documents/workspace6/DissertationProject/util/Python/models/controller/controller
848cc592,/Users/neda/Documents/workspace6/DissertationProject/util/Python/models/controller/controller@134c9508@Mon Jul 27 19:43:53 2020 -0700.py,Controller,False,14,1,26,/Users/neda/Documents/workspace6/DissertationProject/util/Python/models/controller/controller
848cc592,/Users/neda/Documents/workspace6/DissertationProject/util/Python/models/controller/controller@134c9508@Mon Jul 27 19:43:53 2020 -0700.py,StepTimer,False,14,1,26,/Users/neda/Documents/workspace6/DissertationProject/util/Python/models/controller/controller
848cc592,/Users/neda/Documents/workspace6/DissertationProject/util/Python/models/controller/controller@a0a0dbde@Mon Jul 27 23:56:43 2020 -0700.py,Controller,False,15,1,26,/Users/neda/Documents/workspace6/DissertationProject/util/Python/models/controller/controller
848cc592,/Users/neda/Documents/workspace6/DissertationProject/util/Python/models/controller/controller@a0a0dbde@Mon Jul 27 23:56:43 2020 -0700.py,StepTimer,False,15,1,26,/Users/neda/Documents/workspace6/DissertationProject/util/Python/models/controller/controller
848cc592,/Users/neda/Documents/workspace6/DissertationProject/util/Python/models/controller/controller@9556ebcc@Mon Jul 27 23:56:43 2020 -0700.py,Controller,False,16,1,26,/Users/neda/Documents/workspace6/DissertationProject/util/Python/models/controller/controller
848cc592,/Users/neda/Documents/workspace6/DissertationProject/util/Python/models/controller/controller@9556ebcc@Mon Jul 27 23:56:43 2020 -0700.py,StepTimer,False,16,1,26,/Users/neda/Documents/workspace6/DissertationProject/util/Python/models/controller/controller
848cc592,/Users/neda/Documents/workspace6/DissertationProject/util/Python/models/controller/controller@24501315@Thu Jul 30 22:50:24 2020 -0700.py,Controller,False,17,1,26,/Users/neda/Documents/workspace6/DissertationProject/util/Python/models/controller/controller
848cc592,/Users/neda/Documents/workspace6/DissertationProject/util/Python/models/controller/controller@24501315@Thu Jul 30 22:50:24 2020 -0700.py,StepTimer,False,17,1,26,/Users/neda/Documents/workspace6/DissertationProject/util/Python/models/controller/controller
848cc592,/Users/neda/Documents/workspace6/DissertationProject/util/Python/models/controller/controller@4ebcdbf0@Thu Jul 30 22:50:24 2020 -0700.py,Controller,False,18,1,26,/Users/neda/Documents/workspace6/DissertationProject/util/Python/models/controller/controller
848cc592,/Users/neda/Documents/workspace6/DissertationProject/util/Python/models/controller/controller@4ebcdbf0@Thu Jul 30 22:50:24 2020 -0700.py,StepTimer,False,18,1,26,/Users/neda/Documents/workspace6/DissertationProject/util/Python/models/controller/controller
848cc592,/Users/neda/Documents/workspace6/DissertationProject/util/Python/models/controller/controller@02b874a1@Wed Aug 5 15:31:53 2020 -0700.py,Controller,False,19,1,26,/Users/neda/Documents/workspace6/DissertationProject/util/Python/models/controller/controller
848cc592,/Users/neda/Documents/workspace6/DissertationProject/util/Python/models/controller/controller@02b874a1@Wed Aug 5 15:31:53 2020 -0700.py,StepTimer,False,19,1,26,/Users/neda/Documents/workspace6/DissertationProject/util/Python/models/controller/controller
848cc592,/Users/neda/Documents/workspace6/DissertationProject/util/Python/models/controller/controller@f8d6d99d@Wed Aug 5 15:31:53 2020 -0700.py,Controller,False,20,1,26,/Users/neda/Documents/workspace6/DissertationProject/util/Python/models/controller/controller
848cc592,/Users/neda/Documents/workspace6/DissertationProject/util/Python/models/controller/controller@f8d6d99d@Wed Aug 5 15:31:53 2020 -0700.py,StepTimer,False,20,1,26,/Users/neda/Documents/workspace6/DissertationProject/util/Python/models/controller/controller
848cc592,/Users/neda/Documents/workspace6/DissertationProject/util/Python/models/controller/controller@b7e9ad13@Tue Aug 11 15:38:13 2020 -0700.py,Controller,False,21,1,26,/Users/neda/Documents/workspace6/DissertationProject/util/Python/models/controller/controller
848cc592,/Users/neda/Documents/workspace6/DissertationProject/util/Python/models/controller/controller@b7e9ad13@Tue Aug 11 15:38:13 2020 -0700.py,StepTimer,False,21,1,26,/Users/neda/Documents/workspace6/DissertationProject/util/Python/models/controller/controller
848cc592,/Users/neda/Documents/workspace6/DissertationProject/util/Python/models/controller/controller@7c29567d@Tue Aug 11 15:38:13 2020 -0700.py,Controller,False,22,1,26,/Users/neda/Documents/workspace6/DissertationProject/util/Python/models/controller/controller
848cc592,/Users/neda/Documents/workspace6/DissertationProject/util/Python/models/controller/controller@7c29567d@Tue Aug 11 15:38:13 2020 -0700.py,StepTimer,False,22,1,26,/Users/neda/Documents/workspace6/DissertationProject/util/Python/models/controller/controller
848cc592,/Users/neda/Documents/workspace6/DissertationProject/util/Python/models/controller/controller@79354e14@Tue Sep 29 22:14:11 2020 -0700.py,Controller,False,23,1,26,/Users/neda/Documents/workspace6/DissertationProject/util/Python/models/controller/controller
848cc592,/Users/neda/Documents/workspace6/DissertationProject/util/Python/models/controller/controller@79354e14@Tue Sep 29 22:14:11 2020 -0700.py,StepTimer,False,23,1,26,/Users/neda/Documents/workspace6/DissertationProject/util/Python/models/controller/controller
848cc592,/Users/neda/Documents/workspace6/DissertationProject/util/Python/models/controller/controller@2d342592@Mon Oct 5 10:28:41 2020 -0700.py,Controller,False,24,1,26,/Users/neda/Documents/workspace6/DissertationProject/util/Python/models/controller/controller
848cc592,/Users/neda/Documents/workspace6/DissertationProject/util/Python/models/controller/controller@2d342592@Mon Oct 5 10:28:41 2020 -0700.py,StepTimer,False,24,1,26,/Users/neda/Documents/workspace6/DissertationProject/util/Python/models/controller/controller
848cc592,/Users/neda/Documents/workspace6/DissertationProject/util/Python/models/controller/controller@cf9d4735@Tue Oct 6 09:44:50 2020 -0700.py,Controller,False,25,1,26,/Users/neda/Documents/workspace6/DissertationProject/util/Python/models/controller/controller
848cc592,/Users/neda/Documents/workspace6/DissertationProject/util/Python/models/controller/controller@cf9d4735@Tue Oct 6 09:44:50 2020 -0700.py,StepTimer,False,25,1,26,/Users/neda/Documents/workspace6/DissertationProject/util/Python/models/controller/controller
ffb8041e,/Users/neda/Documents/workspace6/DissertationProject/util/Python/models/process_bounding_boxes/process_bounding_boxes@c924285b@Thu Nov 17 16:53:19 2016 +0800.py,BoundingBox,False,0,7,12,/Users/neda/Documents/workspace6/DissertationProject/util/Python/models/process_bounding_boxes/process_bounding_boxes
ffb8041e,/Users/neda/Documents/workspace6/DissertationProject/util/Python/models/process_bounding_boxes/process_bounding_boxes@2335c9fc@Thu Dec 15 19:25:26 2016 +0900.py,BoundingBox,False,1,7,12,/Users/neda/Documents/workspace6/DissertationProject/util/Python/models/process_bounding_boxes/process_bounding_boxes
ffb8041e,/Users/neda/Documents/workspace6/DissertationProject/util/Python/models/process_bounding_boxes/process_bounding_boxes@052e5e8b@Thu Feb 23 14:30:07 2017 -0800.py,BoundingBox,False,2,7,12,/Users/neda/Documents/workspace6/DissertationProject/util/Python/models/process_bounding_boxes/process_bounding_boxes
ffb8041e,/Users/neda/Documents/workspace6/DissertationProject/util/Python/models/process_bounding_boxes/process_bounding_boxes@2e165569@Wed Mar 15 21:05:27 2017 -0700.py,BoundingBox,False,3,7,12,/Users/neda/Documents/workspace6/DissertationProject/util/Python/models/process_bounding_boxes/process_bounding_boxes
ffb8041e,/Users/neda/Documents/workspace6/DissertationProject/util/Python/models/process_bounding_boxes/process_bounding_boxes@b7e77995@Wed May 31 17:02:05 2017 -0700.py,BoundingBox,False,4,7,12,/Users/neda/Documents/workspace6/DissertationProject/util/Python/models/process_bounding_boxes/process_bounding_boxes
ffb8041e,/Users/neda/Documents/workspace6/DissertationProject/util/Python/models/process_bounding_boxes/process_bounding_boxes@848cc592@Sat Jan 20 15:03:04 2018 +0100.py,BoundingBox,False,5,7,12,/Users/neda/Documents/workspace6/DissertationProject/util/Python/models/process_bounding_boxes/process_bounding_boxes
ffb8041e,/Users/neda/Documents/workspace6/DissertationProject/util/Python/models/process_bounding_boxes/process_bounding_boxes@629adffa@Tue Feb 27 15:28:03 2018 -0800.py,BoundingBox,False,6,7,12,/Users/neda/Documents/workspace6/DissertationProject/util/Python/models/process_bounding_boxes/process_bounding_boxes
ffb8041e,/Users/neda/Documents/workspace6/DissertationProject/util/Python/models/process_bounding_boxes/process_bounding_boxes@ffb8041e@Tue Mar 6 00:21:05 2018 +0100.py,BoundingBox,False,7,7,12,/Users/neda/Documents/workspace6/DissertationProject/util/Python/models/process_bounding_boxes/process_bounding_boxes
ffb8041e,/Users/neda/Documents/workspace6/DissertationProject/util/Python/models/process_bounding_boxes/process_bounding_boxes@376dc8dd@Tue Mar 13 14:03:42 2018 -0700.py,BoundingBox,False,8,7,12,/Users/neda/Documents/workspace6/DissertationProject/util/Python/models/process_bounding_boxes/process_bounding_boxes
ffb8041e,/Users/neda/Documents/workspace6/DissertationProject/util/Python/models/process_bounding_boxes/process_bounding_boxes@cd850550@Thu Mar 22 16:55:05 2018 +0100.py,BoundingBox,False,9,7,12,/Users/neda/Documents/workspace6/DissertationProject/util/Python/models/process_bounding_boxes/process_bounding_boxes
ffb8041e,/Users/neda/Documents/workspace6/DissertationProject/util/Python/models/process_bounding_boxes/process_bounding_boxes@001a2a61@Thu Mar 22 10:14:28 2018 -0700.py,BoundingBox,False,10,7,12,/Users/neda/Documents/workspace6/DissertationProject/util/Python/models/process_bounding_boxes/process_bounding_boxes
ffb8041e,/Users/neda/Documents/workspace6/DissertationProject/util/Python/models/process_bounding_boxes/process_bounding_boxes@1bfe1df1@Wed Mar 28 13:47:26 2018 -0700.py,BoundingBox,False,11,7,12,/Users/neda/Documents/workspace6/DissertationProject/util/Python/models/process_bounding_boxes/process_bounding_boxes
ffb8041e,/Users/neda/Documents/workspace6/DissertationProject/util/Python/models/build_imagenet_data/build_imagenet_data@e1364ca0@Fri Sep 30 14:18:44 2016 -0700.py,ImageCoder,False,0,9,18,/Users/neda/Documents/workspace6/DissertationProject/util/Python/models/build_imagenet_data/build_imagenet_data
ffb8041e,/Users/neda/Documents/workspace6/DissertationProject/util/Python/models/build_imagenet_data/build_imagenet_data@c6a4f783@Fri Sep 30 18:13:04 2016 -0700.py,ImageCoder,False,1,9,18,/Users/neda/Documents/workspace6/DissertationProject/util/Python/models/build_imagenet_data/build_imagenet_data
ffb8041e,/Users/neda/Documents/workspace6/DissertationProject/util/Python/models/build_imagenet_data/build_imagenet_data@e93fdcca@Fri Oct 14 22:29:24 2016 -0700.py,ImageCoder,False,2,9,18,/Users/neda/Documents/workspace6/DissertationProject/util/Python/models/build_imagenet_data/build_imagenet_data
ffb8041e,/Users/neda/Documents/workspace6/DissertationProject/util/Python/models/build_imagenet_data/build_imagenet_data@2335c9fc@Thu Dec 15 19:25:26 2016 +0900.py,ImageCoder,False,3,9,18,/Users/neda/Documents/workspace6/DissertationProject/util/Python/models/build_imagenet_data/build_imagenet_data
ffb8041e,/Users/neda/Documents/workspace6/DissertationProject/util/Python/models/build_imagenet_data/build_imagenet_data@c539b46d@Sat Mar 25 15:34:17 2017 -0700.py,ImageCoder,False,4,9,18,/Users/neda/Documents/workspace6/DissertationProject/util/Python/models/build_imagenet_data/build_imagenet_data
ffb8041e,/Users/neda/Documents/workspace6/DissertationProject/util/Python/models/build_imagenet_data/build_imagenet_data@848cc592@Sat Jan 20 15:03:04 2018 +0100.py,ImageCoder,False,5,9,18,/Users/neda/Documents/workspace6/DissertationProject/util/Python/models/build_imagenet_data/build_imagenet_data
ffb8041e,/Users/neda/Documents/workspace6/DissertationProject/util/Python/models/build_imagenet_data/build_imagenet_data@6ab25864@Tue Jan 30 10:08:43 2018 -0800.py,ImageCoder,False,6,9,18,/Users/neda/Documents/workspace6/DissertationProject/util/Python/models/build_imagenet_data/build_imagenet_data
ffb8041e,/Users/neda/Documents/workspace6/DissertationProject/util/Python/models/build_imagenet_data/build_imagenet_data@7d8a2c0d@Wed Jan 31 18:48:55 2018 +0100.py,ImageCoder,False,7,9,18,/Users/neda/Documents/workspace6/DissertationProject/util/Python/models/build_imagenet_data/build_imagenet_data
ffb8041e,/Users/neda/Documents/workspace6/DissertationProject/util/Python/models/build_imagenet_data/build_imagenet_data@629adffa@Tue Feb 27 15:28:03 2018 -0800.py,ImageCoder,False,8,9,18,/Users/neda/Documents/workspace6/DissertationProject/util/Python/models/build_imagenet_data/build_imagenet_data
ffb8041e,/Users/neda/Documents/workspace6/DissertationProject/util/Python/models/build_imagenet_data/build_imagenet_data@ffb8041e@Tue Mar 6 00:21:05 2018 +0100.py,ImageCoder,False,9,9,18,/Users/neda/Documents/workspace6/DissertationProject/util/Python/models/build_imagenet_data/build_imagenet_data
ffb8041e,/Users/neda/Documents/workspace6/DissertationProject/util/Python/models/build_imagenet_data/build_imagenet_data@376dc8dd@Tue Mar 13 14:03:42 2018 -0700.py,ImageCoder,False,10,9,18,/Users/neda/Documents/workspace6/DissertationProject/util/Python/models/build_imagenet_data/build_imagenet_data
ffb8041e,/Users/neda/Documents/workspace6/DissertationProject/util/Python/models/build_imagenet_data/build_imagenet_data@39b7dcf9@Sat Mar 17 20:49:56 2018 -0700.py,ImageCoder,False,11,9,18,/Users/neda/Documents/workspace6/DissertationProject/util/Python/models/build_imagenet_data/build_imagenet_data
ffb8041e,/Users/neda/Documents/workspace6/DissertationProject/util/Python/models/build_imagenet_data/build_imagenet_data@cd850550@Thu Mar 22 16:55:05 2018 +0100.py,ImageCoder,False,12,9,18,/Users/neda/Documents/workspace6/DissertationProject/util/Python/models/build_imagenet_data/build_imagenet_data
ffb8041e,/Users/neda/Documents/workspace6/DissertationProject/util/Python/models/build_imagenet_data/build_imagenet_data@001a2a61@Thu Mar 22 10:14:28 2018 -0700.py,ImageCoder,False,13,9,18,/Users/neda/Documents/workspace6/DissertationProject/util/Python/models/build_imagenet_data/build_imagenet_data
ffb8041e,/Users/neda/Documents/workspace6/DissertationProject/util/Python/models/build_imagenet_data/build_imagenet_data@1bfe1df1@Wed Mar 28 13:47:26 2018 -0700.py,ImageCoder,False,14,9,18,/Users/neda/Documents/workspace6/DissertationProject/util/Python/models/build_imagenet_data/build_imagenet_data
ffb8041e,/Users/neda/Documents/workspace6/DissertationProject/util/Python/models/build_imagenet_data/build_imagenet_data@dc41b706@Fri Jan 11 18:38:12 2019 +0100.py,ImageCoder,False,15,9,18,/Users/neda/Documents/workspace6/DissertationProject/util/Python/models/build_imagenet_data/build_imagenet_data
ffb8041e,/Users/neda/Documents/workspace6/DissertationProject/util/Python/models/build_imagenet_data/build_imagenet_data@67c403fc@Fri Apr 26 11:27:42 2019 -0700.py,ImageCoder,False,16,9,18,/Users/neda/Documents/workspace6/DissertationProject/util/Python/models/build_imagenet_data/build_imagenet_data
ffb8041e,/Users/neda/Documents/workspace6/DissertationProject/util/Python/models/build_imagenet_data/build_imagenet_data@451906e4@Tue May 26 16:19:59 2020 -0700.py,ImageCoder,False,17,9,18,/Users/neda/Documents/workspace6/DissertationProject/util/Python/models/build_imagenet_data/build_imagenet_data
848cc592,/Users/neda/Documents/workspace6/DissertationProject/util/Python/models/build_mscoco_data/build_mscoco_data@e1364ca0@Fri Sep 30 14:18:44 2016 -0700.py,Vocabulary,False,0,5,6,/Users/neda/Documents/workspace6/DissertationProject/util/Python/models/build_mscoco_data/build_mscoco_data
848cc592,/Users/neda/Documents/workspace6/DissertationProject/util/Python/models/build_mscoco_data/build_mscoco_data@e1364ca0@Fri Sep 30 14:18:44 2016 -0700.py,ImageDecoder,False,0,5,6,/Users/neda/Documents/workspace6/DissertationProject/util/Python/models/build_mscoco_data/build_mscoco_data
848cc592,/Users/neda/Documents/workspace6/DissertationProject/util/Python/models/build_mscoco_data/build_mscoco_data@c6a4f783@Fri Sep 30 18:13:04 2016 -0700.py,Vocabulary,False,1,5,6,/Users/neda/Documents/workspace6/DissertationProject/util/Python/models/build_mscoco_data/build_mscoco_data
848cc592,/Users/neda/Documents/workspace6/DissertationProject/util/Python/models/build_mscoco_data/build_mscoco_data@c6a4f783@Fri Sep 30 18:13:04 2016 -0700.py,ImageDecoder,False,1,5,6,/Users/neda/Documents/workspace6/DissertationProject/util/Python/models/build_mscoco_data/build_mscoco_data
848cc592,/Users/neda/Documents/workspace6/DissertationProject/util/Python/models/build_mscoco_data/build_mscoco_data@e93fdcca@Fri Oct 14 22:29:24 2016 -0700.py,Vocabulary,False,2,5,6,/Users/neda/Documents/workspace6/DissertationProject/util/Python/models/build_mscoco_data/build_mscoco_data
848cc592,/Users/neda/Documents/workspace6/DissertationProject/util/Python/models/build_mscoco_data/build_mscoco_data@e93fdcca@Fri Oct 14 22:29:24 2016 -0700.py,ImageDecoder,False,2,5,6,/Users/neda/Documents/workspace6/DissertationProject/util/Python/models/build_mscoco_data/build_mscoco_data
848cc592,/Users/neda/Documents/workspace6/DissertationProject/util/Python/models/build_mscoco_data/build_mscoco_data@a109f461@Wed Nov 9 10:47:44 2016 -0500.py,Vocabulary,False,3,5,6,/Users/neda/Documents/workspace6/DissertationProject/util/Python/models/build_mscoco_data/build_mscoco_data
848cc592,/Users/neda/Documents/workspace6/DissertationProject/util/Python/models/build_mscoco_data/build_mscoco_data@a109f461@Wed Nov 9 10:47:44 2016 -0500.py,ImageDecoder,False,3,5,6,/Users/neda/Documents/workspace6/DissertationProject/util/Python/models/build_mscoco_data/build_mscoco_data
848cc592,/Users/neda/Documents/workspace6/DissertationProject/util/Python/models/build_mscoco_data/build_mscoco_data@8b667903@Thu Jan 19 04:27:08 2017 -0500.py,Vocabulary,False,4,5,6,/Users/neda/Documents/workspace6/DissertationProject/util/Python/models/build_mscoco_data/build_mscoco_data
848cc592,/Users/neda/Documents/workspace6/DissertationProject/util/Python/models/build_mscoco_data/build_mscoco_data@8b667903@Thu Jan 19 04:27:08 2017 -0500.py,ImageDecoder,False,4,5,6,/Users/neda/Documents/workspace6/DissertationProject/util/Python/models/build_mscoco_data/build_mscoco_data
848cc592,/Users/neda/Documents/workspace6/DissertationProject/util/Python/models/build_mscoco_data/build_mscoco_data@848cc592@Sat Jan 20 15:03:04 2018 +0100.py,Vocabulary,False,5,5,6,/Users/neda/Documents/workspace6/DissertationProject/util/Python/models/build_mscoco_data/build_mscoco_data
848cc592,/Users/neda/Documents/workspace6/DissertationProject/util/Python/models/build_mscoco_data/build_mscoco_data@848cc592@Sat Jan 20 15:03:04 2018 +0100.py,ImageDecoder,False,5,5,6,/Users/neda/Documents/workspace6/DissertationProject/util/Python/models/build_mscoco_data/build_mscoco_data
6f881f77,/Users/neda/Documents/workspace6/DissertationProject/util/Python/models/cifar10_main/cifar10_main@b36c01b6@Thu Jul 6 20:34:51 2017 -0400.py,ParamServerDeviceSetter,False,0,95,111,/Users/neda/Documents/workspace6/DissertationProject/util/Python/models/cifar10_main/cifar10_main
6f881f77,/Users/neda/Documents/workspace6/DissertationProject/util/Python/models/cifar10_main/cifar10_main@b6313d65@Fri Jul 7 11:36:13 2017 -0400.py,ParamServerDeviceSetter,False,1,95,111,/Users/neda/Documents/workspace6/DissertationProject/util/Python/models/cifar10_main/cifar10_main
6f881f77,/Users/neda/Documents/workspace6/DissertationProject/util/Python/models/cifar10_main/cifar10_main@28328ae3@Fri Jul 7 11:47:53 2017 -0400.py,ParamServerDeviceSetter,False,2,95,111,/Users/neda/Documents/workspace6/DissertationProject/util/Python/models/cifar10_main/cifar10_main
6f881f77,/Users/neda/Documents/workspace6/DissertationProject/util/Python/models/cifar10_main/cifar10_main@71e8adc7@Mon Jul 10 19:36:23 2017 +0000.py,ParamServerDeviceSetter,False,3,95,111,/Users/neda/Documents/workspace6/DissertationProject/util/Python/models/cifar10_main/cifar10_main
6f881f77,/Users/neda/Documents/workspace6/DissertationProject/util/Python/models/cifar10_main/cifar10_main@1b221a2c@Thu Jul 20 14:27:07 2017 -0700.py,ParamServerDeviceSetter,False,4,95,111,/Users/neda/Documents/workspace6/DissertationProject/util/Python/models/cifar10_main/cifar10_main
6f881f77,/Users/neda/Documents/workspace6/DissertationProject/util/Python/models/cifar10_main/cifar10_main@74ecc048@Mon Jul 24 10:25:57 2017 -0400.py,ParamServerDeviceSetter,False,5,95,111,/Users/neda/Documents/workspace6/DissertationProject/util/Python/models/cifar10_main/cifar10_main
6f881f77,/Users/neda/Documents/workspace6/DissertationProject/util/Python/models/cifar10_main/cifar10_main@afa7954d@Mon Jul 24 10:29:17 2017 -0400.py,ParamServerDeviceSetter,False,6,95,111,/Users/neda/Documents/workspace6/DissertationProject/util/Python/models/cifar10_main/cifar10_main
6f881f77,/Users/neda/Documents/workspace6/DissertationProject/util/Python/models/cifar10_main/cifar10_main@5dabcadd@Mon Jul 24 12:18:14 2017 -0400.py,ParamServerDeviceSetter,False,7,95,111,/Users/neda/Documents/workspace6/DissertationProject/util/Python/models/cifar10_main/cifar10_main
6f881f77,/Users/neda/Documents/workspace6/DissertationProject/util/Python/models/cifar10_main/cifar10_main@8696627c@Mon Jul 24 14:39:11 2017 -0400.py,ParamServerDeviceSetter,False,8,95,111,/Users/neda/Documents/workspace6/DissertationProject/util/Python/models/cifar10_main/cifar10_main
6f881f77,/Users/neda/Documents/workspace6/DissertationProject/util/Python/models/cifar10_main/cifar10_main@943dff84@Tue Jul 25 17:08:14 2017 -0400.py,ParamServerDeviceSetter,False,9,95,111,/Users/neda/Documents/workspace6/DissertationProject/util/Python/models/cifar10_main/cifar10_main
6f881f77,/Users/neda/Documents/workspace6/DissertationProject/util/Python/models/cifar10_main/cifar10_main@2e960eb1@Wed Jul 26 08:16:45 2017 -0700.py,GpuParamServerDeviceSetter,False,10,95,111,/Users/neda/Documents/workspace6/DissertationProject/util/Python/models/cifar10_main/cifar10_main
6f881f77,/Users/neda/Documents/workspace6/DissertationProject/util/Python/models/cifar10_main/cifar10_main@f24c44d5@Thu Jul 27 13:54:18 2017 -0400.py,ParamServerDeviceSetter,False,11,95,111,/Users/neda/Documents/workspace6/DissertationProject/util/Python/models/cifar10_main/cifar10_main
6f881f77,/Users/neda/Documents/workspace6/DissertationProject/util/Python/models/cifar10_main/cifar10_main@d1b67060@Thu Jul 27 17:10:10 2017 -0700.py,GpuParamServerDeviceSetter,False,12,95,111,/Users/neda/Documents/workspace6/DissertationProject/util/Python/models/cifar10_main/cifar10_main
6f881f77,/Users/neda/Documents/workspace6/DissertationProject/util/Python/models/cifar10_main/cifar10_main@7bea23de@Fri Jul 28 17:31:22 2017 -0400.py,ExamplesPerSecondHook,False,13,95,111,/Users/neda/Documents/workspace6/DissertationProject/util/Python/models/cifar10_main/cifar10_main
6f881f77,/Users/neda/Documents/workspace6/DissertationProject/util/Python/models/cifar10_main/cifar10_main@7bea23de@Fri Jul 28 17:31:22 2017 -0400.py,GpuParamServerDeviceSetter,False,13,95,111,/Users/neda/Documents/workspace6/DissertationProject/util/Python/models/cifar10_main/cifar10_main
6f881f77,/Users/neda/Documents/workspace6/DissertationProject/util/Python/models/cifar10_main/cifar10_main@2f69dc64@Fri Jul 28 18:04:52 2017 -0400.py,ExamplesPerSecondHook,False,14,95,111,/Users/neda/Documents/workspace6/DissertationProject/util/Python/models/cifar10_main/cifar10_main
6f881f77,/Users/neda/Documents/workspace6/DissertationProject/util/Python/models/cifar10_main/cifar10_main@2f69dc64@Fri Jul 28 18:04:52 2017 -0400.py,GpuParamServerDeviceSetter,False,14,95,111,/Users/neda/Documents/workspace6/DissertationProject/util/Python/models/cifar10_main/cifar10_main
6f881f77,/Users/neda/Documents/workspace6/DissertationProject/util/Python/models/cifar10_main/cifar10_main@ee832b66@Wed Aug 2 09:48:37 2017 -0400.py,ExamplesPerSecondHook,False,15,95,111,/Users/neda/Documents/workspace6/DissertationProject/util/Python/models/cifar10_main/cifar10_main
6f881f77,/Users/neda/Documents/workspace6/DissertationProject/util/Python/models/cifar10_main/cifar10_main@ee832b66@Wed Aug 2 09:48:37 2017 -0400.py,GpuParamServerDeviceSetter,False,15,95,111,/Users/neda/Documents/workspace6/DissertationProject/util/Python/models/cifar10_main/cifar10_main
6f881f77,/Users/neda/Documents/workspace6/DissertationProject/util/Python/models/cifar10_main/cifar10_main@4359c6d4@Wed Aug 2 11:01:33 2017 -0400.py,ExamplesPerSecondHook,False,16,95,111,/Users/neda/Documents/workspace6/DissertationProject/util/Python/models/cifar10_main/cifar10_main
6f881f77,/Users/neda/Documents/workspace6/DissertationProject/util/Python/models/cifar10_main/cifar10_main@4359c6d4@Wed Aug 2 11:01:33 2017 -0400.py,GpuParamServerDeviceSetter,False,16,95,111,/Users/neda/Documents/workspace6/DissertationProject/util/Python/models/cifar10_main/cifar10_main
6f881f77,/Users/neda/Documents/workspace6/DissertationProject/util/Python/models/cifar10_main/cifar10_main@99cb3f70@Wed Aug 2 18:04:07 2017 -0400.py,ExamplesPerSecondHook,False,17,95,111,/Users/neda/Documents/workspace6/DissertationProject/util/Python/models/cifar10_main/cifar10_main
6f881f77,/Users/neda/Documents/workspace6/DissertationProject/util/Python/models/cifar10_main/cifar10_main@99cb3f70@Wed Aug 2 18:04:07 2017 -0400.py,GpuParamServerDeviceSetter,False,17,95,111,/Users/neda/Documents/workspace6/DissertationProject/util/Python/models/cifar10_main/cifar10_main
6f881f77,/Users/neda/Documents/workspace6/DissertationProject/util/Python/models/cifar10_main/cifar10_main@1e41d029@Wed Aug 2 20:17:13 2017 -0400.py,ExamplesPerSecondHook,False,18,95,111,/Users/neda/Documents/workspace6/DissertationProject/util/Python/models/cifar10_main/cifar10_main
6f881f77,/Users/neda/Documents/workspace6/DissertationProject/util/Python/models/cifar10_main/cifar10_main@1e41d029@Wed Aug 2 20:17:13 2017 -0400.py,GpuParamServerDeviceSetter,False,18,95,111,/Users/neda/Documents/workspace6/DissertationProject/util/Python/models/cifar10_main/cifar10_main
6f881f77,/Users/neda/Documents/workspace6/DissertationProject/util/Python/models/cifar10_main/cifar10_main@3ee411b4@Wed Aug 2 20:28:27 2017 -0400.py,ExamplesPerSecondHook,False,19,95,111,/Users/neda/Documents/workspace6/DissertationProject/util/Python/models/cifar10_main/cifar10_main
6f881f77,/Users/neda/Documents/workspace6/DissertationProject/util/Python/models/cifar10_main/cifar10_main@3ee411b4@Wed Aug 2 20:28:27 2017 -0400.py,GpuParamServerDeviceSetter,False,19,95,111,/Users/neda/Documents/workspace6/DissertationProject/util/Python/models/cifar10_main/cifar10_main
6f881f77,/Users/neda/Documents/workspace6/DissertationProject/util/Python/models/cifar10_main/cifar10_main@01122544@Wed Aug 2 20:41:27 2017 -0400.py,ExamplesPerSecondHook,False,20,95,111,/Users/neda/Documents/workspace6/DissertationProject/util/Python/models/cifar10_main/cifar10_main
6f881f77,/Users/neda/Documents/workspace6/DissertationProject/util/Python/models/cifar10_main/cifar10_main@01122544@Wed Aug 2 20:41:27 2017 -0400.py,GpuParamServerDeviceSetter,False,20,95,111,/Users/neda/Documents/workspace6/DissertationProject/util/Python/models/cifar10_main/cifar10_main
6f881f77,/Users/neda/Documents/workspace6/DissertationProject/util/Python/models/cifar10_main/cifar10_main@4c9ce20e@Thu Aug 3 16:34:30 2017 -0400.py,ExamplesPerSecondHook,False,21,95,111,/Users/neda/Documents/workspace6/DissertationProject/util/Python/models/cifar10_main/cifar10_main
6f881f77,/Users/neda/Documents/workspace6/DissertationProject/util/Python/models/cifar10_main/cifar10_main@4c9ce20e@Thu Aug 3 16:34:30 2017 -0400.py,GpuParamServerDeviceSetter,False,21,95,111,/Users/neda/Documents/workspace6/DissertationProject/util/Python/models/cifar10_main/cifar10_main
6f881f77,/Users/neda/Documents/workspace6/DissertationProject/util/Python/models/cifar10_main/cifar10_main@8c019479@Thu Aug 3 16:36:05 2017 -0400.py,ExamplesPerSecondHook,False,22,95,111,/Users/neda/Documents/workspace6/DissertationProject/util/Python/models/cifar10_main/cifar10_main
6f881f77,/Users/neda/Documents/workspace6/DissertationProject/util/Python/models/cifar10_main/cifar10_main@8c019479@Thu Aug 3 16:36:05 2017 -0400.py,GpuParamServerDeviceSetter,False,22,95,111,/Users/neda/Documents/workspace6/DissertationProject/util/Python/models/cifar10_main/cifar10_main
6f881f77,/Users/neda/Documents/workspace6/DissertationProject/util/Python/models/cifar10_main/cifar10_main@1b0bf3e6@Mon Aug 7 16:16:53 2017 -0700.py,ExamplesPerSecondHook,False,23,95,111,/Users/neda/Documents/workspace6/DissertationProject/util/Python/models/cifar10_main/cifar10_main
6f881f77,/Users/neda/Documents/workspace6/DissertationProject/util/Python/models/cifar10_main/cifar10_main@1b0bf3e6@Mon Aug 7 16:16:53 2017 -0700.py,GpuParamServerDeviceSetter,False,23,95,111,/Users/neda/Documents/workspace6/DissertationProject/util/Python/models/cifar10_main/cifar10_main
6f881f77,/Users/neda/Documents/workspace6/DissertationProject/util/Python/models/cifar10_main/cifar10_main@79e40801@Mon Aug 7 17:04:18 2017 -0700.py,ExamplesPerSecondHook,False,24,95,111,/Users/neda/Documents/workspace6/DissertationProject/util/Python/models/cifar10_main/cifar10_main
6f881f77,/Users/neda/Documents/workspace6/DissertationProject/util/Python/models/cifar10_main/cifar10_main@79e40801@Mon Aug 7 17:04:18 2017 -0700.py,GpuParamServerDeviceSetter,False,24,95,111,/Users/neda/Documents/workspace6/DissertationProject/util/Python/models/cifar10_main/cifar10_main
6f881f77,/Users/neda/Documents/workspace6/DissertationProject/util/Python/models/cifar10_main/cifar10_main@30fa4ebb@Tue Aug 15 12:43:14 2017 -0700.py,ExamplesPerSecondHook,False,25,95,111,/Users/neda/Documents/workspace6/DissertationProject/util/Python/models/cifar10_main/cifar10_main
6f881f77,/Users/neda/Documents/workspace6/DissertationProject/util/Python/models/cifar10_main/cifar10_main@30fa4ebb@Tue Aug 15 12:43:14 2017 -0700.py,GpuParamServerDeviceSetter,False,25,95,111,/Users/neda/Documents/workspace6/DissertationProject/util/Python/models/cifar10_main/cifar10_main
6f881f77,/Users/neda/Documents/workspace6/DissertationProject/util/Python/models/cifar10_main/cifar10_main@d067ce0a@Wed Aug 16 14:39:26 2017 -0700.py,ExamplesPerSecondHook,False,26,95,111,/Users/neda/Documents/workspace6/DissertationProject/util/Python/models/cifar10_main/cifar10_main
6f881f77,/Users/neda/Documents/workspace6/DissertationProject/util/Python/models/cifar10_main/cifar10_main@d067ce0a@Wed Aug 16 14:39:26 2017 -0700.py,GpuParamServerDeviceSetter,False,26,95,111,/Users/neda/Documents/workspace6/DissertationProject/util/Python/models/cifar10_main/cifar10_main
6f881f77,/Users/neda/Documents/workspace6/DissertationProject/util/Python/models/cifar10_main/cifar10_main@8b829873@Wed Aug 16 15:49:01 2017 -0700.py,ExamplesPerSecondHook,False,27,95,111,/Users/neda/Documents/workspace6/DissertationProject/util/Python/models/cifar10_main/cifar10_main
6f881f77,/Users/neda/Documents/workspace6/DissertationProject/util/Python/models/cifar10_main/cifar10_main@8b829873@Wed Aug 16 15:49:01 2017 -0700.py,GpuParamServerDeviceSetter,False,27,95,111,/Users/neda/Documents/workspace6/DissertationProject/util/Python/models/cifar10_main/cifar10_main
6f881f77,/Users/neda/Documents/workspace6/DissertationProject/util/Python/models/cifar10_main/cifar10_main@31adae53@Thu Feb 1 18:46:00 2018 -0800.py,Cifar10Model,False,54,95,111,/Users/neda/Documents/workspace6/DissertationProject/util/Python/models/cifar10_main/cifar10_main
6f881f77,/Users/neda/Documents/workspace6/DissertationProject/util/Python/models/cifar10_main/cifar10_main@a6758929@Fri Feb 2 20:46:45 2018 -0800.py,Cifar10Model,False,55,95,111,/Users/neda/Documents/workspace6/DissertationProject/util/Python/models/cifar10_main/cifar10_main
6f881f77,/Users/neda/Documents/workspace6/DissertationProject/util/Python/models/cifar10_main/cifar10_main@2ea91716@Tue Feb 6 12:39:06 2018 -0800.py,Cifar10Model,False,56,95,111,/Users/neda/Documents/workspace6/DissertationProject/util/Python/models/cifar10_main/cifar10_main
6f881f77,/Users/neda/Documents/workspace6/DissertationProject/util/Python/models/cifar10_main/cifar10_main@4d053deb@Wed Feb 7 23:09:21 2018 -0800.py,Cifar10Model,False,57,95,111,/Users/neda/Documents/workspace6/DissertationProject/util/Python/models/cifar10_main/cifar10_main
6f881f77,/Users/neda/Documents/workspace6/DissertationProject/util/Python/models/cifar10_main/cifar10_main@c20eb5ff@Thu Feb 8 12:03:11 2018 -0800.py,Cifar10Model,False,58,95,111,/Users/neda/Documents/workspace6/DissertationProject/util/Python/models/cifar10_main/cifar10_main
6f881f77,/Users/neda/Documents/workspace6/DissertationProject/util/Python/models/cifar10_main/cifar10_main@75c04257@Thu Feb 8 12:10:47 2018 -0800.py,Cifar10Model,False,59,95,111,/Users/neda/Documents/workspace6/DissertationProject/util/Python/models/cifar10_main/cifar10_main
6f881f77,/Users/neda/Documents/workspace6/DissertationProject/util/Python/models/cifar10_main/cifar10_main@a41f00ac@Thu Mar 1 07:52:07 2018 -0800.py,Cifar10Model,False,60,95,111,/Users/neda/Documents/workspace6/DissertationProject/util/Python/models/cifar10_main/cifar10_main
6f881f77,/Users/neda/Documents/workspace6/DissertationProject/util/Python/models/cifar10_main/cifar10_main@74c43aae@Mon Mar 5 13:02:28 2018 -0800.py,Cifar10Model,False,61,95,111,/Users/neda/Documents/workspace6/DissertationProject/util/Python/models/cifar10_main/cifar10_main
6f881f77,/Users/neda/Documents/workspace6/DissertationProject/util/Python/models/cifar10_main/cifar10_main@6e3e5c38@Mon Mar 12 14:05:05 2018 -0700.py,Cifar10Model,False,62,95,111,/Users/neda/Documents/workspace6/DissertationProject/util/Python/models/cifar10_main/cifar10_main
6f881f77,/Users/neda/Documents/workspace6/DissertationProject/util/Python/models/cifar10_main/cifar10_main@f6bba08d@Mon Mar 12 14:27:46 2018 -0700.py,Cifar10Model,False,63,95,111,/Users/neda/Documents/workspace6/DissertationProject/util/Python/models/cifar10_main/cifar10_main
6f881f77,/Users/neda/Documents/workspace6/DissertationProject/util/Python/models/cifar10_main/cifar10_main@822875db@Thu Mar 15 16:19:45 2018 -0700.py,Cifar10Model,False,64,95,111,/Users/neda/Documents/workspace6/DissertationProject/util/Python/models/cifar10_main/cifar10_main
6f881f77,/Users/neda/Documents/workspace6/DissertationProject/util/Python/models/cifar10_main/cifar10_main@dcca6b44@Fri Mar 16 15:44:23 2018 -0700.py,Cifar10Model,False,65,95,111,/Users/neda/Documents/workspace6/DissertationProject/util/Python/models/cifar10_main/cifar10_main
6f881f77,/Users/neda/Documents/workspace6/DissertationProject/util/Python/models/cifar10_main/cifar10_main@adfd5a3a@Tue Mar 20 11:49:14 2018 -0700.py,Cifar10Model,False,66,95,111,/Users/neda/Documents/workspace6/DissertationProject/util/Python/models/cifar10_main/cifar10_main
6f881f77,/Users/neda/Documents/workspace6/DissertationProject/util/Python/models/cifar10_main/cifar10_main@7cfb6bbd@Tue Mar 20 13:10:16 2018 -0700.py,Cifar10Model,False,67,95,111,/Users/neda/Documents/workspace6/DissertationProject/util/Python/models/cifar10_main/cifar10_main
6f881f77,/Users/neda/Documents/workspace6/DissertationProject/util/Python/models/cifar10_main/cifar10_main@5ef68f57@Tue Mar 20 13:32:12 2018 -0700.py,Cifar10Model,False,68,95,111,/Users/neda/Documents/workspace6/DissertationProject/util/Python/models/cifar10_main/cifar10_main
6f881f77,/Users/neda/Documents/workspace6/DissertationProject/util/Python/models/cifar10_main/cifar10_main@eb73a850@Wed Mar 28 14:28:40 2018 -0700.py,Cifar10Model,False,69,95,111,/Users/neda/Documents/workspace6/DissertationProject/util/Python/models/cifar10_main/cifar10_main
6f881f77,/Users/neda/Documents/workspace6/DissertationProject/util/Python/models/cifar10_main/cifar10_main@fbb27cf3@Mon Apr 9 11:14:59 2018 -0700.py,Cifar10Model,False,70,95,111,/Users/neda/Documents/workspace6/DissertationProject/util/Python/models/cifar10_main/cifar10_main
6f881f77,/Users/neda/Documents/workspace6/DissertationProject/util/Python/models/cifar10_main/cifar10_main@32aa6563@Thu Apr 12 14:22:16 2018 -0700.py,Cifar10Model,False,71,95,111,/Users/neda/Documents/workspace6/DissertationProject/util/Python/models/cifar10_main/cifar10_main
6f881f77,/Users/neda/Documents/workspace6/DissertationProject/util/Python/models/cifar10_main/cifar10_main@823da318@Thu Apr 19 10:33:16 2018 -0700.py,Cifar10Model,False,72,95,111,/Users/neda/Documents/workspace6/DissertationProject/util/Python/models/cifar10_main/cifar10_main
6f881f77,/Users/neda/Documents/workspace6/DissertationProject/util/Python/models/cifar10_main/cifar10_main@22a00338@Mon Apr 30 11:02:09 2018 -0700.py,Cifar10Model,False,73,95,111,/Users/neda/Documents/workspace6/DissertationProject/util/Python/models/cifar10_main/cifar10_main
6f881f77,/Users/neda/Documents/workspace6/DissertationProject/util/Python/models/cifar10_main/cifar10_main@5f9f6b84@Wed May 2 17:25:06 2018 -0700.py,Cifar10Model,False,74,95,111,/Users/neda/Documents/workspace6/DissertationProject/util/Python/models/cifar10_main/cifar10_main
6f881f77,/Users/neda/Documents/workspace6/DissertationProject/util/Python/models/cifar10_main/cifar10_main@9af0aad1@Thu May 3 10:31:04 2018 -0700.py,Cifar10Model,False,75,95,111,/Users/neda/Documents/workspace6/DissertationProject/util/Python/models/cifar10_main/cifar10_main
6f881f77,/Users/neda/Documents/workspace6/DissertationProject/util/Python/models/cifar10_main/cifar10_main@51a2b441@Thu May 3 11:03:54 2018 -0700.py,Cifar10Model,False,76,95,111,/Users/neda/Documents/workspace6/DissertationProject/util/Python/models/cifar10_main/cifar10_main
6f881f77,/Users/neda/Documents/workspace6/DissertationProject/util/Python/models/cifar10_main/cifar10_main@18d05ad3@Thu May 3 12:09:26 2018 -0700.py,Cifar10Model,False,77,95,111,/Users/neda/Documents/workspace6/DissertationProject/util/Python/models/cifar10_main/cifar10_main
6f881f77,/Users/neda/Documents/workspace6/DissertationProject/util/Python/models/cifar10_main/cifar10_main@eb0c0dfd@Thu May 3 14:19:50 2018 -0700.py,Cifar10Model,False,78,95,111,/Users/neda/Documents/workspace6/DissertationProject/util/Python/models/cifar10_main/cifar10_main
6f881f77,/Users/neda/Documents/workspace6/DissertationProject/util/Python/models/cifar10_main/cifar10_main@5be3c064@Thu May 3 18:39:13 2018 -0700.py,Cifar10Model,False,79,95,111,/Users/neda/Documents/workspace6/DissertationProject/util/Python/models/cifar10_main/cifar10_main
6f881f77,/Users/neda/Documents/workspace6/DissertationProject/util/Python/models/cifar10_main/cifar10_main@fd1d1780@Wed May 23 08:43:34 2018 -0700.py,Cifar10Model,False,80,95,111,/Users/neda/Documents/workspace6/DissertationProject/util/Python/models/cifar10_main/cifar10_main
6f881f77,/Users/neda/Documents/workspace6/DissertationProject/util/Python/models/cifar10_main/cifar10_main@47c5642e@Fri Jun 1 13:47:55 2018 -0700.py,Cifar10Model,False,81,95,111,/Users/neda/Documents/workspace6/DissertationProject/util/Python/models/cifar10_main/cifar10_main
6f881f77,/Users/neda/Documents/workspace6/DissertationProject/util/Python/models/cifar10_main/cifar10_main@3ae33b4d@Wed Jun 6 13:16:15 2018 -0700.py,Cifar10Model,False,82,95,111,/Users/neda/Documents/workspace6/DissertationProject/util/Python/models/cifar10_main/cifar10_main
6f881f77,/Users/neda/Documents/workspace6/DissertationProject/util/Python/models/cifar10_main/cifar10_main@7bffd37b@Tue Aug 14 12:53:18 2018 -0700.py,Cifar10Model,False,83,95,111,/Users/neda/Documents/workspace6/DissertationProject/util/Python/models/cifar10_main/cifar10_main
6f881f77,/Users/neda/Documents/workspace6/DissertationProject/util/Python/models/cifar10_main/cifar10_main@c9972ad6@Sun Sep 2 08:10:27 2018 -0700.py,Cifar10Model,False,84,95,111,/Users/neda/Documents/workspace6/DissertationProject/util/Python/models/cifar10_main/cifar10_main
6f881f77,/Users/neda/Documents/workspace6/DissertationProject/util/Python/models/cifar10_main/cifar10_main@76dbcb5a@Mon Sep 3 09:21:49 2018 -0700.py,Cifar10Model,False,85,95,111,/Users/neda/Documents/workspace6/DissertationProject/util/Python/models/cifar10_main/cifar10_main
6f881f77,/Users/neda/Documents/workspace6/DissertationProject/util/Python/models/cifar10_main/cifar10_main@8ff61153@Wed Sep 19 11:06:50 2018 +0800.py,Cifar10Model,False,86,95,111,/Users/neda/Documents/workspace6/DissertationProject/util/Python/models/cifar10_main/cifar10_main
6f881f77,/Users/neda/Documents/workspace6/DissertationProject/util/Python/models/cifar10_main/cifar10_main@38385b0a@Fri Sep 28 14:35:41 2018 -0700.py,Cifar10Model,False,87,95,111,/Users/neda/Documents/workspace6/DissertationProject/util/Python/models/cifar10_main/cifar10_main
6f881f77,/Users/neda/Documents/workspace6/DissertationProject/util/Python/models/cifar10_main/cifar10_main@295259c3@Mon Oct 1 09:35:09 2018 -0700.py,Cifar10Model,False,88,95,111,/Users/neda/Documents/workspace6/DissertationProject/util/Python/models/cifar10_main/cifar10_main
6f881f77,/Users/neda/Documents/workspace6/DissertationProject/util/Python/models/cifar10_main/cifar10_main@bd86e960@Fri Oct 12 13:02:14 2018 -0700.py,Cifar10Model,False,89,95,111,/Users/neda/Documents/workspace6/DissertationProject/util/Python/models/cifar10_main/cifar10_main
6f881f77,/Users/neda/Documents/workspace6/DissertationProject/util/Python/models/cifar10_main/cifar10_main@b2af31a9@Fri Nov 30 09:41:16 2018 -0800.py,Cifar10Model,False,90,95,111,/Users/neda/Documents/workspace6/DissertationProject/util/Python/models/cifar10_main/cifar10_main
6f881f77,/Users/neda/Documents/workspace6/DissertationProject/util/Python/models/cifar10_main/cifar10_main@649e0374@Fri Nov 30 12:21:31 2018 -0800.py,Cifar10Model,False,91,95,111,/Users/neda/Documents/workspace6/DissertationProject/util/Python/models/cifar10_main/cifar10_main
6f881f77,/Users/neda/Documents/workspace6/DissertationProject/util/Python/models/cifar10_main/cifar10_main@abdc7f11@Fri Nov 30 12:32:00 2018 -0800.py,Cifar10Model,False,92,95,111,/Users/neda/Documents/workspace6/DissertationProject/util/Python/models/cifar10_main/cifar10_main
6f881f77,/Users/neda/Documents/workspace6/DissertationProject/util/Python/models/cifar10_main/cifar10_main@3256c49f@Tue Dec 11 23:49:14 2018 -0800.py,Cifar10Model,False,93,95,111,/Users/neda/Documents/workspace6/DissertationProject/util/Python/models/cifar10_main/cifar10_main
6f881f77,/Users/neda/Documents/workspace6/DissertationProject/util/Python/models/cifar10_main/cifar10_main@424c2045@Wed Dec 19 21:25:11 2018 -0800.py,Cifar10Model,False,94,95,111,/Users/neda/Documents/workspace6/DissertationProject/util/Python/models/cifar10_main/cifar10_main
6f881f77,/Users/neda/Documents/workspace6/DissertationProject/util/Python/models/cifar10_main/cifar10_main@6f881f77@Thu Dec 20 06:35:10 2018 +0000.py,Cifar10Model,False,95,95,111,/Users/neda/Documents/workspace6/DissertationProject/util/Python/models/cifar10_main/cifar10_main
6f881f77,/Users/neda/Documents/workspace6/DissertationProject/util/Python/models/cifar10_main/cifar10_main@79b885f0@Thu Jan 10 16:07:22 2019 -0800.py,Cifar10Model,False,96,95,111,/Users/neda/Documents/workspace6/DissertationProject/util/Python/models/cifar10_main/cifar10_main
6f881f77,/Users/neda/Documents/workspace6/DissertationProject/util/Python/models/cifar10_main/cifar10_main@e59b6a85@Thu Jan 17 06:56:41 2019 -0800.py,Cifar10Model,False,97,95,111,/Users/neda/Documents/workspace6/DissertationProject/util/Python/models/cifar10_main/cifar10_main
6f881f77,/Users/neda/Documents/workspace6/DissertationProject/util/Python/models/cifar10_main/cifar10_main@35495758@Thu Jan 17 16:16:48 2019 -0800.py,Cifar10Model,False,98,95,111,/Users/neda/Documents/workspace6/DissertationProject/util/Python/models/cifar10_main/cifar10_main
6f881f77,/Users/neda/Documents/workspace6/DissertationProject/util/Python/models/cifar10_main/cifar10_main@00b081e9@Fri Feb 1 08:45:01 2019 -0800.py,Cifar10Model,False,99,95,111,/Users/neda/Documents/workspace6/DissertationProject/util/Python/models/cifar10_main/cifar10_main
6f881f77,/Users/neda/Documents/workspace6/DissertationProject/util/Python/models/cifar10_main/cifar10_main@d6b2b83c@Tue Feb 5 07:54:04 2019 -0800.py,Cifar10Model,False,100,95,111,/Users/neda/Documents/workspace6/DissertationProject/util/Python/models/cifar10_main/cifar10_main
6f881f77,/Users/neda/Documents/workspace6/DissertationProject/util/Python/models/cifar10_main/cifar10_main@57e07520@Wed Feb 6 11:49:24 2019 -0800.py,Cifar10Model,False,101,95,111,/Users/neda/Documents/workspace6/DissertationProject/util/Python/models/cifar10_main/cifar10_main
6f881f77,/Users/neda/Documents/workspace6/DissertationProject/util/Python/models/cifar10_main/cifar10_main@b2c9e3f5@Fri Feb 8 09:20:57 2019 -0800.py,Cifar10Model,False,102,95,111,/Users/neda/Documents/workspace6/DissertationProject/util/Python/models/cifar10_main/cifar10_main
6f881f77,/Users/neda/Documents/workspace6/DissertationProject/util/Python/models/cifar10_main/cifar10_main@721cd512@Wed Mar 20 11:33:23 2019 -0700.py,Cifar10Model,False,103,95,111,/Users/neda/Documents/workspace6/DissertationProject/util/Python/models/cifar10_main/cifar10_main
6f881f77,/Users/neda/Documents/workspace6/DissertationProject/util/Python/models/cifar10_main/cifar10_main@76300c26@Thu Mar 28 16:29:00 2019 -0700.py,Cifar10Model,False,104,95,111,/Users/neda/Documents/workspace6/DissertationProject/util/Python/models/cifar10_main/cifar10_main
6f881f77,/Users/neda/Documents/workspace6/DissertationProject/util/Python/models/cifar10_main/cifar10_main@7772cb1d@Mon Apr 22 13:41:37 2019 -0700.py,Cifar10Model,False,105,95,111,/Users/neda/Documents/workspace6/DissertationProject/util/Python/models/cifar10_main/cifar10_main
6f881f77,/Users/neda/Documents/workspace6/DissertationProject/util/Python/models/cifar10_main/cifar10_main@d44b7283@Fri Jun 14 12:02:52 2019 -0700.py,Cifar10Model,False,106,95,111,/Users/neda/Documents/workspace6/DissertationProject/util/Python/models/cifar10_main/cifar10_main
6f881f77,/Users/neda/Documents/workspace6/DissertationProject/util/Python/models/cifar10_main/cifar10_main@dd5a91d3@Thu Jul 18 11:04:37 2019 -0700.py,Cifar10Model,False,107,95,111,/Users/neda/Documents/workspace6/DissertationProject/util/Python/models/cifar10_main/cifar10_main
6f881f77,/Users/neda/Documents/workspace6/DissertationProject/util/Python/models/cifar10_main/cifar10_main@1212599e@Sun Mar 8 21:52:31 2020 -0700.py,Cifar10Model,False,108,95,111,/Users/neda/Documents/workspace6/DissertationProject/util/Python/models/cifar10_main/cifar10_main
6f881f77,/Users/neda/Documents/workspace6/DissertationProject/util/Python/models/cifar10_main/cifar10_main@3043566d@Wed Mar 18 00:05:38 2020 +0530.py,Cifar10Model,False,109,95,111,/Users/neda/Documents/workspace6/DissertationProject/util/Python/models/cifar10_main/cifar10_main
6f881f77,/Users/neda/Documents/workspace6/DissertationProject/util/Python/models/cifar10_main/cifar10_main@ec7fbf0d@Wed Apr 29 12:58:28 2020 -0700.py,Cifar10Model,False,110,95,111,/Users/neda/Documents/workspace6/DissertationProject/util/Python/models/cifar10_main/cifar10_main
848cc592,/Users/neda/Documents/workspace6/DissertationProject/util/Python/models/spec_builder/spec_builder@ea3fa4a3@Wed Mar 22 20:29:53 2017 -0400.py,ComponentSpecBuilder,False,0,2,4,/Users/neda/Documents/workspace6/DissertationProject/util/Python/models/spec_builder/spec_builder
848cc592,/Users/neda/Documents/workspace6/DissertationProject/util/Python/models/spec_builder/spec_builder@4364390a@Mon Nov 13 16:06:54 2017 -0800.py,ComponentSpecBuilder,False,1,2,4,/Users/neda/Documents/workspace6/DissertationProject/util/Python/models/spec_builder/spec_builder
848cc592,/Users/neda/Documents/workspace6/DissertationProject/util/Python/models/spec_builder/spec_builder@848cc592@Sat Jan 20 15:03:04 2018 +0100.py,ComponentSpecBuilder,False,2,2,4,/Users/neda/Documents/workspace6/DissertationProject/util/Python/models/spec_builder/spec_builder
848cc592,/Users/neda/Documents/workspace6/DissertationProject/util/Python/models/spec_builder/spec_builder@a4bb31d0@Wed May 2 08:46:45 2018 -0700.py,ComponentSpecBuilder,False,3,2,4,/Users/neda/Documents/workspace6/DissertationProject/util/Python/models/spec_builder/spec_builder
848cc592,/Users/neda/Documents/workspace6/DissertationProject/util/Python/models/trust_region/trust_region@848cc592@Sat Jan 20 15:03:04 2018 +0100.py,TrustRegionOptimization,False,0,0,1,/Users/neda/Documents/workspace6/DissertationProject/util/Python/models/trust_region/trust_region
848cc592,/Users/neda/Documents/workspace6/DissertationProject/util/Python/models/utils/utils@052e5e8b@Thu Feb 23 14:30:07 2017 -0800.py,LayerParameters,False,0,9,51,/Users/neda/Documents/workspace6/DissertationProject/util/Python/models/utils/utils
848cc592,/Users/neda/Documents/workspace6/DissertationProject/util/Python/models/utils/utils@052e5e8b@Thu Feb 23 14:30:07 2017 -0800.py,ConvParameters,False,0,9,51,/Users/neda/Documents/workspace6/DissertationProject/util/Python/models/utils/utils
848cc592,/Users/neda/Documents/workspace6/DissertationProject/util/Python/models/utils/utils@052e5e8b@Thu Feb 23 14:30:07 2017 -0800.py,NetworkParameters,False,0,9,51,/Users/neda/Documents/workspace6/DissertationProject/util/Python/models/utils/utils
848cc592,/Users/neda/Documents/workspace6/DissertationProject/util/Python/models/utils/utils@3f74c7b4@Tue Mar 14 18:12:08 2017 -0700.py,LayerParameters,False,1,9,51,/Users/neda/Documents/workspace6/DissertationProject/util/Python/models/utils/utils
848cc592,/Users/neda/Documents/workspace6/DissertationProject/util/Python/models/utils/utils@3f74c7b4@Tue Mar 14 18:12:08 2017 -0700.py,ConvParameters,False,1,9,51,/Users/neda/Documents/workspace6/DissertationProject/util/Python/models/utils/utils
848cc592,/Users/neda/Documents/workspace6/DissertationProject/util/Python/models/utils/utils@3f74c7b4@Tue Mar 14 18:12:08 2017 -0700.py,NetworkParameters,False,1,9,51,/Users/neda/Documents/workspace6/DissertationProject/util/Python/models/utils/utils
848cc592,/Users/neda/Documents/workspace6/DissertationProject/util/Python/models/utils/utils@088ec5d2@Tue Jan 23 00:07:34 2018 +0100.py,RandomQueue,False,10,9,51,/Users/neda/Documents/workspace6/DissertationProject/util/Python/models/utils/utils
848cc592,/Users/neda/Documents/workspace6/DissertationProject/util/Python/models/utils/utils@088ec5d2@Tue Jan 23 00:07:34 2018 +0100.py,MPQItemContainer,False,10,9,51,/Users/neda/Documents/workspace6/DissertationProject/util/Python/models/utils/utils
848cc592,/Users/neda/Documents/workspace6/DissertationProject/util/Python/models/utils/utils@088ec5d2@Tue Jan 23 00:07:34 2018 +0100.py,MaxUniquePriorityQueue,False,10,9,51,/Users/neda/Documents/workspace6/DissertationProject/util/Python/models/utils/utils
848cc592,/Users/neda/Documents/workspace6/DissertationProject/util/Python/models/utils/utils@088ec5d2@Tue Jan 23 00:07:34 2018 +0100.py,RouletteWheel,False,10,9,51,/Users/neda/Documents/workspace6/DissertationProject/util/Python/models/utils/utils
848cc592,/Users/neda/Documents/workspace6/DissertationProject/util/Python/models/utils/utils@088ec5d2@Tue Jan 23 00:07:34 2018 +0100.py,RecordClass,False,10,9,51,/Users/neda/Documents/workspace6/DissertationProject/util/Python/models/utils/utils
848cc592,/Users/neda/Documents/workspace6/DissertationProject/util/Python/models/utils/utils@ae0a9409@Wed Jan 24 00:49:54 2018 +0100.py,Timer,False,11,9,51,/Users/neda/Documents/workspace6/DissertationProject/util/Python/models/utils/utils
848cc592,/Users/neda/Documents/workspace6/DissertationProject/util/Python/models/utils/utils@ae0a9409@Wed Jan 24 00:49:54 2018 +0100.py,Foo,False,11,9,51,/Users/neda/Documents/workspace6/DissertationProject/util/Python/models/utils/utils
848cc592,/Users/neda/Documents/workspace6/DissertationProject/util/Python/models/utils/utils@088e24fb@Fri May 4 09:30:40 2018 -0700.py,MiniGoDirectory,False,17,9,51,/Users/neda/Documents/workspace6/DissertationProject/util/Python/models/utils/utils
848cc592,/Users/neda/Documents/workspace6/DissertationProject/util/Python/models/utils/utils@f3600cd1@Tue Feb 18 12:01:06 2020 -0800.py,SummaryManager,False,22,9,51,/Users/neda/Documents/workspace6/DissertationProject/util/Python/models/utils/utils
848cc592,/Users/neda/Documents/workspace6/DissertationProject/util/Python/models/utils/utils@f3600cd1@Tue Feb 18 12:01:06 2020 -0800.py,Trigger,False,22,9,51,/Users/neda/Documents/workspace6/DissertationProject/util/Python/models/utils/utils
848cc592,/Users/neda/Documents/workspace6/DissertationProject/util/Python/models/utils/utils@f3600cd1@Tue Feb 18 12:01:06 2020 -0800.py,IntervalTrigger,False,22,9,51,/Users/neda/Documents/workspace6/DissertationProject/util/Python/models/utils/utils
848cc592,/Users/neda/Documents/workspace6/DissertationProject/util/Python/models/utils/utils@f3600cd1@Tue Feb 18 12:01:06 2020 -0800.py,EpochHelper,False,22,9,51,/Users/neda/Documents/workspace6/DissertationProject/util/Python/models/utils/utils
848cc592,/Users/neda/Documents/workspace6/DissertationProject/util/Python/models/utils/utils@b60dc237@Fri Feb 21 14:05:56 2020 -0800.py,SummaryManager,False,23,9,51,/Users/neda/Documents/workspace6/DissertationProject/util/Python/models/utils/utils
848cc592,/Users/neda/Documents/workspace6/DissertationProject/util/Python/models/utils/utils@b60dc237@Fri Feb 21 14:05:56 2020 -0800.py,Trigger,False,23,9,51,/Users/neda/Documents/workspace6/DissertationProject/util/Python/models/utils/utils
848cc592,/Users/neda/Documents/workspace6/DissertationProject/util/Python/models/utils/utils@b60dc237@Fri Feb 21 14:05:56 2020 -0800.py,IntervalTrigger,False,23,9,51,/Users/neda/Documents/workspace6/DissertationProject/util/Python/models/utils/utils
848cc592,/Users/neda/Documents/workspace6/DissertationProject/util/Python/models/utils/utils@b60dc237@Fri Feb 21 14:05:56 2020 -0800.py,EpochHelper,False,23,9,51,/Users/neda/Documents/workspace6/DissertationProject/util/Python/models/utils/utils
848cc592,/Users/neda/Documents/workspace6/DissertationProject/util/Python/models/utils/utils@ebc28058@Tue Mar 10 10:48:58 2020 -0700.py,SummaryManager,False,25,9,51,/Users/neda/Documents/workspace6/DissertationProject/util/Python/models/utils/utils
848cc592,/Users/neda/Documents/workspace6/DissertationProject/util/Python/models/utils/utils@ebc28058@Tue Mar 10 10:48:58 2020 -0700.py,Trigger,False,25,9,51,/Users/neda/Documents/workspace6/DissertationProject/util/Python/models/utils/utils
848cc592,/Users/neda/Documents/workspace6/DissertationProject/util/Python/models/utils/utils@ebc28058@Tue Mar 10 10:48:58 2020 -0700.py,IntervalTrigger,False,25,9,51,/Users/neda/Documents/workspace6/DissertationProject/util/Python/models/utils/utils
848cc592,/Users/neda/Documents/workspace6/DissertationProject/util/Python/models/utils/utils@ebc28058@Tue Mar 10 10:48:58 2020 -0700.py,EpochHelper,False,25,9,51,/Users/neda/Documents/workspace6/DissertationProject/util/Python/models/utils/utils
848cc592,/Users/neda/Documents/workspace6/DissertationProject/util/Python/models/utils/utils@febaae9a@Tue Mar 17 17:35:38 2020 -0700.py,SummaryManager,False,26,9,51,/Users/neda/Documents/workspace6/DissertationProject/util/Python/models/utils/utils
848cc592,/Users/neda/Documents/workspace6/DissertationProject/util/Python/models/utils/utils@febaae9a@Tue Mar 17 17:35:38 2020 -0700.py,Trigger,False,26,9,51,/Users/neda/Documents/workspace6/DissertationProject/util/Python/models/utils/utils
848cc592,/Users/neda/Documents/workspace6/DissertationProject/util/Python/models/utils/utils@febaae9a@Tue Mar 17 17:35:38 2020 -0700.py,IntervalTrigger,False,26,9,51,/Users/neda/Documents/workspace6/DissertationProject/util/Python/models/utils/utils
848cc592,/Users/neda/Documents/workspace6/DissertationProject/util/Python/models/utils/utils@febaae9a@Tue Mar 17 17:35:38 2020 -0700.py,EpochHelper,False,26,9,51,/Users/neda/Documents/workspace6/DissertationProject/util/Python/models/utils/utils
848cc592,/Users/neda/Documents/workspace6/DissertationProject/util/Python/models/utils/utils@1759f3e0@Fri Jul 17 17:08:42 2020 -0700.py,SummaryManager,False,31,9,51,/Users/neda/Documents/workspace6/DissertationProject/util/Python/models/utils/utils
848cc592,/Users/neda/Documents/workspace6/DissertationProject/util/Python/models/utils/utils@1759f3e0@Fri Jul 17 17:08:42 2020 -0700.py,Trigger,False,31,9,51,/Users/neda/Documents/workspace6/DissertationProject/util/Python/models/utils/utils
848cc592,/Users/neda/Documents/workspace6/DissertationProject/util/Python/models/utils/utils@1759f3e0@Fri Jul 17 17:08:42 2020 -0700.py,IntervalTrigger,False,31,9,51,/Users/neda/Documents/workspace6/DissertationProject/util/Python/models/utils/utils
848cc592,/Users/neda/Documents/workspace6/DissertationProject/util/Python/models/utils/utils@1759f3e0@Fri Jul 17 17:08:42 2020 -0700.py,EpochHelper,False,31,9,51,/Users/neda/Documents/workspace6/DissertationProject/util/Python/models/utils/utils
848cc592,/Users/neda/Documents/workspace6/DissertationProject/util/Python/models/utils/utils@b8142a02@Fri Jul 17 17:08:42 2020 -0700.py,SummaryManager,False,32,9,51,/Users/neda/Documents/workspace6/DissertationProject/util/Python/models/utils/utils
848cc592,/Users/neda/Documents/workspace6/DissertationProject/util/Python/models/utils/utils@b8142a02@Fri Jul 17 17:08:42 2020 -0700.py,Trigger,False,32,9,51,/Users/neda/Documents/workspace6/DissertationProject/util/Python/models/utils/utils
848cc592,/Users/neda/Documents/workspace6/DissertationProject/util/Python/models/utils/utils@b8142a02@Fri Jul 17 17:08:42 2020 -0700.py,IntervalTrigger,False,32,9,51,/Users/neda/Documents/workspace6/DissertationProject/util/Python/models/utils/utils
848cc592,/Users/neda/Documents/workspace6/DissertationProject/util/Python/models/utils/utils@b8142a02@Fri Jul 17 17:08:42 2020 -0700.py,EpochHelper,False,32,9,51,/Users/neda/Documents/workspace6/DissertationProject/util/Python/models/utils/utils
848cc592,/Users/neda/Documents/workspace6/DissertationProject/util/Python/models/utils/utils@134c9508@Mon Jul 27 19:43:53 2020 -0700.py,SummaryManager,False,34,9,51,/Users/neda/Documents/workspace6/DissertationProject/util/Python/models/utils/utils
848cc592,/Users/neda/Documents/workspace6/DissertationProject/util/Python/models/utils/utils@134c9508@Mon Jul 27 19:43:53 2020 -0700.py,Trigger,False,34,9,51,/Users/neda/Documents/workspace6/DissertationProject/util/Python/models/utils/utils
848cc592,/Users/neda/Documents/workspace6/DissertationProject/util/Python/models/utils/utils@134c9508@Mon Jul 27 19:43:53 2020 -0700.py,IntervalTrigger,False,34,9,51,/Users/neda/Documents/workspace6/DissertationProject/util/Python/models/utils/utils
848cc592,/Users/neda/Documents/workspace6/DissertationProject/util/Python/models/utils/utils@134c9508@Mon Jul 27 19:43:53 2020 -0700.py,EpochHelper,False,34,9,51,/Users/neda/Documents/workspace6/DissertationProject/util/Python/models/utils/utils
848cc592,/Users/neda/Documents/workspace6/DissertationProject/util/Python/models/utils/utils@b8014d55@Mon Jul 27 19:43:53 2020 -0700.py,SummaryManager,False,35,9,51,/Users/neda/Documents/workspace6/DissertationProject/util/Python/models/utils/utils
848cc592,/Users/neda/Documents/workspace6/DissertationProject/util/Python/models/utils/utils@b8014d55@Mon Jul 27 19:43:53 2020 -0700.py,Trigger,False,35,9,51,/Users/neda/Documents/workspace6/DissertationProject/util/Python/models/utils/utils
848cc592,/Users/neda/Documents/workspace6/DissertationProject/util/Python/models/utils/utils@b8014d55@Mon Jul 27 19:43:53 2020 -0700.py,IntervalTrigger,False,35,9,51,/Users/neda/Documents/workspace6/DissertationProject/util/Python/models/utils/utils
848cc592,/Users/neda/Documents/workspace6/DissertationProject/util/Python/models/utils/utils@b8014d55@Mon Jul 27 19:43:53 2020 -0700.py,EpochHelper,False,35,9,51,/Users/neda/Documents/workspace6/DissertationProject/util/Python/models/utils/utils
848cc592,/Users/neda/Documents/workspace6/DissertationProject/util/Python/models/utils/utils@9556ebcc@Mon Jul 27 23:56:43 2020 -0700.py,SummaryManager,False,36,9,51,/Users/neda/Documents/workspace6/DissertationProject/util/Python/models/utils/utils
848cc592,/Users/neda/Documents/workspace6/DissertationProject/util/Python/models/utils/utils@9556ebcc@Mon Jul 27 23:56:43 2020 -0700.py,Trigger,False,36,9,51,/Users/neda/Documents/workspace6/DissertationProject/util/Python/models/utils/utils
848cc592,/Users/neda/Documents/workspace6/DissertationProject/util/Python/models/utils/utils@9556ebcc@Mon Jul 27 23:56:43 2020 -0700.py,IntervalTrigger,False,36,9,51,/Users/neda/Documents/workspace6/DissertationProject/util/Python/models/utils/utils
848cc592,/Users/neda/Documents/workspace6/DissertationProject/util/Python/models/utils/utils@9556ebcc@Mon Jul 27 23:56:43 2020 -0700.py,EpochHelper,False,36,9,51,/Users/neda/Documents/workspace6/DissertationProject/util/Python/models/utils/utils
848cc592,/Users/neda/Documents/workspace6/DissertationProject/util/Python/models/utils/utils@a0a0dbde@Mon Jul 27 23:56:43 2020 -0700.py,SummaryManager,False,37,9,51,/Users/neda/Documents/workspace6/DissertationProject/util/Python/models/utils/utils
848cc592,/Users/neda/Documents/workspace6/DissertationProject/util/Python/models/utils/utils@a0a0dbde@Mon Jul 27 23:56:43 2020 -0700.py,Trigger,False,37,9,51,/Users/neda/Documents/workspace6/DissertationProject/util/Python/models/utils/utils
848cc592,/Users/neda/Documents/workspace6/DissertationProject/util/Python/models/utils/utils@a0a0dbde@Mon Jul 27 23:56:43 2020 -0700.py,IntervalTrigger,False,37,9,51,/Users/neda/Documents/workspace6/DissertationProject/util/Python/models/utils/utils
848cc592,/Users/neda/Documents/workspace6/DissertationProject/util/Python/models/utils/utils@a0a0dbde@Mon Jul 27 23:56:43 2020 -0700.py,EpochHelper,False,37,9,51,/Users/neda/Documents/workspace6/DissertationProject/util/Python/models/utils/utils
848cc592,/Users/neda/Documents/workspace6/DissertationProject/util/Python/models/utils/utils@620bfd1d@Tue Jul 28 15:39:17 2020 -0700.py,SummaryManager,False,38,9,51,/Users/neda/Documents/workspace6/DissertationProject/util/Python/models/utils/utils
848cc592,/Users/neda/Documents/workspace6/DissertationProject/util/Python/models/utils/utils@620bfd1d@Tue Jul 28 15:39:17 2020 -0700.py,Trigger,False,38,9,51,/Users/neda/Documents/workspace6/DissertationProject/util/Python/models/utils/utils
848cc592,/Users/neda/Documents/workspace6/DissertationProject/util/Python/models/utils/utils@620bfd1d@Tue Jul 28 15:39:17 2020 -0700.py,IntervalTrigger,False,38,9,51,/Users/neda/Documents/workspace6/DissertationProject/util/Python/models/utils/utils
848cc592,/Users/neda/Documents/workspace6/DissertationProject/util/Python/models/utils/utils@620bfd1d@Tue Jul 28 15:39:17 2020 -0700.py,EpochHelper,False,38,9,51,/Users/neda/Documents/workspace6/DissertationProject/util/Python/models/utils/utils
848cc592,/Users/neda/Documents/workspace6/DissertationProject/util/Python/models/utils/utils@555722af@Tue Jul 28 15:39:17 2020 -0700.py,SummaryManager,False,39,9,51,/Users/neda/Documents/workspace6/DissertationProject/util/Python/models/utils/utils
848cc592,/Users/neda/Documents/workspace6/DissertationProject/util/Python/models/utils/utils@555722af@Tue Jul 28 15:39:17 2020 -0700.py,Trigger,False,39,9,51,/Users/neda/Documents/workspace6/DissertationProject/util/Python/models/utils/utils
848cc592,/Users/neda/Documents/workspace6/DissertationProject/util/Python/models/utils/utils@555722af@Tue Jul 28 15:39:17 2020 -0700.py,IntervalTrigger,False,39,9,51,/Users/neda/Documents/workspace6/DissertationProject/util/Python/models/utils/utils
848cc592,/Users/neda/Documents/workspace6/DissertationProject/util/Python/models/utils/utils@555722af@Tue Jul 28 15:39:17 2020 -0700.py,EpochHelper,False,39,9,51,/Users/neda/Documents/workspace6/DissertationProject/util/Python/models/utils/utils
848cc592,/Users/neda/Documents/workspace6/DissertationProject/util/Python/models/utils/utils@4ebcdbf0@Thu Jul 30 22:50:24 2020 -0700.py,SummaryManager,False,40,9,51,/Users/neda/Documents/workspace6/DissertationProject/util/Python/models/utils/utils
848cc592,/Users/neda/Documents/workspace6/DissertationProject/util/Python/models/utils/utils@4ebcdbf0@Thu Jul 30 22:50:24 2020 -0700.py,Trigger,False,40,9,51,/Users/neda/Documents/workspace6/DissertationProject/util/Python/models/utils/utils
848cc592,/Users/neda/Documents/workspace6/DissertationProject/util/Python/models/utils/utils@4ebcdbf0@Thu Jul 30 22:50:24 2020 -0700.py,IntervalTrigger,False,40,9,51,/Users/neda/Documents/workspace6/DissertationProject/util/Python/models/utils/utils
848cc592,/Users/neda/Documents/workspace6/DissertationProject/util/Python/models/utils/utils@4ebcdbf0@Thu Jul 30 22:50:24 2020 -0700.py,EpochHelper,False,40,9,51,/Users/neda/Documents/workspace6/DissertationProject/util/Python/models/utils/utils
848cc592,/Users/neda/Documents/workspace6/DissertationProject/util/Python/models/utils/utils@24501315@Thu Jul 30 22:50:24 2020 -0700.py,SummaryManager,False,41,9,51,/Users/neda/Documents/workspace6/DissertationProject/util/Python/models/utils/utils
848cc592,/Users/neda/Documents/workspace6/DissertationProject/util/Python/models/utils/utils@24501315@Thu Jul 30 22:50:24 2020 -0700.py,Trigger,False,41,9,51,/Users/neda/Documents/workspace6/DissertationProject/util/Python/models/utils/utils
848cc592,/Users/neda/Documents/workspace6/DissertationProject/util/Python/models/utils/utils@24501315@Thu Jul 30 22:50:24 2020 -0700.py,IntervalTrigger,False,41,9,51,/Users/neda/Documents/workspace6/DissertationProject/util/Python/models/utils/utils
848cc592,/Users/neda/Documents/workspace6/DissertationProject/util/Python/models/utils/utils@24501315@Thu Jul 30 22:50:24 2020 -0700.py,EpochHelper,False,41,9,51,/Users/neda/Documents/workspace6/DissertationProject/util/Python/models/utils/utils
848cc592,/Users/neda/Documents/workspace6/DissertationProject/util/Python/models/utils/utils@36748648@Tue Aug 4 16:54:16 2020 -0700.py,SummaryManager,False,44,9,51,/Users/neda/Documents/workspace6/DissertationProject/util/Python/models/utils/utils
848cc592,/Users/neda/Documents/workspace6/DissertationProject/util/Python/models/utils/utils@36748648@Tue Aug 4 16:54:16 2020 -0700.py,Trigger,False,44,9,51,/Users/neda/Documents/workspace6/DissertationProject/util/Python/models/utils/utils
848cc592,/Users/neda/Documents/workspace6/DissertationProject/util/Python/models/utils/utils@36748648@Tue Aug 4 16:54:16 2020 -0700.py,IntervalTrigger,False,44,9,51,/Users/neda/Documents/workspace6/DissertationProject/util/Python/models/utils/utils
848cc592,/Users/neda/Documents/workspace6/DissertationProject/util/Python/models/utils/utils@36748648@Tue Aug 4 16:54:16 2020 -0700.py,EpochHelper,False,44,9,51,/Users/neda/Documents/workspace6/DissertationProject/util/Python/models/utils/utils
848cc592,/Users/neda/Documents/workspace6/DissertationProject/util/Python/models/utils/utils@6994693d@Tue Aug 4 16:54:16 2020 -0700.py,SummaryManager,False,45,9,51,/Users/neda/Documents/workspace6/DissertationProject/util/Python/models/utils/utils
848cc592,/Users/neda/Documents/workspace6/DissertationProject/util/Python/models/utils/utils@6994693d@Tue Aug 4 16:54:16 2020 -0700.py,Trigger,False,45,9,51,/Users/neda/Documents/workspace6/DissertationProject/util/Python/models/utils/utils
848cc592,/Users/neda/Documents/workspace6/DissertationProject/util/Python/models/utils/utils@6994693d@Tue Aug 4 16:54:16 2020 -0700.py,IntervalTrigger,False,45,9,51,/Users/neda/Documents/workspace6/DissertationProject/util/Python/models/utils/utils
848cc592,/Users/neda/Documents/workspace6/DissertationProject/util/Python/models/utils/utils@6994693d@Tue Aug 4 16:54:16 2020 -0700.py,EpochHelper,False,45,9,51,/Users/neda/Documents/workspace6/DissertationProject/util/Python/models/utils/utils
a9eaf98e,/Users/neda/Documents/workspace6/DissertationProject/util/Python/models/model/model@8b667903@Thu Jan 19 04:27:08 2017 -0500.py,Graph,False,0,51,61,/Users/neda/Documents/workspace6/DissertationProject/util/Python/models/model/model
a9eaf98e,/Users/neda/Documents/workspace6/DissertationProject/util/Python/models/model/model@31f1af58@Mon Feb 20 15:41:05 2017 -0500.py,Graph,False,1,51,61,/Users/neda/Documents/workspace6/DissertationProject/util/Python/models/model/model
a9eaf98e,/Users/neda/Documents/workspace6/DissertationProject/util/Python/models/model/model@052e5e8b@Thu Feb 23 14:30:07 2017 -0800.py,CrossConvModel,False,2,51,61,/Users/neda/Documents/workspace6/DissertationProject/util/Python/models/model/model
a9eaf98e,/Users/neda/Documents/workspace6/DissertationProject/util/Python/models/model/model@b2a2f44b@Sat Feb 25 23:46:48 2017 -0800.py,NamignizerModel,False,3,51,61,/Users/neda/Documents/workspace6/DissertationProject/util/Python/models/model/model
a9eaf98e,/Users/neda/Documents/workspace6/DissertationProject/util/Python/models/model/model@d6787c0f@Tue Mar 7 19:26:25 2017 -0800.py,NamignizerModel,False,4,51,61,/Users/neda/Documents/workspace6/DissertationProject/util/Python/models/model/model
a9eaf98e,/Users/neda/Documents/workspace6/DissertationProject/util/Python/models/model/model@58a5da7b@Wed Jul 5 14:00:52 2017 -0700.py,CharsetMapper,False,5,51,61,/Users/neda/Documents/workspace6/DissertationProject/util/Python/models/model/model
a9eaf98e,/Users/neda/Documents/workspace6/DissertationProject/util/Python/models/model/model@58a5da7b@Wed Jul 5 14:00:52 2017 -0700.py,Model,False,5,51,61,/Users/neda/Documents/workspace6/DissertationProject/util/Python/models/model/model
a9eaf98e,/Users/neda/Documents/workspace6/DissertationProject/util/Python/models/model/model@fa45b626@Mon Jul 17 11:24:33 2017 -0700.py,DetectionModel,False,6,51,61,/Users/neda/Documents/workspace6/DissertationProject/util/Python/models/model/model
a9eaf98e,/Users/neda/Documents/workspace6/DissertationProject/util/Python/models/model/model@da341f70@Tue Aug 8 10:40:46 2017 -0700.py,CharsetMapper,False,7,51,61,/Users/neda/Documents/workspace6/DissertationProject/util/Python/models/model/model
a9eaf98e,/Users/neda/Documents/workspace6/DissertationProject/util/Python/models/model/model@da341f70@Tue Aug 8 10:40:46 2017 -0700.py,Model,False,7,51,61,/Users/neda/Documents/workspace6/DissertationProject/util/Python/models/model/model
a9eaf98e,/Users/neda/Documents/workspace6/DissertationProject/util/Python/models/model/model@d723e734@Fri Oct 20 08:43:41 2017 -0700.py,CharsetMapper,False,8,51,61,/Users/neda/Documents/workspace6/DissertationProject/util/Python/models/model/model
a9eaf98e,/Users/neda/Documents/workspace6/DissertationProject/util/Python/models/model/model@d723e734@Fri Oct 20 08:43:41 2017 -0700.py,Model,False,8,51,61,/Users/neda/Documents/workspace6/DissertationProject/util/Python/models/model/model
a9eaf98e,/Users/neda/Documents/workspace6/DissertationProject/util/Python/models/model/model@e7de233b@Fri Oct 27 12:12:39 2017 -0700.py,DetectionModel,False,9,51,61,/Users/neda/Documents/workspace6/DissertationProject/util/Python/models/model/model
a9eaf98e,/Users/neda/Documents/workspace6/DissertationProject/util/Python/models/model/model@e1ac0154@Fri Nov 10 21:28:31 2017 -0800.py,CharsetMapper,False,10,51,61,/Users/neda/Documents/workspace6/DissertationProject/util/Python/models/model/model
a9eaf98e,/Users/neda/Documents/workspace6/DissertationProject/util/Python/models/model/model@e1ac0154@Fri Nov 10 21:28:31 2017 -0800.py,Model,False,10,51,61,/Users/neda/Documents/workspace6/DissertationProject/util/Python/models/model/model
a9eaf98e,/Users/neda/Documents/workspace6/DissertationProject/util/Python/models/model/model@a2b2088c@Wed Nov 15 12:18:24 2017 +0900.py,BasicClassifier,False,11,51,61,/Users/neda/Documents/workspace6/DissertationProject/util/Python/models/model/model
a9eaf98e,/Users/neda/Documents/workspace6/DissertationProject/util/Python/models/model/model@a2b2088c@Wed Nov 15 12:18:24 2017 +0900.py,LeNet,False,11,51,61,/Users/neda/Documents/workspace6/DissertationProject/util/Python/models/model/model
a9eaf98e,/Users/neda/Documents/workspace6/DissertationProject/util/Python/models/model/model@a2b2088c@Wed Nov 15 12:18:24 2017 +0900.py,Model,False,11,51,61,/Users/neda/Documents/workspace6/DissertationProject/util/Python/models/model/model
a9eaf98e,/Users/neda/Documents/workspace6/DissertationProject/util/Python/models/model/model@89e19ed2@Wed Nov 29 23:30:04 2017 -0800.py,CharsetMapper,False,12,51,61,/Users/neda/Documents/workspace6/DissertationProject/util/Python/models/model/model
a9eaf98e,/Users/neda/Documents/workspace6/DissertationProject/util/Python/models/model/model@89e19ed2@Wed Nov 29 23:30:04 2017 -0800.py,Model,False,12,51,61,/Users/neda/Documents/workspace6/DissertationProject/util/Python/models/model/model
a9eaf98e,/Users/neda/Documents/workspace6/DissertationProject/util/Python/models/model/model@8a891524@Sat Jan 13 10:52:14 2018 -0800.py,Model,False,13,51,61,/Users/neda/Documents/workspace6/DissertationProject/util/Python/models/model/model
a9eaf98e,/Users/neda/Documents/workspace6/DissertationProject/util/Python/models/model/model@848cc592@Sat Jan 20 15:03:04 2018 +0100.py,CrossConvModel,False,14,51,61,/Users/neda/Documents/workspace6/DissertationProject/util/Python/models/model/model
a9eaf98e,/Users/neda/Documents/workspace6/DissertationProject/util/Python/models/model/model@ae0a9409@Wed Jan 24 00:49:54 2018 +0100.py,Graph,False,15,51,61,/Users/neda/Documents/workspace6/DissertationProject/util/Python/models/model/model
a9eaf98e,/Users/neda/Documents/workspace6/DissertationProject/util/Python/models/model/model@7a9934df@Wed Jan 31 14:35:04 2018 -0800.py,DetectionModel,False,16,51,61,/Users/neda/Documents/workspace6/DissertationProject/util/Python/models/model/model
a9eaf98e,/Users/neda/Documents/workspace6/DissertationProject/util/Python/models/model/model@fbc5ba06@Fri Feb 2 11:44:21 2018 -0800.py,DetectionModel,False,17,51,61,/Users/neda/Documents/workspace6/DissertationProject/util/Python/models/model/model
a9eaf98e,/Users/neda/Documents/workspace6/DissertationProject/util/Python/models/model/model@1efe98bb@Fri Feb 9 17:13:36 2018 -0800.py,DetectionModel,False,18,51,61,/Users/neda/Documents/workspace6/DissertationProject/util/Python/models/model/model
a9eaf98e,/Users/neda/Documents/workspace6/DissertationProject/util/Python/models/model/model@1453d070@Tue Mar 6 20:46:09 2018 +0100.py,BasicClassifier,False,21,51,61,/Users/neda/Documents/workspace6/DissertationProject/util/Python/models/model/model
a9eaf98e,/Users/neda/Documents/workspace6/DissertationProject/util/Python/models/model/model@1453d070@Tue Mar 6 20:46:09 2018 +0100.py,LeNet,False,21,51,61,/Users/neda/Documents/workspace6/DissertationProject/util/Python/models/model/model
a9eaf98e,/Users/neda/Documents/workspace6/DissertationProject/util/Python/models/model/model@1453d070@Tue Mar 6 20:46:09 2018 +0100.py,Model,False,21,51,61,/Users/neda/Documents/workspace6/DissertationProject/util/Python/models/model/model
a9eaf98e,/Users/neda/Documents/workspace6/DissertationProject/util/Python/models/model/model@eccae449@Wed Apr 11 16:38:38 2018 -0700.py,DetectionModel,False,33,51,61,/Users/neda/Documents/workspace6/DissertationProject/util/Python/models/model/model
a9eaf98e,/Users/neda/Documents/workspace6/DissertationProject/util/Python/models/model/model@324d6dc3@Thu May 10 13:22:37 2018 -0700.py,DetectionModel,False,34,51,61,/Users/neda/Documents/workspace6/DissertationProject/util/Python/models/model/model
a9eaf98e,/Users/neda/Documents/workspace6/DissertationProject/util/Python/models/model/model@99256cf4@Fri Sep 21 10:41:07 2018 -0700.py,DetectionModel,False,38,51,61,/Users/neda/Documents/workspace6/DissertationProject/util/Python/models/model/model
a9eaf98e,/Users/neda/Documents/workspace6/DissertationProject/util/Python/models/model/model@31ae57eb@Fri Nov 2 08:48:34 2018 -0700.py,DetectionModel,False,41,51,61,/Users/neda/Documents/workspace6/DissertationProject/util/Python/models/model/model
a9eaf98e,/Users/neda/Documents/workspace6/DissertationProject/util/Python/models/model/model@a1337e01@Tue Nov 27 16:08:20 2018 -0800.py,DetectionModel,False,42,51,61,/Users/neda/Documents/workspace6/DissertationProject/util/Python/models/model/model
a9eaf98e,/Users/neda/Documents/workspace6/DissertationProject/util/Python/models/model/model@05584085@Thu Mar 7 12:19:47 2019 -0800.py,DetectionModel,False,45,51,61,/Users/neda/Documents/workspace6/DissertationProject/util/Python/models/model/model
a9eaf98e,/Users/neda/Documents/workspace6/DissertationProject/util/Python/models/model/model@9bbf8015@Thu May 30 22:27:44 2019 -0700.py,DetectionModel,False,46,51,61,/Users/neda/Documents/workspace6/DissertationProject/util/Python/models/model/model
a9eaf98e,/Users/neda/Documents/workspace6/DissertationProject/util/Python/models/model/model@fe748d4a@Mon Jul 15 09:50:58 2019 -0700.py,DetectionModel,False,47,51,61,/Users/neda/Documents/workspace6/DissertationProject/util/Python/models/model/model
a9eaf98e,/Users/neda/Documents/workspace6/DissertationProject/util/Python/models/model/model@730035d6@Thu Feb 13 15:41:21 2020 -0800.py,CharsetMapper,False,50,51,61,/Users/neda/Documents/workspace6/DissertationProject/util/Python/models/model/model
a9eaf98e,/Users/neda/Documents/workspace6/DissertationProject/util/Python/models/model/model@730035d6@Thu Feb 13 15:41:21 2020 -0800.py,Model,False,50,51,61,/Users/neda/Documents/workspace6/DissertationProject/util/Python/models/model/model
a9eaf98e,/Users/neda/Documents/workspace6/DissertationProject/util/Python/models/model/model@a9eaf98e@Fri Apr 24 08:55:21 2020 +0200.py,Model,False,51,51,61,/Users/neda/Documents/workspace6/DissertationProject/util/Python/models/model/model
a9eaf98e,/Users/neda/Documents/workspace6/DissertationProject/util/Python/models/model/model@8518d053@Tue May 12 11:41:07 2020 -0700.py,DetectionModel,False,52,51,61,/Users/neda/Documents/workspace6/DissertationProject/util/Python/models/model/model
a9eaf98e,/Users/neda/Documents/workspace6/DissertationProject/util/Python/models/model/model@451906e4@Tue May 26 16:19:59 2020 -0700.py,DetectionModel,False,53,51,61,/Users/neda/Documents/workspace6/DissertationProject/util/Python/models/model/model
a9eaf98e,/Users/neda/Documents/workspace6/DissertationProject/util/Python/models/model/model@0f0c7745@Fri Jun 26 09:55:10 2020 -0700.py,DetectionModel,False,54,51,61,/Users/neda/Documents/workspace6/DissertationProject/util/Python/models/model/model
a9eaf98e,/Users/neda/Documents/workspace6/DissertationProject/util/Python/models/model/model@32671be9@Mon Jul 6 21:39:41 2020 +0200.py,CharsetMapper,False,55,51,61,/Users/neda/Documents/workspace6/DissertationProject/util/Python/models/model/model
a9eaf98e,/Users/neda/Documents/workspace6/DissertationProject/util/Python/models/model/model@32671be9@Mon Jul 6 21:39:41 2020 +0200.py,Model,False,55,51,61,/Users/neda/Documents/workspace6/DissertationProject/util/Python/models/model/model
a9eaf98e,/Users/neda/Documents/workspace6/DissertationProject/util/Python/models/model/model@52bb4ab1@Wed Jul 8 00:09:00 2020 -0700.py,DetectionModel,False,56,51,61,/Users/neda/Documents/workspace6/DissertationProject/util/Python/models/model/model
a9eaf98e,/Users/neda/Documents/workspace6/DissertationProject/util/Python/models/model/model@0ad4922f@Wed Jul 8 23:27:06 2020 -0700.py,DetectionModel,False,57,51,61,/Users/neda/Documents/workspace6/DissertationProject/util/Python/models/model/model
a9eaf98e,/Users/neda/Documents/workspace6/DissertationProject/util/Python/models/model/model@50fa3eb9@Tue Jul 21 21:03:28 2020 +0530.py,CharsetMapper,False,58,51,61,/Users/neda/Documents/workspace6/DissertationProject/util/Python/models/model/model
a9eaf98e,/Users/neda/Documents/workspace6/DissertationProject/util/Python/models/model/model@50fa3eb9@Tue Jul 21 21:03:28 2020 +0530.py,Model,False,58,51,61,/Users/neda/Documents/workspace6/DissertationProject/util/Python/models/model/model
a9eaf98e,/Users/neda/Documents/workspace6/DissertationProject/util/Python/models/model/model@f68a262d@Fri Aug 7 11:15:48 2020 -0700.py,DetectionModel,False,59,51,61,/Users/neda/Documents/workspace6/DissertationProject/util/Python/models/model/model
a9eaf98e,/Users/neda/Documents/workspace6/DissertationProject/util/Python/models/model/model@54d2baa4@Wed Sep 9 14:23:38 2020 -0700.py,DetectionModel,False,60,51,61,/Users/neda/Documents/workspace6/DissertationProject/util/Python/models/model/model
848cc592,/Users/neda/Documents/workspace6/DissertationProject/util/Python/models/input/input@faf4bbb3@Fri Oct 11 15:27:02 2019 -0700.py,_InputEncoding,False,3,2,4,/Users/neda/Documents/workspace6/DissertationProject/util/Python/models/input/input
848cc592,/Users/neda/Documents/workspace6/DissertationProject/util/Python/models/input/input@faf4bbb3@Fri Oct 11 15:27:02 2019 -0700.py,InputDataset,False,3,2,4,/Users/neda/Documents/workspace6/DissertationProject/util/Python/models/input/input
848cc592,/Users/neda/Documents/workspace6/DissertationProject/util/Python/models/generate_itb_data/generate_itb_data@848cc592@Sat Jan 20 15:03:04 2018 +0100.py,IntegrationToBoundModel,False,0,0,1,/Users/neda/Documents/workspace6/DissertationProject/util/Python/models/generate_itb_data/generate_itb_data
58cb61b5,/Users/neda/Documents/workspace6/DissertationProject/util/Python/models/progressive/progressive@e41999f8@Wed May 24 15:05:15 2017 +0200.py,BrnnPredictor,False,0,1,3,/Users/neda/Documents/workspace6/DissertationProject/util/Python/models/progressive/progressive
58cb61b5,/Users/neda/Documents/workspace6/DissertationProject/util/Python/models/progressive/progressive@e41999f8@Wed May 24 15:05:15 2017 +0200.py,LayerPrediction,False,0,1,3,/Users/neda/Documents/workspace6/DissertationProject/util/Python/models/progressive/progressive
58cb61b5,/Users/neda/Documents/workspace6/DissertationProject/util/Python/models/progressive/progressive@e41999f8@Wed May 24 15:05:15 2017 +0200.py,ProgressiveModel,False,0,1,3,/Users/neda/Documents/workspace6/DissertationProject/util/Python/models/progressive/progressive
58cb61b5,/Users/neda/Documents/workspace6/DissertationProject/util/Python/models/progressive/progressive@58cb61b5@Tue Nov 21 06:27:38 2017 +0100.py,BrnnPredictor,False,1,1,3,/Users/neda/Documents/workspace6/DissertationProject/util/Python/models/progressive/progressive
58cb61b5,/Users/neda/Documents/workspace6/DissertationProject/util/Python/models/progressive/progressive@58cb61b5@Tue Nov 21 06:27:38 2017 +0100.py,LayerPrediction,False,1,1,3,/Users/neda/Documents/workspace6/DissertationProject/util/Python/models/progressive/progressive
58cb61b5,/Users/neda/Documents/workspace6/DissertationProject/util/Python/models/progressive/progressive@58cb61b5@Tue Nov 21 06:27:38 2017 +0100.py,ProgressiveModel,False,1,1,3,/Users/neda/Documents/workspace6/DissertationProject/util/Python/models/progressive/progressive
58cb61b5,/Users/neda/Documents/workspace6/DissertationProject/util/Python/models/progressive/progressive@af68b03b@Tue Nov 21 15:09:45 2017 -0800.py,BrnnPredictor,False,2,1,3,/Users/neda/Documents/workspace6/DissertationProject/util/Python/models/progressive/progressive
58cb61b5,/Users/neda/Documents/workspace6/DissertationProject/util/Python/models/progressive/progressive@af68b03b@Tue Nov 21 15:09:45 2017 -0800.py,LayerPrediction,False,2,1,3,/Users/neda/Documents/workspace6/DissertationProject/util/Python/models/progressive/progressive
58cb61b5,/Users/neda/Documents/workspace6/DissertationProject/util/Python/models/progressive/progressive@af68b03b@Tue Nov 21 15:09:45 2017 -0800.py,ProgressiveModel,False,2,1,3,/Users/neda/Documents/workspace6/DissertationProject/util/Python/models/progressive/progressive
