commitID,Commit Subject,Issue ID,Issue Title,issue User,Semantic Confidence Level,Syntactic Confidence Level
84a4fcb5a,DOC: Fix empty 'C style guide' page (#17503),12835,1,ViacheslavP,1,1
7396e03df,DOC: Fix random links in release note (#17483),12835,1,ViacheslavP,1,1
864723227,DOC: New round of NEP 42 edits (gh-17493),12835,1,ViacheslavP,1,1
789b21719,NEP: update NEP 42 with discussion of type hinting applications (#17447),12835,1,ViacheslavP,1,1
11f051a37,TST: Fix doctest for full_like,17472,TST: Fix doctest for full_like,jsignell,1,1
225c33607,BUG: Fixes incorrect error message in numpy.ediff1d (#17457),17457,BUG: Fixes incorrect error message in numpy.ediff1d,stuartarchibald,2,1
225c33607,BUG: Fixes incorrect error message in numpy.ediff1d (#17457),12835,1,ViacheslavP,1,1
bfd80ef54,MAINT: Bump hypothesis from 5.36.1 to 5.37.0,12835,1,ViacheslavP,1,1
79a8e16ed,Add 3.10 classifier,12835,1,ViacheslavP,1,1
cac2df03a,Already compatible with 3.10,12835,1,ViacheslavP,1,1
49b10b0e3,DOC: Fix indents in PE #17440,12835,1,ViacheslavP,1,1
1edd9693c,DOC: Fixes for PR 17440,12835,1,ViacheslavP,1,2
24d368a80,DOC: Fix the links for ``Ellipsis`` (#17431),12835,1,ViacheslavP,1,1
f632c948f,BUG: Fix memoryleaks related to NEP 37 function overrides,17430,BUG: Fix memoryleaks related to NEP 37 function overrides,seberg,1,2
0e4a4d402,BUG: Fix memory leak in array-coercion error paths,17421,BUG: Fix memory leak in array-coercion error paths,seberg,1,1
0e4a4d402,BUG: Fix memory leak in array-coercion error paths,7714,Memory Leak,aboettcher,1,1
57adb4bb6,DOC: Fix a parameter type in the `putmask` docs (#17412),12835,1,ViacheslavP,1,1
4c74f3759,BLD: Fixed ARGOUTVIEWM memory deallocation. Closes #17398,12835,1,ViacheslavP,1,1
127b262b0,"BUG: Fix default void, datetime, and timedelta in array coercion",17393,"BUG: Fix default void, datetime, and timedelta in array coercion",seberg,1,1
34d7d395d,DOC: Fix docstring for np.matmul (#17383),12835,1,ViacheslavP,1,1
e5a82c957,MAINT: Bump hypothesis from 5.35.3 to 5.36.1,12835,1,ViacheslavP,1,1
02e6b0620,DOC: random: Fix default_rng docstring (#17375),12835,1,ViacheslavP,1,1
bf71a62b5,BUG: Fixes module data docstrings.,17373,BUG: Fixes module data docstrings.,melissawm,1,1
fa1fa7726,MAINT: Bump hypothesis from 5.35.1 to 5.35.3,12835,1,ViacheslavP,1,1
c6853c7c2,NEP: Regenerate table in NEP 29 (add numpy 1.18 and 1.19 to list) (#17337),12835,1,ViacheslavP,1,1
60a1e10c4,"DOC: Fix syntax errors in docstrings for versionchanged, versionadded (#17338)",12835,1,ViacheslavP,1,1
01996b843,BUILD: pin pygments to 2.6.1,12835,1,ViacheslavP,1,1
5abb26769,MAINT: Bump pytest from 6.0.1 to 6.0.2,12835,1,ViacheslavP,1,1
52746a756,MAINT: Bump hypothesis from 5.33.0 to 5.35.1,12835,1,ViacheslavP,1,1
08a51ee71,REL: Update master after 1.19.2 release.,12835,1,ViacheslavP,1,1
e4630a2f5,Fix typo in shape_base (#17279),12835,1,ViacheslavP,1,1
cef9b98cc,DOC: Fix example formatting in PR #16996,12835,1,ViacheslavP,1,1
55cd824ac,DOC: Fix repeated word in PR #16996,12835,1,ViacheslavP,1,1
15292c918,DOC: Fix typos in #16996,12835,1,ViacheslavP,1,1
03e116da1,DOC: 6th try: Fix doctest on PR #16996,12835,1,ViacheslavP,1,2
c26d56933,DOC: 5th try: Avoid unwanted doctest on PR #14979,12835,1,ViacheslavP,1,1
181446848,DOC: 4th try: Avoid unwanted doctest on PR #14979,12835,1,ViacheslavP,1,1
4d4ba0914,DOC: 3rd try: Avoid unwanted doctest on PR #14979,12835,1,ViacheslavP,1,1
348a32ef5,DOC: 2nd try: Avoid unwanted doctest on PR #14979,12835,1,ViacheslavP,1,1
6eaf8906c,DOC: Fix the documented signatures of four `ufunc` methods (#17199),12835,1,ViacheslavP,1,1
22d0b20fd,BUG: Fix dimension discovery of within array ragged cases,17225,BUG: Fix dimension discovery of within array ragged cases,seberg,1,1
051198414,BUG: revert trim_zeros changes from gh-16911,17171,BUG: revert trim_zeros changes from gh-16911,mattip,2,0
69898992b,ENH: Add annotations to the last 8 functions in numpy.core.fromnumeric (#16729),12835,1,ViacheslavP,1,1
453ec52f9,BUG: Fix incorrect cython definition of npy_cfloat,17151,BUG: Fix incorrect cython definition of npy_cfloat,eric-wieser,1,1
9cebb2996,BUG: core: fix ilp64 blas dot/vdot/... for strides > int32 max,17243,BUG: core: fix ilp64 blas dot/vdot/... for strides > int32 max,charris,1,1
9cebb2996,BUG: core: fix ilp64 blas dot/vdot/... for strides > int32 max,17121,BUG: core: fix ilp64 blas dot/vdot/... for strides > int32 max,pv,1,1
0b2f5ed3f,MAINT: changed ValueError line 103 in file timer_comparison,12835,1,ViacheslavP,1,1
4983fc897,DOC: make spacing consistent in NEP 41 bullet points,12835,1,ViacheslavP,1,1
434d2f141,TST: Add tests for bugs fixed in gh-17068.,12835,1,ViacheslavP,1,1
0dc55882a,BUG: fix typo in polydiv that prevented promotion to poly1d (#17053),17053,BUG: fix typo in polydiv that prevented promotion to poly1d,jakobjakobson13,2,1
0dc55882a,BUG: fix typo in polydiv that prevented promotion to poly1d (#17053),12835,1,ViacheslavP,1,1
73184a814,MAINT: Bump hypothesis from 5.23.12 to 5.26.0,12835,1,ViacheslavP,1,1
96ccd4349,MAINT: Bump pytest-cov from 2.10.0 to 2.10.1,12835,1,ViacheslavP,1,1
018ecedfd,DOC: Fixes duplication of toctree content (Closes #17077),12835,1,ViacheslavP,1,1
4d1c5d83d,BUG: fix pickling of arrays larger than 2GiB (gh-17059),17272,BUG: fix pickling of arrays larger than 2GiB,charris,1,2
4d1c5d83d,BUG: fix pickling of arrays larger than 2GiB (gh-17059),17059,BUG: fix pickling of arrays larger than 2GiB,stphnlyd,2,2
4d1c5d83d,BUG: fix pickling of arrays larger than 2GiB (gh-17059),12835,1,ViacheslavP,1,2
e2c6fd02a,MAINT: Bump hypothesis from 5.23.9 to 5.23.12,12835,1,ViacheslavP,1,1
cbd0897a8,BUG: fix a compile and a test warning,17033,BUG: fix a compile and a test warning,mattip,2,1
3023d06a0,DOC: Fix non-matching pronoun in format.py documentation. (gh-17022),12835,1,ViacheslavP,1,1
e1211b830,ENH: Add NumPy declarations to be used by Cython 3.0+ (#16986),12835,1,ViacheslavP,1,1
1345286b6,Update 16841.changes.rst,12835,1,ViacheslavP,1,1
6cb4d9b10,BUG: linspace should round towards -infinity,16841,BUG: linspace should round towards -infinity,marload,2,0
dd3d9352b,MAINT: Bump pytest from 5.4.3 to 6.0.1,12835,1,ViacheslavP,1,1
27cf59da9,DOC: Fix the declarations of C fuctions (#16897),12835,1,ViacheslavP,1,1
f99c01a29,DOC: Fixed typo in lib/recfunctions.py (#16973),12835,1,ViacheslavP,1,1
9a948ad58,REL: Update master after 1.19.1 release.,12835,1,ViacheslavP,1,1
a44e6719e,BUG: Fix string/bytes to complex assignment,16916,BUG: Fix string/bytes to complex assignment,charris,1,1
a44e6719e,BUG: Fix string/bytes to complex assignment,16914,BUG: Fix string/bytes to complex assignment,seberg,1,1
7e1f87087,MAINT: Bump hypothesis from 5.19.1 to 5.20.2,12835,1,ViacheslavP,1,1
831e580cd,"BUG,DOC: Fix bad MPL kwarg.",16906,"BUG,DOC: Fix bad MPL kwarg.",charris,1,1
78ad49bab,MAINT: Bump hypothesis from 5.19.0 to 5.19.1,12835,1,ViacheslavP,1,1
1cdc9a8f7,BUG: fix mgrid output for lower precision float inputs,16815,BUG: fix mgrid output for lower precision float inputs,cjblocker,1,1
7eb261d02,DOC: Fix RST/numpydoc standard.,16798,DOC: Fix RST/numpydoc standard.,Carreau,1,1
fc9d862f0,BLD: update cython to 0.29.21,12835,1,ViacheslavP,1,1
8bcf6bc30,NEP: Update NEP 42 to note the issue of circular references (gh-16778),12835,1,ViacheslavP,1,1
18d0fe5c1,SEQ([1/4]): Fix NPY_FINLINE failback,12835,1,ViacheslavP,1,1
ca39904dc,ENH: [1/4] implement the NumPy C SIMD vectorization interface,12835,1,ViacheslavP,1,1
24d6adbaf,MAINT: Bump hypothesis from 5.16.3 to 5.19.0,12835,1,ViacheslavP,1,1
b74d189cb,MAINT: Bump mypy from 0.781 to 0.782,12835,1,ViacheslavP,1,1
f11159d26,BLD: add manylinux1 OpenBlAS 0.3.10 hashes and test for them,12835,1,ViacheslavP,1,1
2f83e6999,BUG: Fix PyArray_SearchSorted signature.,16724,BUG: Fix PyArray_SearchSorted signature.,charris,1,1
2f83e6999,BUG: Fix PyArray_SearchSorted signature.,16720,BUG: Fix PyArray_SearchSorted signature.,charris,1,1
76924ed01,TST: Disable Python 3.9-dev testing. (#16704),12835,1,ViacheslavP,1,1
dda8c852e,ENH: Added annotations to 8 functions from np.core.fromnumeric (#16647),12835,1,ViacheslavP,1,1
9f6a86238,MAINT: Bump mypy from 0.780 to 0.781,12835,1,ViacheslavP,1,1
7d2b8c7dd,MAINT: Bump hypothesis from 5.16.1 to 5.16.3,12835,1,ViacheslavP,1,1
93606586e,REL: Update master after 1.19.0 release.,12835,1,ViacheslavP,1,1
da21d28ef,ENH: [1/7] enable multi-platform SIMD compiler optimizations,12835,1,ViacheslavP,1,1
64dcb46d4,MAINT: Bump hypothesis from 5.16.0 to 5.16.1,12835,1,ViacheslavP,1,1
22ac0da7f,BLD: use OpenBLAS 0.3.10,12835,1,ViacheslavP,1,1
fc84b76ae,MAINT: Bump pytest-cov from 2.9.0 to 2.10.0,12835,1,ViacheslavP,1,1
74647b34d,BUG: Fix reference count leak in mapping.c,16596,BUG: Fix reference count leak in mapping.c,seberg,1,1
a89f3ebae,NEP 42: Technical decisions for new DTypes (#15507),12835,1,ViacheslavP,1,1
02d66ecd8,DOC: Fix malformed docstrings in ma. (#16296),12835,1,ViacheslavP,1,1
68ebc2bad,DOC: Fix description of dtype default in linspace (#16433),12835,1,ViacheslavP,1,1
7a82f1407,BUG: Ensure SeedSequence 0-padding does not collide with spawn keys,16563,BUG: Ensure SeedSequence 0-padding does not collide with spawn keys,charris,1,1
7a82f1407,BUG: Ensure SeedSequence 0-padding does not collide with spawn keys,16551,BUG: Ensure SeedSequence 0-padding does not collide with spawn keys,rkern,1,1
ad30b31af,DOC: Fix ``np.ma.core.doc_note`` (#16311),12835,1,ViacheslavP,1,1
5f6be40bf,BUG: fixes einsum ouput order with optimization (#14615),12835,1,ViacheslavP,1,1
7d9866415,BUG: Fix cython warning in random/_common.pyx.,16529,BUG: Fix cython warning in random/_common.pyx.,charris,1,1
56cc3b7c5,MAINT:ARMHF Fix detecting feature groups NEON_HALF and NEON_VFPV4,16526,MAINT:ARMHF Fix detecting feature groups NEON_HALF and NEON_VFPV4,charris,1,1
56cc3b7c5,MAINT:ARMHF Fix detecting feature groups NEON_HALF and NEON_VFPV4,16522,MAINT:ARMHF Fix detecting feature groups NEON_HALF and NEON_VFPV4,seiko2plus,1,1
c8a5ff07e,STY: trivial doc style fix in NEP 45. (#16514),12835,1,ViacheslavP,1,2
9439b56f8,DOC: Fixes for 18 broken links (#16472),12835,1,ViacheslavP,1,2
72a4e301d,BUG: Fix result when a gufunc output broadcasts the inputs.,16485,BUG: Fix result when a gufunc output broadcasts the inputs.,seberg,1,1
6deecb9e5,BUG: gcc >= 10: correctly compare major version,12835,1,ViacheslavP,1,1
d05fb5437,MAINT: Bump hypothesis from 5.15.1 to 5.16.0,12835,1,ViacheslavP,1,1
405c6dec7,MNT: support python 3.10,12835,1,ViacheslavP,1,1
5b8216e5c,DOC: change NEP 18 status to Final,12835,1,ViacheslavP,1,1
543655176,"ENH: Optimize Cpu feature detect in X86, fix for GCC on macOS (#16297)",12835,1,ViacheslavP,1,1
de865f7ed,MAINT: Bump cython from 0.29.17 to 0.29.19,12835,1,ViacheslavP,1,1
42a3977b5,MAINT: Bump pytest-cov from 2.8.1 to 2.9.0,12835,1,ViacheslavP,1,1
f41ecf8c0,MAINT: Bump hypothesis from 5.14.0 to 5.15.1,12835,1,ViacheslavP,1,1
1e7ef595c,BUG: Fix dtype leak in `PyArray_FromAny` error path,16358,BUG: Fix dtype leak in `PyArray_FromAny` error path,charris,1,1
1e7ef595c,BUG: Fix dtype leak in `PyArray_FromAny` error path,16348,BUG: Fix dtype leak in `PyArray_FromAny` error path,seberg,1,1
8029c4565,BUG: Fix refcounting in add_newdoc,16336,BUG: Fix refcounting in add_newdoc,seberg,1,1
6dfce7f49,DOC: Fix spelling typo - homogenous to homogeneous. (#16324),12835,1,ViacheslavP,1,1
b3b6cc034,BUG: Require Python >= 3.6 in setup.py,16301,BUG: Require Python >= 3.6 in setup.py,charris,1,1
b3b6cc034,BUG: Require Python >= 3.6 in setup.py,16295,BUG: Require Python >= 3.6 in setup.py,charris,1,1
8bc4701bb,BUG: Fix default fallback in genfromtxt,16780,BUG: Fix default fallback in genfromtxt,charris,1,1
8bc4701bb,BUG: Fix default fallback in genfromtxt,16242,BUG: Fix default fallback in genfromtxt,seberg,1,1
57a857d17,BUG: Fix tools/download-wheels.py.,16293,BUG: Fix tools/download-wheels.py.,charris,1,1
57a857d17,BUG: Fix tools/download-wheels.py.,16292,BUG: Fix tools/download-wheels.py.,charris,1,1
6ce44a406,MAINT: Bump hypothesis from 5.12.0 to 5.14.0,12835,1,ViacheslavP,1,1
b578312d3,REL: Update master after 1.19.x branch.,12835,1,ViacheslavP,1,1
8b81727c5,BUG: max/min of a masked array dtype fix (gh-15991),15991,BUG: max/min of a masked array dtype fix,vrakesh,1,1
8b81727c5,BUG: max/min of a masked array dtype fix (gh-15991),12835,1,ViacheslavP,1,1
2c0640045,BUG: fix signature of PyArray_SearchSorted in __init__.pxd,16223,BUG: fix signature of PyArray_SearchSorted in __init__.pxd,mattip,2,1
beb031d64,ENH: Allow pickle with protocol 5 when higher is requested (#16185),12835,1,ViacheslavP,1,1
6303c86cc,BUG: skip complex256 arcsinh precision test on glibc2.17,16214,BUG: skip complex256 arcsinh precision test on glibc2.17,mattip,2,0
349c740a8,MAINT: Bump hypothesis from 5.10.4 to 5.12.0,12835,1,ViacheslavP,1,1
f3d23f177,MAINT: Bump pytest from 5.4.1 to 5.4.2,12835,1,ViacheslavP,1,1
cea894c0e,"MAINT: Fix '2104' typo, should be '2014'.",12835,1,ViacheslavP,1,1
fc6cd3846,BUG: add missing numpy/__init__.pxd to the wheel,16162,BUG: add missing numpy/__init__.pxd to the wheel,mattip,2,0
45bcf0ffc,CI: unpin 32-bit manylinux2010 image tag,12835,1,ViacheslavP,1,1
afc168c08,DOC: Fix sphinx links in NEP 40 in NEP 41,12835,1,ViacheslavP,1,2
d644ce954,MAINT: Bump pytz from 2019.3 to 2020.1,12835,1,ViacheslavP,1,1
5adf00613,CI: pin 32-bit manylinux2010 image tag,12835,1,ViacheslavP,1,1
a6038fec5,REL: Update master after NumPy 1.18.4 release,12835,1,ViacheslavP,1,1
684e4a92d,BUG: lib: Fix a problem with vectorize with default parameters.,16125,BUG: lib: Fix a problem with vectorize with default parameters.,WarrenWeckesser,1,1
92bda6007,MAINT: Fix random.PCG64 signature in its docstring (#16113),12835,1,ViacheslavP,1,1
44e26f246,BUG: Fix numpy.random.dirichlet returns NaN for small 'alpha' parameters. (#14924),14924,BUG: Fix numpy.random.dirichlet returns NaN for small 'alpha' parameters.,trendelkampschroer,1,1
44e26f246,BUG: Fix numpy.random.dirichlet returns NaN for small 'alpha' parameters. (#14924),12835,1,ViacheslavP,1,1
5f65c90f0,NEP 41: Accept NEP 41 and add DType<->scalar duplication paragraph,12835,1,ViacheslavP,1,1
e0bdf74d0,BUG: Fix string to bool cast regression,16068,BUG: Fix string to bool cast regression,seberg,1,1
64761fab0,MAINT: Bump hypothesis from 5.10.1 to 5.10.4,12835,1,ViacheslavP,1,1
3b15d4ef3,MAINT: Bump cython from 0.29.16 to 0.29.17,12835,1,ViacheslavP,1,1
e8b840124,BUG: random: Generator.integers(2**32) always returned 0.,16090,BUG: random: Generator.integers(2**32) always returned 0.,charris,1,1
e8b840124,BUG: random: Generator.integers(2**32) always returned 0.,16076,BUG: random: Generator.integers(2**32) always returned 0.,WarrenWeckesser,1,1
619422b49,BUG: fix AttributeError on accessing object in nested MaskedArray. (#15949),15949,BUG: fix AttributeError on accessing object in nested MaskedArray.,rena-xu,1,1
619422b49,BUG: fix AttributeError on accessing object in nested MaskedArray. (#15949),12835,1,ViacheslavP,1,1
c0d8fe1f6,BUG: missing 'f' prefix for fstring,16041,BUG: missing 'f' prefix for fstring,mattip,2,1
9dd1888ca,BUG: Fix lexsort axis check,16010,BUG: Fix lexsort axis check,vrakesh,2,1
8dfaa4a5e,DOC: update first section of NEP 37 (``__array_function__`` downsides) (#16015),12835,1,ViacheslavP,1,1
e15afe73f,MAINT: Bump hypothesis from 5.8.3 to 5.10.1,12835,1,ViacheslavP,1,1
bcd3d9435,REL: Update master after 1.18.3 release.,12835,1,ViacheslavP,1,1
1d5989975,BUG: Alpha parameter must be 1D in `generator.dirichlet` (#15951),16017,BUG: Alpha parameter must be 1D in `generator.dirichlet`,charris,1,1
1d5989975,BUG: Alpha parameter must be 1D in `generator.dirichlet` (#15951),15951,BUG: Alpha parameter must be 1D in `generator.dirichlet`,panpiort8,2,1
1d5989975,BUG: Alpha parameter must be 1D in `generator.dirichlet` (#15951),12835,1,ViacheslavP,1,1
11c1e161b,BUG: Fix inf and NaN-warnings in half float `nextafter` (#15988),15988,BUG: Fix inf and NaN-warnings in half float `nextafter`,adam4130,1,1
11c1e161b,BUG: Fix inf and NaN-warnings in half float `nextafter` (#15988),12835,1,ViacheslavP,1,1
b38ccec64,NEP: Improve Value Based Casting paragraph in NEP 40 (#16000),12835,1,ViacheslavP,1,1
6bd0cb90a,MAINT: Fixed some spelling mistakes in 15648.improvement.rst,12835,1,ViacheslavP,1,2
42281e952,ENH: update default MACOSX_DEPLOYMENT_TARGET to 10.9 (from review),12835,1,ViacheslavP,1,1
c67396b80,NEP: Add paragraph to NEP 41 about no array-object use and fix links (gh-15834),12835,1,ViacheslavP,1,2
caa9b6045,DOC: Minor fix to _hist_bin_fd documentation (#15839),12835,1,ViacheslavP,1,1
925477022,MAINT: Skip compiling AVX512_exp_DOUBLE when clang <= 10.0.0,12835,1,ViacheslavP,1,1
3f6dba405,DOC: Fixed order of items and link to mailing list in dev docs index. (#15901),12835,1,ViacheslavP,1,1
0c85dae2d,BUG: Setting a 0d array's strides to themselves should be legal,15884,BUG: Setting a 0d array's strides to themselves should be legal,eric-wieser,1,1
8235553ec,BUG: Fix empty_like to respect shape=(),15881,BUG: Fix empty_like to respect shape=(),eric-wieser,1,1
385a969d0,BUG: add check if pvals is 1d array in numpy.random.*.multinomial,12835,1,ViacheslavP,1,1
961bcb41a,MAINT: Bump cython from 0.29.15 to 0.29.16,12835,1,ViacheslavP,1,1
36dd1b364,BUG: Fix IndexError for illegal axis in np.mean,15836,BUG: Fix IndexError for illegal axis in np.mean,sgasse,2,1
1cb387128,DOC: fix remaining doc files for refguide_check (#15720),15720,DOC: fix remaining doc files for refguide_check,pdebuyl,1,1
1cb387128,DOC: fix remaining doc files for refguide_check (#15720),12835,1,ViacheslavP,1,1
e1968acbe,BUG: Add basic __format__ for masked element to fix incorrect print (#15794),15794,BUG: Add basic __format__ for masked element to fix incorrect print,WarrenWeckesser,1,1
e1968acbe,BUG: Add basic __format__ for masked element to fix incorrect print (#15794),15410,BUG: Add basic __format__ for masked element to fix incorrect print,5tefan,1,1
e1968acbe,BUG: Add basic __format__ for masked element to fix incorrect print (#15794),12835,1,ViacheslavP,1,1
965b41d41,"BUG, TST: fix f2py for PyPy, skip one test for PyPy (#15750)",15750,"BUG, TST: fix f2py for PyPy, skip one test for PyPy",mattip,1,1
965b41d41,"BUG, TST: fix f2py for PyPy, skip one test for PyPy (#15750)",12835,1,ViacheslavP,1,1
c2dd24504,BUG: Guarantee array is in valid state after memory error occurs in getset.c (#15736),15736,BUG: Guarantee array is in valid state after memory error occurs in getset.c,Mibu287,2,0
cdbc93520,NEP 40: Informational NEP about current DTypes (#15505),12835,1,ViacheslavP,1,1
6239c13ba,REL: Update master after 1.18.2 release.,12835,1,ViacheslavP,1,1
d6baae0c6,MAINT: Bump pytest from 5.3.5 to 5.4.1,12835,1,ViacheslavP,1,1
cd3b44d5f,MAINT: Test during import to detect bugs with Accelerate(MacOS) LAPACK (#15695),12835,1,ViacheslavP,1,1
d18156b00,BUG: lib: Handle axes with length 0 in np.unique.,15747,BUG: lib: Handle axes with length 0 in np.unique.,WarrenWeckesser,1,1
ef0957302,NEP 41: First steps towards improved Datatype Support (gh-15506),12835,1,ViacheslavP,1,1
5a59087fa,DOC: Change license date 2019 -> 2020 (gh-15735),12835,1,ViacheslavP,1,1
3c1f89d91,BUG: fix logic error when nm fails on 32-bit,15734,BUG: fix logic error when nm fails on 32-bit,charris,1,2
3c1f89d91,BUG: fix logic error when nm fails on 32-bit,15723,BUG: fix logic error when nm fails on 32-bit,mattip,2,2
2c36dbbd6,DOC: Fix coremath.rst to fix refguide_check (#15718),15718,DOC: Fix coremath.rst to fix refguide_check,pdebuyl,1,1
2c36dbbd6,DOC: Fix coremath.rst to fix refguide_check (#15718),12835,1,ViacheslavP,1,1
0c32bb414,DOC: fix SVD tutorial to pass refguide (#15710),12835,1,ViacheslavP,1,1
459bfb4af,DOC: Fix quickstart doc to pass refguide (#15703),12835,1,ViacheslavP,1,1
9331e55b0,NEP: move NEP 44 to accepted status (#15683),12835,1,ViacheslavP,1,1
d5064d4ab,DOC: Fix indexing docs to pass refguide (#15694),12835,1,ViacheslavP,1,1
6dc191c2c,BUG: fix doctest exception messages,15665,BUG: fix doctest exception messages,mattip,2,1
3963ed0ea,DOC: fix documentation for apply_along_axis (#15619),12835,1,ViacheslavP,1,1
5eff78bb1,NEP: edit and move NEP 38 to accepted status (#15543),12835,1,ViacheslavP,1,1
66441f409,MAINT: Bump cython from 0.29.14 to 0.29.15,12835,1,ViacheslavP,1,1
5798ce765,"BUG, DOC: restore missing import",15560,"BUG, DOC: restore missing import",mattip,2,0
7b4c87313,DOC: Minor copyediting on NEP 37. (#15536),12835,1,ViacheslavP,1,1
b4adb8319,BUG: Fix inline assembly that detects cpu features on x86(32bit),15526,BUG: Fix inline assembly that detects cpu features on x86(32bit),seiko2plus,1,1
b202aad8d,BUG: Fix for SVD not always sorted with hermitian=True,15468,BUG: Fix for SVD not always sorted with hermitian=True,hameerabbasi,1,1
635819654,MAINT: Use True/False instead of 1/0 in np.dtype.__reduce__,12835,1,ViacheslavP,1,1
db9cc9093,TST: mark the top 3 slowest tests to save ~10 seconds,12835,1,ViacheslavP,1,1
427307674,NEP: universal SIMD NEP 38 (#15228),12835,1,ViacheslavP,1,1
8493ea565,DOC: fix docstrings so `python tools/refguide-check --rst <file> runs (#15439),15439,DOC: fix docstrings so `python tools/refguide-check --rst <file> runs,mattip,1,1
8493ea565,DOC: fix docstrings so `python tools/refguide-check --rst <file> runs (#15439),12835,1,ViacheslavP,1,1
d5a444e9f,DOC: Fix Multithreaded Generation example docs (gh-15367),15367,DOC: Fix Multithreaded Generation example docs,fzeiser,1,1
d5a444e9f,DOC: Fix Multithreaded Generation example docs (gh-15367),12835,1,ViacheslavP,1,1
31e53bfdd,MAINT: Revert f2py Python 2.6 workaround (gh-15415),12835,1,ViacheslavP,1,1
c75883923,BUG/TEST: core: Fix an undefined name in a test.,15405,BUG/TEST: core: Fix an undefined name in a test.,WarrenWeckesser,1,1
ca85d7183,"DOC, BLD: sphinx 2.2.0 -> 2.3.1 to get rid of deprecation warning",12835,1,ViacheslavP,1,1
73d8ec888,DOC: Updating f2py docs to python 3 and fixing some typos (#15303),12835,1,ViacheslavP,1,1
7ef6b65fa,BUG: `np.resize` negative shape and subclasses edge case fixes,15037,BUG: `np.resize` negative shape and subclasses edge case fixes,tirthasheshpatel,2,0
99b4814cb,TST: move pypy CI to ubuntu 18.04,12835,1,ViacheslavP,1,1
4bf433c7a,DOC: BLD: add empty release notes for 1.19.0 to fix doc build error,15282,DOC: BLD: add empty release notes for 1.19.0 to fix doc build error,rgommers,1,2
4bf433c7a,DOC: BLD: add empty release notes for 1.19.0 to fix doc build error,12835,1,ViacheslavP,1,2
e0b2f8e61,MAINT: Remove use of Python 2 nb_divide slots (#15272),12835,1,ViacheslavP,1,1
864dfa40b,MAINT: Post NumPy 1.18.1 update.,12835,1,ViacheslavP,1,1
61d59f809,DOC: NEP 37: A dispatch protocol for NumPy-like modules (#15197),12835,1,ViacheslavP,1,1
0ce4b56df,BUG: Fix PyArray_DescrAlignConverter2 on tuples,15267,BUG: Fix PyArray_DescrAlignConverter2 on tuples,eric-wieser,1,1
0fea57e2c,BUG: lib: Fix handling of integer arrays by gradient.,15246,BUG: lib: Fix handling of integer arrays by gradient.,charris,1,1
0fea57e2c,BUG: lib: Fix handling of integer arrays by gradient.,15212,BUG: lib: Fix handling of integer arrays by gradient.,WarrenWeckesser,1,1
f33c1d69f,REL: Update master after NumPy 1.16.6 and 1.17.5 releases.,12835,1,ViacheslavP,1,1
dc0adc9ae,BUG: distutils: fix msvc+gfortran openblas handling corner case,15220,BUG: distutils: fix msvc+gfortran openblas handling corner case,charris,1,1
dc0adc9ae,BUG: distutils: fix msvc+gfortran openblas handling corner case,15211,BUG: distutils: fix msvc+gfortran openblas handling corner case,pv,1,1
a7928319d,MAINT: Update required cython version to 0.29.14.,12835,1,ViacheslavP,1,1
42bd6db6e,"BUG: test, fix flexible dtype conversion on class with __array__ (#15076)",15076,"BUG: test, fix flexible dtype conversion on class with __array__",mattip,1,1
42bd6db6e,"BUG: test, fix flexible dtype conversion on class with __array__ (#15076)",12835,1,ViacheslavP,1,1
246b72b1c,DOC: add moved modules to 1.18 release note,12835,1,ViacheslavP,1,1
316fef7cc,REL: Update master after NumPy 1.18.0 release.,12835,1,ViacheslavP,1,1
6d69a9e16,MAINT: Fix randint 0d limits and other 0d cleanups (#15126),12835,1,ViacheslavP,1,2
5d9cab95e,BUG: Fix expm1 instability for small complex nums.,12835,1,ViacheslavP,1,1
b9b879896,MAINT: Bump pytest from 5.3.1 to 5.3.2,12835,1,ViacheslavP,1,1
c1c97173a,MAINT: core: Fix spacing in the expm1 docstring.,12835,1,ViacheslavP,1,1
0aeab48b9,DOC: Fix statement about norms (#15050),12835,1,ViacheslavP,1,1
fbcb58ca2,REL: Update master after 1.18.x branch.,12835,1,ViacheslavP,1,1
de6e644b1,BUG: Fix refcounting in ufunc object loops,15038,BUG: Fix refcounting in ufunc object loops,eric-wieser,1,1
de6e644b1,BUG: Fix refcounting in ufunc object loops,15036,BUG: Fix refcounting in ufunc object loops,eric-wieser,1,1
522e6241c,"BUG: add endfunction, endsubroutine to valid fortran end words",15035,"BUG: add endfunction, endsubroutine to valid fortran end words",mattip,2,0
0cc8fd684,DOC: Create 1.18.0 release note.,12835,1,ViacheslavP,1,1
8d112d1ef,MAINT: Bump pytest from 5.3.0 to 5.3.1,12835,1,ViacheslavP,1,1
8efd1e70a,BUG: Fix step returned by linspace when num=1 and endpoint=False (#14929),14929,BUG: Fix step returned by linspace when num=1 and endpoint=False,david-zwicker,1,1
8efd1e70a,BUG: Fix step returned by linspace when num=1 and endpoint=False (#14929),12835,1,ViacheslavP,1,1
4708211dc,BUILD: remove SSE2 flag from numpy.random builds,14878,BUILD: remove SSE2 flag from numpy.random builds,mattip,2,0
d4a182df5,REL: Update master after 1.17.4 release.,12835,1,ViacheslavP,1,1
940882766,MAINT: Bump cython from 0.29.13 to 0.29.14,12835,1,ViacheslavP,1,1
bf6f134ab,MAINT: move buffer.h -> npy_buffer.h to avoid conflicts,14830,MAINT: move buffer.h -> npy_buffer.h to avoid conflicts,mattip,2,0
79d23f0bd,BUG: clear only attribute errors in get_attr_string.h::maybe_get_attr (#14745),14745,BUG: clear only attribute errors in get_attr_string.h::maybe_get_attr,keewis,2,0
647ea1908,"WIP, DEP, ENH: finish richcompare changes from 1.10",12835,1,ViacheslavP,1,1
7d31c1336,NEP: update from comments and PR 14794,12835,1,ViacheslavP,1,1
7572f294e,MAINT: Bump pytest from 5.2.1 to 5.2.2,12835,1,ViacheslavP,1,1
4780c1bc7,BUG: random: biased samples from integers() with 8 or 16 bit dtype.,14781,BUG: random: biased samples from integers() with 8 or 16 bit dtype.,charris,1,1
4780c1bc7,BUG: random: biased samples from integers() with 8 or 16 bit dtype.,14777,BUG: random: biased samples from integers() with 8 or 16 bit dtype.,WarrenWeckesser,1,1
4780c1bc7,BUG: random: biased samples from integers() with 8 or 16 bit dtype.,12835,1,ViacheslavP,1,1
a2a131fb9,"TST, BUILD: add a gcc 4.8 run on ubuntu 18.04",12835,1,ViacheslavP,1,1
af36784b2,BUG: fix integer size confusion in handling array's ndmin argument,14937,BUG: fix integer size confusion in handling array's ndmin argument,charris,1,1
af36784b2,BUG: fix integer size confusion in handling array's ndmin argument,14769,BUG: fix integer size confusion in handling array's ndmin argument,mwhudson,1,1
235633663,DOC: Post 1.17.3 release update.,12835,1,ViacheslavP,1,1
3ff4924ea,BUG: lib: Fix histogram problem with signed integer arrays.,14857,BUG: lib: Fix histogram problem with signed integer arrays.,charris,1,1
3ff4924ea,BUG: lib: Fix histogram problem with signed integer arrays.,14381,BUG: lib: Fix histogram problem with signed integer arrays.,WarrenWeckesser,1,1
c75756a85,BUG: Default start to 0 for timedelta arange,14714,BUG: Default start to 0 for timedelta arange,eric-wieser,1,1
4d4cc4dcf,fixes #14692 np.einsum errors on Power9 Linux and z/Linux,12835,1,ViacheslavP,1,1
db1ead7a1,MAINT: Bump pytest from 5.2.0 to 5.2.1,12835,1,ViacheslavP,1,1
743da82d9,MAINT: Bump pytest-cov from 2.7.1 to 2.8.1,12835,1,ViacheslavP,1,1
ffb381aa1,BUG: fix fromfile behavior when reading sub-array dtypes,14657,BUG: fix fromfile behavior when reading sub-array dtypes,pv,1,1
895876d94,MAINT: Bump pytz from 2019.2 to 2019.3,12835,1,ViacheslavP,1,1
53dd7d6a7,MAINT: Refer numpy issue #13808 to upstream CPython bug https://bugs.python.org/issue12836,12835,1,ViacheslavP,1,1
f2e02012d,Bump pytest from 5.1.3 to 5.2.0,12835,1,ViacheslavP,1,1
3dfe3a457,Fix discrepancies in NEPs (#14601),12835,1,ViacheslavP,1,1
4e2b48f9f,NEP: Accept NEP 32. (#14600),12835,1,ViacheslavP,1,1
2618363b6,Bump pytest from 5.1.2 to 5.1.3,12835,1,ViacheslavP,1,1
7aee2ef21,BUG: Add missing check for 0-sized array in ravel_multi_index,14585,BUG: Add missing check for 0-sized array in ravel_multi_index,seberg,1,1
aa0f7f7a1,"BUILD, DOC: fix 14518, add release note",12835,1,ViacheslavP,1,2
928c759a8,BUG: importing build_src breaks setuptools monkeypatch for msvc14,14570,BUG: importing build_src breaks setuptools monkeypatch for msvc14,mattip,2,0
5e148ad95,BUG: Fix randint when range is 2**32,14515,BUG: Fix randint when range is 2**32,charris,1,2
5e148ad95,BUG: Fix randint when range is 2**32,14501,BUG: Fix randint when range is 2**32,bashtage,1,2
003bdc25b,BUG: Fix flatten_dtype so that nested 0-field structs are flattened correctly,14511,BUG: Fix flatten_dtype so that nested 0-field structs are flattened correctly,eric-wieser,1,2
e295a99e1,DOC: include NAT value and remove Differences between 1.6 and 1.7 Datetimes section,12835,1,ViacheslavP,1,1
ea1fddf81,DOC: Fix reference NPY_ARRAY_OWNDATA instead of NPY_OWNDATA.,14493,DOC: Fix reference NPY_ARRAY_OWNDATA instead of NPY_OWNDATA.,MSeifert04,2,1
17fe313d3,Update 14255.improvement.rst,12835,1,ViacheslavP,1,1
e389beef0,BUG: random: Fix the mistaken duplicate line. Fixes gh-14557.,12835,1,ViacheslavP,1,1
631ce4956,BUG: core: Fix the str function of the rational dtype.,14472,BUG: core: Fix the str function of the rational dtype.,WarrenWeckesser,1,1
2eef5b513,BUG: Fix _ctypes class cirular reference. (#13808),12835,1,ViacheslavP,1,1
2903d86b9,BUG: add a specialized loop for boolean matmul,14464,BUG: add a specialized loop for boolean matmul,mattip,2,0
75245074b,REL: Update master after 1.17.2 release.,12835,1,ViacheslavP,1,1
3cd8933b1,BUG: Fix ZeroDivisionError for zero length arrays in pocketfft. (#14279),14279,BUG: Fix ZeroDivisionError for zero length arrays in pocketfft.,mreineck,2,1
3cd8933b1,BUG: Fix ZeroDivisionError for zero length arrays in pocketfft. (#14279),12835,1,ViacheslavP,1,1
3dccd8414,BUG: Fixed maximum relative error reporting in assert_allclose (gh-13802),14434,BUG: Fixed maximum relative error reporting in assert_allclose,charris,1,1
3dccd8414,BUG: Fixed maximum relative error reporting in assert_allclose (gh-13802),13802,BUG: Fixed maximum relative error reporting in assert_allclose,CakeWithSteak,2,1
3dccd8414,BUG: Fixed maximum relative error reporting in assert_allclose (gh-13802),12835,1,ViacheslavP,1,1
d2c57616d,NEP: Add NEP 31 — Context-local and global overrides of the NumPy API,12835,1,ViacheslavP,1,1
3238a0d7d,BUG: Fix format statement associated with AttributeError.,14416,BUG: Fix format statement associated with AttributeError.,WarrenWeckesser,1,1
5bf6114cc,Bump pytest from 5.1.1 to 5.1.2,12835,1,ViacheslavP,1,1
7c59eca1f,REL: Update master after NumPy 1.16.5 release.,12835,1,ViacheslavP,1,1
847aefc8a,BUG: view with fieldless dtype should raise if itemsize != 0,14393,BUG: view with fieldless dtype should raise if itemsize != 0,ahaldane,1,1
2accb7cd3,"BUG: test, fix regression in converting to ctypes",14421,"BUG: test, fix regression in converting to ctypes",charris,1,1
2accb7cd3,"BUG: test, fix regression in converting to ctypes",14387,"BUG: test, fix regression in converting to ctypes",mattip,2,1
19a1dafc2,move 1.17.1 release note to new layout in this PR,12835,1,ViacheslavP,1,1
ffd37ffd6,MAINT: Post NumPy 1.17.1 update.,12835,1,ViacheslavP,1,1
e7c1f8e78,BUG: Fix for Python 3.10,12835,1,ViacheslavP,1,2
787051edc,DOC: update NEP 31 for vendoring and being complementary to NEP-13/18,12835,1,ViacheslavP,1,1
bc74b3185,BUG: revert detecting and raising error on ragged arrays,14341,BUG: revert detecting and raising error on ragged arrays,mattip,2,0
965ea2ff4,BUG: Fix segfault in `random.permutation(x)` when  x is a string. (#14241),14330,BUG: Fix segfault in `random.permutation(x)` when  x is a string. ,charris,1,1
965ea2ff4,BUG: Fix segfault in `random.permutation(x)` when  x is a string. (#14241),14241,BUG: Fix segfault in `random.permutation(x)` when  x is a string.,maxwell-aladago,1,1
965ea2ff4,BUG: Fix segfault in `random.permutation(x)` when  x is a string. (#14241),12835,1,ViacheslavP,1,1
810d31543,Merge pull request #14298 from 5ghz/cross_compile,12835,1,ViacheslavP,1,1
684bee2ae,BUG: General fixes to f2py reference counts (dereferencing),12633,BUG: General fixes to f2py reference counts (dereferencing),seberg,1,1
4ada0641e,BUG: Fix leak in the f2py-generated module init and `PyMem_Del` usage,14301,BUG: Fix leak in the f2py-generated module init and `PyMem_Del` usage,charris,1,1
4ada0641e,BUG: Fix leak in the f2py-generated module init and `PyMem_Del` usage,14217,BUG: Fix leak in the f2py-generated module init and `PyMem_Del` usage,superbobry,1,1
b9f9cbfde,BUG: Fix formatting error in exception message,14302,BUG: Fix formatting error in exception message,charris,1,1
b9f9cbfde,BUG: Fix formatting error in exception message,14270,BUG: Fix formatting error in exception message,aleju,2,1
509693022,DOC: new nan_to_num keywords are from 1.17 onwards (#14219),12835,1,ViacheslavP,1,1
6f34f5faa,TEST: improving test coverage for sin/cos for input > 117435.992f,12835,1,ViacheslavP,1,1
b4c1d4f93,DOC: Fix misleading `allclose` docstring for `equal_nan` (gh-14183),12835,1,ViacheslavP,1,1
22fe5427b,BUG: Make advanced indexing result on read-only subclass writeable (#14171),14171,BUG: Make advanced indexing result on read-only subclass writeable,jeremiedbb,2,0
8eafe9969,DOC: fix markup of news fragment readme (gh-14115),12835,1,ViacheslavP,1,1
d73ddcbc8,MNT: update for numpy 1.17 release,12835,1,ViacheslavP,1,1
75016bde4,BUG: Remove stray print that causes a SystemError on python 3.7 due to an exception being in flight,14162,BUG: Remove stray print that causes a SystemError on python 3.7,charris,1,1
621e41d58,BUG: Fix DeprecationWarning in python 3.8 due to implicit conversion to int,14143,BUG: Fix DeprecationWarning in python 3.8,eric-wieser,1,2
6fbd92e51,"DOC, MAINT: Update master after 1.17.0 release.",12835,1,ViacheslavP,1,1
f615807da,BUG: fix build issue on icc 2016,14081,BUG: fix build issue on icc 2016,charris,1,2
f615807da,BUG: fix build issue on icc 2016,14074,BUG: fix build issue on icc 2016,r-devulap,1,2
f615807da,BUG: fix build issue on icc 2016,12835,1,ViacheslavP,1,2
c4b0b51b5,BUG: Fix file-like object check when saving arrays,14082,BUG: Fix file-like object check when saving arrays,charris,1,1
c4b0b51b5,BUG: Fix file-like object check when saving arrays,14063,BUG: Fix file-like object check when saving arrays,luispedro,1,1
ea965e4cd,BUG: Fix incorrect GIL release in array.nonzero (#13930),13930,BUG: Fix incorrect GIL release in array.nonzero,garyg1,1,1
ea965e4cd,BUG: Fix incorrect GIL release in array.nonzero (#13930),12835,1,ViacheslavP,1,1
fc0043dea,DOC: Fix a typo related to the range of indices (#13952),12835,1,ViacheslavP,1,1
d8e145743,DOC: emphasize random API changes,13971,DOC: emphasize random API changes,mattip,2,0
42a086d93,"Revert ""MAINT/BUG/DOC: Fix errors in _add_newdocs (#13876)""",13933,MAINT/BUG/DOC: Fix errors in _add_newdocs ,eric-wieser,1,1
42a086d93,"Revert ""MAINT/BUG/DOC: Fix errors in _add_newdocs (#13876)""",12835,1,ViacheslavP,1,1
7ac7fa9a4,MAINT/BUG/DOC: Fix errors in _add_newdocs (#13876),13933,MAINT/BUG/DOC: Fix errors in _add_newdocs ,eric-wieser,1,1
7ac7fa9a4,MAINT/BUG/DOC: Fix errors in _add_newdocs (#13876),12835,1,ViacheslavP,1,1
deea4983a,BUG: Refcount fixes (#13860),13860,BUG: Refcount fixes,seberg,1,1
deea4983a,BUG: Refcount fixes (#13860),12835,1,ViacheslavP,1,1
cde9a2e69,MAINT: Prepare master for 1.18.0 development.,12835,1,ViacheslavP,1,1
5c58f3070,DOC: Prepare for 1.17.0rc1 release.,12835,1,ViacheslavP,1,1
6e7f42efe,BUG: do not force emulation of 128-bit arithmetic.,13858,BUG: do not force emulation of 128-bit arithmetic.,rkern,1,1
6e7f42efe,BUG: do not force emulation of 128-bit arithmetic.,12835,1,ViacheslavP,1,1
0570cff60,BUG: Fix memory leak in dtype from dict contructor,14057,BUG: Fix memory leak in dtype from dict contructor,charris,1,1
0570cff60,BUG: Fix memory leak in dtype from dict contructor,13855,BUG: Fix memory leak in dtype from dict contructor,seberg,1,1
0570cff60,BUG: Fix memory leak in dtype from dict contructor,7714,Memory Leak,aboettcher,1,1
456d2ebf7,DOC: remove note about `__array_ufunc__` being provisional for 1.17.0,12835,1,ViacheslavP,1,1
6a6f4edf9,DOC: Update of reference to paper for Lemire's method. Replaced with 2019 journal reference as per Lemire's website; same arxiv link.,12835,1,ViacheslavP,1,1
080bf0064,MAINT: fix histogram*d dispatchers,14045,MAINT: fix histogram*d dispatchers,charris,1,1
080bf0064,MAINT: fix histogram*d dispatchers,13757,MAINT: fix histogram*d dispatchers,shoyer,1,1
bc3c71769,BUG: fix segfault on side-effect in __bool__ function in array.nonzero() (#13745),13745,BUG: fix segfault on side-effect in __bool__ function in array.nonzero(),garyg1,1,1
bc3c71769,BUG: fix segfault on side-effect in __bool__ function in array.nonzero() (#13745),12835,1,ViacheslavP,1,1
03052b72b,BUG: Prevent passing of size 0 to array alloc C functions,13691,BUG: Prevent passing of size 0 to array alloc C functions,oribro,1,1
7ab13499d,BUG: fix unpickling of datetime64 with non-native endianness (#12905),12835,1,ViacheslavP,1,1
d429f0fe1,BUG: Fix random.choice when probability is not C contiguous (#13716),13716,BUG: Fix random.choice when probability is not C contiguous,jeremiedbb,2,1
d429f0fe1,BUG: Fix random.choice when probability is not C contiguous (#13716),12835,1,ViacheslavP,1,1
5a967c9d6,BUG: Fix use-after-free in boolean indexing,13905,BUG: Fix use-after-free in boolean indexing,seberg,1,1
5a967c9d6,BUG: Fix use-after-free in boolean indexing,13715,BUG: Fix use-after-free in boolean indexing,bmerry,1,1
0c70787c0,MAINT: Misc. typo fixes (#13664),12835,1,ViacheslavP,1,1
5af6880df,BENCH: fix benchmark suite importability on Numpy<1.17,12835,1,ViacheslavP,1,1
5a105dc61,BUG: Fix RandomState argument name,13670,BUG: Fix RandomState argument name,bashtage,1,1
41b61d2ac,DOC: Updates following NumPy 1.16.4 release.,12835,1,ViacheslavP,1,1
491e75bf4,MAINT: Update mailmap for 1.17.0,12835,1,ViacheslavP,1,1
b8e741c66,BUG: setup.py install --skip-build fails,13629,BUG: setup.py install --skip-build fails,mattip,2,0
4ae1156f5,BUG: Workaround for bug in clang7.0,13623,BUG: Workaround for bug in clang7.0,r-devulap,1,1
ae34b5485,MAINT: amended fixes suggested in #13158,12835,1,ViacheslavP,1,1
3349fec43,NEP: update NEP 19 with API terminology,12835,1,ViacheslavP,1,1
e68984755,BUG: fix left shift of 1 by 31 places cannot be represented in type int,12835,1,ViacheslavP,1,2
99bf1a057,DOC: Update docs for 1.15 release [skip ci],12835,1,ViacheslavP,1,1
bdd75dff0,BUG: distutils/system_info.py fix missing subprocess import (#13523),13587,BUG: distutils/system_info.py fix missing subprocess import (#13523),charris,1,1
bdd75dff0,BUG: distutils/system_info.py fix missing subprocess import (#13523),13523,BUG: distutils/system_info.py fix missing subprocess import,denniszollo,2,1
bdd75dff0,BUG: distutils/system_info.py fix missing subprocess import (#13523),12835,1,ViacheslavP,1,1
cc5b7515b,"BUG,DEP: Fix writeable flag setting for arrays without base",13620,"BUG,DEP: Fix writeable flag setting for arrays without base",charris,1,1
cc5b7515b,"BUG,DEP: Fix writeable flag setting for arrays without base",13463,"BUG,DEP: Fix writeable flag setting for arrays without base",seberg,1,1
366f9b8fc,Ensure that reduced is a 1D array,12835,1,ViacheslavP,1,1
96a40bd19,BLD: Make CI pass again with pytest 4.5,13549,BLD: Make CI pass again with pytest 4.5,charris,1,1
96a40bd19,BLD: Make CI pass again with pytest 4.5,13534,BLD: Make CI pass again with pytest 4.5,eric-wieser,1,1
de32873dc,"BUG: test all ufunc.types for return type, fix for exp, log",13495,"BUG: test all ufunc.types for return type, fix for exp, log",mattip,2,1
1f1e8f94e,BUG: missing git raises an OSError,13449,BUG: missing git raises an OSError,mattip,2,0
dadfa82c7,MAINT: more adjustments in PR 10723,12835,1,ViacheslavP,1,1
f16c558fc,BUG: fix unravel_index when dimension is greater than 'intp',13439,BUG: fix unravel_index when dimension is greater than 'intp',psschand,2,1
a85ceabe6,MAINT: reviewer adjustments in PR 10723,12835,1,ViacheslavP,1,1
ea0d13c64,BUG: fixing bugs in AVX exp/log while handling special value floats (#13415),13415,BUG: fixing bugs in AVX exp/log while handling special value floats,r-devulap,1,1
ea0d13c64,BUG: fixing bugs in AVX exp/log while handling special value floats (#13415),12835,1,ViacheslavP,1,1
666d92ac8,BUG: handle subarrays in descr_to_dtype,13433,BUG: Handle subarrays in descr_to_dtype,mattip,2,0
6781e1faa,MAINT: fixed last issues and questions according to #13132,12835,1,ViacheslavP,1,1
59a521ee0,BUG: (py2 only) fix unicode support for savetxt fmt string,13409,BUG: (py2 only) fix unicode support for savetxt fmt string,seberg,1,1
58c28d4fd,DOC: Add 1.17 release note,12835,1,ViacheslavP,1,1
ba4cbb89d,"MAINT, DOC: Post 1.16.3 release updates.",12835,1,ViacheslavP,1,1
d3125fa94,DOC: adding release notes for 1.17.0,12835,1,ViacheslavP,1,1
4bebf0553,TST: use smaller tests for PR 10741.,12835,1,ViacheslavP,1,1
b5895be14,BUG: Fix structured_to_unstructured on single-field types,13334,BUG: Fix structured_to_unstructured on single-field types,eric-wieser,1,1
524abf2f4,DOC: fix doc formatting issues exposed by numpydoc 0.9.0rc1,12835,1,ViacheslavP,1,2
b60f33dd0,BUG: Fix bad error message in np.memmap,13311,BUG: Fix bad error message in np.memmap,eric-wieser,1,1
efdd3f50b,BUG: Fix crash when calling savetxt on a padded array,13340,BUG: Fix crash when calling savetxt on a padded array,charris,1,1
efdd3f50b,BUG: Fix crash when calling savetxt on a padded array,13301,BUG: Fix crash when calling savetxt on a padded array,eric-wieser,1,1
306bc58e9,BUG: Fix null pointer dereference in PyArray_DTypeFromObjectHelper,13278,BUG: Fix null pointer dereference in PyArray_DTypeFromObjectHelper,charris,1,1
306bc58e9,BUG: Fix null pointer dereference in PyArray_DTypeFromObjectHelper,13273,BUG: Fix null pointer dereference in PyArray_DTypeFromObject,jwilk,1,1
0be3fe425,DOC : Correcting bug on Documentation Page (Byteswapping) (#13262),12835,1,ViacheslavP,1,1
91ba86f69,"ENH: vectorize np.abs for unsigned ints and half, improving performance up to 12x",12835,1,ViacheslavP,1,1
173a21081,DOC: fix docstring for floor_divide (#13242),12835,1,ViacheslavP,1,1
783e88f37,BUG/MAINT: fix reference count error on invalid input to ndarray.flat (#13176),12835,1,ViacheslavP,1,1
b34dbf701,DOC: Fix c-api function documentation duplication. #13119,12835,1,ViacheslavP,1,1
ca5658bb0,BUG: Fix np.rec.fromarrays on arrays which are already structured (#12887),12887,BUG: Fix np.rec.fromarrays on arrays which are already structured,danielhrisca,1,1
ca5658bb0,BUG: Fix np.rec.fromarrays on arrays which are already structured (#12887),12835,1,ViacheslavP,1,1
d726ecfac,DOC: Tidy 1.17.0 release note newlines,12835,1,ViacheslavP,1,1
9c3151f81,DOC: Fix #12050 by updating numpy.random.hypergeometric docs,12835,1,ViacheslavP,1,1
c69d19f1c,BLD: fix include list for sdist building.,13144,BLD: fix include list for sdist building.,charris,1,1
c69d19f1c,BLD: fix include list for sdist building.,13086,BLD: fix include list for sdist building,rgommers,1,1
67fb19f25,Fix #13087 by raising a ValueError and adding a unit test for it,12835,1,ViacheslavP,1,1
dff1f5d25,BUILD: sphinx 1.8.3 can be used with our outdated templates,12835,1,ViacheslavP,1,1
ae423c3de,BUG: Fix errors in string formatting while producing an error,13082,BUG: Fix errors in string formatting while producing an error,charris,1,1
ae423c3de,BUG: Fix errors in string formatting while producing an error,13077,BUG: Fix errors in string formatting while producing an error,eric-wieser,1,1
bd9f33fc3,BUG: Fixes to numpy.distutils.Configuration.get_version (#13056),13072,BUG: Fixes to numpy.distutils.Configuration.get_version (#13056),charris,1,1
bd9f33fc3,BUG: Fixes to numpy.distutils.Configuration.get_version (#13056),13056,BUG: Fixes to numpy.distutils.Configuration.get_version,eric-wieser,1,1
bd9f33fc3,BUG: Fixes to numpy.distutils.Configuration.get_version (#13056),12835,1,ViacheslavP,1,1
6f1b386e3,DOC: revert #13058 and fix Makefile,12835,1,ViacheslavP,1,1
38b9eedba,DOC: Post NumPy 1.16.2 release update.,12835,1,ViacheslavP,1,1
7f5d26515,BUG: remove error-prone borrowed reference handling,13039,BUG: Remove error-prone borrowed reference handling,mattip,2,0
af4b7aa1d,BUG: __array_interface__ offset was always ignored,13036,BUG: __array_interface__ offset was always ignored,mattip,2,0
a290dd8be,BUG: Fix regression in parsing of F90 and F77 environment variables,13028,BUG: Fix regression in parsing of F90 and F77 environment variables,charris,1,1
a290dd8be,BUG: Fix regression in parsing of F90 and F77 environment variables,13027,BUG: Fix regression in parsing of F90 and F77 environment variables,eric-wieser,1,1
3a75d8660,TST: Add test for np.tensordot on 0d arrays (#12152),12835,1,ViacheslavP,1,1
3aab0d5ed,DOC: reflect changes from #5822 (May 2015) in the docs,12835,1,ViacheslavP,1,1
06da76c85,BENCH: set ones in any/all benchmarks to 1 instead of 0 (#12986),12835,1,ViacheslavP,1,1
56bf38b01,BUG: fix signed zero behavior in npy_divmod,13020,BUG: fix signed zero behavior in npy_divmod,charris,1,1
60981410a,DOC: Fix numpy#12959 by including negative shifts,12835,1,ViacheslavP,1,1
af8dda19f,BUG: Fix help() formatting for deprecated functions.,8131,BUG: Fix help() formatting for deprecated functions.,wrwrwr,2,1
7642051b6,change in line 127 use she/he instead of she,12835,1,ViacheslavP,1,1
d6d480e28,DOC: Update master following 1.16.1 release.,12835,1,ViacheslavP,1,1
375cbca1d,BUG: fail if old multiarray module detected,12850,BUG: fail if old multiarray module detected,mattip,2,0
2b5b00985,BUG: ndarrays pickled by 1.16 cannot be loaded by 1.15.4 and lower,12869,BUG: ndarrays pickled by 1.16 cannot be loaded by 1.15.4 and lower,charris,1,1
2b5b00985,BUG: ndarrays pickled by 1.16 cannot be loaded by 1.15.4 and lower,12842,BUG: ndarrays pickled by 1.16 cannot be loaded by 1.15.4 and lower,mattip,2,1
2b5b00985,BUG: ndarrays pickled by 1.16 cannot be loaded by 1.15.4 and lower,12835,1,ViacheslavP,1,1
bf66e107f,TEST: pin mingw version,12863,TEST: pin mingw version,mattip,2,0
6f2d80c4c,BUG: do not Py_DECREF NULL pointer,12854,BUG: do not Py_DECREF NULL pointer,cgohlke,2,0
7e3d558ae,BUG: Fix rounding of denormals in double and float to half casts  … (#12722),12835,1,ViacheslavP,1,1
7e3d558ae,BUG: Fix rounding of denormals in double and float to half casts  … (#12722),12722,BUG: Fix rounding of denormals in double and float to half casts  …,seberg,1,1
a5cace49b,BUG: Fix SystemError when pickling datetime64 array with pickle5 (#12748),12844,BUG: Fix SystemError when pickling datetime64 array with pickle5 ,charris,1,1
a5cace49b,BUG: Fix SystemError when pickling datetime64 array with pickle5 (#12748),12835,1,ViacheslavP,1,1
a5cace49b,BUG: Fix SystemError when pickling datetime64 array with pickle5 (#12748),12748,BUG: Fix SystemError when pickling datetime64 array with pickle5,pitrou,1,1
96d179ce5,ENH: __array_function__ updates for NumPy 1.17.0,12835,1,ViacheslavP,1,1
5aa8b84ac,BUG: fix to check before apply `shlex.split`,12843,BUG: fix to check before apply `shlex.split`,charris,1,1
5aa8b84ac,BUG: fix to check before apply `shlex.split`,12824,BUG: fix to check before apply `shlex.split`,obache,1,1
c9c154f10,BUG: Fix testing of f2py.compile from strings.,12815,BUG: Fix testing of f2py.compile from strings.,charris,1,1
8cecce551,BUG: resolve writeback in arr_insert failure paths,12814,BUG: resolve writeback in arr_insert failure paths,mattip,2,0
d26842f9c,"BUG, DOC: test, fix that f2py.compile accepts str and bytes, rework docs",12813,"BUG, DOC: test, fix that f2py.compile accepts str and bytes, rework docs",charris,1,1
d26842f9c,"BUG, DOC: test, fix that f2py.compile accepts str and bytes, rework docs",12807,"BUG, DOC: test, fix that f2py.compile accepts str and bytes, rework docs",mattip,2,1
adfaafba9,BUG: double decref of dtype in failure codepath. Test and fix,12805,BUG: double decref of dtype in failure codepath. Test and fix,mattip,2,0
addbf60f3,"DOC: fix generalized eigenproblem reference in ""NumPy for MATLAB users"" (#12741)",12835,1,ViacheslavP,1,1
aa8f67ea4,BUG: Fix crash in error message formatting introduced by gh-11230,12835,1,ViacheslavP,1,1
aa8f67ea4,BUG: Fix crash in error message formatting introduced by gh-11230,12743,BUG: Fix crash in error message formatting introduced by gh-11230,eric-wieser,1,1
4e532b858,DOC: fix docstrings for broadcastable inputs in ufunc (#12463),12835,1,ViacheslavP,1,1
7885b2933,BUG: Fix reference counting for subarrays containing objects (#12650),12835,1,ViacheslavP,1,1
7885b2933,BUG: Fix reference counting for subarrays containing objects (#12650),12781,BUG: Fix reference counting for subarrays containing objects,charris,1,1
7885b2933,BUG: Fix reference counting for subarrays containing objects (#12650),12650,BUG: Fix reference counting for subarrays containing objects,seberg,1,1
8d9faa796,DOC: clarify the extend of __array_function__ support in NumPy 1.16,12835,1,ViacheslavP,1,1
2a1a1c155,DOC: Update release notes and changelog after 1.16.0 release.,12835,1,ViacheslavP,1,1
c088383cb,BUG: loosen kwargs requirements in ediff1d,12713,BUG: loosen kwargs requirements in ediff1d,mattip,2,0
529e552be,BUG: Fix leak of void scalar buffer info,12784,BUG: Fix leak of void scalar buffer info,charris,1,1
529e552be,BUG: Fix leak of void scalar buffer info,12696,BUG: Fix leak of void scalar buffer info,seberg,1,1
9d8681b69,Update 1.17.0-notes.rst,12835,1,ViacheslavP,1,1
38b5b7b13,fix #12663,12835,1,ViacheslavP,1,1
4ff8fd546,BUG: Add 'sparc' to platforms implementing 16 byte reals.,12835,1,ViacheslavP,1,1
4ff8fd546,BUG: Add 'sparc' to platforms implementing 16 byte reals.,12707,BUG: Add 'sparc' to platforms implementing 16 byte reals.,charris,1,1
4ff8fd546,BUG: Add 'sparc' to platforms implementing 16 byte reals.,12672,BUG: Add 'sparc' to platforms implementing 16 byte reals.,charris,1,1
812e359b5,BUG: fix uint alignment asserts in lowlevel loops,12655,BUG: fix uint alignment asserts in lowlevel loops,charris,1,1
812e359b5,BUG: fix uint alignment asserts in lowlevel loops,12626,BUG: fix uint alignment asserts in lowlevel loops,ahaldane,1,1
0ea890a7b,BUG: Fix incorrect/missing reference cleanups found using valgrind (#12624),12835,1,ViacheslavP,1,1
0ea890a7b,BUG: Fix incorrect/missing reference cleanups found using valgrind (#12624),12774,BUG: Fix incorrect/missing reference cleanups found using valgrind,charris,1,1
0ea890a7b,BUG: Fix incorrect/missing reference cleanups found using valgrind (#12624),12624,BUG: Fix incorrect/missing reference cleanups found using valgrind,seberg,1,1
c40e946c1,DOC: update 2018 -> 2019,12835,1,ViacheslavP,1,1
f569120ab,BUG: fix f2py problem to build wrappers using PGI's Fortran,12811,BUG: fix f2py problem to build wrappers using PGI's Fortran,charris,1,1
f569120ab,BUG: fix f2py problem to build wrappers using PGI's Fortran,12631,BUG: fix f2py problem to build wrappers using PGI's Fortran,acastanedam,1,1
4adf52ebd,BLD: Fix minimum Python version in setup.py (#12616),12835,1,ViacheslavP,1,1
d3beaaacb,MAINT: add test for 12-byte alignment,12835,1,ViacheslavP,1,1
1e296433a,BUG: fix f2py pep338 execution method,12582,BUG: fix f2py pep338 execution method,charris,1,1
1e296433a,BUG: fix f2py pep338 execution method,12577,BUG: fix f2py pep338 execution method,juliantaylor,1,1
d5200bdd2,BUG: check for errors after PyArray_DESCR_REPLACE,12546,BUG: check for errors after PyArray_DESCR_REPLACE,mattip,2,0
cec59cc17,BUG: fix segfault in ctypeslib with obj being collected,12580,BUG: fix segfault in ctypeslib with obj being collected,charris,1,1
cec59cc17,BUG: fix segfault in ctypeslib with obj being collected,12566,BUG: fix segfault in ctypeslib with obj being collected,asottile,1,1
e41e97d86,BUG: fix refcount issue caused by #12524,12835,1,ViacheslavP,1,1
e41e97d86,BUG: fix refcount issue caused by #12524,12573,BUG: fix refcount issue caused by #12524,charris,1,1
e41e97d86,BUG: fix refcount issue caused by #12524,12544,BUG: fix refcount issue caused by #12524,mattip,2,1
8f7fe6bf6,Fix lgtm.com C/C++ build,12565,Fix lgtm.com C/C++ build,charris,1,1
fb0b703b9,"WIP, BUG: reorder operations for VS2015",12526,BUG: reorder operations for VS2015,mattip,2,0
badf2901e,MAINT: Prepare master for 1.17.0 development.,12835,1,ViacheslavP,1,1
f7a9fac90,"BUG: test, fix matmul, dot for vector array with stride[i]=0",12494,"BUG: test, fix matmul, dot for vector array with stride[i]=0",mattip,2,1
612cd6563,BUG: fix records.fromfile fails to read data >4 GB,12493,BUG: fix records.fromfile fails to read data >4 GB,cgohlke,2,1
b1ffafbf4,DOC: fix example for __call__. See #12451,12835,1,ViacheslavP,1,1
0f59087af,"BUG: test, fix for threshold='nan'",12353,"BUG: test, fix for threshold='nan'",mattip,2,1
51e9a0283,"BUG: test, fix NPY_VISIBILITY_HIDDEN on gcc, which becomes NPY_NO_EXPORT",12439,"BUG: test, fix NPY_VISIBILITY_HIDDEN on gcc, which becomes NPY_NO_EXPORT",mattip,2,1
73322a0ba,BUG/ENH: Fix use of ndpointer in return values,12431,BUG/ENH: Fix use of ndpointer in return values,eric-wieser,1,1
bc0f13126,MAINT: Update mailmap for 1.16.0 release.,12835,1,ViacheslavP,1,1
8b366e0b0,BUG: Fix inconsistent cache keying in ndpointer,12424,BUG: Fix inconsistent cache keying in ndpointer,eric-wieser,1,1
85d5ce2f2,BUG: fix possible overlap issues with avx enabled,12398,BUG: fix possible overlap issues with avx enabled,juliantaylor,1,1
1fccdccf9,BUG: Fix for #10533 np.dtype(ctype) does not respect endianness (#12380),12835,1,ViacheslavP,1,1
1fccdccf9,BUG: Fix for #10533 np.dtype(ctype) does not respect endianness (#12380),12380,BUG: Fix for #10533 np.dtype(ctype) does not respect endianness,bmakos,1,1
b697a9ad1,DEV remove shim added in 1.4,12835,1,ViacheslavP,1,1
c42846efb,NEP: move nep 15 from accepted to final,12835,1,ViacheslavP,1,1
e7e1645a6,BUG: do not override exception on import failure,12376,BUG: do not override exception on import failure,mattip,2,0
1956ada85,"BUG: test, fix loading structured dtypes with padding",12358,"BUG: test, fix loading structured dtypes with padding",mattip,2,1
360de1b8d,BUG: random: Fix handling of a=0 for numpy.random.weibull.,12372,BUG: random: Fix handling of a=0 for numpy.random.weibull.,WarrenWeckesser,1,1
fbdcb5b7b,BUG: Fix segfault when an error occurs in np.fromfile,12354,BUG: Fix segfault when an error occurs in np.fromfile,simongibbons,1,1
dc560bd3f,BUG: Fix for np.dtype(ctypes.Structure) does not respect _pack_ field,12342,BUG: Fix for np.dtype(ctypes.Structure) does not respect _pack_ field,bmakos,1,1
3ce73b79d,BUG: Fix for np.dtype(ctypes.Structure) does not respect _pack_ field,12342,BUG: Fix for np.dtype(ctypes.Structure) does not respect _pack_ field,bmakos,1,1
cb7eeb9f3,BUG: fix a bug in npy_PyFile_Dup2 where it didn't return immediately on failure,12355,BUG: fix a bug in npy_PyFile_Dup2 where it didn't return immediately on failure,hmaarrfk,1,1
9ca7cb17c,BUG: Fix for np.dtype(ctypes.Structure) does not respect _pack_ field,12342,BUG: Fix for np.dtype(ctypes.Structure) does not respect _pack_ field,bmakos,1,1
e7e41c6d5,DOC: NumPy 1.15.4 post release documentation update.,12835,1,ViacheslavP,1,1
3da7c7310,DOC: Clarify that 0d arrays are dimension-lifted to 1d in asfortranarray and ascontiguousarray,12835,1,ViacheslavP,1,1
9660f011e,DOC: document __module__ updates for 1.16,12835,1,ViacheslavP,1,1
c8bc1499b,BUG: Fix fill value in masked array '==' and '!=' ops.,12297,BUG: Fix fill value in masked array '==' and '!=' ops.,charris,1,1
c8bc1499b,BUG: Fix fill value in masked array '==' and '!=' ops.,12257,BUG: Fix fill value in masked array '==' and '!=' ops.,charris,1,1
be5ea7d92,BUG: Fix misleading assert message in assert_almost_equal #12200,12835,1,ViacheslavP,1,1
be5ea7d92,BUG: Fix misleading assert message in assert_almost_equal #12200,12243,BUG: Fix misleading assert message in assert_almost_equal #12200,liwt31,1,1
731514514,"ENH: __array_function__ support for np.lib, part 2/2 (#12119)",12835,1,ViacheslavP,1,1
30e9951ca,DOC: Update docs after NumPy 1.15.3 release.,12835,1,ViacheslavP,1,1
0ec2a4f58,BUG: Fix crash in repr of void subclasses,12240,BUG: Fix crash in repr of void subclasses,eric-wieser,1,1
046cd8260,BUG: Fix MaskedArray fill_value type conversion.,12237,BUG: Fix MaskedArray fill_value type conversion.,charris,1,1
046cd8260,BUG: Fix MaskedArray fill_value type conversion.,12224,BUG: Fix MaskedArray fill_value type conversion.,charris,1,1
5085831a0,"NEP: Add ""Provisional"" status and move nep 18 to provisional",12835,1,ViacheslavP,1,1
869e68db4,MAINT: fix build for NEP 16,12835,1,ViacheslavP,1,2
97d2b97bc,MNT added release notes for version 1.16.0,12835,1,ViacheslavP,1,1
f92c57e0a,BUG: fix PyDataType_ISBOOL,12131,BUG: fix PyDataType_ISBOOL,mattip,2,1
688314b32,BUG: Fix memory leak in mapping.c,12187,BUG: Fix memory leak in mapping.c,charris,1,1
688314b32,BUG: Fix memory leak in mapping.c,12127,BUG: Fix memory leak in mapping.c,charris,1,1
688314b32,BUG: Fix memory leak in mapping.c,7714,Memory Leak,aboettcher,1,1
ec69d7969,BUG: Fix in-place permutation,12189,BUG: Fix in-place permutation,charris,1,1
ec69d7969,BUG: Fix in-place permutation,12089,BUG: Fix in-place permutation,bashtage,1,1
300e9f1c1,ENH: check getfield arguments to prevent invalid memory access,12112,ENH: check getfield arguments to prevent invalid memory access,mattip,2,0
1293f4370,BUG: refactor float error status to support Alpine linux,12124,BUG: refactor float error status to support Alpine linux,mattip,2,0
4141e24fc,"ENH: __array_function__ for np.lib, part 1",12835,1,ViacheslavP,1,1
4c05fed01,BUG: limit default for get_num_build_jobs() to 8,12190,BUG: limit default for get_num_build_jobs() to 8,charris,1,1
4c05fed01,BUG: limit default for get_num_build_jobs() to 8,12088,BUG: limit default for get_num_build_jobs() to 8,jdemeyer,1,1
6497835ce,BLD: pin sphinx to 1.7.9,12835,1,ViacheslavP,1,1
38af6ddb5,DOC: Document how memory alignment works as of 1.14,12835,1,ViacheslavP,1,1
78ac0ed8c,BUG: fix memory leak of buffer format string,12045,BUG: fix memory leak of buffer format string,vanossj,1,1
78ac0ed8c,BUG: fix memory leak of buffer format string,7714,Memory Leak,aboettcher,1,1
9b2ca4c16,BUG: fix memory leak of tmp object in PY3K,7714,Memory Leak,aboettcher,1,1
e9d3e2045,BUG: check return value from PyArray_PromoteTypes,12032,BUG: check return value from PyArray_PromoteTypes,mattip,2,0
acb690473,DOC: Post NumPy 1.15.2 release updates.[ci skip],12835,1,ViacheslavP,1,1
aaaee301e,"NEP: add NEP 25, the second alternative NEP to NEP 12 (missing data)",12835,1,ViacheslavP,1,1
3df1292e2,"Revert ""NEP: Revert ""NEP: Mark NEP 18 as accepted""""",12835,1,ViacheslavP,1,1
c19476614,BUG: fix cached allocations without the GIL,11985,BUG: fix cached allocations without the GIL,charris,1,1
c19476614,BUG: fix cached allocations without the GIL,11973,BUG: fix cached allocations without the GIL,juliantaylor,1,1
1ebcc853e,BUG: fix refcount leak in PyArray_AdaptFlexibleDType,11987,BUG: fix refcount leak in PyArray_AdaptFlexibleDType,charris,1,1
1ebcc853e,BUG: fix refcount leak in PyArray_AdaptFlexibleDType,11982,BUG: fix refcount leak in PyArray_AdaptFlexibleDType,charris,1,1
1ebcc853e,BUG: fix refcount leak in PyArray_AdaptFlexibleDType,11967,BUG: fix refcount leak in PyArray_AdaptFlexibleDType,mattip,2,1
55e1498b2,"Revert ""NEP: Mark NEP 18 as accepted""",12835,1,ViacheslavP,1,1
530ac0955,BUG: Fix memory leak in pyfragments.swg (#11877),12835,1,ViacheslavP,1,1
530ac0955,BUG: Fix memory leak in pyfragments.swg (#11877),11877,BUG: Fix memory leak in pyfragments.swg,lejar,1,1
530ac0955,BUG: Fix memory leak in pyfragments.swg (#11877),7714,Memory Leak,aboettcher,1,1
c9f262980,"TST: Start testing with ""-std=c99"" on travisCI. [skip appveyor] C99 looks to work with gcc for all the Python versions we currently support. Testing with c99 is a step forward in testing #11888 before it gets merged after we drop Python 2.7 support.",12835,1,ViacheslavP,1,1
3f111a429,BUG: Fix matrix PendingDeprecationWarning suppression for pytest 3.8+.,11902,BUG: Fix matrix PendingDeprecationWarning suppression for pytest 3.8+.,charris,1,2
3f111a429,BUG: Fix matrix PendingDeprecationWarning suppression for pytest 3.8+.,11896,BUG: Fix matrix PendingDeprecationWarning suppression for pytest 3.8+.,charris,1,2
bcdd3e7e1,"DOC, MAINT: Fixes for errstate() and README.md documentation. (#11814)",12835,1,ViacheslavP,1,1
63a57c3f6,BUG: fix array_split incorrect behavior with array size bigger MAX_INT32 (#11813),12835,1,ViacheslavP,1,1
63a57c3f6,BUG: fix array_split incorrect behavior with array size bigger MAX_INT32 (#11813),11813,BUG: fix array_split incorrect behavior with array size bigger MAX_INT32,StrikerRUS,1,1
63a57c3f6,BUG: fix array_split incorrect behavior with array size bigger MAX_INT32 (#11813),11809,array_split incorrect behavior with array size bigger MAX_INT32,StrikerRUS,1,1
555f2d7d0,DOC: Update docs after 1.15.1 release.,12835,1,ViacheslavP,1,1
efd47971b,BUG: Make `random.shuffle` work on 1-D instances of `ndarray` subclasses,12835,1,ViacheslavP,1,1
efd47971b,BUG: Make `random.shuffle` work on 1-D instances of `ndarray` subclasses,11771,BUG: Make `random.shuffle` work on 1-D instances of `ndarray` subclasses,lormuc,1,1
00bc5bc88,BUG: Fix test sensitive to platform byte order.,11779,BUG: Fix test sensitive to platform byte order.,charris,1,1
00bc5bc88,BUG: Fix test sensitive to platform byte order.,11735,BUG: Fix test sensitive to platform byte order.,charris,1,1
fc2df5231,BUG: Fix regression in intersect1d.,12835,1,ViacheslavP,1,1
fc2df5231,BUG: Fix regression in intersect1d.,11777,BUG: Fix regression in intersect1d.,charris,1,1
fc2df5231,BUG: Fix regression in intersect1d.,11774,BUG: Fix regression in intersect1d.,charris,1,1
fcbc3ba01,BUG: Fixes for unicode field names in Python 2 (#11642),12835,1,ViacheslavP,1,2
fcbc3ba01,BUG: Fixes for unicode field names in Python 2 (#11642),11760,BUG: Fixes for unicode field names in Python 2 ,charris,1,2
fcbc3ba01,BUG: Fixes for unicode field names in Python 2 (#11642),11642,BUG: Fixes for unicode field names in Python 2,chrisjbillington,1,2
00a7cb725,TST: Fix urlopen stubbing.,11776,TST: Fix urlopen stubbing.,charris,1,1
00a7cb725,TST: Fix urlopen stubbing.,11715,TST: Fix urlopen stubbing.,QuLogic,1,1
062123b11,BUG: deprecation triggers segfault,11740,BUG: Deprecation triggers segfault,mattip,2,0
dd949d5c6,BUG: Fix printing of longdouble on ppc64le.,11759,BUG: Fix printing of longdouble on ppc64le.,charris,1,1
dd949d5c6,BUG: Fix printing of longdouble on ppc64le.,11727,BUG: Fix printing of longdouble on ppc64le.,QuLogic,1,1
85cf4efe4,"DEP: Remove np.pkgload, which was deprecated in 1.10",12835,1,ViacheslavP,1,1
ec843c700,BUG: Fix undefined functions on big-endian systems.,11719,BUG: Fix undefined functions on big-endian systems.,charris,1,1
ec843c700,BUG: Fix undefined functions on big-endian systems.,11711,BUG: Fix undefined functions on big-endian systems.,QuLogic,1,1
007db13f4,BUG: Fix regression in loadtxt for bz2 text files in Python 2.,11746,BUG: Fix regression in loadtxt for bz2 text files in Python 2.,charris,1,2
b6a6f99e0,Mark NEP 18 as accepted,12835,1,ViacheslavP,1,1
ec1e79f8a,BUG: Fix regression in void_getitem,11682,BUG: Fix regression in void_getitem,charris,1,1
0e5864c9e,BUG: Fix doc source links to unwrap decorators,11648,BUG: Fix doc source links to unwrap decorators,charris,1,1
0e5864c9e,BUG: Fix doc source links to unwrap decorators,11644,BUG: Fix doc source links to unwrap decorators,eric-wieser,1,1
323458c4c,BUG: Increase required cython version on python 3.7,11761,BUG: Increase required cython version on python 3.7,charris,1,1
6f8c94a42,"DOC: add a brief note on ""Protocols for methods"" to NEP 18",12835,1,ViacheslavP,1,1
19522e2de,DOC: minor clarification and typo fix to NEP 21 (outer indexing). (#11607),12835,1,ViacheslavP,1,2
594b63f68,DOC: Post 1.15.0 release updates for master.,12835,1,ViacheslavP,1,1
bc021e4ae,TST: Add Python 3.7 to CI testing (#11598),12835,1,ViacheslavP,1,1
c9ffde629,"BUG: Make np.array([[1], 2]) and np.array([1, [2]]) behave in the same way",12835,1,ViacheslavP,1,1
84f6df82f,"ENH: convert reserved field to version, set new version to 1",12835,1,ViacheslavP,1,1
977431a63,NEP: accept NEP 20 partially (frozen and flexible) (#11429),12835,1,ViacheslavP,1,1
79e01ed80,NEP: accept nep 0019,12835,1,ViacheslavP,1,1
dc0ab8c7a,NEP: accept nep 0015,12835,1,ViacheslavP,1,1
d207bdd2f,DOC: Fixed example code for cheb2poly and poly2cheb (see #11519),12835,1,ViacheslavP,1,1
4c74e384a,BUG: fix np.load() of empty .npz file,11522,BUG: fix np.load() of empty .npz file,jzwinck,1,1
eda0b3a47,BUG: decref of field title caused segfault,11515,BUG: decref of field title caused segfault,mattip,2,0
1cedbfbcd,BUG/ENH: Einsum optimization path updates and bug fixes. (#11345),12835,1,ViacheslavP,1,1
1cedbfbcd,BUG/ENH: Einsum optimization path updates and bug fixes. (#11345),11491,BUG/ENH: Einsum optimization path updates and bug fixes.,charris,1,1
1cedbfbcd,BUG/ENH: Einsum optimization path updates and bug fixes. (#11345),11345,BUG/ENH: Einsum optimization path updates and bug fixes.,dgasmith,1,1
8909c09e0,"Add NEP 22, a high level overview for the duck array work (#11462)",12835,1,ViacheslavP,1,1
3b3a15088,BUG: Fix #define for ppc64 and ppc64le,11511,BUG: Fix #define for ppc64 and ppc64le,charris,1,1
3b3a15088,BUG: Fix #define for ppc64 and ppc64le,11479,BUG: Fix #define for ppc64 and ppc64le,wdirons,1,1
2b680c231,BUG: Advanced indexing assignment incorrectly took 1-D fastpath,12835,1,ViacheslavP,1,1
2b680c231,BUG: Advanced indexing assignment incorrectly took 1-D fastpath,11496,BUG: Advanced indexing assignment incorrectly took 1-D fastpath,charris,1,1
2b680c231,BUG: Advanced indexing assignment incorrectly took 1-D fastpath,11468,BUG: Advanced indexing assignment incorrectly took 1-D fastpath,seberg,1,1
f6da19d08,Add discussion link to NEP 15 (#11461),12835,1,ViacheslavP,1,1
5b672cbe5,Add NEP 15: Merging multiarray and umath (#10704),12835,1,ViacheslavP,1,1
929b25cd9,BUG: Revert #10229 to fix DLL loads on Windows.,12835,1,ViacheslavP,1,1
929b25cd9,BUG: Revert #10229 to fix DLL loads on Windows.,11493,BUG: Revert #10229 to fix DLL loads on Windows.,charris,1,1
929b25cd9,BUG: Revert #10229 to fix DLL loads on Windows.,11449,BUG: Revert #10229 to fix DLL loads on Windows.,charris,1,1
fad8c8f9f,BUG: fix interpolation with inf and NaN present,11440,BUG: fix interpolation with inf and NaN present,jackvreeken,1,1
d262c78a3,"DOC: major revision of NEP 21, advanced indexing (#11414)",12835,1,ViacheslavP,1,1
30db79378,REL: Update numpyconfig.h for 1.15.,12835,1,ViacheslavP,1,1
a35a0f211,BUG: changed hardcoded axis to 0 for checking indices,11379,BUG: changed hardcoded axis to 0 for checking indices,mnkyl,1,1
74da42ba6,BUG: add missing NpyIter_Close in einsum,11365,BUG: add missing NpyIter_Close in einsum,mattip,2,0
0dbc46272,NEP: Update NEP 19 with discussion results,12835,1,ViacheslavP,1,1
263339b5d,NEP: NEP 19 RNG Policy clarifications.,12835,1,ViacheslavP,1,1
f1bc29bd7,DOC: Update master after NumPy 1.14.5 release.,12835,1,ViacheslavP,1,1
79ba2891e,REL: Setup master for 1.16 development.,12835,1,ViacheslavP,1,1
01a0971af,BUG: einsum needs to check overlap on an out argument,11286,BUG: einsum needs to check overlap on an out argument,mattip,2,0
e08eced79,MAINT: push back multifield copy->view changes to 1.16,12835,1,ViacheslavP,1,1
4116089c9,BUG: Prevent crashes on 0-length structured void scalars,11299,BUG: Prevent crashes on 0-length structured void scalars,eric-wieser,1,1
1e5df66c4,BUG: Work around bugs in pep3118 ctypes by falling back on np.dtype(type(ctype_obj)),12835,1,ViacheslavP,1,1
afb3dd86a,DOC: Update master after NumPy 1.14.4 release.,12835,1,ViacheslavP,1,1
c9020498b,rename array function protocol to 0018,12835,1,ViacheslavP,1,1
2cd293ddc,BUG: Added support for indices 26 <= i < 52 in C einsum (#11090),12835,1,ViacheslavP,1,1
450cad028,Add first draft of NEP 0016: array function protocol,12835,1,ViacheslavP,1,1
50e9786c3,MAINT: Use the more common -1 / 0 to indicate error / success,12835,1,ViacheslavP,1,1
c637addf9,BUG: fix datetime.timedelta->timedelta64 unit detection logic,11097,BUG: fix datetime.timedelta->timedelta64 unit detection logic,shoyer,1,1
6aa659951,BUG: Fix typo in variable name (#11116),12835,1,ViacheslavP,1,1
f461570e6,BUG: fix case of ISA selector in ufunc selection,11111,BUG: fix case of ISA selector in ufunc selection,juliantaylor,1,1
7bbf2bca1,BUG: use absolute imports in test files,11057,BUG: use absolute imports in test files,mattip,2,0
d68e5953e,MAINT: Change 1.14.1 reference to 1.14.3,12835,1,ViacheslavP,1,1
51ef0c409,BUG: Fix padding with large integers,11033,BUG: Fix padding with large integers,lagru,1,1
434ff98a8,DOC: release walkthrough updates from 1.14.3,12835,1,ViacheslavP,1,1
b59aebf7a,REL: add 1.14.3 changelog,12835,1,ViacheslavP,1,1
d728baa27,DOC: create 1.14.3 release note,12835,1,ViacheslavP,1,1
8e2f3f9ee,DOC: Fix incorrect function name in format_float_positional example (#10987),12835,1,ViacheslavP,1,1
eda2b3ece,"DOC: add quantile, nanquantile to toc",10967,"DOC: add quantile, nanquantile to toc",mattip,2,0
a043c3ed2,"MAINT, DOC: Fix typos (#10958)",12835,1,ViacheslavP,1,1
5a18a0ce6,"BUG: it.close() disallows access to iterator, fixes #10950",12835,1,ViacheslavP,1,1
5a18a0ce6,"BUG: it.close() disallows access to iterator, fixes #10950",10951,"BUG: it.close() disallows access to iterator, fixes #10950",mattip,2,1
09048a0e0,DOC: Removed references to the 2008 documentation marathon (#10945),12835,1,ViacheslavP,1,1
f462e78fb,DOC: Fix NumpyVersion example (closes gh-10935),12835,1,ViacheslavP,1,1
19187179f,DOC: Fix typos in 1.15.0 changelog,12835,1,ViacheslavP,1,2
8323be1bc,"BUG: fix crash in numpy.genfromtxt(..., names=True, comments=None) (#10822)",12835,1,ViacheslavP,1,1
3e595509e,BUG: Fix casting between npy_half and float in einsum,10911,BUG: Fix casting between npy_half and float in einsum,toslunar,1,1
9e419a035,"DOC, BUG : Bad link to `np.random.randint` (#10901)",12835,1,ViacheslavP,1,1
5fe37c988,Fixes #10902: Changed `See Also` doc-string section of `randn`,12835,1,ViacheslavP,1,1
1f981eddb,DOC: Update 1.15.0 release notes,12835,1,ViacheslavP,1,1
171eeafa2,"BUG: fix savetxt, loadtxt for '+-' in complex",10875,"BUG: fix savetxt, loadtxt for '+-' in complex",mattip,2,1
9896bd793,BUG: Fix encoding regression in ma/bench.py (Issue #10868),12835,1,ViacheslavP,1,1
9896bd793,BUG: Fix encoding regression in ma/bench.py (Issue #10868),10961,BUG: Fix encoding regression in ma/bench.py (Issue #10868),ahaldane,1,1
9896bd793,BUG: Fix encoding regression in ma/bench.py (Issue #10868),10869,BUG: Fix encoding regression in ma/bench.py (Issue #10868),jdmarch,1,1
40938e436,MAINT: Remove redundant operations in 1d masking,12835,1,ViacheslavP,1,1
18fd6a43f,BUG: core: fix NPY_TITLE_KEY macro on pypy,10962,BUG: core: fix NPY_TITLE_KEY macro on pypy,ahaldane,1,1
18fd6a43f,BUG: core: fix NPY_TITLE_KEY macro on pypy,10860,BUG: core: fix NPY_TITLE_KEY macro on pypy,pv,1,1
fedcb3d12,DOC: Note the switch to pytest in the 1.15.0 release notes.,12835,1,ViacheslavP,1,1
3d5caa2b8,doc: fix examples in docstring for np.flip,10849,DOC: fix examples in docstring for np.flip,berend,1,1
ba5625161,BUG: Fix obvious warning bugs.,10830,BUG: Fix obvious warning bugs.,charris,1,1
d06b690a3,BUG: fix obvious mistake in testing/decorators warning.,10828,BUG: fix obvious mistake in testing/decorators warning.,rgommers,1,1
52ff55c55,BUG: fix wrong inplace vectorization on overlapping arguments,10796,BUG: fix wrong inplace vectorization on overlapping arguments,juliantaylor,1,1
e12264a51,Use correct tag Final for merged NEPs.  Add resolution to NEP 14.,12835,1,ViacheslavP,1,1
cba38fac3,"BUG: test, fix for missing flags['WRITEBACKIFCOPY'] key",10959,"BUG: test, fix for missing flags['WRITEBACKIFCOPY'] key",ahaldane,1,1
cba38fac3,"BUG: test, fix for missing flags['WRITEBACKIFCOPY'] key",10778,"BUG: test, fix for missing flags['WRITEBACKIFCOPY'] key",mattip,2,1
37327f3cb,fixes #10747,12835,1,ViacheslavP,1,1
e97de95d4,Fix low-hanging Pypy compatibility issues (#10737),12835,1,ViacheslavP,1,1
b7ef2e32b,DOC: Post 1.14.2 release update.,12835,1,ViacheslavP,1,1
b8b2a0e16,"BUG: Fix `setup.py build install egg_info`, which did not previously build",10732,"BUG: Fix `setup.py build install egg_info`, which did not previously build",eric-wieser,1,1
fd60d2c8c,TST: Fixing bug in assert near equality of float16 arrays (#10697),12835,1,ViacheslavP,1,1
fd60d2c8c,TST: Fixing bug in assert near equality of float16 arrays (#10697),10697,Bug in assert near equality of float16 arrays,mhvk,1,1
6e6602ef7,BUG: fix error message in numpy.select,10710,BUG: fix error message in numpy.select,louispotok,1,1
04d2f0494,BUG: Further back-compat fix for subclassed array repr,10674,BUG: Further back-compat fix for subclassed array repr,ahaldane,1,1
a016167e0,BUG: F2py mishandles quoted control characters (#10676),10676,BUG: F2py mishandles quoted control characters,bobeldering,2,0
018dfbcaa,BUG: fix complex casting error in cov with aweights,10666,BUG: fix complex casting error in cov with aweights,dfreese,1,1
3957976a7,BUG: f2py: fix f2py generated code to work on Pypy,10657,BUG: f2py: fix f2py generated code to work on Pypy,pv,1,1
334eae03f,BUG: Fix missing NPY_VISIBILITY_HIDDEN on npy_longdouble_to_PyLong,10727,BUG: Fix missing NPY_VISIBILITY_HIDDEN on npy_longdouble_to_PyLong,charris,1,1
334eae03f,BUG: Fix missing NPY_VISIBILITY_HIDDEN on npy_longdouble_to_PyLong,10650,BUG: Fix missing NPY_VISIBILITY_HIDDEN on npy_longdouble_to_PyLong,eric-wieser,1,1
875b0e536,MAINT: Update 1.14.1 release notes and changelog.,12835,1,ViacheslavP,1,1
a2ad5f1c8,BUG: fix entry_points typo for from-template,10589,BUG: fix entry_points typo for from-template,ghost,1,1
8f6c30b9b,MAINT: Fix typos in DISTUTILS.rst.txt. (#10583),12835,1,ViacheslavP,1,1
ff12de3f3,BUG: infinite recursion in str of 0d subclasses,10609,BUG: infinite recursion in str of 0d subclasses,charris,1,1
ff12de3f3,BUG: infinite recursion in str of 0d subclasses,10544,BUG: infinite recursion in str of 0d subclasses,ahaldane,1,1
f1e36e25d,BUG: Fix travis failure in previous commit (#10566),12835,1,ViacheslavP,1,1
f1e36e25d,BUG: Fix travis failure in previous commit (#10566),10566,BUG: Fix travis failure in previous commit,eric-wieser,1,1
7210768d8,DOC: Fix type of axis in nanfunctions (#10421),12835,1,ViacheslavP,1,1
8ab4c010d,BUG: Fix unused-result warning.,10503,BUG: Fix unused-result warning.,charris,1,1
1122303c1,BUG: Fix crashes when using float32 values in uniform histograms,10324,BUG: Fix crashes when using float32 values in uniform histograms,eric-wieser,1,1
e988535a0,BUG: Fixed polydiv for Complex Numbers (#10473),12835,1,ViacheslavP,1,1
e988535a0,BUG: Fixed polydiv for Complex Numbers (#10473),10473,BUG: Fixed polydiv for Complex Numbers,deepakgouda,1,1
9ec856d3a,BUG: Fix sign-compare warnings in datetime.c and datetime_strings.c.,10231,BUG: Fix sign-compare warnings in datetime.c and datetime_strings.c.,charris,1,1
38d365de4,"Revert ""BUG: prevent the MSVC 14.1 compiler (Visual Studio 2017) from crashing""",12835,1,ViacheslavP,1,1
38d365de4,"Revert ""BUG: prevent the MSVC 14.1 compiler (Visual Studio 2017) from crashing""",10451,BUG: prevent the MSVC 14.1 compiler (Visual Studio 2017) from crashing,bjoernthiel,1,1
66ef655c9,prevent the MSVC 15.1 compiler from crashing,12835,1,ViacheslavP,1,1
d03e4653d,BUG: Fix various Big-Endian test failures (ppc64),10561,BUG: Fix various Big-Endian test failures (ppc64),charris,1,1
d03e4653d,BUG: Fix various Big-Endian test failures (ppc64),10443,BUG: Fix various Big-Endian test failures (ppc64),ahaldane,1,1
2820a14d9,MAINT: Add 1.14.1 release note template,12835,1,ViacheslavP,1,1
c1cf40d84,REL: Add 1.14.1 release notes template,12835,1,ViacheslavP,1,1
77ac4a5f9,BUG: fix einsum issue with unicode input and py2,10396,BUG: fix einsum issue with unicode input and py2,charris,1,1
77ac4a5f9,BUG: fix einsum issue with unicode input and py2,10371,BUG: fix einsum issue with unicode input and py2,saimn,1,1
720cb5693,BUG: do not optimize einsum with only 2 arguments.,10359,BUG: do not optimize einsum with only 2 arguments.,mhvk,1,1
3bbd303e7,BUG: fix error message not formatted in einsum,10397,BUG: fix error message not formatted in einsum,charris,1,1
3bbd303e7,BUG: fix error message not formatted in einsum,10354,BUG: fix error message not formatted in einsum,kmaehashi,1,1
63bc4cf59,BUG: fix config where PATH isn't set on win32,10341,BUG: fix config where PATH isn't set on win32,ghost,1,1
754cc37b4,DOC: Post 1.14.0 release updates.,12835,1,ViacheslavP,1,1
692a0aff0,DOC: Fix typos in partition method (#10334),12835,1,ViacheslavP,1,1
eb2cfc1d9,DOC: typo fix in numpy.linalg.det docstring. (#10333),12835,1,ViacheslavP,1,1
7c8486de7,BUG: Fix memory leak (#10157).,12835,1,ViacheslavP,1,1
7c8486de7,BUG: Fix memory leak (#10157).,10286,BUG: Fix memory leak (#10157).,skrah,1,1
7c8486de7,BUG: Fix memory leak (#10157).,7714,Memory Leak,aboettcher,1,1
99f605c45,BUG: Fix misleading error when coercing to array,10268,BUG: Fix misleading error when coercing to array,eric-wieser,1,1
5f0bd24d1,BUG: fix duplicate message print,10275,BUG: fix duplicate message print,eric-wieser,1,1
4942fa642,DOC: Copy PEP 1,12835,1,ViacheslavP,1,1
3096c5059,BUG: Fix broken format string picked up by LGTM.com,10216,BUG: Fix broken format string picked up by LGTM.com,eric-wieser,1,1
f9aecaf5b,BUG: Fix corner cases when value is NaN.,10138,BUG: Fix corner cases when value is NaN.,shenhanc78,1,1
7978dd49b,MAINT: Update development branch version to 1.15.0.,12835,1,ViacheslavP,1,1
50cdfdde3,BUG: Fix test_1d_format test.,12835,1,ViacheslavP,1,1
8671dc0dd,BUG: Fix regression in np.ma.load in gh-10055,12835,1,ViacheslavP,1,1
8671dc0dd,BUG: Fix regression in np.ma.load in gh-10055,10196,BUG: Fix regression in np.ma.load in gh-10055,eric-wieser,1,1
8671dc0dd,BUG: Fix regression in np.ma.load in gh-10055,10190,BUG: Fix regression in np.ma.load in gh-10055,eric-wieser,1,1
c97c69f12,MAINT: Prepare master for 1.15 development.,12835,1,ViacheslavP,1,1
4b49e994e,DOC: another small tweak to 1.14 docs,12835,1,ViacheslavP,1,1
91005efd0,DOC: fixup `...` description in 1.14 notes,12835,1,ViacheslavP,1,1
528c8c8d8,BUG: linewidth was not respected for arrays other than 1d,12835,1,ViacheslavP,1,1
528c8c8d8,BUG: linewidth was not respected for arrays other than 1d,10175,BUG: linewidth was not respected for arrays other than 1d,eric-wieser,1,1
14913ed45,DOC: Update 1.14.0 release notes.,12835,1,ViacheslavP,1,1
605cf1f7b,DOC: Document the NumPy 1.13.3 release.,12835,1,ViacheslavP,1,1
0d749ad8d,DOC: Fix minor typos in numpy/core/fromnumeric.py (#10072),12835,1,ViacheslavP,1,1
dcc919c7f,BUG: Fix downcasting in _array2string,10131,BUG: Fix downcasting in _array2string,eric-wieser,1,1
128deea5f,BUG: Fix further out-of-bounds accesses when handling 0d ndarrays,10113,BUG: Fix further out-of-bounds accesses when handling 0d ndarrays,tkoeppe,1,2
c08d26472,DOC: Add missing np. prefix to expand_dims docs (#10109),12835,1,ViacheslavP,1,1
2f366f114,BUG: Fix out-of-bounds access when handling 0d ndarrays (#10101),12835,1,ViacheslavP,1,2
f107d38b0,BUG: Fix assert_equal on time-like objects,10103,BUG: Fix assert_equal on time-like objects,charris,1,1
f107d38b0,BUG: Fix assert_equal on time-like objects,10096,BUG: Fix assert_equal on time-like objects,eric-wieser,1,1
4e19f408d,BUG: Fix memory leak for subclass slicing,10082,BUG: Fix memory leak for subclass slicing,charris,1,1
4e19f408d,BUG: Fix memory leak for subclass slicing,10068,BUG: Fix memory leak for subclass slicing,seberg,1,1
4e19f408d,BUG: Fix memory leak for subclass slicing,7714,Memory Leak,aboettcher,1,1
239783ffb,BUG: Fix legacy printing mode check.,10052,BUG: Fix legacy printing mode check.,charris,1,1
f539150a4,MAINT: legacy-printing-mode preserves 1.13 float & complex str,12835,1,ViacheslavP,1,1
0a1069ae9,BUG: Fix f2py string variables in callbacks.,10046,BUG: Fix f2py string variables in callbacks.,charris,1,1
0a1069ae9,BUG: Fix f2py string variables in callbacks.,10031,BUG: Fix f2py string variables in callbacks.,charris,1,1
9ef80bfa2,MAINT: Update c-api version and hash for NumPy 1.14.,12835,1,ViacheslavP,1,1
f5a6d11b3,MAINT: Fix test_int_from_huge_longdouble on Darwin.,10000,MAINT: Fix test_int_from_huge_longdouble on Darwin.,charris,1,1
6e615d620,BUG: test was not using 'mode',9994,BUG: test was not using 'mode',mattip,2,0
e0fb73953,BUG: Fix casting from longdouble to long,9971,BUG: Fix casting from longdouble to long,eric-wieser,1,1
de72522cd,DOC: dot: Improve and add explanation in case `b` has only 1 dimension.,12835,1,ViacheslavP,1,1
4729550aa,DOC: piecewise callables take 1d arrays,12835,1,ViacheslavP,1,1
471287584,"MAINT/BUG: Remove special-casing for 0d arrays, now that indexing with a single boolean is ok",9900,"MAINT/BUG: Remove special-casing for 0d arrays, now that indexing with a single boolean is ok",eric-wieser,1,1
3eac0cf37,BUG: Fix runtests --benchmark-compare in python 3,9866,BUG: Fix runtests --benchmark-compare in python 3,eric-wieser,1,2
3cd20efa6,BUG: Fix datetime->string conversion,9814,BUG: Fix datetime->string conversion,eric-wieser,1,1
80c624e2d,BUG: fix stray comma in _array2string,9815,BUG: fix stray comma in _array2string,nafest,1,1
aa7c336ee,DOC: Update after NumPy 1.13.2 release.,12835,1,ViacheslavP,1,1
afbcc7ea6,"MAINT,BUG: Fix mtrand for Cython 0.27.",9771,"MAINT,BUG: Fix mtrand for Cython 0.27.",charris,1,2
afbcc7ea6,"MAINT,BUG: Fix mtrand for Cython 0.27.",9770,"MAINT,BUG: Fix mtrand for Cython 0.27.",charris,1,2
8e26a5d7e,BUG: Errors thrown by 0d arrays in setitem are silenced and replaced,9752,BUG: Errors thrown by 0d arrays in setitem are silenced and replaced,eric-wieser,1,1
120d35731,BUG: Cython 0.27 breaks NumPy on Python 3.,9757,BUG: Cython 0.27 breaks NumPy on Python 3.,charris,1,1
120d35731,BUG: Cython 0.27 breaks NumPy on Python 3.,9755,BUG: Cython 0.27 breaks NumPy on Python 3.,charris,1,1
a82a67ba3,BUG: Fix loss of precision for large values in long double divmod,9749,BUG: Fix loss of precision for large values in long double divmod,eric-wieser,1,1
cd76e6309,PEP 3141 numbers should be considered scalars,12835,1,ViacheslavP,1,1
98d15b4c0,"BUG: Fixes #7395, operator.index now fails on numpy.bool_",9685,"BUG: Fixes #7395, operator.index now fails on numpy.bool_",eric-wieser,1,1
98d15b4c0,"BUG: Fixes #7395, operator.index now fails on numpy.bool_",7420,"BUG: Fixes #7395, operator.index now fails on numpy.bool_",emilienkofman,1,1
51eb2bb7b,"BUG: Fix usage of keyword ""from"" as argument name for ""can_cast"".",9658,"BUG: Fix usage of keyword ""from"" as argument name for ""can_cast"".",MSeifert04,1,1
b6bbd74bc,BUG: fix padding an empty array in reflect mode.,9640,BUG: fix padding an empty array in reflect mode.,irushchyshyn,1,1
446a78e03,"BUG: test, fix issue #9620 __radd__ in char scalars",9629,"BUG: test, fix issue #9620 __radd__ in char scalars",mattip,2,1
446a78e03,"BUG: test, fix issue #9620 __radd__ in char scalars",9628,"BUG: test, fix issue #9620 __radd__ in char scalars",mattip,2,1
daf7a4e33,BUG: memory leak in np.dot of size 0,9746,BUG: memory leak in np.dot of size 0,charris,1,1
daf7a4e33,BUG: memory leak in np.dot of size 0,9624,BUG: memory leak in np.dot of size 0,ExpHP,1,1
daf7a4e33,BUG: memory leak in np.dot of size 0,7714,Memory Leak,aboettcher,1,1
8df22d3a4,BUG: Fix broken runtests '-t' option.,9626,BUG: Fix broken runtests '-t' option.,charris,1,1
526a12826,BUG: core: fix wrong method flags for scalartypes.c.src:gentype_copy,9610,BUG: core: fix wrong method flags for scalartypes.c.src:gentype_copy,pv,1,1
6f9ea0abb,BUG: fix infinite loop when creating np.pad on an empty array,9599,BUG: fix infinite loop when creating np.pad on an empty array,irushchyshyn,1,1
a343a78a1,BUG: fix distutils/cpuinfo.py:getoutput(),9564,BUG: fix distutils/cpuinfo.py:getoutput(),nolta,1,1
7a05f44ec,BUG: fix regression in 1.13.x in distutils.mingw32ccompiler.,12835,1,ViacheslavP,1,2
7a05f44ec,BUG: fix regression in 1.13.x in distutils.mingw32ccompiler.,9555,BUG: fix regression in 1.13.x in distutils.mingw32ccompiler.,charris,1,2
7a05f44ec,BUG: fix regression in 1.13.x in distutils.mingw32ccompiler.,9554,BUG: fix regression in 1.13.x in distutils.mingw32ccompiler.,rgommers,1,2
d12b8d835,"DOC, BUG: Fix Python 3.6 invalid escape sequence.",9552,"DOC, BUG: Fix Python 3.6 invalid escape sequence.",charris,1,2
99f4c29af,"DEP: Deprecate the event argument to datetime types, which is ignored since 1.7.0",12835,1,ViacheslavP,1,1
18a4a4b09,BUG: Fix true_divide when dtype=np.float64 specified.,9556,BUG: Fix true_divide when dtype=np.float64 specified.,charris,1,1
18a4a4b09,BUG: Fix true_divide when dtype=np.float64 specified.,9469,BUG: Fix true_divide when dtype=np.float64 specified.,charris,1,1
10ba73ec2,DOC: Document chebinterp in 1.14 release notes.,12835,1,ViacheslavP,1,1
b4eb9446a,DOC: Update 1.14.0 release notes.,12835,1,ViacheslavP,1,1
f831bec2e,"BUG: Check for exception in sort functions, add tests",9412,BUG: Check for exception in sort functions,mattip,2,0
2bfec2c0d,BUG: Only allow 1d distance arrays,12835,1,ViacheslavP,1,1
2668f1211,DOC: Forward port 1.13.1 notes and changelog.,12835,1,ViacheslavP,1,1
f696935e1,BUG: Fix error in fromstring function from numpy.core.records (#9369),9372,BUG: Fix error in fromstring function from numpy.core.records (#9369),charris,1,1
f696935e1,BUG: Fix error in fromstring function from numpy.core.records (#9369),9369,BUG: fix error in fromstring function from numpy.core.records,danielhrisca,1,1
974ce6f14,DOC: Mention parametrize decorator in 1.14.0 release notes.,12835,1,ViacheslavP,1,1
73f1dfe06,BUG: void masked fillvalue cannot be cast to void in python 3,9346,BUG: void masked fillvalue cannot be cast to void in python 3,eric-wieser,1,1
1b209d0c7,BUG: fix wrong ndim used in empty where check,9317,BUG: fix wrong ndim used in empty where check,juliantaylor,1,1
1b209d0c7,BUG: fix wrong ndim used in empty where check,9310,BUG: fix wrong ndim used in empty where check,juliantaylor,1,1
bb2123275,BUG: Fix Intel compilation on Unix.,9299,BUG: Fix Intel compilation on Unix.,charris,1,1
bb2123275,BUG: Fix Intel compilation on Unix.,9285,BUG: Fix Intel compilation on Unix.,charris,1,1
710523769,DOC: add test timing feature to the 1.14.0 release notes.,12835,1,ViacheslavP,1,1
20c3c2a11,BUG: fix issue when using ``python setup.py somecommand --force``.,9271,BUG: fix issue when using ``python setup.py somecommand --force``.,rgommers,1,1
4a9eaea9d,"BUG: Fix unused variable in ufunc_object.c,",9266,"BUG: Fix unused variable in ufunc_object.c,",charris,1,1
aa14cf062,MAINT: Add changelogs for 1.12.0 and 1.12.1,12835,1,ViacheslavP,1,1
bbdba3822,DOC: Add 1.13.0-changelog.rst,12835,1,ViacheslavP,1,1
77678b3bf,BUG: pull request 9087 modifies a tuple after use,9196,BUG: pull request 9087 modifies a tuple after use,mattip,2,1
77678b3bf,BUG: pull request 9087 modifies a tuple after use,9195,BUG: pull request 9087 modifies a tuple after use,mattip,2,1
d1ff805c4,DOC: Fix some very minor spelling/grammar mistakes in docs (#9152),12835,1,ViacheslavP,1,1
f19f01fc1,"DOC: update 1.13 release note for MaskedArray, masked constants ellipisis indexing",12835,1,ViacheslavP,1,1
b67796b03,BUG: Fix error handling on PyCapsule when initializing multiarraymodule,9119,BUG: Fix error handling on PyCapsule when initializing multiarraymodule,SuperBo,2,1
b290e05e9,BUG: Fix reference count error of types when init multiarraymodule,9118,BUG: Fix reference count error of types when init multiarraymodule,SuperBo,2,1
1a3d04754,TST: fix test_basic failure on Windows,9099,TST: fix test_basic failure on Windows,charris,1,1
1a3d04754,TST: fix test_basic failure on Windows,9097,TST: fix test_basic failure on Windows,cgohlke,1,1
a3afc2508,MAINT: Update master branch for 1.14.0 development.,12835,1,ViacheslavP,1,1
8f9eeef2a,MAINT: fix intp formatting warnings,5805,Ix intp,jaimefrio,1,1
72b50eb41,DOC: Update 1.13 release notes.,12835,1,ViacheslavP,1,1
1f88730b3,BUG: Buttress handling of extreme values in randint,8846,BUG: Buttress handling of extreme values in randint,gfyoung,2,0
d7d1b2a72,BUG: Move ctypes ImportError catching to appropriate place (#8898),8898,BUG: Move ctypes ImportError catching to appropriate place,davidjn,2,0
3c4545fd1,BUG: Fix non-determinism in order of fields created from pep3118 formats,12835,1,ViacheslavP,1,1
1de8f5a0e,DOC: Mention `__array_ufunc__` in the 1.13.0 release notes.,12835,1,ViacheslavP,1,1
6373dc062,BUG: do not change size 0 description when viewing data,8971,BUG: do not change size 0 description when viewing data,juliantaylor,1,1
fa56437c4,BUG: Fix double-wrapping of object scalars,8643,BUG: Fix double-wrapping of object scalars,eric-wieser,1,1
8427866e4,DOC: Fix for issues #7622 and #7914,12835,1,ViacheslavP,1,1
388487206,"BUG: do not memcpy ptr to freed object, use static obj instead",8862,BUG: do not memcpy ptr to freed object,mattip,2,0
0a1697f78,DOC: Replace deprecated (since 1.6) references in documentation,12835,1,ViacheslavP,1,1
5b01421bc,DOC: Preliminary edit of 1.13.0 release notes.,12835,1,ViacheslavP,1,1
1273caf16,BUG: fix the error msg of empty hstack input,8801,BUG: fix the error msg of empty hstack input,zixu-zhao,1,1
9d3d6653f,BUG: fix regex of determineexprtype_re_3 in numpy/f2py/crackfortran.py,8796,BUG: fix regex of determineexprtype_re_3 in numpy/f2py/crackfortran.py,zixu-zhao,1,1
0c29197ec,DOC: Add 1.12.1 release notes to documentation.,12835,1,ViacheslavP,1,1
d14713b1c,DOC: Update 1.12.1 release notes.,12835,1,ViacheslavP,1,1
662744904,ENH: Implement most linalg operations for 0x0 matrices,8368,ENH: Implement most linalg operations for 0x0 matrices,eric-wieser,1,1
35d752cbd,BUG: Fix creating a np.matrix from string syntax involving booleans (#8497),8574,BUG: Fix creating a np.matrix from string syntax involving booleans,RoseZhao,1,1
35d752cbd,BUG: Fix creating a np.matrix from string syntax involving booleans (#8497),8497,BUG: Fix creating a np.matrix from string syntax involving booleans,mirca,1,1
26768ae70,BUG: Fix assert statements in random.choice tests,8718,BUG: Fix assert statements in random.choice tests,MareinK,1,1
d60ff8ec0,BUG: Fix deepcopy regression for empty arrays.,8704,BUG: Fix deepcopy regression for empty arrays.,charris,1,1
05aa44d53,BUG: fix ma.median for empty ndarrays,8707,BUG: fix ma.median for empty ndarrays,juliantaylor,1,1
05aa44d53,BUG: fix ma.median for empty ndarrays,8705,BUG: fix ma.median for empty ndarrays,juliantaylor,1,1
b10b40871,BUG: Remove extra digit in binary_repr at limit,8674,BUG: Remove extra digit in binary_repr at limit,gfyoung,2,0
9df4a528b,BUG: fix denormal linspace test for longdouble,8658,BUG: fix denormal linspace test for longdouble,matthew-brett,1,1
10bf55e65,"BUG: Fix #8510, making MaskedArray.__setitem__ work",12835,1,ViacheslavP,1,1
05f3430ca,BUG: fix wrong odd determination in packbits,8638,BUG: fix wrong odd determination in packbits,juliantaylor,1,1
652f5e982,DOC: Create 1.12.1 release notes.,12835,1,ViacheslavP,1,1
829b83ce5,"Revert ""DOC: gradient uses 1st order central difference in the interior""",12835,1,ViacheslavP,1,1
5de1a8215,DOC: gradient uses 1st order central difference in the interior (#8605),12835,1,ViacheslavP,1,1
d4bce016f,DOC: Update 1.13.0 release notes with apply_along_axis changes,12835,1,ViacheslavP,1,1
52988ea98,BUG: Fix crash on 0d return value in apply_along_axis,8441,BUG: Fix crash on 0d return value in apply_along_axis,eric-wieser,1,2
f17010be0,BUG: fix calling python api with error set and minor leaks,8571,BUG: fix calling python api with error set and minor leaks,juliantaylor,1,1
9bd836ac8,Applied same fix as 1695458be to remaining 5 polynomial types,12835,1,ViacheslavP,1,2
756254358,Revert 8540 patch 1 (#8541),12835,1,ViacheslavP,1,2
9ae84854d,BUG: fix mean for float 16 non-array inputs,12835,1,ViacheslavP,1,2
9ae84854d,BUG: fix mean for float 16 non-array inputs,8524,BUG: fix mean for float 16 non-array inputs,juliantaylor,1,2
c1e66e4ca,BUG: Fix loss of dimensionality of np.ma.masked in ufunc,8508,BUG: Fix loss of dimensionality of np.ma.masked in ufunc,eric-wieser,1,1
b2ff4f131,Update LICENSE.txt to 2017,12835,1,ViacheslavP,1,1
2144aa713,BUG: fix wrong masked median for some special cases,8489,BUG: fix wrong masked median for some special cases,juliantaylor,1,1
e0cf8393d,BUG: fix wrong future nat warning and equiv type logic error,8483,BUG: fix wrong future nat warning and equiv type logic error,juliantaylor,1,1
fdbaece7f,MAINT: Forward port accumulated changes from the 1.12.0 release.,12835,1,ViacheslavP,1,1
1a745ce53,[DOC]Small release doc fix. I did this PR for Theano and my first PR in numpy https://github.com/numpy/numpy/pull/306/files is from 2012.,12835,1,ViacheslavP,1,1
b1b67d655,BUG: Fix apply_along_axis() for when func1d() returns a non-ndarray (#8426),12835,1,ViacheslavP,1,1
b1b67d655,BUG: Fix apply_along_axis() for when func1d() returns a non-ndarray (#8426),8426,BUG: Fix apply_along_axis() for when func1d() returns a non-ndarray,bennyrowland,1,1
44e086d21,BUG: fixed failure of np.ma.median for 1-D even arrays.,12835,1,ViacheslavP,1,2
44e086d21,BUG: fixed failure of np.ma.median for 1-D even arrays.,8414,BUG: fixed failure of np.ma.median for 1-D even arrays.,mhvk,1,2
6002de5cf,DOC: Update 1.12.0-notes.,12835,1,ViacheslavP,1,1
fcdb1fcd8,BUG: Fix author search in announce.py,8399,BUG: Fix author search in announce.py,charris,1,1
fcdb1fcd8,BUG: Fix author search in announce.py,8398,BUG: Fix author search in announce.py,charris,1,1
65b66fdb3,DOC: create 1.11.3 release notes.,12835,1,ViacheslavP,1,1
f068be7a3,DOC: Update 1.12.0-notes.rst.,12835,1,ViacheslavP,1,1
ba6fdacd4,BUG: fix nanpercentile not returning scalar with axis argument,8371,BUG: fix nanpercentile not returning scalar with axis argument,charris,1,1
ba6fdacd4,BUG: fix nanpercentile not returning scalar with axis argument,8366,BUG: fix nanpercentile not returning scalar with axis argument,juliantaylor,1,1
df00a6fa1,BUG: Apply more robust string converts in loadtxt,8349,BUG: Apply more robust string converts in loadtxt,gfyoung,2,0
b6e81ddf0,BUG: Fix suppress_warnings (again) for Python 3.6.,8359,BUG: Fix suppress_warnings (again) for Python 3.6.,charris,1,2
b6e81ddf0,BUG: Fix suppress_warnings (again) for Python 3.6.,8354,BUG: Fix suppress_warnings (again) for Python 3.6.,charris,1,2
f7147d84f,BUG: fix test_api test that fails intermittently in python 3,8338,BUG: fix test_api test that fails intermittently in python 3,charris,1,2
f7147d84f,BUG: fix test_api test that fails intermittently in python 3,8337,BUG: fix test_api test that fails intermittently in python 3,J-Sand,1,2
47c66c974,BUG: fix packbits and unpackbits to correctly handle empty arrays,8336,BUG: fix packbits and unpackbits to correctly handle empty arrays,charris,1,1
8a7e7a44c,BUG: fixed kind specifications for parameters,8322,BUG: fixed kind specifications for parameters,charris,1,1
cce86d624,BUG: Fix iteration over reversed subspaces in mapiter_@name@.,8296,BUG: Fix iteration over reversed subspaces in mapiter_@name@.,charris,1,1
cce86d624,BUG: Fix iteration over reversed subspaces in mapiter_@name@.,8284,BUG: Fix iteration over reversed subspaces in mapiter_@name@,rainwoodman,1,1
4ef137aba,DOC: Update 1.13.0 release notes.,12835,1,ViacheslavP,1,1
375e90dcc,BUG: Fix pavement.py write_release_task.,8286,BUG: Fix pavement.py write_release_task.,charris,1,1
375e90dcc,BUG: Fix pavement.py write_release_task.,8285,BUG: Fix pavement.py write_release_task.,charris,1,1
029587344,DOC: Update 1.12.0 release notes.,12835,1,ViacheslavP,1,1
b33a5ee78,MAINT: Update pavement.py and setup.py for numpy 1.13.0.,12835,1,ViacheslavP,1,1
674e61fbb,DOC: Add 1.13.0 notes.,12835,1,ViacheslavP,1,1
c2503ed68,DOC: Cleanup 1.12.0 release notes.,12835,1,ViacheslavP,1,1
af32cce15,DOC: Mention the fpower function in the 1.12.0 release notes.,12835,1,ViacheslavP,1,1
7e31e32f0,DOC: Note change to scalar integer powers in 1.12.0 release notes.,12835,1,ViacheslavP,1,1
6420f8448,BUG: np.piecewise not working for scalars,8194,BUG: np.piecewise not working for scalars,alvarosg,2,0
52f761d6e,"BUG, TST: Fix python3-dbg bug in Travis script",8066,"BUG, TST: Fix python3-dbg bug in Travis script",gfyoung,2,1
2a4dd999c,BUG: Fix subarray format changed in #8160,12835,1,ViacheslavP,1,1
41aee80cc,MAINT: make `assert_allclose` behavior on `nan`s match pre 1.12,12835,1,ViacheslavP,1,1
f23676031,BUG: integer 0 to a negative power should error.,7599,BUG: integer 0 to a negative power should error.,ewmoore,1,1
65e1e0e4b,BUG: Fix array printing with precision=0.,8107,BUG: Fix array printing with precision=0.,wrwrwr,2,1
ba11cf468,BUG: Fixed build break,8124,BUG: Fixed build break,oleksandr-pavlyk,1,1
8888a76c2,BUG: Fix broken pickle in MaskedArray when dtype is object (#8122),12835,1,ViacheslavP,1,1
7562de3a3,BUG: distutils: fix issue with rpath in fcompiler/gnu.py,8110,BUG: distutils: fix issue with rpath in fcompiler/gnu.py,rgommers,1,1
a7eb3c745,Fix test code on cpuinfo's main function,8104,Fix test code on cpuinfo's main function,gut,1,1
7c8043e19,BUG : financial.pmt modifies input (issue #8055),8061,BUG : financial.pmt modifies input (issue #8055),KhaledTo,2,0
f27484e08,DOC: Update 1.11.2 release notes.,12835,1,ViacheslavP,1,1
21794ee1d,BUG: core: fix bug in NpyIter buffering with discontinuous arrays,8042,BUG: core: fix bug in NpyIter buffering with discontinuous arrays,pv,1,1
207cba13c,DOC: Update 1.11.2 release notes.,12835,1,ViacheslavP,1,1
4bcae4704,BUG: Fixes return for np.ma.count if keepdims is True and axis is None,8018,BUG: Fixes return for np.ma.count if keepdims is True and axis is None,MSeifert04,1,1
f46278b11,BUG: Fix fid.close() to use os.close(fid),8014,BUG: Fix fid.close() to use os.close(fid),seberg,1,1
5ff1bfdea,DOC: Update 1.11.2 release notes.,12835,1,ViacheslavP,1,1
665715964,DOC: Update 1.11.2 release notes.,12835,1,ViacheslavP,1,1
4226c966c,DOC: Create 1.11.2 release notes.,12835,1,ViacheslavP,1,1
54b68dda8,BUG: Fixed masked array behavior for scalar inputs to np.ma.atleast_*d,7823,BUG: Fixed masked array behavior for scalar inputs to np.ma.atleast_*d,madphysicist,1,1
af671c4aa,BUG: fix for issue#7835 (ma.median of 1d),12835,1,ViacheslavP,1,2
af671c4aa,BUG: fix for issue#7835 (ma.median of 1d),7911,BUG: fix for issue#7835 (ma.median of 1d),skwbc,1,2
07800e53e,BUG: fix float16 type not being called due to wrong ordering,12835,1,ViacheslavP,1,1
07800e53e,BUG: fix float16 type not being called due to wrong ordering,7903,BUG: fix float16 type not being called due to wrong ordering,juliantaylor,1,1
312f4712d,DOC: #7881. Fix link to record arrays,12835,1,ViacheslavP,1,1
e65375ece,numpy/distutils/misc_util.py fix for #7809: check that _tmpdirs is not None,7818,numpy/distutils/misc_util.py fix for #7809: check that _tmpdirs is not None,emmenlau,1,1
e8abcccae,DOC: Update Numpy 1.11.1 release notes.,12835,1,ViacheslavP,1,1
de97bb2cc,Avoid NPY_ARRAY_F_CONTIGUOUS for numpy < 1.7,12835,1,ViacheslavP,1,1
f14ad7511,BUG: Invalid read of size 4 in PyArray_FromFile,7175,BUG: Invalid read of size 4 in PyArray_FromFile,rainwoodman,1,1
a52d2fa76,BUG: fix issue on OS X with Python 3.x where npymath.ini was not installed.,7735,BUG: fix issue on OS X with Python 3.x where npymath.ini was not installed,rgommers,1,2
080c433e9,BUG: Remove memory leak in np.place,7715,BUG: Remove memory leak in np.place,gfyoung,2,0
b0efcbadd,BUG: Fix race condition with new FFT cache,7712,BUG: Fix race condition with new FFT cache,krischer,1,1
1b162c697,DOC: Mention bits attribute added to finfo in 1.12.0 release notes.,12835,1,ViacheslavP,1,1
0bf9478c1,BUG: Fix unicode with byte swap transfer and copyswap,7664,BUG: Fix unicode with byte swap transfer and copyswap,seberg,1,1
0bf907ac5,"BUG: Fix numerous bugs related to zero-width string arrays (#473, #1901, #2196, #2585, #4955)",12835,1,ViacheslavP,1,1
e928bd96d,DOC: fix broken genfromtxt examples in user guide.  Closes gh-7662.,7688,DOC: fix broken genfromtxt examples in user guide.  Closes gh-7662.,rgommers,1,1
6250a4c41,DOC: Update 1.11.1 release notes.,12835,1,ViacheslavP,1,1
4df1d3218,Fix np.clip bug NaN handling for Visual Studio 2015,12835,1,ViacheslavP,1,2
eba532d0b,DOC: Create Numpy 1.11.1 release notes.,12835,1,ViacheslavP,1,1
399193934,BUG: fix handling of right edge of final bin.,7675,BUG: fix handling of right edge of final bin.,rkern,1,1
7a05c9127,BUG: Temporary fix for str(mvoid) for object field types,7659,BUG: Temporary fix for str(mvoid) for object field types,ahaldane,1,1
d805e9b66,BUG: fix incorrect printing of 1D masked arrays,12835,1,ViacheslavP,1,2
d805e9b66,BUG: fix incorrect printing of 1D masked arrays,7658,BUG: fix incorrect printing of 1D masked arrays,saimn,1,2
bb46a495e,BUG: ma.median of 1d array should return a scalar,12835,1,ViacheslavP,1,1
5cde31bad,BUG: one to any power is still 1.  Broken edgecase for int arrays,12835,1,ViacheslavP,1,1
5cde31bad,BUG: one to any power is still 1.  Broken edgecase for int arrays,7651,BUG: one to any power is still 1.  Broken edgecase for int arrays,ewmoore,1,1
a9465db4c,"BUG: distance arg of np.gradient must be scalar, fix docstring",7618,"BUG: distance arg of np.gradient must be scalar, fix docstring",ahaldane,1,1
8894b81b1,BUG: Fix TypeError when raising TypeError,7609,BUG: Fix TypeError when raising TypeError,eric-wieser,1,1
383a44e5c,Use PyMem_RawMalloc on Python 3.4 and newer,7404,Use PyMem_RawMalloc on Python 3.4 and newer,vstinner,1,1
dc714ed3a,BUG: Extend glibc complex trig functions blacklist to glibc < 2.18.,12835,1,ViacheslavP,1,1
dc714ed3a,BUG: Extend glibc complex trig functions blacklist to glibc < 2.18.,7518,BUG: Extend glibc complex trig functions blacklist to glibc < 2.18.,nforro,1,1
307931d80,"numpy.power(0, 0) should return 1",12835,1,ViacheslavP,1,1
321d7ef8b,BUG: Memory Leak in _GenericBinaryOutFunction. Fixes #6672,7714,Memory Leak,aboettcher,1,1
321d7ef8b,BUG: Memory Leak in _GenericBinaryOutFunction. Fixes #6672,7482,BUG: Memory Leak in _GenericBinaryOutFunction,simongibbons,1,1
163a6f96e,BUG: Fix segfault in PyArray_OrderConverter,7481,BUG: Fix segfault in PyArray_OrderConverter,simongibbons,1,1
24b2a2d36,"BUG: shift operator cycles, fixes #2449",7473,"BUG: shift operator cycles, fixes #2449",jaimefrio,1,1
2df40376a,"BUG: more on inplace reductions, fixes #615",12835,1,ViacheslavP,1,1
2df40376a,"BUG: more on inplace reductions, fixes #615",7468,"BUG: more on inplace reductions, fixes #615",jaimefrio,1,1
918c87942,"BUG: segfault inplace object reduceat, fixes #7465",7466,"BUG: segfault inplace object reduceat, fixes #7465",jaimefrio,1,1
4e86e89be,BUG: fix array too big error for wide dtypes.,7463,BUG: fix array too big error for wide dtypes.,seberg,1,1
2bd5e6a90,"BUG: int overflow in reshape, fixes #7455, fixes #7293",7456,"BUG: int overflow in reshape, fixes #7455, fixes #7293",jaimefrio,1,1
94a47c529,"BUG: reference count leak in bincount, fixes #6805",7445,"BUG: reference count leak in bincount, fixes #6805",jaimefrio,1,1
c48edb8d1,DOC: Update 1.11.0-notes.,12835,1,ViacheslavP,1,1
434c4ecbe,BUG: Ongoing fixes to PR#7416,12835,1,ViacheslavP,1,1
434c4ecbe,BUG: Ongoing fixes to PR#7416,7423,BUG: Ongoing fixes to PR#7416,madphysicist,1,1
9128ed519,BUG: Fix string copying for np.place,7003,BUG: Fix string copying for np.place,gfyoung,2,1
d92ff4cdd,"MAINT/BUG: Clip real and imag parts of corrcoef return to [-1, 1].",12835,1,ViacheslavP,1,1
b03527ded,BUG: Fix binary_repr for negative numbers,7178,BUG: Fix binary_repr for negative numbers,gfyoung,2,1
4443c4d2a,BUG: Fix decref before incref for in-place accumulate,7407,BUG: Fix decref before incref for in-place accumulate,seberg,1,1
6f6f03dc9,TST: Fix some MA tests to avoid looking at the .data attribute,7351,TST: Fix some MA tests to avoid looking at the .data attribute,ahaldane,1,1
8919cb46a,TST: fix MemoryError on win32,7323,TST: fix MemoryError on win32,cgohlke,1,1
770619b38,DOC: add added BLIS support to 1.12.0 release notes.,12835,1,ViacheslavP,1,1
576b48f00,"BUG/TST: Fix #7259, do not ""force scalar"" for already scalar str/bytes",7260,"BUG/TST: Fix #7259, do not ""force scalar"" for already scalar str/bytes",gerritholl,1,1
4395dc7de,DOC: Update 1.12.0 release notes to mention indexing errors.,12835,1,ViacheslavP,1,1
f91adb919,DOC: Update 1.11.0 release notes to mention divmod changes.,12835,1,ViacheslavP,1,1
ed527cd7b,BUG: Preserve array order in np.delete,7274,BUG: Preserve array order in np.delete,gfyoung,2,0
4f91544af,BUG: Make randint backwards compatible with pandas,7285,BUG: Make Randint Backwards Compatible with Pandas,gfyoung,2,0
0f4f8807b,BUG: Make returned unravel_index arrays writeable,7278,BUG: Make returned unravel_index arrays writeable,gfyoung,2,0
de44e0fb8,BUG: Enforce dtype for randint singletons,7254,BUG: Enforce dtype for randint singletons,gfyoung,2,0
370a55aad,"DOC,REL: Update 1.11.0 notes.",12835,1,ViacheslavP,1,1
5c616fba2,TST: Bump `virtualenv` to 14.0.6.,12835,1,ViacheslavP,1,1
e30d80266,BUG: Fixed previous attempt to fix dimension mismatch in nanpercentile,7180,BUG: Fixed previous attempt to fix dimension mismatch in nanpercentile,madphysicist,1,1
6b3d477bf,DOC: Fix broken pandas link in 1.11.0 release notes,12835,1,ViacheslavP,1,2
58c51b0fc,Merge pull request #7167 from 153957/patch-1,12835,1,ViacheslavP,1,1
9ec694b69,BUG: Fixed 'midpoint' interpolation of np.percentile in odd cases.,7129,BUG: Fixed 'midpoint' interpolation of np.percentile in odd cases.,madphysicist,1,1
94b361b02,TST: Add missing suffix to temppath manager,7149,TST: Add missing suffix to temppath manager,seberg,1,1
0e65b7166,BUG: Fixed regressions in np.piecewise in ref to #5737 and #5729. Added unit tests for these conditions.,7145,BUG: Fixed regressions in np.piecewise in ref to #5737 and #5729.,bastula,1,1
bce84bb6f,BUG: Fixed mingw.lib error,7119,BUG: Fixed mingw.lib error,gfyoung,2,1
d3d2f8e92,TST: Fixed f2py test for win32 virtualenv,7116,TST: Fixed f2py test for win32 virtualenv,gfyoung,2,1
b8d61d434,DOC: Update the 1.11.0 release notes.,12835,1,ViacheslavP,1,1
f189e2adc,BLD: fix compilation on non glibc-Linuxes,7092,BLD: fix compilation on non glibc-Linuxes,xdmiodz,1,1
8ff96f67a,"Revert ""BLD: fix compilation on non glibc-Linuxes""",7092,BLD: fix compilation on non glibc-Linuxes,xdmiodz,1,1
8ff96f67a,"Revert ""BLD: fix compilation on non glibc-Linuxes""",7091,"Revert ""BLD: fix compilation on non glibc-Linuxes""",charris,1,1
8c8471836,BLD: fix compilation on non glibc-Linuxes,7092,BLD: fix compilation on non glibc-Linuxes,xdmiodz,1,1
11a9b7104,REL: Update master branch after 1.12.x branch has been made.,12835,1,ViacheslavP,1,1
70350f4e2,REL: Prepare for 1.10.x branch.,12835,1,ViacheslavP,1,1
d99acf9d5,DOC: Update the 1.10.0 release notes.,12835,1,ViacheslavP,1,1
c4c4178c7,DOC: add build system changes to 1.11.0 release notes.,12835,1,ViacheslavP,1,1
8b8f4648c,BUG: fix issues with signed zeros in scalar math complex division.,6699,BUG: fix issues with signed zeros in scalar math complex division.,stuartarchibald,1,1
2fbc3f4f8,Fix issue 7021,12835,1,ViacheslavP,1,2
c0f6c3744,"DOC: Clean up/fix several references to the ""future"" 1.10 release",12835,1,ViacheslavP,1,2
01046460d,BUG: Enforce order param for MaskedArray construction,6912,BUG: Enforce Order Param for MaskedArray Construction,gfyoung,2,0
02bcbd7e9,"DOC, MAINT: Enforce np.ndarray arg for np.put and np.place",7000,"DOC, MAINT: Enforce np.ndarray arg for np.put and np.place",gfyoung,2,0
52ee0f2ac,BUG: Add more complex trig functions to glibc < 2.16 blacklist.,12835,1,ViacheslavP,1,1
52ee0f2ac,BUG: Add more complex trig functions to glibc < 2.16 blacklist.,6975,BUG: Add more complex trig functions to glibc < 2.16 blacklist.,charris,1,1
04bee1c34,DOC: mention removal of Pyrex support in 1.11.0 release notes.,12835,1,ViacheslavP,1,1
b8f9418f4,"DOC: Sync 1.10.3 and 1.10.4 release notes, update reference doc.",12835,1,ViacheslavP,1,1
ee1c555d2,DOC: update 1.10.3 release notes.,12835,1,ViacheslavP,1,1
01acef82f,DOC: Update the 1.11.0 release notes to mention optimizations of `A.T @ A` and `A @ A.T`.,12835,1,ViacheslavP,1,1
0bdcd6ef3,DOC: Update 1.10.3 release notes with last minute additions.,12835,1,ViacheslavP,1,1
8d8add29f,DOC: Update the 1.10.3 release notes for release.,12835,1,ViacheslavP,1,1
40e47e06e,"DOC,BUG: Fix some latex generation problems.",6944,"DOC,BUG: Fix some latex generation problems.",charris,1,1
40e47e06e,"DOC,BUG: Fix some latex generation problems.",6943,"DOC,BUG: Fix some latex generation problems.",charris,1,1
346c700ab,DOC: Create Numpy 1.10.3 release notes.,12835,1,ViacheslavP,1,1
a1e9bf56d,MAINT: Fix typos in 1.11.0-notes.rst and mtrand.pyx documentation.,12835,1,ViacheslavP,1,2
bc2a97bde,DOC: Document new randint dtype parameter in 1.11.0 release notes.,12835,1,ViacheslavP,1,1
6a04b9217,TST: Increase the allowable warning count to 1 for i386 debug test.,12835,1,ViacheslavP,1,1
bba8647db,BUG: #6922:  Fix segfault introduced in 23901aa.,12835,1,ViacheslavP,1,2
46f19615d,Updated copyright to 2016,12835,1,ViacheslavP,1,1
6a871df50,BUG: Fix test_f2py so it runs correctly in runtests.py.,6926,BUG: Fix test_f2py so it runs correctly in runtests.py.,charris,1,1
6a871df50,BUG: Fix test_f2py so it runs correctly in runtests.py.,6916,BUG: Fix test_f2py so it runs correctly in runtests.py.,charris,1,1
4f7a60538,TST: Only use 32 bit Python 2.7 to test numpy on appveyor.,6893,TST: Only use 32 bit Python 2.7 to test numpy on appveyor.,charris,1,1
29a33301d,BUG: Fix tempfile failures on window.,6880,BUG: Fix tempfile failures on window.,charris,1,1
4ddc2a585,BUG: Fix use of python 3 only FileNotFoundError in test_f2py.,6843,BUG: Fix use of python 3 only FileNotFoundError in test_f2py.,charris,1,2
7546bf894,DOC: Update 1.10.2 release notes with fixes for windows i386.,12835,1,ViacheslavP,1,2
bcc4334ed,TST: Fix test_mvoid_multidim_print failures on Python 2.x for Windows,6819,TST: Fix test_mvoid_multidim_print failures on Python 2.x for Windows,cgohlke,1,2
c9cf21608,BUG: Disable 32-bit msvc9 compiler optimizations for npy_rint,6817,BUG: Disable 32-bit msvc9 compiler optimizations for npy_rint,cgohlke,1,1
192bff5ea,"TST,BUG: Make test_mvoid_multidim_print work for 32 bit systems.",6813,"TST,BUG: Make test_mvoid_multidim_print work for 32 bit systems.",charris,1,1
dafefb2c3,DOC: Update future changes in the 1.11.0 release notes.,12835,1,ViacheslavP,1,1
6ddc496df,DOC: Update the 1.10.0 release notes.,12835,1,ViacheslavP,1,1
8a2808ad3,DOC: update the 1.10.2 release notes.,12835,1,ViacheslavP,1,1
7b137ab0d,BUG: Quick and dirty fix for interp.,6785,BUG: Quick and dirty fix for interp.,charris,1,1
090e85e7b,BUG/TST: Fix for #6723 including test: force fill_value.ndim==0,6728,BUG/TST: Fix for #6723 including test: force fill_value.ndim==0,gerritholl,1,1
8e9c91ca9,BENCH: allow benchmark suite to run on Python 3,6774,BENCH: allow benchmark suite to run on Python 3,pv,1,1
e3243e211,"TST: test f2py, fallback on f2py2.7 etc., fixes #6718",12835,1,ViacheslavP,1,1
16c6a361e,DOC: Document fortran order view deprecation in 1.11 release notes.,12835,1,ViacheslavP,1,1
53facf327,"BUG/TST: Fix for #6724, make numpy.ma.mvoid consistent with numpy.void",6763,"BUG/TST: Fix for #6724, make numpy.ma.mvoid consistent with numpy.void",gerritholl,1,1
c8a09822c,BUG/TST: Fix #6760 by correctly describing mask on nested subdtypes,6761,BUG/TST: Fix #6760 by correctly describing mask on nested subdtypes,gerritholl,1,1
d07e20ea2,BUG/TST: Fix for #6729,6733,BUG/TST: Fix for #6729,gerritholl,1,1
4e276acb5,BUG: Fix for #6719,12835,1,ViacheslavP,1,1
4e276acb5,BUG: Fix for #6719,6721,BUG: Fix for #6719,gerritholl,1,1
6fd06c7a2,BUG: fix pointer arithmetic in _get_field_view,6702,BUG: fix pointer arithmetic in _get_field_view,ahaldane,1,1
4d2d360fd,BLD: Enabled building with MSVC 14.0,12835,1,ViacheslavP,1,1
0b19e6828,MAINT: fix spurious semicolon in macro definition of PyArray_FROM_OT,6697,MAINT: fix spurious semicolon in macro definition of PyArray_FROM_OT,congma,1,1
e67156e6e,BUG: fix removing tempdirs created during build,6695,BUG: fix removing tempdirs created during build,juliantaylor,1,1
eadc135a5,BUG: testing: fix a bug in assert_string_equal,6686,BUG: testing: fix a bug in assert_string_equal,pv,1,1
628d55c08,DOC: Update 1.10.2-notes.,12835,1,ViacheslavP,1,1
1e8e95571,DOC: Sync 1.10.2 release notes with maintenance/1.10.x.,12835,1,ViacheslavP,1,1
81e50a341,BUG: Fix memleak in _convert_from_dict,6642,BUG: Fix memleak in _convert_from_dict,ahaldane,1,1
a2435ae57,DOC: Update 1.10.2 release notes for gh-6475 fix.,12835,1,ViacheslavP,1,1
cbfd9370e,BUG: Fix swig make_fortran function.,6621,BUG: Fix swig make_fortran function.,charris,1,1
6663d40f0,DOC: Update 1.10.2 release notes.,12835,1,ViacheslavP,1,1
6056be2e0,DOC: Sync 1.10.2 release notes in master with 1.10.x.,12835,1,ViacheslavP,1,1
34051eb54,DOC: Update 1.10.2 release notes to mention fix to numpy.i,12835,1,ViacheslavP,1,2
f2bc8bac5,DOC: Update 1.10.2 release notes.,12835,1,ViacheslavP,1,1
90a8ea333,DOC: Update 1.11.0 release notes with np.lib.split changes.,12835,1,ViacheslavP,1,1
260474171,DOC: Update 1.10.0 release notes for future changes to np.lib.split.,12835,1,ViacheslavP,1,1
3ae925fc9,BUG: fix MANIFEST.in for removal of a file in gh-8047.,6587,BUG: fix MANIFEST.in for removal of a file in gh-8047.,rgommers,1,1
8363b2e39,DOC: Release notes for Numpy 1.10.2.,12835,1,ViacheslavP,1,1
cc2a27284,MAINT: fix mistake in doc upload rule,6579,MAINT: fix mistake in doc upload rule,pv,1,1
02b42d499,"BUG: Fix for #6569, allowing build_ext --inplace",6577,"BUG: Fix for #6569, allowing build_ext --inplace",wackywendell,1,1
83d5f9a33,BUG: Revert some import * fixes in f2py.,6567,BUG: Revert some import * fixes in f2py.,charris,1,1
922442fe0,Fix use of __doc__ in setup.py for -OO mode,6526,Fix use of __doc__ in setup.py for -OO mode,dsanders11,1,1
e149fac25,LIBPATH with spaces is now supported Python 2.7+ and Win32,6481,LIBPATH with spaces is now supported Python 2.7+ and Win32,charris,1,1
5c0cd1b23,BUG: Fix Intel compiler flags for OS X build,6478,BUG: Fix Intel compiler flags for OS X build,ChristopherHogan,1,1
9a9504f45,DOC: Create 1.10.1 release notes.,12835,1,ViacheslavP,1,1
b53eb5d74,BLD: enable SSE2 for 32-bit msvc 9 and 10 compilers,12835,1,ViacheslavP,1,1
fbf549b9c,BUG: mask nan to 1 in ordered compare,12835,1,ViacheslavP,1,1
fbf549b9c,BUG: mask nan to 1 in ordered compare,6438,BUG: mask nan to 1 in ordered compare,juliantaylor,1,1
32862b400,DOC: Document removal of single file builds in 1.11.0 release notes.,12835,1,ViacheslavP,1,1
9c99f1d69,DOC: Update 1.10.x release notes.,12835,1,ViacheslavP,1,1
84dc0cb46,BUG: Fix missing np prefix in test_multiarray.py.,6413,BUG: Fix missing np prefix in test_multiarray.py.,charris,1,1
09bf9cc62,BUG: Guarantee non-zero is 1 for switch statements,12835,1,ViacheslavP,1,1
3fd6de4c9,BUG: Fix vdot for uncontiguous arrays.,6373,BUG: Fix vdot for uncontiguous arrays.,seberg,1,1
dbe5cef95,DOC: Document deprecations that now raise error in 1.11 release notes.,12835,1,ViacheslavP,1,1
ad1f7cb18,BUG: fix timedelta arithmetic with invalid values or NaTs,6275,BUG: fix timedelta arithmetic with invalid values or NaTs,pitrou,1,1
6665e9c5b,DOC: Document the removal of Bento support in 1.11.0.,12835,1,ViacheslavP,1,1
c317180bf,TST: add tests for 128-bit and checked arithmetic,12835,1,ViacheslavP,1,1
710beb202,ENH: use 128-bit integers to avoid overflows in solve_diophantine,12835,1,ViacheslavP,1,1
6cbd724f7,BUG: fix #4381: precision loss on string -> longdouble conversion,12835,1,ViacheslavP,1,1
02206a365,BUG: Fix refcounting for string comparison in array_richcompare,6259,BUG: Fix refcounting for string comparison in array_richcompare,charris,1,1
02206a365,BUG: Fix refcounting for string comparison in array_richcompare,6258,BUG: Fix refcounting for string comparison in array_richcompare,charris,1,1
02206a365,BUG: Fix refcounting for string comparison in array_richcompare,6254,BUG: Fix refcounting for string comparison in array_richcompare,njsmith,1,1
c3c5509b3,"BUG: argmin/max of object dtype with NULLs, fixes #6032",6236,"BUG: argmin/max of object dtype with NULLs, fixes #6032",jaimefrio,1,1
415b52050,BUG: Fix a non-constant expression used as structure initializer.,6190,BUG: Fix a non-constant expression used as structure initializer.,charris,1,1
d25e681b4,Fix #2128 once again.,12835,1,ViacheslavP,1,1
f764cdc80,DOC: add 1.10.0 notes to index,12835,1,ViacheslavP,1,1
fa3ae2f06,DOC: synchronize 1.9.2 release notes with master,12835,1,ViacheslavP,1,1
b06dbc15d,MAINT: Init master branch for 1.11.0 development.,12835,1,ViacheslavP,1,1
ddd66c2b2,MAINT: Update names in .mailmap for the 1.10 release.,12835,1,ViacheslavP,1,1
c49821c55,BUG: fixed regression in np.histogram which caused input floating-point values to be modified,6126,BUG: fixed regression in np.histogram which caused input floating-point values to be modified,astrofrog,1,1
de81da90c,MAINT: fix broken and outdated link in HOWTO_DOCUMENT.  Closes gh-6107.,12835,1,ViacheslavP,1,1
177874fc8,BUG: Fix misuse of void* in arraytypes.c.src.,6112,BUG: Fix misuse of void* in arraytypes.c.src.,charris,1,1
86ffb953d,BUG: bincount overflow if arrays len >= 2^31,12835,1,ViacheslavP,1,1
86ffb953d,BUG: bincount overflow if arrays len >= 2^31,6101,BUG: bincount overflow if arrays len >= 2^31,jaimefrio,1,1
98f186f4e,BUG: Fix tiling of zero-sized arrays numpy/numpy#6089 and add test case.,6090,BUG: Fix tiling of zero-sized arrays numpy/numpy#6089,dimasad,1,1
2be00c3fe,BUG: made view of new array to fix ix_ bug,6064,BUG: made view of new array to fix ix_ bug,githubmlai,1,1
be59b83bd,BUG: Fixed downcasting with boolean indexing.,6065,BUG: Fixed downcasting with boolean indexing.,gthomsen,1,1
84c055591,BUG: fix argmin() with NaTs,6031,BUG: fix argmin() with NaTs,pitrou,1,1
e8c412453,MAINT: filter out some warnings triggered by nose 1.3.7 + python 3.5b2,12835,1,ViacheslavP,1,1
39b7b08c7,MAINT: Update version info for Numpy 1.10.,12835,1,ViacheslavP,1,1
e22ae7421,MAINT: Rearrange 1.10-notes a bit.,12835,1,ViacheslavP,1,1
f68619232,"DEP,MAINT: Raise IndexError if axis != 0 when concatenating 1-D arrays.",12835,1,ViacheslavP,1,1
24fcc25e1,DOC: Mention support for the '@' operator in the 1.10 release notes.,12835,1,ViacheslavP,1,1
776c3c32b,BUG: Further fixes to record and recarray getitem/getattr,5921,BUG: Further fixes to record and recarray getitem/getattr,embray,1,1
aa50162b5,BUG: fix _broadcast_shape (and broadcast_array) for len(args) > 32,5879,BUG: fix _broadcast_shape (and broadcast_array) for len(args) > 32,shoyer,1,2
780cd6e70,BUG: np.nonzero behaving differently for 1-D arrays,12835,1,ViacheslavP,1,1
780cd6e70,BUG: np.nonzero behaving differently for 1-D arrays,5865,BUG: np.nonzero behaving differently for 1-D arrays,jaimefrio,1,1
892595066,BUG: Fix interp issues with small arrays,5843,BUG: Fix interp issues with small arrays,jaimefrio,1,1
0c9967bf2,BUG: distutils: fix a typo in 64-bit Intel compiler for Windows support.,5848,BUG: distutils: fix a typo in 64-bit Intel compiler for Windows support.,rgommers,1,2
7a02544da,BLD: use fix for Accelerate SGEMV issue in Bento build.  See gh-5831.,12835,1,ViacheslavP,1,1
7a02544da,BLD: use fix for Accelerate SGEMV issue in Bento build.  See gh-5831.,5836,BLD: use fix for Accelerate SGEMV issue in Bento build.  See gh-5831.,rgommers,1,1
ba29c7b22,BUG: fixes segfault in np.place when vals is empty,5821,BUG: fixes segfault in np.place when vals is empty,behzadnouri,1,1
6049c6691,BUG: Fix segfault in frompyfunc with nout=0,5828,BUG: Fix segfault in frompyfunc with nout=0,jaimefrio,1,1
fee5ec41d,"BUG: fix f2py shebang line for bdist wheel, egg",5815,"BUG: fix f2py shebang line for bdist wheel, egg",matthew-brett,1,1
fbd381726,BUG: Fixes random.noncentral_chisquare when 0 < df <= 1,12835,1,ViacheslavP,1,2
fbd381726,BUG: Fixes random.noncentral_chisquare when 0 < df <= 1,5800,BUG: Fixes random.noncentral_chisquare when 0 < df <= 1,behzadnouri,1,2
c1a2a0e58,BUG: fix instability of structured dtype hash,5786,BUG: fix instability of structured dtype hash,pitrou,1,1
d6b20d1de,BUG: fix round() on complex array with explicit output,5788,BUG: fix round() on complex array with explicit output,pitrou,1,1
fb93254e9,BUG: fix abs() of floating point scalar on negative zeros,5787,BUG: fix abs() of floating point scalar on negative zeros,pitrou,1,1
d73f23b09,BUG: Fixed wrong return of PyArray_Partition on failure,5785,BUG: Fixed wrong return of PyArray_Partition on failure,jaimefrio,1,1
77e433a26,BUG: np.repeat does not properly broadcast size 1 repeat arrays,12835,1,ViacheslavP,1,1
77e433a26,BUG: np.repeat does not properly broadcast size 1 repeat arrays,5747,BUG: np.repeat does not properly broadcast size 1 repeat arrays,jaimefrio,2,1
fa372af5e,BUG: Fix linalg matrix norms when given negative axes.,5731,BUG: Fix linalg matrix norms when given negative axes.,naritta,1,1
e6807bed9,BUG: Fix advanced object non-array value assignment,5714,BUG: Fix advanced object non-array value assignment,seberg,1,1
d1d351fc0,BUG: wrong format field for 2.6,5707,BUG: wrong format field for 2.6,jaimefrio,1,1
c4db04b6d,BUG: check for nargs <= NPY_MAXARGS in ufunc constructor,5673,BUG: check for nargs <= NPY_MAXARGS in ufunc constructor,jaimefrio,2,0
f1cfc4f00,BUG: loadtxt fails with complex data in Python 3.,5666,BUG: loadtxt fails with complex data in Python 3.,charris,1,1
14c42115f,DOC: Move versionadded 1.6.0 in slogdet to better place.,12835,1,ViacheslavP,1,1
df6b31d53,BUG: Cannot read .f2py_f2cmaps under python 3.3,5638,BUG: Cannot read .f2py_f2cmaps under python 3.3,DavidPowell,1,1
504d90ee3,BUG: Fix potential overflows in rk_hypergeometric_hrua(),5623,BUG: Fix potential overflows in rk_hypergeometric_hrua(),tonyo,1,1
d5a67b5b4,BUG: fix broadcast_to for reference types,5620,BUG: fix broadcast_to for reference types,shoyer,1,1
3cd9e7339,BUG: Fix recarray getattr and getindex return types,5505,BUG: Fix recarray getattr and getindex return types,ahaldane,1,1
1b88f08b4,BUG: Fix genfromtext NameValidator arguments passed to easy_dtype.,5495,BUG: Fix genfromtext NameValidator arguments passed to easy_dtype.,charris,1,1
82dc4fc7b,BUG: Fix astype for structured array fields of different byte order.,5481,BUG: Fix astype for structured array fields of different byte order.,charris,1,1
82dc4fc7b,BUG: Fix astype for structured array fields of different byte order.,5480,BUG: Fix astype for structured array fields of different byte order.,charris,1,1
c51770d6c,BUG: Fix #3926: pickling empty string fails,5475,BUG: Fix #3926: pickling empty string fails,jayvius,1,1
fea2ebbfc,DOC: fix a few bugs in the random.pareto docstring.  Closes gh-4181.,12835,1,ViacheslavP,1,1
4bfcf4801,BUG: Fix #4476 by adding datetime64 and timedelta64 types,5455,BUG: Fix #4476 by adding datetime64 and timedelta64 types,gerritholl,1,1
b82230fdb,BUG: fix ma.median used on ndarrays,5447,BUG: fix ma.median used on ndarrays,juliantaylor,1,1
9d9e5a143,"BUG: linspace handling of denormals, fixes #5437",5438,"BUG: linspace handling of denormals, fixes #5437",jaimefrio,2,1
f80d5e064,"DOC: Document changes to diag, diagonal, ravel in 1.10-notes.rst.",12835,1,ViacheslavP,1,1
ea927d961,BUG: Make ravel function return 1-D arrays for matrix argument.,12835,1,ViacheslavP,1,1
ad2d26442,"BUG: Make diag, diagonal return 1-D arrays for matrix arguments.",12835,1,ViacheslavP,1,1
78f69df28,BUG: Fixes #5376: np.ravel to return same array type,5398,BUG: Fixes #5376: np.ravel to return same array type,Garrett-R,2,1
26a8ae33f,DOC: Add note about writeable views from einsum to 1.10.0 release notes.,12835,1,ViacheslavP,1,1
a29c718a5,DOC: add change to dev-version string (gh-5387) to 1.10.0 release notes.,12835,1,ViacheslavP,1,1
75666e3ab,BUG: Xerbla doesn't get linked in 1.10-devel.,12835,1,ViacheslavP,1,1
75666e3ab,BUG: Xerbla doesn't get linked in 1.10-devel.,5383,BUG: Xerbla doesn't get linked in 1.10-devel.,charris,1,1
75666e3ab,BUG: Xerbla doesn't get linked in 1.10-devel.,5382,BUG: Xerbla doesn't get linked in 1.10-devel.,charris,1,1
c683a43a2,"BLD: for PEP 440 compliance, change development version name format from e.g. 1.10.0.dev-243ab56 to 1.10.0.dev+243ab56",12835,1,ViacheslavP,1,1
26d883ce8,REL: Update the 1.10 release notes.,12835,1,ViacheslavP,1,1
0e8edab42,BUG: digitize segfaults on TypeError,5355,BUG: digitize segfaults on TypeError,jaimefrio,2,0
359118160,BUG: fix collections.Hashable behaviour for numpy arrays.,5326,BUG: fix collections.Hashable behaviour for numpy arrays.,cournape,1,1
cd4c70055,DOC: sync 1.9.1 release notes,12835,1,ViacheslavP,1,1
f7c0e78ac,BUG: fix header using symbols not available in py3,5257,BUG: fix header using symbols not available in py3,juliantaylor,1,1
b40e686f1,BUG: fix not returning out array from ufuncs with subok=False set,5242,BUG: fix not returning out array from ufuncs with subok=False set,juliantaylor,1,1
76fc3e7df,BUG: fix build in c99 mode,5233,BUG: fix build in c99 mode,juliantaylor,1,1
0332a2d8d,BUG: fix crash when using arange on datetime without dtype set,5225,BUG: fix crash when using arange on datetime without dtype set,juliantaylor,1,1
a4e68f411,BUG: fix build error with MSVC 2013 caused by C99 complex support,12835,1,ViacheslavP,1,2
8969da59e,BUG: Fixes #5184 gradient calculation behavior at boundaries,12835,1,ViacheslavP,1,1
8969da59e,BUG: Fixes #5184 gradient calculation behavior at boundaries,5186,BUG: Fixes #5184 gradient calculation behavior at boundaries,pseudocubic,1,1
2f1e27610,BUG: fix nanmedian on arrays containing inf,5182,BUG: fix nanmedian on arrays containing inf,juliantaylor,1,1
a8e027ff4,BUG: Fix writing of intrinsic long integers in python2 npy files.,5183,BUG: Fix writing of intrinsic long integers in python2 npy files.,charris,1,1
8615d5e57,BUG: fixed #5147 collapsingbug in einsum,12835,1,ViacheslavP,1,1
b58f130a4,BUG: fix restrict check,5139,BUG: fix restrict check,juliantaylor,1,1
e50e17ccc,BUG: fix wrong error checks of PyBytes_AsStringAndSize,5088,BUG: fix wrong error checks of PyBytes_AsStringAndSize,juliantaylor,1,1
5a14415b0,BUG: fix out of bound access in unicode argmin/argmax,5087,BUG: fix out of bound access in unicode argmin/argmax,juliantaylor,1,1
4a23c23ec,DOC: sync release notes with 1.9 branch,12835,1,ViacheslavP,1,1
dfc567790,BUG: fix array_almost_equal for array subclasses,5048,BUG: fix array_almost_equal for array subclasses,juliantaylor,1,1
fee3c926f,MAINT: Update waf to 1.7.16,12835,1,ViacheslavP,1,1
4097ec3ec,BUG: fix percentage reporting when testing.assert_allclose fails.,5025,BUG: fix percentage reporting when testing.assert_allclose fails.,pp-mo,1,1
f880b1aa7,BUG: Fix np.insert for inserting a single item into a structured array,5022,BUG: Fix np.insert for inserting a single item into a structured array,seberg,1,1
709a06d0e,BUG: fix genfromtxt check of converters when using usecols,5006,BUG: fix genfromtxt check of converters when using usecols,dhomeier,1,1
bbb7c3fbc,BUG: fix memoryleaks in datetime dtype parsing,4975,BUG: fix memoryleaks in datetime dtype parsing,juliantaylor,1,1
778af02eb,BUG: fix string type inconsistency between zeros and zeros_like,4917,BUG: fix string type inconsistency between zeros and zeros_like,juliantaylor,1,1
d43cd21a3,BUG: fix ineffective as ascontiguousarray,4913,BUG: fix ineffective as ascontiguousarray,juliantaylor,1,1
7eefe925e,TST: win32 also does not provide 16 byte alignment,12835,1,ViacheslavP,1,1
fa0ec11c1,BLD: fix build issues with MSVC10 on Windows.  Closes gh-4245.,12835,1,ViacheslavP,1,1
cd062f584,BUG: core: fix crash when unpickling data on Py3 under non-latin1 encoding,12835,1,ViacheslavP,1,1
cd062f584,BUG: core: fix crash when unpickling data on Py3 under non-latin1 encoding,4882,BUG: core: fix crash when unpickling data on Py3 under non-latin1 encoding,pv,1,1
acc3369ad,ENH: avoid meshgrid and fancy indexing for 1d masked sort,12835,1,ViacheslavP,1,1
1616767ac,fix endianness detection with clang on osx 10.9,12835,1,ViacheslavP,1,2
9c4d48c3c,BUG: Add missing error incref in 1d indexing fallback,12835,1,ViacheslavP,1,1
4b8c9fd2f,BUG: fix buffer overflow in data array of ldexp and frexp,4839,BUG: fix buffer overflow in data array of ldexp and frexp,juliantaylor,1,1
cdfbc69b8,DOC: Update 1.9.0-notes to mention pairwise summation.,12835,1,ViacheslavP,1,1
578ce4662,BUG: fix some memory leaks found by cpychecker,7714,Memory Leak,aboettcher,1,1
445296025,"BUG: Correct behavior for lists of tuples in unique, closes #4785",4788,"BUG: Correct behavior for lists of tuples in unique, closes #4785",jaimefrio,2,0
a95c8e4ac,BUG: Avoid double iterator deallocation in `ufunc_object.c`,4784,BUG: Avoid double iterator deallocation in `ufunc_object.c`,jaimefrio,2,0
e2e49c73a,BUG: fix where not filling string types properly,4782,BUG: fix where not filling string types properly,juliantaylor,1,1
f7f838b0a,BUG: fix test deleting temporary file before using it on windows,4773,BUG: fix test deleting temporary file before using it on windows,juliantaylor,1,1
e5eb95a2e,DOC: Note nanpercentile in 1.9.0 release notes.,12835,1,ViacheslavP,1,1
83c6d769e,BUG: Don't let meshgrid ignore unknown kwargs. Fixes #4755.,4758,BUG: Don't let meshgrid ignore unknown kwargs. Fixes #4755.,mforbes,1,1
39715d580,BUG: Fix missing fragment in ARGOUTVIEWM typemaps.,4745,BUG: Fix missing fragment in ARGOUTVIEWM typemaps.,dfroger,1,1
9ca38a508,BUG: Fix seg fault converting empty string to object,4722,BUG: Fix seg fault converting empty string to object,miketkelly,1,1
76760cffa,BUG: searchsorted fails if sorter is not of type np.intp fixes #4698,4708,BUG: searchsorted fails if sorter is not of type np.intp fixes #4698,jaimefrio,2,1
0c63e8c7b,BUG: Fix invalid value raised as error when testing on Windows.,4700,BUG: Fix invalid value raised as error when testing on Windows.,charris,1,1
9592bfa7d,"BUG, TST: Fix tests of ma.count return type.",4699,"BUG, TST: Fix tests of ma.count return type.",charris,1,1
2d7a9eedc,BUG: fix crash when sending interrupt signal to fft functions,4692,BUG: fix crash when sending interrupt signal to fft functions,juliantaylor,1,1
767f044ac,MAINT: Update pavement.py to 1.10.0.,12835,1,ViacheslavP,1,1
6f5329fdf,MAINT: start 1.10-devel.,12835,1,ViacheslavP,1,1
62b5cf317,DOC: update 1.9.0-notes.,12835,1,ViacheslavP,1,1
b34800aa8,BUG: Fix test error in scipy introduced by commit d8fd283.,4677,BUG: Fix test error in scipy introduced by commit d8fd283.,charris,1,1
8bc4d4588,BUG: Fix use of setuptools.command.install._install.,4667,BUG: Fix use of setuptools.command.install._install.,charris,1,1
e24486e15,Fix for #4655: Make fftpack._raw_fft threadsafe,4656,Fix for #4655: Make fftpack._raw_fft threadsafe,foogod,1,1
dad468e49,BUG: Fix memory leak.,7714,Memory Leak,aboettcher,1,1
dad468e49,BUG: Fix memory leak.,4654,BUG: Fix memory leak.,charris,1,1
df321538f,BUG: Fix lack of NULL check in array_richcompare.,4614,BUG: Fix lack of NULL check in array_richcompare.,charris,1,1
f97d5ca77,BUG: ifort has issues with optimization flag /O2,4602,BUG: ifort has issues with optimization flag /O2,cgohlke,2,0
0b02990e8,BUG: Prevent division by zero. Closes #650.,4591,BUG: Prevent division by zero. Closes #650.,szpy,2,0
0b02990e8,BUG: Prevent division by zero. Closes #650.,4590,BUG: Prevent division by zero. Closes #650.,szpy,2,0
ac56b60a7,"BUG: Explicitly reject nan values for p in binomial(n, p). Fixes #4571.",12835,1,ViacheslavP,1,1
ac56b60a7,"BUG: Explicitly reject nan values for p in binomial(n, p). Fixes #4571.",4587,"BUG: Explicitly reject nan values for p in binomial(n, p).",ddasilva,1,1
3c9455078,BUG: fix memory leaks and missing NULL checks,7714,Memory Leak,aboettcher,1,1
3c9455078,BUG: fix memory leaks and missing NULL checks,4578,BUG: fix memory leaks and missing NULL checks,juliantaylor,1,1
77a5c89e3,DOC: sync release notes of 1.8 branch and add some missing 1.9 sections,12835,1,ViacheslavP,1,1
06aafa56b,BUG: Fix for issue #3213,12835,1,ViacheslavP,1,1
812aaf670,BUG: fix fancy indexing with negated strides,4553,BUG: fix fancy indexing with negated strides,seberg,1,1
c4376726b,BUG: fix unaligned access of new indexing,4544,BUG: fix unaligned access of new indexing,juliantaylor,1,1
330229188,BUG: fix uninitialized use of size 1 reductions,12835,1,ViacheslavP,1,2
330229188,BUG: fix uninitialized use of size 1 reductions,4535,BUG: fix uninitialized use of size 1 reductions,juliantaylor,1,2
b148f0a9f,BUG: fix broken operand initialization for einsum.,4533,BUG: fix broken operand initialization for einsum.,charris,1,1
c7bb1b6f5,DOC: Document removal of doc/numpybook in 1.9.0 release notes.,12835,1,ViacheslavP,1,1
f15100456,DOC: Document doc/swig move in 1.9.0 release notes.,12835,1,ViacheslavP,1,1
1a977aca3,"BUG: Fixes gh-2208, alignment in subarrays",4473,"BUG: Fixes gh-2208, alignment in subarrays",Sankarshan-Mudkavi,1,1
6a902a08f,BUG: fix double bool compares not being set to 0x1,12835,1,ViacheslavP,1,2
6a902a08f,BUG: fix double bool compares not being set to 0x1,4446,BUG: fix double bool compares not being set to 0x1,juliantaylor,1,2
726937e3a,BUG: Fix deepcopy() of rank-zero arrays.,4431,BUG: Fix deepcopy() of rank-zero arrays.,ddasilva,1,1
53b17c542,BUG: DOC: Fix documentation build.,4423,BUG: DOC: Fix documentation build.,charris,1,1
18cda3b66,BUG: fix non-c99 fallback for np.inf input to log1p/expm1,12835,1,ViacheslavP,1,1
18cda3b66,BUG: fix non-c99 fallback for np.inf input to log1p/expm1,4416,BUG: fix non-c99 fallback for np.inf input to log1p/expm1,juliantaylor,1,1
18cda3b66,BUG: fix non-c99 fallback for np.inf input to log1p/expm1,4415,BUG: fix non-c99 fallback for np.inf input to log1p/expm1,juliantaylor,1,1
7e0cd9a45,BUG: Only convert 0d arrays to scalars in power,4146,BUG: Only convert 0d arrays to scalars in power,seberg,1,1
a0470bc30,DOC: assert_no_warnings versionadded 1.8 -> 1.7,12835,1,ViacheslavP,1,1
2872bf7a7,TST: switch i386 build to python3.4 defaulting ubuntu 14.04,12835,1,ViacheslavP,1,1
2d152aff9,DOC: Added note to 1.9.0 release notes,12835,1,ViacheslavP,1,1
a712c675d,BUG: Fixes #2799 Use `np.sort` instead of `sorted` when the input is a list and no indices are requested. Fixes #2799.,4344,BUG: Fixes #2799,jaimefrio,2,1
b9454f50f,BUG: Fix broadcasting in np.cross (solves #2624),4338,BUG: Fix broadcasting in np.cross (solves #2624),jaimefrio,2,1
7daf5cd75,DOC: Document tofile exception changes in 1.9.0 release notes.,12835,1,ViacheslavP,1,1
871c73b18,BUG: fix initialized half sum,4321,BUG: fix initialized half sum,juliantaylor,1,1
1b83d85bc,"BUG: #2408, Fix f2py Python 3 error message string bug.",4315,"BUG: #2408, Fix f2py Python 3 error message string bug.",charris,1,2
1f2f6b67e,BUG: Fix typo in f2py/cfuncs.py.,4300,BUG: Fix typo in f2py/cfuncs.py.,charris,1,1
3248aa7d5,BUG: Fix wrong variable in test_build.py exception.,4298,BUG: Fix wrong variable in test_build.py exception.,charris,1,1
86316b93e,ENH: hint that nelem == 1 branch is more likely,12835,1,ViacheslavP,1,1
9f8771acc,BUG: Fix performance regression for PyObject_Get/SetItem,4289,BUG: Fix performance regression for PyObject_Get/SetItem,seberg,1,1
59057c773,BUG: fix NULL dereference on longdouble conversion error,4294,BUG: fix NULL dereference on longdouble conversion error,juliantaylor,1,1
0981867cf,BUG: fix shuffling of flexible dtypes and masked arrays,4286,BUG: fix shuffling of flexible dtypes and masked arrays,juliantaylor,1,1
9dcdb5779,"ENH: single pass over array in `bincount` to determine output size `bincount` checks its input array to make sure there are no negative entries, and to determine the size of the output array. This is done by calling two different functions, each having to loop over the whole array. This PR adds a new function, `minmax`, that computes the minimum and maximum of the array in a single pass over it. This leads to speed-ups peaking at 1.5x, with typical values for large arrays around 1.15x - 1.25x.",12835,1,ViacheslavP,1,1
4ebf25e1e,"BUG: Fix mean, var, std methods for object arrays.",4276,"BUG: Fix mean, var, std methods for object arrays.",charris,1,1
80d3bdd1d,GRRRRR: Scipy ndimage.measurement uses 1-D iteration order...,12835,1,ViacheslavP,1,1
ba05979d0,"- Modified resetting of binary search indices when multiple keys are being   searched, following @juliantaylor's suggestion. This speeds up searches of   ordered keys by a lot (up to 3x), but slightly slows down purely random   keys. Some benchmarks are available [here](https://gist.github.com/jaimefrio/8704101#file-gistfile2-txt) - Added tests for proper handling of the smart index resetting when the last   key was larger than all items in the searched array. - Added basic tests for all implemented dtypes. - This last change unearthed a funny behavior of `PyArray_CheckFromAny`,   which was changing the byteorder attribute of `NPY_UBYTE` from `NPY_IGNORE`   to `NPY_NATIVE`, and triggering lots of failures in `np.core.test()`. So I   modified `PyArray_CheckFromAny` to leave `NPY_IGNORE` byteorders alone. - Removed the now unused binary search functions from `item_selection.c`.",12835,1,ViacheslavP,1,1
e9ebefec8,BUG: fix scalar type memory leak,7714,Memory Leak,aboettcher,1,1
e9ebefec8,BUG: fix scalar type memory leak,4248,BUG: fix scalar type memory leak,juliantaylor,1,1
839225599,BUG: check for monotonic bin arrays in digitize,4247,BUG: check for monotonic bin arrays in digitize,jaimefrio,2,0
6c9fee60f,DOC: add versionadded:: 1.8.0 to ufunc.at docstring,12835,1,ViacheslavP,1,1
13fbb675d,BUG: fix build with single-threaded python,4206,BUG: fix build with single-threaded python,juliantaylor,1,1
2f8d33bc7,BUG: fix minor memory leak in memoryview failure case,7714,Memory Leak,aboettcher,1,1
2f8d33bc7,BUG: fix minor memory leak in memoryview failure case,4197,BUG: fix minor memory leak in memoryview failure case,juliantaylor,1,1
d64d62b76,BUG: fix large file support on 32 bit systems,4187,BUG: Fix large file support on 32 bit,juliantaylor,1,2
bd6d287dd,BUG: fix complex norm of higher order,4163,BUG: fix complex norm of higher order,juliantaylor,1,1
2f4a837d2,DOC: synchronize release notes with 1.7.x,12835,1,ViacheslavP,1,1
a8e86abb2,ENH: Allow meshgrid to work for 1D and 0D cases.,12835,1,ViacheslavP,1,1
684b159e5,BUG: Fix missing NULL check in lexsort,4124,BUG: Fix missing NULL check in lexsort,seberg,1,1
3ba1d94e0,BUG: fix loading from compressed .npz (Issue 4093),4115,BUG: fix loading from compressed .npz (Issue 4093),msperlich,1,2
6e141d70e,BUG: fix incorrect type in binomial ditsributions.c,4098,BUG: fix incorrect type in binomial ditsributions.c,seberg,1,1
67b95a3e7,BUG: fix NaT handling in _strided_to_strided_string_to_datetime,4094,BUG: fix NaT handling in _strided_to_strided_string_to_datetime,cgwaldman,1,1
a0568165e,BUG: fix missing check for memory allocation failure in ufuncs,4020,BUG: fix missing check for memory allocation failure in ufuncs,juliantaylor,1,1
1beb0ec3f,DOC: update 1.7.2 release notes,12835,1,ViacheslavP,1,1
bd92d8c8d,DOC: add 1.7.2 release notes,12835,1,ViacheslavP,1,1
1bc4af25d,DOC: Add list of authors to 1.8.0 release notes.,12835,1,ViacheslavP,1,1
e549e6902,BUG: fix broken UPLO of eigh in python3,3978,BUG: fix broken UPLO of eigh in python3,juliantaylor,1,1
cfd81489a,BUG: fix handling of negative strides in npy_memchr,3969,BUG: fix handling of negative strides in npy_memchr,juliantaylor,1,1
0f99cf047,BUG: fix declaration-after-statement,3932,BUG: fix declaration-after-statement,juliantaylor,1,1
a1ebc6765,BUG: close file-like objects returned by urlopen,3923,BUG: close file-like objects returned by urlopen,cgohlke,2,0
7d0c74351,DOC: Update 1.8.0 release notes.,12835,1,ViacheslavP,1,1
635181b83,DOC: Tweak the 1.8.0 release notes.,12835,1,ViacheslavP,1,1
9c7e6e303,BUG: Refactor nanfunctions to behave as agreed on for 1.9.,12835,1,ViacheslavP,1,1
095073949,BUG: ensure percentile has same output structure as in 1.8,12835,1,ViacheslavP,1,1
095073949,BUG: ensure percentile has same output structure as in 1.8,3769,BUG: ensure percentile has same output structure as in 1.8,juliantaylor,1,1
34fc33eb1,BUG: fix small issues found with cppcheck,3832,BUG: fix small issues found with cppcheck,juliantaylor,1,1
72accd264,"Fix platform detection for intel platform where get_platform() returns a string ending in x86_64, for instance 'macosx-10.8-x86_64'.",12835,1,ViacheslavP,1,1
247b4500d,BUG: fix wrong gcc version check,3807,BUG: fix wrong gcc version check,juliantaylor,1,1
74eac4e16,BUG: fix hashing of long integers under python3,3800,BUG: fix hashing of long integers under python3,juliantaylor,1,1
a2b3ad16d,BUG: ufunc_at needs_api requires init to 0,3795,BUG: ufunc_at needs_api requires init to 0,seberg,1,1
b893154dd,BUG: Fix issue with PR #3491,12835,1,ViacheslavP,1,1
b893154dd,BUG: Fix issue with PR #3491,3765,BUG: Fix issue with PR #3491,charris,1,1
61e0f2bb0,BUG: fix #3017 Inconsistency in indexing 0-d arrays with Ellipsis.,12835,1,ViacheslavP,1,2
61e0f2bb0,BUG: fix #3017 Inconsistency in indexing 0-d arrays with Ellipsis.,3757,BUG: fix #3017 Inconsistency in indexing 0-d arrays with Ellipsis.,dimasad,1,2
4f535ff39,DOC: Make documentation of nansum current with 1.9.,12835,1,ViacheslavP,1,1
4d1c2d424,BUG: fix zero initialization with subarray dtypes,3725,BUG: fix zero initialization with subarray dtypes,juliantaylor,1,1
26ade56d9,"BUG: f2py, fix decref on wrong object",3728,"BUG: f2py, fix decref on wrong object",juliantaylor,1,1
906a8848a,BUG: Fix 0-sized ndindex,3715,BUG: Fix 0-sized ndindex,seberg,1,2
e20a54b72,BUG: Fix UFUNC_CHECK_STATUS to work on both 32 and 64 bit Windows.,3697,BUG: Fix UFUNC_CHECK_STATUS to work on both 32 and 64 bit Windows.,charris,1,2
ba08629ba,BUG: fix test_rational PyNumberMethods for python3,3694,BUG: fix test_rational PyNumberMethods for python3,juliantaylor,1,1
554ee09d0,BUG: fix windows fpu flag check for mixed x87 and sse instructions,3691,BUG: fix windows fpu flag check for mixed x87 and sse instructions,juliantaylor,1,1
3fe2744e6,REL: Setup 1.9.0-notes.rst for master.,12835,1,ViacheslavP,1,1
577183ec7,DOC: Update 1.8.0-notes.rst,12835,1,ViacheslavP,1,1
5c2dafbbc,BUG: Fix PyBUF_SIMPLE flag to GetBuffer.,3616,BUG: Fix PyBUF_SIMPLE flag to GetBuffer.,seberg,1,1
336151e81,Fix memory leaks and inc dtype refs,7714,Memory Leak,aboettcher,1,1
c26e54884,Reverse commit 6ec51b3,12835,1,ViacheslavP,1,1
fb7bfd810,DOC: Update 1.8.0 release notes.,12835,1,ViacheslavP,1,1
98e3a6cb1,DOC: Note the new behavior of financial.npv in the 1.8.0 release notes.,12835,1,ViacheslavP,1,1
f8244a688,"DOC: Document nanmean, nanvar, and nanstd in the 1.8.0 release notes.",12835,1,ViacheslavP,1,1
df1aa9973,DOC: Remove references to diagonal changes in 1.8.,12835,1,ViacheslavP,1,1
147c7ac58,BUG: Fix typo in core bento file.,3606,BUG: Fix typo in core bento file.,stefanv,1,1
cb0a4f0fd,BUG: Fix variable declaration after statement.,3600,BUG: Fix variable declaration after statement.,charris,1,1
d10832b74,BUG: Fix test_operand_flags test.,3599,BUG: Fix test_operand_flags test.,charris,1,1
f0910a18f,BUG: Boolean assignment allowed writing to 0-sized array,3575,BUG: Boolean assignment allowed writing to 0-sized array,seberg,1,1
cb6fe848b,BUG: Fix bug in np.insert when axis=-1,12835,1,ViacheslavP,1,1
0739b6b03,BUG: Fix failure to return monic polynomials from roots.,3495,BUG: Fix failure to return monic polynomials from roots.,charris,1,1
974d8e3a1,BUG: numpy.random.binomial raised ValueError for n == 0,3483,BUG: numpy.random.binomial raised ValueError for n == 0,HaroldMills,2,1
12e06a261,"BUG: Campanion Matrix was scalar, not matrix for degree 1.",12835,1,ViacheslavP,1,1
12e06a261,"BUG: Campanion Matrix was scalar, not matrix for degree 1.",3460,"BUG: Campanion Matrix was scalar, not matrix for degree 1.",charris,1,1
1b6926f2b,BUG: fix uninitialized-use on invalid sort kind,3456,BUG: fix uninitialized-use on invalid sort kind,juliantaylor,1,1
ea0da1330,BUG: Fix failing python long behaviour and possible heisen bug,3453,BUG: Fix failing python long behaviour and possible heisen bug,seberg,1,1
f70632f74,Added more mentions of the SuperTensor tests and corrected the number of typemaps and tests (currently 1427 unit tests passed with 'make test': 372+324+324+324+40+19+24),12835,1,ViacheslavP,1,1
0a015869a,BUG: Decref subspace when subspace is 0-d in fancy indexing,3417,BUG: Decref subspace when subspace is 0-d in fancy indexing,seberg,1,1
b4b20dc8b,Add filled and filled_like to changelog of 1.8.0,12835,1,ViacheslavP,1,1
54c1471d2,BUG: fix typo on npy_config.h include guard,3394,BUG: fix typo on npy_config.h include guard,juliantaylor,1,1
ee2f7b414,BUG: fix memory leak and double execution in dot,7714,Memory Leak,aboettcher,1,1
ee2f7b414,BUG: fix memory leak and double execution in dot,3385,BUG: fix memory leak and double execution in dot,juliantaylor,1,1
eec5e4897,BLD: fix setuptools-specific easy_install issue.  Closes gh-3160.,12835,1,ViacheslavP,1,1
c018cd857,BUG: Fix 0-d array special case from reductions.,3316,BUG: Fix 0-d array special case from reductions.,seberg,1,2
72ffc68a7,BUG: fix potentially infinite recursion in VOID_nonzero. Fixes #3312.,12835,1,ViacheslavP,1,1
72ffc68a7,BUG: fix potentially infinite recursion in VOID_nonzero. Fixes #3312.,3313,BUG: fix potentially infinite recursion in VOID_nonzero. Fixes #3312.,ecatmur,1,1
88a9b6d26,"BUG: gh-3300, Fix missing return value in test_rational.c.src.",3301,"BUG: gh-3300, Fix missing return value in test_rational.c.src.",charris,1,1
54524cdce,BUG: sphinxext: fix sphinx extensions broken recently,3296,BUG: sphinxext: fix sphinx extensions broken recently,pv,1,1
c7c4d4089,BUG: Fix some README links to point to www.numpy.org,3289,BUG: Fix some README links to point to www.numpy.org,rkern,1,1
63d9a9b46, reduces excess cleverness from 1/2 to 1/3,12835,1,ViacheslavP,1,1
4b8ef7270,ENH: Optimization in subscript_simple for arrays with size > 1,12835,1,ViacheslavP,1,1
7394fa634,DOC: Document the new qr modes in the 1.8 release notes.,12835,1,ViacheslavP,1,1
3a4ed02bc,ENH: Relax aligned flag for shape[i] <= 1,12835,1,ViacheslavP,1,1
91f083a69,fixed the testResize1 test in testArray.py -- Changed order of the resize arguments in Array2.h and replaced len(XXXnumpyarray) with XXXnumpyarray.size,12835,1,ViacheslavP,1,1
ff0155597,BUG: fix issue with distutils.exec_command introduced in 1.7.0.,12835,1,ViacheslavP,1,2
ff0155597,BUG: fix issue with distutils.exec_command introduced in 1.7.0.,3128,BUG: fix issue with distutils.exec_command introduced in 1.7.0.,certik,1,2
ff0155597,BUG: fix issue with distutils.exec_command introduced in 1.7.0.,3127,BUG: fix issue with distutils.exec_command introduced in 1.7.0.,rgommers,1,2
a530098e8,BUG: fix random.choice scalar object result and disallow 0-d arrays,2992,BUG: fix random.choice scalar object result and disallow 0-d arrays,seberg,1,2
23b87a54f,BUG: fix NPY_NO_DEPRECATED_API mechanism.,3024,BUG: fix NPY_NO_DEPRECATED_API mechanism.,rgommers,1,1
04b89c63e,BUG: Fix regression of bad error/random behavior in item method,3006,BUG: Fix regression of bad error/random behavior in item method,seberg,1,1
625f3cde9,DOC: update 1.7.0-notes.rst from release branch,12835,1,ViacheslavP,1,1
49bf2045e,BUG: Fix strides of trailing 1s when reshaping,12835,1,ViacheslavP,1,2
49bf2045e,BUG: Fix strides of trailing 1s when reshaping,2950,BUG: Fix strides of trailing 1s when reshaping,seberg,1,2
26b2fc62c,BUG: fix inclusion of private hader in #d2122ea1f458e9429b692111238f7b9f4a852db2,12835,1,ViacheslavP,1,1
51495ffc5,BUG: Fix segfault in np.result_type for None input.,2933,BUG: Fix segfault in np.result_type for None input.,seberg,1,1
1539b7118,BUG: Fix memory leak in ndarray construction from strings (gh-2927),7714,Memory Leak,aboettcher,1,1
1539b7118,BUG: Fix memory leak in ndarray construction from strings (gh-2927),2966,BUG: Fix memory leak in ndarray construction from strings (gh-2927),certik,1,1
1539b7118,BUG: Fix memory leak in ndarray construction from strings (gh-2927),2928,BUG: Fix memory leak in ndarray construction from strings (gh-2927),mwiebe,1,1
24615f4c7,BUG: Make 1d fancy indexing special case use unsafe_casting,12835,1,ViacheslavP,1,1
1d6f543eb,BUG: Replace unprefixed SIZEOF_* macros with prefixed versions.,2887,BUG: Replace unprefixed SIZEOF_* macros with prefixed versions.,charris,1,1
d2ca91791,BUG: Fix byteswapping for complex scalars,2886,BUG: Fix byteswapping for complex scalars,seberg,1,1
2be873f95,BUG: Fix CheckStrides and strides setter checks for available memory,2882,BUG: Fix CheckStrides and strides setter checks for available memory,seberg,1,1
834d32bbd,TST: Replace Python 3.1 test with 3.3.,12835,1,ViacheslavP,1,1
5cd7e7602,DOC: Note that Euler's constant is exposed in numpy 1.8.0.,12835,1,ViacheslavP,1,1
e610b2bd7,MAINT: Cleanup 1.8.0-notes.rst.,12835,1,ViacheslavP,1,1
7f1f57de4,MAINT: Update and cleanup 1.7.0-notes.rst.,12835,1,ViacheslavP,1,1
83d890e21,BUG: internal call fix in random.choice,2827,BUG: internal call fix in random.choice,certik,1,1
83d890e21,BUG: internal call fix in random.choice,2823,BUG: internal call fix in random.choice,seberg,1,1
6d3950c8a,BUG: Fix regression for in1d with non-array input,12835,1,ViacheslavP,1,1
6d3950c8a,BUG: Fix regression for in1d with non-array input,2800,BUG: Fix regression for in1d with non-array input,seberg,1,1
761ba5dda,Fix distutils build_src with 'c++' in swig_opts and a c++ comment in the .i file (issue #2551),12835,1,ViacheslavP,1,1
e0dd41c0a,BUG: Attempt to fix sparc segfault (gh-2668),2794,BUG: Attempt to fix sparc segfault (gh-2668),mwiebe,1,1
da7770c0f,added a fix for 1d iteration which was failing and a test to test that case,12835,1,ViacheslavP,1,2
300783c0e,BUG: Fix bad memory access for 0-sized outputs in numpy dot,2777,BUG: Fix bad memory access for 0-sized outputs in numpy dot,seberg,1,2
749e5c1c4,"DOC: Fix length mistake in docstring (rfft length is n//2+1, not n)",12835,1,ViacheslavP,1,1
d8ead4c83,Include msvcr100 (MSVC v10 aka 2010) in msvc_runtime_library(),12835,1,ViacheslavP,1,1
bee8c4d24,BUG: fix Python 2.4 build with NPY_SEPARATE_COMPILATION,2723,BUG: fix Python 2.4 build with NPY_SEPARATE_COMPILATION,pv,1,2
3b559fd74,added a fix for 1d iteration which was failing and a test to test that case,12835,1,ViacheslavP,1,2
58c1bf7f6,BUG: fix download link in setup.py (which is shown on PyPi).,2707,BUG: fix download link in setup.py (which is shown on PyPi).,rgommers,1,1
237e816e2,BUG: Reshape of 0-sized arrays failed to work without copy,2702,BUG: Reshape of 0-sized arrays failed to work without copy,seberg,1,1
dc4e38bb7,BUG: Fix bug with size 1-dims in CreateSortedStridePerm,12835,1,ViacheslavP,1,2
dc4e38bb7,BUG: Fix bug with size 1-dims in CreateSortedStridePerm,2696,BUG: Fix bug with size 1-dims in CreateSortedStridePerm,seberg,1,2
8daf1443e,API: ctors changed so that contiguous flags ignore 1-dim axis,12835,1,ViacheslavP,1,1
a8ffb486a,TST: Complex to bool conversion (Ticket 2218),12835,1,ViacheslavP,1,1
f085bc29c,BUG: Fix complex to bool conversion in lowlevel_strided_loops,477,BUG: Fix complex to bool conversion in lowlevel_strided_loops,seberg,1,1
de3075f54,BUG: Disallow shapesize > 1 when coercing scalar to array,12835,1,ViacheslavP,1,1
80b3a3401,BUG: Fix memory leak in PyArray_Diagonal,7714,Memory Leak,aboettcher,1,1
80b3a3401,BUG: Fix memory leak in PyArray_Diagonal,457,BUG: Fix memory leak in PyArray_Diagonal,njsmith,1,1
21a1d7362,BUG: allow any axis for np.concatenate for 1D,12835,1,ViacheslavP,1,1
21a1d7362,BUG: allow any axis for np.concatenate for 1D,440,BUG: allow any axis for np.concatenate for 1D,matthew-brett,1,1
854f67f29,MAINT: update Intel Fortran compiler flags for the 21st century.,12835,1,ViacheslavP,1,1
0f1d2d929,Fix typo in documentation (101 instead of 10).,12835,1,ViacheslavP,1,2
e4bafb2a4,"Reset flags when Axes are removed. Array might now be 1D, or removed axes of size 1 destroy contiguousity.",12835,1,ViacheslavP,1,1
727cbc4a7,FIX: Regenerate mtrand.c with Cython 0.17,12835,1,ViacheslavP,1,1
8b2e6bed9,"BUG: Fix ticket #1588/gh issue #398, refcount error in clip",12835,1,ViacheslavP,1,1
8b2e6bed9,"BUG: Fix ticket #1588/gh issue #398, refcount error in clip",400,"BUG: Fix ticket #1588/gh issue #398, refcount error in clip",mwiebe,1,1
8a4e0f578,Fix memory leak in concatenate.,7714,Memory Leak,aboettcher,1,1
5b4e61b8a,BUG: Fix some tests in PR #192,12835,1,ViacheslavP,1,1
bf58296ea,update 1.7 release notes,12835,1,ViacheslavP,1,1
143fb1874,DOC: Forward port 1.7.0 release notes,12835,1,ViacheslavP,1,1
1a7087597,BUG: make genfromtxt work with comments=None.  Closes Github issue 329.,337,BUG: make genfromtxt work with comments=None.  Closes Github issue 329.,rgommers,1,1
eee46518b,Change version number on master to 1.8,12835,1,ViacheslavP,1,1
36681eb2c,travis-ci: add python 3.1 to the list of tested versions.,12835,1,ViacheslavP,1,1
ee607114d,BUG: Add a gap in NPY_DATETIMEUNIT enum where 1.6 had the busday unit,12835,1,ViacheslavP,1,1
ee607114d,BUG: Add a gap in NPY_DATETIMEUNIT enum where 1.6 had the busday unit,295,BUG: Add a gap in NPY_DATETIMEUNIT enum where 1.6 had the busday unit,mwiebe,1,1
e3862feeb,Fix dirty handling of internal compiler variable __LDBL_DENORM_MIN__ with C11 LDBL_TRUE_MIN (with help from @jedbrown),12835,1,ViacheslavP,1,1
b081857c2,MAINT: port release notes and release script changes from 1.6.x.,12835,1,ViacheslavP,1,1
6c8839595,TST: Fix memoryview 2.6/2.7 compatibiliy in maskna pep3118 test,12835,1,ViacheslavP,1,2
7939c20c9,BUG: Fix format/variable incompatibility.,276,BUG: Fix format/variable incompatibility.,charris,1,1
ddc944eb6,BUG: Fix datetime 1.6 pickle compatibility test for Python 3.,12835,1,ViacheslavP,1,2
b7cb21ac6,BUG: Output the datetime64 dtype to the pickle format from 1.6,12835,1,ViacheslavP,1,1
d609dffc9,REL: change Sphinx version in release script to 1.1.3.,12835,1,ViacheslavP,1,1
259fff8f0,BUG: Fix some test bugs.,267,BUG: Fix some test bugs.,charris,1,1
bb50db652,DOC: Add a section documenting 1.6/1.7 datetime64 differences,12835,1,ViacheslavP,1,1
327750609,"BUG: ticket #1578, fix PyArray_Scalar.",12835,1,ViacheslavP,1,1
d78746bd8,"BUG: ticket #1578, fix UNICODE_getitem.",12835,1,ViacheslavP,1,1
0679842c6,"Revert ""BUG: ticket #1578, Fix python-debug warning for python >= 2.7.""",12835,1,ViacheslavP,1,2
fc4784a48,BUG: Fix segfault when tests are run with python 2.7 debug.,250,BUG: Fix segfault when tests are run with python 2.7 debug.,charris,1,2
0a3a954c3,"BUG: ticket #1578, Fix python-debug warning for python >= 2.7.",12835,1,ViacheslavP,1,2
b6b5ba138,BUG: fix regression for indexing chararrays with empty list. Closes #1948.,12835,1,ViacheslavP,1,1
b6b5ba138,BUG: fix regression for indexing chararrays with empty list. Closes #1948.,247,BUG: fix regression for indexing chararrays with empty list.,rgommers,1,1
5ede7c7bc,VER: Bump up NPY_API_VERSION from 6 (Used by 1.6) to 7,12835,1,ViacheslavP,1,1
372666acc,"BUG: ticket #2073, fix float16 __array_interface__ bug.",12835,1,ViacheslavP,1,1
41f7d2118,DOC: label the current NA implementation as experimental in 1.7.x,12835,1,ViacheslavP,1,1
caa0883c9,MAINT: port few missing changes to 1.6.0 release notes from 1.6.x branch.,12835,1,ViacheslavP,1,1
32a4a7d28,BUG: Fix ticket #2081.,12835,1,ViacheslavP,1,1
5268fe6ec,BUG: fix #2017 by ignoring type_num in the hash input.,12835,1,ViacheslavP,1,1
1857ee3e9,DOC: Change versionadded from 2.0.0 to 1.7.0 where needed.,12835,1,ViacheslavP,1,1
91f87e1f6,BUG: Fix ticket #1990.,12835,1,ViacheslavP,1,1
d878ad9e8,BUG: Fix test_umath tests for python 3k.,222,BUG: Fix test_umath tests for python 3k.,charris,1,2
ba40918d3,BLD: fix Cygwin build error.  Closes #1944.  Thanks to Sebastian Sohr.,12835,1,ViacheslavP,1,1
3f685a1a9,Change version number to 1.7.0,12835,1,ViacheslavP,1,1
1ef79b71e,BUG: datetime: Restrict 'local' timezone print to >= 1970,12835,1,ViacheslavP,1,1
1ef79b71e,BUG: datetime: Restrict 'local' timezone print to >= 1970,213,BUG: datetime: Restrict 'local' timezone print to >= 1970,mwiebe,1,1
aa2b608d2,BUG: Fix Ticket #2033 and fix fast_power behavior for integer arrays.,207,BUG: Fix Ticket #2033 and fix fast_power behavior for integer arrays.,teoliphant,1,1
ff4aef410,DEP: Remove dtype names immutability deprecation for 1.7,12835,1,ViacheslavP,1,1
cceb8f6dd,STY: Fix up the 2.0 (1.7) release notes.,12835,1,ViacheslavP,1,2
d36e076f0,BUG: Fix ticket #2021.,12835,1,ViacheslavP,1,1
d36e076f0,BUG: Fix ticket #2021.,185,BUG: Fix ticket #2021.,charris,1,1
3c2603f1f,HACK: Make __array_priority__ = 1000.,12835,1,ViacheslavP,1,1
58d9618a0,ENH: Modify the various polynomial series so that multidimensional coefficient arrays can be used. Add functions for evaluation of 2D and 3D polynomial series evaluated either on a specified set of points or on a cartesian product of 1D points.,12835,1,ViacheslavP,1,1
3b3735d13,BUG: Fix dimension checks in random.choice. Make sure last entry in cdf is exactly 1.0.,12835,1,ViacheslavP,1,2
7f302cca2,BUG: fix #1984 (generate correct version.py).,12835,1,ViacheslavP,1,1
8e606173b,BUG: fixing reference leak from the numpy refactor @ 4c21144,12835,1,ViacheslavP,1,1
55df3c69a,"BUG: Attempt Y2038 fix, and restrict local timezone parsing to 1970 and later, because of Win32",12835,1,ViacheslavP,1,1
d81a85cbd,BUG: Add %lld exception for Python 3.1 as well,12835,1,ViacheslavP,1,1
d07f06233,Merge pull request #152 from 87/ref-fix,12835,1,ViacheslavP,1,1
ebb582fe1,BUG: Fix reference leak in PyArray_DTypeFromObject,152,BUG: Fix reference leak in PyArray_DTypeFromObject,87,1,1
98ccad69e,Merge pull request #149 from 87/ref-fix,12835,1,ViacheslavP,1,1
4ed5624b0,"BUG: make sure autoconf macros are set to 1, not True.",12835,1,ViacheslavP,1,1
499f9b0bd,BUG: use 1/0 instead of booleans in config.h,12835,1,ViacheslavP,1,1
6d9a2a1e7,ENH: missingdata: Add support for identity-less skipna reductions with ndim > 1,12835,1,ViacheslavP,1,1
e15712cf5,BUG: nditer: NA masks in arrays with leading 1 dimensions had an issue,12835,1,ViacheslavP,1,1
d5ef96136,ENH: core: Make 1-byte low level loops use memset,12835,1,ViacheslavP,1,1
70d9f6740,STY: define all config.h macro to value 1 to match autoheader convention.,12835,1,ViacheslavP,1,1
5cf0a0739,"ENH: Add provision for headers and footers to savetxt, fixes ticket 1236. I suggest using a separate keyword argument for structured arrays. It might also be nice to be able to add a manual header.",12835,1,ViacheslavP,1,2
730b86112,BUG: print format fix for datetime/timedelta,130,BUG: print format fix for datetime/timedelta,gandalf013,1,1
730b86112,BUG: print format fix for datetime/timedelta,129,BUG: print format fix for datetime/timedelta,gandalf013,1,1
730b86112,BUG: print format fix for datetime/timedelta,120,BUG: print format fix for datetime/timedelta,gandalf013,1,1
dba98cc14,BLD: fix build for py3k + pip. Closes #1857. Thanks to Erik Bray.,12835,1,ViacheslavP,1,1
57b56bc64,BUG: fix failing npyio test under py3k.  Thanks to Derek Homeier. Closes #1793.,12835,1,ViacheslavP,1,1
2acb9282b,"BUG: core: Fix memory leak, add a test which catches it (Ticket #1917)",12835,1,ViacheslavP,1,1
2acb9282b,"BUG: core: Fix memory leak, add a test which catches it (Ticket #1917)",7714,Memory Leak,aboettcher,1,1
1b62bdfb0,BUG: fixed histogramdd bug with empty inputs.  Closes #1899.,12835,1,ViacheslavP,1,1
dc81482f4,ENH: dtype: Make handling of struct dtype align= flag more rigorous (also fixes ticket #1912),12835,1,ViacheslavP,1,1
e2af7b755,REL: forward port changes to release scripts from 1.6.x branch.,12835,1,ViacheslavP,1,1
978862660,BUG: Fixed bugs in join_by and added tests,100,BUG: Fixed bugs in join_by and added tests,jseabold,1,1
5e4a4075a,BUG:py3k: fix error with recarry. Patch by C. Gohlke. Closes #1843.,12835,1,ViacheslavP,1,1
5e4a4075a,BUG:py3k: fix error with recarry. Patch by C. Gohlke. Closes #1843.,97,BUG:py3k: fix error with recarry. Patch by C. Gohlke. Closes #1843.,rgommers,1,1
192ac7491,BUG: nditer: Error in detecting double reduction loop (Fixes #1885),12835,1,ViacheslavP,1,1
9a287ba15,BUG: deal with shared lib extension in a single place. Fix ctypes.load_library.,96,BUG: deal with shared lib extension in a single place. Fix ctypes.load_li,rgommers,2,1
935c5b0e3,ENH: dtype: Fix repr of structured dtypes (Fixes #1619),12835,1,ViacheslavP,1,1
adab9034f,TST: fix py3k failure for arrayprint. Closes #1875. Thanks to Derek Homeier.,12835,1,ViacheslavP,1,1
4e52c48bd,BUG: core: Fix corner case of object array assignment (#1870),12835,1,ViacheslavP,1,1
afe25c18c,BUG: ufunc: Type promotion output must always be in NBO (fixes #1867),12835,1,ViacheslavP,1,1
a1e7be3cb,BUG: core: PyArray_NewFromDescr needs to update flags when strides != NULL (fixes #1863,12835,1,ViacheslavP,1,1
fd9ef72da,BUG: Broadcast error message was displaying a garbled shape (fixes #1859),12835,1,ViacheslavP,1,1
4a2ad9eb8,BUG: Iterator reduction buffering bug when the inner loop is bigger than the buffer size (ticket #1837),12835,1,ViacheslavP,1,1
9fb892241,BUG: Fix buffered reduction case in nditer (ticket #1834),12835,1,ViacheslavP,1,1
279764727,BUG: Fix memory leak in UMath_Tests_test_signature test,7714,Memory Leak,aboettcher,1,1
5626f31cb,BUG: Fix memory leak in f2py_rout_wrap_call test.,7714,Memory Leak,aboettcher,1,1
1611da912,BUG: Fix 1.6rc1 crash in result_type on 32-bit Windows MKL builds,12835,1,ViacheslavP,1,2
5aa360321,DOC:BUG: fix percentile examples. Closes #1813.,12835,1,ViacheslavP,1,1
0a0ff695f,BUG: Fix memory leak in reduction ufuncs -- the error object was not being dereferenced in the non-error case.,7714,Memory Leak,aboettcher,1,1
973b112df,BUG: Fix type promotion regression for ufuncs (Ticket #1798),12835,1,ViacheslavP,1,1
492ae119c,BUG: Fix type promotion regression for the result_type function (Ticket #1798),12835,1,ViacheslavP,1,1
137ec8ec9,BUG: fix random.test_noncentral_f issue under win64 + MSVC9. Closes #1801.,12835,1,ViacheslavP,1,1
966038e30,STY: Replace assert by assert_ in tests. There remain 124 uses of assert in non-testing files that should be checked for correctness.,12835,1,ViacheslavP,1,1
a4100ba6c,BUG: Fix INTP printf formatting string on 64-bit windows,5805,Ix intp,jaimefrio,1,2
ce0019c3c,"BUG: ticket #1071, fix loadtxt to handle tab delimited data with missing values in the last column and add test for same.",12835,1,ViacheslavP,1,1
75bbdce22,BUG: fix fromstring segfault with dtype=bool. Closes #1689. Thanks to Justin Peel.,12835,1,ViacheslavP,1,1
abaaeec82,BUG: Fix atleast_1d and atleast_2d to work with masked arrays.,12835,1,ViacheslavP,1,1
5d5266cbf,"BUG: ticket #1565, fix conversion of int64 and uint64 types by loadtxt. Add some tests for these types.",12835,1,ViacheslavP,1,1
89db53b1f,BUG: core/buffer: fix another offset counting bug in pep-3118 format string generation,12835,1,ViacheslavP,1,1
f04bacb63,DOC: Document the changed default error handling for the 1.6.x release.,12835,1,ViacheslavP,1,1
ef46a0910,BUG: core/buffer: fix bug in pep-3118 format strings for aligned structs,12835,1,ViacheslavP,1,1
dce8638a7,BUG: make np.median() work for 0-D arrays. Also add tests. Closes #1747.,12835,1,ViacheslavP,1,1
225f28c7c,"BUG: f2py fix to scan literal strings with ! character, fixes ticket #1228",12835,1,ViacheslavP,1,1
88e8c1584,ENH: Add scalar support for the format() function introduced in Python 2.6 (#1675),12835,1,ViacheslavP,1,1
d4ee39f30,"BUG: fix f2py bug of converting an expression to variable, fixes ticket #1614.",12835,1,ViacheslavP,1,1
e46ed8fa3,"BUG: fix f2py bug of converting an expression to variable, fixes ticket #1614.",12835,1,ViacheslavP,1,1
d1506b4b7,DOC: slogdet was added in 1.5.0.,12835,1,ViacheslavP,1,1
1fe81365e,"REL: 1.6.x branch created, master open for development of Numpy 2.0",12835,1,ViacheslavP,1,1
c1bec1ddc,"BUG: Fix ticket #1770, segfault with python 3.2 structured array non-existent field.",12835,1,ViacheslavP,1,2
30ee1d352,DOC: update 1.6.0 release notes. Add headers for items to still be filled in.,12835,1,ViacheslavP,1,1
5289230a0,"BUG: For compatibility with 1.5, revert to permitting limited broadcasting of the assignment output",12835,1,ViacheslavP,1,1
f8c38cb08,BUG: Fixed ticket #1767. Replaced assert with assert_ calls.,12835,1,ViacheslavP,1,1
7bb54efde,REL: add 1.6.0 release notes.,12835,1,ViacheslavP,1,1
ce9fea2c2,BUG: fix 64-bit Intel Fortran compiler detection. Closes #1448.,12835,1,ViacheslavP,1,2
60adb1ac9,BUG: Preliminary fix for ticket #1757.,12835,1,ViacheslavP,1,1
766cac0cf,BUG: Fix zero-padded copy when truncating (ticket #1756),12835,1,ViacheslavP,1,1
9eee670c6,BUG: Fix error in _strided_to_contig. Fixes ticket #1756.,12835,1,ViacheslavP,1,1
cfff7508b,BUG: Fix CastToType to handle string->string casts (ticket #1748),12835,1,ViacheslavP,1,1
ee0831a82,"BUG: fix up shared library extension, which changed in Python 3.2. Closes #1749.",12835,1,ViacheslavP,1,2
df5714798,"BUG: ticket 1741, fix python 2.5 incompatibilityr.",12835,1,ViacheslavP,1,2
8598315e4,"BUG: core: Fix potential reference leak, possibly fix segfault ticket #1737",12835,1,ViacheslavP,1,1
fa5ea0494,BUG: core: Fix regression ticket #1735,12835,1,ViacheslavP,1,1
2635398db,ENH: core: Add new GetArrayParamsFromObject API function (fixes #1081),12835,1,ViacheslavP,1,1
f60797ba6,"BUG: perf: Operations like ""a[10:20] += 10"" were doing a redundant copy",12835,1,ViacheslavP,1,1
0e60ecbf4,BUG: ufunc: Fix regression of accumulate with zero-size result (ticket #1733),12835,1,ViacheslavP,1,1
b29d5c36e,"BUG: core: Fix ""a[...] += 1"" with array scalar 'a'",12835,1,ViacheslavP,1,2
67e5476a4,"Merge branch 'new_iterator' - new iterator, ufunc update, restore 1.5 ABI",12835,1,ViacheslavP,1,1
82bd8f94c,VER: Change version to 1.6.0,12835,1,ViacheslavP,1,1
3e58b8db5,ENH: core: Make NumPy trunk ABI-compatible with 1.5,12835,1,ViacheslavP,1,1
cf8d15203,ENH: core: Make PyArray_ArrFuncs have the same structure as in 1.5 and earlier,12835,1,ViacheslavP,1,1
cdac1209a,PY3K: add PyPI classifier for Python 3. Closes #1698.,12835,1,ViacheslavP,1,1
b7fbd3290,"BUG: Ticket #1690, fix overflow error in randint. Slightly modified from the original by committer.",12835,1,ViacheslavP,1,1
173cb747e,"ENH: Ticket 1695, add test for find_common_type with booleans.",12835,1,ViacheslavP,1,1
8435696e7,"BUG: Ticket 1395, make find_common_type recognize booleans.",12835,1,ViacheslavP,1,1
9b8ff380c,BUG PyArray_FromArray: Properly handle F_CONTIGUOUS with 1D-arrays,12835,1,ViacheslavP,1,1
3ec57950c,"BUG: Ticket 1490, fix searchsorted when both key and array are byteswapped.",12835,1,ViacheslavP,1,2
0baf0ecf3,BUG: Ticket #1660. Fix windows 64 bug so that fromfile works for files > 2GB.,12835,1,ViacheslavP,1,2
f72c60510,ENH: Add minlength keyword to bincount. Patch from ticket #1595.,12835,1,ViacheslavP,1,1
945126079,Apply patch by bsouthey in Ticket #1475 to turn off appropriate tests when ctypes is not installed.  This is of particular importance to STScI since this test is breaking our nightly build/test setup.,12835,1,ViacheslavP,1,1
e2e265248,BUG: Fixes ticket 1693.,12835,1,ViacheslavP,1,2
67ed62e08,BUG: Fix ticket 1679.,12835,1,ViacheslavP,1,2
88feef8f3,ENH: core: Fix up coercion rules for half/float16,12835,1,ViacheslavP,1,1
de4de92be,genfromtxt: Taking more adequate testing values when updating converters: bug #1665,12835,1,ViacheslavP,1,1
fad376ead,Fix bug #1656,12835,1,ViacheslavP,1,1
435c72625,BUG: fix issue with incorrect Fortran arch flags. Closes #1399.,12835,1,ViacheslavP,1,1
12e936a7f,DOC: BUG: fix bug in example of np.spacing. Closes #1659.,12835,1,ViacheslavP,1,1
11ee69474,BUG: core: richcompare must indicate undefined comparison via Py_NotImplemented (fixes #1491),12835,1,ViacheslavP,1,1
a16ee31ea,BUG: core: fix duplicate name problems in dtype.names setting (#1598),12835,1,ViacheslavP,1,1
2be891479,BUG: core: fix uint64 -> Python int cast (fixes #1287),12835,1,ViacheslavP,1,1
394bb8548,BUG: core: fix compilation with Solaris 10 / Sun Studio 12.1 (ticket #1626),12835,1,ViacheslavP,1,2
6716be40b,DOC: explicitly require Sphinx >= 1.0.1,12835,1,ViacheslavP,1,1
14d8e209b,"BUG: core: ensure cfloat and clongdouble scalars have a __complex__ method, so that complex(...) cast works properly (fixes #1617)",12835,1,ViacheslavP,1,1
c970251eb,* fixed the behavior of {{{skip_footer}}} in {{{genfromtxt}}} when some invalid lines are present (bug #1593),12835,1,ViacheslavP,1,1
96afea0b3,* ma.core._print_templates: switched the keys 'short' and 'long' to 'short_std' and 'long_std' respectively (bug #1586) * Fixed incorrect broadcasting in ma.power (bug #1606),12835,1,ViacheslavP,1,1
7213c5d80,* fixed 'flatten_dtype' to support fields w/ titles (bug #1591). Thx to Stefan vdW for the fix. * added a unittest for flatten_dtype,12835,1,ViacheslavP,1,1
b45222e6f,BUG: core: sync Python 3 file handle position in tofile/fromfile (fixes #1610),12835,1,ViacheslavP,1,2
3843e86ee,BUG: core: fix _dotblas usage on Py3 (fixes #1609),12835,1,ViacheslavP,1,1
b74533bae,REL: forward-port change in size of dmg image from 1.5.x branch.,12835,1,ViacheslavP,1,1
bf8f5f49f,BUG: core/buffer: ensure that array_dealloc runs correctly even when PyErr flag is set (fixes #1605),12835,1,ViacheslavP,1,1
2b1f27613,BUG: distutils: use // in a binary search (fixes #1604 on Python 3),12835,1,ViacheslavP,1,2
3c3d4238d,REL: Apply changes to release notes and paver script in 1.5.x branch to trunk.,12835,1,ViacheslavP,1,1
71dfaec05,BUG: Fix bug on Windows in fromfile/tofile. Closes #1583. Thanks to C. Gohkle.,12835,1,ViacheslavP,1,1
50db7ff05,DOC: Complete 1.5.0 release notes.,12835,1,ViacheslavP,1,1
bd5695e05,"DEP: change default behavior of correlate(), old behavior was deprecated in 1.4.0.",12835,1,ViacheslavP,1,1
0a312665e,"BUG: Better format specifier for Py 2.7, 3.2 on win-amd64. Closes #1570.",12835,1,ViacheslavP,1,1
1994e4ae0,BUG: Make mapdomain work for multidimensional arrays as advertized in the documentation. Fixes ticket #1554.,12835,1,ViacheslavP,1,1
4d40dff44,BUG: Fix ticket #1579. Do some cleanups.,12835,1,ViacheslavP,1,1
3ab71ce37,* fixed numpy.ma.extras.flatnotmasked_contiguous (bug #1576),12835,1,ViacheslavP,1,1
c2f9eae4b,TST: fix memmap test error. Closes #1550. Thanks to Christoph Gohlke.,12835,1,ViacheslavP,1,1
9195c440c,DEP: Remove ma.extras functions that were deprecated in 1.4.0.,12835,1,ViacheslavP,1,1
8626a75b3,BUG: core/3K: use bytes.maketrans instead of the deprecated string.maketrans (fixes #1571),12835,1,ViacheslavP,1,1
7232a10cb,BUG: core: fix a missed PyCObject call (#1571),12835,1,ViacheslavP,1,1
869ccb83c,BUG: core/umath: fix powers of complex 0 (#1271),12835,1,ViacheslavP,1,2
d7bf2b58c,BUG: fix numscons build issue introduced in r8541.,12835,1,ViacheslavP,1,1
a761330ef,BUG: core/umath: do not create views unnecessarily in ndarray.__array_prepare__ (fixes #1548),12835,1,ViacheslavP,1,1
88bcac2d3,"BUG: New implementation of base_repr. Fixes #1549, is several times faster and adds tests. Thanks to K. Maglione.",12835,1,ViacheslavP,1,1
fa0842ffa,f2py: fixed issue 1533 (scanning pyf files will report lines that do not match known patterns).,12835,1,ViacheslavP,1,2
22becbbb0,ENH: Several changes to Paver script taken from 1.4.x branch.,12835,1,ViacheslavP,1,1
e65918391,BUG: core: fix argmax and argmin NaN handling to conform with max/min (#1429),12835,1,ViacheslavP,1,1
08683302b,BUG: core: harmonize complex number formatting with Python 2.7 (#1534),12835,1,ViacheslavP,1,1
7d2d320f2,BUG: core: handle sizeof(double) == sizeof(longdouble) in PyArray_CanCastSafely (fixes #1539),12835,1,ViacheslavP,1,1
9b8661797,BUG: lib: fix sinc to handle array-like inputs properly (fixes #1523),12835,1,ViacheslavP,1,1
6d438e6d3,BUG: f2py: replace a string exception with a real one (fixes #1515),12835,1,ViacheslavP,1,1
a26c364b1,BUG: Fix typo. Closes ticket #1496.,12835,1,ViacheslavP,1,1
cb3fb06b9,BUG: Fix failed detection of unsigned integers in _nanop. Fixes ticket #1300.,12835,1,ViacheslavP,1,1
fc7afe0f1,CHG: Use [] instead of 'default' to specify the default domain in Chebyshev.fit and Polynomial.fit. Document the change from numpy 1.4.x.,12835,1,ViacheslavP,1,1
2041434cb,"ENH: 1) Let {poly,cheb}int accept 0 for the number of integrations. 2) Let {poly,cheb}(int,der} accept floating integers for number of integrations or derivations, raise ValueError otherwise. 3) Add tests for same.",12835,1,ViacheslavP,1,1
b022b9c5d,BUG: compat: fix a bug in open_latin1,12835,1,ViacheslavP,1,1
5b4964b39,BUG: core: remove a double-DECREF in _import_umath (fixes #1483),12835,1,ViacheslavP,1,1
010072e61,BUG: linalg: check array byte order before passing it to lapack_lite (fixes #1482),12835,1,ViacheslavP,1,1
427a9632d,"BUG: Make fftshift and ifftshift accept integer arguments for the axes value. The functions now match their documentation. Fixes ticket #1182, patch from rgommers.",12835,1,ViacheslavP,1,1
4864c3d46,BUG: core: fix a datetime test case (fixes #1468),12835,1,ViacheslavP,1,1
75f99ab7d,BUG: lib: make loadtxt work on Py3 when fh returns unicode (fixes #1479),12835,1,ViacheslavP,1,1
8a6767f5a,BUG: core: ensure we have GIL before calling PyOS_string_to_double (fixes #1345),12835,1,ViacheslavP,1,1
b66a200a4,BUG: Make interp handle zero dimensional ndarrays as interpolation points. Add some tests for interp. Fixes ticket #1177. unc_api.txt.tmp,12835,1,ViacheslavP,1,1
30e4150e5,ENH: Add slogdet to the linalg module. The patch is from njs with slogdet substituted for sign_log_det. Closes ticket #1402.,12835,1,ViacheslavP,1,1
632623d6a,BUG: Make polyder return a poly1d for the zeroeth order derivative when the input is a poly1d. Fixes ticket #1249.,12835,1,ViacheslavP,1,1
bc656ee7c,"ENH, BUG: PyCObject will be deprecated in python 2.7. So use the NpyCapsule compatibility functions in npy_3kcompat.h to replace the current calls. This gets rid of a number of version checks and is easier to maintain. Fix bug that was present in the ufunc _loop1d_list_free destructor in the python3k case.",12835,1,ViacheslavP,1,2
1e659b5ab,Fixed .var for arrays with 1 more valid value than ddofs,12835,1,ViacheslavP,1,2
56647963b,Move 1.5.0 release notes to 2.0.0.,12835,1,ViacheslavP,1,1
7a0429a47,BUG: core: fix a reference count bug in umath:InitOtherOperators (cf #1464),12835,1,ViacheslavP,1,1
e0457991e,"BUG: fix reference count bug in set_numeric_ops (fixes #1464, #1462)",12835,1,ViacheslavP,1,1
375542b2d,ENH: Add test for log1p on intel 32 bits for certain small values of p.,12835,1,ViacheslavP,1,1
96985ac39,"ENH: Use standard npy constant definitions in log2, exp2 functions. STY: Some cleanups, fix goto into if statement. BUG: Use proper name for expm1, not exp1m.",12835,1,ViacheslavP,1,1
21178ae32,"ENH: Make npy_log2_1p and npy_exp2_1m use standard functions. This avoids some problems with gcc optimizations on 32 intel systems. In any case, the problem is pushed back to location single functions.",12835,1,ViacheslavP,1,1
86d3b8181,ENH: core: improve the way trailing padding is dealed with in PEP 3118 format strings,12835,1,ViacheslavP,1,1
b5967d007,ENH: core: improve parsing of byte order from PEP 3118 format strings,12835,1,ViacheslavP,1,1
8371b7563,ENH: core: improve PEP 3118 parser's alignment handling,12835,1,ViacheslavP,1,1
204efabe8,BUG: core: fix bugs in PEP 3118 format string parsing,12835,1,ViacheslavP,1,2
ced34d27a,BUG: fix kaiser for M=1.,12835,1,ViacheslavP,1,1
b64659e01,* Fixed merge_arrays for arrays of size 1 (bug #1407) * merge_arrays now accepts sequences of lists/tuples as inputs,12835,1,ViacheslavP,1,2
5325c7bea,BUG: core: fix #1436 by reverting r8144,12835,1,ViacheslavP,1,1
81140fe52,"BUG: lib: fix #1435, np.gradient should use zeros_like",12835,1,ViacheslavP,1,1
3b63fc8d1,* fixed mvoid.__repr__ * fixed mvoid.__str__ for Python 2.4 (bug #1373) * add support to 'fill_value' and 'hardmask' in arange/empty/identity/zeros/ones (#1391) * intercept invalid values in `power` and derived * added empty_like/ones_like/zeros_like to the numpy.ma namespace * Allow indices as masked arrays in numpy.ma.take (#1418) * test_core : temporarily disable warnings when using numpy ufuncs on MaskedArray,12835,1,ViacheslavP,1,2
e9702d79d,"Fix version matcher for cases where version string appears in second line (Intel Visual Compiler, IA-32, Version 11.1)",12835,1,ViacheslavP,1,2
10e5c4c86,ENH: Cleanup numpy and ufunc apis for Python >= 3.1. Make sure that an error is set for all error returns so that PyErr_Print() works properly in the import_umath* and import_array* macros.,12835,1,ViacheslavP,1,1
30dc1beb9,ENH: Try to fix numarray _capi.c for Python >= 3.1. Needs testing that I am not in a position to do.,12835,1,ViacheslavP,1,2
5d6c8bc18,BUG: Replace deprecated PyCObject by PyCapsule for Python >= 3.1.,12835,1,ViacheslavP,1,1
8e50ad6e4,BUG: core: fix PEP 3118 tests to account for variation in native long sizes,12835,1,ViacheslavP,1,2
3c55cff12,ENH: core: better support for native vs. standard sizes and alignments in the PEP 3118 interface,12835,1,ViacheslavP,1,1
c22cecb40,"BUG: core: use C int size specifiers in the PEP 3118 tests, to make things work on 32 and 64 bits platforms",12835,1,ViacheslavP,1,1
3f8f41bb3,3K: ENH: core: support BOOL and VOID better in PEP 3118 buffers,12835,1,ViacheslavP,1,1
866abe53b,"3K: lib: poly1d __div__ -> __truediv__, and fix its doctests",12835,1,ViacheslavP,1,1
051165fb4,DEP: Fix deprecation warnings in Python 3.1. The warnings come from the unittest module. The fix should be good for Python >= 2.4 and used the following sed script:,12835,1,ViacheslavP,1,2
11b80e7bd,3K: BUG: work around bugs in Python 3.1.1 2to3 by not using fixes_reduce,12835,1,ViacheslavP,1,2
33d45c3ce,"3K: doc: note in Py3K porting log that intp('0xff', 16) does not work any more",12835,1,ViacheslavP,1,1
ee96684c9,BUG: core: make sure PyArray_FromAny respects wanted type and flags also for PEP 3118 objects,12835,1,ViacheslavP,1,1
f553be91f,"ENH: implement PEP 3118 buffer consumer on Py2.6, adding a simple Memoryview object",12835,1,ViacheslavP,1,1
ff91dbef6,3K: BUG: do not convert Bytes/Unicode via PEP 3118 buffers -- use 'S/U#' instead,12835,1,ViacheslavP,1,1
43e97ba1e,BUG: core: prefer byte strings over PEP 3118 buffers when determining array type in _array_find_type,12835,1,ViacheslavP,1,1
69ba79ac1,ENH: core: implement support for PEP 3118 buffer objects in asarray() and array(),12835,1,ViacheslavP,1,1
a59bbf7a8,ENH: core: add some support routines needed for consuming PEP 3118 buffers,12835,1,ViacheslavP,1,1
efc06019c,ENH: add some tests for PEP 3118 buffer interface,12835,1,ViacheslavP,1,1
3577b8342,ENH: core: require PEP 3118 buffer contiguity only with ND and not STRIDES,12835,1,ViacheslavP,1,1
4a59b9f51,ENH: core: cleanups in PEP 3118 provider,12835,1,ViacheslavP,1,1
e6ee75497,ENH: core: support sub-arrays in PEP 3118 buffers,12835,1,ViacheslavP,1,1
f0fb31328,ENH: rewrite PEP 3118 interface without adding items to structs,12835,1,ViacheslavP,1,1
06fad7871,"3K: BUG: bytes as dtype should map to 1-byte strings, not long",12835,1,ViacheslavP,1,1
29efc30b7,Fix #1367 (round 2),12835,1,ViacheslavP,1,2
f45d58028,Fix #1367,12835,1,ViacheslavP,1,1
18c907f73,BUG: Apply patch to fix ticket #1326.,12835,1,ViacheslavP,1,1
7c0908e9b,Update trunk version to 2.0 and fix descriptor pickle code so that it produces 1.3-compatible pickle unless it cannot.,12835,1,ViacheslavP,1,2
49c5dc14a,"BUG: Fix #1376, indentation problem.",12835,1,ViacheslavP,1,1
fd4618b62,BUG: Fix #1379 by applying supplied patch.,12835,1,ViacheslavP,1,1
58b5fb943,BUG: Fix #1388. Return NULL after setting error.   Also simplify ctypeslib prep_simple function.,12835,1,ViacheslavP,1,1
1473800ae,BUG: fix #1387. Raise ValueError for empty input to bincount.,12835,1,ViacheslavP,1,1
41ba07406,BUG: fix performance issue (#1308).,12835,1,ViacheslavP,1,1
786f77556,Apply ifort.patch from ticket #1372 to allow Intel Fortran Compiler 11.1 to be called by numpy.distutils.,12835,1,ViacheslavP,1,1
84b0dfd87,BUG: Fix ticket #1336 again. Merge for r8072 introduced a regression.,12835,1,ViacheslavP,1,1
d61aaf74d,Fix VOID_compare to handle the case of byteswapped data.  Fixes Ticket #1366.,12835,1,ViacheslavP,1,1
2bdd7494b,Fix bus error resulting from inlined gcc memcpy alignment assumptions. Fixes ticket #1336.,12835,1,ViacheslavP,1,1
bf8608cba,ariver: 2010-01-14 18:41:12,12835,1,ViacheslavP,1,1
5efba97f7,* fix methods using axis when the mask is nomask (from 1.4.x r8041),12835,1,ViacheslavP,1,2
e700c55fa,"STY: Indentation, break lines, replace 1 by METH_VARARGS, whitespace.",12835,1,ViacheslavP,1,1
f0846959e,BUG: Minimal fix for ticket #1339.,12835,1,ViacheslavP,1,1
f8f753b33,"* Force _fill_value to a 0d array (so that field values can be propagated, bug #1332) * Make .fill_value return a scalar (int, float, void...) and not a 0d array",12835,1,ViacheslavP,1,2
2e28be893,* fix .tolist() for mvoid objects (bug #1330),12835,1,ViacheslavP,1,1
b5e472ec5,BUG: #1329: fix spacing for large values.,12835,1,ViacheslavP,1,1
bfdb22a13,BUG: fix #1273: npy-pkg-info files did not work for eggs.,12835,1,ViacheslavP,1,1
8d24b14a7,"BUG: fix 1087, thanks to Leek for the fix.",12835,1,ViacheslavP,1,2
f253ac2ab,"BUG: fix #1317, uncaught SIGFPE when doing MIN_INT32 / -1.",12835,1,ViacheslavP,1,1
801f2b2ee,BUG: Fix bugs in complex pow (fixes #1313),12835,1,ViacheslavP,1,1
9fef44316,* Bugfix #1173 and #1174 (Michael D.),12835,1,ViacheslavP,1,1
816035e88,core: Implement the PEP 3118 buffer protocol (exporter part),12835,1,ViacheslavP,1,1
914c498ab,"Fix #1175 by only returning NotImplemented in the special case of a 2-input and 1-output ufunc.  Otherwise, a NotImplemented error is raised.",12835,1,ViacheslavP,1,2
e2fbec1c1,DOC: point out the documention for neighborhood iterator in the 1.4.0 release notes.,12835,1,ViacheslavP,1,1
667e61189,"BUG: icc 11 requires complex double, complex alone is not enough to define a C99 complex number.",12835,1,ViacheslavP,1,1
c355e7162,BUG: Fix #1254 which allowed duplicate name and title entries.,12835,1,ViacheslavP,1,1
85995f94d,Port the fix of the memory-leak reported in #1222 to the trunk.,12835,1,ViacheslavP,1,1
b8ceb06a0,Fix code_generator for python 3 -> python2.4 and python 3.1 build_src both run and produce same .c code .,12835,1,ViacheslavP,1,2
fd0866ffc,Fix Ticket #1108 by initializing correctly the block of data corresponding to the identity for the ufunc used during reduceat with a buffer.,12835,1,ViacheslavP,1,1
b3f63a20c,Port the fix for #1299 to the trunk and change trunk version to 1.5,12835,1,ViacheslavP,1,2
a783074b6,TST: add a regression test for #1081 (not fixed yet).,12835,1,ViacheslavP,1,1
2d4edf255,BUG: (#1078): fix segfault when creating arrays with a sequence which contains 0d array.,12835,1,ViacheslavP,1,2
35a5f800c,ENH: add version 4 checksum of the C API (numpy 1.4.0).,12835,1,ViacheslavP,1,1
d6997779c,"BUG: use %g format in assert_array_*_nulp (fix #1297, thanks to Neil Muller)",12835,1,ViacheslavP,1,1
66313a336,"#1201, #1202, #1203: Fix arctan2 regression failures on Solaris by using the in-built atan2 implementation on that platform",12835,1,ViacheslavP,1,1
3122ee546,"BUG: setuptools does not run install_clib automatically -- run it manually in install_data, if setuptools is present (fix #1194)",12835,1,ViacheslavP,1,1
5aa2bb4fe,* fixed rec.fromrecords for an explicit dtype with an object field (bug #1283),12835,1,ViacheslavP,1,1
3d36bf277,Disable 7712 patch.,12835,1,ViacheslavP,1,1
5b3f51c5f,BUG: ppc on darwin has long double aligned on 16 bytes - adjust IEEEl2bits accordingly.,12835,1,ViacheslavP,1,1
faea0c882,"Allow only axis=0 and axis=None for 0-d arrays, and disallow axis>MAX_DIMS (addresses #1286)",12835,1,ViacheslavP,1,1
a5ebfbbea,BUG Fix ticket #1285. Problem located by cgranade.,12835,1,ViacheslavP,1,1
6a665e063,Add highlights for 1.4.0 release notes.,12835,1,ViacheslavP,1,1
c0479b232,Apply fix for sun compilation from beffa. Closes ticket #1248.,12835,1,ViacheslavP,1,1
1a8afce8a,Fix #1276 - comparing string and unicode arrays broken,12835,1,ViacheslavP,1,1
11de890bd,Introduced intent(align4|align8|align16) attributes. Fixes scipy ticket 794 after using intent(align8) in the corresponding scipy pyf files.,12835,1,ViacheslavP,1,2
c660ae4b3,Complete fix to ticket #1229.,12835,1,ViacheslavP,1,1
4c297e118,Fix bug in regression test for #1259,12835,1,ViacheslavP,1,1
10bc90404,Apply patch from mdroe to fix ticket #1267. Reformat multiline comments in patch to conform to coding style.,12835,1,ViacheslavP,1,1
49cd4ec72,#1256: Forgot rest of patch to support Unicode elements in masked arrays.,12835,1,ViacheslavP,1,1
bbe934c2c,Fix #1256: repr of masked array crashes with Unicode elements,12835,1,ViacheslavP,1,1
29f9857bc,Fix #1198: Copying objects where the stride between them is not a multiple of sizeof(PyObject*) fails.,12835,1,ViacheslavP,1,1
7deb4d5db,"Many improvements to chararray.  Fixes Trac bugs 1199, 856, 855, 1231, 1235, 1240, 1241.  docstrings, full unit-test coverage, C-based vectorized string operations.",12835,1,ViacheslavP,1,2
80851e34d,* _iotools.StringConverter   - prevents an explicit default to be overwritten during upgrade * io.genfromtxt   - deprecate `skiprows` for `skip_header`   - deprecate `missing` for `missing_values`   - `missing_values` can now be a sequence   - add support for `filling_values` * fixed ticket #1257,12835,1,ViacheslavP,1,1
1521f6689,"Docstring updates, part 1",12835,1,ViacheslavP,1,1
68e62cc96,Fix ticket #1243. Patch from gnutino.,12835,1,ViacheslavP,1,1
6db651b51,Update system_info.py for new files in Lapack 3.2.1.,12835,1,ViacheslavP,1,1
07b03471e,Apply patch from cmattoon to change '/' to '//'. Closes ticket #1230.,12835,1,ViacheslavP,1,1
af37d0f81,Apply patch from Luca Citi to Speed up some reduce ufuncs. Closes ticket #1237.,12835,1,ViacheslavP,1,1
65d6067ed,Apply Luca's fixes for ticket #1229.,12835,1,ViacheslavP,1,1
eba88392c,BUG: fix #1194.,12835,1,ViacheslavP,1,1
dbd30d1c3,Style cleanups. 1) Remove hard tabs. 2) Remove trailing white space. 3) Reformat comments 4) Move datetime code.,12835,1,ViacheslavP,1,1
d00fe700a,Require numscons 0.11 or above.,12835,1,ViacheslavP,1,1
019b485b1,"Fix for ticket #1217, crash in lexsort.",12835,1,ViacheslavP,1,1
bbe188eeb,* Bugfix for ticket #1207,12835,1,ViacheslavP,1,1
1df22350f,"Fix #1168: fix functionality broken in r7132, and make get_package_path more robust",12835,1,ViacheslavP,1,1
ae6aa8d4d,add comment about __array_prepare__ to 1.4 release notes,12835,1,ViacheslavP,1,1
5c5d5d235,Add patch in ticket #1138 which fixes mirr function to be the same as Excel and OO Calc.,12835,1,ViacheslavP,1,1
6f1ad4ceb,"Python 2.6 include defines HAVE_COPYSIGN on fedora 11,so add it to the list of possible conflicts. Maybe we should be prepending a NPY_ to our defines?",12835,1,ViacheslavP,1,1
da19f3edc,Fixed compatibility issue of histogram with matplotlib 0.91.2,12835,1,ViacheslavP,1,2
0a786652b,* fixed np.ma.average on integersw/ mask (bug #1188),12835,1,ViacheslavP,1,1
d0bba527f,* fixed _from_methods to run on ndarrays (bug #1187),12835,1,ViacheslavP,1,1
6951bcd1d,Clarify logic for nan comparisons. Some coding style cleanups in arraytypes.c.src. Add documentation to release notes for 1.4.0. Add documentation of sort order to the sort docstring.,12835,1,ViacheslavP,1,1
a0945f69e,"f2py: fix a bug evaluating parameters with kind function: kind(1.0), kind(1.0d) must be 4, 8, respectively.",12835,1,ViacheslavP,1,2
8ccbd460d,Add some notes to the 1.4 release document.,12835,1,ViacheslavP,1,1
8786936d6,Require 0.10.2 version of numscons - needed for installed C libraries.,12835,1,ViacheslavP,1,1
124c2aed2,Minver for numscons is now 0.10.1.,12835,1,ViacheslavP,1,1
759e989ed,Add versionadded 1.4.0 for deprecated decorator.,12835,1,ViacheslavP,1,1
ed12fceb7,"Start implementing padding modes for neighborhood iterator: 0, 1 and constant padding implemented.",12835,1,ViacheslavP,1,1
1319b2ca9,"Fix to setdiff1d (and masked version) + tests (#1133, by N.C.)",12835,1,ViacheslavP,1,1
e84fbd6fa,"Add parisc and alpha to supported cpus. Patch from armin76, fixes ticket #1178.",12835,1,ViacheslavP,1,1
a44e1438c,core : fixed MaskedArray.__array_finalize__ when the mask is full of False (bugfix #1166) extras : introduced clump_masked and clump_unmasked,12835,1,ViacheslavP,1,1
4beb657e5,Update the release notes for 1.4.0.,12835,1,ViacheslavP,1,1
ec034e7fc,Fixed #1168: more robust NoseTester package name detection (patch by Gaël Varoquaux),12835,1,ViacheslavP,1,1
656cca10f,Fixed #1162: make matrix_power accept lists etc. as input,12835,1,ViacheslavP,1,1
48ba48254,"Use 1 instead of 1.0, hopefully compiler will convert to correct float type.",12835,1,ViacheslavP,1,1
b36a2c132,"Oops, branches reversed in fix for ticket #1159. Do it right.",12835,1,ViacheslavP,1,1
b2c38b0c7,Make complex division more robust against over/under flow. Fixes ticket #1159.,12835,1,ViacheslavP,1,1
144d79010,Fix versioning and inclusion to ref. guide in docs for #1132,12835,1,ViacheslavP,1,1
251e1db72,Start release notes for 1.4.0.,12835,1,ViacheslavP,1,1
9f69bfcd1,Add sqrt(2) and 1/sqrt(2) math constants in npymath.,12835,1,ViacheslavP,1,1
8e96f6afa,BUG: Fix NPY_* macros for endianness (#1154).,12835,1,ViacheslavP,1,1
dfd3b749c,* Bugfix #1129. Thanks to Reggie.,12835,1,ViacheslavP,1,1
7371ce16b,"Fix ticket #1152. When fewer than count elements are read in fromfile, return an array containing all that were read even if the resulting array is empty. No warning message is printed to stderr in this case.",12835,1,ViacheslavP,1,1
cace0d7a0,docs: document that neighbourhood iterator was added in 1.4.0,12835,1,ViacheslavP,1,1
6cfb1c6c4,Fixed #1140: avoid div-by-zero in iter_coords_get for size=0 arrays,12835,1,ViacheslavP,1,1
f01cc9558,Fixed #1096: make logaddexp handle infs properly,12835,1,ViacheslavP,1,1
910d3db2d,commit 2e402e05f64912a3568a3e6351f1ffcf3fae601a Author: Robert Kern <robert.kern@gmail.com> Date:   Mon Jun 8 11:36:20 2009 -0500,12835,1,ViacheslavP,1,1
8e1b5cfee,BUG#1134: Fix handling of depends arg when not given in add_library.,12835,1,ViacheslavP,1,1
4cbf4a606,"Fix ticket #1122, out of place declaration.",12835,1,ViacheslavP,1,1
44d92ec44,BUG #1100: fix svn version detection for localized environments.,12835,1,ViacheslavP,1,1
ec904b0ff,Fix ticket #1106.,12835,1,ViacheslavP,1,1
174ac9879,Fix ticket #1115. I'll add some tests later.,12835,1,ViacheslavP,1,1
87f11ed52,"Bug: fix #1111, forgot to consider PPC64 architecture in endian definition.",12835,1,ViacheslavP,1,1
2506c5cd7,"Fix ticket #1109. Remove the only remaining use of a string exception from the multiarray module. The string is still in the module dictionary so the  ABI doesn't change, but none of the c code uses it. Any code that *expects* a string exception will break, but I regard this as fixing a bug instead of an addition. There were no other string exceptions used by the code in numpy/core/src.",12835,1,ViacheslavP,1,1
0d5e8c8e9,Fix formatting of complex coefficients in poly1d,12835,1,ViacheslavP,1,1
1a613e1c4,Fixed #1095: make polyint work well with object arrays,12835,1,ViacheslavP,1,1
5e0e9559b,Fix ticket #1053. Basically the patch from Sturla Molden.,12835,1,ViacheslavP,1,1
97ffd1eb5,Fix ticket #1080 and add regression test. Do some small cleanup in the process.,12835,1,ViacheslavP,1,1
9fed0f5ce,Depend on sphinx 0.6.1 now for building numpy doc.,12835,1,ViacheslavP,1,1
a4c5e55aa,Fixed #1039: ignore sort order properly in find_duplicates test,12835,1,ViacheslavP,1,1
f29ca7fe5,BUG: Fix goftran universal flags settings (#1067).,12835,1,ViacheslavP,1,1
94b57c787,Fix ticket #1058. Thanks to Russel.,12835,1,ViacheslavP,1,1
a122b90e7,Re #1008: add terms to Horner series for long doubles. Fix issues in test.,12835,1,ViacheslavP,1,1
0f2fcb24e,Fix regression test for #1062.,12835,1,ViacheslavP,1,1
8640579ac,BUG: Fix #1061.,12835,1,ViacheslavP,1,1
8364447b9,Mention the trunc ufunc as new in 1.3 and note this in its docstring.,12835,1,ViacheslavP,1,1
0be90727d,docs: document some of the API additions in Numpy 1.3.0,12835,1,ViacheslavP,1,1
d854e19f4,Update version number for trunk to 1.4.0.,12835,1,ViacheslavP,1,1
b4c233887,Update release notes for 1.3.0,12835,1,ViacheslavP,1,1
a1e2f9b5a,Fix tickets #921 and #923. Add regression tests.,12835,1,ViacheslavP,1,1
7382496a9,Fix ticket #1048.,12835,1,ViacheslavP,1,1
d771e4ee2,"Fixed #836: ensure z**3 = z*z*z, z**2 == z*z and z**1 == z for complex pow+inf.",12835,1,ViacheslavP,1,1
919f27938,Apply patch from ticket #1040 fixing some 64 bit issues. Thanks to jmiller.,12835,1,ViacheslavP,1,2
bb4c141e3,doc: make the endorsement of PEP 3118 over the old array interface more strongly worder,12835,1,ViacheslavP,1,1
04cc3cd0a,Update the releases notes for 1.3.0,12835,1,ViacheslavP,1,1
d842f52d1,"Revert r6528 (crashes on windows). I think the bug is only hidden for now, and there may be a leak somewhere in PyArray_PutMask function; should investigate for 1.3.0.",12835,1,ViacheslavP,1,2
db0301af7,Update release notes for 1.3.0.,12835,1,ViacheslavP,1,1
6b594561e,Mention nan handling in max and co for 1.3.0. in the releases notes.,12835,1,ViacheslavP,1,1
4644a299b,"Fixed #1008: loss of precision issues in arcsin, arcsinh, arctan, arctanh",12835,1,ViacheslavP,1,1
069fcb4a7,Update releases notes for 1.3.0.,12835,1,ViacheslavP,1,1
910810b02,Merged revisions 6461 via svnmerge from http://svn.scipy.org/svn/numpy/trunk,12835,1,ViacheslavP,1,1
87dea6495,Merged revisions 6451 via svnmerge from http://svn.scipy.org/svn/numpy/trunk,12835,1,ViacheslavP,1,1
919eef58a,"Merged revisions 6398-6400,6410,6421-6424,6426-6428,6431,6433,6441-6442 via svnmerge from http://svn.scipy.org/svn/numpy/trunk",12835,1,ViacheslavP,1,1
b4d0366ab,"Merged revisions 6153-6173,6176-6178,6184 via svnmerge from http://svn.scipy.org/svn/numpy/branches/numpy-mingw-w64",12835,1,ViacheslavP,1,1
16287f854,"Remove terminating "";"" from macro to fix ticket #918.",12835,1,ViacheslavP,1,1
da364a18e,"Merged revisions 6185-6187,6191-6221,6235-6238,6240-6241,6244,6250-6251,6253,6256,6258,6260-6261,6263,6265-6266,6268,6271,6283-6286,6291-6316,6320-6352,6354,6356,6358-6368,6370-6373,6398-6400,6410,6421-6424 via svnmerge from http://svn.scipy.org/svn/numpy/trunk",12835,1,ViacheslavP,1,1
fb4035fa2,"Merged revisions 6191-6221,6235-6238,6240-6241,6244,6250-6251,6253,6256,6258,6260-6261,6263,6265-6266,6268,6271,6283-6286,6291-6316,6320-6352,6354,6356,6358-6368 via svnmerge from http://svn.scipy.org/svn/numpy/trunk",12835,1,ViacheslavP,1,1
9efaa09ba,"Make `trapz` accept 1-D `x` parameter for n-d `y`, even if axis != -1.",12835,1,ViacheslavP,1,1
a5ca79d91,Fix test_print.py function _test_locale_independance() since str(1.2) does not use the LC_NUMERIC locale to convert numbers.  Fix from Mark Sienkiewicz.,12835,1,ViacheslavP,1,1
c5137ea1a,* Bugfix #961,12835,1,ViacheslavP,1,1
f838125f9,add default include dir for Fedora/Red Hat (see SciPy ticket 817),12835,1,ViacheslavP,1,1
1bb5bb552,Fix #951: make tests to clean temp files properly,12835,1,ViacheslavP,1,1
d7b5be199,Merged revisions 6271 via svnmerge from http://svn.scipy.org/svn/numpy/trunk,12835,1,ViacheslavP,1,1
293267211,Merged revisions 6260-6261 via svnmerge from http://svn.scipy.org/svn/numpy/trunk,12835,1,ViacheslavP,1,1
35e9bb436,Merged revisions 6251 via svnmerge from http://svn.scipy.org/svn/numpy/trunk,12835,1,ViacheslavP,1,1
090bb80eb,"Handle 1e10 specially, as it is the limit where exp notation is shorter than decimal for single precision, but not for double (python native one).",12835,1,ViacheslavP,1,1
b85b457d4,Merged revisions 6240-6241 via svnmerge from http://svn.scipy.org/svn/numpy/trunk,12835,1,ViacheslavP,1,1
3f82799ae,Update to handle numscons 0.10.0 and above.,12835,1,ViacheslavP,1,1
ed916ff07,"Fix issue 964: f2py python 2.6, 2.6.1 support.",12835,1,ViacheslavP,1,2
31c520d78,Use msvcrt values if available for manifest generation: only there starting from python 2.6.1.,12835,1,ViacheslavP,1,1
d10d56313,"Merged revisions 6108,6110,6112-6127,6129-6134,6136-6138,6140-6149,6174-6175,6179-6182,6185-6187 via svnmerge from http://svn.scipy.org/svn/numpy/trunk",12835,1,ViacheslavP,1,1
44c808f02,"Merged revisions 6174-6175,6179-6182 via svnmerge from http://svn.scipy.org/svn/numpy/trunk",12835,1,ViacheslavP,1,1
52a781dd1,add release notes for 1.3,12835,1,ViacheslavP,1,1
d1cc65d82,* added ddof to np.matrix.var (bug fix #861),12835,1,ViacheslavP,1,1
3a1ffccba,* Prevent the shape of a 1d-singleton to be lost when interacting with masked (bug fix #948),12835,1,ViacheslavP,1,2
2a569c4d9,Do not use mingw workaround for msvc runtime 7.1.,12835,1,ViacheslavP,1,1
7b954c549,Merged revisions 6041-6077 via svnmerge from http://svn.scipy.org/svn/numpy/branches/visualstudio_manifest,12835,1,ViacheslavP,1,1
5a722a6ef,Merged revisions 6071-6076 via svnmerge from http://svn.scipy.org/svn/numpy/trunk,12835,1,ViacheslavP,1,1
85887fb88,Merged revisions 6051-6070 via svnmerge from http://svn.scipy.org/svn/numpy/trunk,12835,1,ViacheslavP,1,1
08ad9d1c0,"Follow up on changes to histogram: new=False now raises a DeprecationWarning, new=True warns users that `new` will disappear in 1.4.",12835,1,ViacheslavP,1,1
7a70f54f5,Import documentation from doc wiki (part 1),12835,1,ViacheslavP,1,1
03287a66b,Merged revisions 5737-5912 via svnmerge from http://svn.scipy.org/svn/numpy/branches/clean_math_config,12835,1,ViacheslavP,1,1
50d1e8edc,Merged revisions 5882-5911 via svnmerge from http://svn.scipy.org/svn/numpy/trunk,12835,1,ViacheslavP,1,1
9ae2bfa7b,Merged revisions 5861-5881 via svnmerge from http://svn.scipy.org/svn/numpy/trunk,12835,1,ViacheslavP,1,1
99c765d3b,Merged revisions 5812-5843 via svnmerge from http://svn.scipy.org/svn/numpy/trunk,12835,1,ViacheslavP,1,1
0c4ca0c46,median : fixed a bug in _median1D (there shouldn't have been an axis),12835,1,ViacheslavP,1,1
0282bcdf7,Merged revisions 5762-5811 via svnmerge from http://svn.scipy.org/svn/numpy/trunk,12835,1,ViacheslavP,1,1
7f5cf3163,Merged revisions 5738-5761 via svnmerge from http://svn.scipy.org/svn/numpy/trunk,12835,1,ViacheslavP,1,1
fb6fcca41,trunk is open for 1.3 development,12835,1,ViacheslavP,1,1
87d85a0db,Fix regression test #771 on 64 bits architecture.,12835,1,ViacheslavP,1,2
ec588c789,Fix regression test for #771.,12835,1,ViacheslavP,1,1
a51e8e3a8,BUG: Fix to ticket #816: calling object_() Segfaults.,12835,1,ViacheslavP,1,1
8b54222db,Unique1d will now return unique as well as reverse indices.  Fix order of returns [patch by Robert Cimrman].,12835,1,ViacheslavP,1,1
086afd5bf,"Disable memmap test on windows because it crashes the testsuite. This has to be fixed before a rc of numpy 1.2.0, though (see#827).",12835,1,ViacheslavP,1,2
363d20930,Depends on numscons >= 0.9.1.,12835,1,ViacheslavP,1,1
e303070d8,Do not use numscons rsplit (python >= 2.4 required for numpy >= 1.2.),12835,1,ViacheslavP,1,1
39e305137,"Move DEPRECATE macro to ndarrayobject.h. Deprecate PyArray_As1D. Remove deprecated functions from fftpack_listmodule.c. There may need to be further fixes on 64 bit platforms, we will see.",12835,1,ViacheslavP,1,2
a4847b1de,Return actual bools instead of 0 or 1.,12835,1,ViacheslavP,1,1
24af452d6,"Fixed line continuation in doctest for setastest. Remove unnecessary ""import re"". Limit doctest execution environment to ""import numpy as np"". Save and restore print options after each doctest (to clean up after some doctests that change them). Enable ellipsis for all doctests. Remove parameter to NumpyDocTestCase constructor that was specific to nose 0.11. Monkeypatch wantFile of doctest plugin to skip Python files related to the build process (scons_support.py and generate_numpy_api.py).",12835,1,ViacheslavP,1,2
b8c5c9c07,"Fix missing return value, closes ticket #813.",12835,1,ViacheslavP,1,1
8c6fc0248,Fix more in ticket #791.,12835,1,ViacheslavP,1,1
222043bf4,added verbose argument to assert_array_equal in assert_equal. Fixes ticket #810.,12835,1,ViacheslavP,1,1
17951f6bd,trunk open for 1.2 development series,12835,1,ViacheslavP,1,1
f5df20ee8,Fix one small error in test(all=1).,12835,1,ViacheslavP,1,1
e94a1294a,Use pyrexc to compile mtrand.pyx for 1.1.,12835,1,ViacheslavP,1,1
4856e097f,"Fix accidentally replaced (r5190, r5193) alltrue code. Diff shows that fromnumeric.py has only docstrings changes from r5189 now.",12835,1,ViacheslavP,1,1
10d7e0872,Put one example for mkl 10.0 in site.cfg.example.,12835,1,ViacheslavP,1,1
d7c77aae2,"extras  : dropped the m prefix in mediff1d, mvander, mpolyfit mrecords: fixed __setitem__ to update the mask if needed.",12835,1,ViacheslavP,1,1
45de460b0,the trunk is still cooking 1.1,12835,1,ViacheslavP,1,1
e3d0fec96,Fix ticket #791.,12835,1,ViacheslavP,1,1
bd089c209,Remove un-needed attribute lookup in 1.2,12835,1,ViacheslavP,1,1
c32a38941," * Make matrices return 1-dimensional array on item selection for 1.2\n * Remove (now un-needed) tolist method from matrices\n * For ticket #551, copy data if start of memory is not aligned on itemsize location in optimized blas wrapper.",12835,1,ViacheslavP,1,1
a561c0dda,trunk open for 1.2 development,12835,1,ViacheslavP,1,1
21a7341b3,"core      : fixed a bug w/ array((0,0))/0. testutils : introduced assert_almost_equal/assert_approx_equal: 			use assert_almost_equal(a,b,decimal) to compare a and b up to decimal places 			use assert_approx_equal(a,b,decimal) to compare a and b up to b*10.**-decimal",12835,1,ViacheslavP,1,1
240d9a223,"Keep singular values and eigenvalues as 1D arrays until the matrix indexing controversy is settled. This will also keep code that uses diag(ev), from breaking.",12835,1,ViacheslavP,1,1
1da799e35,__float__ : raises a TypeError exception for arrays longer than 1 __int__   : raises a TypeError exception for arrays longer than 1,12835,1,ViacheslavP,1,1
8c663313d,ran reindent in preparation for the 1.1 release,12835,1,ViacheslavP,1,1
3b6397f2e,bumping version to 1.1.0 to signify the minor API breakage and numerous new features,12835,1,ViacheslavP,1,1
34e3f4966,Fix issue 715.,12835,1,ViacheslavP,1,2
9b56ad4cb,Fix #581.,12835,1,ViacheslavP,1,1
1b8a67079,added 1D tests for loadtxt and savetxt. Fixed a bug,12835,1,ViacheslavP,1,2
a0cac20e5,Add test for fix to #713.,12835,1,ViacheslavP,1,1
084582bde,Added patch from ticket #610 to allow floats in interp.,12835,1,ViacheslavP,1,1
9b9fcfc21,Add regression test in Ticket #711 which is the fix by pv,12835,1,ViacheslavP,1,1
e26b067d3,Fix ticket #711 by more carefully guarding object array reference counting.,12835,1,ViacheslavP,1,1
344a859f2,"Fix memory leak in _copy_from0d.  Investigated by Matthieu, patched by pv.  Closes #633.",7714,Memory Leak,aboettcher,1,1
51a622241,Fix memory leaks as reported in #562.  Patch by Matthieu Brucher.,7714,Memory Leak,aboettcher,1,1
4482e5fdb,"Clean up of average function. weights now should have the same shape as a, or be 1D with length equal to the shape of a along axis. A number of tests are added.",12835,1,ViacheslavP,1,1
e99ac6619,"Fix arccosh for complex. The previous implementation could take the sqrt of a number on the branch cut of sqrt, leading to roundoff problems. This seems to have come about because the formula was derived using the non principal branch of the sqrt, i.e., it used 1=(-1)*(-1).",12835,1,ViacheslavP,1,2
d76f7cf48,ticket 641 Fix unary ufuncs for clongdouble. Still needs test functions. Needs verification that it fixes the segfault.,12835,1,ViacheslavP,1,2
c33da3d52,Fix pseudo-inverse description.  Closes #631.,12835,1,ViacheslavP,1,1
0ccc03e7e,Re-raise the MemoryError for 0-bytes read even if it is not the right thing... Change in 1.1,12835,1,ViacheslavP,1,1
59a397549,Improve the way ufuncs look up 1d loops for registered data-types.,12835,1,ViacheslavP,1,1
fb3f711f1,Merge revisions 4721:4771 from the trunk,12835,1,ViacheslavP,1,1
74eec4e13,Fix fromstring to match fromfile behavior when parsing integers (base-10 only).  Ticket #650,12835,1,ViacheslavP,1,1
7e33f2e3a,Catch wrong array sizes when the length of an array is 1.,12835,1,ViacheslavP,1,1
9cb2d68f5,"Merged revisions 4612-4617,4628-4631,4638 via svnmerge from http://svn.scipy.org/svn/numpy/branches/cleanconfig_rtm",12835,1,ViacheslavP,1,1
b1729a124,Merged revisions 4612-4630 via svnmerge from http://svn.scipy.org/svn/numpy/trunk,12835,1,ViacheslavP,1,1
6509e216a,fixed setmember1d for string arrays,12835,1,ViacheslavP,1,1
ffd9adc11,The PIC flag changed in the 10 version of the Intel Fortran compiler.,12835,1,ViacheslavP,1,1
49a0503e4,"* Added a new typemap suite, ARGOUTVIEW, which takes a view of a data   buffer and converts it to an output numpy array (1D, 2D and 3D, with   before- and after- dimension specifications.)",12835,1,ViacheslavP,1,1
7254dd7da,Fix indexing with booleans (patch by Achim Gaedke). Closes #614.,12835,1,ViacheslavP,1,1
4ae613d0b,Fix arange output byteorder.  Closes ticket #616.,12835,1,ViacheslavP,1,1
a974a4bc4,This is the development code for the 1.0.5 release,12835,1,ViacheslavP,1,1
86a257e38,Fix memory leak in seterr exposed during str(a).  Fixes #602,7714,Memory Leak,aboettcher,1,1
8f7a0f517,Fix vectorize to work with strings. Fix where 64-bit looks for X11 libraries. Fix comment.,12835,1,ViacheslavP,1,2
b1cc248d1,Fix ticket #572:  memory leak in _insert for 0-d input.,7714,Memory Leak,aboettcher,1,2
42fd3467c,exec_command.py: remove a version check for > Python 2.1,12835,1,ViacheslavP,1,1
8092698a3,* Allow an Intel Fortran 10.0 for 64-bit version string that I've seen in the wild. * Use -fPIC instead of -KPIC for said wild compiler.,12835,1,ViacheslavP,1,1
db593109a,Fixed LAPACK_SRC build for lapack-3.1.1.,12835,1,ViacheslavP,1,1
7ea8b7349,"Import Pyrex.Compiler.Main explicitly since in 0.9.5.1, it does not appear to be imported with a plain 'import Pyrex.Compiler'",12835,1,ViacheslavP,1,1
c7dd6e4bf,NaN and Inf in arrays print always as NaN or Inf (not platform-dependent)  - strings used for NaN and Inf can be set with `set_printoptions`  - `get_printoptions` returns a dict instead of a tuple now  - an array of complex longfloats prints negative imaginary components    correctly (no more 1--2j).  - minor cleanups to use Python 2.3 idioms,12835,1,ViacheslavP,1,1
d11dbc78c,merge from distutils-revamp branch (step 1) - minor cleanups - find_executable returns None when no file found (instead of having to   check with os.path.isfile),12835,1,ViacheslavP,1,1
74057dee7,Fix ticket #501 which caused some array printing problems,12835,1,ViacheslavP,1,1
4eb3bf56a,Fix ticekt #511 and start to handle allclose problems.,12835,1,ViacheslavP,1,1
50894958e,Fix some bugs with isposinf and isneginf as well as with how allclose dealt with infinities.  See ticket #519,12835,1,ViacheslavP,1,1
a10da324f,#513: fix up include of fenv.c in numarray for cygwin,12835,1,ViacheslavP,1,1
8b8f6903e,Workaround Python distutils bug sf 1718574.,12835,1,ViacheslavP,1,2
a34f98bdf,"Add regression tests for tickets 469, 503, 514 and 516.",12835,1,ViacheslavP,1,1
6d8010c46,Fix ticket #514 (and probably others) due to inappropriate fixing of largest string type on common type conversion.,12835,1,ViacheslavP,1,1
9795a2c62,[distutils-revamp branch] Merged revisions 3485-3731 via svnmerge from http://svn.scipy.org/svn/numpy/trunk/numpy/distutils,12835,1,ViacheslavP,1,1
e52ea92ca,Fix pointer size for F90 allocatable arrays on 64-bit platform. Closes ticket #147.,12835,1,ViacheslavP,1,2
836762a5d,"Added more testing of 1D typemaps, specifically error checking; found and fixed bug where INPLACE_ARRAY1 typemaps didn't check number of dimensions",12835,1,ViacheslavP,1,2
a9aab7454,Added first cut at (untested) 3D typemaps; split testSeries.py into test1D.py and test2D.py,12835,1,ViacheslavP,1,1
ad22a1731,Fix #491,12835,1,ViacheslavP,1,1
a1f65e154,Add patch in Ticket #189 for histogramdd.  Fixes bug reported by Ben Granett,12835,1,ViacheslavP,1,1
da06774db,Make sure dot product is not too large for dimensions array in PyArray_MatrixProduct.  Fixes ticket #418,12835,1,ViacheslavP,1,1
cf82afda4,Speed up indicies significantly (about 10x).,12835,1,ViacheslavP,1,1
e3a18285c,Fix matrix-scalar multiplication. Add test for case Matrix*1d-vector,12835,1,ViacheslavP,1,1
7a2733cb4,Fix matrix multiply to return error when has is a 1-D vector. Fixes ticket #473,12835,1,ViacheslavP,1,2
8175ff79e,More fixes related to #471,12835,1,ViacheslavP,1,1
701663965,Fix ticket #471,12835,1,ViacheslavP,1,1
a3aacd3cb,Fixing xlf compiler for AIX with 9.x and 10.x version support (needs testing and checking that xlf 8.x compilers are still detected),12835,1,ViacheslavP,1,1
2ba9faa99,Fix ticket #439 --- poly1d objects can now be pickled because an AttributeError is raised instead of the old KeyError when __getstate__ is accessed.,12835,1,ViacheslavP,1,1
d84df7beb,deprecate the use of ScipyTest and ScipyTestCase. fixes #421,12835,1,ViacheslavP,1,1
16a1d42ad,"Fix segfault in N.float64, ticket #412.",12835,1,ViacheslavP,1,1
0ab9ae36e,"* Fix #410 by using the stable mergesort instead of the unstable default sort in setmember1d(). * Add some more information to the function docstrings. * Reduced the ""See also"" sections of the docstrings to point to the module instead of the full list of functions (some of which were not entirely relevant).",12835,1,ViacheslavP,1,1
d3527fa26,Trunk is 1.0.2,12835,1,ViacheslavP,1,1
91e3f408b,Allow 1-element arrays to be index arrays in Python 2.5,12835,1,ViacheslavP,1,1
5898c2c44,Fix arr.flat[ind] = obj  when ind is 1-element and obj is a 1-element sequence.,12835,1,ViacheslavP,1,2
df18ca848,Fix #369: windows returning invalid results for M=1,12835,1,ViacheslavP,1,1
24b485da9,Fix optimization so that array's of 1-element are not interpeted as integers.,12835,1,ViacheslavP,1,2
3347ff8d5,Add warning for ctypes < 1.0.1 and fix test and add C_CONTIGUOUS and F_CONTIGUOUS to multiarray._flagdict,12835,1,ViacheslavP,1,2
0397a0569,"F2PY G3: fixed bugs (ticket 361), impl expression parser.",12835,1,ViacheslavP,1,2
0bcccc6d1,"Add ability to select specific 1-d loop to use when calling a ufunc, either by the output type or an exact signature.  An error occurs if a 1-d loop is not found to match the specification.",12835,1,ViacheslavP,1,1
405115b37,Fix reshape for FORTRAN order from 1-d arrays.,12835,1,ViacheslavP,1,2
10f282702,Fix mgrid for count of 1,12835,1,ViacheslavP,1,2
bee754594,Fix ticket #341: part with 'c' arrays not being comparable to strings.,12835,1,ViacheslavP,1,1
d8459ee04,Fix ticket #319.  There may still be a problem in casting from one data-type with nested fields to another.,12835,1,ViacheslavP,1,1
99fab64c9,Fix #317 typo.,12835,1,ViacheslavP,1,1
31016a0de,Fix issue #313.  Also make sure shape attribute of dtype object always returns a tuple.,12835,1,ViacheslavP,1,1
6d9195dfd,Fix for #291,12835,1,ViacheslavP,1,1
3e47b2420,Fix problem with alter_code1.py,12835,1,ViacheslavP,1,1
b1d84f913,Next numpy release should be 1.0,12835,1,ViacheslavP,1,1
7a8ebd261,Remove sorted from unique1d.  Add testall to test if level > 10.  Remove compiler warning.,12835,1,ViacheslavP,1,1
06db31eac,Fix unique1d for empty sets. Closes r208.,12835,1,ViacheslavP,1,1
371f8c6a1,Add ediff1d support for empty arrays. Fix ediff1d for to_begin or to_end = 0. Allow insert to operate on empty arrays.,12835,1,ViacheslavP,1,2
8b6db6e88,Fix ticket #188 by returning the name of the dtype objects for data-type objects without fields or sub-arrays that are in correct byte-order,12835,1,ViacheslavP,1,1
843327063,Fix subversion number getting for 1.4 clients.  Also works for pre 1.4 clients.,12835,1,ViacheslavP,1,2
2259299c8,Fix problem with .item(n) for 1-d case.,12835,1,ViacheslavP,1,2
d6ce2d7dc,Fix up r_ so you can specify the minimum number of dimensions to force arrays to and allow alteration of the concatenation axis and whether or not to transpose 1d arrays,12835,1,ViacheslavP,1,2
9109c6af6,Fix #198,12835,1,ViacheslavP,1,1
61c3159dc,Fix memory leak in corner case of lexsort.,7714,Memory Leak,aboettcher,1,1
9ae4fd025,Fix ticket #271 and turn default printing of warnings off,12835,1,ViacheslavP,1,1
064c8eb43,Finish moving comments from arraymethods to add_newdocs. Replace hardcoded 1 by METH_VARARGS in arraymethods.,12835,1,ViacheslavP,1,1
0f23250d0,Merge changes mistakenly added to 1.0b4 tag to the main trunk,12835,1,ViacheslavP,1,1
eb334fc47,Move complex multiply and divide from the generic interface to the specific interface --- saves about 10% speed increase.,12835,1,ViacheslavP,1,1
d73e71e41,Make trunk 1.0b4.dev release,12835,1,ViacheslavP,1,1
779dc154b,Update version to 1.0b3,12835,1,ViacheslavP,1,1
b83179e80,Fix ticket #218,12835,1,ViacheslavP,1,1
7d50c6308,Fix ticket #216.  Also fix uses of DATA_RENEW so that object arrays will raise an error instead of possibly memory-leak when reference counts aren't freed.  Fix uses of longlong to Py_ssize_t and apppropriate FORMAT string.,12835,1,ViacheslavP,1,1
3b49529e9,Fix bugs in gnu and vast fcompilers (should fix #214),12835,1,ViacheslavP,1,1
d48ab365b,[distutils-revamp] Merged revisions 2758-2921 via svnmerge from http://svn.scipy.org/svn/numpy/trunk/numpy/distutils,12835,1,ViacheslavP,1,1
39bd37d9e,"numpy.lib.machar: replace 'while 1' loops with 'for _ in max_iter' If there are bugs in the scalar objects, the 'while 1' loops can potentially run forever, so we make sure they only go at most 1000 times.",12835,1,ViacheslavP,1,2
b8783285f,Fix #114: Problems with building with MSVC and GCC under Cygwin,12835,1,ViacheslavP,1,1
471419fc4,Remove clash of string module and string numpy object by renaming string scalar object to string_.  Fix up tickets #210 and #211,12835,1,ViacheslavP,1,1
ec6d06292,Make version number 0.9.9 until 1.0 comes out,12835,1,ViacheslavP,1,1
fd96933a5,Update to use pyrex 0.9.4.1,12835,1,ViacheslavP,1,1
f44b6859c,merge from ver1.0 (r2896): fix for #207,12835,1,ViacheslavP,1,1
e0cf775be,Merge fix from trunk r2894 for longdouble failing on OS X (ticket #183).,12835,1,ViacheslavP,1,1
598e6ff52,"Fix for longdouble not working on OS X with gcc 4 (#183). Replace the _SOFFSET_ macro (which got the address of the obval member by casting to a PyScalarObject) with a function scalar_value, which checks the type_num. This allows Py*ScalarObject's to have different binary layout than PyScalarObject (PyLongDoubleObject had its obval at a different place due to alignment issues).",12835,1,ViacheslavP,1,2
dcad2cefe,Change trunk to version 1.1,12835,1,ViacheslavP,1,1
3e0ef32d7,Change version to 01000000,12835,1,ViacheslavP,1,1
83d1d47bb,Change c-api to 1.0,12835,1,ViacheslavP,1,1
3faacbbc2,Fix memory leak and Fix segfault on Python2.3 by disabling threading.,7714,Memory Leak,aboettcher,1,1
edb79679e,Fix up segfault problem in #196,12835,1,ViacheslavP,1,1
7b68d6bf9,Add explicit imports patch in #193,12835,1,ViacheslavP,1,1
999b6cd79,Fix ticket #192,12835,1,ViacheslavP,1,1
508316668,Apply patch for unique from #154,12835,1,ViacheslavP,1,1
eefce918a,Fix ticket #175,12835,1,ViacheslavP,1,1
958601cb5,Fix ticket #178 which was an error whenever multiple buffers needed to be used to cast.,12835,1,ViacheslavP,1,1
e30882f57,Fix ticket #177,12835,1,ViacheslavP,1,1
cadbb5f2e,Fix a bug due to optimizing compilers.  See http://www.nanoengineer-1.net/mediawiki/index.php?title=Bug_1058,12835,1,ViacheslavP,1,1
ac7ff77af,MADE NPY_ versions of all PyArray_ prefixes corresponding to CONSTANTS.  Created a names member of PyArray_Descr and changed usages that extracted -1 out of the fields dict.,12835,1,ViacheslavP,1,1
80f1d7825,Remove .M .A .H attribute.  Keep .T attribute as .transpose for >=2d.  Creates 2-d from 1-d and returns self for 0-d.  Fix-up flag-checking when stride 0 is coupled with dim == 1,12835,1,ViacheslavP,1,1
ddfe20b98,Fix memory leak in #172,12835,1,ViacheslavP,1,1
ddfe20b98,Fix memory leak in #172,7714,Memory Leak,aboettcher,1,1
c1b2fc122,Optimize 1-d indexing and re-factor code that handles negative numbers in dimensions.,12835,1,ViacheslavP,1,1
823ca7e3c,"In meshgrid, use views on the input parameters to avoid changing their shapes. Fixes #169.",12835,1,ViacheslavP,1,1
f72e5a81b,Redo mtrand.pyx with Pyrex 0.9.4.1: fixes bug in test_histogram2d on Python 2.3.5,12835,1,ViacheslavP,1,2
355f94341,Fix typo shown in #164 and change dummy to two in PyArrayInterface,12835,1,ViacheslavP,1,1
ce9de2776,Fix #157,12835,1,ViacheslavP,1,1
b29933635,Fix init_by_array to properly initialize the has_gauss and has_binomial members. Fixes #155.,12835,1,ViacheslavP,1,1
851cbaad7,Fix memory leak in indexing code.,7714,Memory Leak,aboettcher,1,1
1e40d58f9,Eliminate more warnings and add fixes from #149 and #150,12835,1,ViacheslavP,1,1
b29b5900d,Fix reference-count problem in z **= 1 and more numarray compatiblity fixes.,12835,1,ViacheslavP,1,2
1dc30f8d0,"**= Was being invoked twice when it should have gone through the fast path. Fixed and added a test that should capture it. Results was that that [0, 1, 2] **= 2 => [0, 1, 16].",12835,1,ViacheslavP,1,2
7a957813b,Preserve matrices.  Fix #142,12835,1,ViacheslavP,1,1
cc961e3f6,Fix ticket #140 where objects in a field could be specified but resulted in segfaults.,12835,1,ViacheslavP,1,1
c0d32936d,Apply patch #137,12835,1,ViacheslavP,1,1
a5b115b97,Add patch for #141 from Andrew Straw: standard setuptools install idiom fails,12835,1,ViacheslavP,1,1
6dac6a045,Apply Stephan's recommendation to fix issue #129 with line directives on mingw32 build,12835,1,ViacheslavP,1,1
4aa8a9245,Fix problem causing segfault in ticket #126,12835,1,ViacheslavP,1,1
dc9088641,Fix unitialized error for 0d arrays.  Tickt #124,12835,1,ViacheslavP,1,2
7ce372cd6,"Simplify argwhere (maybe prematurely added), and fix memory leak in #125",12835,1,ViacheslavP,1,1
7ce372cd6,"Simplify argwhere (maybe prematurely added), and fix memory leak in #125",7714,Memory Leak,aboettcher,1,1
0f8a56410,Fix memory leak in PyArray_Round that probably caused error in ticket #110,12835,1,ViacheslavP,1,1
0f8a56410,Fix memory leak in PyArray_Round that probably caused error in ticket #110,7714,Memory Leak,aboettcher,1,1
cdaebaae5,Fix argmax and argmin problems for multi-dimensional arrays.  Closes ticket #119,12835,1,ViacheslavP,1,1
2733a07a2,"Fix #120: array.transpose() too lenient with its arguments. Change PyArray_Transpose() to either take a NULL argument, or a valid permutation of the axes (has to be the same length as the number of axes, and no repeats).",12835,1,ViacheslavP,1,1
6cf0da748,Imperfect fix to longfloat arrays printing with inf (#112); use '%s' as the format.,12835,1,ViacheslavP,1,1
b686a4262,Fix for linspace (#118) was incomplete; good now.,12835,1,ViacheslavP,1,1
a1445160d,#118: linspace should always return floats Patch from stefan; fix special case which could return an array of one int.,12835,1,ViacheslavP,1,1
2e18a0607,Better a.transpose() docstring (fixes #121),12835,1,ViacheslavP,1,1
88698f42f,Fix defect #115,12835,1,ViacheslavP,1,1
1f5827c2a,Fix defect #111,12835,1,ViacheslavP,1,1
650e266a6,Fix ticket #109,12835,1,ViacheslavP,1,1
ac244d26c,Fix ticket #106,12835,1,ViacheslavP,1,1
67eeb36ae,Fix ticket #104,12835,1,ViacheslavP,1,1
8ff1adedb,Fix byte-swapping problem for ticket #105,12835,1,ViacheslavP,1,1
249e8aa12,Fix ticket #102 and a few other 1-field descriptions.,12835,1,ViacheslavP,1,2
d874c8bec,Fix field method to always return fields.  Fixes ticket #101,12835,1,ViacheslavP,1,1
356e93e2e,Add PyArray_CHAR as an alias to PyArray_STRING with element size of 1,12835,1,ViacheslavP,1,1
879bc24af,Fix memory leak on error.,7714,Memory Leak,aboettcher,1,1
448bb44cc,Fix so USE_USE_DEFAULTS code works in multi-threaded case.  Speed up 1-d array indexing by an integer.,12835,1,ViacheslavP,1,2
43521c0bd,Fix old scipy Issue173.,12835,1,ViacheslavP,1,1
696853112,Some fixes for Absoft Fortran 10.0 on 64-bit Linux. I would appreciate some double-checking from someone else on this!,12835,1,ViacheslavP,1,2
6c736d2b7,"Fix valgrind-discovered errors for 0-dim and 0-sized arrays.  Fixes tickets #60,#61,#62,#63,#64,#65",12835,1,ViacheslavP,1,2
1f1b3b4fc,"fixed segfault from add(x, [1], x) where x = array(2)",12835,1,ViacheslavP,1,2
3fa921bb3,"Fix randint(1,2) == 0 bug.",12835,1,ViacheslavP,1,2
394965f9a,"Fix optimized dot error (1,1)x(1,N) and (N,1)x(1,1)",12835,1,ViacheslavP,1,1
b865aac87,Fixed typeNA (ticket #31),12835,1,ViacheslavP,1,1
5bb7342c6,Fix pickling of fortran arrays (defect #16),12835,1,ViacheslavP,1,1
377645d46,removed checks for the mask shape; fixes ticket:19 by timl,12835,1,ViacheslavP,1,1
61553e3dc,Fixed linalg.singular_value_decomposition. Should full_matrices=1 ??,12835,1,ViacheslavP,1,1
bb23ed753,"Fix up Tim's x**n optimizations  * do the reciprocal right for complex arrays  * use PyArray_Copy for x**1, instead of x.copy(). PyArray_SetNumericOps    can't find ""copy"" when multiarray is imported, so this wasn't called.  * some whitespace issues  * add some test cases for x**n",12835,1,ViacheslavP,1,1
00c6d3e64,"Impl. check_testcase_name, get_testfile methods to support different unittest suite naming schemes. Removed Python 2.1 support code.",12835,1,ViacheslavP,1,1
5937d593c,"Dispatch to reciprocal, ones_like, copy, sqrt, square inside array_power and array_inplace_power when power is a scalar in [-1, 0, 1, 0.5, 1, 2]. Also, added the ufuncs reciprocal and ones_like.",12835,1,ViacheslavP,1,1
f30e6c284,1) Fix scimath functions to take and return vectors. 2) Fix old bug in PyArray_CastTo when multiple copies made. 3) Fix reference counting bugs.,12835,1,ViacheslavP,1,2
2035b20ff,"Fixed orientation of matrix.sum(axis=1), added unit test",12835,1,ViacheslavP,1,1
c0d68f47a,"Fix the dot(shape=(1,), shape=(1,N)) case too",12835,1,ViacheslavP,1,1
518655847,"Fix column-vector x (1,) in dotblas.",12835,1,ViacheslavP,1,1
656b8ba14,Simplify hasobject checks by setting hasobject to 1 for OBJECT_Descr data-type descriptor.,12835,1,ViacheslavP,1,1
361157266,More optimization in iterator for 1d.,12835,1,ViacheslavP,1,1
f5fef908b,Re-order optimization in iterator for 1d.,12835,1,ViacheslavP,1,1
39d51cd0c,Add optimization in iterator for 1d.,12835,1,ViacheslavP,1,1
ed647a020,fix up the expm1 and log1p additions.,12835,1,ViacheslavP,1,1
968dd66df,fix up the expm1 and log1p additions.,12835,1,ViacheslavP,1,1
071f111e8,"Make (type, 1) case equivalent to type",12835,1,ViacheslavP,1,1
470bc4b47,Fix the complex version of expm1,12835,1,ViacheslavP,1,1
ba52e16f2,allow assignment with multiple same indices as susbscripting.  Limit to 1 ellipsis object for 0d array subscripting.,12835,1,ViacheslavP,1,1
c1cdece49,Fixed a failure in test_ma reported by Nils Wagner See http://aspn.activestate.com/ASPN/Mail/Message/scipy-dev/2969615,12835,1,ViacheslavP,1,1
4596572c6,Fixed the case when scalar mask is not None but False (see r1850),12835,1,ViacheslavP,1,1
8081b28a2,Re-added sasha's 1780 patches,12835,1,ViacheslavP,1,1
6d9c86cde,Fixed sf bugs 1395698 and 1395688,12835,1,ViacheslavP,1,2
3b4ee4f1e,fixed sf bug 1395646,12835,1,ViacheslavP,1,2
cd9c8d62c,Added 1-d indexing speed-ups by going through the array iterator when fancy-indexing is needed.  Also added bug-fixes to ma.py from Sourceforge.,12835,1,ViacheslavP,1,2
83015dfad, r1600@Blasphemy:  kern | 2005-12-16 01:43:39 -0800  Removed automatic importing of scipy.basic.* into the scipy namespace,12835,1,ViacheslavP,1,1
a13279edf,Fixtype branch tests level 1 pass.,12835,1,ViacheslavP,1,1
88c06a9da,"Finished pass 1 of fixtype changes. Now, fix compile errors...",12835,1,ViacheslavP,1,2
116f3e7a5,Fixed problem with ravel and 1-d.,12835,1,ViacheslavP,1,2
2cc83c518, r823@Blasphemy:  kern | 2005-11-13 00:35:39 -0800  Fixed isinstance() uses,12835,1,ViacheslavP,1,2
19a82bcaf, r804@Blasphemy:  kern | 2005-11-11 03:22:40 -0800  Better gamma algorithm,12835,1,ViacheslavP,1,1
3e339a073, r802@Blasphemy:  kern | 2005-11-11 00:32:39 -0800  Improved the algorithm for the small-mean case of the binomial distribution,12835,1,ViacheslavP,1,1
5a7abd79c,CJH -- 11/2/2005 -- Modified the nbytes dictionary to return values in bytes instead of bits.  Makes the assumption that 8 bits is 1 byte.,12835,1,ViacheslavP,1,1
3234006cc,"Update Blitz++ included with weave to 0.9 (which was released 2005-10-18). Currently, this only has a configuration for GNU g++.",12835,1,ViacheslavP,1,1
a98358411,"Update Blitz++ included with weave to 0.9 (which was released 2005-10-18). Currently, this only has a configuration for GNU g++.",12835,1,ViacheslavP,1,1
6348f9339, r723@Blasphemy:  kern | 2005-11-01 01:07:20 -0800  scipy_distutils -> scipy.distutils,12835,1,ViacheslavP,1,1
7cdbfb9a3, r707@803636f3:  kern | 2005-10-31 13:19:55 -0800  Fix put() typo,12835,1,ViacheslavP,1,2
8fcb1062d,"Fix for rank-0 arrays.  Now a[0] = 1 throws an IndexError, just like reading from a[0] does.",12835,1,ViacheslavP,1,2
a74ef76e2,Fixed stepping issue for length-1 arrays.,12835,1,ViacheslavP,1,1
33616f8e0,Fix toscalar so it only works when a.size == 1,12835,1,ViacheslavP,1,2
d1f5e8bd0, r583@Blasphemy:  kern | 2005-10-23 17:04:42 -0700  Try to mask key with 0xffffffffUL to restrict numbers to 32 bits.,12835,1,ViacheslavP,1,1
14bdbe98a,"EJS: Patch to use proper True and False values rather than 1 and 0.  This allows stricter type checking when we expect a boolean value to prevent the user shooting himself in the foot.  Example:     >>> a = zeros(1,2,3) used to succeed, creating an array of shape (1,), dtype 2, and fortran=True, which was probably not intended.  It now raises a TypeError.  [The user probably wants something else, like zeros((1,2,3)).]",12835,1,ViacheslavP,1,2
299720f0b, r409@Blasphemy:  kern | 2005-10-14 20:26:04 -0700  Comment out unused RCS crud,12835,1,ViacheslavP,1,1
6e6233024, r391@Blasphemy:  kern | 2005-10-14 19:54:35 -0700  Fix RandomState.random_integers(),12835,1,ViacheslavP,1,2
3d0634c33, r328@Blasphemy:  kern | 2005-10-11 19:50:41 -0700  matrix.py fixes and tests.,12835,1,ViacheslavP,1,2
c9833ef72, r327@Blasphemy:  kern | 2005-10-11 19:49:52 -0700  Missing self.,12835,1,ViacheslavP,1,1
6f2149540, r300@Blasphemy:  kern | 2005-10-09 09:54:11 -0700  Remove dependency on Cephes stuff,12835,1,ViacheslavP,1,1
8af0fea24," r206@Blasphemy:  kern | 2005-10-07 03:12:29 -0700  Okay, for real this time. scipy.random will be a module, and developers will actually communicate with each other in the future.",12835,1,ViacheslavP,1,1
f47d2fd88, r201@Blasphemy:  kern | 2005-10-07 02:46:04 -0700  Don't need this anymore,12835,1,ViacheslavP,1,1
d2b5deb37, r188@Blasphemy:  kern | 2005-10-07 02:37:24 -0700  Move scipy.stats to scipy.random. Add logarithmic-series distribution.,12835,1,ViacheslavP,1,1
04a98ff28, r165@Blasphemy:  kern | 2005-10-06 22:02:09 -0700  More distributions!,12835,1,ViacheslavP,1,1
1c8e6d935, r164@Blasphemy:  kern | 2005-10-06 22:01:39 -0700  Typo,12835,1,ViacheslavP,1,1
244439319, r107@Blasphemy:  kern | 2005-10-05 04:21:41 -0700  Activate apply_along_axis test,12835,1,ViacheslavP,1,1
e35b804e6, r104@Blasphemy:  kern | 2005-10-05 04:20:16 -0700  Fix apply_along_axis,12835,1,ViacheslavP,1,2
b3b692136, r88@Blasphemy:  kern | 2005-10-04 07:03:42 -0700  Some fixes to code and tests,12835,1,ViacheslavP,1,2
b4a71a6b8, r85@Blasphemy:  kern | 2005-10-04 03:56:27 -0700  Ahem,12835,1,ViacheslavP,1,1
ea0617129, r84@Blasphemy:  kern | 2005-10-04 03:55:47 -0700  methodize take() and shape() calls,12835,1,ViacheslavP,1,1
4219df8d9," r82@Blasphemy:  kern | 2005-10-04 03:25:34 -0700  defined(darwin) -> defined(__APPLE__); a similar change should happen in numarray, too",12835,1,ViacheslavP,1,1
26a1580bd, r3539@Blasphemy:  kern | 2005-09-29 03:12:18 -0700  Bit of a merge conflict.,12835,1,ViacheslavP,1,1
305fabee5, r3531@Blasphemy:  kern | 2005-09-29 02:05:01 -0700  Restoring tests,12835,1,ViacheslavP,1,1
57315b14d, r3519@Blasphemy:  kern | 2005-09-28 22:56:10 -0700  mtrand pickle support and some clean up,12835,1,ViacheslavP,1,1
9bb983356, r3509@Blasphemy:  kern | 2005-09-27 22:50:18 -0700  mtrand fixes,12835,1,ViacheslavP,1,1
2199334cf, r3493@803638d6:  kern | 2005-09-27 19:52:10 -0700  get_scipy_include() docs and fix; f2py updated to use get_scipy_include(); mtrand integration,12835,1,ViacheslavP,1,1
861df8105, r3492@803638d6:  kern | 2005-09-27 19:03:06 -0700  Update scipy.stats to use mtrand,12835,1,ViacheslavP,1,1
b633305a7," r3471@803638d6:  kern | 2005-09-26 17:50:29 -0700  Ensured that mtrand imports from scipy, not Numeric",12835,1,ViacheslavP,1,1
6ac5b1d4a, r3470@803638d6:  kern | 2005-09-26 17:50:04 -0700  Don't install headers under /include/python2.4 but into the package,12835,1,ViacheslavP,1,1
ca5d55a04, r3463@803638d6:  kern | 2005-09-26 14:31:52 -0700  Fix for blank math library,12835,1,ViacheslavP,1,2
1e7839d74, r3164@803638d6:  kern | 2005-09-26 01:27:54 -0700  Added scipy.lib.mtrand. It is not yet integrated into scipy.stats,12835,1,ViacheslavP,1,1
9847b1915, r3162@803638d6:  kern | 2005-09-26 01:25:20 -0700  Comment out faulty linalg import until it has been properly ported,12835,1,ViacheslavP,1,1
571c53f41,Added cvs version 1.46.23.2019 of f2py2e to svn,12835,1,ViacheslavP,1,1
4cd1f2cde,ENH: Added support for SWIG version 1.3.25.  The new version of SWIG has a different runtime layout.,12835,1,ViacheslavP,1,1
99f4811d4,Fixed undefined symbol error in importing atlas_version ext. module when using 3.2.1_pre3.3.6 atlas libraries.,12835,1,ViacheslavP,1,2
46fc1b2af,Fixed issue 179.,12835,1,ViacheslavP,1,2
d6fd1be00,Applied patch from scipy issue 189.,12835,1,ViacheslavP,1,2
644c97aba,Fixed scipy issue 190,12835,1,ViacheslavP,1,2
623d2ad8a,Added comment about requiring swig 1.3.14 or later.,12835,1,ViacheslavP,1,1
a599dbbab,"Backporting CCompiler.compiler hacks to Python <=2.2 distutils, fixes scipy issue 188.",12835,1,ViacheslavP,1,2
965e6c697,Fixed incomplete spec Issue160,12835,1,ViacheslavP,1,1
6cd1654b3,Incr. micro version to 1. Enabled CVS version info in version. Enabled arch-dependent Fortran compiler flags.,12835,1,ViacheslavP,1,1
64f222c4b,NEW: New modules to enable the use of SWIG2 (SWIG >= 1.3) wrapped code with weave.,12835,1,ViacheslavP,1,1
cfa247532,Backport to Python 2.1,12835,1,ViacheslavP,1,1
704055060,"Fixed incorrect failure from assert_approx_equal(1.0,0.99999999998)",12835,1,ViacheslavP,1,1
f1d0b834c,Using depends argument from Python 2.3 and backporting it down to Python 2.1. Minor other enhancements.,12835,1,ViacheslavP,1,1
7827303bf,Testing backport to Python 2.1 - it used to skip tests from base classes of test classes,12835,1,ViacheslavP,1,1
8ae8ab27a,"Updated scipy complex divide to follow Matlab's convention: 0j/0 is nan, 1j/0 is nan+infj, 1/0 is inf. This fixes linalg.eig for various combinations of singular matrix arguments.",12835,1,ViacheslavP,1,2
2f11b19ef,Updated scipy complex divide so that 1j/0.0 returns infj instead of nan+infj,12835,1,ViacheslavP,1,1
81d8c691f,"Workaround for Python 2.1 .pyc file generator bug (float constants are truncated, e.g. 1.0066800127055 becomes 1.00668001271 in a .pyc file)",12835,1,ViacheslavP,1,2
df7db28dc,"Fixed long lasting segfault bug, say, in amax([1,2j]). Added preliminary tests for fastumath module.",12835,1,ViacheslavP,1,1
529150a0a,Changed order of argument in scipy_base.extract.  Added 1-argument version of where to scipy_base.  The 1-argument version only works on 1-d arrays currently.,12835,1,ViacheslavP,1,1
9da41c6d3,Applied John A. Turner patch for OSF1,12835,1,ViacheslavP,1,1
f0069cde8,"1) Finished applying ppimport hooks to scipy. New scipy import timings on PII 400MHz, Debian with postponed import hooks enabled:",12835,1,ViacheslavP,1,1
c21bf7ecf,Fixed one more place to make plots of effectively 1-d arrays work.,12835,1,ViacheslavP,1,2
1f13832b5,Fix bug in polynomial for roots([1]) (unreported).  Fix so that xplt.plot will work when x and y are effectively 1-d arrays but perhaps have several length one dimensions appended.,12835,1,ViacheslavP,1,2
58ac35e75,Fixed test_special to test over 100 of the functions.  Other tests need to be fixed.  Added Pade routine to find Pade approximation.  More tutorial additions.,12835,1,ViacheslavP,1,2
e3abc3304,Backport to Python 2.1,12835,1,ViacheslavP,1,1
815de7eee,Changed takemask to extract.  Added inverse of extract called insert.  Extract takes 1-d array out of raveled nd array according to raveled mask.  Insert puts elements from 1-d array back into an n-d array according to mask.  It can be thought of as the inverse of extract.  It allows for operations to only be performed when necessary.,12835,1,ViacheslavP,1,1
4fa288b64,"Fixed int check: works with Python 1.5, 2.1, 2.2; haven't tested with 2.0 or 2.3",12835,1,ViacheslavP,1,2
6cdc54752,MSVC complained about 1.0/0.0 as a divide by 0 error.  The error went away if I made a variable named zero=0.0 and did 1/zero.,12835,1,ViacheslavP,1,1
f8fc8923f,Fixed unique function for Python 2.1,12835,1,ViacheslavP,1,2
ac14c956d,Fixed djbfft_info. Changed the values of macros like SCIPY_FFTW_H from 1 to None.,12835,1,ViacheslavP,1,2
b0e9c8f02,auto_test now runs against 2.2.1/21.0 and 2.1.3/21.0 and 2.1.3/20.3.  Older Numeric versions are no longer tested.,12835,1,ViacheslavP,1,1
bd759c9e5,"script output is much less verbose now.  Instead of 700K files on complete tests, they are more like 18K.",12835,1,ViacheslavP,1,1
1af787593,"added limits.py to scipy_base.  It looks like Travis O. began this process, but didn't quite get to checking it in.  I used the 1.13 version from the attic in scipy (the latest version there).  Hope that is the right one.",12835,1,ViacheslavP,1,1
5ba533b4b,"major overhaul to testing framework.  module_xxx.test() now takes a 'level' argument to specify how thorough the testing should be.  Level 1 is the least thorough, and only runs rapid tests (as specified by the test writer) on the module/package.  level=10 is the most thorough testing.  Any value between 1 and 10 can be used.  I'm currently using 1, 5, and 10 for most of my tests, but others may wish to use more fine grained settings.",12835,1,ViacheslavP,1,1
9ae4d9e81,Introduced x11_info and fixed the inefficiency of xplt setup,12835,1,ViacheslavP,1,1
2479ff25d,arrgh. my dumbdbm exhibits strange behavior on RH 7.1 working from some directories and not from others.  What the heck!  For try to use dbhash whenever it is available.  THis worked on both Linux and Windows before,12835,1,ViacheslavP,1,1
83119de90,This is a verbatim copy of dumbdbm from 2.2.  Some 2.1 (maybe all) are broken.  Having this here means weave will not be troubled by broken copies in some versions of Python.,12835,1,ViacheslavP,1,1
fcae42252,added -mimpure-text to link args on Sun OS to fix issues with libstdc++.a.  see: http://mail.python.org/pipermail/python-dev/2001-March/013510.html,12835,1,ViacheslavP,1,1
