commitID,Commit Subject,Issue ID,Issue Title,issue User,Semantic Confidence Level,Syntactic Confidence Level
8b419c93e4,message_send: Fix old guests being treated as full members.,11330,Fix,ss62171,1,1
6fe82620df,login: Fix alignment of error message in login form.,11330,Fix,ss62171,1,1
81d21068b5,eslint: Fix no-useless-concat.,11330,Fix,ss62171,1,1
043c34d944,eslint: Fix no-throw-literal.,11330,Fix,ss62171,1,1
5c8117a426,eslint: Fix no-implicit-coercion.,11330,Fix,ss62171,1,1
0042cf51c1,eslint: Fix unicorn/better-regex.,11330,Fix,ss62171,1,1
a37616e8c6,eslint: Fix unicorn/import-style.,11330,Fix,ss62171,1,1
65f86274b2,eslint: Fix unicorn/prefer-dataset.,11330,Fix,ss62171,1,1
e68595a3fc,eslint: Fix unicorn/no-reduce.,11330,Fix,ss62171,1,1
24d4ab327c,eslint: Fix unicorn/prefer-negative-index.,11330,Fix,ss62171,1,1
62dfee4930,eslint: Fix unicorn/prefer-node-append and unicorn/prefer-node-remove.,11330,Fix,ss62171,1,1
8098acb63c,eslint: Fix unicorn/prefer-trim-start-end.,11330,Fix,ss62171,1,1
78ccb15d9e,eslint: Fix unicorn/no-zero-fractions.,11330,Fix,ss62171,1,1
0d4af4f8e7,eslint: Fix unicorn/prefer-type-error.,11330,Fix,ss62171,1,1
e0b1daa96d,eslint: Fix unicorn/prefer-add-event-listener.,11330,Fix,ss62171,1,1
2694f5caed,eslint: Fix unicorn/prefer-array-find.,11330,Fix,ss62171,1,1
fd11c9c666,eslint: Fix unicorn/prefer-includes.,11330,Fix,ss62171,1,1
b178fc6069,eslint: Fix unicorn/prefer-set-has.,11330,Fix,ss62171,1,1
de791b82b6,eslint: Fix unicorn/no-for-loop.,11330,Fix,ss62171,1,1
73a14bee6f,eslint: Fix unicorn/escape-case and unicorn/no-hex-escape.,11330,Fix,ss62171,1,1
f92224c744,eslint: Fix unicorn/catch-error-name.,11330,Fix,ss62171,1,1
d654992164,eslint: Fix unicorn/prefer-optional-catch-binding.,11330,Fix,ss62171,1,1
70a0260ac1,eslint: Fix unicorn/prefer-text-content.,11330,Fix,ss62171,1,1
bd05f1c9f8,eslint: Fix unicorn/prefer-query-selector.,11330,Fix,ss62171,1,1
c7cbdba257,"eslint: Fix unicorn/{new-for-builtins,throw-new-error,error-message}.",11330,Fix,ss62171,1,1
48f5e5179a,eslint: Fix unicorn/prefer-string-slice.,11330,Fix,ss62171,1,1
fb233bd994,eslint: Fix unicorn/prefer-number-properties.,11330,Fix,ss62171,1,1
150d782d6b,production-verify: Fix puppet path.,11330,Fix,ss62171,1,1
90dccbf7c3,i18n: Fix quotes in mute setting help message.,11330,Fix,ss62171,1,1
bd61b570aa,stats: Fix strings passed to _() not translated.,11330,Fix,ss62171,1,1
914862f8cd,docs: Fix text for requesting an integration.,11330,Fix,ss62171,1,1
06116c3de3,i18n: Fix quotes of help message in user group settings.,11330,Fix,ss62171,1,1
8f736e6917,invite: Fix text of submit-invitation button on completion.,11330,Fix,ss62171,1,1
2c496d9afd,mypy: Fix do_send_user_group_update_event.,11330,Fix,ss62171,1,1
fb2d7c6741,openapi: Fix allOf usage to conform to the OpenAPI specification.,11330,Fix,ss62171,1,1
ca7f84ac58,markdown: bugfix: Fix importing pygments data for codeblock header creation.,11330,Fix,ss62171,1,1
3242fc7388,soft_deactivation: Fix typo in logging output.,11330,Fix,ss62171,1,1
ade7cc4ef3,puppeteer: Fix typing issue in settings test.,11330,Fix,ss62171,1,1
b82bda9fb8,stats: Fix i18n not working in stats page.,11330,Fix,ss62171,1,1
4e6c0989db,stats: Fix a string not tagged for translation.,11330,Fix,ss62171,1,1
6e95809cc4,emoji_picker: Fix search input length.,16400,emoji_picker: Fix search input length.,Gittenburg,2,1
6e95809cc4,emoji_picker: Fix search input length.,11330,Fix,ss62171,1,1
7fa8bafe81,lint: Fix type of initial 0 in queue monitoring.,11330,Fix,ss62171,1,2
abe876a4a4,compose: Fix auto-resize issue on uploading files in preview mode.,11330,Fix,ss62171,1,1
40c4511a9c,queue: Fix misspelled consume_iteration_counter variable.,11330,Fix,ss62171,1,1
2365a53496,queue: Fix a race condition in monitoring after queue stops being idle.,11330,Fix,ss62171,1,1
737d796e1c,devlogin: Fix handling of fragments in the URL.,11330,Fix,ss62171,1,1
4d38cab9b9,frontend_tests: Fix typo in node_tests/general.js,11330,Fix,ss62171,1,1
42d038f09b,migrations: Fix 0301 to replace a Python loop with SQL.,11330,Fix,ss62171,1,2
cf5d544c82,ldap: Fix inaccuracy in django_to_ldap_username comment.,11330,Fix,ss62171,1,1
45cd979d46,tools: Fix webpack wrapper logic for finding config file to watch.,11330,Fix,ss62171,1,1
1c17583ad5,puppet: Restrict postfix incoming addresses to postmaster and zulip.,11330,Fix,ss62171,1,1
f95dd628bd,email: Fix race conditions with concurrent ScheduledEmail handling.,11330,Fix,ss62171,1,1
1f62ba5750,puppeteer: Fix unsaved status selector waitFor timeout.,11330,Fix,ss62171,1,1
49fd272d7d,invite: Fix compose box focus on clicking (Un)check All in invite window.,11330,Fix,ss62171,1,1
c6e278ab5a,input_pills: Fix `onPillCreate` to update when adding pills with typehead.,11330,Fix,ss62171,1,1
be7238afca,tooltip: Fix arrow position.,11330,Fix,ss62171,1,1
f91d287447,python: Pre-fix a few spots for better Black formatting.,11330,Fix,ss62171,1,1
c6b9a23c17,github webhooks: Fix message for unsupported team payloads.,11330,Fix,ss62171,1,1
22665414fe,landing-page: Fix carousel indicators alignment.,11330,Fix,ss62171,1,1
55a23754c3,api: Fix trailing '/' at end of jitsi server url.,16256,api: Fix trailing '/' at end of jitsi server url.,S-Abhishek,2,1
55a23754c3,api: Fix trailing '/' at end of jitsi server url.,11330,Fix,ss62171,1,1
a01d33353f,message_list: Live update trailing bookend on stream deactivation.,16191,message_list: Live update trailing bookend on stream deactivation.,sahil839,2,0
ddc6986824,docs: Fix node debugging integration anchor.,11330,Fix,ss62171,1,1
437332ff5d,css: Fix horizontal scrolling of markdown table when overflow.,11330,Fix,ss62171,1,1
ff6921b438,api: Fix require_post decorator not returning 405 error body.,16188,api: Fix require_post decorator not returning 405 error body.,shanukun,2,2
ff6921b438,api: Fix require_post decorator not returning 405 error body.,11330,Fix,ss62171,1,2
2d30af113e,compose: Restore Tab+Enter sending in Safari.,16241,compose: Restore Tab+Enter sending in Safari.,Gittenburg,2,0
38eac64d91,settings_account: Fix error message while deactivating account.,11330,Fix,ss62171,1,1
fbae1685d6,openapi: Fix examples in response for deactivating user endpoints.,11330,Fix,ss62171,1,1
7c3903fc0d,docs: Fix count of replaced lines.,11330,Fix,ss62171,1,1
4d0ad41307,export: Fix emoji mentioned in tests to be correct.,11330,Fix,ss62171,1,1
28d65b391c,puppeteer: Set visible: true to fix flakes.,11330,Fix,ss62171,1,1
7946da4182,node_tests: list_render: Fix init_sort argument.,11330,Fix,ss62171,1,1
c05315ace2,update_analytics_counts: Fix warning output.,11330,Fix,ss62171,1,1
38bc91560a,i18n: Fix translation bug in stream creation page.,11330,Fix,ss62171,1,1
6ee9042d47,compose: Fix trailing slashes when creating Jitsi video meeting.,11330,Fix,ss62171,1,1
84aaf4d231,docs: Fix incorrect element name in dependent settings example.,11330,Fix,ss62171,1,1
82693f9105,docs: Fix subsection for example feature in new feature tutorial.,11330,Fix,ss62171,1,1
fbe40713ba,navbar_alerts: Fix close button position.,11330,Fix,ss62171,1,1
31a5e0b441,openapi: Fix DELETE /users/me status 200 response description.,11330,Fix,ss62171,1,2
4e8b087c82,rate_limiter: Fix flakiness of tests in test_external.,11330,Fix,ss62171,1,1
fbef6e3c03,zendesk tests: Fix anti-patterns.,11330,Fix,ss62171,1,1
3de2e4f034,dialogflow test: Fix nonsensical tests.,11330,Fix,ss62171,1,1
ba119a2f20,help: Fix typo in change-organization-url.,11330,Fix,ss62171,1,1
77bea3de7a,puppeteer: Fix test flake in admin tests.,11330,Fix,ss62171,1,1
25c3f052cd,node fixture: Fix data for realm_user__remove.,11330,Fix,ss62171,1,1
33d7a22685,test_events: Fix loop structure in settings test.,11330,Fix,ss62171,1,1
2d70a73902,docs: Fix spelling of audit_fix_indexes.,11330,Fix,ss62171,1,1
4167517a6f,filters: Fix has:image and avoid future issues for other has filters.,16126,filters: Fix has:image and avoid future issues for other has filters.,thedeveloperr,1,1
4167517a6f,filters: Fix has:image and avoid future issues for other has filters.,11330,Fix,ss62171,1,1
aa6f2b1310,navbar_alerts: Fix navbar alerts inaccessibility.,11330,Fix,ss62171,1,1
f2c9ee8000,migrations: Fix migration 0283 with orjson.,11330,Fix,ss62171,1,2
f9651a1e98,puppeteer: Fix typo in comments in subscriptions tests.,11330,Fix,ss62171,1,1
7b9fe77bf1,provision: Fix missing <sasl/sasl.h> headers during provision.,11330,Fix,ss62171,1,1
a9539972f4,openapi: Fix validate_schema recursion structure.,11330,Fix,ss62171,1,1
123790a72d,webhooks: Fix invalid JSON in Hello World test fixtures.,11330,Fix,ss62171,1,1
5043f6039b,webhooks: Fix invalid JSON in Freshdesk test fixtures.,11330,Fix,ss62171,1,1
ec6856bc3b,webhooks: Fix invalid JSON in Dialogflow test fixtures.,11330,Fix,ss62171,1,1
fb2e56e3c9,docs: Fix capitalization of keyboard keys.,11330,Fix,ss62171,1,1
c155403884,docs: Fix various capitalization errors.,11330,Fix,ss62171,1,1
60a25b2721,docs: Fix spelling errors caught by codespell.,11330,Fix,ss62171,1,1
a7039c815e,queue_processors: Fix UnboundLocalError in QueueProcessingWorker.,11330,Fix,ss62171,1,1
dedb28055a,stats: Fix a few strings not tagged for translation.,11330,Fix,ss62171,1,1
18dcb86de5,"Revert ""provision: Fix missing <sasl/sasl.h> headers during provision.""",11330,Fix,ss62171,1,1
cc9dc07b07,provision: Fix missing <sasl/sasl.h> headers during provision.,11330,Fix,ss62171,1,1
e12225ace7,realm_audit_log: Fix malformed RealmAuditLog entries.,16067,realm_audit_log: Fix malformed RealmAuditLog entries.,timabbott,1,1
e12225ace7,realm_audit_log: Fix malformed RealmAuditLog entries.,11330,Fix,ss62171,1,1
e789a8bb20,stylelint: Enable no-vendor-prefix rules.,11330,Fix,ss62171,1,1
56931b68e0,styles: Unprefix appearance property.,11330,Fix,ss62171,1,1
f166f4c28c,webhooks: Fix invalid JSON in Papertrail test fixtures.,11330,Fix,ss62171,1,1
ae3af9cd56,webhooks: Fix invalid JSON in Jira test fixtures.,11330,Fix,ss62171,1,1
219fc36051,stripe_fixtures: Fix incorrectly normalized JSON.,11330,Fix,ss62171,1,1
0b12d38e4d,fixtures: Fix invalid JSON in narrow.json.,11330,Fix,ss62171,1,1
23b815bb50,queue: Fix types to reflect that Pika channels receive bytes.,11330,Fix,ss62171,1,1
a40c67712c,locale: Fix invalid JSON in locale/tr/translations.json.,11330,Fix,ss62171,1,1
a329b538d2,test_helpers: Fix instrument_url decorator type.,11330,Fix,ss62171,1,1
a003d592b3,models: Fix typo in comments for get_users_by_delivery_email.,11330,Fix,ss62171,1,1
5142bdd317,recent_topics: Fix exception processing old deleted messages.,11330,Fix,ss62171,1,1
004b6f2e62,stream_edit: Send values of changed settings only to backend.,16027,stream_edit: Send values of changed settings only to backend.,sahil839,2,0
0c1f909c7a,node fixtures: Fix stream__delete fixture.,11330,Fix,ss62171,1,1
a0a0189df1,puppeteer_tests: Fix Prettier formatting of 05-stars.js.,11330,Fix,ss62171,1,2
50a01311c0,puppeteer: Fix messages not being echoed locally.,11330,Fix,ss62171,1,1
99a54ba67e,tornado: Fix ID lists leaked to the events API.,11330,Fix,ss62171,1,1
9504d403b3,github-actions: Fix incorrect hash key in production install job.,11330,Fix,ss62171,1,1
bb46b21123,find_account: Fix the email search query.,11330,Fix,ss62171,1,1
4f930688cf,compose: Fix buggy message post policy warning.,11330,Fix,ss62171,1,1
59ba7e38c0,settings_profile_fields: Fix sortablejs import.,11330,Fix,ss62171,1,1
4baf5d73d9,docs: Fix incorrect path to restart-server.,11330,Fix,ss62171,1,1
f8e2c1f693,test_management_commands: Fix export test.,11330,Fix,ss62171,1,1
dda7e938f4,puppeteer: Fix flake with compose box input.,11330,Fix,ss62171,1,1
6081e0228b,emoji: Make :stuck_out_tongue: have open eyes.,15971,emoji: Make :stuck_out_tongue: have open eyes.,Gittenburg,2,0
2367d56f74,integrations: Fix the search input autofocus.,11330,Fix,ss62171,1,1
e350e57747,js: Fix more incorrectly converted trigger calls.,11330,Fix,ss62171,1,1
946836455c,typeahead: Fix binding of event handler to `blur` event.,11330,Fix,ss62171,1,1
49926bc07b,node tests: Fix schema for stream events.,11330,Fix,ss62171,1,1
51199878ed,tools/ci: Fix KeyError when running tools/ci/generate-dockerfiles.,11330,Fix,ss62171,1,1
389c190d49,saml: Fix incorrect settings object being passed in get_issuing_idp.,15923,saml: Fix incorrect settings object being passed in get_issuing_idp.,mateuszmandera,1,1
389c190d49,saml: Fix incorrect settings object being passed in get_issuing_idp.,11330,Fix,ss62171,1,1
5f0bd44d58,notifications: Fix incorrectly converted focus method call.,11330,Fix,ss62171,1,1
ad23c6e808,emoji: Switch to `user_profile.realm` for cross-realm reactions.,15887,emoji: Switch to `user_profile.realm` for cross-realm reactions.,majordwarf,2,0
f0c4cc9e46,js: Fix new import/order errors.,11330,Fix,ss62171,1,1
6cbbdcf37d,mailmap: Fix the mailmap entry for Rishi Gupta.,11330,Fix,ss62171,1,1
f9459bba12,upload: Do not open compose box when editing.,15891,upload: Do not open compose box when editing.,Gittenburg,2,0
e123f8f723,subs: Fix set_muted parameter order.,11330,Fix,ss62171,1,1
ded8c34cee,casper_tests: Fix 06-settings for added alert words.,11330,Fix,ss62171,1,2
02485441fd,message_edit: Fix invisible delete spinner.,11330,Fix,ss62171,1,1
26bafa2e73,docs: Fix versions in stretch=>buster documentation.,11330,Fix,ss62171,1,1
7b35234c7b,email_mirror: Fix exception handling unstructured headers.,11330,Fix,ss62171,1,1
a8bef38151,"js: Fix incorrectly converted blur, click, focus method calls.",11330,Fix,ss62171,1,1
11bde22cb3,ui_util: Fix incorrectly converted focus method call.,11330,Fix,ss62171,1,1
ed5a56ce53,composebox: Blur PM recipient input after close.,15850,composebox: Blur PM recipient input after close.,Gittenburg,2,0
2bbd8265b9,zjquery: Fix event parameter of invoked handlers.,11330,Fix,ss62171,1,1
af3a79ab31,zjquery: Fix ‘this’ parameter of invoked handlers.,11330,Fix,ss62171,1,1
f1c9d9c2fe,integrations: Fix Thinkst Canary integration.,11330,Fix,ss62171,1,1
1696c9ac20,ui: Fix loading spinner glitch.,15852,ui: Fix loading spinner glitch.,ryanreh99,1,1
1696c9ac20,ui: Fix loading spinner glitch.,11330,Fix,ss62171,1,1
569b38fe34,js: Fix no-useless-escape errors.,11330,Fix,ss62171,1,1
ac64d03988,frontend_tests: Fix incorrect backslash escaping.,11330,Fix,ss62171,1,1
50289d809c,docs: Fix link in 3.0 upgrade docs.,11330,Fix,ss62171,1,2
7d9f24c58c,mypy: Fix Realm types in test_import_export.,11330,Fix,ss62171,1,1
4f9f6b18e7,css: Fix recipient bar stream hover text color in night theme.,11330,Fix,ss62171,1,1
b554333421,night_mode: Fix search_icon hover regression.,11330,Fix,ss62171,1,1
a785a74fd0,timerender: Fix use of page_params.timezone.,11330,Fix,ss62171,1,1
bb12e407d2,timestamp: Observe user's 24-hour clock setting.,15814,timestamp: Observe user's 24-hour clock setting.,blinry,1,1
5c544da843,populate_db: Extract/fix mark_all_messages_as_read.,11330,Fix,ss62171,1,1
80afc8a896,docs: Fix typo (duplicated word) in email subsystem docs.,11330,Fix,ss62171,1,1
dd5349096f,test_stripe: Fix invalid UserProfile creation.,11330,Fix,ss62171,1,1
7ade8fae78,test_message_send: Fix invalid UserProfile creation.,11330,Fix,ss62171,1,1
57b6f9179b,settings: Fix simplebar scrollbar in org settings dropdown.,11330,Fix,ss62171,1,1
c4bbdf040e,recent_topics: Fix search clear icon overflowing in next line.,11330,Fix,ss62171,1,1
9648e64d23,styles: Make focus outline work reliably.,15804,styles: Make focus outline work reliably.,Gittenburg,2,0
953d475274,settings: Fix saving indicator glitch.,15792,settings: Fix saving indicator glitch.,Gittenburg,2,1
953d475274,settings: Fix saving indicator glitch.,11330,Fix,ss62171,1,1
ade5dae564,openapi: Fix `/settings/notifications` OpenAPI documentation.,11330,Fix,ss62171,1,1
f1d475206e,search: Fix ESLint prefer-arrow-callback error.,11330,Fix,ss62171,1,1
cb54e30832,"Revert ""search: Fix blur event handler for `search_query_box`.""",11330,Fix,ss62171,1,1
42d601e214,help: Fix exception with invalid fragment causing bogus extra scrollbars.,11330,Fix,ss62171,1,1
75cfd886b7,navbar: Fix disappearing left border when search opens.,11330,Fix,ss62171,1,1
53c66fd9c4,message_header: Fix date alignment in PMs.,11330,Fix,ss62171,1,1
ddc7bb5a45,munin: Fix the path to check_send_receive_time.,11330,Fix,ss62171,1,1
c231d88d9f,upgrade: Add management command to fix FTS indexes.,15721,upgrade: Add management command to fix FTS indexes.,mateuszmandera,1,1
c231d88d9f,upgrade: Add management command to fix FTS indexes.,11330,Fix,ss62171,1,1
23fe58f5be,docs: Fix typo in git/using.md.,11330,Fix,ss62171,1,1
46c966576d,scss: Fix broken rules.,11330,Fix,ss62171,1,1
24383a5082,puppet: Rename hosts_domain so hosts_prefix can be grepped for.,11330,Fix,ss62171,1,1
56addb6139,docs: Fix is_home_view type in API changelog.,11330,Fix,ss62171,1,1
0b4568d249,message_header: Fix overlap on mobile with flex.,15691,message_header: Fix overlap on mobile with flex.,Gittenburg,2,1
0b4568d249,message_header: Fix overlap on mobile with flex.,11330,Fix,ss62171,1,1
67ea4bd937,stream: Fix incorrect dispaly of stream notifications settings.,11330,Fix,ss62171,1,1
bf31d92fa7,emoji_picker: Fix keys not working if search yields no results.,11330,Fix,ss62171,1,1
42f20e81be,emoji_picker: Fix inconsistency in edge case.,11330,Fix,ss62171,1,1
9ccb33a894,subs: Fix bug of subscribing/unsubscribing user by clicking on stream row.,11330,Fix,ss62171,1,1
48eba187bb,stream_edit: Fix bug in subscribing/unsubscribing from stream settings.,11330,Fix,ss62171,1,1
f1cc2ab926,delete_event_notify_user_ids: Fix UnboundLocalError.,11330,Fix,ss62171,1,1
f40ad639f8,test_events: Fix check_list(None) calls.,11330,Fix,ss62171,1,1
5d1365b265,minor: Format comments to be sentences and fix typo.,11330,Fix,ss62171,1,1
c234b4f254,subscriptions: Fix buggy behaviour of click event handlers.,11330,Fix,ss62171,1,1
ca99d62b4e,subscriptions: Fix scrolling of streams list.,11330,Fix,ss62171,1,1
d7745674dc,zthumbor: Fix strict_optional errors.,11330,Fix,ss62171,1,1
8a03f8a070,html_branches: Fix strict_optional errors.,11330,Fix,ss62171,1,1
2fb96e94f1,registration: Fix strict_optional errors.,11330,Fix,ss62171,1,1
8e6a439529,queue_processors: Fix strict_optional errors.,11330,Fix,ss62171,1,1
e363382628,push_notifications: Fix strict_optional errors.,11330,Fix,ss62171,1,1
e24b2fdf06,markdown: Fix strict_optional errors.,11330,Fix,ss62171,1,1
d64f036247,outgoing_webhook: Fix strict_optional errors.,11330,Fix,ss62171,1,1
e3fc74fd20,event_queue: Fix strict_optional errors.,11330,Fix,ss62171,1,1
0d7539dc50,test_classes: Fix strict_optional errors.,11330,Fix,ss62171,1,1
813cee3e50,test_helpers: Fix strict_optional errors.,11330,Fix,ss62171,1,1
acd439dee8,test_events: Fix strict_optional errors.,11330,Fix,ss62171,1,1
c0bbdbcadf,test_messages: Fix strict_optional errors.,11330,Fix,ss62171,1,1
98cc4073ee,test_realm: Fix strict_optional errors.,11330,Fix,ss62171,1,1
e2965dcb52,test_signup: Fix strict_optional errors.,11330,Fix,ss62171,1,1
3a7a828139,test_auth_backends: Fix strict_optional_errors.,11330,Fix,ss62171,1,1
d690cc32e1,test_decorators: Fix strict_optional errors.,11330,Fix,ss62171,1,1
c65e7772a7,test_logging_handlers: Fix strict_optional errors.,11330,Fix,ss62171,1,1
dd7082e466,test_narrow: Fix strict_optional errors.,11330,Fix,ss62171,1,1
3126243245,test_outgoing_webhook_system.py: Fix strict_optional errors.,11330,Fix,ss62171,1,1
26fe6be16a,test_service_bot_system: Fix strict_optional errors.,11330,Fix,ss62171,1,1
2a0e5616f1,test_slack_importer: Fix strict_optional errors.,11330,Fix,ss62171,1,1
489d73f63a,queue: Fix strict_optional errors.,11330,Fix,ss62171,1,1
6c9c12ee2d,add_new_realm: Fix strict_optional errors.,11330,Fix,ss62171,1,1
3885fdadce,realm: Fix strict_optional errors.,11330,Fix,ss62171,1,1
654a03c897,webhooks: Fix strict_optional errors.,11330,Fix,ss62171,1,1
dbd1b56362,remote_server: Fix send_to_push_bouncer type.,11330,Fix,ss62171,1,1
c5818a554a,avatar: Fix user avatar delete button bug.,11330,Fix,ss62171,1,1
3a973b15ee,settings: Fix modal out of screen on mobile.,15642,settings: Fix modal out of screen on mobile.,Gittenburg,2,1
3a973b15ee,settings: Fix modal out of screen on mobile.,11330,Fix,ss62171,1,1
8c64a14a31,markdown: Fix get_user_by_id type.,11330,Fix,ss62171,1,1
3cc6055958,bulk_get_streams: Fix get_active_streams call.,11330,Fix,ss62171,1,1
606c2acefe,click_handlers: Fix clicking on elements inside links.,11330,Fix,ss62171,1,1
dd3767981d,spoilers: Fix selections and simplify link implementation.,11330,Fix,ss62171,1,1
0c48c75920,push_notifications: Fix events with no message_ids.,11330,Fix,ss62171,1,1
03cf3edf42,message_edit: Fix typo in old_stream_unsubbed_guests.,11330,Fix,ss62171,1,1
08cbb718fa,prod_settings_template: Fix confusing {random_token} in comment.,11330,Fix,ss62171,1,1
1b96af2987,cache: Fix type: ignore issues.,11330,Fix,ss62171,1,1
ec70aab138,test_service_bot_system: Fix type: ignore issues.,11330,Fix,ss62171,1,1
01e24ccd84,test_openapi: Fix a type: ignore issue.,11330,Fix,ss62171,1,1
6ca8239124,test_logging_handlers: Fix a type: ignore issue.,11330,Fix,ss62171,1,1
ff324328cb,test_hipchat_importer: Fix a type: ignore issue.,11330,Fix,ss62171,1,1
5fbccbf64d,test_helpers: Fix type: ignore issues.,11330,Fix,ss62171,1,1
914e7f9680,test_markdown: Fix type: ignore issues.,11330,Fix,ss62171,1,1
8a7cfd05a1,sessions: Fix type: ignore issues.,11330,Fix,ss62171,1,1
bc9663d57f,webhooks: Fix a type: ignore issue.,11330,Fix,ss62171,1,1
96cf928d27,models: Fix user_profile_id type.,11330,Fix,ss62171,1,1
21b9ee2047,decorator: Fix bogus function=None case of zulip_login_required.,11330,Fix,ss62171,1,1
0d4fefa2b6,logging_handlers: Fix type: ignore issues.,11330,Fix,ss62171,1,1
229e08c1d9,backends: Fix a type: ignore issue.,11330,Fix,ss62171,1,1
aefd8f0de2,navbar: Fix UI bugs in right column of nav header.,11330,Fix,ss62171,1,1
988e765e7c,docs: Fix a typo in the 3.0 release changelog.,11330,Fix,ss62171,1,2
089deb70c9,recent_topics: Fix searching for special characters.,11330,Fix,ss62171,1,1
2e7bcc1436,emoji-settings: Fix value of aria-label attribute of search input.,11330,Fix,ss62171,1,1
2e46be0989,pointer tests: Fix test_events_register_endpoint.,11330,Fix,ss62171,1,1
cc991f58bd,retention: Fix UI of stream message retention days to restrict admins.,11330,Fix,ss62171,1,1
a5be2a30fa,events: Fix buggy realm_user/update events during user creation.,11330,Fix,ss62171,1,1
93899c1d98,pointer tests: Fix test_one_event.,11330,Fix,ss62171,1,1
be4aa65827,auth: Fix incorrect encoding of whitespace in scope in Apple backend.,11330,Fix,ss62171,1,1
30c6797239,test_runner: Fix SENDFILE_ROOT.,11330,Fix,ss62171,1,1
35378d4660,settings: Fix settings launch on mobile.,11330,Fix,ss62171,1,1
2fe8d7507d,settings: Fix media-query edge case.,11330,Fix,ss62171,1,1
5d279d5456,settings: Fix bugged navigation on mobile.,11330,Fix,ss62171,1,1
8391250e60,puppeteer: Fix a flake in 02-message-basics.js.,11330,Fix,ss62171,1,2
123d527c9e,check-issue-labels: Fix configparser import.,11330,Fix,ss62171,1,1
b7b173d2ae,realm: Fix type-checking for message_retention_days.,11330,Fix,ss62171,1,1
7b3f4755ff,streams: Fix bug that allows 0 value for message_retention_days.,11330,Fix,ss62171,1,2
1737cfdc7d,org settings: Fix change detection of setting input elements.,11330,Fix,ss62171,1,1
4f7848d9b2,css: Fix starred messages not being displayed.,11330,Fix,ss62171,1,1
07fa63e0c8,validator: Fix type errors hidden by bad Any use in set_type_structure.,11330,Fix,ss62171,1,1
fae365f8c7,message fetch: Fix anchor parameter before fetching messages.,11330,Fix,ss62171,1,1
59f7e66b60,"message view: Fix erroneous ""message outside current narrow"" notice.",15528,"message view: Fix erroneous ""message outside current narrow"" notice.",ryanreh99,1,1
59f7e66b60,"message view: Fix erroneous ""message outside current narrow"" notice.",11330,Fix,ss62171,1,1
27100b4507,installer: Fix mis-indentation.,11330,Fix,ss62171,1,1
8e8e34c000,test_runner: Fix a type: ignore issue.,11330,Fix,ss62171,1,1
c242d176ba,rest: Fix a type: ignore issue.,11330,Fix,ss62171,1,1
123b53ae86,test_push_notifications: Fix type: ignore issues.,11330,Fix,ss62171,1,1
e883567146,test_stripe: Fix a type: ignore issue.,11330,Fix,ss62171,1,1
ca1d9603cb,decorator: Fix type of signature-changing decorators.,11330,Fix,ss62171,1,1
8b2d6806ea,compose: Fix video call button when Big Blue Button isn’t enabled.,11330,Fix,ss62171,1,1
086a3ef18b,check_remove_custom_profile_field_value: Fix type.,11330,Fix,ss62171,1,1
16cdc3c66b,migrations: Fix migration 290 not being marked atomic.,11330,Fix,ss62171,1,2
af867cb26c,recent_topics: Fix buggy scrolling.,11330,Fix,ss62171,1,1
8333e11378,emoji_picker: Fix no hover effect when filtering.,15520,emoji_picker: Fix no hover effect when filtering.,Gittenburg,2,1
8333e11378,emoji_picker: Fix no hover effect when filtering.,11330,Fix,ss62171,1,1
5d6f3d0e3a,docs: Fix typo in 'substituted'.,11330,Fix,ss62171,1,1
a4f5b0c635,message_controls: Prevent clicks via visibility & not pointer-events.,15489,message_controls: Prevent clicks via visibility & not pointer-events.,YashRE42,2,0
60c4896c3a,import: Fix import and export parallelism defaults.,15506,import: Fix import and export parallelism defaults.,mateuszmandera,1,1
60c4896c3a,import: Fix import and export parallelism defaults.,11330,Fix,ss62171,1,1
c4ccf0d6b3,openapi: Fix wrong schemas.,11330,Fix,ss62171,1,1
114f859d3a,api_travis_webhook: Fix message type annotation.,11330,Fix,ss62171,1,1
318bc0ca1e,stream: Fix message on clicking add button with empty subscribers form.,15469,stream: Fix message on clicking add button with empty subscribers form.,sahil839,2,1
318bc0ca1e,stream: Fix message on clicking add button with empty subscribers form.,11330,Fix,ss62171,1,1
3e1a0c0e32,portico: Fix UI of /accounts/go page.,11330,Fix,ss62171,1,1
fff2a81536,mypy: Fix payload_url.,11330,Fix,ss62171,1,1
82036741b9,mypy: Fix service_interface,11330,Fix,ss62171,1,1
704c84502b,mypy: Fix authentication_methods.,11330,Fix,ss62171,1,1
d59ccd4c0f,message view: Fix link generation logic of the end of results notice.,15479,message view: Fix link generation logic of the end of results notice.,ryanreh99,1,1
d59ccd4c0f,message view: Fix link generation logic of the end of results notice.,15405,message view: Fix link generation logic of the end of results notice.,ryanreh99,1,1
d59ccd4c0f,message view: Fix link generation logic of the end of results notice.,11330,Fix,ss62171,1,1
fca7897d76,minor: Fix typos in migration to image upload widget.,11330,Fix,ss62171,1,1
aa82008503,search pills: Fix pills misalignment bugs visible in firefox.,11330,Fix,ss62171,1,1
fbf647283b,openapi: Fix validate_against_openapi_schema nested object validation.,11330,Fix,ss62171,1,1
2e9f689add,mypy: Fix annotation for principals.,11330,Fix,ss62171,1,1
a4fdc6f826,api docs: Fix a few misformatted elements.,11330,Fix,ss62171,1,1
63643c9d9d,search: Fix blur event handler for `search_query_box`.,11330,Fix,ss62171,1,1
9038c7f28f,settings CSS : Fix 'user-avatar-source' text reflow bug.,11330,Fix,ss62171,1,1
1b620c7e9f,openapi: Fix duplicated declarations for GET /messages response.,11330,Fix,ss62171,1,1
df6530529a,settings: Fix race condition in getting users' last active time.,11330,Fix,ss62171,1,1
d453520022,settings_user: Fix event propagation for bot and user edit form modal.,11330,Fix,ss62171,1,1
c7d0192755,reaction: Fix missing unique constraint on Reactions model.,11330,Fix,ss62171,1,1
7c6ddf90ae,mypy: Fix default_language annotation.,11330,Fix,ss62171,1,1
9cde534cf4,mypy: Fix event_types annotation.,11330,Fix,ss62171,1,1
87cca3a234,api docs: Fix more broken URLs in changelog.,11330,Fix,ss62171,1,1
8db89ae3d0,api docs: Fix links broken by recent merge.,11330,Fix,ss62171,1,1
9173f32a10,api docs: Fix formatting in changelog.,11330,Fix,ss62171,1,1
60b800b1ac,upgrade-zulip-from-git: Fix setting postgres_version.,11330,Fix,ss62171,1,1
dbe9f09dae,lint: Fix extra blank lines.,11330,Fix,ss62171,1,1
eae6c039d2,docs: Fix typo using.md.,11330,Fix,ss62171,1,1
9801692a2d,css: Fix size of GitLab icon in login and signup buttons.,11330,Fix,ss62171,1,1
d32e8276d2,message_scroll: Fix broken call to hide_empty_narrow_message.,11330,Fix,ss62171,1,1
872d43713a,settings org: Fix i18n in image_upload_widget.hbs.,11330,Fix,ss62171,1,1
7250d41bf7,puppet: Fix the path to install-wall-g,11330,Fix,ss62171,1,1
3f55bfc53b,CVE-2020-14215: Fix migration 0198_preregistrationuser_invited_as.,11330,Fix,ss62171,1,2
8d2d64c100,CVE-2020-14215: Fix validation in PreregistrationUser queries.,11330,Fix,ss62171,1,1
4fff858aa2,templates: Fix missing quoting of attributes in HTML templates.,11330,Fix,ss62171,1,1
87f7874a79,CVE-2020-12759: Fix reflected XSS vulnerability in Dropbox webhook.,11330,Fix,ss62171,1,1
5c0a52585c,typeahead: Fix buggy code block language notice.,11330,Fix,ss62171,1,1
63f69c48a5,navbar: Fix clickable area between sub_count and narrow_description.,11330,Fix,ss62171,1,1
577055fb54,message view: Fix double loading indicator situation.,11330,Fix,ss62171,1,1
26396c5e25,puppet: Fix exceptions with multiple certbot declarations.,11330,Fix,ss62171,1,1
46247623fc,navbar: Fix navbar for unknown streams.,11330,Fix,ss62171,1,1
52b7dac6af,emoji_picker: Fix DOM race condition with offsets.,11330,Fix,ss62171,1,1
f448ee404a,lint: Fix a new % format string that should be fstring.,11330,Fix,ss62171,1,1
a803e68528,email-mirror-postfix: Handle 8-bit messages correctly.,11330,Fix,ss62171,1,1
5b940fc1b8,ui: Fix stream filter top margin in left-sidebar.,11330,Fix,ss62171,1,1
b7100d8293,ui: Fix simplebar position in the left-sidebar.,11330,Fix,ss62171,1,1
80589099d8,puppet: Fix typo in logic for whether to install certbot.,11330,Fix,ss62171,1,1
a361646221,docs: Fix references to removed puppet rules.,11330,Fix,ss62171,1,1
6490f666af,recent_topics: Fix boundary typo.,11330,Fix,ss62171,1,1
edf411718c,openapi: Fix documentation of narrow parameter.,11330,Fix,ss62171,1,1
69c0959f34,python: Fix misuse of Optional types for optional parameters.,11330,Fix,ss62171,1,1
7229088b6c,tools: Fix message-screenshot.js failing to take screenshot.,11330,Fix,ss62171,1,1
a92b31db05,node_tests: Fix incorrect stub of discard button.,11330,Fix,ss62171,1,1
b82ca432bb,right-sidebar: Fix the height of user presence list elements.,11330,Fix,ss62171,1,1
46a98d2eec,right-sidebar: Fix menu icon hover color.,11330,Fix,ss62171,1,1
fbc96d56d5,sharding: Fix permissions on the nginx_sharding.conf file.,11330,Fix,ss62171,1,1
e989c87a18,openapi: Fix response validation bug.,11330,Fix,ss62171,1,1
7b2255597c,outgoing-webhook: Fix check for empty content.,11330,Fix,ss62171,1,1
7585776c76,stream_header: Fix broken header color and outflowing boundary.,11330,Fix,ss62171,1,1
9cb6a75da5,docs: Fix location of default settings.,11330,Fix,ss62171,1,1
ec00e39e45,recent_topics: Fix misplaced thead border and adjacent css properties.,11330,Fix,ss62171,1,1
d8a312eddb,recent_topics: Append proper prefix before stream name.,11330,Fix,ss62171,1,1
3dbd346037,message view: Fix position of `loading_older_messages_indicator`.,11330,Fix,ss62171,1,1
90f3882512,settings: Fix duplicate logging from zulip.auth logger.,11330,Fix,ss62171,1,1
716a39fcb5,search_box: Fix search bar background on nightmode.,11330,Fix,ss62171,1,1
7e75a7e336,postgres: Fix syntax error in postgres 12 config.,11330,Fix,ss62171,1,2
08ddeca8a5,docs: Fix an incorrect use of i.e.,11330,Fix,ss62171,1,1
444fbbf964,python: Whitespace fixes from autopep8.,11330,Fix,ss62171,1,1
29ef37d03b,docs: Fix broken wording in testing/philosophy.md.,11330,Fix,ss62171,1,1
fb969de765,docs: Fix typos in testing/philosophy.md.,11330,Fix,ss62171,1,1
17afd460bc,docs: Fix typos in contributing/code-style.md.,11330,Fix,ss62171,1,1
ad24eef6ee,circleci: Drop -python3.X suffixes from job names.,11330,Fix,ss62171,1,1
60d7cdb447,edit_history: Fix topic-only edits never showing a date row.,11330,Fix,ss62171,1,1
4eaa62eaa6,navbar: Fix search icon click event.,11330,Fix,ss62171,1,1
b22b1004a8,user-profile: Fix user profile layout for long name.,11330,Fix,ss62171,1,1
19cc22e5ab,queue: Fix types to reflect that Pika channels transmit bytes.,11330,Fix,ss62171,1,1
a236256d64,test_slack_importer: Fix mocked_requests_get type.,11330,Fix,ss62171,1,1
4b44d87477,test_push_notifications: Fix mock_apns type.,11330,Fix,ss62171,1,1
fb6047c4ae,stream_color.js: Fix color picker not saving custom color.,11330,Fix,ss62171,1,1
42f1cb3444,management: Fix delete_old_unclaimed_attachments.,11330,Fix,ss62171,1,1
3bf739fef6,settings: Fix fetching API key with password auth disabled.,11330,Fix,ss62171,1,1
3bce7bbc74,userlist-toggle: Fix css styling errors.,11330,Fix,ss62171,1,1
5fe489c5ae,dropdown-menu: Remove caret-down icon and fix alignment.,11330,Fix,ss62171,1,1
f9414c2ea5,search pills: Fix nightmode color of sub counts & narrow description.,11330,Fix,ss62171,1,1
29b8e11e20,navbar: Fix search input margin.,11330,Fix,ss62171,1,1
44995e36df,realm logo: Fix realm logo unsupported file upload bug.,15214,realm logo: Fix realm logo unsupported file upload bug.,Jagansivam28,1,1
44995e36df,realm logo: Fix realm logo unsupported file upload bug.,11330,Fix,ss62171,1,1
5ab1ddbad9,test_zulint_custom_rules: Fix open mock.,11330,Fix,ss62171,1,1
10805abd6e,python: Fix errors from pycodestyle 2.6.0.,11330,Fix,ss62171,1,2
9a9c1e0794,webhooks/stripe: Fix the invoice_created event.,11330,Fix,ss62171,1,1
7a53da7526,capitalization: Fix OAuth capitalization.,11330,Fix,ss62171,1,1
8d9d36cbc7,api docs: Fix whitespace in changelog articles.,11330,Fix,ss62171,1,1
c4d3c03ad4,compose: Fix subscribing the user from mention warning.,11330,Fix,ss62171,1,1
c4d0bd6445,settings: Fix last_active sorting in user settings.,11330,Fix,ss62171,1,1
f93c19ec62,openapi: Fix various errors in OpenAPI declarations.,11330,Fix,ss62171,1,1
7e681c934c,docs: Fix anchor link written in reference link syntax.,11330,Fix,ss62171,1,1
bb0b82f397,"docs: Fix ""report an issue"" link in README.md.",11330,Fix,ss62171,1,1
267c427677,docs: Fix broken and missing link references in Git guide.,11330,Fix,ss62171,1,1
c7cbf66553,tests: Fix tests to use role instead of is_admin for updating user.,11330,Fix,ss62171,1,1
fbcf6a7d72,streams: Add nocoverage to fix CI.,11330,Fix,ss62171,1,1
cf8c1cb357,docs: Fix typo in status-and-availability.md.,11330,Fix,ss62171,1,1
4b10a07c3e,auth: Fix social signup with the desktop app.,11330,Fix,ss62171,1,1
8972bf6b7a,doc: Updated CircleCI setup documentation.,15166,Circleci setup document,arpit551,2,0
5d0a119e7d,team: Fix inaccurately specific sentence.,11330,Fix,ss62171,1,1
c78d728812,events: Fix test_events race handling of role changes.,11330,Fix,ss62171,1,1
080014abcc,settings_users: Fix bot_list_widget not defined.,11330,Fix,ss62171,1,1
98903df639,openapi: Fix some zulip.yaml return values description.,11330,Fix,ss62171,1,1
88d501515e,"presence: Fix ""Last active:"" in buddy list when last presence is idle.",11330,Fix,ss62171,1,1
465947d1bb,webhooks: Fix travis display emoji for `Pending` status.,11330,Fix,ss62171,1,1
96f466f635,docs: Fix typo in testing-with-node.md.,11330,Fix,ss62171,1,1
0f6a5ce9fb,compose: Fix visual glitch in compose box decoration.,11330,Fix,ss62171,1,1
7e1bc9bf2f,openapi_responses: Fix get_user_presence.,11330,Fix,ss62171,1,1
cffb927f07,openapi_responses: Fix get_own_user.,11330,Fix,ss62171,1,1
1273545637,openapi_responses: Fix get_messages.,11330,Fix,ss62171,1,1
4096e0e6b9,openapi_responses: Fix list_subscriptions.,11330,Fix,ss62171,1,1
a4cf77e5dc,openapi_responses: Fix get_message_history.,11330,Fix,ss62171,1,1
29ef17c999,openapi_responses: Fix get_realm_emoji.,11330,Fix,ss62171,1,1
b9c31942b5,openapi_responses: Fix get_user_groups.,11330,Fix,ss62171,1,1
9d982d3c0e,puppeteer: Fix test flake in 01-login.js.,11330,Fix,ss62171,1,2
74e9019922,openapi_responses: Fix get_stream_topics.,11330,Fix,ss62171,1,1
ae8167cd09,openapi_responses: Fix get_users and get_user.,11330,Fix,ss62171,1,1
bc50308799,openapi_responses: Fix send_message.,11330,Fix,ss62171,1,1
1b94d30efe,openapi_responses: Fix update_stream.,11330,Fix,ss62171,1,1
f50aab6740,openapi_responses: Fix update_subscription_settings.,11330,Fix,ss62171,1,1
6d438cbba4,openapi_responses: Fix get_streams.,11330,Fix,ss62171,1,1
d34a25d4c9,openapi_responses: Fix delete_stream.,11330,Fix,ss62171,1,1
23f0b3bc45,landing: Fix responsive styling for navbar custom messages.,11330,Fix,ss62171,1,1
5f498f788f,node: Fix test failures due to removed zulip-limited-section.,11330,Fix,ss62171,1,1
94dfe4bed3,portico: Fix apps page webapp link being useless.,11330,Fix,ss62171,1,1
4680d504de,invite: Fix invitations removed from list too soon.,11330,Fix,ss62171,1,1
ede709f75c,bug fix: Fix sorting for group-pm edge cases.,11330,Fix,ss62171,1,1
a5f0379e0f,settings: Fix streams tab-switcher misalignment for iPad size devices.,11330,Fix,ss62171,1,1
5a9e834571,settings: Fix missing Emoji settings translation tag.,11330,Fix,ss62171,1,1
2af4ef6c6d,message_events: Fix live update of message edit history.,11330,Fix,ss62171,1,1
55db6ed1e3,"stream settings: Fix ""Saving"" widget for Muted streams.",11330,Fix,ss62171,1,1
a53daa6f8c,message: Fix malformed reaction data.,11330,Fix,ss62171,1,1
c192461c1b,docs: Fix setup-advanced git clone instructions.,11330,Fix,ss62171,1,1
1058c08623,narrow: Fix a typo in the then_select_id comment.,11330,Fix,ss62171,1,1
e59a2a23c3,portico: Fix a few issues with /for/research.,11330,Fix,ss62171,1,1
ad723f1ab4,settings: Fix settings sidebar list bug.,11330,Fix,ss62171,1,1
1c28770810,puppet: Fix apt_repo_debathena setup_file path.,11330,Fix,ss62171,1,1
9b9aa23f6a,docs: Fix path for API code markdown extension.,11330,Fix,ss62171,1,1
01deb8a6af,navbar: Use direct child selector to target spans.,15009,navbar: Use direct child selector to target spans.,YashRE42,2,0
cc9e6a54c0,"doc: Fix tense for ""Include"".",11330,Fix,ss62171,1,1
f10f2600e0,retention: Fix OOM issues when deleting large numbers of transactions.,11330,Fix,ss62171,1,1
734d651b45,home: Fix furthest read time when user has multiple clients.,11330,Fix,ss62171,1,1
41afdc6526,compose.js: Fix compose box didn't collapse.,14970,compose.js: Fix compose box didn't collapse.,joaomcarvalho,1,1
41afdc6526,compose.js: Fix compose box didn't collapse.,11330,Fix,ss62171,1,1
496c08e26c,slack import: Fix DefaultStream import of deactivated #random.,11330,Fix,ss62171,1,1
2491bcdd84,realm_logo: Fix incorrect display of realm logo delete button.,11330,Fix,ss62171,1,1
7c820fa51e,navbar: Fix handling of links in click handler.,11330,Fix,ss62171,1,1
b746547395,user settings: Fix email sort for bots/deactivateds.,11330,Fix,ss62171,1,1
d3c7579730,gitlab: Fix missing coverage/bug for job hooks corner case.,11330,Fix,ss62171,1,1
322e84ffeb,integrations: Add ERROR prefix to missing bot avatar message.,11330,Fix,ss62171,1,1
11027161c3,webhooks: Fix handling of GitLab Job Hook events.,11330,Fix,ss62171,1,1
60a762704a,org settings: Fix limited plan realm can change message_retention_days.,11330,Fix,ss62171,1,1
32f3fd1c77,bugdown: Fix ElementPair typing.,11330,Fix,ss62171,1,1
6aaeab75bc,bugdown: Fix ResultWithFamily typing.,11330,Fix,ss62171,1,1
524d347c39,i18n: Fix makemessages not walking subdirectories.,11330,Fix,ss62171,1,1
0c2b25cab3,home/page_params: Add suffix `_mib` to clarify the size units.,11330,Fix,ss62171,1,1
93b9f1ccfb,org settings: Fix typo in `id_realm_waiting_period_threshold` label.,11330,Fix,ss62171,1,1
ac2d7fef56,docs: Fix recent regression with server-settings.,11330,Fix,ss62171,1,1
b079ba97ff,desktop-login: Fix window.open invocation.,11330,Fix,ss62171,1,1
8da8b7da41,docs: Fix typo in message-retention-policy.md.,11330,Fix,ss62171,1,1
50b74f7101,casper: Fix invalid check in 00-realm-creation.,11330,Fix,ss62171,1,2
1c5aa10147,soft_deactivation: Fix buggy error handling.,11330,Fix,ss62171,1,1
cebac3f35a,"db: Fix types to accept psycopg2.sql.Composable queries, avoid Any.",11330,Fix,ss62171,1,1
4034f6f99e,nagios: Fix check_postgres_replication_lag.,11330,Fix,ss62171,1,1
dbee6b5622,"THIRDPARTY: Fix short name references for Apache-2.0, BSD-2-Clause.",11330,Fix,ss62171,1,1
7be52449a8,lib/bugdown/api_code_examples: Fix buggy rendering of print statement.,11330,Fix,ss62171,1,1
de22da768d,api docs: Fix typo s/emoji_type/reaction_type.,11330,Fix,ss62171,1,1
0cbb778af4,ui_init: Fix play button position on video thumbnails.,11330,Fix,ss62171,1,1
1be4cc5f17,openapi: Fix servers section to work in online editor.,11330,Fix,ss62171,1,1
1aaef75bc5,test databases: Fix dev/test typo.,11330,Fix,ss62171,1,1
03fecba917,alert_words: Fix cache flushing behavior and add tests.,11330,Fix,ss62171,1,1
8e5b0351b3,alert_words: Fix case-sensitivity of alert words.,11330,Fix,ss62171,1,1
c11de1e3a7,user profile cards: Fix bug with deactivated user.,11330,Fix,ss62171,1,1
a015160ec0,ci: Fix restoring and and saving npm caches.,11330,Fix,ss62171,1,1
b46d1c8d07,dev_settings: Fix run-dev SyntaxError.,11330,Fix,ss62171,1,1
96443c0a1d,settings: Fix missing typing import.,11330,Fix,ss62171,1,1
e47e1cd648,droplet settings: Fix hostname-related settings.,11330,Fix,ss62171,1,1
09b5f053ea,settings: Fix i18n tagging of `(you)` to be consistent.,11330,Fix,ss62171,1,1
b26a420c7a,"styles: Size full-viewport fixed elements as 100%, not 100vw × 100vh.",14725,"styles: Size full-viewport fixed elements as 100%, not 100vw × 100vh",andersk,1,2
b26a420c7a,"styles: Size full-viewport fixed elements as 100%, not 100vw × 100vh.",11330,Fix,ss62171,1,2
c81240547e,muting: Fix real time sync of muted topics.,11330,Fix,ss62171,1,1
c00f626f8e,styles: Fix code block white-space for Python-Markdown upgrade.,11330,Fix,ss62171,1,1
1cf63eb5bf,python: Whitespace fixes from autopep8.,11330,Fix,ss62171,1,1
19afa77173,composebox_typeahead: Fix incorrectly sorted assertions in tests.,11330,Fix,ss62171,1,1
0121e82d2c,ci: Fixed saving cache bug in Circle CI jobs.,11330,Fix,ss62171,1,1
56a5beddc0,ci: Fixed errors related to running services in ci production build.,11330,Fix,ss62171,1,1
821059814e,typeahead: Fix broken email address handling in typeahead.,11330,Fix,ss62171,1,1
2d11d58c9a,ui: Fix deleted msg color in Message edit history modal.,11330,Fix,ss62171,1,1
438a545477,gitlint-rules: Fix bogus type annotations.,11330,Fix,ss62171,1,1
3b71e0dbfb,stream settings: Fix UI feedback on clicking checkbox to subscribe.,14596,stream settings: Fix UI feedback on clicking checkbox to subscribe.,Pranav2612000,1,1
3b71e0dbfb,stream settings: Fix UI feedback on clicking checkbox to subscribe.,11330,Fix,ss62171,1,1
43ac901ad9,styles: Fix code block styling for Python-Markdown upgrade.,11330,Fix,ss62171,1,1
6dc12295db,test_alert_words: Fix broken accidentally working test.,11330,Fix,ss62171,1,1
6f55a8b7e5,templates: Fix invalid self-closing tags.,11330,Fix,ss62171,1,1
d33abba687,base: Fix jinja2.exceptions.UndefinedError on Python ≥ 3.7.,11330,Fix,ss62171,1,2
87ba6cb4c9,tab_bar: Fix colors stream_count and description in nightmode.,11330,Fix,ss62171,1,1
a25b38cd0e,i18n: Fix translated strings for topic-move notices.,11330,Fix,ss62171,1,1
497383cc12,stream_topic_history: Fix incorrectly migrated field name.,11330,Fix,ss62171,1,1
71ab86f5f7,openapi: Fix minor error in zulip.yaml,11330,Fix,ss62171,1,1
e5d6e2e44f,"settings UI: Fix hovering bug in ""Uploaded files"" settings.",11330,Fix,ss62171,1,1
f98843d197,provision: Add build_emoji prefix to message.,11330,Fix,ss62171,1,1
01efb351d5,webhooks/basecamp: Fix typo in todo_due_on_changed event name.,11330,Fix,ss62171,1,1
84e411c543,generate-integration-docs-screenshot: Fix crash on ignored fixtures.,11330,Fix,ss62171,1,1
561ded5e59,production: Fix generating bot static files in production.,11330,Fix,ss62171,1,1
777a3b6c18,puppet: Fix nagios check to not require typing_extensions.,11330,Fix,ss62171,1,1
d30c8d4a66,terms: Fix email address visibility displayed when accepting ToS.,11330,Fix,ss62171,1,1
0b71b092b3,admin users: Fix email sort.,11330,Fix,ss62171,1,1
eb1344c41c,list_render: Fix filtering/sorting.,11330,Fix,ss62171,1,1
95fa8b2a26,rate_limiter: Fix too early return  if no rules are passed in.,11330,Fix,ss62171,1,1
9cc64156e4,compose: Fix color of preview icon.,11330,Fix,ss62171,1,1
2b179143a8,static/js: Fix custom numeric emojis not working in reactions.,11330,Fix,ss62171,1,1
22c8a7ccef,invite settings: Fix sorting with multi-user links.,11330,Fix,ss62171,1,1
4f23f13c55,fetch-contributor-data: Fix running in production.,11330,Fix,ss62171,1,1
d60efa1478,thumbor: Fix __file__ typo.,11330,Fix,ss62171,1,1
67822a0544,messages: Fix 500 on queries with empty string as search operand.,14550,messages: Fix 500 on queries with empty string as search operand.,punchagan,1,2
67822a0544,messages: Fix 500 on queries with empty string as search operand.,11330,Fix,ss62171,1,2
c792abebc0,docs: Fix broken link to WSL 2 doc.,11330,Fix,ss62171,1,2
f5a12e4094,nagios: Fix use of wrong variable in check_rabbitmq_queue.,11330,Fix,ss62171,1,1
145910bdd5,test_events: Fix incorrect merge conflict resolution.,11330,Fix,ss62171,1,1
5d58590f14,local echo: Fix resending of local messages.,11330,Fix,ss62171,1,1
9fa4ec56bb,local echo: Fix type errors for message_send_error.,11330,Fix,ss62171,1,1
dccbb25a49,minor: Fix duplicate function names in echo.js.,11330,Fix,ss62171,1,1
0e57975643,settings: Fix downloading zuliprc files with hidden emails.,11330,Fix,ss62171,1,1
a373387009,tornado: Fix parsing of delete_message events with no users.,11330,Fix,ss62171,1,1
5988d021f9,test_docs: Fix use of fixture when testing /team data.,11330,Fix,ss62171,1,1
af7450ae01,filter: Fix missing test coverage.,11330,Fix,ss62171,1,1
e0d5d5f136,filter: Fix sorted_term_types sorting of streams:public.,11330,Fix,ss62171,1,1
46a02e70b0,rate_limiter: Fix inconsistency in an edge case in redis limiter.,11330,Fix,ss62171,1,1
4b567d8edd,rate_limiter: Fix secs_to_freedom being set to a timestamp.,11330,Fix,ss62171,1,1
8ea3bfb927,todo_list: Fix list item indexing in race condition.,11330,Fix,ss62171,1,1
0599273cfa,bitbucket: Fix support for pushes that update a tag.,11330,Fix,ss62171,1,1
38abe57083,tests: Fix test in test_subs.py.,11330,Fix,ss62171,1,1
4ac633d432,left sidebar: Fix exceptions when updating sub data.,11330,Fix,ss62171,1,1
3a07febc20,"night mode: Fix how ""x"" is displayed on ""You have nothing to send!"".",11330,Fix,ss62171,1,1
b788f18630,left sidebar: Fix topic list disappearing during pins.,11330,Fix,ss62171,1,1
ba16b37f8d,circleci: Update venv cache prefix based on thumbor-dev.txt.,11330,Fix,ss62171,1,1
31e5765431,lightbox: Fix incorrect use of const and typo.,11330,Fix,ss62171,1,1
f2806a0a06,copy/paste: Extract visible_range() to fix error.,11330,Fix,ss62171,1,1
5245aa457f,condense/resize: Fix blueslip errors from drafts.,11330,Fix,ss62171,1,1
5a5fc6caa1,stream edit: Fix real-time sync of stream notification setting.,11330,Fix,ss62171,1,1
2d45308546,CVE-2020-10935: Fix XSS vulnerability in local link rewriting.,11330,Fix,ss62171,1,1
3cea9ce1c4,stream_edit: Fix closing settings overlay after closing modals.,11330,Fix,ss62171,1,1
3b3f9b0b8a,portico: Fix the position and size of overflow for small size devices.,14408,portico: Fix the position and size of overflow for small size devices.,SiddharthVarshney,1,1
3b3f9b0b8a,portico: Fix the position and size of overflow for small size devices.,11330,Fix,ss62171,1,1
d2fa058cc1,text: Fix some typos (most of them found and fixed by codespell).,11330,Fix,ss62171,1,1
cb1fb94ac8,webhooks: Fix Jira webhook constructing subject still too early.,11330,Fix,ss62171,1,1
a2efe3ab64,narrow: Show starred messages from muted topics in starred message view.,14028,narrow: Show starred messages from muted topics in starred message view.,sahil839,2,0
56aadf6503,tests: Fix CI apocalypse perpetrated by previous commit.,11330,Fix,ss62171,1,1
9d346673f1,webhooks: Fix handling of additional old-format Jira events.,11330,Fix,ss62171,1,1
d52a891858,jira: Fix handling of sprint_started events.,11330,Fix,ss62171,1,1
0308ded874,node tests: Fix coverage issues for recent panels.js changes.,11330,Fix,ss62171,1,1
19b806d6c2,settings: Fix notification settings update notifications.,11330,Fix,ss62171,1,1
35c5e00f9d,node: Fix i18n node tests following string replacement.,11330,Fix,ss62171,1,1
ee9678a2bd,stream settings: Fix issues with viewing/editing long stream names.,11330,Fix,ss62171,1,1
2f213f7c8e,monitoring: Fix check-rabbitmq-consumers.,11330,Fix,ss62171,1,1
1826bac1b1,default streams: Fix overly aggressive typeahead.,11330,Fix,ss62171,1,1
77ce5841b9,info_overlay: Fix keyboard accessibility of keyboard shortcuts modal.,12535,Keyboard shortcut,YashRE42,1,1
77ce5841b9,info_overlay: Fix keyboard accessibility of keyboard shortcuts modal.,11330,Fix,ss62171,1,1
53294928c4,settings: Fix toggling push notification checkbox when disabled.,11330,Fix,ss62171,1,1
6c1f1e12fe,yml: Fix trailing whitespace in .circleci/config.yml.,11330,Fix,ss62171,1,1
f658e14139,node tests: Fix broken settings_org test.,11330,Fix,ss62171,1,1
3d0b720543,provision: Fix missing apt update for installing new dependencies.,11330,Fix,ss62171,1,1
25e091a065,setup_path: Fix KeyError in setup_path for virtualenv ≥ 20.,11330,Fix,ss62171,1,2
180d8abed6,messages: Fix unlikely exception when trying to delete a message.,11330,Fix,ss62171,1,1
481d351cee,events: Fix buggy apply_events handling of starred_messages.,11330,Fix,ss62171,1,1
edf1b1e5e8,minor: Fix buggy lstrip() call in integrations dev panel.,11330,Fix,ss62171,1,1
d65fbfb3db,casper: Fix buggy waiting logic in 08-edit.,11330,Fix,ss62171,1,2
5b853cb2e5,node tests: Fix typo for directory in docs.,11330,Fix,ss62171,1,1
5cfdfbe6b1,docs: Fix wrong file address the Matrix Integration docs.,11330,Fix,ss62171,1,1
cd9a9908ca,docs: Fix some small errors in CONTRIBUTING.md.,11330,Fix,ss62171,1,1
42ee2f5e86,tests: Fix test coverage on recent commit.,11330,Fix,ss62171,1,1
ca74cd6e37,bug fix: Fix unread counts for certain API messages.,14231,bug fix: Fix unread counts for certain API messages.,showell,1,1
ca74cd6e37,bug fix: Fix unread counts for certain API messages.,11330,Fix,ss62171,1,1
83ad56aa64,ui: Fix list_render sorting breaking after re-creation/update.,11330,Fix,ss62171,1,1
c220b971ae,docs: Fix some typos in documentation (most of them found and fixed by codespell).,11330,Fix,ss62171,1,1
327831df1e,"hotkeys: Fix ""n"" key behavior in some narrows.",11330,Fix,ss62171,1,1
08780fcb95,test_import_export: Fix how stream.recipient_id is verified.,11330,Fix,ss62171,1,1
bb49a60bd5,docs: Fix type in authentication methods.,11330,Fix,ss62171,1,1
ff4b5d8ce6,minor: Fix list/set test flake.,11330,Fix,ss62171,1,1
a491c5a162,styles: Fix SimpleBar hover styling for simplebar@5.1.0.,11330,Fix,ss62171,1,1
fcc5ae5247,invites: Fix regression w/email vs. delivery_email.,11330,Fix,ss62171,1,1
68274cae74,apps: Fix broken desktop download links.,11330,Fix,ss62171,1,1
2000608a9e,report_error: Fix inaccurate docstring.,11330,Fix,ss62171,1,1
6a791e1939,subscriber list: Fix display of email addresses in subscribers list.,11330,Fix,ss62171,1,1
914cda9e2d,test_classes: Fix api credentials with email_address_visibility setting.,11330,Fix,ss62171,1,1
64b85415f5,migrations: Fix unused import error.,11330,Fix,ss62171,1,1
c43a29ff54,invites: Fix bug with inviting cross realm bots.,11330,Fix,ss62171,1,1
f299f31340,analytics: Fix missing unique constraint when subgroup is null.,11330,Fix,ss62171,1,1
dcc92de205,"protico: Fix alignment, appearance and link for Current plan button.",11330,Fix,ss62171,1,1
56591890b0,org settings: Fix bot owner profile display.,11330,Fix,ss62171,1,1
849adc8fa4,docs: Fix last date for gsoc proposal submission.,11330,Fix,ss62171,1,1
02c7131a64,Fixed last date of proposal submission GSOC,11330,Fix,ss62171,1,1
e506dbcdad,auth: Monkey patch a fix for Github deprecation notice spam.,11330,Fix,ss62171,1,1
03a6da27f1,auth: Fix Github auth with organization/team membership restriction.,11330,Fix,ss62171,1,1
eee784312d,stats: Fix Other calculation.,14090,stats: Fix Other calculation,andersk,1,1
eee784312d,stats: Fix Other calculation.,11330,Fix,ss62171,1,1
6e4dcc714e,auth: Fix bug in backend configuration checks in start_social_login.,11330,Fix,ss62171,1,1
8779fad281,popovers: Fix missing string-to-integer conversion.,11330,Fix,ss62171,1,1
98a7cd85a2,auth: Fix return type annotations on social auth pipeline functions.,11330,Fix,ss62171,1,1
fb087c317b,docs: Fix changelog typo.,11330,Fix,ss62171,1,1
d2a62d2055,node tests: Fix dead code in people tests.,11330,Fix,ss62171,1,1
33dc4543a9,node tests: Fix dead code in activity.,11330,Fix,ss62171,1,1
324b5052c6,stream_edit: Fix error handling for unchanged stream name.,11330,Fix,ss62171,1,1
f68e91e6e1,"settings_account: Fix real-time sync of text on the ""Full name"" button.",14000,"settings_account: Fix real-time sync of text on the ""Full name"" button.",pragatiagrawal31,1,1
f68e91e6e1,"settings_account: Fix real-time sync of text on the ""Full name"" button.",11330,Fix,ss62171,1,1
29dd7d2267,minor: Fix comment in send_message_backend.,11330,Fix,ss62171,1,1
16fccd77b7,minor: Fix blueslip error to use zid.,11330,Fix,ss62171,1,1
c68d90fea1,settings user groups: Fix organization admin can not create user groups.,11330,Fix,ss62171,1,1
ea14dff7de,tictactoe: Fix type confusion.,11330,Fix,ss62171,1,1
9d598d95a6,puppet: Fix puppet-lint warning.,11330,Fix,ss62171,1,1
fd2d642f95,postgres-init-db: Fix invocation from a relative path.,11330,Fix,ss62171,1,1
91edb7dc43,puppet: Fix regeneration of memcached-sasldb2 on password changes.,11330,Fix,ss62171,1,1
bbc25ab88b,org settings: Fix usage of forEach method on jQuery object.,11330,Fix,ss62171,1,1
800312c976,has_request_variables: Fix slow extraction of parameters.,11330,Fix,ss62171,1,1
8e356368f7,markdown: Fix HTML escaping of &.,11330,Fix,ss62171,1,1
b3caa79f35,ui_report: Fix HTML escaping of &.,11330,Fix,ss62171,1,1
a91358e186,webhooks: Fix hellosign webhook.,11330,Fix,ss62171,1,1
96b0ec705d,email_notifications: Fix missing translation tags on sender.,11330,Fix,ss62171,1,1
8892f463a8,zjquery: Fix zjquery.state.,11330,Fix,ss62171,1,1
3236483d0e,tests: Fix type reflection for Python 3.7.,11330,Fix,ss62171,1,2
1b6578cafd,messages: Fix bug with commas in stream names.,11330,Fix,ss62171,1,1
6e40db4b1f,minor: Fix misleading comments.,11330,Fix,ss62171,1,1
8dee0ab1e0,tests: Fix predicate mock in simulate_narrow.,11330,Fix,ss62171,1,1
11b5d80800,tests: Fix more undefined mocks.,11330,Fix,ss62171,1,1
fb09bd5df6,node: Fix lightbox tests to use message_store.get().,11330,Fix,ss62171,1,1
fe48ede9cf,node tests: Fix bug with zero-coverage case.,11330,Fix,ss62171,1,1
811e128787,check-openapi: Fix lint errors and remove lint exclusion.,11330,Fix,ss62171,1,1
84edb5c516,test_fixtures: Fix buggy reuse of status_dir between databases.,11330,Fix,ss62171,1,1
14e0322dda,docs: Fix small issues in architecture overview.,11330,Fix,ss62171,1,1
2aab71e153,event_queue: Fix confusing event_queue.push interface.,11330,Fix,ss62171,1,1
00de35b28a,docs: Typo fixes in testing/philosophy.md.,11330,Fix,ss62171,1,1
b975d693bd,stream_edit: Fix realm time sync of notifications setting checkbox.,11330,Fix,ss62171,1,1
6a7cdfa2c1,auth: Fix error on startup in django-two-factor-auth in Django 2.1+.,11330,Fix,ss62171,1,2
c5af0fccce,docs: Fix anchors for using.,11330,Fix,ss62171,1,1
9f150385bc,design: Fixes height of view stream button. The view stream button had a line-height property which messed up its height. Fixed it by removing the line-height property.,11330,Fix,ss62171,1,1
3dec7f6f6f,design: Fixes poor line wrapping of long stream names using ellipses.,11330,Fix,ss62171,1,1
fd9557aa0c,"unread: Fix {get_msg_ids,num_unread}_for_person type confusion.",11330,Fix,ss62171,1,1
4fba725803,test_auth_backends: Fix errors after rebasing.,11330,Fix,ss62171,1,1
7858e5ee40,webhooks/ansibletower: Update for AWX 9.1.1.,13789,webhooks/ansibletower: Update for AWX 9.1.1.,Hypro999,1,1
df6b90db3c,settings: Fix copy-from-clipboard behavior for bot tokens.,11330,Fix,ss62171,1,1
a583da67b3,test-queue-worker-reload: Fix expected number of workers.,11330,Fix,ss62171,1,1
90bc2ad8ce,webhooks: Fix typo in test_stream_error_pm_to_bot_owner comment.,11330,Fix,ss62171,1,1
682dea1b34,test_classes: Fix bug where UserProfile could be passed to client_post.,11330,Fix,ss62171,1,1
6948a768ec,minor: Fix typo in template comment.,11330,Fix,ss62171,1,1
6e75c27f74,test_events: Fix nested use of check_events_dict.,11330,Fix,ss62171,1,1
bf2f36e6b4,message_fetch: Fix load_messages_for_narrow anchor parameter.,11330,Fix,ss62171,1,1
e2810d7549,narrow: Fix server handling of other larger anchor values.,11330,Fix,ss62171,1,1
91f1825474,test_helpers: Fix POSTRequestMock typing.,11330,Fix,ss62171,1,1
c103cf69ff,Fix pill-container piece of recent hotkey fix.,11330,Fix,ss62171,1,1
8f50062e49,soft_deactivation: Fix incorrect logging function.,11330,Fix,ss62171,1,1
7af6be9aaf,"subs: Fix reloading the browser to ""manage streams"" UI.",11330,Fix,ss62171,1,1
56b49e5566,invite: Fix capitalization for 'receives new stream notifications'.,11330,Fix,ss62171,1,1
ef892271dc,int_dict: Fix type errors for user_groups.,11330,Fix,ss62171,1,1
b80f8babcc,node tests: Fix test failure in templates.js.,11330,Fix,ss62171,1,1
122e11c678,slack import: Fix handling of messages sent by user U00.,11330,Fix,ss62171,1,1
030c07184a,settings: Fix buggy emoji format loading spinner.,11330,Fix,ss62171,1,1
a3a662c7d2,message_list_view: Fix handling of links to deleted streams.,11330,Fix,ss62171,1,1
0f368b3373,"topic_list: Fix minor bug with ""more topics"".",11330,Fix,ss62171,1,1
46f2aec674,register: Fix whitespace.,13672,register: Fix whitespace.,timabbott,1,1
46f2aec674,register: Fix whitespace.,11330,Fix,ss62171,1,1
d0492b103b,template_parser: Fix Jinja2 tag matching with strip whitespace syntax.,11330,Fix,ss62171,1,1
319e2231b8,thumbnail: Tighten fix for CVE-2019-19775 open redirect.,11330,Fix,ss62171,1,1
d816a12db9,casper tests: Fix buggy submit_notifications_stream_settings.,11330,Fix,ss62171,1,1
3a9568b4d4,migrations: Fix zulipinternal migration corner case.,11330,Fix,ss62171,1,1
8512106c64,org settings: Fix selecting in streams dropdown using the keyboard.,11330,Fix,ss62171,1,1
29e63c0417,Fix type errors in LazySet.,11330,Fix,ss62171,1,1
c579b6858e,send_to_email_mirror: Fix loop setting recipient-like headers.,11330,Fix,ss62171,1,1
8226573af6,default stream groups: Fix broken registration UI.,11330,Fix,ss62171,1,1
4562949f43,default stream groups: Fix buggy LDAP behavior.,11330,Fix,ss62171,1,1
0eafa48ca1,org settings: Fix error of wrong type of argument passed to InDict.has().,11330,Fix,ss62171,1,1
0dc7542363,populate_db: Fix cache flushing when rebuilding test database.,11330,Fix,ss62171,1,1
571ce2f5cb,populate_db: Fix handling of memcached flushing.,11330,Fix,ss62171,1,1
6749810c2e,puppet: Fix zuli-redis.conf path typo.,11330,Fix,ss62171,1,1
01ac607486,Fix non-int user_ids in user popovers.,11330,Fix,ss62171,1,1
56946dbddb,design: Fix missing rendered_markdown class on /me content.,11330,Fix,ss62171,1,1
0cabacb8ab,export: Fix data export parallelization.,11330,Fix,ss62171,1,1
5bb84a2255,"default_settings: Fix inaccurate ""below"" phrase in comments.",11330,Fix,ss62171,1,1
e477cae800,docs: Fix missing apostrophe in EMAIL_HOST_USER value.,11330,Fix,ss62171,1,1
dc59850d15,docs: Fix incorrect path to get-django-setting script.,11330,Fix,ss62171,1,1
0985842c62,Fix sorting for broadcast mentions.,11330,Fix,ss62171,1,1
6e93f330c6,"bug fix: Fix huddles in ""Private Messages"".",11330,Fix,ss62171,1,1
86721c3be5,docs: Fix a few typos in Vagrant docs.,11330,Fix,ss62171,1,1
02169c48cf,ldap: Fix bad interaction between EMAIL_ADDRESS_VISIBILITY and LDAP sync.,11330,Fix,ss62171,1,1
dc4181beec,minor: Fix typo in changelog.,11330,Fix,ss62171,1,1
7ccc8373e2,bugdown: Fix logic for extracting attachment path_id.,11330,Fix,ss62171,1,1
8bd2a130a9,docs: Fix some typos.,11330,Fix,ss62171,1,1
4901dc3795,url_preview: Fix parsing of open graph tags.,11330,Fix,ss62171,1,1
e72da08f09,narrow: Fix streams:all notice appearing too early.,11330,Fix,ss62171,1,1
f5eece9b4f,docs: Fix broken social authentication links.,11330,Fix,ss62171,1,1
fa7ae6fa7f,node tests: Fix missing coverage on stream_data.js.,11330,Fix,ss62171,1,1
c6fe6cf0a4,docs: Fix recommendations to copy secrets during data import.,11330,Fix,ss62171,1,1
9bfef83efd,minor: Fix accidental global variable leak in marked.,11330,Fix,ss62171,1,1
ce474ee8cf,bot settings: Fix sorting by owner.,11330,Fix,ss62171,1,1
42726a07b3,minor: Fix accidental global variable leak in jquery filedrop.,11330,Fix,ss62171,1,1
7d5450917a,test_messages: Fix list ordering flake in test_wildcard_mention.,11330,Fix,ss62171,1,1
cd2c68c778,stream settings: Fix initialization of main toggler state.,11330,Fix,ss62171,1,1
8b55a310f1,typing: Fix invalid typing notifications for stream messages.,11330,Fix,ss62171,1,1
452e226ea2,narrow: Fix to show last message in narrow when narrow allows.,11330,Fix,ss62171,1,1
35e2013199,tsconfig: Fix typescript-eslint memory usage disaster.,11330,Fix,ss62171,1,1
bf117fed96,api docs: Fix link to client libraries.,11330,Fix,ss62171,1,1
67b6179df2,ldap: Fix error while updating a user registered in multiple realms.,13385,ldap: Fix error while updating a user registered in multiple realms.,mateuszmandera,1,1
67b6179df2,ldap: Fix error while updating a user registered in multiple realms.,11330,Fix,ss62171,1,1
0c2cc41d2e,CVE-2019-18933: Fix insecure account creation via social authentication.,11330,Fix,ss62171,1,1
bf1386405c,settings_notifications: Fix linter issue.,11330,Fix,ss62171,1,1
0a75fdff6d,buddy_data: Fix node tests.,11330,Fix,ss62171,1,1
c2e0c492f8,i18n: Fix translation of multi-line strings.,11330,Fix,ss62171,1,1
6717daf4a6,test_events: Fix apparent typo.,11330,Fix,ss62171,1,1
8ed57f8897,integrations: Fix BOT_PREFIX in errbot docs.,11330,Fix,ss62171,1,1
f34a40581f,actions: Fix a few references to user_profile.email.,11330,Fix,ss62171,1,1
7935b3cbd7,archive: Fix calculation of gravatar URL.,11330,Fix,ss62171,1,1
8b45756dd2,onboarding: Fix welcome emails not using delivery_email.,11330,Fix,ss62171,1,1
e124837cdc,management commands: Fix incorrect use of user_profile.email.,11330,Fix,ss62171,1,1
0f4b6dd0c1,settings: Fix an out-of-date comment on EVENT_LOG_DIR.,11330,Fix,ss62171,1,1
44f9ce92e9,bots: Fix rendering of bot owner fields in admin settings.,11330,Fix,ss62171,1,1
ed40d37e44,ldap: Fix realm_creation=True registration flow.,11330,Fix,ss62171,1,1
3daec7783a,ldap: Fix development environment configuration.,11330,Fix,ss62171,1,1
54e357e154,avatars: Fix gravatar URLs with EMAIL_ADDRESS_VISIBILITY_ADMINS.,11330,Fix,ss62171,1,1
fb59f98304,test_events: Fix handling of client_gravatar flag.,11330,Fix,ss62171,1,1
aad99ce951,mattermost import: Fix handling of channels with no subscribers.,11330,Fix,ss62171,1,1
2e1529e879,registration: Fix logic disabling password requirement in the form.,11330,Fix,ss62171,1,1
94c8fffdf3,docs: Fix invalid link.,11330,Fix,ss62171,1,1
65a709fb48,docs: Fix typo in gsoc-ideas.md.,11330,Fix,ss62171,1,1
d577537304,pointer: Fix pointer update.,11330,Fix,ss62171,1,1
3fb2339511,docs: Fix formatting of warnings.,11330,Fix,ss62171,1,1
12bd3c04c0,integration: Fix missing taiga test action.,13330,integration: Fix missing taiga test action.,kostekIV,1,1
12bd3c04c0,integration: Fix missing taiga test action.,11330,Fix,ss62171,1,1
99d34e6ade,hello: Fix carousel indicator buttons.,11330,Fix,ss62171,1,1
4be355053d,search help: Fix buggy rendering of stream search example.,11330,Fix,ss62171,1,1
34849d7355,test_events: Fix a small typo for test_realm_bots_admin.,11330,Fix,ss62171,1,1
03af3d2eb6,docs: Fix old-style markdown link in authentication-methods.,11330,Fix,ss62171,1,1
87b43fdac0,tests: Fix whitespace around INVALID_STREAM_ID.,11330,Fix,ss62171,1,1
b12d3d54c6,events: Fix documentation testing for /events.,11330,Fix,ss62171,1,1
c35472e025,test_openapi: Fix confused error messages for missing parameters.,11330,Fix,ss62171,1,1
8c85040a92,css: Fix azuread-wrapper name.,11330,Fix,ss62171,1,1
72366c8deb,"typing status: Fix names ""user_ids_string"" that were actually arrays.",11330,Fix,ss62171,1,1
d364891894,ldap: Fix password prompt when configured only to populate data.,11330,Fix,ss62171,1,1
9d73578930,openapi: Fix narrow param example in /register POST endpoint.,11330,Fix,ss62171,1,1
28e8df15a0,openapi: Fix fetch_event_types param example in /register POST endpoint.,11330,Fix,ss62171,1,1
626c536b5e,openapi: Fix event_types param example in /register POST endpoint.,11330,Fix,ss62171,1,1
0ce508693f,docs: Fix broken link to stable releases.,11330,Fix,ss62171,1,1
a94b04dede,test_mattermost_importer: Fix leftover references to message.pub_date.,11330,Fix,ss62171,1,1
7d0c9eadde,search: Fix conditions under which search warning appears.,11330,Fix,ss62171,1,1
f25968f0ff,exceptions: Fix AbstractEnum typing.,11330,Fix,ss62171,1,1
1180299fe4,provisioning: fix up bash profile creation,11330,Fix,ss62171,1,1
5ffbb33a92,left sidebar: Fix centering of streams chevrons.,11330,Fix,ss62171,1,1
8d0800210e,left sidebar: Fix gaps between hover areas.,11330,Fix,ss62171,1,1
ef876ff4c7,right-sidebar: Fix keyboard shortcuts icon in medium widths.,12535,Keyboard shortcut,YashRE42,1,1
ef876ff4c7,right-sidebar: Fix keyboard shortcuts icon in medium widths.,11330,Fix,ss62171,1,1
9545569dca,"docs: Upgrade recommonmark to 0.6.0, fixing issues.",11330,Fix,ss62171,1,1
c869a3bf82,upload: Fix browser caching of uploads with local uploads backend.,11330,Fix,ss62171,1,1
16c9d63056,emoji: Fix sort order of emoji choices.,13220,Fix sort order of emoji choices,timabbott,1,1
16c9d63056,emoji: Fix sort order of emoji choices.,11330,Fix,ss62171,1,1
7d46da0fce,acount_settings: Fix position of avatar source.,11330,Fix,ss62171,1,1
9326aa9f57,message_edit: Fix Ctrl+Enter with topic edit dropdown selected.,11330,Fix,ss62171,1,1
2756706149,hotkey: Fix escape key when editing topic.,11330,Fix,ss62171,1,1
a743991935,mattermost: Fix mirror dummy fixture data.,11330,Fix,ss62171,1,1
98a33c0fda,page_params: Fix list of config_options sent for incoming webhook bots.,11330,Fix,ss62171,1,1
96726c00ce,export: Fix broken URLs in UI with S3 backend.,11330,Fix,ss62171,1,1
e8785762c6,export: Fix missing download attribute on export tarballs.,11330,Fix,ss62171,1,1
b11a773842,setings: Fix rendering of plain-text emoji option.,11330,Fix,ss62171,1,1
8024b1179a,bots: Fix bot email addresses with EMAIL_ADDRESS_VISIBILITY_ADMINS.,11330,Fix,ss62171,1,1
aae610f65c,analytics: Fix creation of shylock user.,11330,Fix,ss62171,1,1
cf5d3a3ef3,"left sidebar: Fix bot availability status in ""private messages"".",11330,Fix,ss62171,1,1
2ebbd9a917,portico: Fix line-height in hero image description.,11330,Fix,ss62171,1,1
b94ea6553b,portico: Fix gradient on /hello.,11330,Fix,ss62171,1,1
780ecb672b,CVE-2019-16216: Fix MIME type validation.,11330,Fix,ss62171,1,1
a1fa0b011e,docs: Fix typo in production/email.md.,11330,Fix,ss62171,1,1
7e75f987df,ldap: Fix logging of warning for deactivated users.,11330,Fix,ss62171,1,1
d1a2784d52,ldap: Fix attempting to sync data for deactivated users.,11330,Fix,ss62171,1,1
2ce2024bd7,ldap: Fix unintended user deactivation in case of connection failure.,11330,Fix,ss62171,1,1
30440cf466,mattermost: Fix test flake in test_convert_channel_data.,11330,Fix,ss62171,1,1
a7ec1a089c,errors: Fix infinite recursion during memcached outages.,11330,Fix,ss62171,1,1
70c513a640,analytics: Fix logging for errors connecting to push bouncer.,11330,Fix,ss62171,1,1
d0634181b5,styles: Fix left sidebar indentation for PostCSS migration.,11330,Fix,ss62171,1,1
abbd8a7f45,styles: Remove most vendor-prefixed CSS attributes.,11330,Fix,ss62171,1,1
62c9ea7cf9,"linkifiers: Fix problems with capture groups called ""name"".",11330,Fix,ss62171,1,1
875002108f,setup_venv: Remove CentOS workaround for fixed pycurl bug.,11330,Fix,ss62171,1,1
7f3ee1b6b1,docs: Fix typo: Heroko -> Heroku.,11330,Fix,ss62171,1,1
e64b5a2b88,data export: Fix success banner not clearing.,11330,Fix,ss62171,1,1
2a020fa6cc,data export: Fix sort feature regression.,11330,Fix,ss62171,1,1
5e19546c14,messages: Fix unread_msgs accounting of wildcard mentions.,11330,Fix,ss62171,1,1
36e0043ed7,emails: Fix typo in invitation.source.html.,11330,Fix,ss62171,1,1
3d7b9a1349,list_render: Fix broken reversing operation.,11330,Fix,ss62171,1,1
769eaea617,org settings: Fix wrong call to people.my_full_name().,11330,Fix,ss62171,1,1
6041c277a9,docs: Fix single-service deployment docs.,11330,Fix,ss62171,1,1
bfacbfa783,settings: Fix ordering of headings on emoji settings page.,11330,Fix,ss62171,1,1
447f0d3f07,docs: Fix typos in git cheat sheet documentation.,11330,Fix,ss62171,1,1
d0d16ed81c,"Revert ""test_mattermost_importer: Fix missing coverage.""",11330,Fix,ss62171,1,1
fb42cd3af9,process_fts_updates: Fix log message.,11330,Fix,ss62171,1,1
c48e53f587,test_mattermost_importer: Fix missing coverage.,11330,Fix,ss62171,1,1
e02806ccc5,request: Fix other syntax error on Xenial Python.,11330,Fix,ss62171,1,1
0435556fd5,request: Fix syntax error on Xenial Python.,11330,Fix,ss62171,1,1
44db59bbe0,openapi: Fix handling of parameters passed via the URL/path.,11330,Fix,ss62171,1,1
5ee7553214,popovers: Fix broken user popover behavior.,11330,Fix,ss62171,1,1
5dd45b4b2e,puppet: Fix the release detection regex patterns in base.pp.,11330,Fix,ss62171,1,1
e8b4e80d45,test-api: Fix double use of django.setup.,11330,Fix,ss62171,1,1
a5596011a0,"queue_processors, python_examples: Fix mypy errors.",11330,Fix,ss62171,1,1
66649d84cb,puppet: Reload postfix on /etc/postfix/virtual changes.,11330,Fix,ss62171,1,1
6b5e98d554,settings_panel_menu: Fix the switching behavior for hidden section panels.,11330,Fix,ss62171,1,1
84e0327d10,integrations: Fix arrangement of left sidebar `back to list` button.,11330,Fix,ss62171,1,1
27a0e307b6,cache: Fix typing for generic_bulk_cached_fetch.,11330,Fix,ss62171,1,1
2ada0a9bad,management: Fix password reset emails being sent to deactivated users.,11330,Fix,ss62171,1,1
7953e23d49,event_queue: Actually fix missing copy for edit-message events.,11330,Fix,ss62171,1,1
b0859f4b1e,linter_lib: Fix mypy errors.,11330,Fix,ss62171,1,1
de0a41bc9c,provision: Fix missing dependency on unzip.,11330,Fix,ss62171,1,1
4e631876f4,test_events: Fix realm export test to actually work.,11330,Fix,ss62171,1,1
d9e5becb0e,tools: Fix running check-openapi locally.,11330,Fix,ss62171,1,1
7853e9d2de,test_events: Fix broken test case.,11330,Fix,ss62171,1,1
b223159264,settings: Fix avatars directory being created in populate_db.,11330,Fix,ss62171,1,1
fd2a63b049,event_queue: Fix missing copy for edit-message events.,11330,Fix,ss62171,1,1
a0ebd9276d,portico: Fix bug with .warn on /integrations.,11330,Fix,ss62171,1,1
8be3df0e29,tornado: Fix bugs in Tornado autoreload library.,11330,Fix,ss62171,1,1
a43b2f7a43,tornado: Fix incorrect import of autoreload library.,11330,Fix,ss62171,1,1
e807041bda,compose_ui: Fix double escaping of compose placeholder text.,11330,Fix,ss62171,1,1
b005c7567a,messages: Fix typing errors.,11330,Fix,ss62171,1,1
c787f0a550,webhooks/jira: Fix useless check for subject being None.,11330,Fix,ss62171,1,1
b807c4273e,middleware: Fix exception typing.,11330,Fix,ss62171,1,1
fa227d79af,typing: Fix options typing in management/commands.,11330,Fix,ss62171,1,1
997fd714d1,openapi: Fix some errors caught by online editor.,11330,Fix,ss62171,1,1
fac886ce05,"Revert ""compose: Fix cursor placement timing bug when selecting a typeahead.""",11330,Fix,ss62171,1,1
c85640d6b1,docs: Fix cURL example in get-user-groups.md.,11330,Fix,ss62171,1,1
b2a3d289b0,docs: Fix cURL example in get-stream-id.md by adding a missing '\'.,11330,Fix,ss62171,1,1
e9cc69297f,docs: Fix cURL example in get-stream-id.md by using the -G argument.,11330,Fix,ss62171,1,1
12dce4b940,api_docs/get-messages: Fix the cURL example.,11330,Fix,ss62171,1,1
ecb1b1a1e1,openapi: Fix typing for self.data.,11330,Fix,ss62171,1,1
45e37d16c3,corporate/views: Fix typing errors.,11330,Fix,ss62171,1,1
f22b2c7e9d,archive: Fix typing for prev_sender variable.,11330,Fix,ss62171,1,1
99bd55917e,zephyr: Fix typing for cred parameter.,11330,Fix,ss62171,1,1
0834514668,auth: Fix typing for authenticate_remote_user.,11330,Fix,ss62171,1,1
4149bac696,actions: Fix typing of query_filter.,11330,Fix,ss62171,1,1
1706e06884,bugdown/init: Fix typing for fence variable.,11330,Fix,ss62171,1,1
22481f63bf,upload: Fix typing for key variable.,11330,Fix,ss62171,1,1
a75abe096b,migration_0064: Fix typing for file_key.,11330,Fix,ss62171,1,1
8107230b35,domains: Fix typing for validate_domain.,11330,Fix,ss62171,1,1
2e8cf6984e,user settings: Fix click handler errors on datepicker profile field.,11330,Fix,ss62171,1,1
440975e369,org settings: Fix background color in custom user profile datepicker field.,11330,Fix,ss62171,1,1
934d7c2f0f,docs: Fix development version warning.,11330,Fix,ss62171,1,1
1a7fd33ddb,webhooks: Fix typo in a trello error message.,11330,Fix,ss62171,1,1
866b3566d4,api: Fix OpenAPI type declarations for events_register.,11330,Fix,ss62171,1,1
29c5b63e64,css: Fix .message_top_line stealing mouse events from .message_edit_form.,11330,Fix,ss62171,1,1
1c8106fc67,timezone: Fix return type in get_timezone.,11330,Fix,ss62171,1,1
55ad0d316a,settings: Fix typing for LDAP_EMAIL_ATTR.,11330,Fix,ss62171,1,1
77068f3e1e,settings: Fix typing for AUTHENTICATION_BACKENDS.,11330,Fix,ss62171,1,1
48526b1fd6,webhooks: Fix small bug in the fixture_to_headers method of bitbucket3.,11330,Fix,ss62171,1,1
13bdc655c9,css: Fix `ol`s on integrations.,11330,Fix,ss62171,1,1
8b78eca759,portico: Fix the `history` photo description.,11330,Fix,ss62171,1,1
d2466e15cb,css: Remove duplicated `integrations` selectors and fix styling.,11330,Fix,ss62171,1,1
76e50af78e,compose: Fix cursor placement timing bug when selecting a typeahead.,11330,Fix,ss62171,1,1
307ef2e96d,static/templates/emoji_popover_emoji: Fix typo.,11330,Fix,ss62171,1,1
f25f83cc66,docs: Fix a typo in security documentation.,11330,Fix,ss62171,1,1
0bcae0be55,write_log_line: Fix logging of 4xx error data.,11330,Fix,ss62171,1,2
05fdbd5224,settings: Fix typing for EXTERNAL_HOST.,11330,Fix,ss62171,1,1
2273608477,css: Fix buggy pointer-events behavior in message feed.,11330,Fix,ss62171,1,1
1c7db8eb9a,css: Fix why-zulip images.,11330,Fix,ss62171,1,1
8c55e27d1e,night mode: Fix loss of border color on default style buttons.,11330,Fix,ss62171,1,1
3509fe07b5,test_runner: Fix incorrect type for enforce_timely_test_completion.,11330,Fix,ss62171,1,1
1b9a0367f2,settings: Fix indication for whether push notifications are enabled.,11330,Fix,ss62171,1,1
871fd57f5e,docs: Fix minor issues in api.md.,11330,Fix,ss62171,1,1
0310c3def4,css: Fix weird checkbox scrolling bug in Chrome.,11330,Fix,ss62171,1,1
02d55928ea,import: Fix importing slack avatars into S3_UPLOAD_BACKEND.,11330,Fix,ss62171,1,1
15da425c54,auth: Fix camel case name for register_extra_endpoints.,11330,Fix,ss62171,1,1
202e2cabc3,api: Fix typo in URL for remove-subscriptions.,11330,Fix,ss62171,1,1
21c8a7ec36,i18n: Fix strings in send_pm_if_empty_stream.,11330,Fix,ss62171,1,1
1bb6634be1,settings: Fix storage settings for (DEBUG and PIPELINE_ENABLED) case.,11330,Fix,ss62171,1,1
89df6e9425,check-templates: Add fix option to tools/check_templates.,11330,Fix,ss62171,1,1
51edc4bf4c,portico: Fix link to localhost:9991.,11330,Fix,ss62171,1,1
71b20aa7e2,HTML validation: Fix login page HTML errors.,11330,Fix,ss62171,1,1
a73155c78f,node tests: Fix checking for invalid :checked property in templates.,11330,Fix,ss62171,1,1
c91f659a1d,openapi: Fix test output for undocumented parameters.,11330,Fix,ss62171,1,1
7c71e987ac,openapi: Fix endpoints incorrectly tagged as documentation_pending.,11330,Fix,ss62171,1,1
588a24b661,cache: Fix caching of system bots.,11330,Fix,ss62171,1,1
7f556d1678,docs: Fix typo in production/email-gateway.md.,11330,Fix,ss62171,1,1
ad98f536bf,bugdown: Fix incorrect type annotation for ElementPair.,11330,Fix,ss62171,1,1
e8e420bbd9,markdown: Fix marked generation of unnecessarily absolute URLs.,11330,Fix,ss62171,1,1
e2e7d288a5,user settings: Fix garbage full name in change-full-name modal.,11330,Fix,ss62171,1,1
ecddc10272,user setting: Fix error message style in change user info modals.,11330,Fix,ss62171,1,1
4aeb399315,apps: Fix buggy toggling with version_info.show_instructions.,11330,Fix,ss62171,1,1
6f778ffe53,docs: Fix typos in email-gateway.md.,11330,Fix,ss62171,1,1
a8bdbcab04,settings: Fix bug setting-save-alert-notification don't fade out.,11330,Fix,ss62171,1,1
5c32e2ff49,popovers: Fix migration to popovers.hide_all_except_sidebars().,11330,Fix,ss62171,1,1
78bb3f7ea1,tests: Fix mock for hide_streamlist_popover.,11330,Fix,ss62171,1,1
5be2207bf8,user settings: Fix custom URL field style in profile form.,11330,Fix,ss62171,1,1
f5b1081c93,popovers: Fix name for stream_popover.hide_streamlist_sidebar().,11330,Fix,ss62171,1,1
01bc4674e3,"popovers: Fix closing of the left sidebar with ""more topics"".",11330,Fix,ss62171,1,1
6758b016ac,auth: Fix social auth URL pattern for AzureAD.,11330,Fix,ss62171,1,1
f86a41da4b,left_sidebar: Fix click target of links in the top left sidebar.,11330,Fix,ss62171,1,1
6a50460749,templates: Fix path to settings/dev_env_email_access.,11330,Fix,ss62171,1,1
ebb9a9ea9e,templates: Fix wrong path to edit-outgoing-webhook-service template.,11330,Fix,ss62171,1,1
e87fcd0789,management: Fix obsolete check for double-adding a permission.,11330,Fix,ss62171,1,1
b8839302c0,retention: Fix migration making archive_transaction field not null.,11330,Fix,ss62171,1,1
dd1a6a97bd,group-pms: Update list when new group pm is made.,12636,group-pms: Update list when new group pm is made.,YashRE42,2,0
45f87ff44b,search: Fix to allow access to group PM containing deactivated users.,11330,Fix,ss62171,1,1
0a08fdd072,.editorconfig: Fix invalid brace patterns.,11330,Fix,ss62171,1,1
d92af69a03,url preview: Fix CSS to make url preview titles clickable.,11330,Fix,ss62171,1,1
3ffe78e483,templates: Fix wrong path to edit-embedded-bot-service template.,12706,templates: Fix wrong path to edit-embedded-bot-service template.,tommyip,1,1
3ffe78e483,templates: Fix wrong path to edit-embedded-bot-service template.,11330,Fix,ss62171,1,1
04f3fce761,ldap: Fix LDAP avatar synchronization to check if avatar has changed.,11330,Fix,ss62171,1,1
9f074fc071,webpack: Fix production setting of publicPath.,11330,Fix,ss62171,1,1
d6f5655d0d,narrow: Fix incorrect method of querying for operands.,11330,Fix,ss62171,1,1
e0522b6395,api: Fix broken API documentation tests.,11330,Fix,ss62171,1,1
7da6d5a168,narrow: Fix broken narrows for invalid email IDs.,11330,Fix,ss62171,1,1
487861554f,search: Fix searching and search suggestion in Group PM.,11330,Fix,ss62171,1,1
297c79eaa9,api docs: Fix typo in name of has_alert_word message flag.,11330,Fix,ss62171,1,1
3cab98169b,casper: Fix link to casper Zulip docs.,11330,Fix,ss62171,1,1
271319fb13,puppet: Fix hacky release test for whether we're in EC2.,11330,Fix,ss62171,1,1
15ff8fb73f,settings: Fix sort order display settings.,11330,Fix,ss62171,1,1
a37fa74dce,templates: Fix new low-hanging HTML validation problems.,11330,Fix,ss62171,1,1
6763e77ee2,api docs: Fix syntax for get-user-groups.,11330,Fix,ss62171,1,1
a2de8ab44f,lint: Add --fix option to ./tools/lint.,11330,Fix,ss62171,1,1
450e675b11,night-mode: Fix invite_user_form overlap bug.,11330,Fix,ss62171,1,1
8fe86e5e24,tooltips: Fix alignment with keyboard-icon.,11330,Fix,ss62171,1,1
ae6e99ae34,tooltips: Fix doubling of keyboard-icon.,11330,Fix,ss62171,1,1
3c1982ecab,wsgi.py: Fix broken error ouput for django.setup() call.,11330,Fix,ss62171,1,1
25dbda1e53,stream settings: Fix bug in deactivate stream modal appearance.,11330,Fix,ss62171,1,1
fd25ced43c,import: Fix check for whether data-user-id is present.,11330,Fix,ss62171,1,1
649e363ee3,import: Fix handling of legacy and wildcard mentions.,11330,Fix,ss62171,1,1
2538f84447,import: Fix bad database query for first_message_id.,11330,Fix,ss62171,1,1
a716b09a3f,upgrade-zulip-from-git: Fix handling of errors in git clone.,11330,Fix,ss62171,1,1
9760c8cfc9,tools: Fix postgres-init-*-db cache handling.,11330,Fix,ss62171,1,1
51ba9ddd89,postfix: Inserted compulsory setting for postfix ≥ 2.10.,11330,Fix,ss62171,1,2
b633092ff1,settings: Fix linkifier settings page example.,11330,Fix,ss62171,1,1
496671b04a,docs/git: Fix small grammatical error.,11330,Fix,ss62171,1,1
d2fbd62b63,install: Fix argument parsing for no-overwrite-settings option.,11330,Fix,ss62171,1,1
a6eda858d0,ldap: Fix avatar sync not working with the S3 backend.,11330,Fix,ss62171,1,1
e85250941d,puppet: Fix quoting of commented-out python3-boto.,11330,Fix,ss62171,1,1
da8473e958,draft: Fix draft list not being able to scoll to bottom.,12558,draft: Fix draft list not being able to scoll to bottom.,tommyip,1,1
da8473e958,draft: Fix draft list not being able to scoll to bottom.,11330,Fix,ss62171,1,1
3b502fa235,settings: Fix getting API key when using social auth.,11330,Fix,ss62171,1,1
13a20a1ab5,restore-backup: Fix error on systems using S3 upload backend.,11330,Fix,ss62171,1,1
869aaba6a7,overlays: Fix stream edit click-through bug.,11330,Fix,ss62171,1,1
ccfcd6b4d8,test_runner: Fix accumulation of uniquely named test templates.,11330,Fix,ss62171,1,1
d3500867d9,test_runner: Fix small typo in comment.,11330,Fix,ss62171,1,1
72bc497f7d,urls: Fix URL definitions with missing ^/$ symbols.,11330,Fix,ss62171,1,1
bbf6dc5427,user docs: Fix fake email in restrict-visibility-of-email-addresses.,11330,Fix,ss62171,1,1
710fc6767f,test_fixtures: Fix buggy reuse of migrations_hash path.,11330,Fix,ss62171,1,1
807e5c7a1a,auth: Fix fetching personal API key with email addresses hidden.,11330,Fix,ss62171,1,1
516d189cf6,org settings: Fix missing <th> element in deactivated-user setting.,11330,Fix,ss62171,1,1
676acd4ed1,eslint: Allow unused variables with _ prefix in typescript.,11330,Fix,ss62171,1,1
2bd6d275a7,test_import_realm: Fix test robustness.,11330,Fix,ss62171,1,1
a85fee333c,test_import_export: Fix some spelling errors.,11330,Fix,ss62171,1,1
9ddc27f318,docs: Fixed a small typo in the LDAP documentation.,11330,Fix,ss62171,1,1
03d188b5bd,settings_org: Fix show_email function when email visibility is admin only.,11330,Fix,ss62171,1,1
c691ed433b,settings_org: Fix the typo in `settings_org.show_email()` function.,11330,Fix,ss62171,1,1
5ff27c130a,"info-overlay: Fix ""message formating"" styling.",11330,Fix,ss62171,1,1
2bc6d52c72,retention: Fix name of move_attachment_message_to_archive_by_message.,11330,Fix,ss62171,1,1
a698f87ed8,Vagrantfile: Add monkey patch to fix fallback from Docker provider.,11330,Fix,ss62171,1,1
7134a12231,pgroonga: Fix do_batch_update logic for all postgres versions.,11330,Fix,ss62171,1,1
8339c21637,test-backend: Fix db issues with running two copies in parallel.,11330,Fix,ss62171,1,1
2e9e653af1,webhooks/jira: Fix markup conversion of full links.,11330,Fix,ss62171,1,1
d60f6c9ad9,"test_messages: Fix buggy test, bot tests must use /api/v1 endpoint.",11330,Fix,ss62171,1,1
04d9d1d27a,"info-overlay: Fix ""message formating"" styling.",11330,Fix,ss62171,1,1
3b7f3f1887,dependencies: Upgrade simplebar to 4.0.0.,12366,dependencies: Upgrade simplebar to 4.0.0,andersk,1,1
db86043195,test_retention: Quick fix for the remaining test failure.,11330,Fix,ss62171,1,1
24cb31329c,org settings: Fix dropdown value inconsistency.,11330,Fix,ss62171,1,1
6a42280e31,"auth: Fix devlogin ""All realms"" view.",11330,Fix,ss62171,1,1
319fe62d44,test: Fix third huddle variable name in test_import_export.,11330,Fix,ss62171,1,1
3996b62c79,test_messages: Fix logging in as a bot user.,11330,Fix,ss62171,1,1
734c18f356,integrations: Fix buggy ol/paragraph spacing.,11330,Fix,ss62171,1,1
a28af1fd64,css: Remove unnecessary prefixed transitions.,11330,Fix,ss62171,1,1
9b32c844df,navbar: Fix stream + topic jump at 500px.,11330,Fix,ss62171,1,2
491589579a,dependencies: Upgrade simplebar to 4.0.0-alpha.9.,12366,dependencies: Upgrade simplebar to 4.0.0,andersk,1,1
e9a180dcb4,org settings: Fix box-shadow in organization logos section.,11330,Fix,ss62171,1,1
68255fe1df,lint: Fix exclusion for development directory.,11330,Fix,ss62171,1,1
64ad031d5c,writing-bots: Use a fenced code block to fix rendering.,11330,Fix,ss62171,1,1
3c4971edc1,subscriptions: Fix error when guest user is subscribed to public stream.,11330,Fix,ss62171,1,1
bbff797a93,zerver/tests/test_realm: Fix not-avaliable video-chat-provider value.,11330,Fix,ss62171,1,1
243db9a22f,css: Fix width calculations for fluid width.,11330,Fix,ss62171,1,1
45305c93ae,auth: Fix Apache SSO port number in confirmation links.,11330,Fix,ss62171,1,1
b38ae6e0ed,scrollbar: Fix incorrect CSS selector.,11330,Fix,ss62171,1,1
4383c819cf,digest: Fix visibility toggling of digest notifications checkbox.,11330,Fix,ss62171,1,1
9516699c73,webhooks/front: Use proper punctuation and fix spelling errors.,11330,Fix,ss62171,1,1
f25012f025,custom profile field: Fix styling regression in admin settings.,11330,Fix,ss62171,1,1
81bcdf2e94,streams: Fix minor false html element selection.,11330,Fix,ss62171,1,1
3ecdabdc77,soft_deactivation: Add temporary nocoverage to fix CI.,11330,Fix,ss62171,1,1
cf0fc7c221,test_link_embed: Fix unused variable.,11330,Fix,ss62171,1,1
eb97e9fae0,soft_deactivation: Fix buggy handling of race condition.,11330,Fix,ss62171,1,1
8218bf101c,soft_deactivation: Fix buggy handling of other streams.,11330,Fix,ss62171,1,1
a046a0957b,docs: Fix upgrade process for Ubuntu 16.04 -> 18.04.,11330,Fix,ss62171,1,2
687f1bcdaf,test_classes: Fix missing flushing of per-request caches.,11330,Fix,ss62171,1,1
5cddf07361,test_mattermost_importer: Fix buggy use of wrong paths.,11330,Fix,ss62171,1,1
0adb93db32,test_classes: Fix data import path reuse parallelism errors.,11330,Fix,ss62171,1,1
63c170c390,circleci: Fix redis on Bionic.,11330,Fix,ss62171,1,1
1694831029,bugdown: Fix double processed emoji tags inside inline tags.,12242,bugdown: Fix double processed emoji tags inside inline tags.,okayzed,1,1
1694831029,bugdown: Fix double processed emoji tags inside inline tags.,11330,Fix,ss62171,1,1
ec5ef08a19,subs: Fix URL not updating as per UI on stream unsubscription.,11330,Fix,ss62171,1,1
9e8cfbea3b,test_email_notifications: Fix a nondeterministic test.,11330,Fix,ss62171,1,1
d4b060a520,dependencies: Upgrade simplebar to 4.0.0-alpha.6.,12366,dependencies: Upgrade simplebar to 4.0.0,andersk,1,1
820dd3a946,settings: Fix broken headers in night mode.,12220,settings: Fix broken headers in night mode.,whoodes,1,1
820dd3a946,settings: Fix broken headers in night mode.,11330,Fix,ss62171,1,1
7da28600c7,settings_org: Fix linter error with ==.,11330,Fix,ss62171,1,1
3dd5e1642b,org_settings: Fix data collection of message retention property.,11330,Fix,ss62171,1,1
34db469700,org_settings: Fix error with undefined profile_field in bot settings.,11330,Fix,ss62171,1,1
c192327a37,settings_account: Fix small typo in initialize_custom_user_type_fields.,11330,Fix,ss62171,1,1
cc421d4415,tests: Fix bad use of mock local variable name.,11330,Fix,ss62171,1,1
9a9de156c3,lint: Fix calls to _() on computed strings.,11330,Fix,ss62171,1,1
643bd18b9f,lint: Fix code that evaded our lint checks for string % non-tuple.,11330,Fix,ss62171,1,1
d1b8497afb,settings: Fix comment explaining NOREPLY_EMAIL_ADDRESS.,11330,Fix,ss62171,1,1
cb6c1e7a92,export: Fix log line about zerver_scheduledemail_users.,11330,Fix,ss62171,1,1
098e5ad3de,templates: Fix more low-hanging HTML validation problems.,11330,Fix,ss62171,1,1
f772b5d7d4,docs: Fix easy HTML validation errors and warnings.,11330,Fix,ss62171,1,1
fa37401e69,api docs: Fix typo in typing notifications docs.,11330,Fix,ss62171,1,1
dd3ccbc897,webpack: Fix node_modules path resolution.,11330,Fix,ss62171,1,1
fba3f49a9a,portico: Fix alignment of sidebar zulip logo with label.,11330,Fix,ss62171,1,1
73e7d97a35,css: Fix missing newline at end of file.,11330,Fix,ss62171,1,1
c14eb92109,upload: Fix send button selector in case of message-edit.,11330,Fix,ss62171,1,1
bcfc22d94e,navbar: Fix bugs caused by zulip.scss refactor.,11330,Fix,ss62171,1,1
9fc0aa7ffa,scripts: Fix exec invocation for in-process virtualenv activation.,11330,Fix,ss62171,1,1
0986216e2c,"compose.scss: Fix alignment of ""markdown preview"" icons.",11330,Fix,ss62171,1,1
31f6ace084,lint: Fix typo in eslint command line.,11330,Fix,ss62171,1,1
9876f1b14e,check_rabbitmq_queue: Fix the time period when we ignore long queues.,11330,Fix,ss62171,1,1
b081e6c728,stream-edit: Fix stream name span,11330,Fix,ss62171,1,1
b263671c9e,markdown: Fix unordered list not rendering in blockquote.,12023,markdown: Fix unordered list not rendering in blockquote.,overide,2,1
b263671c9e,markdown: Fix unordered list not rendering in blockquote.,11330,Fix,ss62171,1,1
90478fc4b2,typescript: Fix violations of new typescript rules.,11330,Fix,ss62171,1,1
ea9a74fe24,typescript: Fix violations of existing eslint rules.,11330,Fix,ss62171,1,1
cef784b101,compose: Fix buggy escaping of LaTeX in quote-and-reply.,11330,Fix,ss62171,1,1
9f7c0b7e65,postgres_master.pp: Fix wacky su command line.,11330,Fix,ss62171,1,1
be965e3b16,css: Fix rules incorrectly attached to messagebox.,11330,Fix,ss62171,1,1
0a656bec8a,docs: Fix incorrect path to remote development nginx file.,11330,Fix,ss62171,1,1
9295cc477a,"left sidebar: Fix hover title for ""STREAMS"".",11330,Fix,ss62171,1,1
d8e9975b9d,css: Align left sidebar icons horizontally and fix the spaces.,11330,Fix,ss62171,1,1
62f2396ee2,message view: Reduce extra white space above quotes and unordered lists.,12073,message view: Reduce extra white space above quotes and unordered lists.,vinitS101,2,0
e16d721921,docs: Fix a few typos in documentation.,11330,Fix,ss62171,1,1
c2fa8765a7,docs: Fix typo in gsoc-ideas.md.,11330,Fix,ss62171,1,1
b630a6456d,commands: Fix handling of keyword arguments in `query_ldap` command.,11330,Fix,ss62171,1,1
feadc8bf46,portico: Fix trapsarent gradient styling inconsistencies.,11330,Fix,ss62171,1,1
46b2d9d328,markdown_docs: Fix styling for in-app docs for inline code.,11330,Fix,ss62171,1,1
10651d74c1,markdown_docs: Fix styling for in-app docs for code-blocks.,11330,Fix,ss62171,1,1
3da06fecd5,invite: Fix validation of referred_by field.,11330,Fix,ss62171,1,1
42d19ababe,settings_users: Fix update_view_on_deactivate to take row as an argument.,11330,Fix,ss62171,1,1
96aac91119,settings_users: Fix misleading comment.,11330,Fix,ss62171,1,1
a80617bc70,mypy: Fix color_map default parameter for Optional.,11330,Fix,ss62171,1,1
6e3720e0b7,gitter: Fix minor comment typo in build_userprofile.,11330,Fix,ss62171,1,1
9e85478010,css: Fix sizing and height of message_failed error icons.,11330,Fix,ss62171,1,1
4ae325ce6c,css: Fix alignment of message_controls.,11330,Fix,ss62171,1,1
6e8e7feffc,settings: Fix webapp password change UI.,11330,Fix,ss62171,1,1
958126733b,message view: Fix The unexpected behavior of Youtube Thumbnail.,11330,Fix,ss62171,1,1
898798a352,email_log: Fix buggy use of get_realm_stream.,11330,Fix,ss62171,1,1
cb78ddc491,models: Fix performance of supported_auth_backends with caching.,11330,Fix,ss62171,1,1
f270e354b1,login: Fix unnecessary queries on /login/ in development.,11330,Fix,ss62171,1,1
0a7b6909b9,login: Fix a useless query with DevAuthBackend.,11330,Fix,ss62171,1,1
ee2af16dc9,help: Fix wording in set-your-profile-picture.,11330,Fix,ss62171,1,1
a41ada3398,image-action: Fix open and download hover highlight in night mode.,11330,Fix,ss62171,1,1
0a145f2203,test_email_notifications: Fix a potentially flaky test.,11330,Fix,ss62171,1,1
32853a565f,portico: Fix the partial visibility of zulip-octopus on landing page.,11330,Fix,ss62171,1,1
4f02795830,home: Fix parsing bug for initial narrows.,11330,Fix,ss62171,1,1
c2858f1c64,"css: Fix hover for ""Private messages"".",11330,Fix,ss62171,1,1
aae3f8a04a,css: Fix blue highlights for Private Messages.,11330,Fix,ss62171,1,1
d285f67afe,copy_and_paste: Fix copy/paste behaviour on Firefox.,11819,copy_and_paste: Fix copy/paste behaviour on Firefox.,vrongmeal,1,1
d285f67afe,copy_and_paste: Fix copy/paste behaviour on Firefox.,11330,Fix,ss62171,1,1
412d35900f,slack import: Fix handling of tombstone files.,11330,Fix,ss62171,1,1
4694de31c5,tests: Fix linter error in test_management_commands.,11330,Fix,ss62171,1,1
e859ab7545,portico: Fix broken electron check condition for password reset.,11330,Fix,ss62171,1,1
0d25baedfa,compose: Fix narrow button text when switching to PM.,11330,Fix,ss62171,1,1
c05fb01cbf,stream: Fix validator for stream colors.,11330,Fix,ss62171,1,1
36fcb67812,settings_org: Fix visibility time of `Saved` state.,11330,Fix,ss62171,1,1
399aa43c75,night mode: Fix initial state of night mode.,11330,Fix,ss62171,1,1
fb750a2656,bug fix: Fix hovers for /me messages.,11330,Fix,ss62171,1,1
4986f11c67,popovers: Fix clicking on user popover avatar image.,11330,Fix,ss62171,1,1
d63ac71adf,node: Fix a node test broken by recent narrowing fix.,11330,Fix,ss62171,1,1
4e504e46a1,portico: Fix styling of dropdown menu in nav bar.,11330,Fix,ss62171,1,1
674abdef43,drafts: Fix CSS transition when opening drafts.,11330,Fix,ss62171,1,1
dbf7f8e193,zephyr: Fix handling of account deactivation.,11330,Fix,ss62171,1,1
99a2c21ff3,test_events: Fix incorrect usage of get_realm.,11330,Fix,ss62171,1,1
e0c6136ce1,puppet: Fix nginx configuration logic for S3 backend.,11330,Fix,ss62171,1,1
58d28eed5d,markdown: Fix emojis not rendering with :bogus: in the line.,11330,Fix,ss62171,1,1
0e401c4f18,minor: Fix an artifact of delivery email migration in `populate_analytics_db`.,11330,Fix,ss62171,1,1
36345fd02a,settings: Fix definition of DEPLOY_ROOT in dev_settings too.,11330,Fix,ss62171,1,1
4157d15ff1,setup_venv: Fix check for whether virtualenv-clone is unavailable.,11330,Fix,ss62171,1,1
d9adc9d7bc,get_dev_uuid_var_path: Fix theoretical shell quoting problem.,11330,Fix,ss62171,1,1
b3444354aa,su_to_zulip: Fix detection of zulip user ID.,11330,Fix,ss62171,1,1
05c54bd477,portico: Refresh deactivated realm notice page every 60 seconds.,11776,portico: Refresh deactivated realm notice page every 60 seconds.,HarshitOnGitHub,1,1
500b5cdaf1,tools: Fix missing comma in collectstatic configuration.,11330,Fix,ss62171,1,1
5a60353bc7,docs: Fix Learn more about mentions link.,11330,Fix,ss62171,1,1
066ca0353d,docs: Fix export/import manage.py instructions typos.,11330,Fix,ss62171,1,1
16123c9a58,realm_logo: Fix synchronization of realm night logo.,11330,Fix,ss62171,1,1
8d927eee2f,digest: Fix incorrect remaining_unread_pms_count calculation.,11330,Fix,ss62171,1,1
6a540d5773,docs: Fix a couple typos.,11330,Fix,ss62171,1,1
64717d8a45,copy: Fix extra space before > in copy-paste styling.,11330,Fix,ss62171,1,1
0dcfc22406,markdown: Fix numbered list handling of blank lines between blocks.,11736,markdown: Fix numbered list handling of blank lines between blocks.,overide,2,1
0dcfc22406,markdown: Fix numbered list handling of blank lines between blocks.,11330,Fix,ss62171,1,1
3fc2a43573,node tests: Fix recent build break.,11330,Fix,ss62171,1,1
beec029324,docs: Fix a typo in last update.,11330,Fix,ss62171,1,1
f8c8b41ad8,portico: Fix media parameters for hiding last testimonial logo.,11330,Fix,ss62171,1,1
7fb0122ab3,settings: Fix weird live update when saving zoom form.,11330,Fix,ss62171,1,1
d833c70dc7,"org settings: Explain Zoom support is experimental, and fix a few strings.",11330,Fix,ss62171,1,1
9962377018,analytics: Fix midnight-related bug in test.,11330,Fix,ss62171,1,1
6725d921ac,popovers: Fix toggling of user popover.,11716,popovers: Fix toggling of user popover.,Varunvaruns9,1,1
6725d921ac,popovers: Fix toggling of user popover.,11330,Fix,ss62171,1,1
ab95704d2d,settings: Fix mismatch of templates with JavaScript.,11330,Fix,ss62171,1,1
7717337b1e,message_edit: Fix rendering bug when topic-editing single messages.,11330,Fix,ss62171,1,1
60f33a374d,streams: Fix announcement-only option being hidden.,11330,Fix,ss62171,1,1
f40cbdbd19,compose: Fix extra space being added by quote-and-reply.,11330,Fix,ss62171,1,1
7cbee8af5b,"left-sidebar: Fix title tag for ""Private messages"".",11330,Fix,ss62171,1,1
f096472b1d,"Revert ""condense/collapse: Fix MLV to update for new messages.""",11330,Fix,ss62171,1,1
a6793a14f1,condense/collapse: Fix MLV to update for new messages.,11330,Fix,ss62171,1,1
cd0db08b14,lint: Fix a too-long line.,11330,Fix,ss62171,1,1
cc8021a742,message_list: Fix focus issues when editing last message.,11330,Fix,ss62171,1,1
93f9082071,left sidebar: Fix closing stream search.,11659,left sidebar: Fix closing stream search.,overide,2,1
93f9082071,left sidebar: Fix closing stream search.,11330,Fix,ss62171,1,1
7312189be0,message_edit: Fix compose icons appearing for topic-editable messages.,11330,Fix,ss62171,1,1
094dcac2dc,"message_edit: Fix content editing icons appearing in ""view source"".",11330,Fix,ss62171,1,1
2d5a33225a,help: Fix typo in getting-your-org-started-with-zulip.,11330,Fix,ss62171,1,1
e61202387e,help: Fix duplicated link in getting-your-org-started-with-zulip.,11330,Fix,ss62171,1,1
e7fb19c8b0,invitations: Fix email validation errors for deactivated accounts.,11330,Fix,ss62171,1,1
e328671f20,docs: Fix a typo in the-git-difference.md.,11330,Fix,ss62171,1,1
ce2474c0ad,css: Fix unread marker gap in night mode.,11330,Fix,ss62171,1,1
185da99ccb,typeahead: Fix accidental overwrite of message content on select.,11330,Fix,ss62171,1,1
4df8a2ac0f,settings: Fix handling of day logo without night logo.,11330,Fix,ss62171,1,1
12756b48a0,populate_db: Fix help text for --test-suite.,11330,Fix,ss62171,1,1
4da430e276,message_list: Fix buggy rerendering of dates with local echo.,11330,Fix,ss62171,1,1
f4aa71fc75,server_events: Fix unnecessary call to insert_new_messages.,11330,Fix,ss62171,1,1
5c2e64d6a2,tests: Fix accidental uses of assert() -> assert.equal().,11330,Fix,ss62171,1,1
cdce66813e,drafts: Fix date-sensitive test.,11330,Fix,ss62171,1,1
fd77c78a97,integrations: Fix broken link to jira.png.,11330,Fix,ss62171,1,1
e40731574a,integrations: Fix missing logo for trello.,11330,Fix,ss62171,1,1
fe4a0d0fcd,capitalization: Fix night logo lint errors.,11330,Fix,ss62171,1,1
57e1307a3a,provision: Fix virtualenv-clone handling of success-stamp.,11330,Fix,ss62171,1,1
4e53110350,message_list: Fix handling of deleted user groups.,11330,Fix,ss62171,1,1
ef52f541fe,invites: Fix the invalid invite time bug during filtering.,11330,Fix,ss62171,1,1
0c0aec3cc9,export: Fix finding manage.py to export usermessages.,11330,Fix,ss62171,1,1
c7e03f9a71,message view: Fix margin for date separator.,11330,Fix,ss62171,1,1
19a434a289,user popover: Fix cropping/positioning.,11330,Fix,ss62171,1,1
6d138bd3e5,tests: Fix broken avatar_disk_path for original size input.,11330,Fix,ss62171,1,1
d386706382,emoji: Fix traceback on opening emoji popover in quick succession.,11569,emoji: Fix traceback on opening emoji popover in quick succession.,HarshitOnGitHub,1,1
d386706382,emoji: Fix traceback on opening emoji popover in quick succession.,11330,Fix,ss62171,1,1
4d1fb5270d,message view: Fix asymmetric padding on date separators.,11330,Fix,ss62171,1,1
7099d01641,email mirror: Fix missing variable for logging.,11330,Fix,ss62171,1,1
29925fd303,digest: Fix width of digest-email-container.,11330,Fix,ss62171,1,1
378d14af7e,import: Fix tests related to plan_type.,11330,Fix,ss62171,1,1
12d5e870c5,tests: Fix import test failure.,11330,Fix,ss62171,1,1
1ef34ccb98,docs: Typo fix in changelog for 2.0.0-rc1.,11330,Fix,ss62171,1,2
40916803e7,floating_recipient_bar: Fix incorrect use of jQuery .next().,11330,Fix,ss62171,1,1
cbc2f495ff,css: Fix night mode styling for mentions.,11330,Fix,ss62171,1,1
dda6f1e123,portico: Fix heading tag on /hello.,11330,Fix,ss62171,1,1
7d42d7b4db,message_edit: Fix message edit history breakdown on large messages.,11330,Fix,ss62171,1,1
7d42d7b4db,message_edit: Fix message edit history breakdown on large messages.,11291,message_edit: Fix message edit history breakdown on large messages.,Amadeo234,2,1
849c296f90,popovers: Fix 'w' hotkey in narrow windows.,11330,Fix,ss62171,1,1
4826393ec4,hipchat: Fix help documentation for slim_mode.,11330,Fix,ss62171,1,1
b5347c78b2,scrolling: Fix sidebar size calculation.,11330,Fix,ss62171,1,1
970c7d1ddf,notifications: Fix hash-named duplicate sound files in options.,11330,Fix,ss62171,1,1
ab41f13575,docs: Fix mistakes in PGroonga documentation.,11330,Fix,ss62171,1,1
11ea8ae9fe,tests: Fix test broken by recent url preview change.,11330,Fix,ss62171,1,1
309aef4c27,"compose: Fix ""You need to scroll"" notifications for large messages.",11330,Fix,ss62171,1,1
fd3be00fbd,media: Fix sender name clipping in mobile.,11330,Fix,ss62171,1,1
0c37b9f116,Fix typo in new-feature-tutorial.md,11330,Fix,ss62171,1,1
dee4e3fb89,ajax: Fix wrong ajax setting name from beforeSubmit to beforeSend.,11330,Fix,ss62171,1,1
13b9e90a40,analytics: Fix importing zilencer.,11330,Fix,ss62171,1,1
55ead5b77f,zilencer: Fix buggy validation of installation_counts upload.,11330,Fix,ss62171,1,1
9ce5d51bdc,user status: Fix tiny green dot in user popover.,11330,Fix,ss62171,1,1
7f23b7fb98,user status: Fix wording in set-status modal.,11330,Fix,ss62171,1,1
3e615fd8b0,user status: Fix wording in user popover.,11330,Fix,ss62171,1,1
150d9c9d3e,stats: Fix the bug in showing all time actives by default.,11330,Fix,ss62171,1,1
76bc253a8a,docs: Fix mistake in optimize-svg test suite description.,11330,Fix,ss62171,1,1
9b25f8789f,hipchat: Fix handling of user IDs in Stride import.,11330,Fix,ss62171,1,1
e1772b3b8f,tools: Upgrade Pycodestyle and fix new linter errors.,11330,Fix,ss62171,1,1
a3996098cb,requirements: Fix JSON syntax in unupgradables.json.,11330,Fix,ss62171,1,1
88c1d868d2,dev_ldap: Fix password in mode 'c' to be equal to username.,11330,Fix,ss62171,1,1
dccfadc1a5,minor: Fix some typing errors.,11330,Fix,ss62171,1,1
8d404dbcc6,"confirmation: Fix ""continue to registration"" full name handling.",11330,Fix,ss62171,1,1
7331cdc0f5,provision: Fix Docker development environment unicode issues.,11330,Fix,ss62171,1,1
9b740df277,api_docs: Specify max width for long code examples. Fixes #10673.,11330,Fix,ss62171,1,1
03c71dad17,billing: Fix misuses of CustomerPlan.discount.,11330,Fix,ss62171,1,1
63702d50e6,poll widget: Fix duplicate options bug in poll.,11330,Fix,ss62171,2,1
8cf5810fc0,docs: Fix a typo in gsoc-ideas.md.,11330,Fix,ss62171,1,1
2ebd3f244d,left sidebar: Fix scrollbar sticking up few pixels above container.,11330,Fix,ss62171,1,1
c89356fabf,messages: Fix 500 error with duplicate delete message requests.,11330,Fix,ss62171,1,2
45d07e8472,"user status: Fix stray ""info"" reference.",11330,Fix,ss62171,1,1
a64c434b9e,topics: Fix messages_for_topic to use iexact matching.,11330,Fix,ss62171,1,1
19a4c6de6a,docker: Fix Docker development environment unicode handling.,11330,Fix,ss62171,1,1
09ab874642,"Revert ""invite: Fix non-admins inviting new users.""",11330,Fix,ss62171,1,1
5fd43fcf56,zoom: Fix coverage of new zoom error handling code path.,11330,Fix,ss62171,1,1
1660856bf5,zoom: Fix handling of 201 status codes from zoom API.,11330,Fix,ss62171,1,2
5050b595a0,api docs: Fix showing correct link to install Python bindings.,11330,Fix,ss62171,1,1
2dc500b11e,tests: Fix tests broken in previous commit and add some new ones.,11330,Fix,ss62171,1,1
32aa4e02ca,registration: Fix `full_name` mapping in LDAP registration flow.,11330,Fix,ss62171,1,1
5ba84d75ce,create-zulip-admin: Fix shell quoting.,11330,Fix,ss62171,1,1
981f09d950,terminate-psql-sessions: Fix shell and SQL quoting.,11330,Fix,ss62171,1,1
7d07dc66fd,custom profile fields: Fix error handling for admin clearing values.,11330,Fix,ss62171,1,1
164adcd433,user groups: Fix membership checks for unknown user groups.,11330,Fix,ss62171,1,1
46f4e58782,invite: Fix non-admins inviting new users.,11330,Fix,ss62171,1,1
c886b53a3d,help: Fix rendering correct OS-specific docs.,11330,Fix,ss62171,1,1
5037b2c5c4,management: Fix a bug in parser of `sync_ldap_user_data` command.,11330,Fix,ss62171,1,1
ac4aa16962,markdown preview: Fix `code` style for preview in night mode.,11330,Fix,ss62171,1,1
d5fc02557c,settings_org: Fix an incorrect jquery selector.,11330,Fix,ss62171,1,1
e29533df0f,emails: Fix duplicate <html> blocks in missed-message emails.,11330,Fix,ss62171,1,1
c34a8f2e69,hipchat: Fix importing of private messages.,11330,Fix,ss62171,1,1
34ef37b1fe,portico: Fix overlap of server and frontend errors.,11330,Fix,ss62171,1,1
34ef37b1fe,portico: Fix overlap of server and frontend errors.,11228,portico: Fix overlap of server and frontend errors.,vrongmeal,1,1
82e453d9fe,ui: Fix scrollbar regressions.,11330,Fix,ss62171,1,1
b3594c984a,"message scrolling: Fix ""Scroll down to view"" warning.",11330,Fix,ss62171,1,1
2afdbb139d,digest: Fix the styling of /digest page.,11330,Fix,ss62171,1,1
828577c3b2,email_mirror: Fix parsing of unicode in subject headers.,11330,Fix,ss62171,1,1
1aab1594e2,settings: Fix alignment of left-side icons in org setting tab.,11330,Fix,ss62171,1,1
d1b189b2cd,settings: Fix casper tests on invitations page.,11330,Fix,ss62171,1,1
689d8221e5,emails: Fix the if condition logic in missed_message.html.,11330,Fix,ss62171,1,1
21f4aeff4f,emails: Fix wrongly converted hex colors.,11330,Fix,ss62171,1,1
2ba24bdd09,settings: Fix flushing of API key cache.,11330,Fix,ss62171,1,1
b33e0ad539,import: Fix pointer logic to sort by message_id.,11330,Fix,ss62171,1,1
105732ab1f,parse_lsb_release: Fix vendor name matching for CentOS.,11330,Fix,ss62171,1,1
5a9d0c87bb,node: Fix ui_init test failing due to night_mode initialization.,11330,Fix,ss62171,1,1
26c6ef1834,thumbnails: Fix bug with use of filters in thumbnail generation.,11330,Fix,ss62171,1,1
517718de02,user settings: Fix the position of get api key text and button.,11330,Fix,ss62171,1,1
517718de02,user settings: Fix the position of get api key text and button.,11175,user settings: Fix the position of get api key text and button.,Varunvaruns9,1,1
8cfea958de,import: Fix pointer logic for zulip->zulip imports.,11330,Fix,ss62171,1,1
c03615b982,import: Fix uploading avatars with S3 upload backend.,11330,Fix,ss62171,1,1
2e533f32c2,thumbor: Fix handling of upgrades from 1.8.0 and older.,11330,Fix,ss62171,1,2
af6f45adab,presence: Fix a mypy error with useless result object.,11330,Fix,ss62171,1,1
092b73d0b7,ui: Fix wrong usage of scrolling to top in ui.updateScrollbar.,11330,Fix,ss62171,1,1
092b73d0b7,ui: Fix wrong usage of scrolling to top in ui.updateScrollbar.,11167,ui: Fix wrong usage of scrolling to top in ui.updateScrollbar.,shubhamdhama,1,1
1a72256e05,settings: Fix hiding of email address visibility.,11330,Fix,ss62171,1,1
b4bc6b4445,emails: Fix subject -> email_subject in send_email.py.,11330,Fix,ss62171,1,1
4da28efc90,emails: Fix subject -> email_subject in error_notify.py.,11330,Fix,ss62171,1,1
e48c9245ff,list_realms: Fix the --all option.,11330,Fix,ss62171,1,1
4612a84a67,check_email_deliverer_process: Fix typo in process name.,11330,Fix,ss62171,1,1
f0c7424957,import: Fix sending floats to boto S3 metadata keys.,11330,Fix,ss62171,1,1
e7ef0904f5,accept_terms: Somewhat fix ugly white box.,11330,Fix,ss62171,1,1
e35fa80745,billing: Fix the position of 'processing' text.,11330,Fix,ss62171,1,1
25793aefa7,hotkey: Fix using pageup/pagedown inside message edit.,11330,Fix,ss62171,1,1
96bb27fa84,signup: Fix bug in import settings when subdomain is root.,11330,Fix,ss62171,1,1
053a41d816,subject -> topic: Fix notifications.js.,11330,Fix,ss62171,1,1
56a893cd94,subject -> topic: Fix hash_util.js.,11330,Fix,ss62171,1,1
95e213df87,subject -> topic: Fix message_list_view.js.,11330,Fix,ss62171,1,1
4fec91d5b1,subject -> topic: Fix message_events.js.,11330,Fix,ss62171,1,1
43fd8e658d,notifications: Fix styling for long compose alerts.,11330,Fix,ss62171,1,1
a378407c57,emails: Fix inconsistent email UI for different email clients.,11330,Fix,ss62171,1,1
e8f2d6f32b,Fix false positives in message view tests.,11330,Fix,ss62171,1,1
72576b3a77,compose: Fix recent autocomplete regression.,11330,Fix,ss62171,1,1
a3000940f7,Remove Slack/PHP link to fix builds.,11330,Fix,ss62171,1,1
30a61d7505,billing: Fix plan input bug in upgrade.,11330,Fix,ss62171,1,1
1656fd7729,Fix recent regression with mute undo.,11330,Fix,ss62171,1,1
bd49b2ad63,portico: Fix height of carousel container.,11330,Fix,ss62171,1,1
6d29525ef0,emails: Fix broken email revert process in email_log.,11330,Fix,ss62171,1,1
a4dccec356,linkifiers: Fix the new linkifier field widths.,11330,Fix,ss62171,1,1
00a75bda3b,docs: Fix a few broken link anchors.,11330,Fix,ss62171,1,1
8426785286,message_list_view: Fix mention text in search condition.,11330,Fix,ss62171,1,1
3060ee9397,provision: Fix typo when checking that vendor is Fedora.,11330,Fix,ss62171,1,1
5e12eb8d34,provision: Fix typo in list of services on RedHat.,11330,Fix,ss62171,1,1
d84d3777fd,casper: Fix admin tests failing.,11330,Fix,ss62171,1,1
35901cc955,lint: Fix a tooling test failure in last commit.,11330,Fix,ss62171,1,1
e9f889d57e,portico: Fix totally broken ToS re-accept form styling.,11330,Fix,ss62171,1,1
d005f4edd3,management: Fix incorrect create_user docsting on ToS.,11330,Fix,ss62171,1,1
d9912cb23c,management: Fix buggy create_user management command.,11330,Fix,ss62171,1,1
430ed061c1,migrations: Fix do_batch_update for postgres 10.,11330,Fix,ss62171,1,2
7d23076a0e,drafts: Fix bug in finding current element.,11330,Fix,ss62171,1,1
0779d343fa,message_list: Fix handling of unknown email in mentions.,11330,Fix,ss62171,1,1
046ecc5d50,styles: Fix compose options hidden when editing.,11330,Fix,ss62171,1,1
046ecc5d50,styles: Fix compose options hidden when editing.,11061,styles: Fix compose options hidden when editing.,marco,1,1
35b904b184,subject -> topic: Fix subject in opts.,11330,Fix,ss62171,1,1
bdc4876948,notifications: Fix missing translation tags for above-compose alerts.,11330,Fix,ss62171,1,1
32f24bff8d,stripe: Fix exception handling for suppressed event types.,11330,Fix,ss62171,1,1
008722b809,portico: Fix logic for whether a password field is present.,11330,Fix,ss62171,1,1
a4c80089f3,page load: Fix two bugs related to muting/unreads.,11330,Fix,ss62171,1,1
e0c8492464,node: Fix undefined senders in notifications test.,11330,Fix,ss62171,1,1
a63eae48cc,test_push_notifications: Fix leak that can leak to test flakes.,11330,Fix,ss62171,1,1
67981725ec,send_email: Fix migration code path for ScheduledEmail.,11330,Fix,ss62171,1,1
e7746809d2,stripe: Fix exception handler for suppressed events.,11330,Fix,ss62171,1,1
af78800525,node: Fix test failure introduced in last merge.,11330,Fix,ss62171,1,1
b8a45d889e,message_fetch: Fix home_msg_list older FetchStatus tracking.,11330,Fix,ss62171,1,1
ba6ef745fe,message_fetch: Fix home_msg_list newer FetchStatus tracking.,11330,Fix,ss62171,1,1
a6ca95dfc4,slack import: Fix all messages being imported to one channel.,11330,Fix,ss62171,1,1
ee901ac8b1,django: Remove the Django contrib Sites app to fix 2FA QR codes.,11330,Fix,ss62171,1,2
d6217eb862,slack import: Fix empty values for custom profile fields.,11330,Fix,ss62171,1,1
354109e5e9,casper: Fix test broken by recent signup refactor.,11330,Fix,ss62171,1,1
8f0ccdf1c9,user settings: Fix active background links when a modal is visible.,11330,Fix,ss62171,1,1
38aa44ef31,"message_edit: Fix tab navigation to ""Close"" button.",11330,Fix,ss62171,1,1
7026a8c574,docs: Fix typo in russian.md.,11330,Fix,ss62171,1,1
b2939cdf19,lint: Fix comma spacing in node tests.,11330,Fix,ss62171,1,1
1dc741b963,help: Fix left sidebar content in smaller window.,11330,Fix,ss62171,1,1
1dc741b963,help: Fix left sidebar content in smaller window.,10984,help: Fix left sidebar content in smaller window.,akashnimare,1,1
9da4b58c8e,docs: Fix /help/ sidebar being accidentally missing.,11330,Fix,ss62171,1,1
cc54dddd84,settings: Fix settings UI indicators for guest users.,11330,Fix,ss62171,1,1
460249704e,send_email: Fix cleanup for incorrectly migrated jobs.,11330,Fix,ss62171,1,1
f4c5a45f4f,import: Fix S3 paths for imported avatar PNG.,11330,Fix,ss62171,1,1
9e06ab45bf,webhooks: Fix HttpResponse with notify_bot_owner_on_invalid_json.,11330,Fix,ss62171,1,1
5254d77b7c,onboarding: Fix help text overflow on new organization registration page.,11330,Fix,ss62171,1,1
8ed4933005,setup-advanced: Fix a subsubsection header formatting.,11330,Fix,ss62171,1,1
b47535d8bb,push notifications: Fix exception when handling deleted messages.,11330,Fix,ss62171,1,1
196ec78261,logging_handlers: Fix unnecessary broken import.,11330,Fix,ss62171,1,1
250a2b5164,docs: Fix documentation details for boto configuration.,11330,Fix,ss62171,1,1
a0ca502f16,hello: Fix a header alignment issue when page is around 375px.,11330,Fix,ss62171,1,2
86536059b4,tools: Fix linter tests after SCSS rename.,11330,Fix,ss62171,1,1
815388b023,lint: Fix CSS linter rules not running.,11330,Fix,ss62171,1,1
e7c5bc0cee,lint: Fix broken whitespace in landing-page.scss.,11330,Fix,ss62171,1,1
7db1dc2434,integrations: Fix cursor changing to a pointer at the wrong location.,11330,Fix,ss62171,1,1
5875eea1b5,integrations: Fix alignment of categories dropdown with the lozenges.,11330,Fix,ss62171,1,1
9a9dd158c4,integrations: Fix behaviour of angle icon associated with the dropdown.,11330,Fix,ss62171,1,1
11f896809f,integrations: Fix issue with area from where dropdown can be toggled.,11330,Fix,ss62171,1,1
98cab354bd,integrations: Fix buggy behaviour around categories dropdown.,11330,Fix,ss62171,1,1
90def916bc,left-sidebar: Match line spacing of user list on left sidebar.,10560,left-sidebar: Match line spacing of user list on left sidebar.,psg0796,2,0
524ef509fe,user settings: Fix download zuliprc button styling.,11330,Fix,ss62171,1,1
fa59573a65,mypy: Fix mypy errors in send_email logic.,11330,Fix,ss62171,1,1
0fddf9a610,docs: Fix 500s with super long fake /help/ article URLs.,11330,Fix,ss62171,1,2
c740d1b093,clubhouse: Fix typoed include statement.,11330,Fix,ss62171,1,1
4c1e80032a,push notifications: Fix unnecessary warning in development.,11330,Fix,ss62171,1,1
e13de3e629,scripts: Fix incorrect garbage-collection of emoji/node caches.,11330,Fix,ss62171,1,1
d96624490e,bulk_add_subscriptions: Fix confusing access to user_profile.realm.,11330,Fix,ss62171,1,1
779ed37cfa,hashchange: Fix update_browser_history() call for settings.,11330,Fix,ss62171,1,1
307799113e,right sidebar: Fix night-mode presence styling.,11330,Fix,ss62171,1,1
307799113e,right sidebar: Fix night-mode presence styling.,10935,right sidebar: Fix night-mode presence styling.,marco,1,1
339fa86373,tooling: Fix `manage.py` failing if `/etc/zulip/zulip.conf` exists.,11330,Fix,ss62171,1,1
339fa86373,tooling: Fix `manage.py` failing if `/etc/zulip/zulip.conf` exists.,10936,tooling: Fix `manage.py` failing if `/etc/zulip/zulip.conf` exists.,marco,1,1
36f54e689b,integrations/stripe: Fix bug in charge.succeeded.,11330,Fix,ss62171,1,1
1303f8df20,docs: Fix missing quotes in `su zulip -c` documentation.,11330,Fix,ss62171,1,1
72db5d5a48,docs: Document how to setup system postfix email with Zulip.,11330,Fix,ss62171,1,1
16b7737da3,billing: Fix enforcement of seat_count in tests.,11330,Fix,ss62171,1,1
5a47ac96de,billing: Fix test flake in test_payment_method_string.,11330,Fix,ss62171,1,1
e609e10229,puppet: Fix missing dependency of tsearch-extras on apt repository.,11330,Fix,ss62171,1,1
6781345b9b,message_fetch: Fix a linter error introduced on rebase.,11330,Fix,ss62171,1,1
01927fb470,message view: Fix hiding of connection-error message on narrowing streams.,11330,Fix,ss62171,1,1
01927fb470,message view: Fix hiding of connection-error message on narrowing streams.,8510,message view: Fix hiding of connection-error message on narrowing streams.,shubhamdhama,1,1
d828eba2f6,show_admins: Fix buggy realm parsing.,11330,Fix,ss62171,1,1
02f09e2473,settings: Fix linter errors with user profiles.,11330,Fix,ss62171,1,1
e39ebb7358,"settings: Fix ""Preview profile"" button.",11330,Fix,ss62171,1,1
fe3270d2b9,input pills: Fix modal gets closed when user click on remove-pill-btn.,11330,Fix,ss62171,1,1
d28527b629,portico: Fix bulleted list styling on privacy page.,11330,Fix,ss62171,1,1
51950ad352,docs: Fix accidental repeat bullet #1 in S3 backend documentation.,11330,Fix,ss62171,1,1
0774bd7df0,portico: Fix password strength bar reset after form invalidation.,11330,Fix,ss62171,1,1
723fb60476,docs: Fix up some broken links output spam.,11330,Fix,ss62171,1,1
5f3c8be6d1,docs: Fix some broken links in security model doc.,11330,Fix,ss62171,1,1
b79d63e9c3,copy/paste: Try to fix Casper flake and add comments.,11330,Fix,ss62171,1,1
5a56925495,restart-server: Fix restarting server with multiple tornado processes.,11330,Fix,ss62171,1,1
3ef0d6016c,copy: Fix copy-pasting of EDITED notices in messages.,11330,Fix,ss62171,1,1
a5b533ba64,"portico: Fix placement of ""this field is required"" notice.",11330,Fix,ss62171,1,1
b3c8e56913,node: Fix activity tests failing due to recent i18n addition.,11330,Fix,ss62171,1,1
c679920c01,python: Fix unnecessary uses of str_utils library.,11330,Fix,ss62171,1,1
e06668c7e8,queue_processors: Fix misleading copied comment.,11330,Fix,ss62171,1,1
beb80219a8,push notifications: Fix a comment typo.,11330,Fix,ss62171,1,1
3bb0956046,upload: Fix ensure_medium_avatar_image for S3 backend.,11330,Fix,ss62171,1,1
00826486bd,hipchat: Fix typo in logging output.,11330,Fix,ss62171,1,1
e57a932692,hipchat: Fix avatars.,11330,Fix,ss62171,1,1
0dffb58797,billing: Fix fixture_files_for_function including too many files.,11330,Fix,ss62171,1,1
64960383e4,mypy: Fix missing type annotation in tornado code.,11330,Fix,ss62171,1,1
2fb1e51d71,dropbox: Fix incorrect placement of notify_bot_owner_on_invalid_json.,11330,Fix,ss62171,1,1
541bc0afda,sessions: Fix filling memcached caches.,11330,Fix,ss62171,1,1
ededdc512b,nginx: Fix missing API authentication configuration.,11330,Fix,ss62171,1,1
68d81cb25b,subject -> topic: Fix respond_to_message().,11330,Fix,ss62171,1,1
82b9f2a3db,subject -> topic: Fix create_message_object().,11330,Fix,ss62171,1,1
3e860fbc39,subject -> topic: Fix group.subject references.,11330,Fix,ss62171,1,1
6546fb3f1d,subject -> topic: Fix local subject vars.,11330,Fix,ss62171,1,1
b615f0df4d,subject -> topic: Fix stream/subject in comments.,11330,Fix,ss62171,1,1
c6ad12d058,subject -> topic: Fix local vars in stream_list.,11330,Fix,ss62171,1,1
f69a4f11e3,subject -> topic: Fix narrow tests.,11330,Fix,ss62171,1,1
c0fd8660d2,subject -> topic: Fix analytics test (minor).,11330,Fix,ss62171,1,1
5a539d44b0,subject -> topic: Fix notification tests.,11330,Fix,ss62171,1,1
b666a6bd6c,subject -> topic: Fix most of api_test_helpers.,11330,Fix,ss62171,1,1
75ead3379d,node: Fix typo in tests (diffrent -> different).,11330,Fix,ss62171,1,1
33c6390c14,billing: Fix missing target=blank for new navbar menu items.,11330,Fix,ss62171,1,1
a86e7fbd9f,subject -> topic: Fix message tests.,11330,Fix,ss62171,1,1
394cd4c6b6,subject -> topic: Fix user group tests.,11330,Fix,ss62171,1,1
ee9d321d9f,subject -> topic: Fix tornado tests.,11330,Fix,ss62171,1,1
2fe78ffe21,subject -> topic: Fix widget tests.,11330,Fix,ss62171,1,1
710095920f,subject -> topic: Fix push notification tests.,11330,Fix,ss62171,1,1
8e639543fb,subject -> topic: Fix webhook system tests.,11330,Fix,ss62171,1,1
8f8ceab062,subject -> topic: Fix external tests.,11330,Fix,ss62171,1,1
cd76d4c308,subject -> topic: Fix events tests.,11330,Fix,ss62171,1,1
4b38260a27,tests: Fix message.subject references.,11330,Fix,ss62171,1,1
630dd8ac1b,subject -> topic: Fix bugdown tests.,11330,Fix,ss62171,1,1
3133998af9,test_messages: Fix a lot of subject -> topic_name.,11330,Fix,ss62171,1,1
0a171bf9bf,"Fix ""prev_subject"" with LEGACY_PREV_TOPIC.",11330,Fix,ss62171,1,1
f7f071b52f,minor: Fix subject -> topic in a comment.,11330,Fix,ss62171,1,1
fe8d400e3a,node: Fix test failure due to 'narrowed' removal.,11330,Fix,ss62171,1,1
f729840040,docs: Fix typo in writing-views.md.,11330,Fix,ss62171,1,1
2c06615909,streams: Fix stream color synchronization.,11330,Fix,ss62171,1,1
10570d508f,tools/lint: Fix JSON lint pattern for spaces after ':'.,11330,Fix,ss62171,1,1
e88998e6d4,import: Fix buggy handling of avatars in Slack conversion.,11330,Fix,ss62171,1,1
b4f2e09b3a,node: Fix a compose_actions test.,11330,Fix,ss62171,1,1
f62050212b,tornado: Fix supervisord configuration for multiple processes.,11330,Fix,ss62171,1,1
5f3b79c9e7,nagios: Fix tab-based whitespace.,11330,Fix,ss62171,1,1
e8290ccd6d,"add_new_user: Fix mention of running ""python manage.py"".",11330,Fix,ss62171,1,1
c6dd801525,docs: Fix a couple of broken links.,11330,Fix,ss62171,1,1
f445a71272,hello: Fix responsiveness bug when page is at 800px.,11330,Fix,ss62171,1,2
40ff41e135,tornado: Fix populate_db failing to call send_event properly.,11330,Fix,ss62171,1,1
9339c191da,tornado: Fix missing mypy annotation.,11330,Fix,ss62171,1,1
2718bf27e7,portico: Fix spacing for logged-in dropdown in nav bar.,11330,Fix,ss62171,1,1
10ac671cd4,middleware: Fix logging of query counts in websockets requests.,11330,Fix,ss62171,1,1
d9887759b4,plans: Fix broken link from FAQ to import docs and add tests.,11330,Fix,ss62171,1,1
d48fbb3f63,node: Fix missing test coverage for user_events.js with guests.,11330,Fix,ss62171,1,1
dbc412b8eb,test_narrow: Fix missing found_oldest assert in tests.,11330,Fix,ss62171,1,1
4b4f27fffb,"tests: Fix flaky test by using sets, not lists.",11330,Fix,ss62171,1,1
78f6e3ac7d,hipchat import: Fix data issues with PMs.,11330,Fix,ss62171,1,1
08f0690333,left sidebar: Fix scrolling bugs with zoomed topics.,11330,Fix,ss62171,1,1
fe6df1c222,hipchat import: Fix bug w/rogue UserMessage records.,11330,Fix,ss62171,1,1
53f1714613,stripe: Fix the button glitch in /upgrade page.,11330,Fix,ss62171,1,1
737e02a2e6,hipchat import: Fix PM messages.,11330,Fix,ss62171,1,1
a7fe6b1c34,billing: Fix max_invites for PREMIUM_FREE.,11330,Fix,ss62171,1,1
adf918cf5a,upgrade-zulip-from-git: Fix linter error from too-long line.,11330,Fix,ss62171,1,1
328e2ff316,"Fix ""Copy link to conversation"" links.",11330,Fix,ss62171,1,1
a16bf34c7f,thumbnailing: Fix oversharpening of thumbnails.,11330,Fix,ss62171,1,1
c242433dcb,message view: Fix order of dynamic elements in recipient bar.,11330,Fix,ss62171,1,1
cc810f8951,settings: Fix width not maximum while uploading user avatar.,11330,Fix,ss62171,1,1
41fbb16cdf,org settings: Fix error when admin update realm users full names.,11330,Fix,ss62171,1,1
aad5c3df48,user docs: Fix typo causing broken gear icon.,11330,Fix,ss62171,1,1
d0fb34e8af,install: Fix shellcheck warnings.,11330,Fix,ss62171,1,1
49ae9c1e44,pre-commit: Fix shellcheck warnings.,11330,Fix,ss62171,1,1
fc24d2e147,install-aws-server: Fix shellcheck warnings.,11330,Fix,ss62171,1,1
b15063155c,postgres-init-dev-db: Fix shellcheck warnings.,11330,Fix,ss62171,1,1
310027f970,terminate-psql-sessions: Fix shellcheck warnings.,11330,Fix,ss62171,1,1
7f35ad916e,django-template-graph: Fix shellcheck warnings.,11330,Fix,ss62171,1,1
c63d852b55,deploy-branch: Fix shellcheck warnings.,11330,Fix,ss62171,1,1
4a8074000c,commit-msg: Fix shellcheck warnings.,11330,Fix,ss62171,1,1
8b38f61176,clean-branches: Fix shellcheck warnings.,11330,Fix,ss62171,1,1
b5bfe77844,build-release-tarball: Fix shellcheck warnings.,11330,Fix,ss62171,1,1
a5280d7d02,build-docs: Fix shellcheck warnings.,11330,Fix,ss62171,1,1
fde03feed9,api docs: Fix titles for add/remove linkifiers docs.,11330,Fix,ss62171,1,1
78a15dd715,slack import: Fix obscure email address for Slackbot.,11330,Fix,ss62171,1,1
436bcd121b,zthumbor: Fix thumbor behaviour when using it with s3 storage.,11330,Fix,ss62171,1,1
6487d956fe,api docs: Fix typo in URL for bulk-mark-as-read.,11330,Fix,ss62171,1,1
8481a2fd2d,"api docs: Fix confusing discussion of ""dev server"".",11330,Fix,ss62171,1,1
5272ac8c39,api docs: Fix a broken linkification filters link.,11330,Fix,ss62171,1,1
98d89b676d,pg_backup_and_purge: Fix incorrect conversion to use python3 types.,11330,Fix,ss62171,1,1
7f075e0da2,docs: Fix path to REST endpoints index.,11330,Fix,ss62171,1,1
3c2f49edaa,message_flags: Fix JS exception when handling starred messages.,11330,Fix,ss62171,1,1
68ab71eb8b,push: Fix exceptions when removing push notifications.,11330,Fix,ss62171,1,1
8379aeee15,outgoing bots: Fix header for generic servers.,11330,Fix,ss62171,1,1
0a751567a3,upload: Fix missing mypy return type annotation.,11330,Fix,ss62171,1,1
f1e0152d71,minor: Fix indentation from recent ldap commit.,11330,Fix,ss62171,1,1
9054ce278f,locale: Fix incorrect use of locale-gen to generate locales.,11330,Fix,ss62171,1,1
c57c4cf703,notifications: Fix push notifications with multiple realms.,11330,Fix,ss62171,1,1
83bcea3917,api: Fix docs to point to /latest/ for integration docs.,11330,Fix,ss62171,1,1
b22254835e,webhooks/bitbucket2: Fix broken commit URL.,11330,Fix,ss62171,1,1
660fb032cb,docs: Fix broken user docs links in new feature tutorial.,11330,Fix,ss62171,1,1
8e6fba7f22,webhooks/trello: Fix indentation and numbering.,11330,Fix,ss62171,1,1
4126089679,settings: Fix real-time update of `full_name` property in page_params.,11330,Fix,ss62171,1,1
400bb6ca48,emoji: Fix caching for text emojiset.,11330,Fix,ss62171,1,1
6bfa29b8e6,notifications: Fix soft-deactivated users don't get push notifications.,11330,Fix,ss62171,1,1
89fccb8c4e,user docs: Fix broken link to enable-enter-to-send.,11330,Fix,ss62171,1,1
feee76eb23,export: Fix exporting files with S3 upload backend.,11330,Fix,ss62171,1,1
e2bd03365e,import: Fix handling of recipient IDs for welcome bot.,11330,Fix,ss62171,1,1
165078b484,queue_processors: Fix bug in handling removed push notifications.,11330,Fix,ss62171,1,1
9fa5030c2c,billing: Fix the glitch in upgrade button.,11330,Fix,ss62171,1,1
25ad755914,Fix usage for test-api.,11330,Fix,ss62171,1,1
18b86a9499,billing: Fix RealmAuditLog accounting for downgrade.,11330,Fix,ss62171,1,1
bd0487d503,billing: Fix mypy stubs to use keyword args instead of positional args.,11330,Fix,ss62171,1,1
bebd93b571,billing: Fix idempotency bug in setup_stripe management command.,11330,Fix,ss62171,1,1
2c7f9ce0fc,puppet: Fix puppet-lint warnings in various manifests.,11330,Fix,ss62171,1,1
0af7a12197,api: Fix typos in doc on constructing narrows.,11330,Fix,ss62171,1,1
e204fe3948,minor: Fix for failing tests.,11330,Fix,ss62171,1,1
62b93d551a,signup: Fix broken resend email link in realm creation flow.,11330,Fix,ss62171,1,1
bb3ecb178a,Fix bugs related to batching message events.,11330,Fix,ss62171,1,1
d72280f1c7,invite user: Fix click handler called multiple time on submit.,11330,Fix,ss62171,1,1
87e2231902,settings: Fix an error for non-admins on the custom profile fields page.,11330,Fix,ss62171,1,1
0f628dc4aa,management: Fix send_password_reset_email command.,11330,Fix,ss62171,1,1
0f628dc4aa,management: Fix send_password_reset_email command.,10400,management: Fix send_password_reset_email command,hackerkid,1,1
941cd0bb2f,emails/password_reset: Fix multiple accounts realm uri listing.,11330,Fix,ss62171,1,1
21d537d3bd,styles: Fix the oversized search bar on mobile.,11330,Fix,ss62171,1,1
fa95ba9812,style: Fix the stream and user list buttons on mobile in night mode.,11330,Fix,ss62171,1,1
fa95ba9812,style: Fix the stream and user list buttons on mobile in night mode.,10372,style: Fix the stream and user list buttons on mobile in night mode.,marco,1,1
fa95ba9812,style: Fix the stream and user list buttons on mobile in night mode.,10328,style: Fix the stream and user list buttons on mobile in night mode.,marco,1,1
eaefa31969,portico: Fix mis-sized bullets.,11330,Fix,ss62171,1,1
0068a5ccd6,events: Fix can_subscribe_other_users not being set properly.,11330,Fix,ss62171,1,1
6827c42e02,migrations: Fix accounting in is_private migration.,11330,Fix,ss62171,1,1
dab75e4990,help: Fix styling of emoticons on help pages.,11330,Fix,ss62171,1,1
5021f7b76f,puppet: Fix accidental conflict on apache2 package.,11330,Fix,ss62171,1,1
2c6f57480d,node_tests: Fix node tests for recent changes.,11330,Fix,ss62171,1,1
b1fcd81fff,user docs: Fix spelling of macOS in desktop install guide.,11330,Fix,ss62171,1,1
56b031733a,rtl.js: Fix support for supplementary planes of unicode characters (>= U+10000).,11330,Fix,ss62171,1,1
452389df0d,night mode: Fix coloring of message edit info tooltip.,11330,Fix,ss62171,1,1
069acc08cd,stream settings: Fix hide change-sub-type when admin unsubscribe stream.,11330,Fix,ss62171,1,1
069acc08cd,stream settings: Fix hide change-sub-type when admin unsubscribe stream.,10194,stream settings: Fix hide change-sub-type when admin unsubscribe stream.,YJDave,1,1
99e1a81055,emoji: Fix some emoji images not loading in missed message emails.,11330,Fix,ss62171,1,1
a8f96759c1,email worker: Fix typo in time.sleep call.,11330,Fix,ss62171,1,1
228e237d51,tests: Fix incorrect comment in test_invite_using_disposable_email.,11330,Fix,ss62171,1,1
674d3804fb,portico: Fix frontend email validation on /new.,11330,Fix,ss62171,1,1
674d3804fb,portico: Fix frontend email validation on /new.,10278,portico: Fix frontend email validation on /new.,pragatiagrawal31,1,1
d0e377428a,billing: Fix typo in CONTACT_SUPPORT error message.,11330,Fix,ss62171,1,1
18449c7c57,upgrade: Fix horizontal centering on annual/monthly buttons.,11330,Fix,ss62171,1,1
e0bd719f5c,upgrade: Fix styling issue on Add Card button.,11330,Fix,ss62171,1,1
0ed2b1d574,thumbnails: Fix bug with '/user_avatar/' links in Zulip messages.,11330,Fix,ss62171,1,1
8a22838acf,slack import: Fix computation of owner email for uploaded files.,11330,Fix,ss62171,1,1
2f042ac536,integrations: Fix typo in IFTTT doc.,11330,Fix,ss62171,1,1
8ba726d47d,do_update_pointer: Fix missing where= declaration.,11330,Fix,ss62171,1,1
8ceb3b88ad,test_tornado: Fix leaking of event queue state.,11330,Fix,ss62171,1,1
4895637a5a,billing: Fix the BillingError description check in test.,11330,Fix,ss62171,1,1
83300c329b,register: Fix period at end of heading.,11330,Fix,ss62171,1,1
25b646feaf,decorator: Fix error message for accessing deactivated accounts.,11330,Fix,ss62171,1,1
4c4b6d105e,import: Fix re-rendering of markdown for Zulip->Zulip imports.,11330,Fix,ss62171,1,1
26300110ca,import: Fix rendered_content in imported messages.,11330,Fix,ss62171,1,1
e5668da879,settings: Fix a grammar typo in LDAP documentation.,11330,Fix,ss62171,1,1
054c07b585,mypy: Fix run types in pg_backup_and_purge.,11330,Fix,ss62171,1,1
db1f706d09,pg_backup_and_purge: Fix buggy recovery status parsing.,11330,Fix,ss62171,1,1
3e885e52b2,i18n: Fix hard-to-translate notification bot string.,11330,Fix,ss62171,1,1
a0d8cbc9cb,test-backend: Fix typo.,11330,Fix,ss62171,1,1
1cfe7f6494,user popover: Fix user-type-field not showing in user popover.,11330,Fix,ss62171,1,1
f8d4578be1,user popover: Fix choice field shows index of selected choice instead value.,11330,Fix,ss62171,1,1
4aedc055ce,custom profile fields: Fix click handler executed multiple times.,11330,Fix,ss62171,1,1
4aedc055ce,custom profile fields: Fix click handler executed multiple times.,10156,custom profile fields: Fix click handler executed multiple times.,YJDave,1,1
f68bb8132a,zcommand: Fix broken switch mode message.,11330,Fix,ss62171,1,1
89dbfc2926,night-mode: Fix stream creation loading indicator background color.,11330,Fix,ss62171,1,1
ecbc58c586,settings: Fix color styling for nested inputs to work in night mode.,11330,Fix,ss62171,1,1
a001e8d6ec,night-mode: Fix color of clear search button for filter inputs.,11330,Fix,ss62171,1,1
d46ad47bd2,night-mode: Fix broken selector for legacy searchbox styling.,11330,Fix,ss62171,1,1
995d073dbf,org settings: Fix a bug where the loading spinner was not visible.,11330,Fix,ss62171,1,1
290388e5e0,stream settings: Fix bug in UI when last user unsubscribe private stream.,11330,Fix,ss62171,1,1
6a382f332e,create stream: Fix announce_stream isn't disabled in create-private-stream.,11330,Fix,ss62171,1,1
5bfe24beef,puppet-lint: Fix an error with defined type safepackage in base.pp.,11330,Fix,ss62171,1,1
710d4507de,puppet-lint: Fix lines longer than 140 characters lint warnings.,11330,Fix,ss62171,1,2
4300683bca,lint: Fix mypy error in check_pyflakes annotations.,11330,Fix,ss62171,1,1
97d93ec8cb,group pms: Fix unread count not on the same line of text.,11330,Fix,ss62171,1,1
97d93ec8cb,group pms: Fix unread count not on the same line of text.,10201,group pms: Fix unread count not on the same line of text.,shubham-padia,1,1
2dec30e4ab,forms: Fix accounts listed in password_reset email to active accounts.,11330,Fix,ss62171,1,1
2dec30e4ab,forms: Fix accounts listed in password_reset email to active accounts.,10186,forms: Fix accounts listed in password_reset email to active accounts.,shubhamdhama,1,1
f4a8ff415c,minor: Fix comments for frequently used emojis.,11330,Fix,ss62171,1,1
69dcf3bac1,docs: Fix a few changelog typos.,11330,Fix,ss62171,1,1
d811c1912b,docs: Fix typos and sentences in caching docs.,11330,Fix,ss62171,1,1
d79555e9be,update-locked-requirements: Fix shellcheck warnings.,11330,Fix,ss62171,1,1
3e7bf9be9c,production-helper: Fix shellcheck warnings.,11330,Fix,ss62171,1,1
e05a56aa8b,test-migrations: Fix shellcheck warnings.,11330,Fix,ss62171,1,1
c4ed4bc021,test-install: Fix shellcheck warnings.,11330,Fix,ss62171,1,1
e1d770d451,test-documentation: Fix shellcheck warnings.,11330,Fix,ss62171,1,1
bb51503907,test-all-docker: Fix shellcheck warnings.,11330,Fix,ss62171,1,1
c93f53b463,test-all: Fix shellcheck warnings.,11330,Fix,ss62171,1,1
e9656564c2,start-dockers: Fix shellcheck warnings.,11330,Fix,ss62171,1,1
f4c4e857ff,generate-test-credentials: Fix shellcheck warnings.,11330,Fix,ss62171,1,1
af64bff9d4,reset-to-pull-request: Fix shellcheck warnings.,11330,Fix,ss62171,1,1
c669626666,provision: Fix shellcheck warnings.,11330,Fix,ss62171,1,1
d7c7e8dd7c,optimize-svg: Fix shellcheck warnings.,11330,Fix,ss62171,1,1
cd451491ff,find-unused-css: Fix shellcheck warnings.,11330,Fix,ss62171,1,1
b920d19358,fetch-rebase-pull-request: Fix shellcheck warnings.,11330,Fix,ss62171,1,1
e7e25fb70b,do-destroy-rebuild-test-database: Fix shellcheck warnings.,11330,Fix,ss62171,1,1
26d378fb7d,terminate-psql-sessions: Fix shellcheck warnings.,11330,Fix,ss62171,1,1
5a5497c6a1,setup-certbot: Fix shellcheck warnings.,11330,Fix,ss62171,1,1
e495eaa339,postgres-init-db: Fix shellcheck warnings.,11330,Fix,ss62171,1,1
edc5a7bdd0,install: Fix shellcheck warnings.,11330,Fix,ss62171,1,1
bb19fed5a7,initialize-database: Fix shellcheck warnings.,11330,Fix,ss62171,1,1
68261c7e29,generate-self-signed-cert: Fix shellcheck warnings.,11330,Fix,ss62171,1,1
78225e4d04,configure-rabbitmq: Fix shellcheck warnings.,11330,Fix,ss62171,1,1
21c60bf6d4,setup-apt-repo: Fix shellcheck warnings.,11330,Fix,ss62171,1,1
942bb49c29,install-node: Fix shellcheck warnings.,11330,Fix,ss62171,1,1
7162ac43a6,create-zulip-admin: Fix shellcheck warnings.,11330,Fix,ss62171,1,1
5b4d30abab,certbot-maybe-renew: Fix shellcheck warnings.,11330,Fix,ss62171,1,1
edfd5ef992,setup_disks.sh: Fix shellcheck warnings.,11330,Fix,ss62171,1,1
5a0fecc2d5,munin_plugins: Fix shellcheck warnings.,11330,Fix,ss62171,1,1
16ed5d5e79,env-wal-e: Fix shellcheck warnings.,11330,Fix,ss62171,1,1
d5bf4eed9a,check_worker_memory: Fix shellcheck warnings.,11330,Fix,ss62171,1,1
eb4855b77b,check_email_deliverer_process: Fix shellcheck warnings.,11330,Fix,ss62171,1,1
e3253a7a1b,check_email_deliverer_backlog: Fix shellcheck warnings.,11330,Fix,ss62171,1,1
aa14d24618,settings: Fix color of icons in custom profile settings.,11330,Fix,ss62171,1,1
0984d876ed,settings: Fix styling for admin_filters_table.,11330,Fix,ss62171,1,1
936d8c32c0,test-api: Fix typo in message event types.,11330,Fix,ss62171,1,1
0f34e2fe3c,subs: Fix broken streams list header/search container in Safari.,11330,Fix,ss62171,1,1
0f34e2fe3c,subs: Fix broken streams list header/search container in Safari.,10150,subs: Fix broken streams list header/search container in Safari.,synicalsyntax,1,1
e7c7211c30,mypy: Fix type of messages in do_update_message_flags.,11330,Fix,ss62171,1,1
e9f4d9db2b,push_notifications: Fix interface for handle_remove_push_notification.,11330,Fix,ss62171,1,1
d917901ca3,subs: Fix bug with narrow_to_row callback in subs modal.,11330,Fix,ss62171,1,1
0044866682,events: Fix starring logic correctly.,11330,Fix,ss62171,1,1
cdbb38096a,night_mode: Fix broken background color for user profile.,11330,Fix,ss62171,1,1
47aaa73f96,events: Fix buggy update starred event.,11330,Fix,ss62171,1,1
da56449c65,thumbor: Fix exceptions if LOCAL_UPLOADS_DIR is not set.,11330,Fix,ss62171,1,1
b564976ce4,upgrade-zulip: Fix unicode issues with detecting early migrations.,11330,Fix,ss62171,1,1
1b2a26ca83,events: Fix missing empty custom profile data dict for new users.,11330,Fix,ss62171,1,1
d377ac5768,people: Fix blueslip errors for late-added users.,11330,Fix,ss62171,1,1
57ed871800,pill: Fix broken width of input-pill.,11330,Fix,ss62171,1,1
e04156eef3,export: Fix error messages for stream list mismatches.,11330,Fix,ss62171,1,1
6317064210,unminify: Fix source map extraction for hash-named files.,11330,Fix,ss62171,1,1
906718f154,node tests: Fix minor linter error.,11330,Fix,ss62171,1,1
30a3c48ff3,thumbor: Fix missing virtualenv-clone package in dependencies.,11330,Fix,ss62171,1,1
6e61152a53,"features: Fix a typo in ""fully internationalized"".",11330,Fix,ss62171,1,1
6e7905651f,mypy: Fix type errors relate to 'mock'.,11330,Fix,ss62171,1,1
499a70b01e,notifications: Fix leaking of private stream msgs sent before subscribing.,11330,Fix,ss62171,1,1
eff372da74,mypy: Fix mypy error with optional.,11330,Fix,ss62171,1,1
5bf6e55778,search pills: Fix visual bugs due to CSS refactoring of input pills.,11330,Fix,ss62171,1,1
c47e71abe0,emails: Fix preheader coming up inside email.,11330,Fix,ss62171,1,1
5190f4c51a,stylesheets: Fix coding style to comply with stylistic rules.,11330,Fix,ss62171,1,1
5bca93d147,hotspots.scss: Fix styling to conform to stylistic rules.,11330,Fix,ss62171,1,1
4cbe827581,portico.scss: Fix styling to conform to stylistic rules.,11330,Fix,ss62171,1,1
92e29db3f5,landing-page.scss: Fix styling to conform to stylistic rules.,11330,Fix,ss62171,1,1
b5cae68f24,docs: Fix typo: premise -> premises.,11330,Fix,ss62171,1,1
064fca5b76,import: Fix use of unused Subscription.notifications.,11330,Fix,ss62171,1,1
ba366ea595,bugdown: Fix test_ultra_long_rendering logic.,11330,Fix,ss62171,1,1
fa3a337f37,stylelint: Fix css stylistic violations in various scss stylesheets.,11330,Fix,ss62171,1,1
be77e600ee,stylelint: Fix landing-page.scss to comply with stylelist rules.,11330,Fix,ss62171,1,1
0293497c52,models: Fix mypy errors due to buggy line-wrapping of type comments.,11330,Fix,ss62171,1,1
5581586c5c,user docs: Fix wording in import-data-from-gitter.,11330,Fix,ss62171,1,1
5671ea16ab,bugdown: Fix buggy rendering of pre elements inside bullets.,11330,Fix,ss62171,1,1
0bcc0ca0d8,stripe: Fix type of stripe_customer_id.,11330,Fix,ss62171,1,1
3b36532407,storage: Fix hash-renaming of various non-CSS/JS file types.,11330,Fix,ss62171,1,1
79dfe6e0ae,push-to-pull-request: Fix shell usage in an error path.,11330,Fix,ss62171,1,1
eaeec30590,help: Fix broken anchor link handling in documentation.,11330,Fix,ss62171,1,1
db8700513b,stripe: Fix type of stripe_plan_id in do_subscribe_customer_to_plan.,11330,Fix,ss62171,1,1
e37b5dce79,stream settings: Fix brand new streams showing 0 weekly traffic.,11330,Fix,ss62171,1,2
b75aa8e35a,stream settings: Fix age calculation in is_old_stream.,11330,Fix,ss62171,1,1
8803ac4af8,import: Fix BotStorageData and BotConfigData import.,11330,Fix,ss62171,1,1
66df4e3e84,input-pill: Refactor pills to eliminate fixed positioning of elements.,11330,Fix,ss62171,1,1
839300d781,import: Fix typo in re_map_foreign_keys_many_to_many.,11330,Fix,ss62171,1,1
b6ce93e029,outgoing webhooks: Fix sample values for slack outgoing webhooks.,11330,Fix,ss62171,1,1
84a977967b,subs: Fix regression in Filter streams input focus during modal opening.,11330,Fix,ss62171,1,1
84a977967b,subs: Fix regression in Filter streams input focus during modal opening.,9998,subs: Fix regression in Filter streams input focus during modal opening.,synicalsyntax,1,1
5a588353c1,user docs: Fix some wording in desktop notifications doc.,11330,Fix,ss62171,1,1
11cbe2bf6a,"lightbox: Fix a ""Pan & Zoom"" causing an error with thumbnailed images.",11330,Fix,ss62171,1,1
a6939a5078,lightbox: Fix lightbox not showing new thumbnails as selected.,11330,Fix,ss62171,1,1
fef5b43e22,minor: Fix directory name label in 'import_emoji_names_from_csv'.,11330,Fix,ss62171,1,1
3cc93fd721,setup_venv: Fix missing libssl-dev dependency.,11330,Fix,ss62171,1,1
8f9b5633b8,zulip_tools: Fix accessing LSB data on Debian stretch.,11330,Fix,ss62171,1,1
0ed13e3631,stats: Fix incorrect data-user attribute on Everyone button.,11330,Fix,ss62171,1,1
0ed13e3631,stats: Fix incorrect data-user attribute on Everyone button.,9944,stats: Fix incorrect data-user attribute on Everyone button.,synicalsyntax,1,1
ee830ddee9,tests: Fix mypy bug in test_import_realm.,11330,Fix,ss62171,1,1
fa1a695e08,test-api: Fix broken check for get_members.,11330,Fix,ss62171,1,1
5ae90d60d7,tests: Fix a failing test in test_users.py.,11330,Fix,ss62171,1,1
c47db1a1e8,left_sidebar.html: Upgrade to use font-awesome 4.7 icon prefixes.,11330,Fix,ss62171,1,1
82877fa116,recipient_row.handlebars: Upgrade to font-awesome 4.7 icon prefixes.,11330,Fix,ss62171,1,1
fb839c1d5b,compose.html: Upgrade to use font-awesome 4.7 icon prefixes.,11330,Fix,ss62171,1,1
f605fdf2c8,topic_edit_form.handlebars: Upgrade to font-awesome 4.7 icon prefixes.,11330,Fix,ss62171,1,1
1fb2dc5b65,tab_bar.handlebars: Upgrade to font-awesome 4.7 icon prefixes.,11330,Fix,ss62171,1,1
6f5a1d3893,stream_sidebar_row.handlebars: Upgrade to font-awesome 4.7 icon prefixes.,11330,Fix,ss62171,1,1
66096e9509,single_message.handlebars: Upgrade to font-awesome 4.7 icon prefixes.,11330,Fix,ss62171,1,1
4731ad1a1b,account-settings.handlebars: Upgrade to font-awesome 4.7 icon prefixes.,11330,Fix,ss62171,1,1
69afb0673c,message_edit_form.handlebars: Upgrade to font-awesome 4.7 icon prefixes.,11330,Fix,ss62171,1,1
5f459e0bb1,draft.handlebars: Upgrade to font-awesome 4.7 icon prefixes.,11330,Fix,ss62171,1,1
9b57f859cc,bot_avatar_row.handlebars: Upgrade to font-awesome 4.7 icon prefixes.,11330,Fix,ss62171,1,1
76ed02dd35,admin_invites_list.handlebars: Upgrade to font-awesome 4.7 icon prefixes.,11330,Fix,ss62171,1,1
a2c58072a7,admin_filter_list.handlebars: Upgrade to font-awesome 4.7 icon prefixes.,11330,Fix,ss62171,1,1
f1059e2760,uploaded_files_list.handlebars: Upgrade to font-awesome 4.7 icon prefixes.,11330,Fix,ss62171,1,1
21b9e8dee1,typeahead_list_item.handlebars: Upgrade to font-awesome 4.7 icon prefixes.,11330,Fix,ss62171,1,1
ae6c8692a9,subscriptions_settings_modal: Upgrade to font-awesome 4.7 icon prefixes.,11330,Fix,ss62171,1,1
aeac7fb5b5,stream_privacy.handlebars: Upgrade to font-awesome 4.7 icon prefixes.,11330,Fix,ss62171,1,1
44dd01b603,profile-field-choice.handlebars: Upgrade to font-awesome 4.7 icon prefixes.,11330,Fix,ss62171,1,1
880986b9ee,invites-list-admin.handlebars: Upgrade to font-awesome 4.7 icon prefixes.,11330,Fix,ss62171,1,1
2e6e331439,bot-settings.handlebars: Upgrade to font-awesome 4.7 icon prefixes.,11330,Fix,ss62171,1,1
145af3f7c8,emoji_popover_content.handlebars: Upgrade to font-awesome 4.7 icon prefixes.,11330,Fix,ss62171,1,1
f41db6a532,admin_user_list.handlebars: Upgrade to font-awesome 4.7 icon prefixes.,11330,Fix,ss62171,1,1
27f238c2f1,admin_emoji_list.handlebars: Upgrade to font-awesome 4.7 icon prefixes.,11330,Fix,ss62171,1,1
975ab6ac16,user_presence_row.handlebars: Upgrade to font-awesome 4.7 icon prefixes.,11330,Fix,ss62171,1,1
65eaf92acd,user_profile_modal.handlebars: Upgrade to font-awesome 4.7 icon prefixes.,11330,Fix,ss62171,1,1
44e9c6909f,app/index.html: Upgrade to use font-awesome 4.7 icon prefixes.,11330,Fix,ss62171,1,1
7b0de00715,right_sidebar.html: Upgrade to use font-awesome 4.7 icon prefixes.,11330,Fix,ss62171,1,1
5552bfbeda,settings_overlay.html: Upgrade to use font-awesome 4.7 icon prefixes.,11330,Fix,ss62171,1,1
ccb4e11eb4,navbar.html: Upgrade to use font-awesome 4.7 icon prefixes.,11330,Fix,ss62171,1,1
80ce1feeed,hello.html: Upgrade to use font-awesome 4.7 icon prefixes.,11330,Fix,ss62171,1,1
0132816471,profile fields: Fix fragile JavaScript for deleting date fields.,11330,Fix,ss62171,1,1
43988c4c8d,reactions: Fix minor formatting in log message.,11330,Fix,ss62171,1,1
9b485f3ef4,auth: Fix bug with subdomains and GitHub auth causing apparent logouts.,11330,Fix,ss62171,1,1
649fccde6b,zerver/lib/events.py: Fix custom field values not updated in apply_events.,11330,Fix,ss62171,1,1
d60037c91b,deploying_bots.md: Fix a couple of minor formatting issues.,11330,Fix,ss62171,1,1
872e8c1d7b,test_fixtures: Fix bug with run_db_migrations for test platform.,11330,Fix,ss62171,1,1
162e3444d7,"HTML validation: Fix <label for=""…""> references.",11330,Fix,ss62171,1,1
3806c092c6,HTML validation: Fix problems with tag nesting.,11330,Fix,ss62171,1,1
ba6543b850,webpack: Fix missing exposed modules left out of transition.,11330,Fix,ss62171,1,1
0bd139af0c,webpack: Fix missing expose for toMarkdown.,11330,Fix,ss62171,1,1
7b8d3023f5,Fix saving of collapsed flags.,11330,Fix,ss62171,1,1
fef98c932b,bot settings: Fix reactivation feature.,11330,Fix,ss62171,1,1
b9393387e1,integrations: Fix heroku integration logging.,11330,Fix,ss62171,1,1
3cf8ba33d8,integrations: Upgrade to use font-awesome 4.7 icon prefixes.,11330,Fix,ss62171,1,1
a6c03a4738,custom fields: Fix custom fields header not rendering properly.,11330,Fix,ss62171,1,1
781e995865,docs: Fix typos in mobile-push-notifications.,11330,Fix,ss62171,1,1
89a59422cc,api docs: Fix link to IFTTT.,11330,Fix,ss62171,1,1
9a45e52f75,"widgets: Fix empty message_content of ""All messages"" widgets.",11330,Fix,ss62171,1,1
9a45e52f75,"widgets: Fix empty message_content of ""All messages"" widgets.",9832,"widgets: Fix empty message_content of ""All messages"" widgets.",shubhamdhama,1,1
68cf2b1690,settings: Fix broken setting items in smaller window.,11330,Fix,ss62171,1,1
c82734d9c5,streams-settings: Fix toggle icon not updating.,11330,Fix,ss62171,1,1
3442fde126,sidebar: Fix unread count shifted right in stream list.,11330,Fix,ss62171,1,1
238c27eb71,settings: Fix focusing of `your-account` prior complete loading.,11330,Fix,ss62171,1,1
238c27eb71,settings: Fix focusing of `your-account` prior complete loading.,9843,settings: Fix focusing of `your-account` prior complete loading.,shubhamdhama,1,1
d5c48af365,stream settings: Fix link to stream-permissions user doc.,11330,Fix,ss62171,1,1
dc7cfd3eb7,stream settings: Fix stream_age calculation in weekly traffic calculation.,11330,Fix,ss62171,1,1
3054b175c9,stream setting: Fix mypy error in get_average_weekly_stream_traffic.,11330,Fix,ss62171,1,1
ccf5f1ac89,stream settings: Fix weekly stream traffic computation.,11330,Fix,ss62171,1,1
66dead7fee,signup: Fix the full_name hidden bug when user has no other account.,11330,Fix,ss62171,1,1
51f107f5bc,api docs: Fix indentation.,11330,Fix,ss62171,1,1
9a5f1492d4,user docs: Fix link to display-emoji-as-text.,11330,Fix,ss62171,1,1
9b5986d320,"search: Fix ""Enter to search"" while using an input method.",11330,Fix,ss62171,1,1
9b5986d320,"search: Fix ""Enter to search"" while using an input method.",9721,"search: Fix ""Enter to search"" while using an input method.",shubhamdhama,1,1
02489e5fb8,emoji: Fix a bug where emoticon translation is not done after a newline.,11330,Fix,ss62171,1,1
dcfc2e10b8,help: Fix broken anchor link scrolling in documentation pages.,11330,Fix,ss62171,1,1
dcfc2e10b8,help: Fix broken anchor link scrolling in documentation pages.,9768,help: Fix broken anchor link scrolling in documentation pages.,synicalsyntax,1,1
281611f64c,"night mode: Fix loading-ellipsis visiblity on clicking ""more topics"".",11330,Fix,ss62171,1,1
f2b5f5a8f9,import: Fix processing_avatars bug in 'import_uploads_s3'.,11330,Fix,ss62171,1,1
3a742d8ae4,popovers: Fix keyboard navigation for user profiles except their own.,11330,Fix,ss62171,1,1
d060101cfa,message: Fix opening of compose box on mobile webapp.,11330,Fix,ss62171,1,1
7772b99d24,night-mode: Fix incorrectly-colored user profile in mobile view.,11330,Fix,ss62171,1,1
40590bb6b9,custom fields: Fix exception in rendering custom profile field template.,11330,Fix,ss62171,1,1
40590bb6b9,custom fields: Fix exception in rendering custom profile field template.,9726,custom fields: Fix exception in rendering custom profile field template.,YJDave,1,1
51ae82fbcf,left-sidebar: Fix opening of compose box on narrowing using hotkeys.,11330,Fix,ss62171,1,1
974f015837,js: Fix a typo in search.js.,11330,Fix,ss62171,1,1
88795898a2,message edit: Fix edit author text overflow on images.,11330,Fix,ss62171,1,1
88795898a2,message edit: Fix edit author text overflow on images.,9712,message edit: Fix edit author text overflow on images.,synicalsyntax,1,1
ed7373febb,profile: Fix glitch when exiting custom profile display UI.,11330,Fix,ss62171,1,1
ed7373febb,profile: Fix glitch when exiting custom profile display UI.,9706,profile: Fix glitch when exiting custom profile display UI.,shubhamdhama,1,1
ed7373febb,profile: Fix glitch when exiting custom profile display UI.,9702,Glitch when exiting custom profile display UI,timabbott,1,1
f725fa591d,custom fields: Fix all fields background color.,11330,Fix,ss62171,1,1
dab90d52e0,register: Fix the autofocus of registration form.,11330,Fix,ss62171,1,1
d57beb40c7,portico: Small style fixes for landing page tour.,11330,Fix,ss62171,1,1
7d250cb2f9,attachment: Fix handling of stream history.,11330,Fix,ss62171,1,1
7d250cb2f9,attachment: Fix handling of stream history.,9693,attachment: Fix handling of stream history.,shubhamdhama,1,1
5ce69b3ecb,backends: Fix unnecessary duplicate query to realm in social auth.,11330,Fix,ss62171,1,1
84d3a4dbf3,help: Fix back button on help pages.,11330,Fix,ss62171,1,1
84d3a4dbf3,help: Fix back button on help pages.,9677,help: Fix back button on help pages.,akashnimare,1,1
d5206be969,settings: Fix high contrast mode not being development-only.,11330,Fix,ss62171,1,1
869d75b02f,AuthBackendTest: Fix typos in error message checks.,11330,Fix,ss62171,1,1
6111b4ebd0,node: Fix test errors from recent custom profile field changes.,11330,Fix,ss62171,1,1
a361e2b993,Fix recent regressions with All Messages (muted topics).,11330,Fix,ss62171,1,1
9a0a947dc1,mypy: Fix errors when trying to find the zulip Python project.,11330,Fix,ss62171,1,1
a42492d0ac,Fix very recent build error w/url coverage for casper.,11330,Fix,ss62171,1,1
4b42a1207a,portico: Fix `/plans` link in the tour carousel.,11330,Fix,ss62171,1,1
06d00b0dfe,portico: Fix clicking of carousel-container to move to next slide.,11330,Fix,ss62171,1,1
ec90322e5d,bots: Fix behavior for bots mentioned in PMs.,11330,Fix,ss62171,1,1
973510718d,filter: Fix new linter error.,11330,Fix,ss62171,1,1
7c2f053f0f,custom fields: Fix buggy behaviour of trash icon in choice type of field.,11330,Fix,ss62171,1,1
ca02143074,test_subs: Fix typos in test_previously_subscribed_private_streams.,11330,Fix,ss62171,1,1
8e81ca0fb2,push-to-pull-request: Fix regex usage in parsing remote.,11330,Fix,ss62171,1,1
ad4617c953,push_to_pull_request: Fix handling of .git.,11330,Fix,ss62171,1,1
baa691db7d,narrow: Fix how we select ids for narrows.,11330,Fix,ss62171,1,1
ba835e3511,api: Fix response fixtures for create-user.,11330,Fix,ss62171,1,1
9cbf6ad03b,api: Fix response fixtures for delete_queue.,11330,Fix,ss62171,1,1
3422766c25,create stream: Fix widget for changing privacy doesn't render initially.,11330,Fix,ss62171,1,1
3422766c25,create stream: Fix widget for changing privacy doesn't render initially.,9627,create stream: Fix widget for changing privacy doesn't render initially.,YJDave,1,1
bfcd7b0151,Vagrantfile: Fix typo in spelling of problems.,11330,Fix,ss62171,1,1
f5bfa4e793,css: Fix code block formatting issues in our Markdown docs.,11330,Fix,ss62171,1,1
1df6c22df0,webhooks/pagerduty: Fix small capitalization error in docs.,11330,Fix,ss62171,1,1
328136344a,import: Fix typo in zerver_customprofilefieldvalue table name.,11330,Fix,ss62171,1,1
2aa8f214d4,glossary: Fix confusing discussion of integrations.,11330,Fix,ss62171,1,1
b002ef26b7,i18n: Fix reference error for localstorage.,11330,Fix,ss62171,1,1
bbcdf8ca99,upload: Fix logic for orientation when uploading avatars.,11330,Fix,ss62171,1,1
250015a5d5,pgroonga: Fix issues with HTML escaping in queries.,11330,Fix,ss62171,1,1
0bc272fc86,hotkeys: Fix very recent regression with down key.,11330,Fix,ss62171,1,1
c25855f703,api docs: Fix broken link.,11330,Fix,ss62171,1,1
7198cc3899,import: Fix RealmEmoji import bug.,11330,Fix,ss62171,1,1
1b7b9a7164,import: Fix reaction import bug.,11330,Fix,ss62171,1,1
2b97a9488f,stats: Fix on-hover behavior of number of users.,11330,Fix,ss62171,1,1
c3a81157de,help: Fix ordering of code sections work and scrollbar update.,11330,Fix,ss62171,1,1
7d57e2554f,"emails: Fix awkward ""Zulip Team"" invitations signature block.",11330,Fix,ss62171,1,1
4e70c9402a,export: Fix path logic for exporting avatars with S3 backend.,11330,Fix,ss62171,1,1
034164945f,Fix tracebacks related to direct use of msg_list._items.,11330,Fix,ss62171,1,1
f9aa012486,linter: Fix issue with check-templates output.,11330,Fix,ss62171,1,1
f9aa012486,linter: Fix issue with check-templates output.,9536,linter: Fix issue with check-templates output.,adnrs96,1,1
42da4522a9,puppet-apt: Fix buggy access to caller_module_name.,11330,Fix,ss62171,1,1
db69231e70,portico: Fix scrollbar appears for `not long` domain name.,11330,Fix,ss62171,1,1
9c29592178,mypy: Fix rebase errors in create_user.py.,11330,Fix,ss62171,1,1
ac04553d67,outgoing_webhook.py: Fix incorrect variable type.,11330,Fix,ss62171,1,1
edcb5f9b1c,org settings: Fix the spacing/indentation of dependent input elements.,11330,Fix,ss62171,1,1
1b47b2e7cd,populate_db: Fix an out-of-date mypy annotation.,11330,Fix,ss62171,1,1
8a64d8ef06,populate_db: Fix stream colors being generated wrong.,11330,Fix,ss62171,1,1
c843276196,nginx: Fix accidental load-balancing between IPv4 and IPv6.,11330,Fix,ss62171,1,1
3498fc4e74,"mypy: Partially revert ""Revert ""test_helpers: Fix a nonexistent import."""".",11330,Fix,ss62171,1,1
23c4a25041,help: Fix a misplaced period.,11330,Fix,ss62171,1,1
d81419c79d,Fix regression with stream_has_topics().,11330,Fix,ss62171,1,1
f26e85ded3,widgets: Fix tracebacks for events without messages.,11330,Fix,ss62171,1,1
80a331385e,push_notifications: Fix missing mypy annotation.,11330,Fix,ss62171,1,1
3b09dda879,edit bot: Fix UI element shows incorrect interface for outgoing webhook.,11330,Fix,ss62171,1,1
3b09dda879,edit bot: Fix UI element shows incorrect interface for outgoing webhook.,9456,edit bot: Fix UI element shows incorrect interface for outgoing webhook.,YJDave,1,1
18defcc673,2FA: Fix check for context_data attr.,11330,Fix,ss62171,1,1
9b8331cf88,test_presence: Fix nondeterministic test failures.,11330,Fix,ss62171,1,1
451b12d0b2,test_home: Fix broken narrow parsing exception test.,11330,Fix,ss62171,1,1
ecdc7fb296,typing: Fix unnecessary else clause for recipient validation.,11330,Fix,ss62171,1,1
4f8e09d5af,provision: Fix buggy management of apt_dependencies_hash.,11330,Fix,ss62171,1,1
9be3c704f1,register_server: Fix recommendation to run with python 2.,11330,Fix,ss62171,1,2
407aa99704,test_notifications: Fix confusing variable naming in test_unread_anchor.,11330,Fix,ss62171,1,1
2655ece96f,create-production-venv: Fix missing virtualenv dependency.,11330,Fix,ss62171,1,1
847fc69c79,api: Fix a badly line-wrapped link.,11330,Fix,ss62171,1,1
0ba5c9c07d,lint: Fix extra long lines in stats.js.,11330,Fix,ss62171,1,1
3006b3f52f,url_preview: Fix crash when description has no content.,11330,Fix,ss62171,1,1
847e13cd54,push bouncer: Fix instructions in register_server.py.,11330,Fix,ss62171,1,1
00cd622604,compose: Fix extra space below compose error text.,11330,Fix,ss62171,1,1
c9c17bb018,docs: Fix a couple broken links.,11330,Fix,ss62171,1,1
a67ba617d6,minor: Fix typo in tools/lint.,11330,Fix,ss62171,1,1
ee0f1992bf,lint: Fix lint errors in recently merged tests.,11330,Fix,ss62171,1,1
16d807d157,"Revert ""test_helpers: Fix a nonexistent import.""",11330,Fix,ss62171,1,1
fa18913b8b,test_helpers: Fix a nonexistent import.,11330,Fix,ss62171,1,1
ffe986886f,"custom fields: Fix field value not saved on change, just after created.",11330,Fix,ss62171,1,1
80beb51836,edit bot: Fix error on updating no-owner-bots name.,11330,Fix,ss62171,1,1
0554e68528,static/templates/edit_bot.handlebars: Fix undefined bot_id.,11330,Fix,ss62171,1,1
b656388ee2,check_send_receive_time: Fix mypy Optional issues.,11330,Fix,ss62171,1,1
dc7f6c8a48,bots: Fix incorrect maximum lengths for outgoing webhook URLs.,11330,Fix,ss62171,1,1
1f837340d1,api: Fix confusing documentation about services for botserver.,11330,Fix,ss62171,1,1
485d5b6335,api: Fix incorrectly coded bullet for zulip_botserver config.,11330,Fix,ss62171,1,1
d18b193b5b,why-zulip: Fix a buggy/broken link.,11330,Fix,ss62171,1,1
4abbfe9154,people: Fix issues with client_gravatar and upper-case emails.,11330,Fix,ss62171,1,1
e1dfee50b1,portico: Fix keyboard shortcuts link.,12535,Keyboard shortcut,YashRE42,1,1
e1dfee50b1,portico: Fix keyboard shortcuts link.,11330,Fix,ss62171,1,1
83b20488a7,portico: Fix subhead line break on mobile.,11330,Fix,ss62171,1,1
e31d7d2d83,portico: Fix white border around integration icon widgets on homepage,11330,Fix,ss62171,1,1
c684333051,droplets: Fix the command for clearing bash history.,11330,Fix,ss62171,1,1
b3e4c702d1,generate_secrets: Fix handling of an empty secrets file.,11330,Fix,ss62171,1,1
eab1d1d9e7,puppet: Fix puppet-apt bug with modern apt-key.,11330,Fix,ss62171,1,1
6837fc5d56,i18n: Add missing strings for custom profile fields and fix capitalization.,11330,Fix,ss62171,1,1
716a4a967d,js: Fix indentation issues in casper tests.,11330,Fix,ss62171,1,1
7ab8a8e820,js: Fix a bunch of indentation issues found by eslint.,11330,Fix,ss62171,1,1
4d0e64ee41,js: Fix some invalid whitespace.,11330,Fix,ss62171,1,1
a9dc83d78e,register_server: Fix a typo.,11330,Fix,ss62171,1,1
427b404b9b,puppet: Fix detection of Debian/Ubuntu version.,11330,Fix,ss62171,1,1
78f3cff151,provision: Fix unescaped reference to vagrant.,11330,Fix,ss62171,1,1
38630295ac,upload/jquery-filedrop: Fix progress bar for paste upload.,11330,Fix,ss62171,1,1
3a514c7e41,stream-edit: Fix typo in comment.,11330,Fix,ss62171,1,1
0463bb2c5e,Fix corner case with recent narrowing optimization.,11330,Fix,ss62171,1,1
da0c01e4ba,Fix regression with topic edits clearing narrows.,11330,Fix,ss62171,1,1
60185dddfd,bots: Fix buggy database queries in loop.,11330,Fix,ss62171,1,1
733da0ac07,settings: Fix 500 when trying to change email to disposable email.,11330,Fix,ss62171,1,2
733da0ac07,settings: Fix 500 when trying to change email to disposable email.,9315,settings: Fix 500 when trying to change email to disposable email,hackerkid,1,2
42fe331093,echo: Fix exception when topic-editing locally echoed messages.,11330,Fix,ss62171,1,1
0ada5fa9d8,stream_data: Fix exception when notifications_stream is private.,11330,Fix,ss62171,1,1
6bab68ff6a,node tests: Fix flaws with narrow_activate tests.,11330,Fix,ss62171,1,1
e8b0ae821b,two_factor: Fix namespace error.,11330,Fix,ss62171,1,1
a072b2a153,right-sidebar: Fix group PMs online indicator.,11330,Fix,ss62171,1,1
a0e8a37e7f,topics: Fix get_topics_backend logic for zephyr realms.,11330,Fix,ss62171,1,1
4df886f36f,populate_db: Fix initialization of history_public_to_subscribers.,11330,Fix,ss62171,1,1
6c96ba79e0,test_bugdown: Fix ignore-testcase feature for markdown_test_cases.,11330,Fix,ss62171,1,1
a2f49b425b,slack import: Fix some erroneous UserProfile field values.,11330,Fix,ss62171,1,1
a4ff917789,"emails: Fix spelling of ""Unknown IP"" and tag for translation.",11330,Fix,ss62171,1,1
dbd24c5c93,create stream: Fix preview btn not showing on private stream creation.,11330,Fix,ss62171,1,1
86eddd79bc,stream settings: Fix scrollbar bug on unsubscribing themselves.,11330,Fix,ss62171,1,1
d2128105dd,custom fields: Fix bug in real time sync for user settings.,11330,Fix,ss62171,1,1
7e9ccead2e,stream settings: Fix server error on long stream description.,11330,Fix,ss62171,1,1
d88d6df53b,refactor: Fix naming conventions in compose_fade.js.,11330,Fix,ss62171,1,1
fb712027bf,buddy list: Fix and simplify up/down navigation.,11330,Fix,ss62171,1,1
955ef3b18c,bot settings: Fix spelling of data-user-id.,11330,Fix,ss62171,1,1
a3fc7d1371,"message_edit: Fix spelling of ""has passed"".",11330,Fix,ss62171,1,1
2d5d6a1fd1,message_edit: Fix buggy error string for message deletion.,11330,Fix,ss62171,1,1
be3804f505,api: Fix incorrectly documented event types.,11330,Fix,ss62171,1,1
a77c61e8c1,invitation: Fix styling of Cheers message.,11330,Fix,ss62171,1,1
f20671a509,webpack: Fix Hot Module Reloading in webpack.,11330,Fix,ss62171,1,1
31f2c5e385,message_list: Fix hiding messages edited to a muted topic.,11330,Fix,ss62171,1,1
2cdd367d49,email_mirror: Fix handling of empty topic.,11330,Fix,ss62171,1,1
4a67bdea07,"org settings: Fix word-wrapping CSS in ""users"" section.",11330,Fix,ss62171,1,1
4a67bdea07,"org settings: Fix word-wrapping CSS in ""users"" section.",9237,"org settings: Fix word-wrapping CSS in ""users"" section.",shubhamdhama,1,1
d862bf7b48,casper: Attempt to fix nondeterministic failures in profile fields.,11330,Fix,ss62171,1,1
790a9fd0b9,settings: Fix escaping of HTML in checkbox labels.,11330,Fix,ss62171,1,1
790a9fd0b9,settings: Fix escaping of HTML in checkbox labels.,9235,settings: Fix escaping of HTML in checkbox labels.,shubhamdhama,1,1
2fa58fe9ad,decorator: Fix exception format for invalid API key.,11330,Fix,ss62171,1,1
b40780d003,mypy: Fix errors in new bugdown module.,11330,Fix,ss62171,1,1
6e5d6da7f9,README: Fix link to now- obsolete 1.7.1 release.,11330,Fix,ss62171,1,2
ccb1a00e0a,casper: Fix test sequencing for profile tests.,11330,Fix,ss62171,1,1
ff9371d63c,slack import: Fix issues with Slack empty files.,11330,Fix,ss62171,1,1
697fd3c69b,templates: Fix duplicate inclusion of portico CSS.,11330,Fix,ss62171,1,1
3e49850d6b,popovers: Fix broken node test.,11330,Fix,ss62171,1,1
cf735042b7,docs: Make minor fixes to mobile-push-notifications.html.,11330,Fix,ss62171,1,1
048f15e975,unread: Fix messages that cannot be marked as read in narrows.,11330,Fix,ss62171,1,1
048f15e975,unread: Fix messages that cannot be marked as read in narrows.,9191,unread: Fix messages that cannot be marked as read in narrows.,timabbott,1,1
718492638b,puppet: Fix name for dhcpcd5 package.,11330,Fix,ss62171,1,1
de691e8564,casper: Fix race condition in stars test.,11330,Fix,ss62171,1,1
871078db30,puppet: Fix alignment of arrow operators.,11330,Fix,ss62171,1,1
19cee30bf8,puppet: Fix use of under-scoped variables.,11330,Fix,ss62171,1,1
6e55aa2ce6,puppet: Fix mispelled variable name.,11330,Fix,ss62171,1,1
a6aa7042a2,puppet: Fix some unnecessarily quoted strings.,11330,Fix,ss62171,1,1
a56968ce68,puppet: Fix variables not clearly enclosed.,11330,Fix,ss62171,1,1
169ee5d8a1,puppet: Fix use of tab-based whitespace.,11330,Fix,ss62171,1,1
6bab4e0aad,narrow: Fix narrowing behavior when loading a new tab.,11330,Fix,ss62171,1,1
6bab4e0aad,narrow: Fix narrowing behavior when loading a new tab.,9144,narrow: Fix narrowing behavior when loading a new tab.,timabbott,1,1
1d5204c82b,narrow: Fix incorrect values for use_first_unread_anchor.,11330,Fix,ss62171,1,1
64023fc563,auth: Fix incorrect use of get_realm_from_request.,11330,Fix,ss62171,1,1
b36298efda,mypy: Fix a missing type annotation in auth code.,11330,Fix,ss62171,1,1
955d03b8a0,emoji: Prefix sort for emojis.,11330,Fix,ss62171,1,1
ff88712db8,portico: Fix broken mobile responsive design on Plans page.,11330,Fix,ss62171,1,1
09f995e966,"left sidebar: Fix clipping of private message users with ""g"" in name.",11330,Fix,ss62171,1,1
7e91e66987,import: Fix ordering of subdomain availability check.,11330,Fix,ss62171,1,1
bc7c3df621,drafts: Fix confusing disconnect between focused element and enter hotkey.,11330,Fix,ss62171,1,1
f34b72b830,docs: Fix command for accessibility label.,11330,Fix,ss62171,1,1
2cc3fb7564,slack import: Fix documentation on path to run manage.py.,11330,Fix,ss62171,1,1
20f14508ff,compose: Fix styling of PM recipient input pill.,11330,Fix,ss62171,1,1
ea23297d79,left sidebar: Fix line-height causing clipping.,11330,Fix,ss62171,1,1
9d9d84ffd2,portico: Minor UI fix in plans page.,11330,Fix,ss62171,1,1
9d9d84ffd2,portico: Minor UI fix in plans page.,9142,portico: Minor UI fix in plans page.,akashnimare,1,1
aa4b067e68,avatars: Fix 500 with the /avatar/ URL to be a 404.,11330,Fix,ss62171,1,2
63ca175991,hello: Fix link to legacy GitHub integration.,11330,Fix,ss62171,1,1
ae92ec2b57,node docs: Simplify and fix node docs.,11330,Fix,ss62171,1,1
4f1d3f302b,docs: Fix a typo in the changelog.,11330,Fix,ss62171,1,1
a03fbea25b,website: Fix a few out-of-date numbers.,11330,Fix,ss62171,1,1
9f844ff681,tornado: Fix logging of tornado activity level.,11330,Fix,ss62171,1,1
d340c8d46d,docs: Fix broken link in /for/companies.,11330,Fix,ss62171,1,1
4898fe7ebc,uploads: Change Content-Security-Policy to fix issue with pdf's.,11330,Fix,ss62171,1,1
b4c977fc6b,sidebars: Fix regressions in input fields.,11330,Fix,ss62171,1,1
dace7cacc8,docs changelog: Mention there are security fixes since 1.7.,11330,Fix,ss62171,1,2
e2f8bc9eac,/api: Fix tests for /api homepage.,11330,Fix,ss62171,1,1
636390104a,css: Fix glitchy white line in recipient headers.,11330,Fix,ss62171,1,1
0d0f971ae1,upload: Fix stacking of progress bar on canceling the upload.,11330,Fix,ss62171,1,1
9319da8e1d,stream settings: Fix bug with Subscribed/All.,11330,Fix,ss62171,1,1
012115c9e0,message_events: Fix updating compose fade after topic editing.,11330,Fix,ss62171,1,1
0c219a1905,invites ui: fixed rerendering of invites list,11330,Fix,ss62171,1,1
105eed049e,install-node: Fix leaking of $HOME.,11330,Fix,ss62171,1,1
f78947f2ba,zjquery: Fix minor typo in comments.,11330,Fix,ss62171,1,1
3971fae05d,node tests: Fix some leaks with $(...).,11330,Fix,ss62171,1,1
f6ae57fa70,install-node: Correctly fix yarn installation.,11330,Fix,ss62171,1,1
205bcb8ef9,Fix recently broken reactions tests with s/html/text/.,11330,Fix,ss62171,1,1
250a036ff8,install-node: Fix yarn installation.,11330,Fix,ss62171,1,1
65b9d9e0f3,CVE-2018-9990: Fix XSS issue with stream names in topic typeahead.,11330,Fix,ss62171,1,1
3bdc8bbaa5,CVE-2018-9986: Fix XSS issues with frontend markdown processor.,11330,Fix,ss62171,1,1
1207a08b36,CVE-2018-9987: Fix XSS issue with muting notifications.,11330,Fix,ss62171,1,1
a19daf0ab2,Settings: Fix vertical spacing.,11330,Fix,ss62171,1,1
8f984be457,docs: Fix typo in production docs.,11330,Fix,ss62171,1,1
d291def7a1,user-docs subsystem: Fix broken markdown.,11330,Fix,ss62171,1,1
c36a658fee,uploads: Fix the upload progress bar.,11330,Fix,ss62171,1,1
9b8dd4f125,install-yarn: Fix buggy status check for the signature.,11330,Fix,ss62171,1,1
025956482a,subscription: Fix error in appending current user on top of subscriber list.,11330,Fix,ss62171,1,1
ed70a92ed3,subscription: Fix error in being re-subscribed to private stream.,11330,Fix,ss62171,1,1
24f51739eb,subscription: Add real time sync for user-just-deactivated case.,8973,subscription: Add real time sync for user-just-deactivated case.,YJDave,2,0
f6d73a7444,settings: Fix label for message_content_in_email_notifications.,11330,Fix,ss62171,1,1
f6d73a7444,settings: Fix label for message_content_in_email_notifications.,9022,settings: Fix label for message_content_in_email_notifications.,shubhamdhama,1,1
f15ddc93e0,create stream: Fix stream email not rendering on stream creation.,11330,Fix,ss62171,1,1
e037c2f93e,import script: Fix upload links.,11330,Fix,ss62171,1,1
65c4a43a82,lint: Fix errors with stats.js with new eslint.,11330,Fix,ss62171,1,1
381e498343,settings: Fixes spinners and fades out feedback in settings.,11330,Fix,ss62171,1,1
b12368aec5,compose: Fix fading when topic changes on re-narrow.,11330,Fix,ss62171,1,1
05d3073960,vagrant: Fix link to testing docs in motd.,11330,Fix,ss62171,1,1
ed5b374ffa,help docs: Fix a sorta buggy URL test.,11330,Fix,ss62171,1,1
98889608a2,help: Fix structure of markdown context logic.,11330,Fix,ss62171,1,1
f1ece37455,help: Fix context not being passed properly to rendering.,11330,Fix,ss62171,1,1
4216b81e93,Fix Subscribed/All Streams bug.,11330,Fix,ss62171,1,1
27770d7f6b,Fix recent pitfall in toggle component.,11330,Fix,ss62171,1,1
0e7073ec29,Fix keyboard handling for info overlays.,11330,Fix,ss62171,1,1
721b4e8373,i18n: Fix strings for wildcard mentions.,11330,Fix,ss62171,1,1
aeef925b93,custom fields: Fix error in rendering long textual custom fields.,11330,Fix,ss62171,1,1
f4ad464d82,import script: Fix broken links to attachments.,11330,Fix,ss62171,1,1
ed36314042,import script: Fix 're_map_foreign_keys' logging error.,11330,Fix,ss62171,1,1
591e152e38,org settings: Fix error handling for upload custom emoji.,11330,Fix,ss62171,1,1
682d4f2ea1,casper: Fix expected result for i18n test.,11330,Fix,ss62171,1,1
e59c85c382,casper: Fix tests for custom profile fields.,11330,Fix,ss62171,1,1
4bf6904dca,message_live_update: Fix double re-rendering of home_msg_list.,11330,Fix,ss62171,1,1
ee939f4c1a,message_list: Fix unnecessary work re-rendering all_msg_list.,11330,Fix,ss62171,1,1
2804a8c4f4,message_list: Fix scrolling upwards when users change names.,11330,Fix,ss62171,1,1
3d900a733f,settings_users: Fix sending queries to /json/bots endpoint.,11330,Fix,ss62171,1,1
b58cd46e48,profile: Fix field types on the frontend.,11330,Fix,ss62171,1,1
a65f6288b6,docs: Fix a broken link to the Cloud9 documentation.,11330,Fix,ss62171,1,1
15d42f86f1,"left sidebar: Fix ""Compose"" in stream actions popover prefills topic.",11330,Fix,ss62171,1,1
15d42f86f1,"left sidebar: Fix ""Compose"" in stream actions popover prefills topic.",8883,"left sidebar: Fix ""Compose"" in stream actions popover prefills topic.",Balaji2198,2,1
07af13ccb3,org settings: Extend settings checkbox template for label & prefixed id.,11330,Fix,ss62171,1,1
9d052bcf5e,copy_and_paste.js: Fix exception on IE11 with clipboardData.,11330,Fix,ss62171,1,1
3fd8d718f4,websockets: Fix race condition in CSRF token initialization.,11330,Fix,ss62171,1,1
96845147c9,help: Fix a few errors in edit-or-delete-a-message.md.,11330,Fix,ss62171,1,1
4570936ac2,models: Fix default value for last_reminder.,11330,Fix,ss62171,1,1
044fb0a42b,i18n: Fix handling of OR on login/register pages.,11330,Fix,ss62171,1,1
044fb0a42b,i18n: Fix handling of OR on login/register pages.,8870,i18n: Fix handling of OR on login/register pages.,YagoGG,1,1
382f93189f,night mode: Fix unreadable new user tips.,11330,Fix,ss62171,1,1
382f93189f,night mode: Fix unreadable new user tips.,8869,night mode: Fix unreadable new user tips.,marco,1,1
1237f819bb,settings: Fix typo.,11330,Fix,ss62171,1,1
b580c62bd4,settings: Fix exception on updating bot_creation_policy.,11330,Fix,ss62171,1,1
9f2a3c2921,settings_org: Fix spelling in set_create_stream_permission_dropdwon.,11330,Fix,ss62171,1,1
35cfb86723,org settings: Fix real-time sync for realm_waiting_period_threshold.,11330,Fix,ss62171,1,1
7b2c9223e7,clean-npm-cache: Fix buggy garbage-collection logic.,11330,Fix,ss62171,1,1
9a90c225a6,dialogflow: Fix invalid coding tag in top of file.,11330,Fix,ss62171,1,1
3d5b6539d1,unread: Fix confusing aliasing of variable names.,11330,Fix,ss62171,1,1
a583733723,settings: Fix error handling for uploading an invalid file for Upload icon.,11330,Fix,ss62171,1,1
43ec04dcff,narrow: Fix a buggy condense_and_collapse call.,11330,Fix,ss62171,1,1
3b29d00c69,setup-apt-repo: Fix use of shasum alias for sha1sum.,11330,Fix,ss62171,1,1
f17fa3305b,org settings: Fix discard changes for realm_create_stream_permission.,11330,Fix,ss62171,1,1
e30b619ad5,Fix leaky O(N) email hint handler.,11330,Fix,ss62171,1,1
b637cc68ad,display-settings: Fix indentation of emoticons checkbox.,11330,Fix,ss62171,1,1
0b3b363cd8,zilencer: Fix buggy RemotePushDeviceToken __str__.,11330,Fix,ss62171,1,1
f7c563dfcc,migrations: Fix 0149_realm_emoji migration for S3 case.,11330,Fix,ss62171,1,2
886e77e858,subscription: Fix bug in display email hint popover on hover.,11330,Fix,ss62171,1,1
c50117418e,"org settings: Fix unexpected saving of input-text fields on ""Enter"".",11330,Fix,ss62171,1,1
fd486f7839,input-pill: Fix vertically-misaligned PM compose pills.,11330,Fix,ss62171,1,1
fcd265304c,message editing: Fix buggy timestamp check.,11330,Fix,ss62171,1,1
865480ec42,"portico: Fix positioning of ""disposable email address"" errors.",11330,Fix,ss62171,1,1
f97cff54aa,org settings: Fix casper failing due to check_property_changed.,11330,Fix,ss62171,1,1
fe0f1edddb,settings: Fix double negative in LOGGING_NOT_DISABLED.,11330,Fix,ss62171,1,1
6f1955a78a,zerver/tests/test_events: Fix `test_custom_profile_fields_events` tests.,11330,Fix,ss62171,1,1
1e7dc70c7f,reactions: Fix the hotkey for adding an emoji reaction.,11330,Fix,ss62171,1,1
64372690f9,emoji: Fix the filtering condition in `check_emoji_admin()`.,11330,Fix,ss62171,1,1
a3bb819e4c,docs: Fix broken link in features advertisement.,11330,Fix,ss62171,1,1
b94a24ffe3,reactions: Fix buggy migration for realm emoji.,11330,Fix,ss62171,1,1
9dcc436766,queue: Fix __init__ logic so heartbeat choice works fully.,11330,Fix,ss62171,1,1
0169a06f99,stream_data: Fix traceback with opening the compose box.,11330,Fix,ss62171,1,1
679941b319,"compose: Fix ""compose fade"" not working when private message focused.",11330,Fix,ss62171,1,1
679941b319,"compose: Fix ""compose fade"" not working when private message focused.",8762,"compose: Fix ""compose fade"" not working when private message focused.",shubhamdhama,1,1
1e453981a3,stream settings: Fix exceptions when rerendering subscribers.,11330,Fix,ss62171,1,1
2cbfcbb740,subscription: Fix unexpected blueslip warnings on add subscriber.,11330,Fix,ss62171,1,1
41bfeef633,subscriptions: Fix broken color property for .mute-note.,11330,Fix,ss62171,1,1
b34b8cdb97,hotspots: Fix real-time sync for dismissing hotspots.,11330,Fix,ss62171,1,1
b34b8cdb97,hotspots: Fix real-time sync for dismissing hotspots.,8690,Fix real-time sync for dismissing hotspots,timabbott,1,1
69a7069ac4,migrations: Fix text version to Custom Emoji.,11330,Fix,ss62171,1,1
c3f94fa388,"stream_create: Fix use of ""realm"" in an error string.",11330,Fix,ss62171,1,1
0e5c954393,users: Fix error string for disposable email addresses.,11330,Fix,ss62171,1,1
c147d2e140,notifications: Fix missed-message emails for presence-idle users.,11330,Fix,ss62171,1,1
34e165c100,webhooks: Fix passing client string to authenticated webhook API views.,11330,Fix,ss62171,1,1
72a440a86d,stream settings: Fix error in real time sync in subs add/remove event.,11330,Fix,ss62171,1,1
6ffe2cc815,"compose: Fix ""New Topic"" button behaviour auto-populates the current topic.",11330,Fix,ss62171,1,1
4139e6c763,reactions: Fix migration to correctly handle corner case.,11330,Fix,ss62171,1,1
ec21997bfe,slack import: Fix importing of bot users from Slack.,11330,Fix,ss62171,1,1
68f816bba1,forms: Fix missing translation tag for disposable emails.,11330,Fix,ss62171,1,1
c385fcefa8,templates: Fix translation tag for disposable email tooltip.,11330,Fix,ss62171,1,1
c6839e07c0,search: Fix num_after/num_before semantics precisely.,11330,Fix,ss62171,1,1
5a9b1f863f,drafts: Fix same day's timestamp when language is other than english.,11330,Fix,ss62171,1,1
81a1612cbd,user-groups: Fix reordering when name/description is edited.,11330,Fix,ss62171,1,1
bea9b6a748,user_groups: Fix real-time sync of user groups.,11330,Fix,ss62171,1,1
4d55dc9db5,alerts: Fix z-index of alert panels to be above settings.,11330,Fix,ss62171,1,1
1a3ae8a376,stream settings: Fix inadvertently merged broken whitespace.,11330,Fix,ss62171,1,1
3b8c2e45be,user settings: Fix user avatar not updated in settings page.,11330,Fix,ss62171,1,1
3b8c2e45be,user settings: Fix user avatar not updated in settings page.,8688,user settings: Fix user avatar not updated in settings page.,YJDave,2,1
1cb06cb359,organization-settings: Fix organization description textarea style.,11330,Fix,ss62171,1,1
25d9731a3c,custom profiles: Fix totally broken events.py logic.,11330,Fix,ss62171,1,1
ef92fcbe2b,topic history: Fix fetching topic history of public streams.,11330,Fix,ss62171,1,1
6d8b6bda1a,custom profiles: Fix missing mypy annotations.,11330,Fix,ss62171,1,1
158f0f3297,stream settings: Fix display of stream subscribers count.,11330,Fix,ss62171,1,1
b6408a0383,stream settings: Fix sub-unsub btn not showing on private stream creation.,11330,Fix,ss62171,1,1
ff6d83b2f2,stream settings: Fix subscribers not showing on private stream creation.,11330,Fix,ss62171,1,1
12db219305,stream settings: Fix subscriber counts when creating invite-only streams.,11330,Fix,ss62171,1,1
920afb9447,notifications: Fix missing mypy annotations.,11330,Fix,ss62171,1,1
382ac24151,create stream: Fix real time sync bug in private stream creation.,11330,Fix,ss62171,1,1
2a7e365b6f,tests: Fix mock setup for update_calculated_fields.,11330,Fix,ss62171,1,1
cc2eb60ca5,stream settings: Fix error in rendering stream members in UI.,11330,Fix,ss62171,1,1
51dc46bfb1,node: Fix test failures due to missing import.,11330,Fix,ss62171,1,1
b2cadf6817,"Revert ""Fix clipping of stream and topic name in left sidebar""",11330,Fix,ss62171,1,1
b2cadf6817,"Revert ""Fix clipping of stream and topic name in left sidebar""",8611,Fix clipping of stream and topic name in left sidebar,Retsediv,1,1
b2cadf6817,"Revert ""Fix clipping of stream and topic name in left sidebar""",8602,Fix clipping of stream and topic name in left sidebar,Retsediv,1,1
b2cadf6817,"Revert ""Fix clipping of stream and topic name in left sidebar""",8209,Clipping of stream and topic name in left sidebar,XavierCooney,1,1
f3413d3b59,org settings: Fix confusing label for custom emoji settings.,11330,Fix,ss62171,1,1
617aea7507,Fix clipping of stream and topic name in left sidebar,11330,Fix,ss62171,1,1
617aea7507,Fix clipping of stream and topic name in left sidebar,8611,Fix clipping of stream and topic name in left sidebar,Retsediv,1,1
617aea7507,Fix clipping of stream and topic name in left sidebar,8602,Fix clipping of stream and topic name in left sidebar,Retsediv,1,1
617aea7507,Fix clipping of stream and topic name in left sidebar,8209,Clipping of stream and topic name in left sidebar,XavierCooney,1,1
c0f5ac801d,team: Fix ugly line-wrapping when showing total.,11330,Fix,ss62171,1,1
c3964dff6e,i18n: Fix a last few strings mentioning realms.,11330,Fix,ss62171,1,1
c47403b024,i18n: Fix message-send error messages using 'realm'.,11330,Fix,ss62171,1,1
e2a6541133,i18n: Fix use of 'realm administrator' in translated strings.,11330,Fix,ss62171,1,1
342d8cd4e0,i18n: Fix use of realm to refer to an organization.,11330,Fix,ss62171,1,1
f46d925208,"org settings: Fix issue, loading spinners are not visible.",11330,Fix,ss62171,1,1
a5812544ec,settings: Fix real-time sync with notifications settings.,11330,Fix,ss62171,1,1
678fcef5bd,install: Fix up success message in `--no-init-db` case.,11330,Fix,ss62171,1,1
a059247398,message editing: Fix bugs in `recipient-row` template rendering.,11330,Fix,ss62171,1,1
06cabc1e8a,popovers: Fix issue with user-info-popover in legacy mention messages.,11330,Fix,ss62171,1,1
3fb862533f,upload: Fix upload under message edit mode when edited using hotkeys.,11330,Fix,ss62171,1,1
a615b21bde,signup: Wrap hostname overflow with scrolling in realm creation form.,8592,signup: Wrap hostname overflow with scrolling in realm creation form.,synicalsyntax,2,0
fb340811a4,display_settings: Fix pencil being lost updating default language.,11330,Fix,ss62171,1,1
9acf30b3d3,display_settings: Fix real-time sync of default language.,11330,Fix,ss62171,1,1
c672a1c112,settings: Fix real-time sync for display settings.,11330,Fix,ss62171,1,1
b475e74c47,i18n: Fix string interpolation.,11330,Fix,ss62171,1,1
038579b840,streams: Fix counts using only one data point.,11330,Fix,ss62171,1,1
8cd3e55fae,default stream: Fix default stream suggestion do not include private stream.,11330,Fix,ss62171,1,1
63db3e0b3d,settings: Fix erroneous meta.loaded check for name/email change.,11330,Fix,ss62171,1,1
50d8a24368,styling: Fix red styling for message edit close button.,11330,Fix,ss62171,1,1
3be0b3dd91,mypy: Fix errors in linter.,11330,Fix,ss62171,1,1
542f4766d3,typeahead: Fix last word issues with latest typeahead feature.,11330,Fix,ss62171,1,1
245d65eb9e,compose typeahead: Don't autocomplete for suffixes followed by a space.,11330,Fix,ss62171,1,1
aae11bf88d,setting: Fix password label is even shown when email auth is disabled.,11330,Fix,ss62171,1,1
d6a38901ae,compose: Fix clearing of existing text on replying from popovers.,11330,Fix,ss62171,1,1
c995c1a36a,popovers: Fix two click handler attached to (rightbar) user_popovers.,11330,Fix,ss62171,1,1
b4a6df8547,portico: Fix text overflow on Zulip features page.,11330,Fix,ss62171,1,1
2e6b65ac22,Fix styling for confirmation error links.,11330,Fix,ss62171,1,1
49252c97d2,docs: Fix explanation of Debian LXC installation.,11330,Fix,ss62171,1,1
65767e5226,localhost_sso: Fix missing enabling of mod_wsgi.,11330,Fix,ss62171,1,1
90c89dcc5a,copy_and_paste: Fix quirks with some parts of toMarkdown.,11330,Fix,ss62171,1,1
87a5cd306e,org settings: Fix bug of reloading page on Enter in active user setting.,11330,Fix,ss62171,1,1
105093e3f4,org settings: Fix bug in edit user-name-form in active user setting.,11330,Fix,ss62171,1,1
dc2b505acb,org settings: Fix bug in error reporting on active users setting.,11330,Fix,ss62171,1,1
a6e5a5f86d,user docs: Fix double scrollbar on navigation on /help.,11330,Fix,ss62171,1,1
61aaf06abe,"tests: Fix hard coded ""Over 80 native integrations"".",11330,Fix,ss62171,1,2
c7724c6ec4,minor: Fix typos in hashchange comments.,11330,Fix,ss62171,1,1
25e78abf53,group popovers: Fix entire vertical scrollbar motion on overflow.,11330,Fix,ss62171,1,1
4103996a22,org-settings: Fix styling of Allowed Domains modal.,11330,Fix,ss62171,1,1
bc21344dc6,popovers: Fix memory leak with old popovers.,11330,Fix,ss62171,1,1
152da74e73,typeahead: Fix typeahead ordering for user group mentions.,11330,Fix,ss62171,1,1
152da74e73,typeahead: Fix typeahead ordering for user group mentions.,8301,Fix typeahead ordering for user group mentions,timabbott,1,1
395d476435,portico: Temporarily fix CSS compilation bug with `calc` property.,11330,Fix,ss62171,1,1
8d98ce1648,errors: Note upstream fix for that Django DisallowedHost bug.,11330,Fix,ss62171,1,1
e68b45d089,lxc: Fix lxc-config file from vagrant-lxc for LXC 2.1.0.,11330,Fix,ss62171,1,2
dcda633b3a,help: Fix scroll position when reloading browser window with hash.,11330,Fix,ss62171,1,1
d48664fc5f,help: Fix links with query selector from left sidebar.,11330,Fix,ss62171,1,1
ced9cba5ff,hotspots: Fix resizing of ``Got It!`` box.,11330,Fix,ss62171,1,1
a137ed9e27,thumbor: Fix issue with dependencies.,11330,Fix,ss62171,1,1
3fba90f6c3,billing: Make several small style fixes to new tests.,11330,Fix,ss62171,1,1
3f832b95de,webhooks/beeminder: Fix documentation to append email to URL.,11330,Fix,ss62171,1,1
6bbce451bc,analytics: Fix a minor mypy error.,11330,Fix,ss62171,1,1
8be2dfa81c,APNs: Fix a case I broke while working out tests.,11330,Fix,ss62171,1,1
20c734c90a,puppet: Fix type error in new Nagios check for analytics state.,11330,Fix,ss62171,1,1
02bc506518,bot_data.js: Fix dict indentation.,11330,Fix,ss62171,1,1
f57d592d88,edit-outgoing-webhook-service.handlebars: Fix typo.,11330,Fix,ss62171,1,1
a0b7976f77,slack importer: Fix output_dir path and remove sys.exit(0).,11330,Fix,ss62171,1,1
1f8b6938a7,stream settings: Fix error in updates of stream description.,11330,Fix,ss62171,1,1
77addc5456,bugdown: Fix handling of ultra-long renderings.,11330,Fix,ss62171,1,1
9249454518,update-authors-json: Fix handling deleted GitHub accounts.,11330,Fix,ss62171,1,1
e82564c82c,dark-mode: Fix bug with open graph previews.,11330,Fix,ss62171,1,1
ccb8c79edb,test_docs: Fix a now-brittle test.,11330,Fix,ss62171,1,1
52f1c57c2a,migrations: Fix mypy error in placeholder migration.,11330,Fix,ss62171,1,1
799dc773f0,portico-header: Fix dropdown pill to be centered.,11330,Fix,ss62171,1,1
12e08a4fa7,test_management_commands: Fix a few comments.,11330,Fix,ss62171,1,1
9161f8c39b,zerver/lib: Remove u prefix from strings.,11330,Fix,ss62171,1,1
32f1523de2,zerver/worker: Remove u prefix from strings.,11330,Fix,ss62171,1,1
71e883b602,zerver/tornado: Remove u prefix from strings.,11330,Fix,ss62171,1,1
fae8d23039,zerver/views: Remove u prefix from strings.,11330,Fix,ss62171,1,1
2b19f17fc9,scripts: Remove u prefix from strings.,11330,Fix,ss62171,1,1
4e0fc593cf,docs: Remove u prefix from strings.,11330,Fix,ss62171,1,1
4ddc8edbb1,confirmation: Remove u prefix from strings.,11330,Fix,ss62171,1,1
c8d038a239,popovers: Fix user-mention popover errors of `@all` mention.,11330,Fix,ss62171,1,1
19acc17f7e,markdown_help: Fix katex markdown rendering.,11330,Fix,ss62171,1,1
42c6abedc4,portico: Fix some untranslated text on login page.,11330,Fix,ss62171,1,1
ef42bb2e73,settings: Fix real-time sync for account settings.,11330,Fix,ss62171,1,1
e3c82fa3ec,tools/test-all: Fix small desync with CI scripts.,11330,Fix,ss62171,1,1
41a867ec45,tests: Fix non-deterministic behavior.,11330,Fix,ss62171,1,1
cad4083987,export: Fix an unnecessary Any.,11330,Fix,ss62171,1,1
c2ceb3c13b,EmailSendingWorker: Fix retry for sending emails.,11330,Fix,ss62171,1,1
8e268b5a7b,Fix favicon generator script.,11330,Fix,ss62171,1,1
65592375ce,dark-mode: Fix background color of dropdown menus.,11330,Fix,ss62171,1,1
c98d355321,right-sidebar: Fix clicking between Users label and search icon.,11330,Fix,ss62171,1,1
e2a42650c9,emails: Fix link to org-admin help docs.,11330,Fix,ss62171,1,1
709ffe6361,"informational-overlays: Fix category duplication bug, change map to array.",11330,Fix,ss62171,1,1
e0ffab8e05,emoji picker: Fix categories overflow in Firefox at 90% zoom.,11330,Fix,ss62171,1,2
b1e16d55ac,dark-mode: Fix text color of emoji_alt_code.,11330,Fix,ss62171,1,1
5a2b001c18,docs: Fix a bit of confusion over past vs. present.,11330,Fix,ss62171,1,1
f18307a812,informational-overlays: Fix <hr> to be dark mode responsive.,11330,Fix,ss62171,1,1
0f836f51a5,generate-self-signed-cert: Fix a mostly-harmless bug.,11330,Fix,ss62171,1,1
dd0e6c8025,reminders: Fix issue with log file permissions in production.,11330,Fix,ss62171,1,1
8566eebfbb,account-settings: Fix missing close-quote in template.,11330,Fix,ss62171,1,1
895a675f4c,decorators: Fix email check in access_user_by_api_key case insensitive.,11330,Fix,ss62171,1,1
df1bb5fd27,slack importer: Fix link regex and add test case.,11330,Fix,ss62171,1,1
a5be1fb109,lightbox: Fix responsiveness issues with image description.,11330,Fix,ss62171,1,1
ee06da9350,bugdown: Linkify Bitcoin URI.,8111,bugdown: Linkify Bitcoin URI.,rht,2,0
9b7b600772,user docs: Fix screenshot in TeX documentation.,11330,Fix,ss62171,1,1
6c32379985,compose: Fix browser extensions interfering with compose box.,11330,Fix,ss62171,1,1
2c16c76551,beeminder: Fix buggy coding tag at top of file.,11330,Fix,ss62171,1,1
3d423a3c7b,logging: Fix corrupted default format for our logfiles.,11330,Fix,ss62171,1,1
9fe284b442,dark-mode: Fix background color of table headers.,11330,Fix,ss62171,1,1
b01b4498cc,Fix a typo in prod_settings_template.py.,11330,Fix,ss62171,1,1
374025e10b,settings UI: Fix settings sidebar.,11330,Fix,ss62171,1,1
6dbc7c5656,org-settings: Fix pointers near disabled checkboxes.,11330,Fix,ss62171,1,1
3accf7b935,embedded bots UI: Fix wrong _.each argument order.,11330,Fix,ss62171,1,1
25b32a5ed7,markdown: Fix backend rendering regex.,11330,Fix,ss62171,1,1
f1f5b25969,test-documentation: Fix whitespace for readability.,11330,Fix,ss62171,1,1
b403897ef9,Fix broken doc links for Python Markdown library.,11330,Fix,ss62171,1,1
2d52131554,user settings: Fix live updates in email change setting.,11330,Fix,ss62171,1,1
7c1a803927,left-sidebar: Fix styling of Streams header to not use links.,11330,Fix,ss62171,1,1
21eabf4a60,travis: Fix test-queue-worker-reload.,11330,Fix,ss62171,1,1
2da8e0d521,casper tests: Fix bug related to iago's credentials.,11330,Fix,ss62171,1,1
8c7d4bb5ad,stream setting: Fix bug in email address popover.,11330,Fix,ss62171,1,1
11af2a6d0f,minor: Fix typo for muting message.,11330,Fix,ss62171,1,1
ce43daa236,stream settings: Fix all dead code related to #subscriptions-status.,11330,Fix,ss62171,1,1
a49fd44612,css linter: Fix error reporting.,11330,Fix,ss62171,1,1
45b004818b,test-run-dev: Fix start_server implementation.,11330,Fix,ss62171,1,1
5409a98039,docs: Fix typo in multiple-organizations.md.,11330,Fix,ss62171,1,1
50be484964,onboarding: Fix error-password overlap bug,11330,Fix,ss62171,1,1
78e71faefe,mypy: Use Python 3 type syntax in zerver/lib/test_fixtures.py.,11330,Fix,ss62171,1,1
aae69702fe,casper: Try to fix clicking flakes for message editing.,11330,Fix,ss62171,1,1
de27142e16,stream settings: Fix link to docs about public/private streams.,11330,Fix,ss62171,1,1
27f7bdf8b1,casper: Attempt to fix flakes with message edit settings.,11330,Fix,ss62171,1,1
1dcd311ce8,user docs: Fix miscolored hamburger icon on mobile view.,11330,Fix,ss62171,1,1
e62d9742aa,emails: Fix notify_new_login emails have unserializable context.,11330,Fix,ss62171,1,1
c33102f692,Fix mypy error in AdminNotifyHandler.emit().,11330,Fix,ss62171,1,1
c2441e4455,user settings: Clean settings.css and fix bug,11330,Fix,ss62171,1,1
c9596e12be,user settings: fix uploaded files UI,11330,Fix,ss62171,1,1
0b710e41c9,user settings: fix 'Uploaded files' UI,11330,Fix,ss62171,1,1
5b49259722,compose box:Add a reply button. Fixes #5578,11330,Fix,ss62171,1,1
07961611b2,test_create_update_and_remove_default_stream_group: Fix flake.,11330,Fix,ss62171,1,1
b98c5c6d45,test_multi_user_subscription: Fix flake.,11330,Fix,ss62171,1,1
e4bf3d6907,api: Fix typo in interactive bots doc.,11330,Fix,ss62171,1,1
445ece4a3c,Fix 'v' hotkey image searching behavior. Fixes #7621,11330,Fix,ss62171,1,1
73a5c39264,docs: Fix link in roadmap.,11330,Fix,ss62171,1,1
d5fd2a1d72,"tools: Fix run-dev.py, which had an `if False:` on a needed import.",11330,Fix,ss62171,1,1
0975bebacc,quick fix: Fix migrations to be linear.,11330,Fix,ss62171,1,1
45d0b2bb47,dark-mode: Fix background colors of modals and sidebars in mobile view.,11330,Fix,ss62171,1,1
4a262713e6,Better errror message for narrow to a nonexistent stream. Fixes #6862,11330,Fix,ss62171,1,1
36ade63d84,compose: Fix bug in undo operation,11330,Fix,ss62171,1,1
6e85122724,integrations: Fix broken ifttt link.,11330,Fix,ss62171,1,1
9c2a28b6df,invitations: Fix lint errors in test_queue_workers.,11330,Fix,ss62171,1,1
fda349fd33,circle-docker: Fix getting a sudo prompt.,11330,Fix,ss62171,1,1
525e8e36d7,dark-mode: Fix tab list stream to not inherit color.,11330,Fix,ss62171,1,1
bc11b0f1e8,"Revert ""dark-mode: Remove unnecessary CSS and fix dark mode bugs.""",11330,Fix,ss62171,1,1
93abac7952,confirmation: Fix mypy annotation in create_confirmation_link.,11330,Fix,ss62171,1,1
dc244bd27e,confirmation: Fix time enforcement in check_key_is_valid.,11330,Fix,ss62171,1,1
a2729c52d0,dark-mode: Fix incorrect hover colors on `.stream_label`.,11330,Fix,ss62171,1,1
618455c7aa,dark-mode: Fix invite overlay to have a dark background and borders.,11330,Fix,ss62171,1,1
1716d69c35,dark-mode: Fix @-mention colors.,11330,Fix,ss62171,1,1
64381b6e38,dark-mode: Remove unnecessary CSS and fix dark mode bugs.,11330,Fix,ss62171,1,1
be832387c5,user_groups: Fix reporting of empty user groups.,11330,Fix,ss62171,1,1
b2cb443d24,subs: Fix clearing unread counts when leaving private streams.,11330,Fix,ss62171,1,1
967ef04c1e,docs: Fix typos in event-system document.,11330,Fix,ss62171,1,1
f632692188,lint: Fix use of re.match in judging long lines.,11330,Fix,ss62171,1,1
1acdfef13c,two_factor: Disable prefix in OurAuthenticationForm.,11330,Fix,ss62171,1,1
d5bb45db60,webhooks/gci: Fix missing mypy annotation.,11330,Fix,ss62171,1,1
87a412a992,droplets: Fix broken link for requesting droplets.,11330,Fix,ss62171,1,1
bd8196c3a5,lint: Fix too-long line in auth.py.,11330,Fix,ss62171,1,1
646ba5b9e5,bulk_get_users: Fix issues with users in multiple realms.,11330,Fix,ss62171,1,1
f423dc4930,check_send_receive_time: Fix parsing bug.,11330,Fix,ss62171,1,1
1b5753d021,test_signup: Fix assertIsNone check for realm in RealmCreationTest.,11330,Fix,ss62171,1,1
ae0732e4f2,git-docs: Fix typos and make minor edits to working-copies.,11330,Fix,ss62171,1,1
15bf0ebc61,css: Fix overflowing long URLs in Markdown macros.,11330,Fix,ss62171,1,1
d639e31641,lint: Fix check-templates handling of team.html.,11330,Fix,ss62171,1,1
13a1b44aa8,settings: Fix missing target=_blank on realm emoji images.,11330,Fix,ss62171,1,1
0dc91a9148,css: Fix code blocks overflowing for integration names.,11330,Fix,ss62171,1,1
b607d26f0a,lightbox: Fix image metadata not displaying at full width when possible.,11330,Fix,ss62171,1,1
711f7bca3b,upload: Fix typo in animated GIF error message.,11330,Fix,ss62171,1,1
271c3c1101,portico: Fix portico dropdown bug.,11330,Fix,ss62171,1,1
7821acde6b,/team: Fix typo.,11330,Fix,ss62171,1,1
0f8ee343de,node: Fix copy_and_paste test output.,11330,Fix,ss62171,1,1
cc8c8ab21c,node: Fix style in copy-paste test.,11330,Fix,ss62171,1,1
15cf87f424,clean-npm-cache: Fix path to yarn in Travis CI.,11330,Fix,ss62171,1,1
fb88eaa2d8,lint: Fix logic for exclude to handle directory trees.,11330,Fix,ss62171,1,1
f425f9ad3d,navbar: Fix transparency issue.,11330,Fix,ss62171,1,1
0449dc8b8a,bugdown: Fix handling of nested fenced math blocks.,11330,Fix,ss62171,1,1
0449dc8b8a,bugdown: Fix handling of nested fenced math blocks.,7482,bugdown: Fix handling of nested fenced math blocks.,PentaHiggs,1,1
a1d255471c,docs: Fix formatting of integration-docs-guide.md,11330,Fix,ss62171,1,1
2e7d0cb4cb,digests: Fix new stream links.,11330,Fix,ss62171,1,1
e071d27b6b,lightbox: Fix text overflow of translated user interface.,11330,Fix,ss62171,1,1
8f6b39a1c0,mypy: Fix annotations for json_encoder_for_html.,11330,Fix,ss62171,1,1
b4e67fac36,bot_lib: Fix storage bug introduced by rebase error.,11330,Fix,ss62171,1,1
141cf21b86,bulk_create: Fix buggy logic for generating recipients_by_email.,11330,Fix,ss62171,1,1
0377288f68,auth: Fix GitHub test for invalid user account.,11330,Fix,ss62171,1,1
c4c8879cf7,ldap: Fix the error message for deactivated users.,11330,Fix,ss62171,1,1
df4d10a3df,custom_check.py: Fix the comment for ignoring long lines.,11330,Fix,ss62171,1,1
e81b64d511,docs: Move remotedev docs to docs/development/ and fix links.,11330,Fix,ss62171,1,1
c8edbae21c,password reset: Fix error message for invalid realm.,11330,Fix,ss62171,1,1
46ba76e245,Fix broken link to GitHub CONTRIBUTING guide.,11330,Fix,ss62171,1,1
8b152fc109,email: Fix identification of chrome as safari on ios,11330,Fix,ss62171,1,1
94d188fd7d,docs: Fix broken anchor links after API docs migration.,11330,Fix,ss62171,1,1
1e334f41ed,test_subs: Fix nondeterministic failures in default stream tests.,11330,Fix,ss62171,1,1
79a5ddc68f,gitignore: Fix format for excluding .cache/.,11330,Fix,ss62171,1,1
b2637c8400,docs: Fix broken link due to integration guide migration.,11330,Fix,ss62171,1,1
bdaf3275f7,message feed: Fix display height of empty messages.,11330,Fix,ss62171,1,1
026410dd1b,api: Fix a typo in an anchor tag URL.,11330,Fix,ss62171,1,1
484ded60ce,docs: Fix unintentional whitespace in ReadTheDocs homepage.,11330,Fix,ss62171,1,1
2b858ab47b,api: Fix code blocks in headings.,11330,Fix,ss62171,1,1
aeed2e6863,dark-mode: Remove unnecessary CSS and fix dark mode bugs.,11330,Fix,ss62171,1,1
3c4900205c,streams: Fix width bug with stream creation form footer.,11330,Fix,ss62171,1,1
6049cd27b1,migrations: Fix conflict.,11330,Fix,ss62171,1,1
e1f8d24166,lint: Fix tools tests.,11330,Fix,ss62171,1,1
6a72fcff9c,docs: Fix outdated bots guide link.,11330,Fix,ss62171,1,1
011114397b,docs: Fix some Markdown links missing a close-paren.,11330,Fix,ss62171,1,1
6973f1d1ef,docs: Fix unnecessary absolute links in docs/.,11330,Fix,ss62171,1,1
7c24e04223,lint: Fix long lines in README.md.,11330,Fix,ss62171,1,1
8c4651d716,zerver/lib/actions.py: Fix translation bugs.,11330,Fix,ss62171,1,1
3b95a6d2d9,bugdown: Fix a bug in the updation logic of markdown engines.,11330,Fix,ss62171,1,1
31efe951b7,user-groups: Fix function argument bug; pass group.,11330,Fix,ss62171,1,1
df8548aaf1,"setup-certbot: Fix the usage message, and add the recently-added options.",11330,Fix,ss62171,1,1
f02e5b90f6,cross_realm: Use bulk_get_users to fix handling of missing users.,11330,Fix,ss62171,1,1
03b4a0240c,user_settings: Fix mypy annotations.,11330,Fix,ss62171,1,1
5aa6751e7a,lint: Fix long lines in newly added features.,11330,Fix,ss62171,1,1
dbcc76b996,Fix MissedMessageWorker.,11330,Fix,ss62171,1,1
9dd5d6e999,api: Fix broken links detected by new tests.,11330,Fix,ss62171,1,1
da67c610b2,docs: Fix typo in plans.html,11330,Fix,ss62171,1,1
a86968cd44,landing_nav: Fix missing login_link_disabled check.,11330,Fix,ss62171,1,1
9921971bfb,markdown_test_cases: Fix annoying whitespace issue.,11330,Fix,ss62171,1,1
3a77e20d28,markdown: Fix now-buggy test case.,11330,Fix,ss62171,1,1
4d51a6cfac,bugdown: Fix $$ whitespace handling.,11330,Fix,ss62171,1,1
4d51a6cfac,bugdown: Fix $$ whitespace handling.,7279,bugdown: Fix $$ whitespace handling,PentaHiggs,1,1
8480deb754,integration docs: Fix broken desk.com markdown.,11330,Fix,ss62171,1,1
325ca0df62,integration docs: Fix broken Stripe markdown.,11330,Fix,ss62171,1,1
982bd9c38d,Fix push notifications for soft-deactivated users.,11330,Fix,ss62171,1,1
531a3ee9de,refactor: Fix parse.quote(force_str(s)) calls in bugdown.,11330,Fix,ss62171,1,1
19bc55aa45,Fix various typos.,11330,Fix,ss62171,1,1
a8c735e1d2,/api/: Fix some headings.,11330,Fix,ss62171,1,1
670f20248a,/api/: Fix incorrect sidebar styling.,11330,Fix,ss62171,1,1
816c4a4e79,mypy: Fix typo in type statement.,11330,Fix,ss62171,1,1
88794ea361,linter: Fix tests ignoring rules with `include_only`.,11330,Fix,ss62171,1,1
ac63be7a0c,api-docs: Fix space in zulip-send instructions.,11330,Fix,ss62171,1,1
a8a159c5d2,mypy: Fix variable reuse in streams.py.,11330,Fix,ss62171,1,1
7e13d74529,tornado: Fix hardcoding of URI scheme in sockjs_url.,11330,Fix,ss62171,1,1
c2f1f54190,help: Fix indentation of code blocks in desktop install guide.,11330,Fix,ss62171,1,1
3c63367caf,delete: Fix bug in appearance of popover in mobile-screen.,11330,Fix,ss62171,1,1
671c3dea66,mypy: Fix type annotation style in webhook walkthrough.,11330,Fix,ss62171,1,1
732a5bae84,analytics: Fix checks for pointer update route.,11330,Fix,ss62171,1,1
fef7d6ba09,zerver/lib: Remove u prefix from strings.,11330,Fix,ss62171,1,1
957e1c2ec6,mypy: Fix buggy import setup for embedded bot tests.,11330,Fix,ss62171,1,1
e9a4596ea9,integrations/hubot: Fix URL in example config.,11330,Fix,ss62171,1,1
839b427ea5,zerver/management: Remove u prefix from strings.,11330,Fix,ss62171,1,1
dc37e3f72c,zerver/migrations: Remove u prefix from strings.,11330,Fix,ss62171,1,1
38acddee99,zproject: Remove u prefix from strings.,11330,Fix,ss62171,1,1
fd19743098,settings: Fix scrolling on settings page in narrow height windows.,11330,Fix,ss62171,1,1
85f605a978,Fix bug with EmailLogBackend.send_messages.,11330,Fix,ss62171,1,1
ad374ad3c5,css: Fix improper indentation to fix Travis test failure.,11330,Fix,ss62171,1,1
04a79800b9,models: Fix typo in comment.,11330,Fix,ss62171,1,1
5e3ba1f20f,mypy: Fix an unnecessary duplicate type declaration.,11330,Fix,ss62171,1,1
ee61e1be2c,search: Fix misaligned highlights due to unicode characters.,11330,Fix,ss62171,1,1
48662a79a5,clean-venv-cache: Fix an exception with unusual deployment dirs.,11330,Fix,ss62171,1,1
9bf81b7fa9,api: Fix /api/endpoints/ javascript for now.,11330,Fix,ss62171,1,1
8c9ea94878,scripts: Fix an issue in `purge-old-deployments` script.,11330,Fix,ss62171,1,1
493529d981,compose: Fix node test failure from video link integration.,11330,Fix,ss62171,1,1
3104d3ea3e,api: Fix rendering of code blocks after clicking sidebar links.,11330,Fix,ss62171,1,1
f01f596138,help: Merge api.js and help.js bundles to fix code blocks.,11330,Fix,ss62171,1,1
1ac2360d2e,mypy: Fix QuerySet -> QuerySet[Subscription].,11330,Fix,ss62171,1,1
c160c06f9c,bot_storage: Fix missing test coverage.,11330,Fix,ss62171,1,1
acb0b6ee43,process_fts_updates: Fix pgroonga search in development.,11330,Fix,ss62171,1,1
aea33fc738,Fix a comment typo in zerver/middleware.py.,11330,Fix,ss62171,1,1
c978464d16,tests: Fix send_message calls in test_user.py.,11330,Fix,ss62171,1,1
610d9b4abc,tests: Fix send_message calls in test_unread.py.,11330,Fix,ss62171,1,1
a20bba04ca,tests: Fix send_message calls in test_tutorial.py.,11330,Fix,ss62171,1,1
bb42004464,tests: Fix send_message calls in test_subs.py.,11330,Fix,ss62171,1,1
fba754224c,tests: Fix send_message calls in test_soft_deactivation.py.,11330,Fix,ss62171,1,1
6475b25a00,tests: Fix send_message calls in test_signup.py.,11330,Fix,ss62171,1,1
f264bbc7ca,tests: Fix send_message calls in test_service_bot_system.py.,11330,Fix,ss62171,1,1
8276442ee6,tests: Fix send_message calls in test_retention.py.,11330,Fix,ss62171,1,1
1f077f7177,tests: Fix send_message calls in test_reactions.py.,11330,Fix,ss62171,1,1
74943b4120,tests: Fix send_message calls in test_notifications.py.,11330,Fix,ss62171,1,1
26e51c016d,tests: Fix send_message calls in test_narrow.py.,11330,Fix,ss62171,1,1
5c00bbc1a9,tests: Fix send_message in test_message_edit_notifications.py.,11330,Fix,ss62171,1,1
cf1a4540ef,tests: Fix send_message calls in test_link_embed.py.,11330,Fix,ss62171,1,1
fd9d919fc6,tests: Fix send_message calls in test_home.py.,11330,Fix,ss62171,1,1
1c38130626,tests: Fix send_message calls in test_export.py.,11330,Fix,ss62171,1,1
3e319837ef,tests: Fix send_message calls in test_events.py.,11330,Fix,ss62171,1,1
25379a3b19,Fix send_message calls in test_embedded_bot_system.py.,11330,Fix,ss62171,1,1
4372bfb4a5,tests: Fix send_message calls in test_bugdown.py.,11330,Fix,ss62171,1,1
7cf5be2266,tests: Fix send_message calls in test_alert_words.py.,11330,Fix,ss62171,1,1
53ad6270b4,tests: Fix send_message calls in test_event_queue.py.,11330,Fix,ss62171,1,1
9c90c40c08,tests: Fix send_message calls in test_upload.py.,11330,Fix,ss62171,1,1
73c27e1277,cache: Fix type aliasing of cached_objects.,11330,Fix,ss62171,1,1
2e69d4d420,mypy: Fix type for per_request_display_recipient_cache.,11330,Fix,ss62171,1,1
fe2adeeee1,hotkeys: Fix ESC removing message feed focus in Firefox.,11330,Fix,ss62171,1,1
0d1194811f,mypy: Remove ignores for a few typeshed bugs fixed upstream.,11330,Fix,ss62171,1,1
3abe92fc39,requirements: Update version of pyombed to fork with bs4 bug fixed.,11330,Fix,ss62171,1,1
095a3ecbdd,requirements: Fix missing simplejson dependency.,11330,Fix,ss62171,1,1
090563fb25,test_tornado: Fix IOLoop exceptions output spam.,11330,Fix,ss62171,1,1
f790e667b3,test_tornado: Fix repeated autoreload configuration in tests.,11330,Fix,ss62171,1,1
aacafd7a4d,test_tornado: Fix incorrect tearDown method for IOLoops.,11330,Fix,ss62171,1,1
49d7d49038,test_narrow: Fix sqlalchemy warning spam.,11330,Fix,ss62171,1,1
ef9679667f,test_docs: Fix unnecessary info-level logging in tests.,11330,Fix,ss62171,1,1
e19312b394,Fix zerver.lib.digest log being printed in tests.,11330,Fix,ss62171,1,1
e8ab7cd1a9,logging: Fix zulip.send_email log being printed in tests.,11330,Fix,ss62171,1,1
1cd017288d,views: Fix imports of REQ/has_request_variables from the wrong place.,11330,Fix,ss62171,1,1
a9d1042718,Vagrantfile: Fix some incorrect indentation in shell script.,11330,Fix,ss62171,1,1
8e2cdedf9a,lint: Fix lines in Python codebase longer than 120 characters.,11330,Fix,ss62171,1,2
b936e8c24b,lint: Fix lines in Python codebase longer than 125 characters.,11330,Fix,ss62171,1,2
df03e30d68,popovers: Fix is-active checks for popovers.,11330,Fix,ss62171,1,1
559f69667f,docs: Fix spelling in template.,11330,Fix,ss62171,1,1
093bae4bc5,"subdomains: Fix some implicit uses of """" for the root subdomain.",11330,Fix,ss62171,1,1
7c467a8f01,subdomains: Fix one backward call site of check_subdomain.,11330,Fix,ss62171,1,1
1a0f075136,lint: Fix indentation in portico header HTML.,11330,Fix,ss62171,1,1
14d2d4e506,Fix bug in flush_user_profile().,11330,Fix,ss62171,1,1
6b1eb647e4,nginx: Fix bugs in new nginx configuration checks.,11330,Fix,ss62171,1,1
4439dbf781,log_into_subdomain: Fix realm creation on servers using an IP address.,11330,Fix,ss62171,1,1
89b97e7480,python3: Fix REMOTE_USER Apache configuration for Python 3.,11330,Fix,ss62171,1,2
d91e49b681,settings: Fix whitespace in new LDAP settings code.,11330,Fix,ss62171,1,1
e7f932aa87,docs: Fix a typo in text of user doc for allow image/link previews.,11330,Fix,ss62171,1,1
1978455287,subs: Fix exception with streams overlay open but no active stream.,11330,Fix,ss62171,1,1
bdc7772bab,subs: Fix bug with invalid access to stream IDs.,11330,Fix,ss62171,1,1
7fd7e054e1,docs: Fix broken link in changelog on ReadTheDocs.,11330,Fix,ss62171,1,1
4ecf781ed4,test_signup: Fix LDAP end-to-end tests accidentally using wrong backend.,11330,Fix,ss62171,1,1
4db99196e9,message_edit: Fix red highlighting for messages mentioning you.,11330,Fix,ss62171,1,1
216fbc2f79,docs: Fix a typo in installation docs.,11330,Fix,ss62171,1,1
216fbc2f79,docs: Fix a typo in installation docs.,3509,Typo in installation docs.,souravbadami,1,1
618ace1f5c,build-release-tarball: Fix missing CSS-inlined email templates.,11330,Fix,ss62171,1,1
15f3d5f714,nginx: Fix some buggy gzip compression configuration.,11330,Fix,ss62171,1,1
82a6cc283b,register: Fix missing translation tag.,11330,Fix,ss62171,1,1
88245d2cd6,migrations: Fix deactivated realm corner cases with 0108.,11330,Fix,ss62171,1,2
9b791acf50,test_push_notifications: Fix tests failing due to rebase.,11330,Fix,ss62171,1,1
e80fc93e87,templates: Fix search_operators indentation.,11330,Fix,ss62171,1,1
3d6715445a,ldap: Fix test_registration_through_ldap.,11330,Fix,ss62171,1,1
735b49e505,zilencer: Fix uniqueness rules for RemotePushDeviceToken.,11330,Fix,ss62171,1,1
70b8d881d9,sidebars: Fix left sidebar PM unread counts alignment.,11330,Fix,ss62171,1,1
ec3b2072ce,docs: Fix broken anchor links to troubleshooting section.,11330,Fix,ss62171,1,1
fe3a8084d8,mypy: Fix annotations for linter.,11330,Fix,ss62171,1,1
05b9316d5f,i18n: Fix missing translation tags on deactivated notice.,11330,Fix,ss62171,1,1
773f8fcb05,stream_events: Fix exceptions when subscribed by another client.,11330,Fix,ss62171,1,1
024c27dd3e,notifications: Fix sending push notifications on muted streams.,11330,Fix,ss62171,1,1
bcca964548,test-js-with-node: Fix doing too many imports before sanity_check.,11330,Fix,ss62171,1,1
d37820f39f,tests: Fix test_message_edit_notifications.,11330,Fix,ss62171,1,1
9234abbd59,notifications: Fix realm emojis not appearing in desktop notifications.,11330,Fix,ss62171,1,1
513b6d624f,notifications: Fix double-sending in missedmessage_hook.,11330,Fix,ss62171,1,1
2648d595c1,"Revert ""docs: Fix broken anchor links in troubleshooting guide.""",11330,Fix,ss62171,1,1
508686bed4,provision: Fix buggy bash_profile management code.,11330,Fix,ss62171,1,1
c69c38b14e,export: Fix importing/exporting of user avatars.,11330,Fix,ss62171,1,1
15c0380a33,export: Fix exporting with an output file at a relative path.,11330,Fix,ss62171,1,1
fa71f64adb,docs: Fix broken anchor links in troubleshooting guide.,11330,Fix,ss62171,1,1
c77c2f084c,upgrade-zulip-from-git: Fix rerun script and script description.,11330,Fix,ss62171,1,1
dea1888022,Fix muting_ui.persist_and_rerender() bug.,11330,Fix,ss62171,1,1
289387ff64,travis: Fix link to docs on our Travis CI setup.,11330,Fix,ss62171,1,1
22ade4f691,"docs: Fix typo on ""General user guide documentation"".",11330,Fix,ss62171,1,1
490515aea6,cleanup: Fix comment in SocialAuthMixin.auth_complete.,11330,Fix,ss62171,1,1
b0235bc458,dependencies.md: Fix a typo.,11330,Fix,ss62171,1,1
daeb4e0ca3,docs: Fix link to bite-size issues to point to new name.,11330,Fix,ss62171,1,1
a466bf8a47,report: Fix handling of reports with no more_info.,11330,Fix,ss62171,1,1
065033e864,auth: Fix mypy annotations in authenticate_remote_user.,11330,Fix,ss62171,1,1
e48abcfcf1,auth: Fix confusing realm variable name in JWT auth.,11330,Fix,ss62171,1,1
cbbdd539f4,populate_db: Fix creating welcome-bot at the wrong place.,11330,Fix,ss62171,1,1
298c59f7fd,push_notifications: Fix error message for unregistered bouncer.,11330,Fix,ss62171,1,1
9e2e344937,report: Fix missing test coverage on draft sanitization.,11330,Fix,ss62171,1,1
fed972d1fb,Fix bug with applying message events to unread counts.,11330,Fix,ss62171,1,1
c1f12e3f8a,scrolling: Fix out-of-order bug in the message list.,11330,Fix,ss62171,1,1
d17db446cf,Fix up the hostpot styling.,11330,Fix,ss62171,1,1
c2b7cd0f7e,color-picker: Fix input height to display correct on FF.,11330,Fix,ss62171,1,1
34bafa654c,mypy: Fix future syntax errors and other minor mistakes.,11330,Fix,ss62171,1,1
6f4d24d851,reactions.js: Fix the conditional check for sending reaction request.,11330,Fix,ss62171,1,1
9cf26db6db,test_management_commands: Fix send_webhook_fixture_message test.,11330,Fix,ss62171,1,1
49274a060c,send_webhook_fixture_message: Fix to work with subdomains.,11330,Fix,ss62171,1,1
416f34c80e,setup-production: Try to fix Travis failures by blocking mongodb repo.,11330,Fix,ss62171,1,1
d2966ae5d4,"minor: Fix missing ""not"" in comment.",11330,Fix,ss62171,1,1
fe6a04cbdb,"Revert ""locale: Fix incorrect locale name for zh-Hans.""",11330,Fix,ss62171,1,1
ca59b28fc1,import: Fix positional argument parsing.,11330,Fix,ss62171,1,1
bfedb82097,import: Fix argparse usage message breakage.,11330,Fix,ss62171,1,1
1a9adbbe70,test_signup: Fix test for login page redirect.,11330,Fix,ss62171,1,1
43bba27e5d,auth: Fix redirect loop in development environment.,11330,Fix,ss62171,1,1
f11832536c,event_queue: Fix a now-incorrect mypy annotation.,11330,Fix,ss62171,1,1
ba8dc62132,locale: Fix incorrect locale name for zh-Hans.,11330,Fix,ss62171,1,1
a0a2241c66,/hello/: Fix the width of the call-to-action button.,11330,Fix,ss62171,1,1
5ca7d15e39,urls: Fix name of /plans page.,11330,Fix,ss62171,1,1
80a16bf873,nagios: Fix path to source zulip_nagios.cfg.,11330,Fix,ss62171,1,1
40c59f2878,middleware: Fix losing sub-URL when pushing to zulipdev.com.,11330,Fix,ss62171,1,1
bcbe41177a,emoji_picker: Fix hover behavior to key off entire emoji.,11330,Fix,ss62171,1,1
0b765811b6,activity: Fix presence tests once again.,11330,Fix,ss62171,1,1
e2f2035562,activity: Fix misordered conditional for filtering.,11330,Fix,ss62171,1,1
68e75833b7,activity: Fix the node tests.,11330,Fix,ss62171,1,1
0c42e4a705,typeahead: Fix typeahead positioning for iOS keyboard case.,11330,Fix,ss62171,1,1
97c4d16ef6,5xx: Fix line height for headers.,11330,Fix,ss62171,1,1
a72c7ac28f,ui_init.js: Fix typo in comment.,11330,Fix,ss62171,1,1
a7f602fed6,/help/: Fix sidebar target bug.,11330,Fix,ss62171,1,1
f05719e335,test-api: Fix tests to work with subdomains.,11330,Fix,ss62171,1,1
327db90a3d,Fix fetching of medium-size user avatars.,11330,Fix,ss62171,1,1
e216801be8,docs: Fix a typo in version-control.md.,11330,Fix,ss62171,1,1
5620d88b7d,typeahead: Fix the vertical positioning of emojis.,11330,Fix,ss62171,1,1
1d0073cef9,/help/: Fix mobile scrollbar appearing incorrectly.,11330,Fix,ss62171,1,1
c13126b99d,images: Fix executable bit on Windows desktop screenshot.,11330,Fix,ss62171,1,1
ce6a262c28,"settings: Fix ""Notifications stream"" list scrolling.",11330,Fix,ss62171,1,1
2ed3c615de,popovers: Fix padding to be more uniform.,11330,Fix,ss62171,1,1
2f32439fc3,node_tests: Fix broken assert.equal in templates.js.,11330,Fix,ss62171,1,1
d0a9e92f1d,emails: Fix duplicate html structure added to compiled emails.,11330,Fix,ss62171,1,1
06e6b3abe1,event_queue: Fixed stream_push_notify code path in missedmessage_hook.,11330,Fix,ss62171,1,1
fa461c6a4f,missedmessage_hook: Fix name of ClientDescription argument.,11330,Fix,ss62171,1,1
d6732d0781,event_queue: Fix handling of private messages in missedmessage_hook.,11330,Fix,ss62171,1,1
ee6024281a,org_settings: Fix dropup menu for notifications stream not opening.,11330,Fix,ss62171,1,1
042132f156,settings: Fix default streams scrolling issue.,11330,Fix,ss62171,1,1
1c25bb5eba,auth: Fix typo in invalid subdomain logging.,11330,Fix,ss62171,1,1
8a8d1410f8,portico-signin: Fix organization name text overflow.,11330,Fix,ss62171,1,1
bb1b771c44,topic_list: Fix a linter error.,11330,Fix,ss62171,1,1
a9aa31ac96,docs: Fix lint in typing-indicators.,11330,Fix,ss62171,1,1
fa6a118d51,refactor: Fix filter-based code in echo.process_from_server.,11330,Fix,ss62171,1,1
73bfdbf47b,portico-signin: Fix character overflow in input.,11330,Fix,ss62171,1,1
16ed23414d,provision: Fix spelling of apt_dependencies_hash.,11330,Fix,ss62171,1,1
a6caf30ca7,scripts: Fix an issue in `get_recent_deployments()` due to relative paths.,11330,Fix,ss62171,1,1
c62befe655,test_messages: Fix invalid subdomain in mirrored message test.,11330,Fix,ss62171,1,1
4674af0894,outgoing_webhook: Fix broken way of accessing realm.uri.,11330,Fix,ss62171,1,1
7e7b80f5e8,purge_old_deployments: Fix running from any path.,11330,Fix,ss62171,1,1
0a91a5510c,install: Fix check for whether update-prod-static is needed.,11330,Fix,ss62171,1,1
b1f4c7308e,docs: Fix a broken link in new documentation.,11330,Fix,ss62171,1,1
de9f00208d,test_notifications: Fix unnecessary use of dirname.,11330,Fix,ss62171,1,1
b1dafe5d9d,renumber-migrations: Fix last_correct_migration code.,11330,Fix,ss62171,1,1
92b70f9895,RealmAuditLog: Fix missing mypy annotation.,11330,Fix,ss62171,1,1
395a71a433,subs: Fix jerky stream subscriptions scrolling with up/down keys.,11330,Fix,ss62171,1,1
f706f657c0,signup: Fix invitation emails not being cleared properly.,11330,Fix,ss62171,1,1
122167148a,notifications: Fix the misalignment of emojis with the message text.,11330,Fix,ss62171,1,1
4e8e7348da,notifications: Fix the ugly inactive scrollbar in missed message emails.,11330,Fix,ss62171,1,1
5db810b5d7,docs: Fix example code in mock section.,11330,Fix,ss62171,1,1
02d931a53e,tools: Fix running full-stack tests from tools/ directory.,11330,Fix,ss62171,1,1
901e0258df,purge-old-deployments: Fix purging the symlinks etc.,11330,Fix,ss62171,1,1
a1ddd934b4,bots: Fix calculation of bot domain with REALMS_HAVE_SUBDOMAINS.,11330,Fix,ss62171,1,1
264dcb4e2d,docs: Fix path to restart-server script.,11330,Fix,ss62171,1,1
17d35af334,docs: Fix filename for new application view URL.,11330,Fix,ss62171,1,1
f1133ab53e,test_notifications: Fix HTML tests to assume REALMS_HAVE_SUBDOMAINS.,11330,Fix,ss62171,1,1
ac48772732,hotspots.js: Fix timeout millisecond conversion.,11330,Fix,ss62171,1,1
3fb660d46e,Fix search bar box-shadow alignment.,11330,Fix,ss62171,1,1
27bb680aa5,message_list: Fix exception with nonexistent streams.,11330,Fix,ss62171,1,1
e085af3324,Fix stream_push_notify feature to not send emails.,11330,Fix,ss62171,1,1
e98d7a6ee8,Fix issues with left-sidebar stream search and multiple words.,11330,Fix,ss62171,1,1
25304ddeee,Fix padding to match new font.,11330,Fix,ss62171,1,1
e8f835d852,migrations: Fix migration 0041 failures for long attachment filenames.,11330,Fix,ss62171,1,2
402d7fca50,test_linter_custom_check.py: Fix typo in docstring.,11330,Fix,ss62171,1,1
600b164130,setup-apt-repo: Fix failure to rerun properly on provision failure.,11330,Fix,ss62171,1,1
073bc318cf,compose: Fix rendering error with message edit forms.,11330,Fix,ss62171,1,1
56cb06dc19,lightbox: Fix repeated code in exports.open.,11330,Fix,ss62171,1,1
0b9bd6a510,Recommend virtualbox version should be a fixed version (fixes #6448),11330,Fix,ss62171,1,1
b6bb7f2b1e,Fix bug where we hard code realm for PushDeviceToken.,11330,Fix,ss62171,1,1
4dfe6bb320,Add migration to fix unread messages.,11330,Fix,ss62171,1,1
dc49f563eb,message view: Fix line-wrapping of empty conversation/feed message.,11330,Fix,ss62171,1,1
c399543d4c,Fix odd responsive issue between 720px - 768px.,11330,Fix,ss62171,1,2
4ad3f713db,Fix copy with plan billing to be less confusing.,11330,Fix,ss62171,1,1
b0d34b030a,py3: Bump ujson to our own fork to pick up a Python 3 fix.,11330,Fix,ss62171,1,1
09b4927578,hotspots.js: Fix hotspots not appearing.,11330,Fix,ss62171,1,1
6de77db93f,lint: Fix problematic merging of pyflakes stdout/stderr.,11330,Fix,ss62171,1,1
0959c978c3,Fix lint error from recent subdomains commit.,11330,Fix,ss62171,1,1
b62ce96dc8,css: Fix outline CSS for informational overlays.,11330,Fix,ss62171,1,1
5a54a143be,subscriptions: Fix the rendering of emojis in stream descriptions.,11330,Fix,ss62171,1,1
1eead8db2d,find_account: Fix problematic line-wrapping.,11330,Fix,ss62171,1,1
659bff1ffb,i18n: Fix URLs misparsing in translation tags.,11330,Fix,ss62171,1,1
d09db16dcd,/integrations/: Fix sidebar overflowing parent container.,11330,Fix,ss62171,1,1
1a0a29c41d,hotkeys: Fix modal and overlay hiding on user settings.,11330,Fix,ss62171,1,1
e616b464eb,Fix padding around –– OR –– on register form.,11330,Fix,ss62171,1,1
bb655e6945,css: Fix selecting of the EDITED notices.,11330,Fix,ss62171,1,1
b988a1c661,css: Fix selecting of EDITED notices and weird whitespace.,11330,Fix,ss62171,1,1
37bf89292a,Fix deleting stream from the sidebar.,11330,Fix,ss62171,1,1
6d5dac96c6,zulip-puppet-apply: Fix flushing of stdout for Python 3.,11330,Fix,ss62171,1,2
e092f1afff,logging: Fix soft_deactivation log declaration.,11330,Fix,ss62171,1,1
90d8b0f520,emoji_picker: Fix the two different titles appearing for each emoji.,11330,Fix,ss62171,1,1
923fb7be16,emoji: Fix mis-alignment of realm emoji div with other div in emoji picker.,11330,Fix,ss62171,1,1
70e16da81c,decorator: Fix request.user handling of remote servers.,11330,Fix,ss62171,1,1
1560646144,renumber-migrations: Fix construction of new number.,11330,Fix,ss62171,1,1
96dcb8f745,renumber-migrations: Fix unnecessary prompt.,11330,Fix,ss62171,1,1
ed31a5988c,models: fix badly line-wrapped type annotation.,11330,Fix,ss62171,1,1
1c8c5cc36f,test_messages: Fix deactivation tests for new /me behavior.,11330,Fix,ss62171,1,1
eb4635804f,compose: Fix previews of /me messages.,11330,Fix,ss62171,1,1
0f1768d0d1,compose: Fix confusing variable name in preview code path.,11330,Fix,ss62171,1,1
eb6d736df3,compose: Fix local rendering of previews.,11330,Fix,ss62171,1,1
f0637cb01a,push_notifications: Fix one last lint error.,11330,Fix,ss62171,1,1
00036ac8db,push_notifications: Fix mypy error.,11330,Fix,ss62171,1,1
e2e56a3e71,test_subs: Fix dict unpacking.,11330,Fix,ss62171,1,1
b63e995e82,tornado: Fix a Redis-caused str/bytes bug in `status_inquiries`.,11330,Fix,ss62171,1,1
d449346bb5,puppet: Fix process leaks in small-server configuration.,11330,Fix,ss62171,1,1
498c298c14,rate_limiter: Fix buggy use of NotImplementedError.,11330,Fix,ss62171,1,1
8b2cd96126,confirmation: Fix arguments to super().,11330,Fix,ss62171,1,1
bee86b6e6b,send_email: Fix modification of mutable default value.,11330,Fix,ss62171,1,1
537ad1ff1b,templatetags: Fix buggy exception clause.,11330,Fix,ss62171,1,1
07a156c400,notifications: Fix desktop/sound notifications for @all.,11330,Fix,ss62171,1,1
a2c21543bc,mentions: Fix mention state being lost after reload.,11330,Fix,ss62171,1,1
e2ae096035,test_signup: Fix coverage of remaining find_my_team code.,11330,Fix,ss62171,1,1
59aae22f99,registration: Fix find_my_team handling of unusual users.,11330,Fix,ss62171,1,1
4069b166ea,run-casper: Fix a mypy annotation error.,11330,Fix,ss62171,1,1
1c9521a8d6,docs: Fix buggy relative documentation link.,11330,Fix,ss62171,1,1
ab61fe5922,auth: Fix Google auth to not assume SUBDOMAINS_HOMEPAGE.,11330,Fix,ss62171,1,1
eb781de78d,settings: Fix buggy use of JavaScript regular expressions.,11330,Fix,ss62171,1,1
8b0c0c33b5,login: Fix logging for login/register actions.,11330,Fix,ss62171,1,1
5206dad373,decorator: Fix is_browser_view handling of e.g. mobile apps.,11330,Fix,ss62171,1,1
b73f5c9770,Fix responsive issue with stream filter search.,11330,Fix,ss62171,1,1
9e3ba52c66,portico: Fix upper-left link for non-help-center pages.,11330,Fix,ss62171,1,1
8a65fdce49,subdomains: Fix over-aggressive redirect to find_my_team.,11330,Fix,ss62171,1,1
397340b454,test_events: Fix a missing mypy import.,11330,Fix,ss62171,1,1
225debdbc5,test_events: Fix a misplaced type annotation.,11330,Fix,ss62171,1,1
8cbdaca9f5,fix_unreads: Fix handling of muted_topics on missing streams.,11330,Fix,ss62171,1,1
50fe1f7d9c,streams: Fix errors when notifications_stream is deactivated.,11330,Fix,ss62171,1,1
58ad61a4ac,actions: Fix errors when notifications_stream is deactivated.,11330,Fix,ss62171,1,1
75d9f66bf0,fix_unreads: Fix error handling with no recipient_ids.,11330,Fix,ss62171,1,1
a397e92fb3,docs: Fix problematic line-wrapping.,11330,Fix,ss62171,1,1
74c628b105,editing: Fix live update of ability to edit messages.,11330,Fix,ss62171,1,1
669b1b8adb,mypy: Fix an annotation.,11330,Fix,ss62171,1,1
1a43728b1e,emoji_picker: Fix tracebacks in navigation if search results are empty.,11330,Fix,ss62171,1,1
d28337869e,help: Fix links to integrations in organization getting started guide.,11330,Fix,ss62171,1,1
4d0f304048,js: Fix two misphrased conditions.,11330,Fix,ss62171,1,1
e1cc0455ee,emoji_picker: Fix issue with emoji tab shifting.,11330,Fix,ss62171,1,1
7a2667ce53,soft_deactivation: Fix flaky tests by seeding message for users.,11330,Fix,ss62171,1,1
c26e000d4e,Fix tools/review for python3.,11330,Fix,ss62171,1,1
770ec92891,"hotkeys: Fix ""n"" key to work inside a muted stream.",11330,Fix,ss62171,1,1
88e3ba9576,stream_list: Fix enter key to use data-stream-id.,11330,Fix,ss62171,1,1
1dc26ba250,Bump psycopg2 dependency to 2.7.3 to get a bugfix.,11330,Fix,ss62171,1,1
aa0ecd79d6,zephyr: Fix bogus uses of `force_bytes` that break on Python 3.,11330,Fix,ss62171,1,2
30181dcc08,node: Fix node test for user_events.,11330,Fix,ss62171,1,1
4b72b461e5,user_events: Fix buggy-looking logging code.,11330,Fix,ss62171,1,1
3a2a396303,zephyr: Fix tracebacks opening user info popovers.,11330,Fix,ss62171,1,1
29c05c82f0,Fix A/D hotkeys for cycling through stream narrows.,11330,Fix,ss62171,1,1
dac7cfa026,emoji picker: Fix exceptions with regex characters in emoji filter.,11330,Fix,ss62171,1,1
7a5c6628a6,server_events: Fix formatting of server_events exception.,11330,Fix,ss62171,1,1
debfe708d0,test-all: Fix buggy PYTHONWARNINGS invocation.,11330,Fix,ss62171,1,1
47bcedbc1b,Fix server searches for is:mentioned and is:alerted.,11330,Fix,ss62171,1,1
7d49ce13b1,bugdown: Fix mypy error with empty return.,11330,Fix,ss62171,1,1
8600efcf36,test_bugdown: Fix duplicated test name.,11330,Fix,ss62171,1,1
46b5c942aa,"test_narrow: Fix remaining case of search tests flaking with ""lunch"".",11330,Fix,ss62171,1,1
5184c64a92,upload: Fix uploading files with Python 3.,11330,Fix,ss62171,1,2
989cfb1963,mypy: Fix process_fts_updates annotations.,11330,Fix,ss62171,1,1
a38d846e8b,process_fts_updates: Fix check for USING_PGROONGA to not use settings.,11330,Fix,ss62171,1,1
fd1b8c7a3c,decorator: Fix SOCKET requests being broken with REALMS_HAVE_SUBDOMAINS.,11330,Fix,ss62171,1,1
7c4eb43f34,test_notifications: Fix reply-to email for test suite.,11330,Fix,ss62171,1,1
e469578a55,py3: Fix up (almost) all script invocations to rely on shebangs.,11330,Fix,ss62171,1,1
4e7c56fff6,docs: Fix a buggy link to realm-admin-docs.,11330,Fix,ss62171,1,1
c043d31074,portico: Fix accidental console.log statement.,11330,Fix,ss62171,1,1
dfb3d03c0b,Fix broken input sizing for subdomains.,11330,Fix,ss62171,1,1
5ebe507c9b,decorator: Fix check for incoming webhook bots and move later,11330,Fix,ss62171,1,1
3409806b88,"test_narrow: Fix nondeterministic test failures with ""lunch"".",11330,Fix,ss62171,1,1
902d2715a5,run-dev.py: Fix typo in GitHub auth warning message.,11330,Fix,ss62171,1,1
5f87037bf5,Fix upwards scrollback when narrowing to streams centered on old messages.,11330,Fix,ss62171,1,1
9201137059,Fix scrolling glitches when zooming out to streams.,11330,Fix,ss62171,1,1
5608dc0add,Fix bug with topic edits on read messages.,11330,Fix,ss62171,1,1
c7b9044ee5,Fix apply_unread_message_event() for mentions.,11330,Fix,ss62171,1,1
4b4283550f,lightbox: Fix incorrectly displayed avatar image.,11330,Fix,ss62171,1,1
a32a3cfe23,provision: Fix some shell hygiene.,11330,Fix,ss62171,1,1
2b45c17dbc,/features/: Fix wave position.,11330,Fix,ss62171,1,1
d3a69da829,py3: Fix or remove (almost) all references to Python 2 venv in docs.,11330,Fix,ss62171,1,2
6b46762384,management: Fix typo in get_realm CommandError message.,11330,Fix,ss62171,1,1
9bbcb712ec,travis: Fix content-length test.,11330,Fix,ss62171,1,1
7d80e0c78c,portico: Fix #registration padding.,11330,Fix,ss62171,1,1
6a406e2b70,portico: Fix tables to be striped again.,11330,Fix,ss62171,1,1
60baedcab9,mypy: strict-optional fixes for Trello integration.,11330,Fix,ss62171,1,1
d9e36c8156,mypy: strict-optional fixes in zerver/tornado/socket.py.,11330,Fix,ss62171,1,1
4b728eda1b,frontend: Fix unnecessary aria-hidden assignments in informational overlay modals.,11330,Fix,ss62171,1,1
ca19cb6900,frontend: Fix stream-creation aria-label assignment.,11330,Fix,ss62171,1,1
ee23e6f118,frontend: Fix default_language_modal aria-hidden assignment.,11330,Fix,ss62171,1,1
4bb979d869,test_helpers: Fix annotation for avatar_disk_path.,11330,Fix,ss62171,1,1
c657db77e8,lightbox_canvas: Fix use of unsupported const.,11330,Fix,ss62171,1,1
e22920bef6,Fix lightbox zoom issues.,11330,Fix,ss62171,1,1
27b79e7189,populate_db: Fix duplicate test data when run multithreaded.,11330,Fix,ss62171,1,1
4350b52740,generate_test_data: Fix remove_line_breaks algorithm.,11330,Fix,ss62171,1,1
dd49bec93c,Fix changing email addresses back after email change.,11330,Fix,ss62171,1,1
c5e4ce5278,Optimize show_unreads --fix approach.,11330,Fix,ss62171,1,1
e994ff36b5,Add option to fix unread messages for inactive streams.,11330,Fix,ss62171,1,1
32a5a54ba5,test_docs: Fix test for the redesigned /features page.,11330,Fix,ss62171,1,1
334689ad51,Fix password reset alignment issue.,11330,Fix,ss62171,1,1
c095ac6279,generate_test_data: Fix typo in configuration.,11330,Fix,ss62171,1,1
17c4ef2e21,Fix settings back arrow vertical alignment.,11330,Fix,ss62171,1,1
30361f50f8,frontend: Fix elements that are not visible should not be focusable.,11330,Fix,ss62171,1,1
1338c6fa0c,report: Fix path to find webpack bundle source maps.,11330,Fix,ss62171,1,1
ddb85c9cb1,upgrade: Fix str/bytes type error.,11330,Fix,ss62171,1,1
47eb7ee003,push_notifications: Fix incorrect URL being used in bouncer test.,11330,Fix,ss62171,1,1
3796292913,markdown: Fix the rendering of realm filters.,11330,Fix,ss62171,1,1
886db27de4,unread_msgs: Fix nondeterminstic ordering of unread_msgs IDs.,11330,Fix,ss62171,1,1
c638ea8d11,docs: Fix spelling of Travis CI.,11330,Fix,ss62171,1,1
d1c5cef186,subject -> topic: Fix unread_topic_counter.,11330,Fix,ss62171,1,1
5932896ebb,Fix browser error reporting to find webpack source map files.,11330,Fix,ss62171,1,1
28befc78f2,actions: Fix message_id logged upon event 'subscription_created'.,11330,Fix,ss62171,1,1
e729814cfd,recent_senders: Fix exception in certain typeahead flows.,11330,Fix,ss62171,1,1
a306344050,minor: Fix typo in comment (customer -> custom).,11330,Fix,ss62171,1,1
d7766d7b6e,lint: Fix colors being randomized on every file with custom checks.,11330,Fix,ss62171,1,1
d01549e8e3,Fix outerHeight to OR with 0 to not produce NaN.,11330,Fix,ss62171,1,2
b683af2cbb,test_realm_emoji: Fix some typos.,11330,Fix,ss62171,1,1
e3ba44710e,/apps/: Fix failing tests.,11330,Fix,ss62171,1,1
3ff199c613,test_home: Fix test for /apps/ page.,11330,Fix,ss62171,1,1
c9b2ef82c9,test_bugdown: Fix test for Twitter emoji.,11330,Fix,ss62171,1,1
2e74dbf2d9,apps: Fix the documentation tests for /apps/.,11330,Fix,ss62171,1,1
9f62b402b5,install docs: Fix some small grammar and orthography issues.,11330,Fix,ss62171,1,1
a03ce01688,bugdown: Fix the rendering of emojis in twitter link previews.,11330,Fix,ss62171,1,1
f7f4d1ca58,markdown: Fix the broken rendering of tables.,11330,Fix,ss62171,1,1
f2c04576bd,models: Fix the URL validation code in `RealmFilter` model.,11330,Fix,ss62171,1,1
7cd621bc9d,webhooks/updown: Fix a JsonableError to provide a real error message.,11330,Fix,ss62171,1,1
d82373b76b,Fix Service model and related helper function.,11330,Fix,ss62171,1,1
02c6672499,drafts: Fix casper timing bug in jQuery 3.,11330,Fix,ss62171,1,2
caee548074,overlays: Fix compose box closing when clicking on overlays.,11330,Fix,ss62171,1,1
161f3c4e68,docs: Fix link to open accessibility issues.,11330,Fix,ss62171,1,1
b1944b5e1f,node_cache: Fix buggy type annotations for copy_modules.,11330,Fix,ss62171,1,1
47b4056948,register.html: Fix indentiation via check-templates.,11330,Fix,ss62171,1,1
7f96b3ef2f,portico: Fix /accounts/register autofocus.,11330,Fix,ss62171,1,1
5980d420a8,Embedded bots: Fix minor errors to make embedded bots/service run.,11330,Fix,ss62171,1,1
8de28ec66d,hotkeys: Fix glitch related to closing message edits.,11330,Fix,ss62171,1,1
ed381763f0,mypy: Fix incorrect mypy annotation in migration.,11330,Fix,ss62171,1,1
a36cf3b492,migrations: Fix missing select_related in RealmAuditLog migration.,11330,Fix,ss62171,1,1
5e5ca48063,markdown.js: Fix inconsistent #**stream** on new line.,11330,Fix,ss62171,1,1
0718eb5220,mypy: Fix Optional typing in do_update_message_flags.,11330,Fix,ss62171,1,1
a05de7ce84,settings: Fix Display Settings categorized as Language Settings.,11330,Fix,ss62171,1,1
ec669a0c45,markdown.js: Fix inconsistent user mention on new line.,11330,Fix,ss62171,1,1
a610cec8fc,migrations: Fix migration numbering.,11330,Fix,ss62171,1,1
563847e5fe,settings: Redesign and responsively fix account settings.,11330,Fix,ss62171,1,1
330a3bd144,setttings: Indent display settings checkboxes and fix header styles.,11330,Fix,ss62171,1,1
8512218899,frontend: Fix ARIA state and property values must be valid.,11330,Fix,ss62171,1,1
e5926d562e,/help/: Fix responsiveness on mobile.,11330,Fix,ss62171,1,1
45bc220796,notifications: Fix relative stream links in missed message emails.,11330,Fix,ss62171,1,1
cef6285eee,logrotate: Fix whitespace in logrotate configuration.,11330,Fix,ss62171,1,1
d31686b576,docs: Fix typos in git-guide.md.,11330,Fix,ss62171,1,1
1dba70ca0d,search_suggestion: Fix highlighting for multi-word streams.,11330,Fix,ss62171,1,1
6be210052e,frontend: Fix label 'for' attribute to include correct name.,11330,Fix,ss62171,1,1
786b339b96,email_mirror: Fix exception for emails with no valid content type.,11330,Fix,ss62171,1,1
e29893a420,Fix indentation for templates/zerver/integrations/index.html.,11330,Fix,ss62171,1,1
a7e2e9512b,landing-page: Fix individual integration display on mobile.,11330,Fix,ss62171,1,1
42ac7fa5cc,server_events: Fix the updation code for `add_emoji_by_admins_only`.,11330,Fix,ss62171,1,1
6a914c83ef,docs: Fix indentation of DocPageTest.,11330,Fix,ss62171,1,1
6100d43339,test_subs/test_users: Fix breaking tests due to regressions.,11330,Fix,ss62171,1,1
5acc7506ac,test_users: Fix GetProfileTest to test its original purpose.,11330,Fix,ss62171,1,1
f724900e68,install-node: Fix provisioning when node/npm don't exist.,11330,Fix,ss62171,1,1
f75b72ef07,test-migrations: Fix error code bug.,11330,Fix,ss62171,1,1
32af1ed7b4,casper: Fix nondeterministic failures in realm creation tests.,11330,Fix,ss62171,1,1
05a21b3729,compose.js: Fix Jquery selector to use more prominent syntax.,11330,Fix,ss62171,1,1
e926f72bea,notifications: Fix broken rendering of realm emoji in missed message emails.,11330,Fix,ss62171,1,1
9657c4c176,casper: Fix flaky realm creation test.,11330,Fix,ss62171,1,1
a4a654034c,errors: Fix paths to error page art.,11330,Fix,ss62171,1,1
f2379d66a2,i18n: Fix capitalization of Zulip Botserver download code.,11330,Fix,ss62171,1,1
4b765ae304,i18n: Fix a smattering of strings that weren't getting translated.,11330,Fix,ss62171,1,1
3467a39cbd,RateLimitFilter: Fix issues with unicode exceptions.,11330,Fix,ss62171,1,1
bd664b0dd5,portico: Fix background color; remove need for bg-image classes.,11330,Fix,ss62171,1,1
dbabe3fd37,add_users_to_streams: Fix check for all_users option.,11330,Fix,ss62171,1,1
05c190a97c,Fix new-login emails for iOS not identifying OS correctly.,11330,Fix,ss62171,1,1
d6e0960ca2,push_notifications: Fix mypy annotation logic around push tokens.,11330,Fix,ss62171,1,1
a55cb919ff,install-node: Fix errors in case node or npm is not installed.,11330,Fix,ss62171,1,1
73b05cdbb2,actions: Fix logging issue with unicode in check_message errors.,11330,Fix,ss62171,1,1
b32dfd99fd,integrations: Fix configuration for phabricator.,11330,Fix,ss62171,1,1
4f762dd27b,keyboard_shortcuts: Fix capitalization of new heading.,11330,Fix,ss62171,1,1
155f3d42c8,test: Fix test_i18n.test_json_error().,11330,Fix,ss62171,1,1
1b616d761e,settings: Fix email input whitespace issue.,11330,Fix,ss62171,1,1
efc2df168c,subs: Fix the autocomplete suggestions while adding subscribers.,11330,Fix,ss62171,1,1
1ea9a23f95,emails: Fix two grammar nits.,11330,Fix,ss62171,1,1
59d2eae946,signals: Fix browser reporting for new Electron logins.,11330,Fix,ss62171,1,1
4cb8ac100a,emoji: Fix the title and alt text for unicode emojis.,11330,Fix,ss62171,1,1
2eb6c49a89,github_webhook: Fix a typo to handle issues event properly.,11330,Fix,ss62171,1,1
92fefa0e7e,Fix a grammatical error in status change message.,11330,Fix,ss62171,1,1
a103949c2b,i18n.js: Fix issue of i18n stub not returning 'translated: ' prefix.,11330,Fix,ss62171,1,1
4d84be16ca,i18n.js: Fix issue with i18n being cleaned up in namespace cleanup.,11330,Fix,ss62171,1,1
efa1cf6fb5,subs: Fix the traceback when an user subscribes/unsubscribes.,11330,Fix,ss62171,1,1
198c363b89,Fix errors in create-test-api-docs.,11330,Fix,ss62171,1,1
2f4091b38d,api: Fix caps in JSON validation error message.,11330,Fix,ss62171,1,1
67433691a9,templates: Fix typo in error message.,11330,Fix,ss62171,1,1
6357737978,get_device_browser: Fix Opera detection.,11330,Fix,ss62171,1,1
7e43cd5624,get_device_browser: Fix browser string for mobile.,11330,Fix,ss62171,1,1
fc11615f55,google-calendar: Fix typo and improve Markdown.,11330,Fix,ss62171,1,1
add869edcb,node tests: Fix line length.,11330,Fix,ss62171,1,1
29fa89273e,docs: Fix formatting in the Swagger YAML file.,11330,Fix,ss62171,1,1
7ac90ad925,casper: Fix flake in drafts tests.,11330,Fix,ss62171,1,1
7ccdc319c7,help: Fix typos in the guide for new organizations.,11330,Fix,ss62171,1,1
df3edbaf79,travis: Fix the order of running the test suites in Travis CI.,11330,Fix,ss62171,1,1
dd0eca3e58,integrations/perforce: Fix formatting of multiple paragraphs.,11330,Fix,ss62171,1,1
0994726035,composebox_typeahead: Fix the behavior on inserting an emoji on new-line.,11330,Fix,ss62171,1,1
4912acf409,composebox_typeahead: Fix the autcomplete behavior while editing message.,11330,Fix,ss62171,1,1
ec4276cc6c,bots: Fix github details bot.,11330,Fix,ss62171,1,1
0ed4e22e54,docs: Fix lint/whitespace errors in GCI docs.,11330,Fix,ss62171,1,1
15b058121f,docs: Fix linking & typos in WIP PR section in git-guide.,11330,Fix,ss62171,1,1
7b146fa56f,frontend: Fix unnecessary positive tabindex assignments.,11330,Fix,ss62171,1,1
c85446c8bf,frontend: Fix deprecated Windows 7 app link.,11330,Fix,ss62171,1,2
fd41a481e4,linter: Fix `include_only` rule path comparison.,11330,Fix,ss62171,1,1
005037830c,test_auth_backends: Fix indentation.,11330,Fix,ss62171,1,1
aee130bf06,subs: Fix the real-time sync when adding/removing the subscribers.,11330,Fix,ss62171,1,1
22199d6044,docs: Fix code snippet typo in git-guide.md.,11330,Fix,ss62171,1,1
d2b3a52812,requirements: Fix dependencies for cryptography.,11330,Fix,ss62171,1,1
bccd2caacb,testing: Fix search key.,11330,Fix,ss62171,1,1
387f37c15e,popovers.js: Fix keyboard shortcuts with copying link.,12535,Keyboard shortcut,YashRE42,1,1
387f37c15e,popovers.js: Fix keyboard shortcuts with copying link.,11330,Fix,ss62171,1,1
d5bcfc415d,emoji_picker.js: Fix popover icon that persists after exit.,11330,Fix,ss62171,1,1
801e4f6f6e,popovers.js: Fix chevron that persists when exiting.,11330,Fix,ss62171,1,1
6c722843ef,node tests: Fix namespace leaks related to require().,11330,Fix,ss62171,1,1
f32c1892ff,preview.py: Fix error raised on uploading file with unicode filename.,11330,Fix,ss62171,1,1
2d06a280b6,Fix broken IIFE link.,11330,Fix,ss62171,1,1
52c351aa27,docs: Fix trailing whitespace in git-guide.md.,11330,Fix,ss62171,1,1
a9622b0e4f,Fix lint error from recent commit (error_data).,11330,Fix,ss62171,1,1
115bd3ea3c,docs: Fix broken link.,11330,Fix,ss62171,1,1
c802967808,webhooks/travis: Fix typos in docs.,11330,Fix,ss62171,1,1
6c0dfa7f8f,node tests: Fix format in markdown.js tests.,11330,Fix,ss62171,1,1
5f299328b0,mypy: Fix likely typeshed warning with readfp.,11330,Fix,ss62171,1,1
1043cd7a2b,docs: Fix tests for error pages.,11330,Fix,ss62171,1,1
0e8f1f4e5d,alert_words: Fix the UI to not allow users to create duplicate alert words.,11330,Fix,ss62171,1,1
947f6e9190,casper_tests: Fix the broken alert words casper tests.,11330,Fix,ss62171,1,1
94fc7dfe20,alert_words_ui: Fix the data flow while removing an alert word.,11330,Fix,ss62171,1,1
049bc02778,alert_words_ui.js: Fix the data flow while adding alert word.,11330,Fix,ss62171,1,1
9a38b51254,check-templates: Fix filter condition in Jinja2 template linting.,11330,Fix,ss62171,1,1
4444960c6f,api.html: Fix broken link to our PyPI package.,11330,Fix,ss62171,1,1
d2f0e17454,linter: Fix bug resulting in <pre> being indented cyclically.,11330,Fix,ss62171,1,1
ea6a04781b,streams-modal: Fix styling around stream accessibility option.,11330,Fix,ss62171,1,1
357105a4c1,docs: Fix recently changed URLs to Python packaging guide.,11330,Fix,ss62171,1,1
2ae1e7f5e6,docs: Fix broken mailgun link.,11330,Fix,ss62171,1,1
f4484bd7e2,docs: Fix broken links to old chinese language code.,11330,Fix,ss62171,1,1
c1599a1463,streams-modal: Fix back arrow on streams modal.,11330,Fix,ss62171,1,1
736f4c2930,zjquery: Fix missing wrapper from last commit.,11330,Fix,ss62171,1,1
8da391b51e,zjquery: Fix chaining semantics.,11330,Fix,ss62171,1,1
bf2cfa8073,docs: Fix mispelled tool name in translating.md.,11330,Fix,ss62171,1,1
8ea7d01aed,docs: Fix ToS link in prod-mobile-push-notifications.,11330,Fix,ss62171,1,1
75c72552db,docs: Fix quoting of push bouncer URL.,11330,Fix,ss62171,1,1
b805f21f80,README: Fix some formatting and add some links in final section.,11330,Fix,ss62171,1,1
27009e9708,util.js: Fix prefix_sort logic to not mutate input.,11330,Fix,ss62171,1,1
ae7781dd76,Fix bug in pep8 linter.,11330,Fix,ss62171,1,1
24b1efc74e,Fix pep8 linter bug.,11330,Fix,ss62171,1,1
d3df4307d3,test-bots: Fix lint errors.,11330,Fix,ss62171,1,1
0aaf434176,settings/bots: Fix broken tooltip.,11330,Fix,ss62171,1,1
4056ae9cc9,composebox_typeahead: Fix stream typeahead highlighting.,11330,Fix,ss62171,1,1
f7b604f9be,webhooks: Fix unnecessary/buggy translation string.,11330,Fix,ss62171,1,1
a596878fe1,docs: Fix header structure in bots-guide.md.,11330,Fix,ss62171,1,1
d18e0bcdca,log2zulip: Fix paths to the rest of the project.,11330,Fix,ss62171,1,1
f724c0fbd3,hotkey: Fix 'P' hotkey narrowing to use first unread message.,11330,Fix,ss62171,1,1
47465ea51a,message_list: Fix missing date boundaries for newly sent messages.,11330,Fix,ss62171,1,1
edfe595bf2,notifications: Fix incorrect narrowing behavior on Firefox.,11330,Fix,ss62171,1,1
bd81f66e01,settings: Fix ugly exclamation on default streams errors.,11330,Fix,ss62171,1,1
d2079cbb2e,streams: Fix leaking private streams after last user is removed.,11330,Fix,ss62171,1,1
d21756c396,streams: Fix default streams list not updating on deactivation.,11330,Fix,ss62171,1,1
eb25c6be87,user_info_popover: Fix incorrect icon for sending a private message.,11330,Fix,ss62171,1,1
b70986469c,generate_secrets: Fix handling of missing trailing newlines.,11330,Fix,ss62171,1,1
8d6af030c0,bugdown: Fix modal_link.,11330,Fix,ss62171,1,1
ba74d74dca,lint: Fix incorrectly placed docstring.,11330,Fix,ss62171,1,1
e0d4eada4e,travis: Fix zulip-npm-cache in Travis CI.,11330,Fix,ss62171,1,1
acd986d959,integrations: Fix custom topic of hellosign integration.,11330,Fix,ss62171,1,1
d9b8da2483,docs: Fix emoji cache setup when not using provision.py.,11330,Fix,ss62171,1,1
6121a7ebd4,docs: Fix validation in the Swagger YAML file.,11330,Fix,ss62171,1,1
c250c8647d,gear_menu: Fix traceback accessing i18n before it is initialized.,11330,Fix,ss62171,1,1
9e0749ad82,email-mirror-postfix: Fix mypy errors.,11330,Fix,ss62171,1,1
1f48fa2767,invite: Fix invite_by_admins_only to be enforced in backend.,11330,Fix,ss62171,1,1
d36e528fdd,minor: Fix comment in unread.get_counts().,11330,Fix,ss62171,1,1
8aa2949b4d,settings: Fix traceback on opening emoji settings tab.,11330,Fix,ss62171,1,1
2efecd4809,webpack: Fix webpack-dev-server to not inline serve bad sockjs url.,11330,Fix,ss62171,1,1
fc0fb66d28,emoji: Fix realm emoji not appearing in settings page when reopened.,11330,Fix,ss62171,1,1
1dae2af7b0,Fix ARIA markup for settings menu,11330,Fix,ss62171,1,1
b81e7ad51f,hotkeys: Fix arrow key navigation in Streams modal.,11330,Fix,ss62171,1,1
6ee08e0602,casper: Fix waiting condition in message deletion tests.,11330,Fix,ss62171,1,1
eb1a22a1d2,webpack: Fix webpack-dev-server urls for external resources.,11330,Fix,ss62171,1,1
9f17bded92,Fix minor errors in bots-guide.,11330,Fix,ss62171,1,1
1f4e1ece3a,Fix flaky time-based test.,11330,Fix,ss62171,1,1
9d7e6b1b48,events: Fix race with realm_waiting_period_threshold changes.,11330,Fix,ss62171,1,1
4a8eb8775f,docs: Fix a link on accessibility page.,11330,Fix,ss62171,1,1
c864bb59c6,apps: Fix typo in template syntax.,11330,Fix,ss62171,1,1
d9b23b39d3,mypy: Fix strict-optional in analytics.,11330,Fix,ss62171,1,1
c12023840d,contrib_bots: Fix python 3 lint errors.,11330,Fix,ss62171,1,2
2311e169ec,mypy: Various strict-optional fixes in zerver.,11330,Fix,ss62171,1,1
f5373c46f2,lint: Fix trailing newlines in outgoing webhook tests.,11330,Fix,ss62171,1,1
8e978df957,mypy: Fix missing import from recent mypy merge.,11330,Fix,ss62171,1,1
1477a9102d,mypy: Fix return annotation; json_method_not_allowed.,11330,Fix,ss62171,1,1
7053103896,Fix registration email field label association,11330,Fix,ss62171,1,1
f1eb8545b8,katex: Fix line height of inline math.,11330,Fix,ss62171,1,1
115b2f6b6b,node tests: Fix indentation.,11330,Fix,ss62171,1,1
9ab0a8be6a,mypy: Fix strict optional in zerver/views.,11330,Fix,ss62171,1,1
55b4a3792d,lint: Fix violation in the GitHub webhook view.,11330,Fix,ss62171,1,1
f4617d0408,mypy: Fix a few webhook tests to work with strict-optional.,11330,Fix,ss62171,1,1
d7db7aa84f,api-docs: Fix line break in API keys section.,11330,Fix,ss62171,1,1
74ad90533d,node: Fix missing bot_data initialization.,11330,Fix,ss62171,1,1
c3c7874e3f,bots: Fix unit tests not running in Vagrant.,11330,Fix,ss62171,1,1
c1a8fb615c,mypy: Fix strict-optional errors in webhooks directory.,11330,Fix,ss62171,1,1
8ab6a23a30,Fix most strict-optional issues in export.py.,11330,Fix,ss62171,1,1
690b6025fb,mypy: Fix return type of a function.,11330,Fix,ss62171,1,1
6aaca44e17,tests: Fix str/Text mypy issues in various tests.,11330,Fix,ss62171,1,1
ccc70445d6,mypy: Fix strict-optional errors for test files.,11330,Fix,ss62171,1,1
17328a7557,tests: Fix incorrect use of get_realm_by_email_domain.,11330,Fix,ss62171,1,1
895d4a795b,mypy: Fix a missing type annotation.,11330,Fix,ss62171,1,1
40fa0f64f6,docs: Fix indentation.,11330,Fix,ss62171,1,1
bd5fba4a64,docs: Fix inheritance in /messages/{message_id}.,11330,Fix,ss62171,1,1
55664b1a93,docs: Fix JsonResponse definition.,11330,Fix,ss62171,1,1
8aaf9b1426,"Revert ""Fix emoji cache setup when not using provision.py.""",11330,Fix,ss62171,1,1
d5d6d47287,Fix unread counts for Group PMs.,11330,Fix,ss62171,1,1
ed82f6f3d0,contrib_bots: Fix lint errors in virtual_fs.py.,11330,Fix,ss62171,1,1
9f329f6597,docs: Fix JsonSuccess and JsonError models.,11330,Fix,ss62171,1,1
90301a4d93,docs: Fix indentation in lines started with a hyphen.,11330,Fix,ss62171,1,1
42f9cdcc78,bots: Fix googlesearch bot exceptions and add readme.,11330,Fix,ss62171,1,1
74069561f1,bots: Fix converter bot.,11330,Fix,ss62171,1,1
109c5c677a,mypy: Fix return value annotation for google_oauth2_csrf.,11330,Fix,ss62171,1,1
17f87cfc9e,mypy: Fix missing Optional on process_exception.,11330,Fix,ss62171,1,1
315a9ee72e,handlers: Fix type of zulip_finish.,11330,Fix,ss62171,1,1
207c30fc9c,"Revert ""settings: Fix missing status report when waiting period disabled.""",11330,Fix,ss62171,1,1
a25e7451f6,settings: Fix missing status report when waiting period disabled.,11330,Fix,ss62171,1,1
4c4444b2dc,zerver/lib/actions: Fix PEP8 E712 error.,11330,Fix,ss62171,1,1
796cf8e5fd,mypy: Fix a buggy annotation in create_mirrored_message_users.,11330,Fix,ss62171,1,1
a833fa39b8,test_messages: Fix tests failing due to error message change.,11330,Fix,ss62171,1,1
fe1fc45a9e,"bots: Fix help bot replies in private chat, including 3+ users.",11330,Fix,ss62171,1,2
dd55d5b683,mypy: Fix bad type annotation,11330,Fix,ss62171,1,1
09e1136cc8,mypy: Fix casing for List type.,11330,Fix,ss62171,1,1
c955028350,gear_menu.js: Fix typo.,11330,Fix,ss62171,1,1
454421e098,bot_lib: Fix indentation.,11330,Fix,ss62171,1,1
e1f6b8135f,docs: Fix long lines in accessibility document.,11330,Fix,ss62171,1,1
835f0c9961,HTML: Fix duplicate useless IDs in message_edit_form.,11330,Fix,ss62171,1,1
c2c7377719,Fix documentation for Debian Jessie,11330,Fix,ss62171,1,1
ab2cfadcaa,Fix emoji cache setup when not using provision.py.,11330,Fix,ss62171,1,1
7eaa1fa0d0,create-production-venv: Fix symlink creation.,11330,Fix,ss62171,1,1
a88ca9fafc,emoji-reactions: Fix reactions to not break inline-block display.,11330,Fix,ss62171,1,1
e12d3100db,settings: Fix whitespace leak in organization description.,11330,Fix,ss62171,1,1
6e66495c38,auth: Fix authentication methods checkboxes disabling.,11330,Fix,ss62171,1,1
bf97734c57,reactions: Fix broken rendering of flag emojis in reactions.,11330,Fix,ss62171,1,1
a549013c50,emoji_pickers: Fix broken flag emojis.,11330,Fix,ss62171,1,1
11adbf5783,generate_secrets: Fix placement of mypy type: ignore.,11330,Fix,ss62171,1,1
a6af57e90d,css: Fix floating recipient bar border appearing when bar hidden.,11330,Fix,ss62171,1,1
24cbd61131,css: Fix KaTeX summation alignment and line wrapping.,11330,Fix,ss62171,1,1
b01ba5f389,generate_secrets: Fix mypy errors.,11330,Fix,ss62171,1,1
b64a4f9291,minify-js: Fix failure to update JS files on Git deploys.,11330,Fix,ss62171,1,1
feda8cd012,css: Fix missing top border in PM recipient bars.,11330,Fix,ss62171,1,1
d1fb4aa130,css: Fix missing right border in PM recipient bars.,11330,Fix,ss62171,1,1
0d28d5d808,build_emoji: Fix the spritesheet CSS generation code.,11330,Fix,ss62171,1,1
0667297c6e,build_emoji: Fix the coloring of the white emojis.,11330,Fix,ss62171,1,1
c549dea9ac,bugdown: Fix the regex used for unicode emoji matching.,11330,Fix,ss62171,1,1
f8824ea623,bugdown: Fix the `unicode_emoji_to_codepoint()` function.,11330,Fix,ss62171,1,1
fb2647397b,landing: Fix navigation to not link to registration.,11330,Fix,ss62171,1,1
f4a049110f,navigate: Fix incorrect reference to narrow.stream().,11330,Fix,ss62171,1,1
2007144c23,css: Fix arrangement of streams in new user invitations.,11330,Fix,ss62171,1,1
6f7b973d3b,settings: Fix error handler for  Default Streams.,11330,Fix,ss62171,1,1
07ecf971c6,Fix accounts_home and login to display no-password correctly.,11330,Fix,ss62171,1,1
76f68e9836,Fix buggy update_streams_sidebar().,11330,Fix,ss62171,1,1
c125ba1d08,Fix how we find if streams are muted.,11330,Fix,ss62171,1,1
1bea4da0f4,org settings: Fix minor styling inconsistencies.,11330,Fix,ss62171,1,1
f36000d670,docs: Fix last reference to old fixtures directory structure.,11330,Fix,ss62171,1,1
acb3c1e7ff,test_templates: Fix errors from compare.html template.,11330,Fix,ss62171,1,1
51978d0f89,tests: Fix failing login tests.,11330,Fix,ss62171,1,1
34ffda9a1e,docs: Fix a bunch of documentation build warnings.,11330,Fix,ss62171,1,1
72abd4f12d,mentions: Fix subject line and sender for missed-message mentions.,11330,Fix,ss62171,1,1
f25d7dd721,settings: Fix spelled of muted topics message.,11330,Fix,ss62171,1,1
e294035c93,Fix table display.,11330,Fix,ss62171,1,1
35a5ca411a,emoji: Fix scaling of realm emoji in reactions.,11330,Fix,ss62171,1,1
6eada74bfe,portico: Fix exception if no realm description is set.,11330,Fix,ss62171,1,1
a9031fe7b3,Fix some bugs for changing stream privacy.,11330,Fix,ss62171,1,1
52059d21a4,product-pages: Fix broken click target on .hamburger.,11330,Fix,ss62171,1,1
e8eaec0a18,mypy: Fix various errors caught by removing cache_with_key.,11330,Fix,ss62171,1,1
e55b4b0d43,invites: Fix buggy access to non-existant user_profile.name.,11330,Fix,ss62171,1,1
a85c066722,confirmation: Fix race with invite and email change.,11330,Fix,ss62171,1,1
b595ec6fbe,zephyr_mirror: Fix buggy zephyr_mirror_backend import.,11330,Fix,ss62171,1,1
248785e66e,integrations: Fix missing links to non-webhook integrations.,11330,Fix,ss62171,1,1
e3505bd5ae,avatar: Fix memcached query loop fetching messages.,11330,Fix,ss62171,1,1
0990246289,avatar: Fix memcached query loop fetching bots.,11330,Fix,ss62171,1,1
8e47dc73bd,avatar: Fix loop doing database queries in register.,11330,Fix,ss62171,1,1
676d4f32fc,avatar_url: Fix unnecessary database query.,11330,Fix,ss62171,1,1
e94586adb4,puppet: Fix path to events_deliver_enqueued_emails.log.,11330,Fix,ss62171,1,1
3d5350408b,css: Fix vertical alignment of global filter counts..,11330,Fix,ss62171,1,1
242eb9b346,portico-sidebar: Fix sidebar logo to be current logo.,11330,Fix,ss62171,1,1
23b7be90c2,Fix console errors with closing settings.,11330,Fix,ss62171,1,1
bd3e338c35,templates: Fix URL coverage for new files.,11330,Fix,ss62171,1,1
fc24a56fc5,test_docs: Fix expected text in /hello page.,11330,Fix,ss62171,1,1
df6dba9673,test_home: Fix expected text in /hello page.,11330,Fix,ss62171,1,1
ee16abaf3b,analytics: Fix sort function in views.sort_client_labels.,11330,Fix,ss62171,1,1
2f6edf47bc,Fix code format of modals.js.,11330,Fix,ss62171,1,1
d63fdf5bc6,Fix Twitter bot breaking layout with long words/links.,11330,Fix,ss62171,1,1
925ee8c0f1,Add a send_email function that takes a template_prefix and context.,11330,Fix,ss62171,1,1
d3c05eaf42,templates: Fix alignment issue deactivated users table.,11330,Fix,ss62171,1,1
1a89928999,docker: Fix setting owner of /srv/zulip inside container.,11330,Fix,ss62171,1,1
aee7475319,cache: Add KEY_PREFIX to recipient cache.,11330,Fix,ss62171,1,1
c62150c097,testing: Bounce redis key prefix per test.,11330,Fix,ss62171,1,1
4d543217ba,cache: Take hash of KEY_PREFIX to limit key size.,11330,Fix,ss62171,1,1
3d0cf35f49,message_edit.js: Fix bug with ctrl+enter hotkey not working.,11330,Fix,ss62171,1,1
106d83c75a,password reset: Fix buggy template quoting.,11330,Fix,ss62171,1,1
e219dda071,reload: Fix tracebacks on browsers without local storage.,11330,Fix,ss62171,1,1
ecb8d3c7fa,password reset: Fix weird translation tags.,11330,Fix,ss62171,1,1
55b1d480ec,Fix avatar sizing issue.,11330,Fix,ss62171,1,1
48ac49385e,Fix lack of uniformity with box content layout.,11330,Fix,ss62171,1,1
58d00af6c3,portico-pages: Fix flex height issues with content.,11330,Fix,ss62171,1,1
0a32d9efa3,email: Fix filenames of notify_change_in_email templates.,11330,Fix,ss62171,1,1
326f9a8506,email: Fix zephyr mirror registration email not working with subdomains.,11330,Fix,ss62171,1,1
4027adb6cc,email: Fix naming of mituser_invite_email files.,11330,Fix,ss62171,1,1
e89c5e4129,email: Fix naming of mituser_confirmation_email files.,11330,Fix,ss62171,1,1
5d6724345a,Fix scrollbar stylining for reactions picker.,11330,Fix,ss62171,1,1
f4262e0169,"message_edit: Fix exception closing ""view source"".",11330,Fix,ss62171,1,1
03b7be17a6,settings: Fix unnecessary/ugly exclamations in error messages.,11330,Fix,ss62171,1,1
0785c377a4,zephyr: Fix link to webathena login from error bar.,11330,Fix,ss62171,1,1
4762673929,Fix how we calculate fields in stream_data.js.,11330,Fix,ss62171,1,1
92978d6fb2,analytics: Fix --utc argument in update_analytics_counts.py.,11330,Fix,ss62171,1,1
8d0f48a71f,mypy: Fix duplicate annotation in test_narrow.,11330,Fix,ss62171,1,1
a0e276c54a,settings: Fix autocomplete in email change form.,11330,Fix,ss62171,1,1
a7f85739a9,login: Fix extra '.' in template after wrong_subdomain_error.,11330,Fix,ss62171,1,1
f9d1bff167,Fix textarea resize for editing messages.,11330,Fix,ss62171,1,1
0566b8dd73,auth: Fix prams typo in Google auth code path.,11330,Fix,ss62171,1,1
62d530196b,Fix test_sort_streams().,11330,Fix,ss62171,1,1
331207a02b,create_realm: Fix heading for creating an organization.,11330,Fix,ss62171,1,1
18f2a7428f,Fix missing aggregated info in real-time sync race for presence.,11330,Fix,ss62171,1,1
2fce6a4dc3,message-feed: Fix message drag uncaught errors.,11330,Fix,ss62171,1,1
5d7aa4fae7,hashchange: Fix buggy narrowing to wrong message.,11330,Fix,ss62171,1,1
cb6373210b,logging_handlers: Fix tracebacks being emailed in subject lines.,11330,Fix,ss62171,1,1
faf47fe147,lint: Fix gitlint checking commits in master but not in the branch.,11330,Fix,ss62171,1,1
b6094b8e91,logging_handlers: Fix missing host key in queue errors.,11330,Fix,ss62171,1,1
427629ca4c,emoji: Fix strings in migration 0076.,11330,Fix,ss62171,1,2
1f0c4e5fb3,email mirror: Fix mypy annotation error.,11330,Fix,ss62171,1,1
e3e52e7284,email-mirror: Move postfix email mirror integration to separate script.,11330,Fix,ss62171,1,1
744f4aa663,Fix modals dependency cycle.,11330,Fix,ss62171,1,1
2adf641b72,Fix provisioning failing due to partial downloads.,11330,Fix,ss62171,1,1
a67ade2419,lint: Fix gitlint test due to non-deterministic git range.,11330,Fix,ss62171,1,1
6ec32b37c3,lint: Fix lint rule error due to unordered list.,11330,Fix,ss62171,1,1
f4a4c23380,KaTeX: Fix path to KaTeX bundle in production.,11330,Fix,ss62171,1,1
7d8d9c1bf9,Fix message-edit animations being displayed after sending.,11330,Fix,ss62171,1,1
e7974b3b65,git: Fix nondeterministic ordering of commit authors.,11330,Fix,ss62171,1,1
f3c36147d9,/me: Fix alignment of name with non-/me messages.,11330,Fix,ss62171,1,1
323ff6edca,/me: Fix presentation and markup for /me statuses.,11330,Fix,ss62171,1,1
1cfebdcb84,forms: Fix minor pep-8 lint error.,11330,Fix,ss62171,1,1
8f5dfffe39,testing: Fix test_update_invalid_value.,11330,Fix,ss62171,1,1
8343d80873,Fix mobile home view returning messages older than the pointer.,11330,Fix,ss62171,1,1
0f855b84cc,attachment: Add migration to fix duplicate attachment objects.,11330,Fix,ss62171,1,1
08e4a67fa5,tests: Fix occasionally breaking tests.,11330,Fix,ss62171,1,1
cf2897d758,test_home: Fix test_handlebars_compile_error mock request.,11330,Fix,ss62171,1,1
1e8bd51608,integrations: Fix warped Zendesk logo.,11330,Fix,ss62171,1,1
eae91eab08,Fix internals of message_store.get_pm_emails().,11330,Fix,ss62171,1,1
31e7472cdb,Fix quirk with message_store.get_pm_full_names().,11330,Fix,ss62171,1,1
e9e1441217,Fix warnings related to email changes.,11330,Fix,ss62171,1,1
a282cbb493,"emails: Fix typo in spelling of ""recognize"".",11330,Fix,ss62171,1,1
4775f55ca7,"Fix spelling of ""occurred"" in various places.",11330,Fix,ss62171,1,1
c47dd65c14,Organization settings: Fix 'save changes' button on auth methods.,11330,Fix,ss62171,1,1
f08c8b1c56,Fix settings page height issue.,11330,Fix,ss62171,1,1
b45185562a,counts.py: Fix out of date comments.,11330,Fix,ss62171,1,1
fe8f63c389,message view: Fix rare cases where click-to-reply was not handled.,11330,Fix,ss62171,1,1
a417fd3c0b,MessageDictTest: Fix nondeterministic query counts.,11330,Fix,ss62171,1,1
622b7f00f7,test_runner: Fix unnecessary sleep(1) in database teardown.,11330,Fix,ss62171,1,1
f06bd41586,Fix PM list sort ordering during scrollback situations.,11330,Fix,ss62171,1,1
0fc7b9907f,Extract settings_org.js (and fix live updates).,11330,Fix,ss62171,1,1
76ec9cf60b,Fix bug with (un)subscribe button showing on wrong narrow.,11330,Fix,ss62171,1,1
1747427bf3,upload: Fix URL for realm icons with S3 backend.,11330,Fix,ss62171,1,1
b6da9e86d4,test_templates: Fix ToS/Privacy templates.,11330,Fix,ss62171,1,1
bf4d33793f,tests: Refactor test_realm to fix code duplication.,11330,Fix,ss62171,1,1
b39006655e,prod-requirements.md: Fix grammar.,11330,Fix,ss62171,1,1
d56100693d,profile-popover: Fix position to hide the pointed-to message border.,11330,Fix,ss62171,1,1
5ff87892ee,profile-popover: Fix extra padding in user-profile popovers.,11330,Fix,ss62171,1,1
17d32b959b,scroll-bar: Fix perfect-scrollbar scrolling improperly in more topics.,11330,Fix,ss62171,1,1
d540b2834d,test_events: Fix errors with Python 2.,11330,Fix,ss62171,1,2
3a1912e829,mypy: Fix missing documentation_crawler annotation.,11330,Fix,ss62171,1,1
3db61ecd20,settings-bots: Fix bots styling to prevent content from overflowing.,11330,Fix,ss62171,1,1
9387fce024,loading-spinner: Fix improper display in upload avatar setting.,11330,Fix,ss62171,1,1
aa10127cb6,loading-spinner: Fix position of spinner on home page.,11330,Fix,ss62171,1,1
97af418be2,subs: Fix going down from 'Filter streams'.,11330,Fix,ss62171,1,1
a935325420,settings: Fix positioning of user upload spinner.,11330,Fix,ss62171,1,1
f27b0231f1,api-docs: Fix JavaScript code sample.,11330,Fix,ss62171,1,1
35bb02ead6,Fix incorrect content height on settings overlay.,11330,Fix,ss62171,1,1
5501dafd2f,settings: Fix avatar settings 'float' property.,11330,Fix,ss62171,1,1
943a3b1cff,"alerts: Fix ""Try Now"" retry get_events button.",11330,Fix,ss62171,1,1
d8fad9587c,code-style.md: Fix typo for selected_related().,11330,Fix,ss62171,1,1
28a63da02f,Fix the grid labels to have a min-width of 200px.,11330,Fix,ss62171,1,2
400a2e0ff1,drafts: Fix faulty draft_model addDraft and editDraft tests,11330,Fix,ss62171,1,1
daed1fc2aa,user_info_popover_content: Fix padding issues.,11330,Fix,ss62171,1,1
9a9f0f86e9,test_messages: Fix sometimes incomplete coverage in StarTests.,11330,Fix,ss62171,1,1
0b87118b03,docs: Add explanation on small fixes in PRs.,11330,Fix,ss62171,1,1
5776ecfac2,test_audit_log: Fix unnecessary user creation.,11330,Fix,ss62171,1,1
5bf01fb7d4,create-production-venv: Fix issues with api/ relative path.,11330,Fix,ss62171,1,1
42265fe035,Fix '@' in userprofile popover to use font-awesome icon.,11330,Fix,ss62171,1,1
91962aa6ab,font-awesome: Fix font-awesome 4.7.0 upgrade in a hacky way.,11330,Fix,ss62171,1,2
18e66983c4,signals: Fix mypy error.,11330,Fix,ss62171,1,1
eb19a25aba,events: Fix races in stream creation event and add tests.,11330,Fix,ss62171,1,1
2b905d242d,events: Fix timezone realm-time sync and add test.,11330,Fix,ss62171,1,1
86e3d1effc,events: Fix default language realm-time sync and add test.,11330,Fix,ss62171,1,1
adcf8263d6,tests: Fix passing non-unicode strings to do_set_realm_property.,11330,Fix,ss62171,1,1
debb00b190,lint: Fix get_stream lint error in actions.py.,11330,Fix,ss62171,1,1
36988f9375,mypy: Fix Optional typing issues in tex.py.,11330,Fix,ss62171,1,1
69323d12c9,Fix click message_content covering bottom half of avatar.,11330,Fix,ss62171,1,1
17a4c5d0d8,Fix horizontal scroll for super long lines in bullet lists.,11330,Fix,ss62171,1,1
9866805937,docs: fix a typo in hashchange.js,11330,Fix,ss62171,1,1
65e8d66376,docs: hashchange-system: add more detail and fix some sentences.,11330,Fix,ss62171,1,1
e16b082b70,casper: Attempt to fix flakiness in new reload test.,11330,Fix,ss62171,1,1
b1afafb8d5,compose.html: Fix hotkey advice for New Private Message button.,11330,Fix,ss62171,1,1
04db0b5df0,reload: Fix passing data to next browser session.,11330,Fix,ss62171,1,1
ee4b948873,bankruptcy: Fix narrow being lost on declaring bankruptcy.,11330,Fix,ss62171,1,1
61e6ed8c31,bankruptcy: Fix clicking outside bankruptcy modal.,11330,Fix,ss62171,1,1
f3af0fe635,reactions: Fix reacting to messages on streams you're not subscribed to.,11330,Fix,ss62171,1,1
1f89058023,Fix broken size for message actions popover.,11330,Fix,ss62171,1,1
ccb38a1e9c,compose: Fix missing opts argument to show_box.,11330,Fix,ss62171,1,1
97bd9d5186,Fix positioning of message-info-popover.,11330,Fix,ss62171,1,1
0fec03f8bb,test_docs: Fix normal users test text.,11330,Fix,ss62171,1,1
4c88b3f5da,logging_util: Fix timezone-naive datetime being compared to aware datetime.,11330,Fix,ss62171,1,1
d21fe68e9e,streams: Fix content-editable cursor shifting to beginning.,11330,Fix,ss62171,1,1
956106ae92,streams: Fix closing of content-editable area on escape key press.,11330,Fix,ss62171,1,1
ff8ab054da,testing: Fix query count for test_bulk_subscribe_MIT.,11330,Fix,ss62171,1,1
01904385a4,Fix thrashing color when resubscribing to a stream.,11330,Fix,ss62171,1,1
a765b6e781,settings: Fix user edit form not being shown.,11330,Fix,ss62171,1,1
82ec083066,compose: Fix new topic button behavior in home view.,11330,Fix,ss62171,1,1
caef5332d5,mailchimp: Fix error in add_users_to_mailing_list.py.,11330,Fix,ss62171,1,1
8775a22663,avatar: Fix buggy avatar URL scheme with S3 backend.,11330,Fix,ss62171,1,1
a27f8f2f30,Fix up YouTube embed issues and styling.,11330,Fix,ss62171,1,1
9c38dc84a7,Change two console.log statements to one with prefixed newline.,11330,Fix,ss62171,1,1
920b082e08,Fix animation speed bug with > going at a different pace than text.,11330,Fix,ss62171,1,1
5e0a906f84,Fixes for /integrations/ page.,11330,Fix,ss62171,1,1
17597e2ddf,register: Fix maximum length of realm name field.,11330,Fix,ss62171,1,1
c87c67c33f,js deps: Fix ui.report_success().,11330,Fix,ss62171,1,1
c2c02ea4da,middleware: Fix typo in render_to_response migration.,11330,Fix,ss62171,1,1
cebaf140c6,subs: Fix stream descriptions rendering on creation.,11330,Fix,ss62171,1,1
32b77d970b,casper: Fix missing casper.then in subscriptions tests.,11330,Fix,ss62171,1,1
a903d28d78,subs: fix missing ; introduced by rebase error.,11330,Fix,ss62171,1,1
91252b3909,Fix alignment in actions drop-down menu.,11330,Fix,ss62171,1,1
0c0e5397c4,analytics: Fix nondeterministic ordering of labels.,11330,Fix,ss62171,1,1
02bd5bedce,Fix duplicate emoji entries in compose emoji picker.,11330,Fix,ss62171,1,1
29412cd06b,bug fix: Fix missing return statement in get_filter_li().,11330,Fix,ss62171,1,1
ceeb95ebb1,tests: Fix missing test coverage for /json/realm.,11330,Fix,ss62171,1,1
e2eeef5118,recipient_for_emails: Fix confusing type reuse.,11330,Fix,ss62171,1,1
5b0ff2a69a,mypy: Fix some strict-optional related issues.,11330,Fix,ss62171,1,1
2b62c4fa38,mypy: Fix missing annotation in Tornado handlers.,11330,Fix,ss62171,1,1
2c28e519d8,Fix un-tab-able links in gear menu.,11330,Fix,ss62171,1,1
9866124b78,mypy: Fix some new errors flagged by latest mypy master.,11330,Fix,ss62171,1,1
e0813c7288,collapse: Fix new messages not being collapsed consistently.,11330,Fix,ss62171,1,1
0a76a609ec,Fix bugs with handling of the empty narrow.,11330,Fix,ss62171,1,1
a5ecb5e5cf,docs: Fix minor link formatting.,11330,Fix,ss62171,1,1
ecea8c2d43,run-dev: Fix missing type annotation.,11330,Fix,ss62171,1,1
25488b550f,casper: Fix issues with server autoreloading on save.,11330,Fix,ss62171,1,1
871adc01e3,signup: Fix broken password strength checking.,11330,Fix,ss62171,1,1
5516c97a02,frontend: Fix translation string.,11330,Fix,ss62171,1,1
eb3304bf37,bots: Move Google search bot and fix bugs.,11330,Fix,ss62171,1,1
acef337c28,bug fix: Fix update-one-user regression in compose fading.,11330,Fix,ss62171,1,1
a32dc12a4f,lint: Fix PEP8 lint error in googlesearch.py.,11330,Fix,ss62171,1,1
d17a3531b3,Fix ui.home_tab_obscured call to not block scroll events.,11330,Fix,ss62171,1,1
202389d4a7,notifications: Fix incorrect advertising in missed-message emails.,11330,Fix,ss62171,1,1
1c5e9ae7f6,mypy: Fix unicode error in Jira webhook.,11330,Fix,ss62171,1,1
966e161fb2,Fix ui.home_tab_obscured to detect modals open.,11330,Fix,ss62171,1,1
6ddf3abe40,Fix pointer events in #settings overlay form sidebar.,11330,Fix,ss62171,1,1
87981a2bf1,analytics: Fix direct import of models in migrations.,11330,Fix,ss62171,1,1
ebebd04587,analytics: Fix ValueErrors affecting test coverage.,11330,Fix,ss62171,1,1
8a408a6cbc,popovers: Fix actions popover menu positioning.,11330,Fix,ss62171,1,1
1b2cbb0b85,casper: Fix incorrect wait condition for realm icons.,11330,Fix,ss62171,1,1
dc48b87765,home.py: Fix bug associated with email_changes_disabled.,11330,Fix,ss62171,1,1
57d026f4c9,"contrib bots: Rename bots to follow a consistent pattern. Files renamed with few changes to accomodate the change in path name of files. Fix few ""at-mention bot"" errors in docs.",11330,Fix,ss62171,1,1
cdb07c7005,Fix test_get_old_messages_with_narrow_pm_with.,11330,Fix,ss62171,1,1
11ad666397,tests: Fix docstring for test_signup_invalid_name.,11330,Fix,ss62171,1,1
dfa965717f,Fix drafts responsiveness issues.,11330,Fix,ss62171,1,1
a75c0dd248,"Enhance template parser for comments, Fix deep nesting in Jinja2.",11330,Fix,ss62171,1,1
b228cca377,linter: Fix periods in translatable strings.,11330,Fix,ss62171,1,1
60296c022c,test_messages: Attempt to fix flaky coverage again.,11330,Fix,ss62171,1,1
c2bee5a89b,auth: Fix fetch_auth_backends to properly report supported methods.,11330,Fix,ss62171,1,1
c5cae34512,tools: Fix test-capitalization dependence on Django.,11330,Fix,ss62171,1,1
7f5abcef9c,subs: Modify css to fix stream description cut off.,11330,Fix,ss62171,1,1
ce826e82c5,reactions: Fix click handler for reactions button.,11330,Fix,ss62171,1,1
ac20872f9d,request: Fix unnecessary translation tag for assertion.,11330,Fix,ss62171,1,1
8bdbcbc371,lint: Fix unnecessarily translated test file strings.,11330,Fix,ss62171,1,1
149b0c30df,capitalization: Fix Only Basic authentication is supported.,11330,Fix,ss62171,1,1
2894924ffb,capitalization: Fix Only Admins may now create new streams.,11330,Fix,ss62171,1,1
c0e92015fd,capitalization: Fix Only Admins may now add new emoji.,11330,Fix,ss62171,1,1
3b05937e86,capitalization: Fix API Key in documentation.,11330,Fix,ss62171,1,1
70aa443c25,stream_popover: Fix references to topic_ops.,11330,Fix,ss62171,1,1
5613358638,stream_popover: Fix hiding topic popover.,11330,Fix,ss62171,1,1
ae12f3dfd0,github: Fix URL in GitHub webhook documentation.,11330,Fix,ss62171,1,1
f63f251f8f,css: Fix styling and padding in mobile sidebars.,11330,Fix,ss62171,1,1
d420aa72b8,actions: Fix default domain for realm creation.,11330,Fix,ss62171,1,1
9c02e59b66,hotkey: Fix K/J being treated as hotkeys in compose.,11330,Fix,ss62171,1,1
e61b54b74a,Fix spacebar being broken in the compose box.,11330,Fix,ss62171,1,1
13e82f1a16,casper: Fix test failure due to recent capitalization change.,11330,Fix,ss62171,1,1
149ca79a2b,node: Fix test failure due to recent capitalization change.,11330,Fix,ss62171,1,1
b126d64ead,api: Fix API Keys capitalization.,11330,Fix,ss62171,1,1
f5a1b5d88f,capitalization: Fix Zulip Features.,11330,Fix,ss62171,1,1
4ab06a8645,capitalization: Fix Short Name.,11330,Fix,ss62171,1,1
a7ac0c69ac,capitalization: Fix Organization Type.,11330,Fix,ss62171,1,1
194ac99315,capitalization: Fix Log In.,11330,Fix,ss62171,1,1
7f129397a6,capitalization: Fix Bot Email.,11330,Fix,ss62171,1,1
d4228e8151,capitalization: Fix waiting period threshold changed.,11330,Fix,ss62171,1,1
22c1c13f38,capitalization: Fix View Source / Edit Topic.,11330,Fix,ss62171,1,1
935cacfc86,capitalization: Fix View Source.,11330,Fix,ss62171,1,1
523f8ecd79,capitalization: Fix Upload New Avatar.,11330,Fix,ss62171,1,1
3dd823b0af,capitalization: Fix Stream Name.,11330,Fix,ss62171,1,1
fdb709d0b7,capitalization: Fix No Drafts.,11330,Fix,ss62171,1,1
9faf73eaa9,capitalization: Fix Generate new API Key.,11330,Fix,ss62171,1,1
569418f0b4,capitalization: Fix Full Bot Name.,11330,Fix,ss62171,1,1
7d398f4ce3,capitalization: Fix Exit Tutorial.,11330,Fix,ss62171,1,1
7420d77cc3,capitalization: Fix Edit User.,11330,Fix,ss62171,1,1
1863ce41f1,capitalization: Fix Delete Avatar.,11330,Fix,ss62171,1,1
a67b405f3b,capitalization: Fix Delete Alert Word.,11330,Fix,ss62171,1,1
780e3d8d12,capitalization: Fix Deactivate Account.,11330,Fix,ss62171,1,1
6728d212a6,capitalization: Fix Copy from Stream.,11330,Fix,ss62171,1,1
33325d94ab,capitalization: Fix Change Password.,11330,Fix,ss62171,1,1
7973b7ffd2,capitalization: Fix Allow Subdomains.,11330,Fix,ss62171,1,1
0a41c12a07,capitalization: Fix Alert Word.,11330,Fix,ss62171,1,1
0d31bcc2f7,capitalization: Fix API Key.,11330,Fix,ss62171,1,1
841e81d21e,tests: Fix six.moves range import placement.,11330,Fix,ss62171,1,1
a55381b397,sessions: Fix missing typing imports.,11330,Fix,ss62171,1,1
7aa9dc3922,Fix test_templates failure with new landing-nav.html.,11330,Fix,ss62171,1,1
6dfbdec82c,lint: Fix closing tags in api.html.,11330,Fix,ss62171,1,1
84eb427c63,lint: Fix settings.py linewrapping.,11330,Fix,ss62171,1,1
72424f3a9f,realm-icon: Fix variable name for realm icon source.,11330,Fix,ss62171,1,1
d4a004c420,Fix enter key not deleting selected text in compose box.,11330,Fix,ss62171,1,1
6a8dfe1f3f,test_messages: Fix nondeterministic coverage issue.,11330,Fix,ss62171,1,1
ea4b9cb609,production-helper: Fix sorting queue workers by name.,11330,Fix,ss62171,1,1
fa9b8d8114,docs: Fix typos in events-system.md.,11330,Fix,ss62171,1,1
dcb14ec58e,jinja2: Fix mypy confusion caused by weird six import.,11330,Fix,ss62171,1,1
6f0564e9f4,python: Fix remaining bare excepts in codebase.,11330,Fix,ss62171,1,1
8c61bb69cc,casper: Fix flakiness with uploading realm icon.,11330,Fix,ss62171,1,1
56b1f79fe3,integrations: Fix email integration being listed unconditionally.,11330,Fix,ss62171,1,1
464928fdcc,bugdown: Fix mypy error with python 3 coverage.,11330,Fix,ss62171,1,2
a53240a47c,test_subs: Fix buggy assertion statement.,11330,Fix,ss62171,1,1
c73c3c52f8,test_email_mirror: Fix TestCommandMTA.,11330,Fix,ss62171,1,1
7a048133bf,docs: Fix typo in link to translating docs.,11330,Fix,ss62171,1,1
f7db3a7d3d,user docs: Fix broken link in *Upload and share files* doc.,11330,Fix,ss62171,1,1
d95412425a,generate_realm_creation_link: Fix line-wrapping of help text.,11330,Fix,ss62171,1,1
5488de11e6,migrations: Renumber 0059_userprofile_quota to fix conflict.,11330,Fix,ss62171,1,2
219c519186,migrations: Fix upgrade process for RealmAuditLog migration.,11330,Fix,ss62171,1,1
ab2ce9d5e9,lint: Fix whitespace error with recent mypy annotations.,11330,Fix,ss62171,1,1
0afe832fc7,check-rabbitmq-consumers: Fix typing import issue.,11330,Fix,ss62171,1,1
899b59e9d6,dev_settings: Fix linter error in recent mypy work.,11330,Fix,ss62171,1,1
2bbfdeeb7b,Fix more errors caught by mypy 0.501.,11330,Fix,ss62171,1,2
28d3af0965,Fix several new errors caught by mypy 0.501.,11330,Fix,ss62171,1,2
024168d85d,bug fix: Fix hotkeys for compose preview.,11330,Fix,ss62171,1,1
c388858e53,Fix timezone errors in ScheduledJob and digest creation filters.,11330,Fix,ss62171,1,1
9b11993fa7,settings: Fix need to reload when changing time format.,11330,Fix,ss62171,1,1
342c436c68,Fix propagation of lightbox body clicks closing compose box.,11330,Fix,ss62171,1,1
8b003aa48d,alert-words: Fix broken alert word UI.,11330,Fix,ss62171,1,1
ddc30b6650,Fix vertical centering of unread message counts.,11330,Fix,ss62171,1,1
31bf60d3d8,Fix accidentally overriding alt-left with edit-last-message hotkey.,11330,Fix,ss62171,1,1
d90f7c72a3,zephyr: Fix broken postgres regular expression logic and add tests.,11330,Fix,ss62171,1,1
bc38870136,preview: Fix adding links in message editing.,11330,Fix,ss62171,1,1
291cfa3c11,templates: Fix settings-sidebar.html usage.,11330,Fix,ss62171,1,1
49687272a9,bots: Fix indentation in bot_avatar_row.handlebars.,11330,Fix,ss62171,1,1
f0121973d2,bug fix: Fix error when admin renames a bot after reactivating it.,11330,Fix,ss62171,1,1
f0121973d2,bug fix: Fix error when admin renames a bot after reactivating it.,3689,bug fix: Fix error when admin renames a bot after reactivating it.,abhijeetkaur,1,1
85caa87492,tests: Fix test_doc_endpoints with reformatted HTML.,11330,Fix,ss62171,1,1
f140810ad9,Fix stray zerver/views/__init__.py in new-feature-tutorial.,11330,Fix,ss62171,1,1
8514df180b,README.md: fix https://www.zulip.org link,11330,Fix,ss62171,1,1
f6f2c62caf,zulip-puppet-apply: Fix running it as ./zulip-puppet-apply.,11330,Fix,ss62171,1,1
75e8cd5a6a,README.md: Document peer review stream. Fixes #3395.,11330,Fix,ss62171,1,1
fcfa3123d3,Fix compose box opening when clicking drafts button.,11330,Fix,ss62171,1,1
eed41bfd0a,Compare recipients using to_user_ids to fix live updates.,11330,Fix,ss62171,1,1
fc56141550,settings: Fix typo in icon upload.,11330,Fix,ss62171,1,1
5a204d7c84,subs: Fix capitalization in stream privacy modal.,11330,Fix,ss62171,1,1
b2b1977138,docs: Fix typo in new-feature-tutorial.md.,11330,Fix,ss62171,1,1
07d1637c96,frontend: Fix edit header display height.,11330,Fix,ss62171,1,1
5fc0c0b6ac,Fix the styling for drafts.,11330,Fix,ss62171,1,1
d09c8b42c1,docs: Update README.md with @zulipbot details. Fixes #3752.,11330,Fix,ss62171,1,1
64434e04a1,messages: Fix empty condition for muted streams.,11330,Fix,ss62171,1,1
05e7ab3a5a,test_narrow: Fix use_first_unread_anchor tests requesting 0 before/after.,11330,Fix,ss62171,1,2
6f0410774c,sqlalchemy: Fix most sqlalchemy deprecation warnings.,11330,Fix,ss62171,1,1
66f016edbb,zephyr: Fix zerver_message tables scans due to regex in queries.,11330,Fix,ss62171,1,1
fa31ad35c9,Fix display of changed avatars in old messages (page_params).,11330,Fix,ss62171,1,1
8de72184e1,Fix avatar message display regression from 1.5 release.,11330,Fix,ss62171,1,2
b81add60fe,check-rabbitmq-consumers: Fix queue_workers call.,11330,Fix,ss62171,1,1
03861e5418,docs: Fix typo in new-feature-tutorial.md.,11330,Fix,ss62171,1,1
aa6567ee34,queue_workers: Fix confusing --queue_type argument name.,11330,Fix,ss62171,1,1
19896460f0,nagios: Fix RabbitMQ Nagios checks running Django as root.,11330,Fix,ss62171,1,1
b05145d9d7,casper: Fix flaky 13-user-deactivation casper test.,11330,Fix,ss62171,1,2
7a75ed9c4a,message_edit: Fix timer text not decrementing.,11330,Fix,ss62171,1,1
dc0f6413f3,events: Fix include_subscribers=False race conditions.,11330,Fix,ss62171,1,1
620f1e444e,travis: Fix various bugs in new queue worker test.,11330,Fix,ss62171,1,1
eaaec4c908,reactions: Fix emoji picker scrollbar overflow issue.,11330,Fix,ss62171,1,1
87429e1ff9,"Fix typo in webhook ""Create documentation"" section.",11330,Fix,ss62171,1,1
e29663a2b3,compose: Fix behavior hitting enter with the preview area open.,11330,Fix,ss62171,1,1
08a7e0db44,render_messages: Fix buggy handling of edit history.,11330,Fix,ss62171,1,1
0383ff1dfd,lint: Fix homeassistant PEP8 violations.,11330,Fix,ss62171,1,1
32bfebeb7a,mypy: Fix inconsistencies in use of *args/**kwargs.,11330,Fix,ss62171,1,1
b63a8a7880,integrations: Fix mypy error.,11330,Fix,ss62171,1,1
b30fb37037,"Fix URL routing for users with email addresses starting with ""me"".",11330,Fix,ss62171,1,1
bbecd41376,help: Fix link to index page being present on index page.,11330,Fix,ss62171,1,1
6ba1cd797b,Fix regression in whitespace stripping at the start of messages.,11330,Fix,ss62171,1,1
6890f80383,user docs: Fix minor errors in *Star a message*.,11330,Fix,ss62171,1,1
b215a23456,bug fix: Fix stream deactivation being super slow.,11330,Fix,ss62171,1,1
f105e8270d,compose: Fix hardcoding of 'website' client.,11330,Fix,ss62171,1,1
2dc553df0a,settings: Fix logging settings for Casper tests.,11330,Fix,ss62171,1,1
51313b6b29,storage: Fix minifying CSS/JS files with unicode in them.,11330,Fix,ss62171,1,1
99c0b0e79f,Fix favicon notifications issues for messages sent by oneself.,11330,Fix,ss62171,1,1
5f2e320fee,Fix test_valid_api_key_if_user_is_on_wrong_subdomain.,11330,Fix,ss62171,1,1
1acaeb2c80,message_edit: Fix broken triggering of markdown help.,11330,Fix,ss62171,1,1
ca428cfc24,Fix tab click unresponsiveness.,11330,Fix,ss62171,1,1
8f444bdff8,Fix scrollbar width overflow issue.,11330,Fix,ss62171,1,1
1861f02de7,docs: Minor fixes on Zulip's Markdown.,11330,Fix,ss62171,1,1
29ae1b4d4d,docs: Fix link to formal/information in German guide.,11330,Fix,ss62171,1,1
a0aa2ca0f2,hotkey: Fix incorrect test for open subscriptions overlay.,11330,Fix,ss62171,1,1
dcd9ff642d,dev: Fix postgres provision errors with non-postgres-readable homedir.,11330,Fix,ss62171,1,1
df7b10b7f2,test_runner: Hackishly fix broken failed status.,11330,Fix,ss62171,1,1
b79a66fb71,messages: Fix alignment of message sender names.,11330,Fix,ss62171,1,1
46226bad21,presence: Fix mypy errors in new feature.,11330,Fix,ss62171,1,1
b81fd407e8,mypy: Fix several Optional typing errors.,11330,Fix,ss62171,1,1
e746868375,mypy: Fix optional typing usage in rendering code path.,11330,Fix,ss62171,1,1
1c0f65cbec,mypy: Fix some incorrect optional tags.,11330,Fix,ss62171,1,1
f944ac8902,mypy: Fix incorrect annotation for by_used_time.,11330,Fix,ss62171,1,1
080182ad17,populate_db: Fix broken initial presence data.,11330,Fix,ss62171,1,1
0564bebdbe,test-migrations: Fix inverted check.,11330,Fix,ss62171,1,1
0e802c574d,Fix Linux scrollbar issue in information overlays.,11330,Fix,ss62171,1,1
ce880b0d0c,hotkey: Fix incorrect return value from informational overlays.,11330,Fix,ss62171,1,1
68a7f91022,stats: Add a fixed display order to summary charts.,11330,Fix,ss62171,1,1
b22e9a0dbf,"bug fix: Fix errors in ""john"" bot in contrib_bots. Fix outdated code in ""john.py"" to use ""OutputAdapter"" module in Chatterbot. Typecast Chatterbot response to string.",11330,Fix,ss62171,1,1
87e8d9036f,contrib_bots: Restructure bots to follow a consistent structure. Now all the bots that are stored in contrib_bots are in the same file/directory format. The format is specified here #3427. Add tests.py file for encrypt_bot as well. Fixes #3427.,11330,Fix,ss62171,1,1
ef72cf5c7c,bug fix: Fix wikipedia bot in case no results are found. Incorrect Index access in wikipedia.py resulted in IndexError and wikipedia bot to crash for few queries. This causes the bug to be fixed. Replaced url to avoid 2 redirects and enhance performance. Fixes: #3508.,11330,Fix,ss62171,1,2
72ff55db2f,help: Fix capitalization of various menu items.,11330,Fix,ss62171,1,1
a2d935a2ee,puppet: Fix PostgreSQL user to create PGroonga extension,11330,Fix,ss62171,1,1
0e0584aeaa,muting: Fix calling update_unread_counts in a loop.,11330,Fix,ss62171,1,1
5764054bbb,docs: Fix markup issue in pgroonga docs.,11330,Fix,ss62171,1,1
22df58289f,stats.js: Fix round_to_percentages when percentage is 100.,11330,Fix,ss62171,1,2
cda7faee83,compose: Fix the compose box not resizing when restoring drafts.,11330,Fix,ss62171,1,1
7badc39b02,reactions: Fix exceptions reacting to locally echoed messages.,11330,Fix,ss62171,1,1
20096dfe0d,lint: fix PEP8 issue with logging_handlers.py.,11330,Fix,ss62171,1,1
f79bced276,logging: Fix recursive exceptions with too large files.,11330,Fix,ss62171,1,1
1005d70ff5,update-prod-static: Fix incorrect ordering of venv setup code.,11330,Fix,ss62171,1,1
86b45b57df,analytics: Fix rangeselector buttons for messages_sent_over_time.,11330,Fix,ss62171,1,1
e2ee1951e0,storage: Fix static files storage reuse issues.,11330,Fix,ss62171,1,1
975ede6c83,README: Fix Zulip docs badge.,11330,Fix,ss62171,1,1
28a123f00e,webhooks: Fix spelling of GitHub webhook client name.,11330,Fix,ss62171,1,1
c3fd0d4e0c,subs: Fix incorrect use of RegExp in stream filtering.,11330,Fix,ss62171,1,1
12e7be585d,i18n: Fix compilemessages processing extra files in production.,11330,Fix,ss62171,1,1
4abb6724d0,changelog: Fix a typo in setting name.,11330,Fix,ss62171,1,1
c4ba971247,casper: Fix test failures in 06-settings due to new translations.,11330,Fix,ss62171,1,2
aafb1c70f0,analytics: Fix pie chart sorting computations in stats.js.,11330,Fix,ss62171,1,1
17ad591eb4,docs: Fix bullet formatting and indenting.,11330,Fix,ss62171,1,1
377592802c,hashchange: Fix exiting #subscriptions overlay not updating hash.,11330,Fix,ss62171,1,1
894f0b5bf0,Fix hashchange closing #subscriptions on IE.,11330,Fix,ss62171,1,1
d38d12db8d,Fix for broad ID selector.,11330,Fix,ss62171,1,1
2fbe2229a4,portico: Fix portico header covering anchor links.,11330,Fix,ss62171,1,1
b37b7de498,Fix the position of the edit message label.,11330,Fix,ss62171,1,1
59743a8508,Fix for TravisCI + casper.js race condition.,11330,Fix,ss62171,1,1
e72107dec0,left-sidebar: Fix + icon opening stream-search box.,11330,Fix,ss62171,1,1
d7dd158197,test_signup: Fix test failures due to emacs backup files.,11330,Fix,ss62171,1,1
d14037c82e,streams: Fix misplaced import.,11330,Fix,ss62171,1,1
700089f386,bugdown: Fix need for Internet in test_inline_dropbox_bad.,11330,Fix,ss62171,1,1
de3e96162e,middleware: Fix recursive DisallowedHost exceptions.,11330,Fix,ss62171,1,1
7ecda1ac8e,streams: Fix autosubscribe security bug (CVE-2017-0881).,11330,Fix,ss62171,1,1
70af09539f,Fix unnecessary traceback in authenticated_rest_api_view.,11330,Fix,ss62171,1,1
e8fd780413,docs: Fix missing wget when downloading tsearch_extra.,11330,Fix,ss62171,1,1
522ac3ea4a,frontend: Add #search-operators link to search icon; Fixes #1369.,11330,Fix,ss62171,1,1
f6fc218ba3,docs: Fix *Join Zulip Chat button* doc.,11330,Fix,ss62171,1,1
b3cb9213d1,Fix malformed double-translated string in alert words code.,11330,Fix,ss62171,1,1
5d6f42d136,tests: Fix missing type annotation for events list.,11330,Fix,ss62171,1,1
04591d1ce5,js: Fix pressing escape with modals open.,11330,Fix,ss62171,1,1
21083278b5,Fix banners for unknown streams.,11330,Fix,ss62171,1,1
22b74a9e01,Fix node test for emojis.,11330,Fix,ss62171,1,1
1535739222,contrib_bots: Fix typos and repetitions in the readme.,11330,Fix,ss62171,1,1
e44723f79d,Fix broken emoji popover styling.,11330,Fix,ss62171,1,1
f33a9fe384,js: Fix linter errors from rebased code.,11330,Fix,ss62171,1,1
eb69791712,Fix update_message() in our API.,11330,Fix,ss62171,1,1
8c428dc130,Fix `ZulipLDAPAuthBackend` not to rely on user's email domain.,11330,Fix,ss62171,1,1
8fe612c319,register: Fix bugs in form field auto-fills,11330,Fix,ss62171,1,1
33b02a02dd,update_message_backend: Fix memcached queries in loop.,11330,Fix,ss62171,1,1
01aad70910,bug fix: Fix recent regression with at-mentioning.,11330,Fix,ss62171,1,1
01aad70910,bug fix: Fix recent regression with at-mentioning.,3438,bug fix: Fix recent regression with at-mentioning.,showell,1,1
a3b51bb9d2,Fix JS error syncing starred out-of-view messages.,11330,Fix,ss62171,1,1
e7c9a5087c,auth methods: Fix buggy check for changes.,11330,Fix,ss62171,1,1
495a25ce1b,docs: Fix broken URL.,11330,Fix,ss62171,1,1
b37203cc83,Fix lint error w/ClientDummy.,11330,Fix,ss62171,1,1
dd4ea5e56e,Fix bot edit cancel button updating name anyway.,11330,Fix,ss62171,1,1
9088c46e4c,templates: Fix filename ending with .html.txt.,11330,Fix,ss62171,1,1
00d48bff7d,Digest: Fix URIs for emoji and friends in email links.,11330,Fix,ss62171,1,1
c0c9dfb66d,populate_db: Fix crash by removing do_send_message.,11330,Fix,ss62171,1,1
0fc2f18c1d,bug fix: Fix already-rendered messages for avatar updates.,11330,Fix,ss62171,1,1
58fb9e45e4,"Fix flaw when subscribing using ""Add"" button.",11330,Fix,ss62171,1,1
1a536f381c,lint: Fix some PEP-8 lint errors.,11330,Fix,ss62171,1,1
213b8cef0c,Bootstrap.js: Fix null is not an object error.,11330,Fix,ss62171,1,1
6484af6854,tools: Fix regressions in tools/tests/test_html_branches.py,11330,Fix,ss62171,1,1
d8db94bab8,TestLoginPage: Fix a confusingly named test.,11330,Fix,ss62171,1,1
c0281498e6,group PMs: Fix hrefs in right sidebar for groups.,11330,Fix,ss62171,1,1
cc7ccb56d4,"Revert ""Fix inconsistent spacing in message actions popover.""",11330,Fix,ss62171,1,1
9bb390133b,admin: Fix emoji creation.,11330,Fix,ss62171,1,1
9821b3ebef,reactions: Fix JS error for not-yet-fetched messages.,11330,Fix,ss62171,1,1
121b926962,emoji: Fix 500 trying to remove nonexisting realm emoji.,11330,Fix,ss62171,1,2
a9c8c826a4,Fix 'message' typo in message_list_view.js.,11330,Fix,ss62171,1,1
013fab70ad,Fix grammatical and spelling errors in Zulip/docs.,11330,Fix,ss62171,1,1
1f13a991f4,Fix inconsistent spacing in message actions popover.,11330,Fix,ss62171,1,1
c36932d29e,Fix unread counts display when pinning/un-pinning.,11330,Fix,ss62171,1,1
4d65f9d6cf,Fix left sidebar rendering issue with some zoom levels.,11330,Fix,ss62171,1,1
e76bcba56b,Fix spelling and grammatical errors in zerver/help docs.,11330,Fix,ss62171,1,1
9be76e91dd,Fix capitalization in 'Add a new bot'.,11330,Fix,ss62171,1,1
86ddd2277e,Fix capitalization in 'Deactivate your account'.,11330,Fix,ss62171,1,1
9921f3279f,Fix capitalization in 'Deactivate account'.,11330,Fix,ss62171,1,1
2619ee666e,Fix capitalization in 'Authentication methods'.,11330,Fix,ss62171,1,1
b68a970018,Fix capitalization and grammar in 'Add a new filter'.,11330,Fix,ss62171,1,1
1a16c9bd53,Fix capitalization and grammar in 'Delete streams'.,11330,Fix,ss62171,1,1
6bc1653333,Fix capitalization in 'Create bot'.,11330,Fix,ss62171,1,1
15b718e2d1,Fix capitalization in 'Your bots'.,11330,Fix,ss62171,1,1
450ce61e6c,Fix internationalization in streams page buttons/labels.,11330,Fix,ss62171,1,1
abd4767b50,Fix capitalization in 'Allowed domains'.,11330,Fix,ss62171,1,1
ee0e4c88bd,Fix capitalization in 'Add new default stream'.,11330,Fix,ss62171,1,1
45dc2d599c,Fix capitalization in 'Add a new emoji'.,11330,Fix,ss62171,1,1
8dc96166fd,Fix capitalization in 'Your account'.,11330,Fix,ss62171,1,1
37e7898303,Fix capitalization in 'Default streams'.,11330,Fix,ss62171,1,1
d38277b095,Fix capitalization in 'New alert word'.,11330,Fix,ss62171,1,1
572e3565fb,Fix capitalization in 'Add/Custom Alert Word(s)'.,11330,Fix,ss62171,1,1
1703c0c897,Fix capitalization in 'Select default language'.,11330,Fix,ss62171,1,1
3667ca8114,Fix capitalization in 'Default language'.,11330,Fix,ss62171,1,1
e1e7788e67,Fix capitalization in 'Deactivated users'.,11330,Fix,ss62171,1,1
ab75b41a6f,Fix capitalization in 'Save changes'.,11330,Fix,ss62171,1,1
2bbad279ae,Fix capitalization in 'Display settings'.,11330,Fix,ss62171,1,1
0667ae5d26,Fix capitalization in 'Change password'.,11330,Fix,ss62171,1,1
b4b6516ca0,narrow: Fix narrowing errors for topics with name 'home'.,11330,Fix,ss62171,1,1
67cc345fab,docs: Fix x icon formatting.,11330,Fix,ss62171,1,1
10769306b9,docs: Fix formatting error in *Upload and share files* doc.,11330,Fix,ss62171,1,1
ecc2259815,docs: Fix *Restrict user email addresses to certain domains* doc.,11330,Fix,ss62171,1,1
02aec2b2e3,docs: Organize the streams sidebar. Fixes #3272,11330,Fix,ss62171,1,1
72cfc64144,docs: Fix grammatical error in Verify that your message has been succesfully sent,11330,Fix,ss62171,1,1
f375caed46,/activity: Fix URL route for analytics.views.get_realm_activity.,11330,Fix,ss62171,1,1
de6c7ad360,Fix Emoji Popover being leaked in certain circumstances.,11330,Fix,ss62171,1,1
5ec0bc1213,Fix typing import in tools/diagnose.,11330,Fix,ss62171,1,1
8b6a28dfa6,Fix virtual_fs bot trying to read a directory,11330,Fix,ss62171,1,1
f0afa3e8df,Fixed typos with receive,11330,Fix,ss62171,1,1
9de75f5167,Fixed typos with separate,11330,Fix,ss62171,1,1
110398bf36,Fixed typos in test-queue-worker-reload,11330,Fix,ss62171,1,1
ff8639f9db,Fixed typos with threshold.,11330,Fix,ss62171,1,1
effa7523a4,Fixed a typo in zulip_change_commit.py,11330,Fix,ss62171,1,1
5008f45112,Fixed typo in munin.conf.erb,11330,Fix,ss62171,1,1
da84ff3746,backends: Fix some slightly confusing error messages.,11330,Fix,ss62171,1,1
71d34e91bd,Fixed typos in backends.py,11330,Fix,ss62171,1,1
e74cb2d11c,Fixed typo in index.md,11330,Fix,ss62171,1,1
fb9ac98510,Fix lint error with help/main.html template.,11330,Fix,ss62171,1,1
7f7df149ae,Added footer to all user docs. Fixes #3112,11330,Fix,ss62171,1,1
e6ab93a4c4,Fix Bitbucket2 integration fulfilled event type.,11330,Fix,ss62171,1,1
48e68791e8,Fix duplicate HTML id: fmt_help_table.,11330,Fix,ss62171,1,1
52641a2b11,Fix exception thrown by custom notification.,11330,Fix,ss62171,1,1
145c5da8bf,docs: Fix heading for roadmap doc.,11330,Fix,ss62171,1,1
3f2a002c6e,analytics/lib/counts.py: Fix one of the COUNT_STATS definitions.,11330,Fix,ss62171,1,1
977f5b9178,analytics/lib/counts.py: Fix error in count_message_type_by_user_query.,11330,Fix,ss62171,1,1
6d3ea3f663,contrib_bots: Fix lint error in rate limiting code.,11330,Fix,ss62171,1,1
4d10c4274b,Fix text overflow in lightbox.,11330,Fix,ss62171,1,1
914d9a3412,reactions: Fix bottom margin to look good on selected message.,11330,Fix,ss62171,1,1
e6c3aaae12,docs: Fix broken link error.,11330,Fix,ss62171,1,1
44d3a07691,docs: Fix grammatical errors in *Delete a stream* doc.,11330,Fix,ss62171,1,1
3f8d4193da,lint: Fix % comprehensions being used without a tuple.,11330,Fix,ss62171,1,1
552d626ef2,analytics: Fix FillState.last_modified not being updated.,11330,Fix,ss62171,1,1
3a64857a4c,lint: Fix long lines not being treated as actual errors.,11330,Fix,ss62171,1,1
b54f8b3b14,lint: Fix incorrect line length calculations in Python 2.,11330,Fix,ss62171,1,2
a07757c127,analytics/views: Fix query in get_messages_sent_to_realm.,11330,Fix,ss62171,1,1
f8962d521d,analytics: Fix uses of 'interval' in arguments and variable names.,11330,Fix,ss62171,1,1
011eac1d92,bots: Fix bare except clause.,11330,Fix,ss62171,1,1
008663abd8,zerver: Fix bare except clause.,11330,Fix,ss62171,1,1
7738edb62f,contrib_bots: Fix bare except clause.,11330,Fix,ss62171,1,1
28abfca565,analytics: Fix bare except clause.,11330,Fix,ss62171,1,1
ada95c4fca,bots: Fix bare except clause.,11330,Fix,ss62171,1,1
9f38277224,bots: Fix bare except clause.,11330,Fix,ss62171,1,1
89a126b93f,zerver: Fix bare except clause.,11330,Fix,ss62171,1,1
3823376b3f,zilencer: Fix bare except clause.,11330,Fix,ss62171,1,1
89dc739856,tools: Fix bare except clause.,11330,Fix,ss62171,1,1
e04afe9bda,tools: Fix bare except clause.,11330,Fix,ss62171,1,1
81a19375d2,"hotkey: Fix exiting the subscriptions page with ""escape"".",11330,Fix,ss62171,1,1
ed0da5f874,install-aws-server: Fix usage output.,11330,Fix,ss62171,1,1
3e32102016,nagios: Fix various critical issues not tagged as pageable.,11330,Fix,ss62171,1,1
165b4d3126,nagios: Fix check_send_receive_time threshholds.,11330,Fix,ss62171,1,1
246bdbd829,update-prod-static: Fix node_modules/.bin being unavailable in prod.,11330,Fix,ss62171,1,1
d73cb4687e,docs: Fix explanation of unicode emoji.,11330,Fix,ss62171,1,1
89b47bb653,"Revert ""Fix Small Image Preview Sizing.""",11330,Fix,ss62171,1,1
0f50ef12f5,scripts: Fix path to install-node.,11330,Fix,ss62171,1,1
c961172ab1,css: Fix emoji reactions jolt and padding issues.,11330,Fix,ss62171,1,1
374e900432,upgrade-zulip: Fix bug in migrations detection.,11330,Fix,ss62171,1,1
a6cd0650fe,css: Fix styling for bulleted lists.,11330,Fix,ss62171,1,1
bea788ec73,docs: Fix executable help documentation images.,11330,Fix,ss62171,1,1
6dc8d5c39e,Fix transaction issue in huddle creation.,11330,Fix,ss62171,1,1
416c8f3052,digest_email_html.txt: Fix html linter errors.,11330,Fix,ss62171,1,1
45a5e47e1b,compose: Fix bug on sending message to invalid streams.,11330,Fix,ss62171,1,1
e724af3183,docs: Fix incorrect use of warning markdown.,11330,Fix,ss62171,1,1
4d59e2ff74,Fix typo in Spanish and Polish translation guides.,11330,Fix,ss62171,1,1
0a6d960f37,emoji: Fix graphical artifacts of adjacent emoji in sprite sheet.,11330,Fix,ss62171,1,1
e293a84331,narrow: Fix the client sending more than one search operator.,11330,Fix,ss62171,1,1
a2ebb066b4,docs: Fix formatting typo.,11330,Fix,ss62171,1,1
e4761782e0,Fix Small Image Preview Sizing.,11330,Fix,ss62171,1,1
50f6681319,Fix z-index Issues.,11330,Fix,ss62171,1,1
0c9eccfa58,reactions: Fix missing preventDefault in actions handler.,11330,Fix,ss62171,1,1
3a9a6308fd,Fix per-user database queries for emoji reactions.,11330,Fix,ss62171,1,1
c199c73b93,docs: Fix formatting error in README.md.,11330,Fix,ss62171,1,1
4f9bbb1c8a,Fix duplicate notifications when multiple Zulip tabs are openend.,11330,Fix,ss62171,1,1
2003fb7b12,notifications: Fix raw_operators not being set for 1:1 PM messages.,11330,Fix,ss62171,1,2
965a22e2bd,"reactions: Fix support for ""+1"" emoji.",11330,Fix,ss62171,1,1
a61386cbbc,github: Fix GitHub integration CSRF issue.,11330,Fix,ss62171,1,1
5c0730d7ca,reactions: Fix check for valid emoji.,11330,Fix,ss62171,1,1
8d66a4f53f,test_signup: Fix test failure due to user docs include/.,11330,Fix,ss62171,1,1
605361ec86,makemessages: Fix string with unnamed arguments in analytics/views.py.,11330,Fix,ss62171,1,1
0ddaa13eeb,lint: Fix indentation error in user_settings.py.,11330,Fix,ss62171,1,1
50afe5a6c2,sync_api_key: Fix `ConfigParser` deprecation warnings.,11330,Fix,ss62171,1,1
27e38304e0,i18n: Fix several strings incorrectly not tagged for translation.,11330,Fix,ss62171,1,1
b809d8edee,Fix up change-your-password doc.,11330,Fix,ss62171,1,1
0847515203,Fix text_type->Type mypy merge conflict error.,11330,Fix,ss62171,1,1
3d804de962,Fix FeedbackBot queue processor.,11330,Fix,ss62171,1,1
b677d63ed7,mypy: Fix missing class in request.pyi and document.,11330,Fix,ss62171,1,1
5ad9a9d014,compose: Fix websockets having been accidentally disabled.,11330,Fix,ss62171,1,1
45324e08c1,bots: Fix jabber_mirror_backend annotations.,11330,Fix,ss62171,1,1
ea8e34008d,lint: Fix pep-8 rules on recently added files.,11330,Fix,ss62171,1,1
92a62cccd3,help: Fix broken link to rename-a-stream.,11330,Fix,ss62171,1,1
1c5e8cd47b,lint: Check for spelling of organization and fix errors.,11330,Fix,ss62171,1,1
ad513bab33,Fix broken invite screen caused by duplicate #stream-checkboxes ID.,11330,Fix,ss62171,1,1
713b69ceab,Fix position of restore draft button.,11330,Fix,ss62171,1,1
73a77e2da8,integrations: Fix spelling of mailchimp.,11330,Fix,ss62171,1,1
7b6603b169,admin: Fix strike-through styling in users & bots tab.,11330,Fix,ss62171,1,1
259e2f0ab4,image-overlay: Fix long image alt text overlapping.,11330,Fix,ss62171,1,1
fe803fff55,"docs: Fix broken link in ""About Stream Topic"" documentation",11330,Fix,ss62171,1,1
1c163c704d,Fix wrong command in the bots guide,11330,Fix,ss62171,1,1
5cd6ff20b0,models: Fix bare except clause.,11330,Fix,ss62171,1,1
e538d7ef03,admin: Fix waiting period status UI not hiding.,11330,Fix,ss62171,1,1
7a56f0137e,Fix accidentally merged test error in Node tests.,11330,Fix,ss62171,1,1
efc2d1a675,"Simplify, document, and fix the API code.",11330,Fix,ss62171,1,1
bade6f496b,Fix autocompleting stream names inside message editing.,11330,Fix,ss62171,1,1
aece2c7c45,populate_db: Fix naive datetime warnings,11330,Fix,ss62171,1,1
7f7cae332b,logging: Fix handling of tracebacks with no exc_info.,11330,Fix,ss62171,1,1
25368c6863,bots-guide: Fix numbering indentation,11330,Fix,ss62171,1,1
23f3271551,Clear popovers on stream narrows fix (Issue #2281),11330,Fix,ss62171,1,1
23f3271551,Clear popovers on stream narrows fix (Issue #2281),2281,Clear popovers on stream narrows,showell,1,1
7317dd1825,Fix broken links in bots-guide.md.,11330,Fix,ss62171,1,1
732967f80e,Fix broken link -> send-private-message.,11330,Fix,ss62171,1,1
062d14fd63,help: Fix trailing whitespace in pin-a-stream article.,11330,Fix,ss62171,1,1
a57752d158,help-documentation: Fix links in user help documentation,11330,Fix,ss62171,1,1
b0816dff73,help-documentation: Fix typos in help documentation.,11330,Fix,ss62171,1,1
34511065dc,Fix tests problem with backward incompatible function name.,11330,Fix,ss62171,1,1
6c1d805495,travis: Fix production suite flakiness.,11330,Fix,ss62171,1,1
ab8cd37bd8,markdown: Fix performance probelm loading /help/.,11330,Fix,ss62171,1,1
9d6e1030de,test_public_urls: Fix URL coverage instrumentation bug.,11330,Fix,ss62171,1,1
66bce06a5a,lint: Fix E127 vilations due to recent assertEquals migration.,11330,Fix,ss62171,1,1
d20e643c59,admin: Fix Deactivate/Reactivate User Buttons.,11330,Fix,ss62171,1,1
47a655a3cc,Extract people.extract_people_from_message() and fix bug.,11330,Fix,ss62171,1,1
b46d7654f8,Change people.remove() to people.deactivate() and fix bug.,11330,Fix,ss62171,1,1
6bb959ff4e,url_preview: Fix BeautifulSoup DeprecationWarning.,11330,Fix,ss62171,1,1
93a10a475a,counts.py: Fix count_message_type_by_user_query.,11330,Fix,ss62171,1,1
4f3e1b2ece,analytics/lib/counts.py: Fix messages_sent_to_stream:is_bot.,11330,Fix,ss62171,1,1
4155795a16,docs: Fix i18n documentation for translating blocks.,11330,Fix,ss62171,1,1
770a899239,Django 1.10: Use single cache prefix for casper tests.,11330,Fix,ss62171,1,2
f0f4be4af7,lint: Fix remaining no-unused-vars eslint rule violations.,11330,Fix,ss62171,1,1
45f39be37f,lint: Fix many no-unused-vars eslint rule violations.,11330,Fix,ss62171,1,1
0b33be50f3,lint: fix some whitespace issues in new reactions code.,11330,Fix,ss62171,1,1
639dc9108d,set_default_streams: Fix multi-line help output.,11330,Fix,ss62171,1,1
61fb6cf418,user guides: Fix some formatting in index.,11330,Fix,ss62171,1,1
2fc803786b,Fix margins in Subscriptions Overlay.,11330,Fix,ss62171,1,1
65288848b1,"Fix Hiding Stream Creation Prompt on ""Enter"".",11330,Fix,ss62171,1,1
94b28e0afb,pep8: Fix E128 violations.,11330,Fix,ss62171,1,1
e0d2839dd7,docs: Fix broken link in git-guide.md,11330,Fix,ss62171,1,1
31be2534b3,Fix Error: templates have no tests! while running TemplateTestCase.,11330,Fix,ss62171,1,1
95a49f6ea2,node_cache: Fix buggy production deployment code.,11330,Fix,ss62171,1,1
0bac986f26,Fixed compose box PM recipient typeahead handling of focus.,11330,Fix,ss62171,1,1
9933abf833,css: Fix problem with too long stream name on stream deletion modal.,11330,Fix,ss62171,1,1
4fe3cd98f8,css: Fix problem with too long stream name in left sidebar.,11330,Fix,ss62171,1,1
eac002c6bd,css: Fix problem with too long stream error formatting.,11330,Fix,ss62171,1,1
279d160f99,lint-all: Fix markdown_whitespace_rules indentation.,11330,Fix,ss62171,1,1
0290aeb6ab,lint: Fix several no-unused-vars eslint rule violations.,11330,Fix,ss62171,1,1
1a161c6e33,eslint: Fix comma-dangle rules in JS support files.,11330,Fix,ss62171,1,1
ecfa397567,Fix several type annotations for mypy 0.4.6 compatibility.,11330,Fix,ss62171,1,2
abc2ff4a06,pep8: Fix many rule E128 violations.,11330,Fix,ss62171,1,1
a6f91064a2,pep8: Fix E129 violations,11330,Fix,ss62171,1,1
adebc75740,pep8: Fix E502 violations,11330,Fix,ss62171,1,1
2c940b93ab,js: Fix some minor whitespace issues.,11330,Fix,ss62171,1,1
5e9918135b,eslint: change quote-props from off to error and fix violations.,11330,Fix,ss62171,1,1
b8fc3f0e65,eslint: change space-before-blocks from warning to error and fix violations,11330,Fix,ss62171,1,1
8c0c12c1d9,pep8: Fix E303 violations.,11330,Fix,ss62171,1,1
9f0383520c,settings: Fix Zulip Labs Spacing Issue.,11330,Fix,ss62171,1,1
9c0ebc7359,eslint: change no-else-return to error and fix violations,11330,Fix,ss62171,1,1
0e3332d86e,[Bootstrap]: Fix Null Case Issue.,11330,Fix,ss62171,1,1
ed0bc831be,eslint: change one-var from warning to error and fix violations,11330,Fix,ss62171,1,1
b3f4feb996,eslint: change max-len from warning to error and fix violations.,11330,Fix,ss62171,1,1
007b693cc7,pep8: Fix E131.,11330,Fix,ss62171,1,1
c8ddea16c3,pep8: Fix E122.,11330,Fix,ss62171,1,1
62494eeb97,pep8: fix E201 violations,11330,Fix,ss62171,1,1
7e14fe65ab,pep8: fix E202 violations,11330,Fix,ss62171,1,1
1ba150fa85,pep8: Fix E203 violations,11330,Fix,ss62171,1,1
e6369fc29b,eslint: change no-plusplus from warning to 2 and fix violations.,11330,Fix,ss62171,1,2
c90da24541,eslint: change keyword-spacing from warning to error and fix violations.,11330,Fix,ss62171,1,1
c23f9e0df7,pep8: Fix E111 violations,11330,Fix,ss62171,1,1
f7582f0050,pep8: Fix E124 violations,11330,Fix,ss62171,1,1
0ac78ca454,setup-production: Fix path to update-prod-static.log.,11330,Fix,ss62171,1,1
d99b17070e,edit: Fix traceback when saving edits to unsent messages.,11330,Fix,ss62171,1,1
c5316b4002,lint: Fix E127 pep8 violations.,11330,Fix,ss62171,1,1
7b2c313f37,eslint: change brace-style from warning to error and fix violations.,11330,Fix,ss62171,1,1
f8f017c221,test_runner: Fix template rendering test.,11330,Fix,ss62171,1,1
5f60258a85,pep8: Fix E211 violations.,11330,Fix,ss62171,1,1
6b0df43463,pep8: Fix E125.,11330,Fix,ss62171,1,1
e009383460,pep8: Fix E231.,11330,Fix,ss62171,1,1
e73ee5a4c4,test-backend: Fix count for templates without tests.,11330,Fix,ss62171,1,1
e4091c6413,pep8: Fix E222 violations.,11330,Fix,ss62171,1,1
46b7d54b3e,pep8: Fix E701 violations.,11330,Fix,ss62171,1,1
24f0029111,integration-guide: Fix 'webhook' typo.,11330,Fix,ss62171,1,1
4f6a075331,test-backend: Fix missing output for untested templates.,11330,Fix,ss62171,1,1
b837221e05,Fix for possible webkit painting bug.,11330,Fix,ss62171,1,1
b1fce36214,docs: Fix a link to the windows-10 instructions.,11330,Fix,ss62171,1,1
07565c4a3e,"Revert ""Fix race conditions in Admin casper tests.""",11330,Fix,ss62171,1,1
cd19a3d870,docs: Fix manual installation instructions.,11330,Fix,ss62171,1,1
aa5a7bc659,Fix race conditions in Admin casper tests.,11330,Fix,ss62171,1,1
41bd88d5ed,pep8: Fix E301 pep8 violations.,11330,Fix,ss62171,1,1
7a2282986a,pep8: Fix E225 pep8 violations.,11330,Fix,ss62171,1,1
78d6c3d7e9,install: Fix RabbitMQ node name if RabbitMQ is not installed.,11330,Fix,ss62171,1,1
843ad8a947,models: Fix s/text_type/Text/ merge regression.,11330,Fix,ss62171,1,1
92d1b6d6da,run-dev: Fix regression ignoring --interface argument.,11330,Fix,ss62171,1,1
308069d828,test_templates: Fix missing hubot_lozenges_dict.,11330,Fix,ss62171,1,1
0536aeba4d,Django 1.10: Use same cache prefix for JS tests.,11330,Fix,ss62171,1,2
92869940c6,Fix race conditions in user settings casper tests.,11330,Fix,ss62171,1,1
604079a9d4,Fix formatting for Group PMs in the right sidebar.,11330,Fix,ss62171,1,1
73fb9c6f66,Fix alignment of 'Not Delivered buttons' on smaller devices.,11330,Fix,ss62171,1,1
0525b65f90,Fix positioning of error message appearing on adding custom alert words.,11330,Fix,ss62171,1,1
4d7920221c,docker: Fix locale to UTF-8 more strongly.,11330,Fix,ss62171,1,1
5896e610cb,docs: Fix apt-add-repository arguments in manual instructions.,11330,Fix,ss62171,1,1
5283c0eef5,docs: Fix generate_secrets.py arguments for manual install.,11330,Fix,ss62171,1,1
65ad144c6c,dev-remote: Fix typos (you->your).,11330,Fix,ss62171,1,1
4d474b649f,docs: Fix broken markdown syntax.,11330,Fix,ss62171,1,1
d8dee522b6,Fix trello integration by adding handling HEAD confirmation request.,11330,Fix,ss62171,1,1
2abe11e209,lint-all: Fix progress bar from `npm run lint` in linter.,11330,Fix,ss62171,1,1
fe837e58b4,test_realm_filters: Fix missing mypy annotation.,11330,Fix,ss62171,1,1
012ec2beda,test-backend: Use a fixed whitelist of shallow-tested templates.,11330,Fix,ss62171,1,1
8f05ea877d,lint: Fix pep8 linter error regressions.,11330,Fix,ss62171,1,1
dde6452638,Zephyr: Fix links to the old zulip.com service.,11330,Fix,ss62171,1,1
9582079cd9,"edit: Fix ""View source"" icon being orphaned post-hover.",11330,Fix,ss62171,1,1
f4bf154981,bug fix: Fix topic unread counts for upper-case streams.,11330,Fix,ss62171,1,1
f4bf154981,bug fix: Fix topic unread counts for upper-case streams.,2331,bug fix: Fix topic unread counts for upper-case streams.,showell,1,1
e45c10884e,docs: Fix typo and whitespace.,11330,Fix,ss62171,1,1
49d24cee2a,subs: Fix clearing filter table on subscribe.,11330,Fix,ss62171,1,1
86fbc415b9,docs: Fix typo in roadmap reactions item.,11330,Fix,ss62171,1,1
074571dddc,Fix English grammar in push/remove tag message.,11330,Fix,ss62171,1,1
dcfb5c30c6,admin users: Fix real-time-sync for full names.,11330,Fix,ss62171,1,1
5af50db430,Django 1.10: Fix client cache while running tests.,11330,Fix,ss62171,1,2
ea58005796,Fix styling in api_key_box section on settings page.,11330,Fix,ss62171,1,1
57e7b741b6,rss-bot: Fix incorrect use of zulip.generate_option_group.,11330,Fix,ss62171,1,1
e40e756d47,"echo: Fix local echo sending a message to ""yourself, "".",11330,Fix,ss62171,1,1
af675998d5,Fix send_pm_if_empty_stream with nonexistent streams.,11330,Fix,ss62171,1,1
9b0f9bf326,Django 1.10: apply_response_fixes was removed.,11330,Fix,ss62171,1,2
7d51efe9a1,Django 1.10: Fix dummy data for count stat.,11330,Fix,ss62171,1,2
e89af4c470,Django 1.10: Fix django-bitfield.,11330,Fix,ss62171,1,2
085cdb7028,Fix Bitbucket2 push message by truncated commits list.,11330,Fix,ss62171,1,1
3b145b2370,add_new_user_history: Fix ordering of created UserMessage rows.,11330,Fix,ss62171,1,1
08ca209aed,add_new_user_history: Fix race with new messages arriving during signup.,11330,Fix,ss62171,1,1
ade3bda025,markdown: Fix stream link handler in corner cases.,11330,Fix,ss62171,1,1
eeca06ea08,message_edit: Fix message editing for messages that threw a backend error.,11330,Fix,ss62171,1,1
86b75aade2,Django 1.10: Fix i18n tests.,11330,Fix,ss62171,1,2
6d93b3b60c,lint: Fix E703 pep8 violations.,11330,Fix,ss62171,1,1
3caee213e1,test_render_mention_stream_api: Fix nondeterministic failures.,11330,Fix,ss62171,1,1
5f70b15a00,test_bugdown: Fix duplicate test name.,11330,Fix,ss62171,1,1
a416a9aeae,"test_runner.py: Fix ""Import unexpectedly succeeded"" messages in tests.",11330,Fix,ss62171,1,1
a8fdfccc83,docs: Fix echo.contains_bugdown docs being backwards.,11330,Fix,ss62171,1,1
07d05390bf,markdown: Fix client usermention regular expression.,11330,Fix,ss62171,1,1
c94fe5bdef,test_ldap: Fix spelling of tearDown method.,11330,Fix,ss62171,1,1
704ac5aa6c,"Fix lint-all checker by adding ""_"" as a escape character before Github.",11330,Fix,ss62171,1,1
be3e9e3a05,Fix regression breaking websocket message sending.,11330,Fix,ss62171,1,1
e3646f28bd,test_helpers.py: Fix default args for submit_reg_form_for_user.,11330,Fix,ss62171,1,1
51fcf1fb7a,tests: Fix spelling of test_transifex.py.,11330,Fix,ss62171,1,1
df4b777b35,tests: Fix handling of subdirs and backup files in test-backend.,11330,Fix,ss62171,1,1
dae53573cb,node tests: Fix make_sure_all_templates_have_been_compiled().,11330,Fix,ss62171,1,1
78ec0341c4,subs: Fix color picker issue with subscribing.,11330,Fix,ss62171,1,1
ab6fd87161,subs: Fix rename stream handling of email addresses.,11330,Fix,ss62171,1,1
7a59ae591a,subs: Fix get_stream_name to use IDs from the DOM.,11330,Fix,ss62171,1,1
08ce391611,register: Fix using subdomains logic when subdomains is disabled.,11330,Fix,ss62171,1,1
fa6aafd0a5,test_signups: Fix test_completely_open_domain.,11330,Fix,ss62171,1,1
9b6c199538,tests: Fix need for Internet to run backend test suite.,11330,Fix,ss62171,1,1
90f57c92d4,compute_mit_user_fullname: Fix result for Python 3.,11330,Fix,ss62171,1,2
3f5ef8df9e,docs: Fix typos in git guide.,11330,Fix,ss62171,1,1
50361ca980,test-run-dev: Fix buggy site argument.,11330,Fix,ss62171,1,1
bfff9e1968,do_send_messages: Fix sending messages to feedback-bot.,11330,Fix,ss62171,1,1
2506c691b8,"css: Fix alert-bar-container CSS blocking ""Home"" button.",11330,Fix,ss62171,1,1
6659664e59,Simplify/fix cross-realm validation in recipient_for_emails().,11330,Fix,ss62171,1,1
6624d4e56e,message_edit.js: Fix message editing behavior around empty topics.,11330,Fix,ss62171,1,1
bf1a7a7f2d,test_bugdown: Fix misplaced type annotation.,11330,Fix,ss62171,1,1
6a8f8c2abf,run-dev: Fix minor whitespace issues.,11330,Fix,ss62171,1,1
d22a06ee90,docs: Fix a missing close paren.,11330,Fix,ss62171,1,1
25b28bf82c,Fix inline code lines that are too long in .message_content.,11330,Fix,ss62171,1,1
9ad27b3e69,Reorder CSS Files to fix compose box issues.,11330,Fix,ss62171,1,1
1bc9be7aed,subs: Fix stream privacy changes not working after renaming.,11330,Fix,ss62171,1,1
1562f9fe76,lightbox: Fix Z-Index for Proper Ordering.,11330,Fix,ss62171,1,1
eb64b32bc8,"Fix ""subjects"" in  JS comments.  Say ""topics"" instead.",11330,Fix,ss62171,1,1
403490a95b,annotations: Fix to_non_negative_int().,11330,Fix,ss62171,1,1
eceaf36001,setup_disks: Fix postgres RAID setup to work correctly on Xenial.,11330,Fix,ss62171,1,1
1a88ca4da1,queue_processors: Fix feedback bot sender.,11330,Fix,ss62171,1,1
ccc1f3861f,Fix return value logic of ZulipLDAPAuthBackend.get_or_create_user.,11330,Fix,ss62171,1,1
c6f7b786a6,css: Fix problems selecting the first item in gear menu.,11330,Fix,ss62171,1,1
30c654f83f,templates: Fix stack traces throwing handlebars errors.,11330,Fix,ss62171,1,1
dc2bdb2aad,register.html: Fix styling of subdomains input field.,11330,Fix,ss62171,1,1
5b35aada7c,zulip_tools: Fix run to not eat error output.,11330,Fix,ss62171,1,1
76fd7c0735,provision: Fix creation of cache directories.,11330,Fix,ss62171,1,1
52acdd28bd,Fix JWT code in the auth backend.,11330,Fix,ss62171,1,1
f1fa4397f3,puppet: Fix package deps for zulip-ec2-configure-interfaces.,11330,Fix,ss62171,1,1
3448ab4c7a,zulip-ec2-configure: Fix network IDs for Ubuntu Xenial.,11330,Fix,ss62171,1,1
f0bb78ba2d,puppet: Fix iptables-persistent->netfilter-persistent rename.,11330,Fix,ss62171,1,1
129f1472fb,provision: Fix hardcoding of current user.,11330,Fix,ss62171,1,1
2b8324b778,emoji: Fix caching permissions issues.,11330,Fix,ss62171,1,1
8e82257444,Fix node_cache code to not require root.,11330,Fix,ss62171,1,1
41b0079ab2,node_cache: Fix success_stamp logic.,11330,Fix,ss62171,1,1
bdd20f6b8b,settings: Fix Zulip Labs Spacing Issue.,11330,Fix,ss62171,1,1
ff575aed99,message_edit: Fix error handling if user has re-narrowed.,11330,Fix,ss62171,1,1
2ce601ebd1,Fix Multiple Lightbox Issues.,11330,Fix,ss62171,1,1
bb23d6ed60,lightbox: Fix focus state when exiting lightbox.,11330,Fix,ss62171,1,1
029682ec41,Fix stream_data.remove_subscriber().,11330,Fix,ss62171,1,1
8dabc6d499,docs: Fix broken link in upgrading docs.,11330,Fix,ss62171,1,1
c970a87dfa,code-style: Fix broken links to anti for-in styleguides.,11330,Fix,ss62171,1,1
28cefc4996,hashchange: Fix buggy arguments to hashchanged causing scrolltop bug.,11330,Fix,ss62171,1,1
56c0b80067,nginx: Fix JavaScript not being compressed properly.,11330,Fix,ss62171,1,1
e714ddbfc8,gather_subscriptions_helper: Fix mypy error.,11330,Fix,ss62171,1,1
c59cdbb92d,gather_subscriptions: Fix missing subscriber data in email_dict.,11330,Fix,ss62171,1,1
14018353fc,Fix never_subscribed streams being sent for Zephyr mirroring.,11330,Fix,ss62171,1,1
f86cd0aa26,docs: Fix style in authentication methods doc.,11330,Fix,ss62171,1,1
9492bd37b4,docs-test: Fix documentation links.,11330,Fix,ss62171,1,1
4352790795,docs: Fix broken link in node testing docs.,11330,Fix,ss62171,1,1
87d22c9e4d,analytics: Fix count_stream_by_realm.,11330,Fix,ss62171,1,1
5b3caa4d18,message_edit: Fix tooltip with multiple messages being edited.,11330,Fix,ss62171,1,1
3d183ffe23,text_fixtures: Fix case where source_hash_file doesn't exist.,11330,Fix,ss62171,1,1
a4516bda7d,docs: Fix security bug email address.,11330,Fix,ss62171,1,1
7bc0c7f0d5,bugdown: Fix patterns ordering in Markdown extension.,11330,Fix,ss62171,1,1
8d4b32a13a,Fix style and linewrapping & add links in translation doc.,11330,Fix,ss62171,1,1
e463577f30,Fix language alert to display language name.,11330,Fix,ss62171,1,1
bfe5787197,Fix Django.utils.importlib deprecation warnings.,11330,Fix,ss62171,1,1
e9899e4dc9,bugdown: Fix some Python-Markdown deprecation warnings.,11330,Fix,ss62171,1,1
3b0b65c2d0,management: Fix recent argument parsing regressions.,11330,Fix,ss62171,1,1
537c9755bf,search: Fix searching for URLs.,11330,Fix,ss62171,1,1
357fbfcaa3,Zocial buttons: Fix overflow of text when internationalized.,11330,Fix,ss62171,1,1
ca1789892d,api: Fix broken link to zulip-js github page.,11330,Fix,ss62171,1,1
fcde846b58,setup_venv: Fix handling of Git requirements.,11330,Fix,ss62171,1,1
7c16172f9e,node_cache: Fix buggy annotations for stdout/stderr.,11330,Fix,ss62171,1,1
87c94a8697,docs/writing-views: Fix minor typo.,11330,Fix,ss62171,1,1
278574a6ec,Fix cursor() arguments for connection classes.,11330,Fix,ss62171,1,1
08b61c1b3d,Fix z-index of desktop app recommendation banner.,11330,Fix,ss62171,1,1
dd61f136a5,filter: Add is: to operator_to_prefix logic.,11330,Fix,ss62171,1,1
7e2340155d,analytics: Fix aggregation to RealmCount for realms with no users.,11330,Fix,ss62171,1,1
9807ec6539,Fix phrasing when re-subscribing user to a stream.,11330,Fix,ss62171,1,1
952d91f60a,docs: Fix broken image links on prod install page.,11330,Fix,ss62171,1,1
598c7a506b,docs/custom-apps: Fix spelling error.,11330,Fix,ss62171,1,1
f35d0f1c75,bugdown: Fix type annotations.,11330,Fix,ss62171,1,1
f35d0f1c75,bugdown: Fix type annotations.,1961,bugdown: Fix type annotations.,sharmaeklavya2,1,1
ccce3ec0be,zerver/lib/digest.py: Fix a type annotation.,11330,Fix,ss62171,1,1
e104943e12,storage: Fix build-release-tarball py3 compatibility.,11330,Fix,ss62171,1,1
c705819f2d,custom-apps docs: Fix stumulus typo.,11330,Fix,ss62171,1,1
6996b21480,analytics: Change tests to use a fixed TIME_ZERO.,11330,Fix,ss62171,1,1
5623fa9994,"request docs: Fix typo in spelling of ""parameter"".",11330,Fix,ss62171,1,1
ea050d5fd8,test_runner: Fix error message for failed import.,11330,Fix,ss62171,1,1
a4b2a6b6d4,puppet: Fix missing dependency for supervisor enabling.,11330,Fix,ss62171,1,1
06e70e1fbd,run-dev-proxy: Fix twisted py3 compatibility.,11330,Fix,ss62171,1,1
01324f2afe,Fix aggregation to analytics summary tables.,11330,Fix,ss62171,1,1
d387012bc6,Fix EXTERNAL_HOST computations in test_settings.py.,11330,Fix,ss62171,1,1
5357b286b2,docs: Fix typo in spelling of generate_secrets.,11330,Fix,ss62171,1,1
498317d533,Fix renaming streams on web to use new API.,11330,Fix,ss62171,1,1
3973ae5dbb,update_analytics_counts: Fix buggy argument parsing.,11330,Fix,ss62171,1,1
7df50cee34,docs: Fix paths in webhooks part of integration-guide.,11330,Fix,ss62171,1,1
49bea381b7,zjsunit: Fix running stream_data and node tests individually.,11330,Fix,ss62171,1,1
9b30594bb6,run-casper: Fix buggy comments about subdomains testing.,11330,Fix,ss62171,1,1
48bec80c61,Fix test_signup.LoginTest.test_register.,11330,Fix,ss62171,1,1
b6ad24b11b,Fix names of sprite emojis.,11330,Fix,ss62171,1,1
b4214ec8cb,Fix formatting of print in run function.,11330,Fix,ss62171,1,1
64238f9426,hotkeys: Fix additional downloads of images.,11330,Fix,ss62171,1,1
f097581497,hotkeys: Fix escape key unnarrow/close lightbox interaction.,11330,Fix,ss62171,1,1
cd5b38f5d8,provision: Fix node_modules being owned by root.,11330,Fix,ss62171,1,1
cfaba35b9a,hotkey: Fix tab_up_down detection of arrow keys.,11330,Fix,ss62171,1,1
d25bbdf574,lint: Fix missing cast causing mypy errors.,11330,Fix,ss62171,1,1
dd3553cc5b,zulip.css: Fix some 2-space indentation errors.,11330,Fix,ss62171,1,2
49faad7bb1,GitLab: Fix minor bytes/text types issue.,11330,Fix,ss62171,1,1
4b62ee8f38,initial invite page: Fix email validation when not restricted_to_domain.,11330,Fix,ss62171,1,1
8cdc5b7a02,Fix bug with wrong branch name in Gitlab integration.,11330,Fix,ss62171,1,1
f0eaee68e4,bug: Fix traceback in get_missed_message_token_from_address().,11330,Fix,ss62171,1,1
dbbc64dbfe,bug: Fix code that mis-identifies missed message formats.,11330,Fix,ss62171,1,1
94e0bb5abb,Fix race conditions in 03-narrow casper tests.,11330,Fix,ss62171,1,2
47045179fc,Fix traceback rendering narrows to non-subscribed streams.,11330,Fix,ss62171,1,1
e488d4d6e8,log_event: Fix unicode handling of log writing.,11330,Fix,ss62171,1,1
0274475e5e,Fixes hash system for saving page state.,11330,Fix,ss62171,1,1
2c19719cee,test_bugdown: Fix i18n test flakiness with markdown rendering tests.,11330,Fix,ss62171,1,1
a9e2ceb4e9,push notifications: Fix very minor quirk when adding tokens.,11330,Fix,ss62171,1,1
e93a2e990f,Fix nondeterministic parsing failures in GoogleLoginTest.,11330,Fix,ss62171,1,1
6d8af06e32,Fix Google oauth2 logging to use %s for strings.,11330,Fix,ss62171,1,1
95a348382b,Fix nondeterministic failures in GoogleLoginTest.,11330,Fix,ss62171,1,1
9bfe879170,google auth: Fix py3 encoding issues for CSRF computations.,11330,Fix,ss62171,1,1
4a2282a837,tests.py: Fix missing import needed for mypy.,11330,Fix,ss62171,1,1
2b4d59d6e8,Fix comment in update_active_status_backend().,11330,Fix,ss62171,1,1
4c5eb3d06e,Fix transaction behavior for update_subscriptions_backend().,11330,Fix,ss62171,1,1
9bccd10582,check-mirroring: Fix unnecessary type: ignore.,11330,Fix,ss62171,1,1
e5b8ad6666,Fix teamcity.py annotations.,11330,Fix,ss62171,1,1
83ef7e72e6,models: Fix missing mypy annotations in subdomains code.,11330,Fix,ss62171,1,1
e48cdb8d7e,Fix python 3 compatibility in logging code.,11330,Fix,ss62171,1,2
0d324d38b3,logging: Fix duplicate detection for email errors.,11330,Fix,ss62171,1,1
12ddb1a36f,puppet: Fix buggy logrotate configuration.,11330,Fix,ss62171,1,1
aca6636729,emoji_dump: Fix buggy path management.,11330,Fix,ss62171,1,1
83a05c2821,docs: Fix duplicate word in README.md.,11330,Fix,ss62171,1,1
64c48119de,Fix message topic edit CSS.,11330,Fix,ss62171,1,1
5de33c94be,Add padding to checkboxes and fix HTML.,11330,Fix,ss62171,1,1
c454b180e0,zjsunit: Fix running coverage.,11330,Fix,ss62171,1,1
54c5c989c9,docs: Fix some broken links in headings.,11330,Fix,ss62171,1,1
c0799a9d09,docs: Fix docs for upgrading from a git repository.,11330,Fix,ss62171,1,1
c5417e723b,docs: Fix command sequence for retrying Zulip installation.,11330,Fix,ss62171,1,1
5b68e0defe,settings: Fix buggy MANDRILL_API_KEY logic.,11330,Fix,ss62171,1,1
a90b470205,Fix regression in search interaction with wide unicode characters.,11330,Fix,ss62171,1,1
acb3c6b75a,bots: Fix typo in contrib_bots/lib/readme.md.,11330,Fix,ss62171,1,1
97b622dffa,puppet: Fix postgres_appdb_tuned manifest on trusty.,11330,Fix,ss62171,1,1
3bdbc33e94,initialize_voyager_db: Fix zulip.com hardcoding.,11330,Fix,ss62171,1,1
edb7d72dc2,Fix 1px private message group header height difference.,11330,Fix,ss62171,1,2
13a51737d8,update-prod-static: Fix buggy color code usage.,11330,Fix,ss62171,1,1
55f2c49bbf,build-release-tarball: Fix code for handling update-prod-static.log.,11330,Fix,ss62171,1,1
96a5388fcb,mandrill: Fix hardcoded check for settings.VOYAGER.,11330,Fix,ss62171,1,1
e1e384acc0,realm_emoji: Fix management command usage output.,11330,Fix,ss62171,1,1
7fc170d808,lint-all: Fix line with length greater than 120.,11330,Fix,ss62171,1,2
eef1d78e68,bitbucket2.py: Fix line with length greater than 120.,11330,Fix,ss62171,1,2
86ecf28588,prod_settings_template.py: Fix line with length greater than 120.,11330,Fix,ss62171,1,2
230cc228c2,profile_request.py: Fix line with length greater than 120.,11330,Fix,ss62171,1,2
57253c6ba3,makemessages.py: Fix line with length greater than 120.,11330,Fix,ss62171,1,2
5e5ad9de0c,bugdown/__init__.py: Fix line with length greater than 120.,11330,Fix,ss62171,1,2
1819157a5f,show-last-messages: Fix line with length greater than 120 characters.,11330,Fix,ss62171,1,2
7950d3181e,zmirror: Fix hardcoding of zulip.com support email address.,11330,Fix,ss62171,1,1
b1b864341c,Fix @all spam warning when typing @all in backticks.,11330,Fix,ss62171,1,1
b1b864341c,Fix @all spam warning when typing @all in backticks.,1505,@all spam warning when typing @all in backticks,davidbalbert,1,1
e7aac717e8,Fix markdown ordering bugs with some custom syntax.,11330,Fix,ss62171,1,1
d1c34a6618,tests: Fix test_create_user_backend().,11330,Fix,ss62171,1,1
483bbfe5dc,integrations: Fix a few more badly line-wrapped <code> tags.,11330,Fix,ss62171,1,1
f357e9d30f,integrations: Fix Travis CI webhook URL to not be an example.,11330,Fix,ss62171,1,1
c9d3708ab8,integrations: Fix linewrapping in Nagios and Jenkins integrations.,11330,Fix,ss62171,1,1
743847bdd5,integrations: Fix some broken links / ids.,11330,Fix,ss62171,1,1
143bec97b4,integrations: Fix Asana page rendering.,11330,Fix,ss62171,1,1
566bef1258,Fix API Python examples missing --site.,11330,Fix,ss62171,1,1
f51c1ea4ee,Minor server_uri fixes in templates/zerver/features.html,11330,Fix,ss62171,1,1
5f12136e7c,notifications: Fix broken one click unsubscribe link.,11330,Fix,ss62171,1,1
74cdb4954c,docs: Fix outdated security contact list.,11330,Fix,ss62171,1,1
c5fb6dfcb8,TOS: Fix forcing users to double-accept terms of service.,11330,Fix,ss62171,1,1
f0a65fe52a,export_messages_single_user: Fix missing order_by.,11330,Fix,ss62171,1,1
c12bd853f7,export: Add basic export tests. (fixes #1584),11330,Fix,ss62171,1,1
4a46b879ee,import_uploads_s3: Fix setting of content-type.,11330,Fix,ss62171,1,1
856ab48ec6,export: Fix stream export sanity check.,11330,Fix,ss62171,1,1
708b416ca1,Terms of Service: Fix corner cases around new users being created.,11330,Fix,ss62171,1,1
88a123d5e0,Fix excessive CPU usage by rabbitmq-numconsumers Nagios checks.,11330,Fix,ss62171,1,1
852af83d3c,check_postgres_replication_lag: Fix psql command line.,11330,Fix,ss62171,1,1
ed01842f95,notifications: Fix missed message emails with multiple senders.,11330,Fix,ss62171,1,1
f0e495831e,forms: Fix check for whether terms of service are enabled.,11330,Fix,ss62171,1,1
f418e54ae2,local_settings: Fix zulip.com terms of service.,11330,Fix,ss62171,1,1
9582a83d10,export: Fix usage in export_single_user command.,11330,Fix,ss62171,1,1
0301347e86,provision.py: Fix typo.,11330,Fix,ss62171,1,1
ba7ef1c82d,zilencer: Fix regression in URLs.,11330,Fix,ss62171,1,1
740b5634ac,Fix and re-enable test-queue-worker-reload.,11330,Fix,ss62171,1,1
7736925d5b,compose: Fix sending PMs to Zephyr users.,11330,Fix,ss62171,1,1
dced137f6f,Fix function formatting in admin.js,11330,Fix,ss62171,1,1
9441154316,debug: Fix actual traceback being hidden in blueslip.,11330,Fix,ss62171,1,1
469df75ab7,Fix admin.update_default_streams_table errors if tab not open.,11330,Fix,ss62171,1,1
42b63f5caa,test_templates: Fix failure to report a user-facing error.,11330,Fix,ss62171,1,1
184e45b774,Fix bug with tools/html-grep.,11330,Fix,ss62171,1,1
e34b7a0691,Fix type annotation in message_cache_items.,11330,Fix,ss62171,1,1
54a6bdc3ad,views: Fix mypy annotations in get_invitee_emails_set.,11330,Fix,ss62171,1,1
39f1024740,test_messages: Fix remaining mypy errors.,11330,Fix,ss62171,1,1
0219aba2b2,api: Annotate setup.py and fix import.,11330,Fix,ss62171,1,1
a787dee48b,makemessages: Add missing annotations and fix string types.,11330,Fix,ss62171,1,1
2f13b0b18a,actions: Fix various string annotations.,11330,Fix,ss62171,1,1
4f782bc186,test_events: Fix annotation gaps.,11330,Fix,ss62171,1,1
a7086d3d8a,trello: Fix accidentally commented type annotation.,11330,Fix,ss62171,1,1
1f2b3588d2,Annotate zilencer/models.py and fix str types in zilencer views.,11330,Fix,ss62171,1,1
09b677b605,test-js-with-node: Fix istanbul not being in PATH.,11330,Fix,ss62171,1,1
82b1218af9,test-js-with-node: Fix return status on failure.,11330,Fix,ss62171,1,1
1d6ebd2b3d,check_fts_update_log: Fix psycopg2 arguments.,11330,Fix,ss62171,1,1
720e905150,docs: Fix heading levels in maintaining guide.,11330,Fix,ss62171,1,1
948ea7663c,ModelReprMixin: Fix handling of missing __unicode__ function.,11330,Fix,ss62171,1,1
25c0710800,prod_settings_template: Fix typo in redis documentation.,11330,Fix,ss62171,1,1
6158acb41b,nagios: Fix path to check_debian_packages.,11330,Fix,ss62171,1,1
d66f6b8176,Fix postgresql configuration template for Ubuntu Xenial.,11330,Fix,ss62171,1,1
16a4ce1bd2,puppet: Fix Nagios check_disk flagging special filesystems.,11330,Fix,ss62171,1,1
c764b46cef,puppet: Fix missing base include in nagios manifest.,11330,Fix,ss62171,1,1
1f549dcfab,check_fts_update_log: Fix use on non-appbd machines.,11330,Fix,ss62171,1,1
98ae0516d2,docs: Fix Fedora secondary links in generic installation.,11330,Fix,ss62171,1,1
6ce8f3da6d,Fix node tests to be able to run standalone.,11330,Fix,ss62171,1,1
2fe78dc691,Fix leaky requires between zjsunit tests.,11330,Fix,ss62171,1,1
1d7a6c9941,Fix output from test_tr_tag_settings().,11330,Fix,ss62171,1,1
f7083b4079,test_templates: Fix Python 3 compatibility.,11330,Fix,ss62171,1,2
f3962994b5,Fix regression for running migrations during tests.,11330,Fix,ss62171,1,1
971939caba,Fix extra footer bullet in portico.html when register_link_disabled.,11330,Fix,ss62171,1,1
b98b049377,Fix string handling in email_mirror queue_processor.,11330,Fix,ss62171,1,1
832951d2dd,Fix IFTTT integration documention on 'content' field.,11330,Fix,ss62171,1,1
69528790a5,check_worker_memory: Fix handling of no queue workers running.,11330,Fix,ss62171,1,1
e515484c41,Fix typos in the documentation.,11330,Fix,ss62171,1,1
bede14724d,Fix non-determinism in admin frontend tests.,11330,Fix,ss62171,1,1
5ed2b01bc7,upload: Fix single attachments not being claimed on message edit.,11330,Fix,ss62171,1,1
8398dac025,Fix 'Invalid stream' error message in get_subscription_or_die().,11330,Fix,ss62171,1,1
f067c7fb15,Fix email-mirror instructions in prod_settings_template.py.,11330,Fix,ss62171,1,1
b08d6769c1,tools/zulip-export/zulip-export: Fix how files are opened.,11330,Fix,ss62171,1,1
1820f961b3,frontend_tests/run-casper: Fix annotations.,11330,Fix,ss62171,1,1
250c617dc8,zulip_tools.py: Fix line with length greater than 120.,11330,Fix,ss62171,1,2
9bea1f46c7,zerver/views/webhooks/bitbucket2.py: Fix line with length greater than 120.,11330,Fix,ss62171,1,2
5e34e5bf40,iframe-bot/show-last-messages: Fix line with length greater than 120.,11330,Fix,ss62171,1,2
3faa5c1dd9,README.dev.md: Fix test suite dev markup formatting.,11330,Fix,ss62171,1,1
eba2d470dc,Fix removing attachments when editing a message.,11330,Fix,ss62171,1,1
4de203a23f,Fix MIT users joining a Zulip realm.,11330,Fix,ss62171,1,1
2a209e46dd,puppet: Fix remaining hardcoding of postgres 9.1 in manifests.,11330,Fix,ss62171,1,2
5b583c7417,Fix django statsd packages.,11330,Fix,ss62171,1,1
568a2facce,docs: Fix links to troubleshooting guide.,11330,Fix,ss62171,1,1
9fb933d456,docs: Fix style issues in life-of-a-request.,11330,Fix,ss62171,1,1
dd6e92a714,setup_venv: Fix missing dependencies on image libraries.,11330,Fix,ss62171,1,1
14143e2222,roadmap: Fix issue number for upgrading every dependency.,11330,Fix,ss62171,1,1
9c9b6176a9,install: Fix feature detection/set -e incompatibility.,11330,Fix,ss62171,1,1
d529bc12ef,pg_backup_and_purge: Fix hardcoding of postgres version.,11330,Fix,ss62171,1,1
6a90dc07dc,docs: Fix headings for possible testing issues.,11330,Fix,ss62171,1,1
50c3e42f0e,Fix test failure due to recent merge interaction.,11330,Fix,ss62171,1,1
5462341cb4,zerver/views/webhooks/github.py: Fix lines with length greater than 120.,11330,Fix,ss62171,1,2
3031214718,zerver/views/messages.py: Fix line with length greater than 120.,11330,Fix,ss62171,1,2
84660a5087,zerver/views/__init__.py: Fix lines with length greater than 120.,11330,Fix,ss62171,1,2
0cafd9268d,zilencer/management/commands/populate_db.py: Fix line with len > 120.,11330,Fix,ss62171,1,2
37ea785b8f,zerver/forms.py: Fix line with length greater than 120.,11330,Fix,ss62171,1,2
9f3f82d06d,zerver/lib/socket.py: Fix line with length greater than 120.,11330,Fix,ss62171,1,2
5499136bfd,zerver/views/webhooks/teamcity.py: Fix line with length greater than 120.,11330,Fix,ss62171,1,2
7199ee8f08,zerver/views/webhooks/taiga.py: Fix line with length greater than 120.,11330,Fix,ss62171,1,2
3e17011f9c,zerver/views/webhooks/pivotal.py: Fix line with length greater than 120.,11330,Fix,ss62171,1,2
c437659cd9,zerver/views/webhooks/pingdom.py: Fix line with length greater than 120.,11330,Fix,ss62171,1,2
7ddb254d2e,zerver/views/webhooks/circleci.py: Fix line with length greater than 120.,11330,Fix,ss62171,1,2
1323685140,zerver/views/webhooks/beanstalk.py: Fix line with length greater than 120.,11330,Fix,ss62171,1,2
569d14a826,zerver/views/webhooks/airbrake.py: Fix line with length greater than 120.,11330,Fix,ss62171,1,2
10afbc06f9,zerver/views/report.py: Fix line with length greater than 120.,11330,Fix,ss62171,1,2
24ba060421,Fix line with length greater than 120 in deliver_email.py.,11330,Fix,ss62171,1,2
014a13df7c,cache: Fix echoing of mkdir command to console.,11330,Fix,ss62171,1,1
ba3f9de9a9,zerver/lib/cache.py: Move remote_cache_prefix to var directory.,11330,Fix,ss62171,1,1
3869e6d008,Fix docs path in docs/README.md.,11330,Fix,ss62171,1,1
0c96d39f2e,Fix whitespace in CSS.,11330,Fix,ss62171,1,1
c389d22b5f,Fix twitter mock data.,11330,Fix,ss62171,1,1
4130170da8,bugdown: Fix string handling.,11330,Fix,ss62171,1,1
d34000b211,prod install docs: Make minor fixes and edits.,11330,Fix,ss62171,1,1
a07a810a2e,Fix regex for capturing frontned strings.,11330,Fix,ss62171,1,1
c7819ed177,Fix broken link to old FoundationDB integration.,11330,Fix,ss62171,1,1
f8a83fcb11,integrations: Fix top-of-page instructions appearing on every page.,11330,Fix,ss62171,1,1
599f12f94f,update-prod-static: Fix deploy path for language_options.json.,11330,Fix,ss62171,1,1
baeaf0f870,check-templates: Fix traceback with missing closing tag at end of file.,11330,Fix,ss62171,1,1
a7d2dab28f,Fix non-deterministic output from Taiga integration.,11330,Fix,ss62171,1,1
4f633bcd0b,zerver/lib/notifications.py: Fix string encoding/decoding.,11330,Fix,ss62171,1,1
34a251adb1,upload: Fix exception uploaded files with unknown content type.,11330,Fix,ss62171,1,1
636466ff8b,Fix unreliable tests for missed messages.,11330,Fix,ss62171,1,1
564d41644d,deactivated: Fix whitespace around before the . end of sentence.,11330,Fix,ss62171,1,1
8257701dc9,Fix formatting & capitalization in testing doc.,11330,Fix,ss62171,1,1
850d8d1181,"Fix formatting, capitalization, & grammar in mypy doc.",11330,Fix,ss62171,1,1
0b7788be6b,Fix indentation in compose.html.,11330,Fix,ss62171,1,1
d424813687,Fix indentation in deactivated.html.,11330,Fix,ss62171,1,1
52af46a74b,Fix whitespace in keyboard_shortcuts.html,11330,Fix,ss62171,1,1
2ece2192d9,Fix misspelling in HTML CSS documentation.,11330,Fix,ss62171,1,1
5d990c28d0,Fix running run-mypy from any working directory.,11330,Fix,ss62171,1,1
497142d7b1,Fix running test-backend from any working directory.,11330,Fix,ss62171,1,1
b39e113fef,settings: Fix path to dev-secrets.conf with arbitrary working directory.,11330,Fix,ss62171,1,1
ace8ae8301,puppet: Fix supervisor restart rule catching itself in pgrep.,11330,Fix,ss62171,1,1
801bcdd956,zerver/tests/tests.py: Fix non-deterministic failure.,11330,Fix,ss62171,1,1
494ea4a4f4,Fix end tags in 404/5xx pages.,11330,Fix,ss62171,1,2
704c57a141,Fix end tag issues in api.html,11330,Fix,ss62171,1,1
ffe79e0d50,Fix EPMD restart being attempted on every puppet apply.,11330,Fix,ss62171,1,1
a8a4caf2c0,zerver: Fix lines with length greater than 120.,11330,Fix,ss62171,1,2
8b92775daa,README.dev.md: Fix path to emoji_dump scripts.,11330,Fix,ss62171,1,1
6fd8906358,rename_stream.py: Fix broken code.,11330,Fix,ss62171,1,1
17cb6e00bd,create_stream.py: Fix broken code.,11330,Fix,ss62171,1,1
98db1d996f,email_mirror: Fix some indentation issues.,11330,Fix,ss62171,1,1
05046d9288,bugdown's codehilite.py: Fix annotations in python 3 mode.,11330,Fix,ss62171,1,2
192663edcf,zerver/lib/narrow.py: Fix annotations.,11330,Fix,ss62171,1,1
95b6e668a7,zerver/lib/actions.py: Fix annotations.,11330,Fix,ss62171,1,1
de19b24f74,zerver/lib/handlers.py: Fix an annotation.,11330,Fix,ss62171,1,1
4761cc27dd,zerver/middleware.py: Fix annotations.,11330,Fix,ss62171,1,1
6c38023cbb,REAMDE: Fix (transifex) to [transifex].,11330,Fix,ss62171,1,1
cccf748244,index.html: Fix webpack URL.,11330,Fix,ss62171,1,1
a78c1b9750,Fix casper tests hanging while development server is running.,11330,Fix,ss62171,1,1
b76dc9bf4e,zerver/lib/upload.py: Fix string types.,11330,Fix,ss62171,1,1
abc2c03b0f,Fix missing 'current_url' value in registration flow.,11330,Fix,ss62171,1,1
c8aae360be,test-backend: Fix spelling of an example in usage text.,11330,Fix,ss62171,1,1
2cba2caa7f,zerver/lib/test_helpers.py: Fix string annotations.,11330,Fix,ss62171,1,1
b305af05b3,Fix string annotations in custom cursors.,11330,Fix,ss62171,1,1
fd7cb3fc2b,docs: Fix hardcoding of links to zulip.readthedocs.io.,11330,Fix,ss62171,1,1
31f7fb2fa0,docs: Fix new feature tutorial link to testing docs.,11330,Fix,ss62171,1,1
40aa8a2336,clean-venv-cache: Fix python 3 compatibility.,11330,Fix,ss62171,1,2
acd7ff7aff,Fix typo in Recipient comment.,11330,Fix,ss62171,1,1
a05c03d3b5,test_messages: Fix trying to login as a bot user.,11330,Fix,ss62171,1,1
370b38696a,test_messages: Fix broken huddle messages test.,11330,Fix,ss62171,1,1
66d1867869,zilencer's populate_db.py: Fix string types.,11330,Fix,ss62171,1,1
f20699b615,zerver/lib/statistics.py: Fix annotations.,11330,Fix,ss62171,1,1
a32f83b182,zerver/views/webhooks/github.py: Fix string literals.,11330,Fix,ss62171,1,1
fa4adf0c62,zerver/views/webhooks/bitbucket.py: Fix an annotation.,11330,Fix,ss62171,1,1
36c2214d94,zerver/views/webhooks/bitbucket.py: Fix string literals.,11330,Fix,ss62171,1,1
788853a632,urls: Fix over-broad /users/email regexs in urls.py.,11330,Fix,ss62171,1,1
810d392947,urls: Fix mis-indented URLs entries.,11330,Fix,ss62171,1,1
e6861636c8,Fix editing messages by adding or removing leading /me.,11330,Fix,ss62171,1,1
2080038e7c,Fix Jinja2 conversion bug in placeholder email value.,11330,Fix,ss62171,1,1
33e6b471e2,Fix spelling of mesage_count_by_recipient_subject.,11330,Fix,ss62171,1,1
250781e843,Fix HTTP Basic Auth popups caused by auth failures.,11330,Fix,ss62171,1,1
f39c9161fe,Fix fetching user API keys via settings page when using LDAP backend.,11330,Fix,ss62171,1,1
1565ee8453,Fix using LDAP backend with Zulip mobile apps.,11330,Fix,ss62171,1,1
f68a392250,Run django.setup() after coverage.start() in tests to fix coverage report.,11330,Fix,ss62171,1,1
4149b0bb56,Fix path to hash_req.py in provision.py.,11330,Fix,ss62171,1,1
8939dc1cdd,Fixed broken Docker linux installation link.,11330,Fix,ss62171,1,1
a2668a2853,zerver/lib/notifications.py: Fix an annotation.,11330,Fix,ss62171,1,1
134b165b1a,Fix frontend translation string bug.,11330,Fix,ss62171,1,1
eb71173be3,lint: Fix warnings under confirmation/.,11330,Fix,ss62171,1,1
13f62da4ce,zerver/lib/rate_limiter.py: Fix annotations.,11330,Fix,ss62171,1,1
018041625c,zerver/lib/html_diff.py: Fix annotations.,11330,Fix,ss62171,1,1
68823767e2,zerver/lib/digest.py: Fix annotations.,11330,Fix,ss62171,1,1
d117ec8664,lint: Fix redundant stripping of strings.,11330,Fix,ss62171,1,1
e109b50152,Fix alignment of airbrake integration in urls.py.,11330,Fix,ss62171,1,1
744007f33f,zerver/lib/bugdown/__init__.py: Fix string types.,11330,Fix,ss62171,1,1
04f44b12ad,zerver/lib/bugdown/testing_mocks.py: Fix types.,11330,Fix,ss62171,1,1
7db0765a18,zerver/lib/bugdown/fenced_code.py: Fix types.,11330,Fix,ss62171,1,1
a485d63975,zerver/lib/bugdown/__init__.py: Fix non-string annotations.,11330,Fix,ss62171,1,1
eafb91719c,get_tweet_id: Fix return type to by None.,11330,Fix,ss62171,1,1
b65c187398,Fix docker instructions using port 80 on localhost.,11330,Fix,ss62171,1,2
98553e8caa,zerver/lib/push_notifications.py: Fix strings.,11330,Fix,ss62171,1,1
78565a96c9,zerver/lib/notifications.py: Fix string annotations.,11330,Fix,ss62171,1,1
10dd9addb7,Fix ChangeSettingsTest caching issue causing test failures.,11330,Fix,ss62171,1,1
9e6b9dacf6,test-migrations: Fix missing exit status on error.,11330,Fix,ss62171,1,1
7f06fec9d5,Fix spelling of _streams_deferred.,11330,Fix,ss62171,1,1
72ed1f4187,Fix python 3 pyflakes error.,11330,Fix,ss62171,1,2
5b1cfbc977,bugdown: Fix extraction of titles for uploaded files.,11330,Fix,ss62171,1,1
0f8d33c488,Fix URL for zulip_main.png for i18n site.,11330,Fix,ss62171,1,1
c8d139b2b1,Fix emoji urls interaction with i18n.,11330,Fix,ss62171,1,1
6f5ed6e7c9,Fix annotations clashing with Stream model fields.,11330,Fix,ss62171,1,1
5a5934a76f,Fix annotations clashing with Message model fields.,11330,Fix,ss62171,1,1
71e613424b,Fix annotations clashing with UserProfile's model fields.,11330,Fix,ss62171,1,1
9d7a2fdf9d,zerver/views/streams.py: Fix annotations.,11330,Fix,ss62171,1,1
d169cc5376,zerver/lib/bulk_create.py: Fix string annotations.,11330,Fix,ss62171,1,1
17b9422546,zerver/models.py: Fix regex strings.,11330,Fix,ss62171,1,1
81759d56be,zerver/models.py: Fix string annotations in UserPresence.,11330,Fix,ss62171,1,1
e11bec28c2,zerver/models.py: Fix annotations (str -> text_type).,11330,Fix,ss62171,1,1
39060aa221,zerver/models.py: Fix annotations related to Message.,11330,Fix,ss62171,1,1
2841aa642d,Fix annotations related to make_safe_digest and hashes.,11330,Fix,ss62171,1,1
10f2ec043d,Fix zerver.lib.utils.generate_random_token.,11330,Fix,ss62171,1,1
0cc7a6583c,zerver/models.py: Fix last_reminder_tzaware annotation.,11330,Fix,ss62171,1,1
8acc51218e,Fix realm emoji and realm filter annotations.,11330,Fix,ss62171,1,1
f82b28e835,zerver/lib/cache.py: Fix get_cache_backend's annotation.,11330,Fix,ss62171,1,1
ddd44189a9,Fix coverage reporting on GitHub homepage.,11330,Fix,ss62171,1,1
8b9c66aac5,Fix missing $ at end of webhook URL patterns.,11330,Fix,ss62171,1,1
110d278b86,Fix api/endpoints.html template.,11330,Fix,ss62171,1,1
7c80456321,Fix and re-enable test_file_upload_authed.,11330,Fix,ss62171,1,1
13bac1cc2a,Fix serving files uploaded to S3.,11330,Fix,ss62171,1,1
f9951bb1ca,Fix uploading files when using Zulip in another language.,11330,Fix,ss62171,1,1
23ff717bee,Fix annotations: zerver.lib.upload.,11330,Fix,ss62171,1,1
60f6616030,people.js remove: Fix case-sensitive email matching.,11330,Fix,ss62171,1,1
567c0796f9,Filter: Fix case-sensitive comparisons of email addresses.,11330,Fix,ss62171,1,1
0bf2d171ae,Fix fading of messages in dialog and users in side-bar.,11330,Fix,ss62171,1,1
a4704ba8b2,event_queue: Fix deque values type annotation.,11330,Fix,ss62171,1,1
29ec2a328b,Fix save in topic edit also saving message content edit box.,11330,Fix,ss62171,1,1
0ab6b99cbb,Fix backend i18n bug.,11330,Fix,ss62171,1,1
3092f509b0,Fix Handlebars translations.,11330,Fix,ss62171,1,1
c5b56c15de,Fix placement of EDITED in one line status messages.,11330,Fix,ss62171,1,1
6f59683324,Fix and clarify architecture overview.,11330,Fix,ss62171,1,1
7a5bbe040b,Fix flaky casper test for messsage edits,11330,Fix,ss62171,1,1
0f960e04c4,Fix flaky casper test in admin page.,11330,Fix,ss62171,1,1
9c5f15e89b,models: Fix use of non-lazy ugettext at import time.,11330,Fix,ss62171,1,1
f2320bf27f,Fix populate_db send_messages annotation.,11330,Fix,ss62171,1,1
c6cfd21bd4,Readme: Fix links for readme.dev and readme.prod.,11330,Fix,ss62171,1,1
697125eeae,Fix coveralls badge to point to the right branch.,11330,Fix,ss62171,1,1
3a0eb01dda,test_messages: Fix huddle test failing when not on Internet.,11330,Fix,ss62171,1,1
03debdf82f,Fix malformed error message when creating invalid Realm Emoji.,11330,Fix,ss62171,1,1
1552b9308b,Fix apnsclient import to match version 0.1.8 used in production.,11330,Fix,ss62171,1,2
f97b025a33,push_notifications: Fix incorrect Connection import.,11330,Fix,ss62171,1,1
072551a94e,Fix most redownloading in 'vagrant reload --provision'.,11330,Fix,ss62171,1,1
cf15b0b4e6,Fix hanging nc and 'invalid wait time' error on Trusty.,11330,Fix,ss62171,1,1
a45bde7822,Docs: Fix typos in docs.,11330,Fix,ss62171,1,1
dac8f7d923,Fix buggy extraction of EMAIL_GATEWAY_PASSWORD.,11330,Fix,ss62171,1,1
86f7695b8c,"Fix style, formatting in Bugdown docs.",11330,Fix,ss62171,1,1
a2b48f05e5,zerver/lib/actions.py: Fix return values.,11330,Fix,ss62171,1,1
1ea6171179,Fix an annotation in zerver/lib/cache.py.,11330,Fix,ss62171,1,1
459c6640bf,Fix type annotations in zerver/lib/alert_words.py.,11330,Fix,ss62171,1,1
95d059bfb3,Fix typo in zerver/lib/actions.py.,11330,Fix,ss62171,1,1
bd63caed96,Fix exclude startegy in tools/lister.py.,11330,Fix,ss62171,1,1
cadbe64265,Fix venv files being included in coverage reports in CI.,11330,Fix,ss62171,1,1
e4707af2e2,test-backend: Fix venv files being included in coverage reports.,11330,Fix,ss62171,1,1
425363ced4,Fix non determinism bug in casper tests.,11330,Fix,ss62171,1,1
e6d33e8834,jslint: Fix typo.,11330,Fix,ss62171,1,1
e781136132,Fix subscribing to existing streams when can_create_streams=False.,11330,Fix,ss62171,1,1
34d2c505e9,Fix typos in README.md.,11330,Fix,ss62171,1,1
efd24b374e,analytics: Fix cnts variable reuse with different type.,11330,Fix,ss62171,1,1
99b73c2728,digest emails: Fix typo in remaining_unread_pms_count.,11330,Fix,ss62171,1,1
c270b94b21,"Fix formatting, grammar, and style in Yo integration docs.",11330,Fix,ss62171,1,1
261dac25a5,Fix skipping to latest messages (fast_forward_pointer).,11330,Fix,ss62171,1,1
f2aee961e1,test_auth_backends: Fix unused variables.,11330,Fix,ss62171,1,1
b28b3cd65c,CVE-2016-4427: Fix access by deactivated realms/users.,11330,Fix,ss62171,1,1
b31ac1eca9,Fix users in deactivated realms sending webhook messages.,11330,Fix,ss62171,1,1
07fc47f953,CVE-2016-4426: Fix non-admin users having access to all bot API keys.,11330,Fix,ss62171,1,1
9cf18f8535,settings: Fix whitespace errors.,11330,Fix,ss62171,1,1
624258750c,confirmation: Fix trailing whitespace.,11330,Fix,ss62171,1,1
2a2cbd60c3,cache: Fix fragile active_bot_dicts_in_realm caching model.,11330,Fix,ss62171,1,1
fbc7e977ac,cache: Fix fragile active_user_dicts_in_realm caching model.,11330,Fix,ss62171,1,1
cec0530fd8,analytics: Fix reference to potentially null row.hours_per_user.,11330,Fix,ss62171,1,1
73b3f7a26e,settings: Fix new-style template LOADERS syntax.,11330,Fix,ss62171,1,1
d20791eb6a,docs/new-feature-tutorial: Fix typos in templates path.,11330,Fix,ss62171,1,1
c1a680e2a9,rate_limiter: Fix misplaced type annotation and cleanup code.,11330,Fix,ss62171,1,1
191201bd10,Fix unnecessary whitespace between % and (.,11330,Fix,ss62171,1,1
54022ac204,"Fix unnecessary whitespace between , and ).",11330,Fix,ss62171,1,1
9970341ede,Fix caching of install-phantomjs library in Travis CI.,11330,Fix,ss62171,1,1
762a3188ee,Fix missing whitespace after # in comments.,11330,Fix,ss62171,1,1
4241e01854,realm emoji: Fix realm-time updating of admin emoji table.,11330,Fix,ss62171,1,1
7a81524c97,event_queue: Fix import from wrong file.,11330,Fix,ss62171,1,1
22d407fe0b,docs/testing.rst: Fix typo and name of a package.,11330,Fix,ss62171,1,1
aebe7334a4,style: Fix missing :s between dict keys and values.,11330,Fix,ss62171,1,1
e9a76f98c3,Vagrantfile: Fix using Vagrant with LXC >= 2.,11330,Fix,ss62171,1,2
c9359bd75a,test_hooks: Fix missing assert_json_success checks.,11330,Fix,ss62171,1,1
e6cfd917a5,Fix settings.RATE_LIMITING=False for webhooks.,11330,Fix,ss62171,1,1
c83999fe52,Fix EXTRA_INSTALLED_APPS in development.,11330,Fix,ss62171,1,1
f5fe2d4bf7,Fix case-insensitive typeahead for emoji.,11330,Fix,ss62171,1,1
101148c49e,Fix typo and formatting in docs.,11330,Fix,ss62171,1,1
21161a8adb,Add memcached_prefix to .gitignore.,11330,Fix,ss62171,1,1
ae047f8551,Fix slightly ugly login page URL of /login?next=/.,11330,Fix,ss62171,1,1
c2237c60c0,deactivate_realm: Fix help string.,11330,Fix,ss62171,1,1
552caf661a,Caching: Fix 'update_fields' not being present in .delete(),11330,Fix,ss62171,1,1
a72385246e,Fix missing whitespace after '=' in python/js code.,11330,Fix,ss62171,1,1
78febc3abb,Fix missing newlines at end of .txt files.,11330,Fix,ss62171,1,1
1a162ecb97,Fix tab-based whitespace in stress-test README file.,11330,Fix,ss62171,1,1
5195d1ecb7,Fix missing newlines at ends of JSON files.,11330,Fix,ss62171,1,1
4ce4f88a03,Fix formatting in directory-structure.rst.,11330,Fix,ss62171,1,1
74abd47684,Fix EMAIL_GATEWAY_BOT not being set by default in production.,11330,Fix,ss62171,1,1
26463bb34d,Fix nondeterministic subscriptions for default test users.,11330,Fix,ss62171,1,1
47879c5e00,Fix nondeterminism in test_successful_subscriptions_add.,11330,Fix,ss62171,1,1
fb55fcef1e,Fix missing zerver/tests/__init__.py.,11330,Fix,ss62171,1,1
5733c32705,Fix install-phantomjs being called before chdir to ZULIP_PATH.,11330,Fix,ss62171,1,1
f4bd35678e,Fix missing whitespace after :s in CSS.,11330,Fix,ss62171,1,1
64e527ff34,Fix ordering of documentation blocks in /integrations.html.,11330,Fix,ss62171,1,1
6969c26dfa,provision: Fix hardcoding of trusty codename.,11330,Fix,ss62171,1,1
caba24b2af,Fix existing trailing whitespace in bash scripts.,11330,Fix,ss62171,1,1
ba30713078,Fix whitespace linting errors in html files.,11330,Fix,ss62171,1,1
88b0c12193,Fix whitespace linting errors in handlebars templates.,11330,Fix,ss62171,1,1
fe77559164,Fix broken link to Google Play store badge.,11330,Fix,ss62171,1,1
a7f83c9e05,Fix check_postgres_replication_lag nagios command.,11330,Fix,ss62171,1,1
69a8925076,check_user_zephyr_mirror_liveness: Fix importing settings.,11330,Fix,ss62171,1,1
569d1240d0,Exit with 1 in py3k when fixers find an issue.,11330,Fix,ss62171,1,1
0af154a301,Apply Python 3 futurize transform libfuturize.fixes.fix_absolute_import.,11330,Fix,ss62171,1,1
8a81f8c125,Apply Python 3 futurize transform libfuturize.fixes.fix_print_with_import.,11330,Fix,ss62171,1,1
f4aa609aea,Apply Python 3 futurize transform libmodernize.fixes.fix_file.,11330,Fix,ss62171,1,1
be0a4f349d,Apply Python 3 futurize transform libmodernize.fixes.fix_filter.,11330,Fix,ss62171,1,1
93b3feda43,Fix node test broken by reloading changes.,11330,Fix,ss62171,1,1
6d2ae9abbc,Fix cleanup_event_queue being called multiple times during reload.,11330,Fix,ss62171,1,1
44ed90db85,Fix get_events restarting during an ongoing reload.,11330,Fix,ss62171,1,1
d3d9dc1557,README.prod.md - fix botsq typo.,11330,Fix,ss62171,1,1
2adf6d822f,puppet: Fix process_queue command lines to use the new argument style.,11330,Fix,ss62171,1,1
06b33da709,process_queue: Fix missing worker.setup() in single-threaded codepath.,11330,Fix,ss62171,1,1
6d0e868897,README.prod.md: Fix installation instructions to not hardcode version.,11330,Fix,ss62171,1,1
cc118824d5,README.prod.md: Fix a formatting typo.,11330,Fix,ss62171,1,1
294030ca04,Fix Travis failures due to redirects when downloading PhantomJS.,11330,Fix,ss62171,1,1
6137ae9902,Fix incorrect shell quoting in check_worker_memory.,11330,Fix,ss62171,1,1
210c2897e7,Fix check_worker_memory regular expression.,11330,Fix,ss62171,1,1
9607144bf2,Fix off-by-one error in presence list updating logic.,11330,Fix,ss62171,1,1
4bb48abc0d,Fix quoting bug in user presence update function.,11330,Fix,ss62171,1,1
b92e829d94,Fix incorrect dash used in non-Python dependency list.,11330,Fix,ss62171,1,1
49b55af9cd,Fix trello-to-zulip URL.,11330,Fix,ss62171,1,1
888f53de13,Fix collapsing messages in narrowed views.,11330,Fix,ss62171,1,1
888f53de13,Fix collapsing messages in narrowed views.,516,Collapsing message,kartikmaji,1,1
0b96e5e43f,Fix connection not being closed cleanly on event queue GC.,11330,Fix,ss62171,1,1
3f55e26a9f,Fix Tornado memory leak with synchronously handled requests.,11330,Fix,ss62171,1,1
12a5a3a6e1,Actually fix main Tornado memory leak of handler objects.,11330,Fix,ss62171,1,1
320428052a,Fix AsyncDjangoHandler view exception code path.,11330,Fix,ss62171,1,1
9e3c3e14f5,Partially apply Python 3 libmodernize.fixes.fix_dict_six.,11330,Fix,ss62171,1,1
851b0a871d,Fix python 3 decode error in zerver/tests.py.,11330,Fix,ss62171,1,2
3a46bae542,Fix shell script list computation to exclude files not in git.,11330,Fix,ss62171,1,1
d72b8b83f7,Fixed a typo in documentation.,11330,Fix,ss62171,1,1
1396eb7022,Fix Tornado memory leak of handler objects.,11330,Fix,ss62171,1,1
753ccf67b1,Fix regression when saving organization settings on administration page.,11330,Fix,ss62171,1,1
14130a84ca,Partially apply Python 3 transform libpasteurize.fixes.fix_newstyle,11330,Fix,ss62171,1,1
01bfa2d94d,Apply Python 3 futurize transform libmodernize.fixes.fix_unicode_type,11330,Fix,ss62171,1,1
b9e792c4e6,Apply Python 3 futurize transform libmodernize.fixes.fix_xrange_six,11330,Fix,ss62171,1,1
aa505b0d55,Apply Python 3 futurize transform libmodernize.fixes.fix_map,11330,Fix,ss62171,1,1
7b8cb105bf,Apply Python 3 futurize transform libmodernize.fixes.fix_imports_six,11330,Fix,ss62171,1,1
def027a1ec,Apply Python 3 futurize transform libmodernize.fixes.fix_filter,11330,Fix,ss62171,1,1
d3b63f9a2d,Apply Python 3 futurize transform libmodernize.fixes.fix_file,11330,Fix,ss62171,1,1
e83a2c8cc2,Apply Python 3 futurize transform libmodernize.fixes.fix_basestring,11330,Fix,ss62171,1,1
1941201075,Apply Python 3 futurize transform libfuturize.fixes.fix_raise,11330,Fix,ss62171,1,1
c59185e119,Apply Python 3 futurize transform libfuturize.fixes.fix_print_with_import,11330,Fix,ss62171,1,1
3e7827358e,Apply Python 3 futurize transform libfuturize.fixes.fix_next_call,11330,Fix,ss62171,1,1
e2d5ec1868,Apply Python 3 futurize transform lib2to3.fixes.fix_ws_comma,11330,Fix,ss62171,1,1
4fb549abe8,Apply Python 3 futurize transform lib2to3.fixes.fix_idioms,11330,Fix,ss62171,1,1
ab7287474e,Apply Python 3 futurize transform lib2to3.fixes.fix_has_key,11330,Fix,ss62171,1,1
f3d387e727,Apply Python 3 futurize transform lib2to3.fixes.fix_except,11330,Fix,ss62171,1,1
e804185ae6,Fix subscription button in notification bot announcements.,11330,Fix,ss62171,1,1
3bf54e7da7,Fix opacity for muted topics within muted streams in left sidebar.,11330,Fix,ss62171,1,1
4ec0d76586,Fixed a typo in README.dev.md,11330,Fix,ss62171,1,1
fc0a414fe6,Fixed markdown links in README and README.dev,11330,Fix,ss62171,1,1
668d0d9dfa,Fix performance issues with user presence list in large realms.,11330,Fix,ss62171,1,1
784a662707,Fix documentation around iOS not supporting a custom server.,11330,Fix,ss62171,1,1
2259ce62f8,tornado: Fix AsyncDjangoHandler get() and friends missing args/kwargs.,11330,Fix,ss62171,1,1
3469fd4bb2,Fix last remaining use of file() -> open().,11330,Fix,ss62171,1,1
d7b7ae2d0f,rundjango: Fix confusing return line in log_message_monkey.,11330,Fix,ss62171,1,1
3475a5c1ed,Fix test_runner.py fast_test_only return type.,11330,Fix,ss62171,1,1
fcc32b1093,Fix check_redis abuse of setting self.trim global.,11330,Fix,ss62171,1,1
693b9110df,Fix weird import of get_user_profile_by_email from decorator.py.,11330,Fix,ss62171,1,1
a2ef1642d1,Fix buggy report_error return value.,11330,Fix,ss62171,1,1
7595e4b05f,process_queue: Fix worker variable being accessed before initialization.,11330,Fix,ss62171,1,1
b34768837d,storage: Fix type error returning nothing in dry run case.,11330,Fix,ss62171,1,1
1ee0706511,Fix missing UTF-8 encoding.,11330,Fix,ss62171,1,1
df4ab3c788,run_dev: Fix return for twisted finish function.,11330,Fix,ss62171,1,1
10f15a2d00,middleware: Fix str/unicode type mismatch in statsd_path.,11330,Fix,ss62171,1,1
df1670ef59,Fix various float initialization to use 0.0 instead of 0.,11330,Fix,ss62171,1,2
999e4688d4,Fix missing return None in ZulipRemoteUserBackend.authenticate.,11330,Fix,ss62171,1,1
fc02ea9f67,do_add_default_stream: Fix return value if stream exists.,11330,Fix,ss62171,1,1
620411c0ea,Fix type mismatches in streams.py.,11330,Fix,ss62171,1,1
ee6062691a,Fix missing None in check_none_or return.,11330,Fix,ss62171,1,1
f03bfc5816,Fix missing prefix cache error output.,11330,Fix,ss62171,1,1
eee36618fe,run-dev: Fix overwritten manage_args variable with the wrong type.,11330,Fix,ss62171,1,1
e9f39922a0,notify_subscriptions_*: Fix use of leaked stream variable.,11330,Fix,ss62171,1,1
aad3bff193,Harden style rule for % comprehensions and fix existing errors.,11330,Fix,ss62171,1,1
206dc3aafc,Add python 3 compatibility check for libmodernize.fixes.fix_dict_six.,11330,Fix,ss62171,1,1
5bacda3662,python3: Fix usage of .keys()/.values() to handle iterators.,11330,Fix,ss62171,1,1
05a827c520,need_to_render_content: Fix comparison with None.,11330,Fix,ss62171,1,1
52f9574047,Fix missing python-six dependency for Zulip API.,11330,Fix,ss62171,1,1
1c73c992dd,Fix missing puppet dependencies on postgres package.,11330,Fix,ss62171,1,1
6943a142ea,Fix postgres errors in Travis CI again.,11330,Fix,ss62171,1,1
ed412281d0,Fix typo in Google OAuth error message.,11330,Fix,ss62171,1,1
186f563176,Fix deployment locks being leaked when a deployment fails.,11330,Fix,ss62171,1,1
e3435b9613,Fix broken link to the cute guinea pig image in tutorial.,11330,Fix,ss62171,1,1
6d29dd2884,Fix do_remove_default_stream handling of nonstandard input.,11330,Fix,ss62171,1,1
8099aa5470,Fix passing notifications_stream to set_default_streams.,11330,Fix,ss62171,1,1
c661bc17fb,"Fix support for having a unique, open realm.",11330,Fix,ss62171,1,1
408ff14be8,Fix parsing html_unescape.py in py3k test.,11330,Fix,ss62171,1,1
8b1d7d7018,Fix missing step in postfix_localmail installation documentation.,11330,Fix,ss62171,1,1
be9939b2ad,Fix tracebacks if HTTP_USER_AGENT is not specified.,11330,Fix,ss62171,1,1
64a142f0a2,Fix running postgres-init-db via a relative path.,11330,Fix,ss62171,1,1
2be7ac8d70,travis: Fix prompting for user input in production-helper.,11330,Fix,ss62171,1,1
44a9e1dff5,Fix for setting file upload size through settings file.,11330,Fix,ss62171,1,1
7395003e6a,"Fix buggy #! lines using ""/usr/bin/env python2.7 -u"".",11330,Fix,ss62171,1,1
16ae985807,profile_request: Fix get_old_messages_backend import.,11330,Fix,ss62171,1,1
5f25974737,Fix Javascript whitespace issues with {.,11330,Fix,ss62171,1,1
9b4c440e0d,apps: Fix linking to SSO versions of desktop app.,11330,Fix,ss62171,1,1
123f21c46b,README.prod: Fix old requirements documentation.,11330,Fix,ss62171,1,1
c3c4062ec7,Fix missing quotes in ADMIN_DOMAIN change docs.,11330,Fix,ss62171,1,1
0b77eb0291,Fix headings in installation instructions.,11330,Fix,ss62171,1,1
8181a0423f,Fix some small issues with the CentOS/Fedora instructions.,11330,Fix,ss62171,1,1
958ada9f44,admin: Fix deactivating bot users.,11330,Fix,ss62171,1,1
5161891fbd,admin: Fix reactivating bot users.,11330,Fix,ss62171,1,1
123791bfdd,Fix 'manage.py makemessages' errors.,11330,Fix,ss62171,1,1
33295180a9,Apply Python 3 futurize transform libmodernize.fixes.fix_unicode_type.,11330,Fix,ss62171,1,1
607eedfc25,Apply Python 3 futurize transform libmodernize.fixes.fix_zip.,11330,Fix,ss62171,1,1
f7878a61e1,Apply Python 3 futurize transform libmodernize.fixes.fix_xrange_six.,11330,Fix,ss62171,1,1
5ffb4deb8d,Apply Python 3 futurize transform libmodernize.fixes.fix_raise_six.,11330,Fix,ss62171,1,1
cd6f8e9191,Apply Python 3 futurize transform libmodernize.fixes.fix_map.,11330,Fix,ss62171,1,1
ffc900fe6e,Apply Python 3 futurize transform libmodernize.fixes.fix_int_long_tuple.,11330,Fix,ss62171,1,1
3b185ad4de,Apply Python 3 futurize transform libmodernize.fixes.fix_input_six.,11330,Fix,ss62171,1,1
2ea0663a4a,Apply Python 3 futurize transform libmodernize.fixes.fix_imports_six.,11330,Fix,ss62171,1,1
b3ac668779,Apply Python 3 futurize transform libmodernize.fixes.fix_filter.,11330,Fix,ss62171,1,1
651b011514,Apply Python 3 futurize transform libmodernize.fixes.fix_basestring.,11330,Fix,ss62171,1,1
7e63842003,Apply Python 3 futurize transform libfuturize.fixes.fix_raise.,11330,Fix,ss62171,1,1
f3783fb4a1,Apply Python 3 futurize transform libfuturize.fixes.fix_print_with_import.,11330,Fix,ss62171,1,1
f97649b35c,Apply Python 3 futurize transform libfuturize.fixes.fix_next_call.,11330,Fix,ss62171,1,1
9c66229456,Apply Python 3 futurize transform libfuturize.fixes.fix_absolute_import.,11330,Fix,ss62171,1,1
43abd83d1c,Apply Python 3 futurize transform lib2to3.fixes.fix_ws_comma.,11330,Fix,ss62171,1,1
2b61c0203d,Apply Python 3 futurize transform lib2to3.fixes.fix_repr.,11330,Fix,ss62171,1,1
daddf7c519,Apply Python 3 futurize transform lib2to3.fixes.fix_numliterals.,11330,Fix,ss62171,1,1
2398a370e2,Apply Python 3 futurize transform lib2to3.fixes.fix_ne.,11330,Fix,ss62171,1,1
06f6ee6566,Apply Python 3 futurize transform lib2to3.fixes.fix_idioms.,11330,Fix,ss62171,1,1
e9243d0f0b,Apply Python 3 futurize transform lib2to3.fixes.fix_has_key.,11330,Fix,ss62171,1,1
5ce6a3c8f9,Apply Python 3 futurize transform lib2to3.fixes.fix_funcattrs.,11330,Fix,ss62171,1,1
8c34c40924,Apply Python 3 futurize transform lib2to3.fixes.fix_except.,11330,Fix,ss62171,1,1
a36ac151ef,Fix newly invited users receiving private stream history.,11330,Fix,ss62171,1,1
c1686235cd,Fix construction of names in LDAP integration.,11330,Fix,ss62171,1,1
fb5192e85b,Fix typo in README.md.,11330,Fix,ss62171,1,1
dd2ccff22b,Fix indentation for Trac ticket description changes.,11330,Fix,ss62171,1,1
494797ea0a,Fix has_valid_realm logic following get_realm refactor.,11330,Fix,ss62171,1,1
32aea4c9dd,Fix get_unique_open_realm always returning None in production.,11330,Fix,ss62171,1,1
784ba7e066,Fix support for LDAP Authentication mechanism.,11330,Fix,ss62171,1,1
e8e38e911b,Fix casperjs tests in Travis CI.,11330,Fix,ss62171,1,1
a65656dd9d,Fix backwards-compatibility for old python-requests .json property.,11330,Fix,ss62171,1,1
a822118dcb,Fix a bunch of formatting issues in README.prod.md.,11330,Fix,ss62171,1,1
cd1fa6a42e,Fix notifications in Firefox by calling the constructor with 'new'.,11330,Fix,ss62171,1,1
2db2fcea18,Fix a puppet config to use SSO.,11330,Fix,ss62171,1,1
bec3c0943a,Fix validation that twitter creds are present.,11330,Fix,ss62171,1,1
1482a386c2,Fix documentation for how to enable ZulipLDAPAuthBackend.,11330,Fix,ss62171,1,1
d93d4c7216,Fix settings documentation of twitter keys.,11330,Fix,ss62171,1,1
e20bc9f9b3,"Fix ""by hand"" installation instructions.",11330,Fix,ss62171,1,1
b6c1f1d162,Fix incorrect name for email_password secret in settings template.,11330,Fix,ss62171,1,1
db51a1c547,Fix typo in jabber mirror error,11330,Fix,ss62171,1,1
b59b5cac35,Fix TypeError in Google OAuth authenticator.,11330,Fix,ss62171,1,1
94c35d8fb0,Fix 'python-django-guardian' download,11330,Fix,ss62171,1,1
1d40b2291c,Fix Markdown formatting of code blocks & snippets,11330,Fix,ss62171,1,1
3c3238d8e1,Fix puppet module name for voyager module.,11330,Fix,ss62171,1,1
2348a83678,postgres-init-db: Fix running with cwd=/root.,11330,Fix,ss62171,1,1
3c1c14a7cc,docs: Fixed a bunch of factual issues in coding style guidelines.,11330,Fix,ss62171,1,1
eff0d31dcd,Fix existing tab-based whitespace in the codebase.,11330,Fix,ss62171,1,1
176e3f4a54,Fix buggy yellow alert bar at top of admin page.,11330,Fix,ss62171,1,1
24dfa10556,Fix some test-related documentation in the README.,11330,Fix,ss62171,1,1
36445d1576,Fix running single frontend tests using just the test-names.,11330,Fix,ss62171,1,1
4e61c06903,Fix postgres syntax when creating zulip schema in production,11330,Fix,ss62171,1,1
1f2aa2fcab,Fix write_log_line for real.,11330,Fix,ss62171,1,1
51841d5bcb,Fix terms of service and Dropbox logo on website.,11330,Fix,ss62171,1,1
f1bf5ba24f,Fix write_log_line breakage for websockets.,11330,Fix,ss62171,1,1
2e5c82203d,Fix 05-settings.js test,11330,Fix,ss62171,1,2
3cfebbd9c0,Fix peer authentication error for process_fts_updates in run-dev.py,11330,Fix,ss62171,1,1
16e0f21687,Fix a bunch of Zulip Voyager related comments.,11330,Fix,ss62171,1,1
d88efef74b,Fix field name in get_bots_backend,11330,Fix,ss62171,1,1
e95dfd78ed,Fix production deployment script.,11330,Fix,ss62171,1,1
5c6cd40fe7,recipient_for_emails: Fix type error,11330,Fix,ss62171,1,1
1880e96a22,Fix tests broken by twenty-four-hour-time feature.,11330,Fix,ss62171,1,1
748f931999,Fix postgres users when re-provisioning,11330,Fix,ss62171,1,1
8cb7b759c6,"Add tests for new realm properties, fix revealed typo.",11330,Fix,ss62171,1,1
dc5a5ce1de,Fix lint error.,11330,Fix,ss62171,1,1
902edf5200,Fix comment typo in provision.py.,11330,Fix,ss62171,1,1
6e55b4df8a,Update directory-structure.rst content to fix internal references,11330,Fix,ss62171,1,1
5f74e6e76d,Fix a lint warning in notifications.py caught by newer pyflakes (0.9.1),11330,Fix,ss62171,1,1
e61de3e052,Fix invitation e-mail to use http:// in non-deployed case.,11330,Fix,ss62171,1,1
78f32dcbd8,Fix bug in dev login which showed email/password prompts on logins after the first.,11330,Fix,ss62171,1,1
f792b67098,Fix send_to_prod redirect to not run on the Dev VM.,11330,Fix,ss62171,1,1
ef50e74873,Fix up rST formatting in code-style.rst.,11330,Fix,ss62171,1,1
29ed28af00,Fix ZulipRemoteUserBackend for activating mirror dummies.,11330,Fix,ss62171,1,1
c6ca60d6dc,quick fixes to provision.py,11330,Fix,ss62171,1,1
dd71771a82,Fix syntax error in Vagrantfile,11330,Fix,ss62171,1,1
4702d8e9b3,Fix broken shebang in postgres-init-test-db,11330,Fix,ss62171,1,1
8ea139c772,Fix bugdown fixture for dummy camo key,11330,Fix,ss62171,1,1
2f88b7dcd0,fix test_messages; othello can't be created twice,11330,Fix,ss62171,1,1
d3822c5d7b,Fix initial stream subscription notification settings,11330,Fix,ss62171,1,1
6ba5271824,Fix the SSO path to support mirror dummies,11330,Fix,ss62171,1,1
d401d1cb47,Fix the scrolldown bug (T27850),11330,Fix,ss62171,1,1
f63ee86730,Fix login popup on cross-realm authenticated content previews,11330,Fix,ss62171,1,1
718a6ea697,Fix the message count in missed message email,11330,Fix,ss62171,1,1
a2c1fca488,Fix a dropbox preview test,11330,Fix,ss62171,1,1
0726ec5931,Fix a bug when uses_left starts out larger than 1,11330,Fix,ss62171,1,2
0bc2f43e32,Add a new postfix virtual address for missed message emails,11330,Fix,ss62171,1,1
7411ce9092,Fix Github webhook exclude_* options.,11330,Fix,ss62171,1,1
6ff3070c8e,Fix test related to bots form.,11330,Fix,ss62171,1,1
f62b9a199c,fix typo in rules.v4 for iptables,11330,Fix,ss62171,1,1
3cf0d40436,Fix the overflow issues on status messages,11330,Fix,ss62171,1,1
cb153967ec,Fix notifications on chrome,11330,Fix,ss62171,1,1
e4dbe57c10,Fix Google OAuth login by checking True as well as true in oauth response,11330,Fix,ss62171,1,1
410e557bad,fix old messages tests to use dynamic sql queries - ids were hardcoded.,11330,Fix,ss62171,1,1
f7535a0a1b,Fix traceback sending bot messages to invite-only stream.,11330,Fix,ss62171,1,1
d2d9d9cb01,Fix references to local_id and failed_request,11330,Fix,ss62171,1,1
08a6969f48,puppet: Fix zmirror apt source resource,11330,Fix,ss62171,1,1
5b080bd0cf,Fix one name_changes_disabled check,11330,Fix,ss62171,1,1
80db1b9feb,Fix test to not depend on timezones,11330,Fix,ss62171,1,1
55e762b069,Fix bug with date separators when prepending messages,11330,Fix,ss62171,1,1
456e735725,Fix autoscroll forever,11330,Fix,ss62171,1,1
9162ef3e0f,Fix wrong logic in handling local-only message edit saves,11330,Fix,ss62171,1,1
9aa3de0664,Fix GitHub tracebacks from issue['pull_request'] not existing.,11330,Fix,ss62171,1,1
400e355a2f,Fix passing string as user_profile to upload_message_image.,11330,Fix,ss62171,1,1
f760567b96,Fix topic edits that are initiated from the FRB.,11330,Fix,ss62171,1,1
96f6939284,Fix a few more unstyled 'cancel' buttons.,11330,Fix,ss62171,1,1
fb00ee79a0,Fix unstyled button on Settings stream notification propagation.,11330,Fix,ss62171,1,1
b343d322fe,Fix errant scrollbar in stream list,11330,Fix,ss62171,1,1
957486cc95,"Fix support for searches like ""in:home search:foo"".",11330,Fix,ss62171,1,1
f495f79c90,jabber_mirror: Fix Zulip error handling,11330,Fix,ss62171,1,1
4721a9093c,jabber_mirror: Add option to append a suffix to Zulip usernames,11330,Fix,ss62171,1,1
bf17ea0ee4,zephyr_mirror: Fix comment,11330,Fix,ss62171,1,1
213c0b49bc,api: Let generate_option_group prepend a prefix to added options,11330,Fix,ss62171,1,1
52d6973191,jabber_mirror: Fix anti-looping,11330,Fix,ss62171,1,1
2761f1338d,Fix stream color changes,11330,Fix,ss62171,1,1
7a97d01719,Fix broken viewport.message_viewport_info() calculations,11330,Fix,ss62171,1,1
ba0d3605ae,Fix stream list scrollbar visibility,11330,Fix,ss62171,1,1
0983809e6f,Fix URLs for stream/topic narrowing links in recipient bar.,11330,Fix,ss62171,1,1
6b200b3088,"Fix broken link for ""Link to this conversation"".",11330,Fix,ss62171,1,1
dc15546ba3,Fix horizontal scroll on stream list,11330,Fix,ss62171,1,1
8ea941e783,Fix bottom padding on stream list,11330,Fix,ss62171,1,1
a547043831,Fix search highlighting for message content and topics,11330,Fix,ss62171,1,1
efe8fe4650,Fix right sidebar offset to prevent it from overlapping the chevron,11330,Fix,ss62171,1,1
7ebb3ec05d,Fix message for PM outside current narrow,11330,Fix,ss62171,1,1
13045f953f,Fix casper tests,11330,Fix,ss62171,1,1
3cd33c0fea,Fix unread markers and selection border,11330,Fix,ss62171,1,1
f9d5a02710,Fix bug that hid digest email settings box for customers.,11330,Fix,ss62171,1,1
5ad256fee7,Fix navigating away from the page in Firefox,11330,Fix,ss62171,1,1
3a9bdec149,Fix false positives in assert_same_operators in filter tests.,11330,Fix,ss62171,1,1
47b877357d,Fix test to actually test Filter with default parameters.,11330,Fix,ss62171,1,1
7822be5cd9,Fix failing stream sidebar node test,11330,Fix,ss62171,1,1
d0572f50fb,Miscellaneous style fixes for narrow window mode,11330,Fix,ss62171,1,1
b00ebd1bdf,Miscellaneous fixes to message pane redesign,11330,Fix,ss62171,1,1
01a04c3169,Add offsets to fixed elements based on the width of the browser scrollbar.,11330,Fix,ss62171,1,1
320c2b8eaf,Fix casper tests for redesign,11330,Fix,ss62171,1,1
de8509e40d,Fix broken template test.,11330,Fix,ss62171,1,1
dc71961dd9,Fix showing stream names on dark background,11330,Fix,ss62171,1,1
4c4cd1ed8e,Fix top notification display to appear above the floating recipient bar,11330,Fix,ss62171,1,1
2c56e692a2,Fix floating recepient bar hiding when switching to settings pages,11330,Fix,ss62171,1,1
235baf5187,Fix showing the private message floating recipient bar,11330,Fix,ss62171,1,1
9dd8779a3a,Fix stream color change logic,11330,Fix,ss62171,1,1
9d68048d1d,Fix edited message squashing against the timestamp,11330,Fix,ss62171,1,1
78a3da7fbe,Fix issues with message editing and status message layouts,11330,Fix,ss62171,1,1
14281de262,"Fix brittle layout for ""Keyboard shortcuts"" help.",12535,Keyboard shortcut,YashRE42,1,1
14281de262,"Fix brittle layout for ""Keyboard shortcuts"" help.",11330,Fix,ss62171,1,1
6c4295ed5b,Fix broken Django templates on confirmation error page.,11330,Fix,ss62171,1,1
d7e4429bb7,"Revert ""Add adjustments for browsers with fixed scrollbar""",11330,Fix,ss62171,1,1
044e3ced4f,Fix how the hash URL is build for IE support,11330,Fix,ss62171,1,1
fcb8c106b1,Fix saving of pointer on server-initiated reload when narrowed.,11330,Fix,ss62171,1,1
f4c514fbf3,hashchange: Fix indentation on main switch statement.,11330,Fix,ss62171,1,1
addfcbfc30,Add adjustments for browsers with fixed scrollbar,11330,Fix,ss62171,1,1
c63f881518,Fix inverted boolean check for local messages in topic propagation,11330,Fix,ss62171,1,1
10b24f77b6,Fix misc. uses of search tuples.,11330,Fix,ss62171,1,1
4891da83ad,Fix autolinkification in Zephyr mirrored content.,11330,Fix,ss62171,1,1
602f7f96e5,Move postfix inclusion from public app_frontend to internal manifest,11330,Fix,ss62171,1,1
dbcc406272,Fix blueslip warning for stream email_address updates.,11330,Fix,ss62171,1,1
30a6fd3bd7,[manual] Enable postfix email mirror on staging,11330,Fix,ss62171,1,1
de56b947d4,Remove unused postfix aliases file.,11330,Fix,ss62171,1,1
662459b9e1,Fix do_rename_stream to update the stream's email address.,11330,Fix,ss62171,1,1
cfb2312cb6,Fix test_pointer_events by having it call do_update_pointer.,11330,Fix,ss62171,1,1
c504435bc3,"Blacklist more paths, and fix paths with / to use . instead",11330,Fix,ss62171,1,1
9224d4b521,Fix comment in meets_goal() function in activity reports.,11330,Fix,ss62171,1,1
4b30afbb27,Fix display of unread counts.,11330,Fix,ss62171,1,1
2b1a5ae141,Fix postgres-init-db shebang line,11330,Fix,ss62171,1,1
a2d989b318,Fix typo,11330,Fix,ss62171,1,1
90995889fc,Fix scroll when muting and unmuting streams,11330,Fix,ss62171,1,1
21c2aea755,Fix scroll position on narrow and unnarrow,11330,Fix,ss62171,1,1
b0c5e2dbd0,Fix scroll on opening subscriptions details,11330,Fix,ss62171,1,1
20457d695d,Fix starring/unstarring of messages.,11330,Fix,ss62171,1,1
1016686397,Typo fix in day2 email.,11330,Fix,ss62171,1,1
7151af5119,Fix disabling of markdown for mit.edu.,11330,Fix,ss62171,1,1
7085dca1ce,Fix the Admin page not working for newly-knighted users.,11330,Fix,ss62171,1,1
aca5586cc0,Fix command line help for ./manage.py show_admins,11330,Fix,ss62171,1,1
91fb4f6b8c,Fix clicking on link to message when sending outside this narrow,11330,Fix,ss62171,1,1
07344bb283,Fix github hook when receiving commit_comments,11330,Fix,ss62171,1,1
6fff91493c,Fix bug in apply_events() for removing subscribers.,11330,Fix,ss62171,1,1
6d64427c46,Fix email mirror.,11330,Fix,ss62171,1,1
3b07c164fb,Fix realm filters with  multiple groups,11330,Fix,ss62171,1,1
d7c274fcfa,Fix paths in backup script.,11330,Fix,ss62171,1,1
6aaa11027f,Fix the Desktop App banner covering top links in the left sidebar.,11330,Fix,ss62171,1,1
6d332151d2,Fix confusion of type_id and type in tests,11330,Fix,ss62171,1,1
bc6da3717f,Fix obscure bug with page_params.is_bot.,11330,Fix,ss62171,1,1
f05d817fb4,Fix building subscribe buttons for realms with a notification stream,11330,Fix,ss62171,1,1
226d894257,Prefix apple-specific APNS logs with APNS:,11330,Fix,ss62171,1,1
8f9d29189c,Fix undefined operator in search suggestions.,11330,Fix,ss62171,1,1
3dbc7d3524,"Fix ""closers"" of github issues/PRs in our webhook.",11330,Fix,ss62171,1,1
1edcbfb8b0,Fix tab bar for embedded topic narrows.,11330,Fix,ss62171,1,1
6443aead67,Fix scrolling when unnarrowing after reading new messages.,11330,Fix,ss62171,1,1
d8d1d6ea40,Fix narrowing to PMs with yourself,11330,Fix,ss62171,1,1
c943ca6b0d,Fix compose_invite_users alert bar being being visible on page load.,11330,Fix,ss62171,1,1
a8825e1c5d,Fix linting for zerver/lib/tornado_ioloop_logging.py with older pyflakes.,11330,Fix,ss62171,1,1
a05e24667e,Fix split command for names.,11330,Fix,ss62171,1,1
f971d36515,Fix typo in comment,11330,Fix,ss62171,1,1
760d3e78d9,Fix stream color updates for left borders of messages.,11330,Fix,ss62171,1,1
4fb3b39077,Fix unread indicator animation,11330,Fix,ss62171,1,1
75d1366ae1,Fixes how user input is escaped in stream and topic regexes,11330,Fix,ss62171,1,1
20f3b3af8f,Fix zulip->zulip_internal puppet path change for apns checker,11330,Fix,ss62171,1,1
2c87cb5101,Fix OurAuthenticationForm return value for invalid accounts.,11330,Fix,ss62171,1,1
e0c9397c62,Fix query count for test_bulk_message_fetching.,11330,Fix,ss62171,1,1
2a8f0b4b3b,Fixed expected_messages in casper tests,11330,Fix,ss62171,1,1
14c0f3def9,Fix the path in postgres-init-db to get-django-setting,11330,Fix,ss62171,1,1
827cd50849,Fix invisible unread marker issue,11330,Fix,ss62171,1,1
1b59bb82b9,Fix the overflowing message pane issue.,11330,Fix,ss62171,1,1
12b921c9a3,[verify after deploy] Fix API endpoint docs.,11330,Fix,ss62171,1,1
9ace9232b7,Fix OSX settings-gear-vs.-scrollbar annoyance.,11330,Fix,ss62171,1,1
a20894d847,digest: fix generator bug not producing correct deployment comparison.,11330,Fix,ss62171,1,1
8c15b89278,Fix handlebars.handlebars typo.,11330,Fix,ss62171,1,1
c7ce0547f4,Some proposed CSS fixes for divs from Allen.,11330,Fix,ss62171,1,1
c7ce0547f4,Some proposed CSS fixes for divs from Allen.,8781,CSS Fixes,synicalsyntax,1,1
71a55808f7,Fix repeated get_updates resets due to unsuspend event handler errors.,11330,Fix,ss62171,1,1
8c8c5337ef,UserPresenceTests: Fix use of API auth with json view.,11330,Fix,ss62171,1,1
411b0a8777,Fix EXTERNAL_API_PATH and friends for prod and localhost.,11330,Fix,ss62171,1,1
73643acd03,Fix muting the last stream in the home view.,11330,Fix,ss62171,1,1
0a1febacb3,Fix traceback loading the app with all streams muted.,11330,Fix,ss62171,1,1
d62ca820db,puppet: Fix permissions on /etc/cron.d/log2zulip.,11330,Fix,ss62171,1,1
3418c1852f,Fix copy/paste for bot user names and API keys.,11330,Fix,ss62171,1,1
af347acf99,Fix narrow stream event queues with all event types.,11330,Fix,ss62171,1,1
b6acbe040c,Fix missing nginx service notifications on configuration changes.,11330,Fix,ss62171,1,1
c872866289,puppet: Fix nginx upstreams for staging.,11330,Fix,ss62171,1,1
1ca8804468,Fix renaming streams.,11330,Fix,ss62171,1,1
f8fe9d1dd4,Fix check_worker_memory process list computation.,11330,Fix,ss62171,1,1
7800a34d84,Fix json_unhandled_exception handling of JsonableError.,11330,Fix,ss62171,1,1
11aec0104e,fix bug where the composebox may obscure message editing,11330,Fix,ss62171,1,1
29907f3c71,Fix javascript bug in maybe_autoscroll.,11330,Fix,ss62171,1,1
685830b66a,Fix broken image links for missed PM and digest emails.,11330,Fix,ss62171,1,1
70b8d09391,digest: Fix erroneous early return giving us only 1 hot conversation.,11330,Fix,ss62171,1,2
a3d67a7fe7,Fix apply_events for subscription events to actually match.,11330,Fix,ss62171,1,1
8af0fae335,Fix missing muted topics in apply_events.,11330,Fix,ss62171,1,1
ae4d214c49,Fix longpolling treatment for api.zulip.com/v1/events.,11330,Fix,ss62171,1,1
da69fc19de,Fix width checks for skinny mode.,11330,Fix,ss62171,1,1
0a952b1a66,Fix abuse of bugging login behavior with API URLs.,11330,Fix,ss62171,1,1
86fe801944,Fix default propagate mode name to use proper _ conventions.,11330,Fix,ss62171,1,1
fcf6ec16aa,Fix pruning of event queues that only had virtual events.,11330,Fix,ss62171,1,1
b10278c8e0,events: Fix incorrectly empty event queues with virtual events.,11330,Fix,ss62171,1,1
df730ec163,Fix json_unauthorized.,11330,Fix,ss62171,1,1
5e9ff76d26,Fix API documentation method for register endpoint.,11330,Fix,ss62171,1,1
a59760883d,Fix JS error when sending a PM outside your current narrow,11330,Fix,ss62171,1,1
8a56bc70a4,Fix background color typo,11330,Fix,ss62171,1,1
6443a3ed78,Fix create_preregistration_user to properly handle completely open realms.,11330,Fix,ss62171,1,1
f70878e6c5,Fix aggregation rules for endtoend time,11330,Fix,ss62171,1,1
abeb29c226,Fix incorrect proxy_pass location for staging longpolling.,11330,Fix,ss62171,1,1
657a750550,socket: Fix spelling,11330,Fix,ss62171,1,1
953c3578dc,external-sso.conf: Fix missing proxy_set_header.,11330,Fix,ss62171,1,1
bd68884607,Fix documentation for email gateway on Zulip Enterprise.,11330,Fix,ss62171,1,1
97dd4b0cb3,Fix the whitespace in the Zulip Nagios config.,11330,Fix,ss62171,1,1
56e5bce173,Fix bugs in our API endpoint documentation.,11330,Fix,ss62171,1,1
1a21db1170,Fix problem with presence list popovers persisting,11330,Fix,ss62171,1,1
878e07a5d8,Fix doubled query count logging when DEBUG=True.,11330,Fix,ss62171,1,1
ad9659ea54,events: Fix zulip_finish to not make assumptions about how queues work.,11330,Fix,ss62171,1,1
16f3f585c3,Fix composebox typeahead tests.,11330,Fix,ss62171,1,1
ef906c3cd3,Fix traceback when unnarrowing before home message list has loaded.,11330,Fix,ss62171,1,1
10bce7ffe8,"Revert ""Fix loading event queues that don't have a virtual_events attribute""",11330,Fix,ss62171,1,1
53059bb10c,Fix lint issues with recent pointer bug fix.,11330,Fix,ss62171,1,1
3d9ad287fa,Fix weird scrolling bug in Chrome on OSX.,11330,Fix,ss62171,1,1
ce00fe0cd5,Fix loading event queues that don't have a virtual_events attribute,11330,Fix,ss62171,1,1
eb9f7a04b7,Rewrite topic zoom to fix bugs and make cleaner.,11330,Fix,ss62171,1,1
3971f18de8,loadbalancer: Fix missing location-sockjs config.,11330,Fix,ss62171,1,1
4d7b4b007a,Fix sync_ldap_user_data log path.,11330,Fix,ss62171,1,1
3665a0e289,Fix permissions issues with upgrade-zulip from /root path.,11330,Fix,ss62171,1,1
40b6761e37,Fix short-circuiting of filters with certain narrow keywords.,11330,Fix,ss62171,1,1
be2d546ffe,Fix narrowing links in message popovers.,11330,Fix,ss62171,1,1
9f2af6fd0d,puppet: Fix postgres_primary alias,11330,Fix,ss62171,1,1
81881aa682,Fix stream highlight height in Safari,11330,Fix,ss62171,1,1
1d4a92ec0e,Layout fixes for settings page,11330,Fix,ss62171,1,1
8bfbaab1d5,Fix typo in puppet directories for zulip_internal.,11330,Fix,ss62171,1,1
5973f20b69,"fix use of EXTERNAL_URL to EXTERNAL_HOST, and some typos",11330,Fix,ss62171,1,1
3caee45cf4,Fix missing support email address in signup notifications.,11330,Fix,ss62171,1,1
7870b4d158,socket: Fix a traceback on server restart,11330,Fix,ss62171,1,1
26f7b783a2,logging: Fix request processing time to not count initialization.,11330,Fix,ss62171,1,1
319852c60e,socket: Fix keyword argument name for error logging,11330,Fix,ss62171,1,1
6971a0f4cc,Fix rss-bot parsing of feeds that don't specify a post ID.,11330,Fix,ss62171,1,1
6497f330ea,Fix missing table headers on admin page.,11330,Fix,ss62171,1,1
1a904185f2,fix path for do_confirm redirect,11330,Fix,ss62171,1,1
30e4de6767,Freshdesk: fix erroring on unknown statuses by hardcoding FlightCar's.,11330,Fix,ss62171,1,1
337c22f9e1,Fix redirects landing newly registered users at :8888/accounts/do_confirm.,11330,Fix,ss62171,1,1
b12649e548,Fix browser error markdown formatting,11330,Fix,ss62171,1,1
fce97df972,api: Fix our handling of the --site option.,11330,Fix,ss62171,1,1
878916d301,blueslip: Fix formating of log date strings,11330,Fix,ss62171,1,1
f991fbff9e,Fix clear_followup_emails_queue on Zulip Enterprise.,11330,Fix,ss62171,1,1
54d72d9a55,Fix Invitations on ONLY_SSO deploys (Zulip Enterprise),11330,Fix,ss62171,1,1
b469066e66,Fix emoji on enterprise.,11330,Fix,ss62171,1,1
af21f943a2,Fix paths to zulip_tools for relocated scripts.,11330,Fix,ss62171,1,1
3a421e1bd1,Fix create_deployment not actually setting base_site_url.,11330,Fix,ss62171,1,1
037460b24c,Fix permissions on install script.,11330,Fix,ss62171,1,1
f9ab464c82,puppet: Fix owner/group for our puppet.conf file.,11330,Fix,ss62171,1,1
498cce8ef9,puppet-apt: Fix missing owner/group for created files.,11330,Fix,ss62171,1,1
90c011e632,Fix rebase issues in the not_enterprise transition.,11330,Fix,ss62171,1,1
338de6715d,Fix broken html to markdown conversion on Linux.,11330,Fix,ss62171,1,1
d610f2511f,Fix search highlighting,11330,Fix,ss62171,1,1
81156cf2f5,Clean up initialize_enterprise_db and fix domain.,11330,Fix,ss62171,1,1
3ec7663cb2,Fix incorrect code to get the deployment name,11330,Fix,ss62171,1,1
a16a7a028c,Fix internal postgres_common.pp.,11330,Fix,ss62171,1,1
a5d64e4288,sso: Fix missing context instance.,11330,Fix,ss62171,1,1
79ef54d6fa,Fix remote_user_to_email argument.,11330,Fix,ss62171,1,1
2fff9f94ab,Fix example configuration for ZulipRemoteUserBackend.,11330,Fix,ss62171,1,1
4cb50d8f3b,Fix class name for apache_sso.pp.,11330,Fix,ss62171,1,1
939cd864eb,Fix postgres configuration to use local socket.,11330,Fix,ss62171,1,1
9b9c43fd50,Fix paths to nginx configuration for zulip-enterprise.,11330,Fix,ss62171,1,1
4bf9594750,puppet: Fix dependency on postgres in enterprise.pp.,11330,Fix,ss62171,1,1
317a6f308f,Fix missing dependency on python-mock.,11330,Fix,ss62171,1,1
5f655088ef,Fix ~/.gitattributes syntax.,11330,Fix,ss62171,1,1
cf8cf1fe03,socket: Fix non-rabbitmq codepath,11330,Fix,ss62171,1,1
26d7411bc0,generate_localserver_secrets: Fix path to camo defaults file.,11330,Fix,ss62171,1,1
b902cc6eb1,puppet: Fix loadbalancer dependencies to include nodejs.,11330,Fix,ss62171,1,1
27eeb95eb4,Fix password reset on Django 1.6.,11330,Fix,ss62171,1,2
b715e15d3d,Fix blueslip not outputting to the console,11330,Fix,ss62171,1,1
07959dc6d9,alert words: fix accidental use of a global variable.,11330,Fix,ss62171,1,1
ed31b110e3,"Revert ""Fix duplicated summary blocks when scrolling up.""",11330,Fix,ss62171,1,1
d246189d98,Fix report_send_time check.,11330,Fix,ss62171,1,1
83679b14a6,Fix settings.py to work when no args are passed to manage.py,11330,Fix,ss62171,1,1
3daca0ca9c,Fix rebasing errors that rightfully made the linter sad,11330,Fix,ss62171,1,1
9ec4de2e8c,puppet: Fix path to postgres configuration template.,11330,Fix,ss62171,1,1
c38bad0b65,zulip-puppet-apply: Fix the force option handling.,11330,Fix,ss62171,1,1
6b9ebfdad5,localserver: Fix leftover code in install script.,11330,Fix,ss62171,1,1
e628efff6c,Fix people_dict in activity.js tests.,11330,Fix,ss62171,1,1
e82f11ed46,Fix a JS error introduced by the debug logging.,11330,Fix,ss62171,1,1
ae8648b07f,puppet: Fix misc puppet bugs,11330,Fix,ss62171,1,1
64289b5630,Fix link to bootstrap css in our nginx error pages,11330,Fix,ss62171,1,1
7a9e3ac90f,[puppet] Fix OS X 0.3.9 desktop app release,11330,Fix,ss62171,1,2
1686df4b48,Fix populate-db.,11330,Fix,ss62171,1,1
87271b57cd,Fix feedback check to correctly use the recipients list.,11330,Fix,ss62171,1,1
7e3035b2d9,Fix historical messages not getting their color updated on a color change.,11330,Fix,ss62171,1,1
9af244a6bc,fix narrowing bug introduced by composebox notifications,11330,Fix,ss62171,1,1
eb4286bddd,Fix saving historical backups for our mediawiki.,11330,Fix,ss62171,1,1
858b1f1bcd,Fix login page ?next= parameter.,11330,Fix,ss62171,1,1
2731a4cb80,puppet: Fix incorrect include,11330,Fix,ss62171,1,1
d5b7cfd21a,Fix whitespace,11330,Fix,ss62171,1,1
381ec4a7e0,Fix for integrations jumpiness,11330,Fix,ss62171,1,1
e6295e53cd,Fix missing close quote in nagios config.,11330,Fix,ss62171,1,1
392197da28,Fix recent Streams page regression.,11330,Fix,ss62171,1,1
0bc5b13648,Fix Zulip username of email gateway bot,11330,Fix,ss62171,1,1
3bad5acc71,Fix upload auth redirect for user_activity.,11330,Fix,ss62171,1,1
4b45c8bf96,Fix update_message_flags tests to test with real messages.,11330,Fix,ss62171,1,1
996cb40c27,check_personal_zephyr_mirrors: Fix too-strict check for being current.,11330,Fix,ss62171,1,1
b5fbf67511,bugdown: Fix support for python-markdown >= 3.2.1.,11330,Fix,ss62171,1,2
3be5b9ba0a,Fix Activity Test to account for more queries.,11330,Fix,ss62171,1,1
cc2284c531,Fix auth checks for IRC mirroring.,11330,Fix,ss62171,1,1
d92939d53e,[important] Fix regression in 9259a24,11330,Fix,ss62171,1,2
1f3278888e,get_old_messages: Fix query for the sender narrow operator.,11330,Fix,ss62171,1,1
080f5922e1,lint-all: Fix gotcha regexps to not misparse certain quoting cases.,11330,Fix,ss62171,1,1
ba87ebc246,Fix duplicated summary blocks when scrolling up.,11330,Fix,ss62171,1,1
89d149c6f7,"Fix @-mention ""not subscribed"" warning for all_public_streams bots.",11330,Fix,ss62171,1,1
71decdbe7a,Fix code block auto-closing.,11330,Fix,ss62171,1,1
6e1bc06323,Fix test to check for new 60-char stream name length limit,11330,Fix,ss62171,1,2
a7e35c0830,Fix /apps/ being a 404.,11330,Fix,ss62171,1,2
d2b8fe6f57,fix earlier 'linter workaround',11330,Fix,ss62171,1,1
62dde61ca4,Fix indentation in trailing_bookend.handlebars,11330,Fix,ss62171,1,1
c68bbaa649,Fix indentation in subscription.handlebars.,11330,Fix,ss62171,1,1
ca1264fd0c,Fix indentation in compose-invite-users.handlebars,11330,Fix,ss62171,1,1
de511482a1,Fix indentation in subscription_table_body.handlebars,11330,Fix,ss62171,1,1
e2213eae9a,Fix indentation in message.handlebars,11330,Fix,ss62171,1,1
2c4a1912e8,Fix parameters for on_close callback,11330,Fix,ss62171,1,1
4dbedaf1fb,codebase: Fix URLs,11330,Fix,ss62171,1,1
1a7ddd9ea3,Fix UserActivityInterval overlap bug.,11330,Fix,ss62171,1,1
07d3ef5fe0,Fix stray </b> in message_info_popover_content.handlebars,11330,Fix,ss62171,1,1
28dbdeeaca,Fix bad tags in bot_avatar_row.handlebars,11330,Fix,ss62171,1,1
3cb19f07bc,Fix bad tags in alert_word_settings_item.handlebars,11330,Fix,ss62171,1,1
2ae2840659,Fix bad tags in admin_user_list.handlebars,11330,Fix,ss62171,1,1
ffaa8c4d76,Fix bad tags in message.handlebars,11330,Fix,ss62171,1,1
5aac176da3,Fix for hello/ background color,11330,Fix,ss62171,1,1
33dacae82d,Split calculating of prefix from narrow operators into function,11330,Fix,ss62171,1,1
101a70a7ce,Fix selector for gravatar url polling,11330,Fix,ss62171,1,1
8842349629,Fix links with invalid emoji in them.,11330,Fix,ss62171,1,1
b567630b5e,Fix UserActivityInterval handling when events arrive out of order.,11330,Fix,ss62171,1,1
f10be187bd,zephyr_mirror: Fix support for forwarding mail zephyrs.,11330,Fix,ss62171,1,1
e154877e26,Fix twitter access token secret for staging.,11330,Fix,ss62171,1,1
543ba03ff6,gather_subscriptions: Fix confusing overwriting of local variable stream.,11330,Fix,ss62171,1,1
45434d3f89,Fix bug with muting topics that are all integers.,11330,Fix,ss62171,1,1
8f1498c766,[important] Fix stacktrace in unread.js.,11330,Fix,ss62171,1,1
a9b3b3ad23,Fix column names in General tab for /activity.,11330,Fix,ss62171,1,1
e0ceeb3340,Fix blank Desktop tab in /activity.,11330,Fix,ss62171,1,1
d9185cf455,Fix JS error when un-summarizing old messages.,11330,Fix,ss62171,1,1
0d0655ebdf,puppet: Fix our supervisor worker configuration,11330,Fix,ss62171,1,1
d7d17c993c,Fix using SimpleQueueClient with multiple queues,11330,Fix,ss62171,1,1
9ed05a1f85,Fix to list height computation,11330,Fix,ss62171,1,1
6695105bb9,Fix 2499d7b to not break user registration.,11330,Fix,ss62171,1,2
5a32dc68c8,Fix a bug in the missed message count used for plaintext missed message emails.,11330,Fix,ss62171,1,1
de0d50d31a,[important] Fix recent regression w/maybe_get_subscribers,11330,Fix,ss62171,1,1
7868787ae0,Fix indentation level in cache_save_user_profile().,11330,Fix,ss62171,1,1
7fea9e0755,Fix race condition in 06-unread,11330,Fix,ss62171,1,2
5991b0003f,Fix 06-unread PM count selector for changes in 2b82fbb,11330,Fix,ss62171,1,2
e5a39e5b4f,Fix apache2 nagios confing redirect,11330,Fix,ss62171,1,1
1c2479c807,Fix overly-tight coupling in set_stream_color test,11330,Fix,ss62171,1,1
252045fe2e,Fix assignee in JIRA created message,11330,Fix,ss62171,1,1
c0d1481e83,[third] Fix copyright for jquery.autosize.js,11330,Fix,ss62171,1,1
f666e168e1,nagios: Fix argument expansion in check_postgres_alert_args command,11330,Fix,ss62171,1,1
b3644ecfad,Fix attribution of Github issues messages,11330,Fix,ss62171,1,1
002cba4496,Minor fix to API docs for topic names,11330,Fix,ss62171,1,1
f0c447bb4b,Fix typo in email integrations help,11330,Fix,ss62171,1,1
400f03fa60,Fix Firefox descender cutoff,11330,Fix,ss62171,1,1
a3753d8521,fixup 4c6c956118ae09fedca042e797a6029fdd26e00c,11330,Fix,ss62171,1,1
8c4ebb83aa,integrations: fix typos in Bitbucket integration instructions.,11330,Fix,ss62171,1,1
6eeeb631c3,Fix lock icon position,11330,Fix,ss62171,1,1
9e690e8625,Fixup 484bc12681a43cd01fe0189c072ab4230eb32c22 typo,11330,Fix,ss62171,1,1
ade55dc39c,Fix PATH for Postgres backup cron job,11330,Fix,ss62171,1,1
648e85160d,Fix buggy application of subscription update events.,11330,Fix,ss62171,1,1
5d8083a5e0,Fix capitalization typo in MIT Webathena instructions,11330,Fix,ss62171,1,1
bee38a43f0,Fix incorrect use of self-closing tags,11330,Fix,ss62171,1,1
e1b82b03e5,Fix unescaped & in markup,11330,Fix,ss62171,1,1
92623c74e9,Fix comment typo,11330,Fix,ss62171,1,1
9893b37520,puppet: Fix zmirror supervisor configuration.,11330,Fix,ss62171,1,1
8c1f20a8be,Fix topic highlighting in search result,11330,Fix,ss62171,1,1
5ef5d98a99,Fix hover for collapsible recipient bars,11330,Fix,ss62171,1,1
4dbea88aeb,Fix click handler and re-enable collapsing experiment.,11330,Fix,ss62171,1,1
b3ebb13469,"Remove some "".d"" suffixes in predicate tests.",11330,Fix,ss62171,1,1
7edf9b095e,Fix code format for CSS selectors with commas.,11330,Fix,ss62171,1,1
f0e9786c08,Test user-sidebar unread counts & fix broken tests,11330,Fix,ss62171,1,1
6de6ced290,Fix PM unread counts not displaying,11330,Fix,ss62171,1,1
33872fc427,puppet: Fix path for rabbitmq-numconsumers.,11330,Fix,ss62171,1,1
1901ebe49d,Fix showing invite-only streams on stream list.,11330,Fix,ss62171,1,1
8aa11a60f8,Fix tracebacks opening stream on streams page.,11330,Fix,ss62171,1,1
65520d99b8,zephyr_mirror: Fix zephyr/zerver path conversion.,11330,Fix,ss62171,1,1
12ec430cb8,puppet: Fix typo in email mirror configuration.,11330,Fix,ss62171,1,1
2491a80aa6,Fixed comment in in index.js,11330,Fix,ss62171,1,1
d529013b9a,Fix browser error in editing PMs.,11330,Fix,ss62171,1,1
17e07d551f,Additional fixes for relayout regressions.,11330,Fix,ss62171,1,1
0241ae4136,"Fix ""All messages"" showing when it shouldn't",11330,Fix,ss62171,1,1
550fd6281c,Fix regressions associated with the new fixed sidebar layout.,11330,Fix,ss62171,1,1
0b78fab636,Switch to fixed sidebar layout and remove bootstrap layout hooks.,11330,Fix,ss62171,1,1
72927e9d77,Fix unread count badge on OS X desktop app,11330,Fix,ss62171,1,1
4b0cef8a83,Fixed code comments,11330,Fix,ss62171,1,1
91a3935b92,Fix sending unnecessary pointer updates to server after reload.,11330,Fix,ss62171,1,1
e24c770738,Fix bare save on UserProfile object in regenerate_api_key.,11330,Fix,ss62171,1,1
6fcfcf3f32,Fix comment,11330,Fix,ss62171,1,1
3129b6374d,Fix broken parsing of DNS response.,11330,Fix,ss62171,1,1
90bf2ec9d0,referral: Fix some finicky element movement,11330,Fix,ss62171,1,1
c4e168254c,Fix too-much-fading regression and remove spurious classes.,11330,Fix,ss62171,1,1
b7e3f608cb,Fix setting the initial pointer for users starting with messages.,11330,Fix,ss62171,1,1
4aab49657d,Fix minify-js failure to update app.js when templates changed,11330,Fix,ss62171,1,1
e9d53578a4,Fix Python bindings function in docs for /register API endpoint.,11330,Fix,ss62171,1,1
222f6194e2,Fix key lookup when canonicalizing operators,11330,Fix,ss62171,1,1
6ba256d57d,Fix search highlighting regression. (#1658),11330,Fix,ss62171,1,1
b0d7830311,api: Fix whitespace in Python example.,11330,Fix,ss62171,1,1
d897d0ad57,"Fix pre-commit to call lint-all, not check-all",11330,Fix,ss62171,1,1
25f5d240da,Fix argument parsing for Twitter bots.,11330,Fix,ss62171,1,1
5d65de9b82,summarize-experiment: Fix an uncommon case that breaks rows.get().,11330,Fix,ss62171,1,1
492a117292,Fix /zephyr page not being converted properly.,11330,Fix,ss62171,1,1
eb2e8a15c3,"Fix ""Selected message id not in MessageList"" caused by summarization.",11330,Fix,ss62171,1,1
68251256eb,Fix missing $ that broke loading in Firefox,11330,Fix,ss62171,1,1
d8f78a5e2d,Fix some remaining references to zephyr.,11330,Fix,ss62171,1,1
7c7835c357,"Fix word wrapping of ""share the love"" message",11330,Fix,ss62171,1,1
efa7c7fb9b,Fix referral messages from showing up on page load,11330,Fix,ss62171,1,1
5c2599e157,Fix the click handler for User Actions on the sidebar,11330,Fix,ss62171,1,1
b92bd9fa89,Fix for _.each not short-circuiting,11330,Fix,ss62171,1,1
950d271bc3,Fix wrong pointer position on narrow,11330,Fix,ss62171,1,1
01b40f3c98,Fix compose/topic regression (trac #1648).,11330,Fix,ss62171,1,1
6feb77e7dc,Fix oversized gravatars in in-app notifications,11330,Fix,ss62171,1,1
770bc5c96a,Fix pointer motion at top/bottom of viewport.,11330,Fix,ss62171,1,1
39a44cc661,Fix migration 36,11330,Fix,ss62171,1,2
bae5924b53,Fix whitespace,11330,Fix,ss62171,1,1
a637fadd18,Fix regexes for MIT narrows that include un- and -.d streams,11330,Fix,ss62171,1,1
ed6f5ac470,Fix time travel by adding new near: operator.,11330,Fix,ss62171,1,1
473a96fd1f,Fix #1629 (wrong scroll pos on narrow),11330,Fix,ss62171,1,1
ba20221df8,Fix whitespace in request_event_queue.,11330,Fix,ss62171,1,1
e8112ff1c1,test-js-with-node: Fix searching for node binary,11330,Fix,ss62171,1,1
102b495609,api: Fix error reporting when result is not JSON.,11330,Fix,ss62171,1,1
c56353138d,Fix tracebacks on reload while composing,11330,Fix,ss62171,1,1
209471a6c0,Fix disappearing stream sidebar chevron (#1587),11330,Fix,ss62171,1,1
0de1d3dc1f,"Fix ""a[n] invite-only stream""",11330,Fix,ss62171,1,1
9e2e857a88,Fix narrow test calling .then() in a callback,11330,Fix,ss62171,1,1
c2ce181203,Fix race conditions in 02-narrow.js tests,11330,Fix,ss62171,1,2
a004a15ff5,[important] Fix paths related to recent zephyr/static changes.,11330,Fix,ss62171,1,1
1e71d91455,Fix pipeline configuration for development environments.,11330,Fix,ss62171,1,1
945562fbe1,[bugfix] Fix the recent gear hovering regression.,11330,Fix,ss62171,1,1
7a3a3be7e5,[third] Fix sticky hover background color in typeaheads.,11330,Fix,ss62171,1,1
975f4aa59f,api: Fix path in send_message example.,11330,Fix,ss62171,1,1
9bef184eda,Fix check_send_receive_time always checking prod.,11330,Fix,ss62171,1,1
cdeaceea47,Fix URLs for wiki following mediawiki transition.,11330,Fix,ss62171,1,1
c15c7d7633,Fix whitespace in CSS code,11330,Fix,ss62171,1,1
b5eab2bde5,Fix UnreadCountTests to not be checking empty sets.,11330,Fix,ss62171,1,1
270110d8a4,check-all: Fix output for jslint failures.,11330,Fix,ss62171,1,1
1303327e0c,Fix settings dropdown on mobile devices.,11330,Fix,ss62171,1,1
dfda1d3137,Fix collapse issue introduced by ca50035 while keeping the effect of its fix.,11330,Fix,ss62171,1,1
2a1678a1d3,Fix some wording in our Zephyr mirroring instructions,11330,Fix,ss62171,1,1
df9daf70a2,Fix number of topic suggestions,11330,Fix,ss62171,1,1
b3ef7760c6,Fix smartSpaceBar option in typeahead.,11330,Fix,ss62171,1,1
c7db0f8147,Fix test breakage introduced by 16af5e3,11330,Fix,ss62171,1,2
a33e6a5ec0,Fix @-mention autocompletes when no @ typed,11330,Fix,ss62171,1,1
8863340e98,Fix scroll glitch when new messages are loaded at top.,11330,Fix,ss62171,1,1
7c39700549,Fixes for @-notification autocomplete bugs (#1418),11330,Fix,ss62171,1,1
bd63fdf81c,"Fix Trac #1511, compose focus when narrowed to PMs",11330,Fix,ss62171,1,1
dfeb40db61,Fix typo to fetch user email from user_profile object,11330,Fix,ss62171,1,1
90e8281acc,Fix bulk invite page to use new minifier,11330,Fix,ss62171,1,1
27f120e01f,Fix use of old JS compression tag in login template,11330,Fix,ss62171,1,1
3942907eec,Fix pathname in an update-deployment error message,11330,Fix,ss62171,1,1
c2b862e238,Bugfix for 7167ed0: fade class is `message_reply_fade_narrowed` when narrowed.,11330,Fix,ss62171,1,2
67f908e08c,bugdown linkify: Fix links that have symbols directly before them.,11330,Fix,ss62171,1,1
eaf3dbd902,Fix scroll position when unnarrowing after a reload when narrowed.,11330,Fix,ss62171,1,1
98f6a20900,Fix selector when picking a custom color.,11330,Fix,ss62171,1,1
2176ca0977,Fix unread indicator in FF by moving the pseudoselector to an inner div that supports relative positioning. Position the indicator based on whether the sender avatar and name are included in the message or not.,11330,Fix,ss62171,1,1
ce365829f1,Fix traceback checking for new messages on empty narrows.,11330,Fix,ss62171,1,1
493d8276e5,update-deployment: Fix buffering argument.,11330,Fix,ss62171,1,1
3c1b59d840,Fix updating the stream color in messages.,11330,Fix,ss62171,1,1
1edd9a1d9f,Fix scroll-to-the-middle bug.,11330,Fix,ss62171,1,1
849cf69f61,Fix scroll position when updating messages.,11330,Fix,ss62171,1,1
6030abb888,Fix clicks not dismissing popovers (Trac #1435),11330,Fix,ss62171,1,1
d23e8d8a30,Simplify and fix preventDefault -> stopPropagation,11330,Fix,ss62171,1,1
7540ad6234,Fix tracebacks from prepending messages after narrowing.,11330,Fix,ss62171,1,1
54c32992fd,Fix hitting down-arrow at bottom of message list.,11330,Fix,ss62171,1,1
0e8c55395c,Fix save/restoring scroll position when toggling in_home_view.,11330,Fix,ss62171,1,1
24055e894e,message_list: Fix prepending of messages.,11330,Fix,ss62171,1,1
a7c91bce1b,"If there is no rendered_content in the database, render it and save it. This fixes the ""Humbug note:"" error on old messages that do not have rendered_content in the DB.",11330,Fix,ss62171,1,1
fc85cda8a3,Fix Linux installation instructions.,11330,Fix,ss62171,1,1
91268b16a8,Add unread message gradient with -webkit- prefix for desktop app and Safari.,11330,Fix,ss62171,1,1
20c1e1bb8c,Fix regexp for mit.edu on javascript side as well.,11330,Fix,ss62171,1,1
58536354ad,Fix regexp for mit.edu narrowing.,11330,Fix,ss62171,1,1
71dec63ad1,Fix regression with JS tests only working the first time.,11330,Fix,ss62171,1,1
6eb3d8b8b1,Syntax fix for staging_app_frontend.pp.,11330,Fix,ss62171,1,1
a237963c90,Fix buggy calculations of which messages get a footer.,11330,Fix,ss62171,1,1
b24093ff18,Fix dozens of unnecessary memcached queries when importing views.py.,11330,Fix,ss62171,1,1
e2a74b0613,api: Fix using staging.humbughq.com as the base_url.,11330,Fix,ss62171,1,1
3bdd446651,puppet: Fix nginx configuration for api.humbughq.com.,11330,Fix,ss62171,1,1
ce410799b2,Fix buggy logging of database query time.,11330,Fix,ss62171,1,1
f06bc771a9,"Fix #1429, smushed search bar text in Opera",11330,Fix,ss62171,1,1
2bacaf2213,Fix % formatting style in miscellaneous places.,11330,Fix,ss62171,1,1
ef1e4c85ae,Fix % formatting style in tests.py.,11330,Fix,ss62171,1,1
08ba672c34,process_user_activity: Fix incorrect format string for unknown event type.,11330,Fix,ss62171,1,1
238f4a6362,API: Fix broken list_subscriptions call in REST API.,11330,Fix,ss62171,1,1
0b9e9bca64,gather_subscriptions: Fix some whitespace.,11330,Fix,ss62171,1,1
d6e04ce2d6,Fix @-mentions.,11330,Fix,ss62171,1,1
8f0fbfb562,Fix message_is_notifiable to not include messages sent by user.,11330,Fix,ss62171,1,1
425a247569,Fix path injection for tools/review,11330,Fix,ss62171,1,1
8ea3dc285d,Fix for an overlapping scrollbar in streams list,11330,Fix,ss62171,1,1
47255e9cd8,Fix buggy key computation in cache_with_key.,11330,Fix,ss62171,1,1
46c40c011a,cache: Use KEY_PREFIX in cache_set().,11330,Fix,ss62171,1,1
cb4e965fd2,cache: Remove KEY_PREFIX from keys returned by cache_get_many.,11330,Fix,ss62171,1,1
a7eaddefa5,"Fix race condition for sidebar ""Stream settings""",11330,Fix,ss62171,1,1
0fde644417,"Fix typos in ""No ~/.humbugrc found"" error message",11330,Fix,ss62171,1,1
5e41bab681,puppet: Fix iptables-persistent always being restarted.,11330,Fix,ss62171,1,1
11e44c68ce,quickfix whitespace on the composebox,11330,Fix,ss62171,1,1
0983840e7b,"Fix 06-unread regex, as it no longer seems to match the count.",11330,Fix,ss62171,1,2
ae6afac3ca,Fix race condition in 07-stars.js test.,11330,Fix,ss62171,1,2
7642b5bf30,narrow: Fix positional assumptions about order of narrow operators.,11330,Fix,ss62171,1,1
deb89a9c9e,Fix display of invite-only streams in new design.,11330,Fix,ss62171,1,1
a222efff66,Fix overflow in stream list and clean up dropdown toggle.,11330,Fix,ss62171,1,1
a0bdefb71d,Fix 'undefined is not an object' traceback with update_active_status.,11330,Fix,ss62171,1,1
1989974d43,Fix comment to describe the file it's in rather than a file it may have been copied from.,11330,Fix,ss62171,1,1
b3be518b5a,Fix previous hotkey fix,11330,Fix,ss62171,1,1
f4132ace48,Fix bankruptcy event sent to graphite,11330,Fix,ss62171,1,1
f213c3d223,Fix today's regression with ever-growing subject pane.,11330,Fix,ss62171,1,1
f41d9c8c5d,Fix traceback when clicking on right sidebar unread counts numbers.,11330,Fix,ss62171,1,1
dbeaeeaa3f,Fix buggy computation of a user's name for user actions popover.,11330,Fix,ss62171,1,1
16ffd539af,Fix computation of original pre-editing message contents.,11330,Fix,ss62171,1,1
3bc234f920,Fix curl examples in API endpoints docs.,11330,Fix,ss62171,1,1
164c4d2c1b,puppet: Fix memcached configuration to not require manual restart.,11330,Fix,ss62171,1,1
72295b0c15,Fix case where redis-py returns an int instead of a string from TTL,11330,Fix,ss62171,1,1
b5cadeca73,Backport bootstrap-typeahead click fix to make clicking on autocomplete more reliable,11330,Fix,ss62171,1,1
6425a894f5,generate-activity-metrics: Fix import issues.,11330,Fix,ss62171,1,1
efcf88a707,puppet: Fix paths in feedback-bot configuration.,11330,Fix,ss62171,1,1
b64af68d6a,puppet: Fix key name for the Humbug ops key.,11330,Fix,ss62171,1,1
4bf3cf1c67,Fix whitespace,11330,Fix,ss62171,1,1
3325554c03,Fix app_frontend.pp whitespace,11330,Fix,ss62171,1,1
d95ea89f54,"Fix a ""can't read property 'id' of undefined"" user error",11330,Fix,ss62171,1,1
17f9a68b73,Fix the most recent round of jQuery validator errors,11330,Fix,ss62171,1,1
303b8174ac,Fix trailing whitespace in a couple Python files.,11330,Fix,ss62171,1,1
e558b5bf23,Fix whitespace in code.,11330,Fix,ss62171,1,1
66b93d5cfd,Fix barnowl style scrolling w/r/t fixed elements.,11330,Fix,ss62171,1,1
4558c5e008,Fix tab bar handling of search for 'sender:'.,11330,Fix,ss62171,1,1
f6be3289c1,tutorial: fix out of date references to message formatting and feedback locations.,11330,Fix,ss62171,1,1
468de0a29f,Fix autoscroll mousemove bug.,11330,Fix,ss62171,1,1
8f90f4ed6c,Fix permissions on Nagios plugins.,11330,Fix,ss62171,1,1
2b1799b71c,bugdown: Fix handling of twitter-format links that aren't actually tweets.,11330,Fix,ss62171,1,1
1cf2d993a6,Fix un-narrowing while the home view messages are still loading.,11330,Fix,ss62171,1,1
b34fc4d78f,Fix intermittent bug w/page downs at bottom of feed.,11330,Fix,ss62171,1,1
02de2cf260,Fix two puppet syntax errors.,11330,Fix,ss62171,1,1
3979b4379d,Fix activity checking by message flag updating,11330,Fix,ss62171,1,1
fb11f60c37,Fix API path for check_send_receive.py,11330,Fix,ss62171,1,1
80b13bdb73,Fix incorrect space character in several e-mail prompts.,11330,Fix,ss62171,1,1
4cd9abdf10,Fix post-receive to work with new update-deployment,11330,Fix,ss62171,1,1
ab093e7d9a,message_edit: Fix traceback saving message edits.,11330,Fix,ss62171,1,1
1bfa3d4505,tests: Fix assumption that hamlet was subscribed to stream Scotland.,11330,Fix,ss62171,1,1
65c156decc,"Fix ""WARNING: there is no transaction in progress""",11330,Fix,ss62171,1,1
2ab5c7dd76,Fix race involving mixpanel load order,11330,Fix,ss62171,1,1
d8527057d4,Fix compose to stream button in actions popover.,11330,Fix,ss62171,1,1
e68c6bb1da,Fix race where message editing might be cancelled after rerendering.,11330,Fix,ss62171,1,1
d0df3d9b37,"Revert ""Fix that you have to save an edited message twice to complete the edit.""",11330,Fix,ss62171,1,1
880a74eea9,Fix too-long subjects sent by git and nagios integrations,11330,Fix,ss62171,1,1
4f92ce0fc0,Fix unread count test by being slightly more robust,11330,Fix,ss62171,1,1
5e64b9e90b,Fix screen geometry for the tab bar.,11330,Fix,ss62171,1,1
917f892def,Fix the record of the current schema in migration 0028.,11330,Fix,ss62171,1,2
f4b99c8177,Fix that you have to save an edited message twice to complete the edit.,11330,Fix,ss62171,1,1
33dd01885a,Fix autoscroll to use ui.message_viewport_info().,11330,Fix,ss62171,1,1
2fcc7c0c5c,Fix aggregation rules to sum at correct frequency,11330,Fix,ss62171,1,1
8738f330c5,Fix lint error in unread.js.,11330,Fix,ss62171,1,1
4ce6a6ea25,Fix auto-scrolling by not calling within_viewport.,11330,Fix,ss62171,1,1
ecd3903007,Fix geometry for autoscrolling (part 1).,11330,Fix,ss62171,1,2
c2104e36c9,Fix geometry calculation for visible unread messages.,11330,Fix,ss62171,1,1
69977ce825,Fix unread count in favicon when focusing window.,11330,Fix,ss62171,1,1
665a58b639,populate_db: Fix buggy subscription property event parsing.,11330,Fix,ss62171,1,1
0cf2626f3d,populate_db: Fix typo in password change handling.,11330,Fix,ss62171,1,1
5195451519,populate_db: Fix parsing of user_email_changed events.,11330,Fix,ss62171,1,1
7ebd214f89,zephyr_mirror: Fix incorrect check for already running mirror bots.,11330,Fix,ss62171,1,1
b940693df4,puppet: Fix conflicting puppet declaration,11330,Fix,ss62171,1,1
93b66737ce,"Update Source Sans to include all available glyphs, and fix the block quote thin font issue.",11330,Fix,ss62171,1,1
b8e1809f94,Fix is_super_user_api for REST API.,11330,Fix,ss62171,1,1
b7e682b157,Fix home view unread counts being 1 lower than they should be.,11330,Fix,ss62171,1,2
91f8768fb7,Fix private message unread counts never displaying.,11330,Fix,ss62171,1,1
43794983e7,Fix a bug where the stream list would not get resorted if you unsubscribed and then subscribed from a stream,11330,Fix,ss62171,1,1
97840da0d2,Fix memcached accounting for bulk set/gets.,11330,Fix,ss62171,1,1
898a69f42a,Fix Pagination when user hits PgUp/PgDn/Space. (ticket 1237),11330,Fix,ss62171,1,2
b35c102815,Fix typo regression on top_navbar (minor).,11330,Fix,ss62171,1,1
0a36340216,check_user_zephyr_mirror_liveness: Fix query for new API.,11330,Fix,ss62171,1,1
a04b7fb07e,Fix use of logging instead of logger,11330,Fix,ss62171,1,1
aa6dae7915,Fix improper use of zephyr.decorators.POST in a GET view.,11330,Fix,ss62171,1,1
92d6e80d57,Fix bug with uploading the same file twice using the clip icon.,11330,Fix,ss62171,1,1
246b4a8459,Fix humbug url,11330,Fix,ss62171,1,1
74148518b4,events: Fix the requesting client type being always internal.,11330,Fix,ss62171,1,1
cee31a4f4e,Fix unescaped angle brackets in search typeahead.,11330,Fix,ss62171,1,1
77d2d669de,Fix highlighting for stream typeahead in compose box.,11330,Fix,ss62171,1,1
64ba2864bc,Match names w/prefix and turn off highlighting.,11330,Fix,ss62171,1,1
d664c2c92c,Typo fix on features page.,11330,Fix,ss62171,1,1
0337d3598d,feedback-bot: Fix API path.,11330,Fix,ss62171,1,1
f06fdbb7a8,Fix Zephyr mirroring loop detection with new events API.,11330,Fix,ss62171,1,1
54ae352e83,Fix narrowing to a stream/subject pair when not subscribed.,11330,Fix,ss62171,1,1
b77ca230ab,Fix JS lint error in composebox_typeahead.js,11330,Fix,ss62171,1,1
fa5a7fbf0b,Force prefix match on stream typeahead in compose box.,11330,Fix,ss62171,1,1
f6fb62ca93,Fix narrowing to stream names that don't exist.,11330,Fix,ss62171,1,1
e7d04ff60f,Fix encoding of narrows with '.' in the URIs.,11330,Fix,ss62171,1,1
07714fe6eb,feedback-bot: Fix indentation of StreamLogger code.,11330,Fix,ss62171,1,1
de44f08772,Fix typo and send proper dbtime to statsd,11330,Fix,ss62171,1,1
5b51705451,Fix logging of requesting user with REST API.,11330,Fix,ss62171,1,1
e3bb1bc8ec,bugdown: Fix tweet ID extraction from twitter urls.,11330,Fix,ss62171,1,1
3b8b8a7d4e,Fix 'in' search operator,11330,Fix,ss62171,1,1
1cf946969d,Fix name of hashchange.zephyr event in changehash,11330,Fix,ss62171,1,1
71203a996a,Fix autoscrolling on new messages.,11330,Fix,ss62171,1,1
b1dd0ae09c,[jquery.filedrop] Browser compatibility fixes for quirky browsers,11330,Fix,ss62171,1,1
4e03ed0b7e,Fix narrows_by_subject treatment when a private message is selected.,11330,Fix,ss62171,1,1
41e2bd3f40,blueslip: Fix BlueslipError definition,11330,Fix,ss62171,1,1
55449fb724,Fix carbon aggregation by sending to aggregator daemon not cache,11330,Fix,ss62171,1,1
9e85e6e0b9,Fix ordering constraint on get_old_messages query to UserMessage table.,11330,Fix,ss62171,1,1
e9f6d9ceff,puppet: Fix location of stats directory,11330,Fix,ss62171,1,1
7d389d8c13,tutorial: fix broken pipelining of asynchronous requests.,11330,Fix,ss62171,1,1
750b8326d7,subs: fix incorrect stream_info re-initialization.,11330,Fix,ss62171,1,1
6b4196a74a,tutorial: fix race that could cause you to not see the goodbye message.,11330,Fix,ss62171,1,1
c56b0074e4,Fix visiting the app via a narrowed URL.,11330,Fix,ss62171,1,1
3ef78dd01c,Fix restarting of commands with new deployment loops.,11330,Fix,ss62171,1,1
1b3d93ad47,Fix restarting of various tools during deployments.,11330,Fix,ss62171,1,1
447dc0029a,signup: Fix and clean up validation highlighting,11330,Fix,ss62171,1,1
69753f228c,hotkeys: fix assumptions that message lists are non-empty.,11330,Fix,ss62171,1,1
da8fa73a92,Fix duplicate narrow.deactivate() call via hashchange on Chrome.,11330,Fix,ss62171,1,1
55f606b417,Fix scrolling bug when unnarrowing after receiving a message.,11330,Fix,ss62171,1,1
5e307f9cce,Fix calculation of number of active users,11330,Fix,ss62171,1,1
e1173b08df,Fix check for non-default Subscription colors.,11330,Fix,ss62171,1,1
36a4e587ec,Fix a markup test for Python-Markdown 2.3,11330,Fix,ss62171,1,2
3c40dd3bf3,bugdown: Fix fenced_code for Python-Markdown 2.3,11330,Fix,ss62171,1,2
c65f37c910,do-destroy-rebuild-database: Fix migration with AUTH_USER_MODEL.,11330,Fix,ss62171,1,1
db3ded4e84,Fix 'resend email' link for email confirmation,11330,Fix,ss62171,1,1
200fd7ff70,Fix clicking on streams in left sidebar from subscriptions page.,11330,Fix,ss62171,1,1
3a93c8cc90,Fix pointer jumps on unnarrowing after certain scroll events.,11330,Fix,ss62171,1,1
11ad134f7b,Fix directional hotkey calculations for Home and End keys.,11330,Fix,ss62171,1,1
303e77c07d,Fix clearing of user sessions.,11330,Fix,ss62171,1,1
0e0b95ce83,Fix event queue pickle file location,11330,Fix,ss62171,1,1
6cee57b356,Fix several bugs when register() applies events,11330,Fix,ss62171,1,1
bd27343eba,Fix incorrect use of user_id as a Recipient type_id.,11330,Fix,ss62171,1,1
a326eb2c48,Fix subscribe/unsubscribe example help text,11330,Fix,ss62171,1,1
d6810efc90,tests: Fix URL test for new event system,11330,Fix,ss62171,1,1
7bae0bb75a,populate_db: Fix User/UserProfile confusion in personals sampling.,11330,Fix,ss62171,1,1
dc5839f66d,tests: Fix User/UserProfile confusion in filter_by_subscriptions path.,11330,Fix,ss62171,1,1
3738d8215d,Update run-dev to prefix match messages/latest.,11330,Fix,ss62171,1,1
0a419e51d0,Fix ui.set_count not finding streams that require url encoding in sidebar,11330,Fix,ss62171,1,1
7685e47f07,Fix Tornado idle time logging.,11330,Fix,ss62171,1,1
e2d010ef2d,Fix most unnecessary database queries in huddle creation.,11330,Fix,ss62171,1,1
3d39341fc2,Fix logging configuration for Django 1.5.,11330,Fix,ss62171,1,2
ae42e77ad6,Fix copy in Jira integration page,11330,Fix,ss62171,1,1
f87ffd0703,create_user: fix missing spaces in options error message.,11330,Fix,ss62171,1,1
fdbf1cff6f,puppet: Fix postgresql.conf typo,11330,Fix,ss62171,1,1
ba41c635da,humbug_git_config: Fix typo,11330,Fix,ss62171,1,1
17e9e56899,Fix get_stream caching the DoesNotExist value of None.,11330,Fix,ss62171,1,1
d88591c19c,cache: Fix the select_related() query name for sending_client.,11330,Fix,ss62171,1,1
43e43a4248,Fix HumbugAdminEmailHandler for non-exception logged errors.,11330,Fix,ss62171,1,1
0a9a553b5f,Fix use of invalid hash keys with memcached.,11330,Fix,ss62171,1,1
a0d0bdb5cf,Fix copy/paste in compose box.,11330,Fix,ss62171,1,1
5ce3a41e6d,Fix typo in user-visible string,11330,Fix,ss62171,1,1
60eeffc82d,Fix 0012 migration to work with sqlite,11330,Fix,ss62171,1,2
f7ecfea7c1,Fix query for stream_name in compose module.,11330,Fix,ss62171,1,1
1e62ced172,Fix fading when replying to sender.,11330,Fix,ss62171,1,1
10be8d2a12,compose: Fix loss of message fading on renarrow.,11330,Fix,ss62171,1,1
967743ddab,Fix database cache settings for !DEPLOYED systems.,11330,Fix,ss62171,1,1
9c28e52f91,Fix sort error for streams with names that are numeric,11330,Fix,ss62171,1,1
c50abd1c76,Fix jQuery selector exception from single quotes in stream names,11330,Fix,ss62171,1,1
4cfd486e67,twitter-bot: Fix hyphen typo in usage string.,11330,Fix,ss62171,1,1
c88684d1f5,Fix first message in narrowed views never appearing.,11330,Fix,ss62171,1,1
a64dd5a712,api: Fix version number check.,11330,Fix,ss62171,1,1
97344573ef,Fix spurious rerender when navigating to a newly arrived message,11330,Fix,ss62171,1,1
27d91eb9ea,Fix including debug.js when DEBUG=True.,11330,Fix,ss62171,1,1
ad5bb68906,Fix a height for our inline image previews.,11330,Fix,ss62171,1,1
d1fb74e627,Fix rebase issue with same_stream_and_subject being moved.,11330,Fix,ss62171,1,1
a0c60ba236,Fix narrowing by subject when selected message has different stream.,11330,Fix,ss62171,1,1
b1d1863604,Fix narrowing to pm-with lists not in alphabetical order.,11330,Fix,ss62171,1,1
023464ce9e,Give emoji a fixed height so they don't scroll the page as they load.,11330,Fix,ss62171,1,1
30c7bdf018,Fix bug in colorize_streams that tried to include non-streams for colorizing.,11330,Fix,ss62171,1,1
cad295b9d9,narrow: Fix incorrect default then_select_id.,11330,Fix,ss62171,1,1
36bb39ede9,Fix improperly case-sensitive narrowing by subject.,11330,Fix,ss62171,1,1
1e9a85ff05,Fix use of case-sensitive comparisons on email addresses.,11330,Fix,ss62171,1,1
593af9daa8,Fix two comments in time rendering,11330,Fix,ss62171,1,1
64bb48421b,Fix jQuery usage and properly show/hide messages table,11330,Fix,ss62171,1,1
6e4093a0a5,Fix the copy-paste code copying too few or too many messages,11330,Fix,ss62171,1,1
ca0f414b60,Fix narrowing not marking as unread when backfilling messages,11330,Fix,ss62171,1,1
947d389a33,"Fix incorrect sidebar height, which makes you scroll past your messages.",11330,Fix,ss62171,1,1
48e7fed00f,Fix the selected message when narrowing to a stream that has no messages loaded,11330,Fix,ss62171,1,1
b2eb4530d3,Fix comment spelling error,11330,Fix,ss62171,1,1
8b8f2707e7,"Fix bolding of ""Home"", ""All messages"", ""All private messages"" when active",11330,Fix,ss62171,1,1
cdedb85934,Fix post-receive hook arguments issues and document the setup.,11330,Fix,ss62171,1,1
3a2ece7496,api: Fix reading in default value for api/site.,11330,Fix,ss62171,1,1
c73ec65a2f,git integration: Fix handling of new/removed branches.,11330,Fix,ss62171,1,1
a89b129781,Fix path to rabbitmqctl and clarify comment,11330,Fix,ss62171,1,1
97b6c1f9ca,Fix path to bots after folder refactor,11330,Fix,ss62171,1,1
346d16c034,api: Fix need to manually update list of integrations.,11330,Fix,ss62171,1,1
4ed2ffb4ce,api: Fix installation of example and integrations.,11330,Fix,ss62171,1,1
874309b959,Fix sending to stream names that are JSON strings.,11330,Fix,ss62171,1,1
1612b5c045,Fix sending messages to numeric stream names.,11330,Fix,ss62171,1,1
ff099f9291,logging: Fix super verbose logging of 404 errors.,11330,Fix,ss62171,1,2
2f4b62048e,gather_subscriptions: Fix making O(streams) database queries.,11330,Fix,ss62171,1,1
62c632ceef,presence: Fix loop making database queries.,11330,Fix,ss62171,1,1
3fe5ffe293,Add active test for MIT being empty and fix same_realm test,11330,Fix,ss62171,1,1
645e7d58be,management: fix add_users_to_streams given do_add_subscriptions output change.,11330,Fix,ss62171,1,1
a240ca2a67,Fix indentation in message template,11330,Fix,ss62171,1,1
c80a8a50f4,puppet: fix app_frontend pip command,11330,Fix,ss62171,1,1
b1e04f8feb,Fix path to send-receive script post api relayout,11330,Fix,ss62171,1,1
0e66607910,puppet: Fix wiki dependencies,11330,Fix,ss62171,1,1
61466c0637,puppet: Fix trac copy and paste error,11330,Fix,ss62171,1,1
b91d510dac,puppet: Fix apache dependencies,11330,Fix,ss62171,1,1
a4f6a3e83f,puppet: Fix iptables dependency,11330,Fix,ss62171,1,1
153777bd01,puppet: Fix pip dependencies,11330,Fix,ss62171,1,1
2d9a21654b,Fix messages being added to the home view out of order.,11330,Fix,ss62171,1,1
256fa0e485,Fix invite bug in which we'd falsely say you'd invited folks with existing accounts.,11330,Fix,ss62171,1,1
8bc57ecf42,Fix some integrations page issues.,11330,Fix,ss62171,1,1
59bfe38448,Fix wait condition in subscriptions frontend test,11330,Fix,ss62171,1,1
a5f2bec873,api: Fix running with requests 1.0.x.,11330,Fix,ss62171,1,2
c57368d71e,Fix missing close brace in zephyr.css,11330,Fix,ss62171,1,1
2d4ef59f68,Fix InviteOnlyStreamTest to call public API,11330,Fix,ss62171,1,1
e5492e939e,zephyr_mirror: Fix logging messages to multiple files under /tmp.,11330,Fix,ss62171,1,1
9349a2039c,Fix comment syntax error in CSS,11330,Fix,ss62171,1,1
ab21823c19,Fix bug allowing people to subscribe themselves to others' invite-only streams.,11330,Fix,ss62171,1,1
b81aa35c24,review: Fix exception running review on some detached HEADs.,11330,Fix,ss62171,1,1
c82fd34cad,"Two fixes to the search bar: 1) Make the search hotkey (/) no longer clear the search box 2) Vertically center the ""Search..."" placeholder",11330,Fix,ss62171,1,2
726ba8dad9,Make Postgres have a log prefix more like what pgFouine requires,11330,Fix,ss62171,1,1
2740f930fe,Fix PublicURLTest to actually test for public URLs.,11330,Fix,ss62171,1,1
748927ad7c,Fix transaction management in create_mit_user_if_needed.,11330,Fix,ss62171,1,1
4b1ea32a66,"Don't cause gear icon to always be pressed in, and fix scroll position.",11330,Fix,ss62171,1,1
f08dc13f73,Add a fixed navbar at the top of the page.,11330,Fix,ss62171,1,1
22ce2c04e3,[third] Bootstrap bug fixup - dropdowns not closing on fix,11330,Fix,ss62171,1,1
360737d928,Fix lowercasing issue with notifications for people with same name,11330,Fix,ss62171,1,1
5b9cb1ebcd,Fix notifications for users whose username is their first or last name,11330,Fix,ss62171,1,1
07edc87cb9,Fix subscribe-and-send,11330,Fix,ss62171,1,1
cb0de0fc60,Fix logging in with email addresses long than 30 characters.,11330,Fix,ss62171,1,2
d7d5621602,Make API tarballs have a prefix of humbug/,11330,Fix,ss62171,1,1
949dcbfbc7,Fix inverted logic for autofocus field in set_mode,11330,Fix,ss62171,1,1
93c706a610,Fix subscriptions page for MIT users,11330,Fix,ss62171,1,1
389a52de6e,Fix test for adding to top or bottom of zhome/zfilt,11330,Fix,ss62171,1,1
4df3c44a97,tornado: Fix order_by query during usermessage initialization.,11330,Fix,ss62171,1,1
0a84d7ac62,Fix running test suite on a machine with caching enabled.,11330,Fix,ss62171,1,1
52589ca6fb,"Fix running ""./manage.py test zephyr --settings=humbug.test_settings""",11330,Fix,ss62171,1,1
b93db35e50,return_messages_immediately: Fix using last=None with dont_block.,11330,Fix,ss62171,1,1
c5b4461ac6,Fix outdated comment in CSS,11330,Fix,ss62171,1,1
8d0a17cbc3,puppet: fix installed packages typo in humbug_apache_base.,11330,Fix,ss62171,1,1
86862a8c0a,Fix running Django against postgres on Tim's laptop.,11330,Fix,ss62171,1,1
dd843b3916,Fix buggy check for zmirror huddle sending to multiple recipients.,11330,Fix,ss62171,1,1
2b4b827715,Fix repeatedly clicking the subscribe/unsubscribe button,11330,Fix,ss62171,1,1
73a8988df3,Fix tests which were sensitive to ordering of parameters,11330,Fix,ss62171,1,1
5a111f6234,AdminHumbugHandler: Fix subject computation in exception case.,11330,Fix,ss62171,1,1
15384d473b,tests: Fix some tests that weren't running,11330,Fix,ss62171,1,1
f039623f2c,zmirror: Fix running on 32 bit systems.,11330,Fix,ss62171,1,2
429daf3c44,zmirror: Fix use of print rather than logging.foo in send_zephyr.,11330,Fix,ss62171,1,1
08e1dda50f,zmirror: Fix buggy retries on subscribe failures.,11330,Fix,ss62171,1,1
54bdd6fa45,zmirror: Fix printing of list of stream failures.,11330,Fix,ss62171,1,1
384e64aaf5,Fix notify_pointer_update notifying on the wrong user's pointer.,11330,Fix,ss62171,1,1
5a8220ff2c,zephyr_mirror: Fix killing duplicate zephyr_mirror processes.,11330,Fix,ss62171,1,1
470ff676e6,zephyr_mirror: Fix insecure temporary file for log.,11330,Fix,ss62171,1,1
a2f26f1106,Nagios: Fix retry interval of zephyr_mirror_forwarding check.,11330,Fix,ss62171,1,1
09c53ccf38,check-mirroring: Fix spurious double-sent messages due to ACK failures.,11330,Fix,ss62171,1,1
95f4087a06,Fix dump_pointers on last time.,11330,Fix,ss62171,1,1
6b85b76de9,check-mirroring: Fix hardcoded logging path.,11330,Fix,ss62171,1,1
cefd4baae9,check_mirroring: Fix sharded stream names and add test for them.,11330,Fix,ss62171,1,1
0dda71fb54,Fix website improperly submitting a last value of -1.,11330,Fix,ss62171,1,1
b2755472bb,populate_db: Fix unnecessary import from zephyr.views.,11330,Fix,ss62171,1,1
bda420a0f9,Fix email case issues when restoring user pointers.,11330,Fix,ss62171,1,1
cfc3781841,populate_db: Fix StreamColor restore.,11330,Fix,ss62171,1,1
e6fef7d7ba,Fix confusion of user / user_profile objects in MIT signup codepaths.,11330,Fix,ss62171,1,1
565acffbc5,Fix populate_db pointer restore.,11330,Fix,ss62171,1,1
feda941ac4,build-api-tarball: Fix prefixes.,11330,Fix,ss62171,1,1
c09f2d534e,Fix using DEBUG=False on development machines.,11330,Fix,ss62171,1,1
1ab592f81a,feedback-bot: fix display_recipient typo that crashes the bot.,11330,Fix,ss62171,1,1
2d1e072896,zephyr_mirror: Fix handling of Humbug=>Zephyr personals.,11330,Fix,ss62171,1,1
d31c33e505,github: fix missing argument to format string,11330,Fix,ss62171,1,1
83af3d4090,do_activate_user: Fix join_date default.,11330,Fix,ss62171,1,1
04063548fe,Fix response for unsubscribe requests,11330,Fix,ss62171,1,1
28aa976be3,Fix desktop notifications being enabled on every settings change.,11330,Fix,ss62171,1,1
a6f744a11f,populate_db: Fix inefficient pointer update at end of replay.,11330,Fix,ss62171,1,1
d8b6cfdc11,bugdown: Fix confusing variable use in LinkPattern,11330,Fix,ss62171,1,1
c241713332,zephyr_mirror: Fix detection of personals.,11330,Fix,ss62171,1,1
e816604c6e,Fix bug where personals might be lost in mirroring.,11330,Fix,ss62171,1,1
f3ba899fe1,Fix responsive layout on Subscriptions and Settings page.,11330,Fix,ss62171,1,1
af401fe659,"Fix ""resizing window breaks in Chrome"" issue.",11330,Fix,ss62171,1,1
386e9eeb22,Fix load_old_messages being called with NaN argument.,11330,Fix,ss62171,1,1
ec0683cd86,Cosmetic fixes to tutorial page and copy.,11330,Fix,ss62171,1,1
eea553ce40,banish_broken: Fix handling of jesstess|MIT.EDU@mit.edu.,11330,Fix,ss62171,1,1
d850bc764f,Fix stream name case issues in populate_db.,11330,Fix,ss62171,1,1
cf31374497,bulk_create_streams: Fix missing select_related().,11330,Fix,ss62171,1,1
ef992fc8ba,zephyr-mirror-crontab: Fix truncation races.,11330,Fix,ss62171,1,1
a9c16b38ce,Fix up whitespace in Apache configs,11330,Fix,ss62171,1,1
ae0d007e56,mirroring: Fix import by putting 'api' path first,11330,Fix,ss62171,1,1
0fe3d93fbc,zephyr_mirror: Fix case issue in subscriptions syncing.,11330,Fix,ss62171,1,1
82475afe82,Fix module and class name in api/README,11330,Fix,ss62171,1,1
988b0ce7ba,Fix missing transaction decorator in get_user_activity.,11330,Fix,ss62171,1,1
44235e8e7e,Fix last_message_id computation catching the dummy row hack.,11330,Fix,ss62171,1,1
bc2ace726c,Fix bad Django test suite interaction with get_client default.,11330,Fix,ss62171,1,1
d908b7299c,get_updates: Fix client_reload_pending parameter.,11330,Fix,ss62171,1,1
71a2cc6611,jquery.idle.js: fix keepTracking option,11330,Fix,ss62171,1,1
07ff10e308,Fix / prune tests of get_updates,11330,Fix,ss62171,1,1
84ab466ff3,zephyr_mirror: Fix display of personals on non-message classes.,11330,Fix,ss62171,1,1
efc5530909,update_user_activity: Fix get_or_create race.,11330,Fix,ss62171,1,1
4b6f771be1,zephyr_mirror: Fix the check for whether a Zephyr is a personal.,11330,Fix,ss62171,1,1
9c7878164c,check-mirroring: Fix some issues with startup process timing.,11330,Fix,ss62171,1,1
8367cec454,Fix indentation,11330,Fix,ss62171,1,1
b21bdc91cb,Fix email addresses generated by populate_db --extra-users,11330,Fix,ss62171,1,1
f1e644ece8,"Fix ""multiple popovers can appear"" issue.",11330,Fix,ss62171,1,1
89582bff8a,Fix floating recipient bar being unnarrowable.,11330,Fix,ss62171,1,1
f77b138bc4,Fix left border appearing on messages in Firefox,11330,Fix,ss62171,1,1
48806b5548,"Fix incorrect Recipient access, use create_stream_if_needed.",11330,Fix,ss62171,1,1
f72427d83c,zephyr_mirror: Fix running --sync-subscriptions repeatedly.,11330,Fix,ss62171,1,1
bbf482b6f8,"Fix using ""load old messages"" on the narrowed view after unnarrowing.",11330,Fix,ss62171,1,1
da43f250a4,narrow: Fix incorrectly adding messages to message_array.,11330,Fix,ss62171,1,1
bdf3473bac,Fix bug where sending a PM would display as sent to the wrong person.,11330,Fix,ss62171,1,1
e9bc9ac3c2,zephyr_mirror: Fix restart_stamp functionality.,11330,Fix,ss62171,1,1
50995dc6b7,Fix showing the subscribe-and-send dialogue when you're subscribed.,11330,Fix,ss62171,1,1
b8f65fb8aa,review: Fix review with new to: sending.,11330,Fix,ss62171,1,1
4198dc74f1,Fix banish_broken tool.,11330,Fix,ss62171,1,1
50b8195bf3,api: Fix type error updating the failures count.,11330,Fix,ss62171,1,1
b22249d861,Helper scripts to fix some buggy users.,11330,Fix,ss62171,1,1
585210feaa,"Fix the ""load more"" button disappearing after the first time it's clicked",11330,Fix,ss62171,1,1
0d5c67c792,gcal-bot: Fix sys.path for new location under api/bots/,11330,Fix,ss62171,1,1
796869863c,review: fix for send_message API change,11330,Fix,ss62171,1,1
488370b681,Fix various compose box bugs involving typeahead and field navigation,11330,Fix,ss62171,1,1
bff933e0e2,[third] Modify bootstrap to help fix various compose box bugs,11330,Fix,ss62171,1,1
5c7419307c,Fix style mistakes we didn't catch the first time,11330,Fix,ss62171,1,1
da571f16ff,"Fix ""resizing window breaks in Firefox"" issue.",11330,Fix,ss62171,1,1
1f3cf7bbd0,Fix sending to cross-realm Zephyr users.,11330,Fix,ss62171,1,1
565edc3c5a,Fix tests failing due to changes in error message text,11330,Fix,ss62171,1,1
831316c6a6,Fix tests failing due to new activity tracking.,11330,Fix,ss62171,1,1
16c8baf99b,Fix running tests when the default database is MySQL.,11330,Fix,ss62171,1,1
a87ac2dec9,zephyr_mirror: Fix missing api key file error message.,11330,Fix,ss62171,1,1
0717665b69,zephyr_mirror: Zev's proposed fix to latest linewrapping problem.,11330,Fix,ss62171,1,1
43af871759,ui: Fix punctuation in a comment,11330,Fix,ss62171,1,1
54e8df4393,Fix missing newline at end of reload.js,11330,Fix,ss62171,1,1
080c169e90,same_recipient: Fix spacing,11330,Fix,ss62171,1,1
850e70c592,zephyr_mirror: Fix name of MIT Zephyr realm.,11330,Fix,ss62171,1,1
3af18006ce,zephyr_mirror: Fix syncing instances of class message.,11330,Fix,ss62171,1,1
ebada01f91,zephyr_mirror: Fix handling of cross-realm Zephyr users.,11330,Fix,ss62171,1,1
b798b66ba0,zephyr_mirror: Small logic fix in add_humbug_subscriptions.,11330,Fix,ss62171,1,1
1adc54185f,Fix unnecessary usage of realm ids creating new users.,11330,Fix,ss62171,1,1
2b1ecd1ad8,Fix name of login_required_api_view in comment,11330,Fix,ss62171,1,1
ac6a74bd73,test_public_urls: Fix docstring,11330,Fix,ss62171,1,1
41290f3e23,Fix XSS issue in composebox typeahead.,11330,Fix,ss62171,1,1
22bb5a5830,Fix longpolling on messages to nobody.,11330,Fix,ss62171,1,1
426ab9559d,Fix creating new users via zephyr mirroring.,11330,Fix,ss62171,1,1
30aab26ccd,Fix test_missing_last_received to match current behavior.,11330,Fix,ss62171,1,1
70f21f9d8e,Fix 'Stream does not exist' test.,11330,Fix,ss62171,1,1
e7e05d8617,"Fix up some overzealous ""instance->subject"" renames.",11330,Fix,ss62171,1,1
26115c8232,review: Fix trailing whitespace,11330,Fix,ss62171,1,1
9f61e27218,Fix broken conditionals in get_old_messages_backend.,11330,Fix,ss62171,1,1
7267ba9cd2,Fix test for /accounts/logout,11330,Fix,ss62171,1,1
0fcf1db00a,Fix tracebacks sending messages nobody will receive.,11330,Fix,ss62171,1,1
45387a8e63,Fix logout view,11330,Fix,ss62171,1,1
0b5b1dd14e,zephyr_mirror: Fix unicode decoding issues.,11330,Fix,ss62171,1,1
c5367bc21d,Fix auto-restart functionality with new paths.,11330,Fix,ss62171,1,1
44b332693e,Fix the fact that new auto-created MIT users are active.,11330,Fix,ss62171,1,1
9caf205ed9,Fix missing tables when clearing databases.,11330,Fix,ss62171,1,1
85ead77956,Splitting SSL out didn't fix the dependency problems.,11330,Fix,ss62171,1,1
7912b2abbe,Fix find bug causing a search to skip over the first result.,11330,Fix,ss62171,1,1
b3cf1a5ffb,Fix typo in terms,11330,Fix,ss62171,1,1
465bbf5614,print-all: Fix incorrect progress output,11330,Fix,ss62171,1,1
8173bd720b,privacy.html: Fix markup,11330,Fix,ss62171,1,1
a9583f6889,Fix get_updates missing messages between calls,11330,Fix,ss62171,1,1
75d150efc7,Fix being unable to send messages with a trailing comma in recipients list.,11330,Fix,ss62171,1,1
718018bbf6,select_message_by_id: Fix return value when already selected,11330,Fix,ss62171,1,1
8a39292b5d,Fix bouncy pointer from pointer updates,11330,Fix,ss62171,1,1
cd62827158,Fix issue with border on huddle messages.,11330,Fix,ss62171,1,1
a139f8b6b2,Fix incorrect references to userprofile in the API,11330,Fix,ss62171,1,1
a9667d81a8,Fix performance regression caused by last commit.,11330,Fix,ss62171,1,1
8c16295301,populate_db: Fix replaying personal messages from logs.,11330,Fix,ss62171,1,1
1b1d5cb577,Fix all mirrored stream messages appearing to be from me.,11330,Fix,ss62171,1,1
bce793005d,Fix mirroring of personals.,11330,Fix,ss62171,1,1
400d57408c,500.html: Fix typo,11330,Fix,ss62171,1,1
fc76027f2d,portico.html: Fix an unclosed <span>,11330,Fix,ss62171,1,1
f26a614bb3,Fix Client handling in the test suite.,11330,Fix,ss62171,1,1
7530163fb8,Fix stream Verona's Recipient being created twice.,11330,Fix,ss62171,1,1
d3a693080e,Fix receiving messages on the ShakeSpeare streams.,11330,Fix,ss62171,1,1
55d9c08c83,populate_db: Fix case bugs importing old messages.,11330,Fix,ss62171,1,1
dcfef6b1a9,Fix restored personals going to the wrong user.,11330,Fix,ss62171,1,1
edf9a8e7e5,Fix incorrect setting of initial API keys in bulk import.,11330,Fix,ss62171,1,1
1fcb4c0576,Fix error handling for removing subscriptions.,11330,Fix,ss62171,1,1
bf007776ce,Fix selecting huddles using the mouse type-tabs.,11330,Fix,ss62171,1,1
a8ee0ecc69,Fix bug allowing subscribing to a stream twice.,11330,Fix,ss62171,1,1
d9195cd189,update-deployment: Fix undefined name,11330,Fix,ss62171,1,1
a80e08fbf3,Fix typo,11330,Fix,ss62171,1,1
337836ef54,Fix initial focus on new messages,11330,Fix,ss62171,1,1
2a98045406,Fix responding to messages (broken by rebase error),11330,Fix,ss62171,1,1
299a298bfb,Fix variable name typo in narrow.by_recipient,11330,Fix,ss62171,1,1
da9babd347,Fix typo in API tool usage.,11330,Fix,ss62171,1,1
247cfc5344,Fix create-and-send functionality.,11330,Fix,ss62171,1,1
3051b34bb0,Fix issues with trailing slashes in API examples URLs.,11330,Fix,ss62171,1,1
d49d675128,Fix mit_sync_bots for personals only.,11330,Fix,ss62171,1,1
e303b7dcbd,Fix syncing messages from Humbug back to MIT.,11330,Fix,ss62171,1,1
bff0046c51,Fix client continuously calling get_updates when a reload is pending.,11330,Fix,ss62171,1,1
7237b4a73e,Fix sending to a stream with a space in its name.,11330,Fix,ss62171,1,1
4844d7eb02,Fix stupid bug mirroring personals to zephyr.,11330,Fix,ss62171,1,1
94944d2c5e,Fix updating the pointer.,11330,Fix,ss62171,1,1
277f37aea4,Fix formatting,11330,Fix,ss62171,1,1
8f3aea5cbf,Fix narrowing to personals with a specific user,11330,Fix,ss62171,1,1
18d48fcd40,Fix javascript referenced via http url.,11330,Fix,ss62171,1,1
b42cf1d4c8,Fix persistent message selection across narrows,11330,Fix,ss62171,1,1
bb9c6c4e4a,zephyr_mirror: Fix --forward-class-messages always being on.,11330,Fix,ss62171,1,1
4062550ef7,Fix tab not toggling the compose window in Firefox.,11330,Fix,ss62171,1,1
ec1533b0b1,Fix display of huddles.,11330,Fix,ss62171,1,1
bc4487ebf9,Fix autocomplete,11330,Fix,ss62171,1,1
a4683aa763,Fix s/LTS.ORG/1TS.ORG/.,11330,Fix,ss62171,1,1
f5131356f4,Fix test broken by 0917d5c2ed1b156603ce53aaec88ecbe26f5f39c,11330,Fix,ss62171,1,2
486aa99234,zephyr_mirror: Fix case where we're not forwarding class messages.,11330,Fix,ss62171,1,1
22099dfe9f,Fix scrolling bug related to resize.,11330,Fix,ss62171,1,1
9f499fd364,Fix descriptions of some API examples.,11330,Fix,ss62171,1,1
676e650a08,Fix mit_sync_bot bug causing constant API requests.,11330,Fix,ss62171,1,1
eb63177a56,Fix timestamps in logging,11330,Fix,ss62171,1,1
4c4cca0945,Fix removal of stale zephyrdb.test files.,11330,Fix,ss62171,1,1
48cda57d84,Fix issue where arrowing-down near end of page would skip a message.,11330,Fix,ss62171,1,1
b07bb45e35,Fix regression focusing on content box after autocompleting a single huddle name.,11330,Fix,ss62171,1,1
8083a149b8,Fix selected-message glitch on composewindow by removing animation.,11330,Fix,ss62171,1,1
d5c89ffe9d,"Fix needing to hit escape twice immediately after hitting ""c"".",11330,Fix,ss62171,1,1
ad213fc810,Fix focus on create/sub buttons if you try to send to a new/unsubscribed class.,11330,Fix,ss62171,1,1
19a0e4a690,Fix totally backwards comparison and don't recompute the result.,11330,Fix,ss62171,1,1
e1113a6d08,populate_db: Fix mit_subs_list import,11330,Fix,ss62171,1,1
71d87499d8,Fix bug where hotkeys would still work in the compose box.,11330,Fix,ss62171,1,1
7a88fd71e6,Fix broken math for scrolling at the top or bottom of a stream.,11330,Fix,ss62171,1,1
8bf693224c,Fix up attributes on links (whether auto-linkified or not),11330,Fix,ss62171,1,1
c3a9d60741,Partially fix a test that wasn't actually setting a variable.,11330,Fix,ss62171,1,1
c1c8ce9e53,More style fixes for signup.js,11330,Fix,ss62171,1,1
1cbceeec87,Fix more problems uncovered by lint,11330,Fix,ss62171,1,1
2508e87d03,Fix an undefined variable,11330,Fix,ss62171,1,1
6bce5f95b0,Fix the no-apply-markdown case.,11330,Fix,ss62171,1,1
ed8042da73,Fix bug where starnine@mit.edu always gets added to zephyr-forwarded huddles.,11330,Fix,ss62171,1,1
abd97578c0,"Fix zephyr mirror unicode issues, hopefully once and for all.",11330,Fix,ss62171,1,1
f2a73985c9,Fix my own variable typo (whoops),11330,Fix,ss62171,1,1
db224c1c24,Fix other problems in signup.js,11330,Fix,ss62171,1,1
d18a79ad07,Fix wtf control flow in signup.js,11330,Fix,ss62171,1,1
5a6247288a,Fix typo'd variable,11330,Fix,ss62171,1,1
e53dbbd756,Fix post-receive hook's API postings.,11330,Fix,ss62171,1,1
568c7300ef,"Spacing, labelling fixes to register.html.",11330,Fix,ss62171,1,1
8152619ce7,zephyr_mirror: Fix bug computing recipients when sending huddles.,11330,Fix,ss62171,1,1
aa2e4efc2c,Fix typo preventing focus on new subscriptions box after tabbing over.,11330,Fix,ss62171,1,1
2f3aa23e7e,Fix new_zephyr => content conversion for zephyr mirror script.,11330,Fix,ss62171,1,1
abb47a6a7d,Fix bad class name comparison in add_zephyr_metadata.,11330,Fix,ss62171,1,1
ec36170511,Fix buggy class name validation regex.,11330,Fix,ss62171,1,1
729d3ac602,"Fix registration test, now exercise the email sending and verification code",11330,Fix,ss62171,1,1
029ae76a4a,Fix some of our get_updates tests.,11330,Fix,ss62171,1,1
c36790c7ba,zephyr-mirror: Fix race where we'd miss some messages.,11330,Fix,ss62171,1,1
85da33c4ee,Fix return_messages_immediately.,11330,Fix,ss62171,1,1
13e1984bbd,zephyr_mirror: Fix last hardcoding of starnine@mit.edu.,11330,Fix,ss62171,1,1
ee1ba168e0,zephyr_mirror: Fix some handling of case when forwarding.,11330,Fix,ss62171,1,1
d6c6e67991,Fix mit_sync_table to run after we save zephyrs.,11330,Fix,ss62171,1,1
8b87ba04ef,Fix apply_markdown option in new get_updates_api function.,11330,Fix,ss62171,1,1
4458c8f3d7,Fix unicode issues.,11330,Fix,ss62171,1,1
62f6cd77d6,zephyr_mirror: Hopefully fix unicode decoding issues.,11330,Fix,ss62171,1,1
293c8dcff8,Fix recent display recipient change.,11330,Fix,ss62171,1,1
3b817ecc1c,Actually fix deduplication of synced huddle messages.,11330,Fix,ss62171,1,1
2a1503fd35,Hopefully fix huddle message deduplication with MIT sync.,11330,Fix,ss62171,1,1
3f0a6b6087,Fix and clean up Home/End key processing,11330,Fix,ss62171,1,1
12013cd7b7,Fix collapsing of huddle messages.,11330,Fix,ss62171,1,1
8be02ce8a3,Fix use of userprofile for user_profile variable in subs code.,11330,Fix,ss62171,1,1
e4b63aae95,Fix autofocus of the email field,11330,Fix,ss62171,1,1
f1476963bf,Fix display of email address.,11330,Fix,ss62171,1,1
fc12e6ffbb,Fix collapsing with new email addresses instead of usernames.,11330,Fix,ss62171,1,1
3ec50a921d,Fix loading subscriptions on the live site.,11330,Fix,ss62171,1,1
e8a6fee147,Fix the ability to send zephyrs when there are no previous zephyrs.,11330,Fix,ss62171,1,1
2fb626c106,Fix running populate_db more than once in a row.,11330,Fix,ss62171,1,1
16b8258924,Fix bad merge,11330,Fix,ss62171,1,1
d997eacc5e,setup.bash: Some fixes to server installation process.,11330,Fix,ss62171,1,1
c3c675a872,Fix the size of profile pictures,11330,Fix,ss62171,1,1
75c34a7f1b,Fix a bunch of code style problems,11330,Fix,ss62171,1,1
e5ac53674a,Use fixed table layout,11330,Fix,ss62171,1,1
7da13a873e,Fix size of messagebox,11330,Fix,ss62171,1,1
8440fdd838,Use a fixed width Zephyr list,11330,Fix,ss62171,1,1
de0255d651,zephyr_mirror: Hack to try to eliminate fixed withs of zephyrs.,11330,Fix,ss62171,1,1
f2fbb99368,Fix narrowing by click,11330,Fix,ss62171,1,1
8c9d29842d,Fix formatting of nested functions,11330,Fix,ss62171,1,1
1211995d2e,Fix indentation,11330,Fix,ss62171,1,1
ffb69ad1c8,Fix (?) logging in runtornado.py,11330,Fix,ss62171,1,1
a53d4e8177,Fix narrowing by huddles.,11330,Fix,ss62171,1,1
cc3b90b5a2,Fix some testing problems with new UserMessage class.,11330,Fix,ss62171,1,1
9696e12c45,zephyr-mirror: Fix bug in zsig splitting.,11330,Fix,ss62171,1,1
b235b8bc31,Fix user of UserProfile instead of User.,11330,Fix,ss62171,1,1
10873529fd,Fix forge_zephyr bug.,11330,Fix,ss62171,1,1
d466738116,Fix creating new classes by sending messages to them.,11330,Fix,ss62171,1,1
31ece4d3aa,Fix narrowing by instance.,11330,Fix,ss62171,1,1
e66e2f3be6,Fix new instance of recipient_id.,11330,Fix,ss62171,1,1
b761bf030b,[schema] Fix names of fields in Subscription.,11330,Fix,ss62171,1,1
e9b6ce6124,Fix subscriptions page showing huddles.,11330,Fix,ss62171,1,1
8eb778dc32,Fix display of which people we're showing personals with.,11330,Fix,ss62171,1,1
3e51ef8c1c,Fix get_huddle handling of id_list.,11330,Fix,ss62171,1,1
254b118bd6,Fix an error in huddle comments.,11330,Fix,ss62171,1,1
6de871a698,Fix double-sending to huddle recipients.,11330,Fix,ss62171,1,1
3db1766015,Fix broken narrowing on classes with keyboard shortcuts.,12535,Keyboard shortcut,YashRE42,1,1
3db1766015,Fix broken narrowing on classes with keyboard shortcuts.,11330,Fix,ss62171,1,1
f0db139e43,Fix missing import socket in views.py.,11330,Fix,ss62171,1,1
8506656df1,Fix bug in scroll_to_zephyr removal.,11330,Fix,ss62171,1,1
57bdc40b87,Fix superfluous use of .html,11330,Fix,ss62171,1,1
390f6c83c7,Fix displaying personal zephyrs you send.,11330,Fix,ss62171,1,1
546c61a979,Fix a bug (using the wrong id) when filtering subscriptions.,11330,Fix,ss62171,1,1
70f96ad674,Fix log out URL.,11330,Fix,ss62171,1,1
aca034b29d,Fix capitalization,11330,Fix,ss62171,1,1
