Issue ID,Issue Body,issue User,commitID,Commit Subject,cosine similiarity,Levenstein Distance
14174,"keras.models.load_model can not work with Flask service? Keras==2.4.2, Flask==1.1.2",ChungNPH,1931e218,Prepare 2.2.4 release.,0.5091750772173156,71
14174,"keras.models.load_model can not work with Flask service? Keras==2.4.2, Flask==1.1.2",ChungNPH,eb2c1fdc,Prepare 2.2.1 release.,0.5819143739626463,71
14174,"keras.models.load_model can not work with Flask service? Keras==2.4.2, Flask==1.1.2",ChungNPH,5d54eeb3,Prepare 2.1.4 release.,0.5163977794943222,71
14174,"keras.models.load_model can not work with Flask service? Keras==2.4.2, Flask==1.1.2",ChungNPH,26d5e100,Prepare 2.1.2 release,0.5819143739626463,71
14008,"Fix incorrect loss_weights error message, clarify docs",MingweiSamuel,90577009,Fix recurrent batch_input_shape error message,0.5070925528371099,33
13913,tensorflow test,tensorflowbutler,4c015964,Separate pooling test from convolutional test and parameterize test case (#10975),0.5144957554275265,69
13913,tensorflow test,tensorflowbutler,a6fe2ae3,test against latest tensorflow in travis,0.5773502691896258,28
13913,tensorflow test,tensorflowbutler,90e9da40,Fix tensorflow test,0.8164965809277259,4
13912,tensorflow,tensorflowbutler,96483326,fixed tensorflow bug,0.5773502691896258,10
13912,tensorflow,tensorflowbutler,90e9da40,Fix tensorflow test,0.5773502691896258,9
13912,tensorflow,tensorflowbutler,475fa79e,fix tensorflow travis config,0.5,18
13855,Merge pull request #1 from keras-team/master,bruce1408,95fab0e0,Merge branch 'master' of github.com:keras-team/keras,0.5330017908890261,30
13855,Merge pull request #1 from keras-team/master,bruce1408,71838135,Merge branch 'master' of github.com:keras-team/keras,0.5330017908890261,30
13855,Merge pull request #1 from keras-team/master,bruce1408,1cf5218e,Merge branch 'master' of github.com:keras-team/keras,0.5330017908890261,30
13855,Merge pull request #1 from keras-team/master,bruce1408,d952f0cb,Merge branch 'master' of github.com:keras-team/keras,0.5330017908890261,30
13855,Merge pull request #1 from keras-team/master,bruce1408,7de4a8ba,Merge branch 'master' of github.com:keras-team/keras,0.5330017908890261,30
13855,Merge pull request #1 from keras-team/master,bruce1408,58dd522d,Merge branch 'master' of github.com:keras-team/keras,0.5330017908890261,30
13855,Merge pull request #1 from keras-team/master,bruce1408,850ffbfa,Merge branch 'master' of github.com:keras-team/keras,0.5330017908890261,30
13855,Merge pull request #1 from keras-team/master,bruce1408,c469f80f,Merge pull request #1 from israelg99/patch-1,0.6708203932499369,14
13855,Merge pull request #1 from keras-team/master,bruce1408,df42e997,Merge branch 'master' into keras-1,0.5773502691896258,28
13855,Merge pull request #1 from keras-team/master,bruce1408,6ddb5a04,Merge pull request #2158 from EderSantana/keras-1,0.7499999999999999,17
13855,Merge pull request #1 from keras-team/master,bruce1408,d81e4127,Merge pull request #2123 from carlthome/master,0.6681531047810609,11
13855,Merge pull request #1 from keras-team/master,bruce1408,90aafca5,Merge pull request #2055 from EderSantana/batch_dot,0.5345224838248487,20
13855,Merge pull request #1 from keras-team/master,bruce1408,5e301d1f,Merge pull request #2044 from NasenSpray/conv2d,0.5345224838248487,19
13855,Merge pull request #1 from keras-team/master,bruce1408,85ebccfc,Merge pull request #2049 from grahamannett/patch-1,0.6249999999999999,20
13855,Merge pull request #1 from keras-team/master,bruce1408,d0b348a5,Merge pull request #2037 from TheRushingWookie/master,0.6681531047810609,18
13855,Merge pull request #1 from keras-team/master,bruce1408,deb4c06d,Merge pull request #2013 from carlthome/master,0.6681531047810609,11
13855,Merge pull request #1 from keras-team/master,bruce1408,d3cc1de2,Merge pull request #2027 from sudeepraja/master,0.6681531047810609,14
13855,Merge pull request #1 from keras-team/master,bruce1408,b0303f03,Merge pull request #1968 from cadurosar/master,0.6681531047810609,12
13855,Merge pull request #1 from keras-team/master,bruce1408,2716dcd6,Merge pull request #1963 from jnphilipp/fix_config,0.5345224838248487,23
13855,Merge pull request #1 from keras-team/master,bruce1408,fef9de0d,Merge pull request #1961 from giorgiop/typos_examples,0.5345224838248487,22
13855,Merge pull request #1 from keras-team/master,bruce1408,70431a53,Merge pull request #1953 from tjrileywisc/master,0.6681531047810609,13
13855,Merge pull request #1 from keras-team/master,bruce1408,709390df,Merge pull request #1918 from snurkabill/allow_soft_placement,0.5345224838248487,28
13855,Merge pull request #1 from keras-team/master,bruce1408,ca05efc7,Merge pull request #1862 from qdbp/issue_1857,0.5345224838248487,20
13855,Merge pull request #1 from keras-team/master,bruce1408,e5d0dc65,Merge pull request #1856 from GregorySenay/master,0.6681531047810609,12
13855,Merge pull request #1 from keras-team/master,bruce1408,428f4bfd,Merge pull request #1832 from NasenSpray/fix_mean,0.5345224838248487,19
13855,Merge pull request #1 from keras-team/master,bruce1408,3f905e4a,Merge pull request #1817 from AIshb/patch-1,0.6249999999999999,18
13855,Merge pull request #1 from keras-team/master,bruce1408,8a6cf4c1,Merge pull request #1816 from smohsensh/patch-1,0.6249999999999999,18
13855,Merge pull request #1 from keras-team/master,bruce1408,784d81d2,Merge pull request #1623 from oeway/master,0.6681531047810609,11
13855,Merge pull request #1 from keras-team/master,bruce1408,82d34897,Merge pull request #1789 from yaringal/BRNN_latest,0.5345224838248487,19
13855,Merge pull request #1 from keras-team/master,bruce1408,d03f7768,Merge pull request #1769 from tboquet/modelckpoint_deb,0.5345224838248487,23
13855,Merge pull request #1 from keras-team/master,bruce1408,a154495a,Merge pull request #1751 from DingKe/master,0.6681531047810609,12
13855,Merge pull request #1 from keras-team/master,bruce1408,1019e50e,Merge pull request #1626 from MatthieuPerrot/master,0.6681531047810609,16
13855,Merge pull request #1 from keras-team/master,bruce1408,6a41ac1c,Merge pull request #1724 from bmabey/master,0.6681531047810609,11
13855,Merge pull request #1 from keras-team/master,bruce1408,68115cc2,Merge pull request #1705 from neggert/cache_input_size,0.5345224838248487,23
13855,Merge pull request #1 from keras-team/master,bruce1408,657b9fb4,Merge pull request #1651 from tboquet/fit_gen_tensorb,0.5345224838248487,22
13855,Merge pull request #1 from keras-team/master,bruce1408,cae797b8,Merge pull request #1668 from jstypka/master,0.6681531047810609,12
13855,Merge pull request #1 from keras-team/master,bruce1408,8d393f76,Merge pull request #1645 from oraac/master,0.6681531047810609,10
13855,Merge pull request #1 from keras-team/master,bruce1408,8acf4de7,Merge pull request #1621 from DingKe/master,0.6681531047810609,12
13855,Merge pull request #1 from keras-team/master,bruce1408,5d3c2673,Merge pull request #1596 from agitter/master,0.6681531047810609,11
13855,Merge pull request #1 from keras-team/master,bruce1408,282e634f,Merge pull request #1582 from fchollet/temporal_sample_weighting,0.5345224838248487,31
13855,Merge pull request #1 from keras-team/master,bruce1408,b2681804,Merge pull request #1577 from jocicmarko/master,0.6681531047810609,13
13855,Merge pull request #1 from keras-team/master,bruce1408,59dcd7ba,Merge pull request #1566 from tpsatish95/master,0.6681531047810609,12
13855,Merge pull request #1 from keras-team/master,bruce1408,829886eb,Merge pull request #1552 from udibr/ImageDataGenerator_shuffle,0.5345224838248487,29
13855,Merge pull request #1 from keras-team/master,bruce1408,41d07f5b,Merge pull request #1560 from jnphilipp/master,0.6681531047810609,13
13855,Merge pull request #1 from keras-team/master,bruce1408,a5357720,Merge pull request #1543 from Joshua-Chin/master,0.6249999999999999,13
13855,Merge pull request #1 from keras-team/master,bruce1408,1dab54c1,Merge pull request #1527 from the-moliver/master,0.6249999999999999,13
13855,Merge pull request #1 from keras-team/master,bruce1408,1f0adb7e,Merge pull request #1514 from DingKe/master,0.6681531047810609,12
13855,Merge pull request #1 from keras-team/master,bruce1408,fb99e04f,Merge pull request #1502 from tboquet/from_config_deb,0.5345224838248487,23
13855,Merge pull request #1 from keras-team/master,bruce1408,c8f26331,Merge pull request #6 from fchollet/master,0.6681531047810609,10
13855,Merge pull request #1 from keras-team/master,bruce1408,bd2ff26b,Merge pull request #5 from fchollet/master,0.6681531047810609,10
13855,Merge pull request #1 from keras-team/master,bruce1408,a696513c,Merge pull request #1448 from keunwoochoi/patch-1,0.6249999999999999,18
13855,Merge pull request #1 from keras-team/master,bruce1408,5d1789c8,Merge pull request #1430 from tboquet/fix_custom_obj_load,0.5345224838248487,27
13855,Merge pull request #1 from keras-team/master,bruce1408,6167d17a,Merge pull request #1414 from tboquet/conv_same_conv2d,0.5345224838248487,24
13855,Merge pull request #1 from keras-team/master,bruce1408,c6a1c01a,Merge pull request #1411 from jarfo/patch-1,0.6249999999999999,18
13855,Merge pull request #1 from keras-team/master,bruce1408,e2fa1d56,Merge pull request #1396 from julienr/resize_images,0.5345224838248487,19
13855,Merge pull request #1 from keras-team/master,bruce1408,0ed465ac,Merge pull request #1397 from stevenxxiu/batch_input_shape_fix,0.5345224838248487,31
13855,Merge pull request #1 from keras-team/master,bruce1408,ad9d41f1,Merge pull request #1389 from kashif/adamax,0.5345224838248487,15
13855,Merge pull request #1 from keras-team/master,bruce1408,bb459918,Merge pull request #1388 from kylemcdonald/patch-1,0.6249999999999999,19
13855,Merge pull request #1 from keras-team/master,bruce1408,f95e6bad,Merge pull request #1383 from tboquet/conv_deb,0.5345224838248487,18
13855,Merge pull request #1 from keras-team/master,bruce1408,161b31dc,Merge pull request #1374 from PiranjaF/master,0.6681531047810609,10
13855,Merge pull request #1 from keras-team/master,bruce1408,7b95359b,Merge pull request #1354 from easyas314159/master,0.6681531047810609,13
13855,Merge pull request #1 from keras-team/master,bruce1408,7555a32d,Merge pull request #1372 from viirya/dedup,0.5345224838248487,18
13855,Merge pull request #1 from keras-team/master,bruce1408,308fd870,Merge pull request #1352 from viirya/check-keras-dir-permission,0.5590169943749475,28
13855,Merge pull request #1 from keras-team/master,bruce1408,7a61cc20,Merge pull request #1338 from rpinsler/master,0.6681531047810609,11
13855,Merge pull request #1 from keras-team/master,bruce1408,534f68ec,Merge pull request #1336 from wb14123/loop,0.5345224838248487,19
13855,Merge pull request #1 from keras-team/master,bruce1408,f65b5316,Merge pull request #1328 from phreeza/siamese_tests,0.5345224838248487,19
13855,Merge pull request #1 from keras-team/master,bruce1408,7a6a4788,Merge pull request #1324 from Chasego/patch-1,0.6249999999999999,16
13855,Merge pull request #1 from keras-team/master,bruce1408,dac6b2f6,Merge pull request #1256 from consciousnesss/integration_tests_job,0.5345224838248487,32
13855,Merge pull request #1 from keras-team/master,bruce1408,2f48f056,Merge pull request #1290 from julienr/backend_from_env,0.5345224838248487,23
13855,Merge pull request #1 from keras-team/master,bruce1408,9d0cf9fb,Merge pull request #1305 from fchollet/fit_generator,0.5345224838248487,21
13855,Merge pull request #1 from keras-team/master,bruce1408,14d905cb,Merge pull request #1293 from julienr/fix_upsampling,0.5345224838248487,22
13855,Merge pull request #1 from keras-team/master,bruce1408,6553a2ba,Merge pull request #1289 from julienr/fix_docs_autogen,0.5345224838248487,22
13855,Merge pull request #1 from keras-team/master,bruce1408,e01b8249,Merge pull request #1292 from julienr/fix_visutil,0.5345224838248487,20
13855,Merge pull request #1 from keras-team/master,bruce1408,ca37f96c,Merge pull request #4 from fchollet/master,0.6681531047810609,10
13855,Merge pull request #1 from keras-team/master,bruce1408,151a6fba,Merge pull request #1279 from EderSantana/sequences,0.5345224838248487,19
13855,Merge pull request #1 from keras-team/master,bruce1408,792b7555,Merge pull request #1258 from jeffzhengye/rnn_masking_bug_fix,0.5345224838248487,29
13855,Merge pull request #1 from keras-team/master,bruce1408,2ee89178,Merge pull request #3 from fchollet/master,0.6681531047810609,10
13855,Merge pull request #1 from keras-team/master,bruce1408,20d6d2b2,Merge pull request #1260 from chenb67/master,0.6681531047810609,13
13855,Merge pull request #1 from keras-team/master,bruce1408,8ad72524,Merge pull request #1 from fchollet/master,0.8017837257372731,9
13855,Merge pull request #1 from keras-team/master,bruce1408,5575f4a5,Merge pull request #1249 from bhargav/patch-1,0.6249999999999999,17
13855,Merge pull request #1 from keras-team/master,bruce1408,08470363,Merge pull request #1243 from jeffzhengye/rnn_float32_issue,0.5345224838248487,28
13855,Merge pull request #1 from keras-team/master,bruce1408,be467666,Merge pull request #1228 from Sebubu/add_node_doc_update,0.5345224838248487,25
13855,Merge pull request #1 from keras-team/master,bruce1408,3620f022,Merge pull request #1049 from julienr/visutil_improve,0.5345224838248487,21
13855,Merge pull request #1 from keras-team/master,bruce1408,e7859bf1,Merge pull request #1214 from ozancaglayan/master,0.6681531047810609,13
13855,Merge pull request #1 from keras-team/master,bruce1408,64226e43,Merge pull request #1194 from smauq/master,0.6681531047810609,12
13855,Merge pull request #1 from keras-team/master,bruce1408,337f86b4,Merge pull request #1190 from smauq/master,0.6681531047810609,12
13855,Merge pull request #1 from keras-team/master,bruce1408,4c742737,Merge pull request #1189 from EderSantana/call2,0.5345224838248487,16
13855,Merge pull request #1 from keras-team/master,bruce1408,8e64a6ce,Merge pull request #1184 from consciousnesss/switch_tasks_to_pytest,0.5345224838248487,34
13855,Merge pull request #1 from keras-team/master,bruce1408,55e62e58,Merge pull request #1162 from EderSantana/call,0.5345224838248487,16
13855,Merge pull request #1 from keras-team/master,bruce1408,e8818c84,Merge pull request #1182 from EderSantana/get_initial_states,0.5345224838248487,25
13855,Merge pull request #1 from keras-team/master,bruce1408,ada2f2fa,Merge pull request #1176 from dsteiner93/master,0.6681531047810609,13
13855,Merge pull request #1 from keras-team/master,bruce1408,194587e2,Merge pull request #3 from fchollet/master,0.6681531047810609,10
13855,Merge pull request #1 from keras-team/master,bruce1408,bb17fc7a,Merge pull request #1147 from tboquet/fix_doc,0.5345224838248487,19
13855,Merge pull request #1 from keras-team/master,bruce1408,3e9f5c20,Merge pull request #1150 from consciousnesss/speed_up_keras_test_infrastracture,0.5345224838248487,41
13855,Merge pull request #1 from keras-team/master,bruce1408,39a457cc,Merge pull request #1158 from EderSantana/ascii,0.5345224838248487,15
13855,Merge pull request #1 from keras-team/master,bruce1408,535af0b1,Merge pull request #1137 from stonebig/patch-1,0.6249999999999999,19
13855,Merge pull request #1 from keras-team/master,bruce1408,5956dbe8,Merge pull request #1096 from tboquet/master,0.6681531047810609,12
13855,Merge pull request #1 from keras-team/master,bruce1408,2f01f299,Merge pull request #1105 from transcranial/backend,0.5345224838248487,17
13855,Merge pull request #1 from keras-team/master,bruce1408,8612da30,Merge pull request #1082 from PFischbeck/patch-1,0.6249999999999999,18
13855,Merge pull request #1 from keras-team/master,bruce1408,b733951a,Merge pull request #1079 from transcranial/elu,0.5345224838248487,16
13855,Merge pull request #1 from keras-team/master,bruce1408,59a30e99,Merge pull request #1073 from pse1202/master,0.6681531047810609,12
13855,Merge pull request #1 from keras-team/master,bruce1408,50467e32,Merge pull request #990 from EderSantana/ntm,0.5345224838248487,16
13855,Merge pull request #1 from keras-team/master,bruce1408,e1cc291a,Merge pull request #1046 from julienr/visutil_to_graph,0.5345224838248487,23
13855,Merge pull request #1 from keras-team/master,bruce1408,6a231f1a,Merge pull request #1041 from neggert/lambda_enhancements,0.5345224838248487,24
13855,Merge pull request #1 from keras-team/master,bruce1408,62154fd6,Merge pull request #2 from fchollet/master,0.6681531047810609,10
13855,Merge pull request #1 from keras-team/master,bruce1408,9ad5bf3a,Merge pull request #986 from tzachar/patch,0.5345224838248487,15
13855,Merge pull request #1 from keras-team/master,bruce1408,cb604775,Merge pull request #1 from fchollet/master,0.8017837257372731,9
13855,Merge pull request #1 from keras-team/master,bruce1408,b1bbedfb,Merge pull request #972 from dbonadiman/patch-1,0.6249999999999999,18
13855,Merge pull request #1 from keras-team/master,bruce1408,fe14a845,Merge pull request #942 from matsuyamax/master,0.6681531047810609,12
13855,Merge pull request #1 from keras-team/master,bruce1408,eba8530e,Merge pull request #941 from stephenroller/master,0.6681531047810609,14
13855,Merge pull request #1 from keras-team/master,bruce1408,0b326d96,Merge pull request #939 from stephenroller/master,0.6681531047810609,15
13855,Merge pull request #1 from keras-team/master,bruce1408,a5d93bfd,Merge pull request #935 from liormagen/patch-1,0.6249999999999999,18
13855,Merge pull request #1 from keras-team/master,bruce1408,41db7418,Merge pull request #917 from contextvision/dropout,0.5345224838248487,21
13855,Merge pull request #1 from keras-team/master,bruce1408,46bfa18a,Merge pull request #911 from jpeg729/custom_objects,0.5345224838248487,21
13855,Merge pull request #1 from keras-team/master,bruce1408,26b57a6c,Merge pull request #860 from jeanpijon/monitor_directions,0.5345224838248487,26
13855,Merge pull request #1 from keras-team/master,bruce1408,611c4851,Merge pull request #1 from fchollet/master,0.8017837257372731,9
13855,Merge pull request #1 from keras-team/master,bruce1408,01bb8851,Merge pull request #889 from trungnt13/master,0.6681531047810609,12
13855,Merge pull request #1 from keras-team/master,bruce1408,52fd68f4,Merge pull request #886 from alvations/master,0.6681531047810609,12
13855,Merge pull request #1 from keras-team/master,bruce1408,7b0b3240,Merge pull request #2 from alvations/alvations-patch-1,0.5330017908890261,23
13855,Merge pull request #1 from keras-team/master,bruce1408,084b235c,Merge pull request #1 from alvations/alvations-patch-1,0.588348405414552,22
13855,Merge pull request #1 from keras-team/master,bruce1408,e7c6d598,Merge pull request #839 from mmmikael/trainable,0.5345224838248487,18
13855,Merge pull request #1 from keras-team/master,bruce1408,a8eda69f,Merge pull request #869 from EderSantana/join,0.5345224838248487,17
13855,Merge pull request #1 from keras-team/master,bruce1408,a19c9ecf,Merge pull request #865 from suixudongi8/patch-1,0.6249999999999999,20
13855,Merge pull request #1 from keras-team/master,bruce1408,025cd168,Merge pull request #859 from r9y9/patch-1,0.6249999999999999,18
13855,Merge pull request #1 from keras-team/master,bruce1408,40a9bd7c,Merge pull request #819 from xingdi-eric-yuan/master,0.5892556509887895,14
13855,Merge pull request #1 from keras-team/master,bruce1408,0a35173b,Merge pull request #814 from matsuyamax/shapeinfer,0.5345224838248487,18
13855,Merge pull request #1 from keras-team/master,bruce1408,73aac1c7,Merge pull request #813 from hedeon/keras_hq,0.5345224838248487,16
13855,Merge pull request #1 from keras-team/master,bruce1408,77571998,Merge pull request #791 from matsuyamax/shapeinfer,0.5345224838248487,18
13855,Merge pull request #1 from keras-team/master,bruce1408,876bca04,Merge pull request #780 from matsuyamax/master,0.6681531047810609,12
13855,Merge pull request #1 from keras-team/master,bruce1408,83544cdb,Merge pull request #777 from matsuyamax/shapeinfer,0.5345224838248487,19
13855,Merge pull request #1 from keras-team/master,bruce1408,b9bf954f,Merge pull request #732 from matsuyamax/master,0.6681531047810609,12
13855,Merge pull request #1 from keras-team/master,bruce1408,c1857cfa,Merge pull request #757 from matsuyamax/cnn_fix,0.5345224838248487,19
13855,Merge pull request #1 from keras-team/master,bruce1408,14b175c9,Merge pull request #745 from blackyang/doc_sample_weight,0.5345224838248487,26
13855,Merge pull request #1 from keras-team/master,bruce1408,3d888cbf,Merge pull request #739 from matsuyamax/cnn_fix,0.5345224838248487,19
13855,Merge pull request #1 from keras-team/master,bruce1408,788d8381,Merge pull request #738 from matsuyamax/graph_fix,0.5345224838248487,20
13855,Merge pull request #1 from keras-team/master,bruce1408,ef43a271,Merge pull request #714 from eulerreich/patch-1,0.6249999999999999,17
13855,Merge pull request #1 from keras-team/master,bruce1408,0b1a1e97,Merge pull request #734 from EderSantana/master,0.6681531047810609,11
13855,Merge pull request #1 from keras-team/master,bruce1408,e4d0ed59,Merge pull request #719 from farizrahman4u/patch-1,0.6249999999999999,19
13855,Merge pull request #1 from keras-team/master,bruce1408,1325e73a,Merge pull request #729 from EderSantana/master,0.6681531047810609,11
13855,Merge pull request #1 from keras-team/master,bruce1408,ca60201f,Merge pull request #690 from EderSantana/master,0.6681531047810609,11
13855,Merge pull request #1 from keras-team/master,bruce1408,c18a9cd4,Merge pull request #684 from jmhessel/mergefixes,0.5345224838248487,19
13855,Merge pull request #1 from keras-team/master,bruce1408,02ddc118,Merge pull request #1 from fchollet/master,0.8017837257372731,9
13855,Merge pull request #1 from keras-team/master,bruce1408,393642df,Merge pull request #691 from grahamannett/master,0.6681531047810609,12
13855,Merge pull request #1 from keras-team/master,bruce1408,0733a802,Merge pull request #677 from jnphilipp/master,0.6681531047810609,13
13855,Merge pull request #1 from keras-team/master,bruce1408,4bdb43f2,Merge pull request #639 from rodrigob/patch-1,0.6249999999999999,18
13855,Merge pull request #1 from keras-team/master,bruce1408,9f6f206c,Merge pull request #647 from phreeza/test_convolutional,0.5345224838248487,25
13855,Merge pull request #1 from keras-team/master,bruce1408,8e293db9,Merge pull request #644 from anjishnu/issue_643,0.5345224838248487,19
13855,Merge pull request #1 from keras-team/master,bruce1408,c368b86d,Merge pull request #640 from Smerity/master,0.6681531047810609,11
13855,Merge pull request #1 from keras-team/master,bruce1408,ddf90835,Merge pull request #637 from jnphilipp/master,0.6681531047810609,13
13855,Merge pull request #1 from keras-team/master,bruce1408,1eb2e6e3,Merge pull request #606 from entron/fix_multi_gpu,0.5345224838248487,21
13855,Merge pull request #1 from keras-team/master,bruce1408,14e4a239,Merge pull request #381 from osh/thresh_activ,0.5345224838248487,16
13855,Merge pull request #1 from keras-team/master,bruce1408,0daf02a9,Merge pull request #586 from jerheff/patch-1,0.6249999999999999,16
13855,Merge pull request #1 from keras-team/master,bruce1408,103a3da6,Merge pull request #559 from danielforsyth/docs,0.5345224838248487,21
13855,Merge pull request #1 from keras-team/master,bruce1408,b958978d,Merge pull request #555 from jdwittenauer/master,0.6681531047810609,13
13855,Merge pull request #1 from keras-team/master,bruce1408,d473216a,Merge pull request #546 from awentzonline/typo,0.5345224838248487,20
13855,Merge pull request #1 from keras-team/master,bruce1408,9c58adfe,Merge pull request #515 from bshickel/patch-1,0.6249999999999999,17
13855,Merge pull request #1 from keras-team/master,bruce1408,2079807a,Merge pull request #528 from stephenroller/ndim_tensor,0.5345224838248487,23
13855,Merge pull request #1 from keras-team/master,bruce1408,aa2f8660,Merge pull request #533 from lukedeo/fix,0.5345224838248487,18
13855,Merge pull request #1 from keras-team/master,bruce1408,69628bb2,Merge pull request #512 from averybigant/fix_conv_layers_yaml_load,0.5345224838248487,34
13855,Merge pull request #1 from keras-team/master,bruce1408,f8afa92b,Merge pull request #489 from dribnet/url_check,0.5345224838248487,19
13855,Merge pull request #1 from keras-team/master,bruce1408,1a572b10,Merge pull request #501 from Smerity/master,0.6681531047810609,10
13855,Merge pull request #1 from keras-team/master,bruce1408,54dc6473,Merge pull request #457 from kashif/adam,0.5345224838248487,15
13855,Merge pull request #1 from keras-team/master,bruce1408,3bf5340f,Merge pull request #449 from tkipf/master,0.6681531047810609,13
13855,Merge pull request #1 from keras-team/master,bruce1408,59a634d5,Merge pull request #444 from erfannoury/patch-1,0.6249999999999999,17
13855,Merge pull request #1 from keras-team/master,bruce1408,68f06774,Merge pull request #441 from kenterao/master,0.6681531047810609,8
13855,Merge pull request #1 from keras-team/master,bruce1408,d2defcae,Merge pull request #433 from mynameisfiber/master,0.6681531047810609,14
13855,Merge pull request #1 from keras-team/master,bruce1408,540a1ceb,Merge pull request #436 from kenterao/master,0.6681531047810609,9
13855,Merge pull request #1 from keras-team/master,bruce1408,2e204479,Merge pull request #425 from tleeuwenburg/test_layers,0.5345224838248487,21
13855,Merge pull request #1 from keras-team/master,bruce1408,828d1876,Merge pull request #407 from tleeuwenburg/travis_upgrade,0.5345224838248487,25
13855,Merge pull request #1 from keras-team/master,bruce1408,efbf7a27,Merge pull request #404 from tleeuwenburg/test_norm,0.5345224838248487,20
13855,Merge pull request #1 from keras-team/master,bruce1408,0e87f407,Merge pull request #403 from phreeza/typo,0.5345224838248487,17
13855,Merge pull request #1 from keras-team/master,bruce1408,12eba133,Merge pull request #398 from kenterao/master,0.6681531047810609,9
13855,Merge pull request #1 from keras-team/master,bruce1408,0bf62784,Merge pull request #372 from KyotoSunshine/master,0.6681531047810609,16
13855,Merge pull request #1 from keras-team/master,bruce1408,4b07e778,Merge pull request #353 from mthrok/master,0.6681531047810609,13
13855,Merge pull request #1 from keras-team/master,bruce1408,c0a44daa,Merge pull request #349 from floydsoft/patch-1,0.6249999999999999,19
13855,Merge pull request #1 from keras-team/master,bruce1408,14b01488,Merge pull request #348 from floydsoft/master,0.6681531047810609,13
13855,Merge pull request #1 from keras-team/master,bruce1408,506aaf17,Merge pull request #328 from samuela/patch-1,0.6249999999999999,17
13855,Merge pull request #1 from keras-team/master,bruce1408,98f05507,Merge pull request #327 from tleeuwenburg/master,0.6681531047810609,14
13855,Merge pull request #1 from keras-team/master,bruce1408,256a9082,Merge pull request #301 from ameasure/patch-1,0.6249999999999999,15
13855,Merge pull request #1 from keras-team/master,bruce1408,bc4e47e6,Merge pull request #290 from stonebig/master,0.6681531047810609,13
13855,Merge pull request #1 from keras-team/master,bruce1408,3e088141,Merge pull request #280 from tleeuwenburg/master,0.6681531047810609,14
13855,Merge pull request #1 from keras-team/master,bruce1408,4d39c08c,Merge pull request #277 from pdermyer/mergefix,0.5345224838248487,17
13855,Merge pull request #1 from keras-team/master,bruce1408,333e85f6,Merge pull request #266 from d0ugal/master,0.6681531047810609,12
13855,Merge pull request #1 from keras-team/master,bruce1408,99cdd12b,Merge pull request #264 from Smerity/master,0.6681531047810609,11
13855,Merge pull request #1 from keras-team/master,bruce1408,ae13539a,Merge pull request #256 from tleeuwenburg/master,0.6681531047810609,14
13855,Merge pull request #1 from keras-team/master,bruce1408,8e5cdd16,Merge pull request #238 from jfsantos/patch-1,0.6249999999999999,17
13855,Merge pull request #1 from keras-team/master,bruce1408,4830b4be,Merge pull request #188 from tdhd/classweights,0.5345224838248487,19
13855,Merge pull request #1 from keras-team/master,bruce1408,4b065a28,Merge pull request #234 from iskandr/master,0.6681531047810609,12
13855,Merge pull request #1 from keras-team/master,bruce1408,161d47b4,Merge pull request #218 from phreeza/conv_reg,0.5345224838248487,17
13855,Merge pull request #1 from keras-team/master,bruce1408,46d3bd5b,Merge pull request #221 from phreeza/patch-1,0.6249999999999999,16
13855,Merge pull request #1 from keras-team/master,bruce1408,21eeac92,Merge pull request #209 from tdhd/callback_docs_fix,0.5345224838248487,23
13855,Merge pull request #1 from keras-team/master,bruce1408,44625539,Merge pull request #207 from wxs/master,0.6681531047810609,12
13855,Merge pull request #1 from keras-team/master,bruce1408,4e1fb8f3,Merge pull request #202 from tdhd/callback_tests,0.5345224838248487,20
13855,Merge pull request #1 from keras-team/master,bruce1408,9736c776,Merge pull request #205 from tdhd/save_weights_input,0.5345224838248487,23
13855,Merge pull request #1 from keras-team/master,bruce1408,2391338a,Merge pull request #190 from jramapuram/autoencoder_docs,0.5345224838248487,22
13855,Merge pull request #1 from keras-team/master,bruce1408,1b04a94c,Merge pull request #192 from tdhd/load_weights,0.5345224838248487,19
13855,Merge pull request #1 from keras-team/master,bruce1408,1d734124,Merge pull request #191 from jramapuram/fix_weight_saving,0.5345224838248487,25
13855,Merge pull request #1 from keras-team/master,bruce1408,7608890b,Merge pull request #182 from pcampr/patch-1,0.6249999999999999,17
13855,Merge pull request #1 from keras-team/master,bruce1408,6fdab075,Merge pull request #175 from tdhd/modelsave,0.5345224838248487,17
13855,Merge pull request #1 from keras-team/master,bruce1408,65ec5c04,Merge pull request #172 from vzhong/dot,0.5345224838248487,17
13855,Merge pull request #1 from keras-team/master,bruce1408,df4e3a2d,Merge pull request #158 from jdwittenauer/master,0.6681531047810609,12
13855,Merge pull request #1 from keras-team/master,bruce1408,c789615b,Merge pull request #157 from vzhong/master,0.6681531047810609,12
13855,Merge pull request #1 from keras-team/master,bruce1408,5b4a0631,Merge pull request #154 from SimonSuster/skipgrams,0.5345224838248487,20
13855,Merge pull request #1 from keras-team/master,bruce1408,1a17ab80,Merge pull request #153 from SimonSuster/deduplicate,0.5345224838248487,22
13855,Merge pull request #1 from keras-team/master,bruce1408,18d47f62,Merge pull request #151 from strategist333/master,0.6681531047810609,12
13855,Merge pull request #1 from keras-team/master,bruce1408,1900b9b7,Merge pull request #145 from texttheater/patch-1,0.6249999999999999,17
13855,Merge pull request #1 from keras-team/master,bruce1408,a9922197,Merge pull request #136 from dragoon/patch-1,0.6249999999999999,16
13855,Merge pull request #1 from keras-team/master,bruce1408,30c6e65d,Merge pull request #124 from julienr/compile_theano_mode,0.5345224838248487,24
13855,Merge pull request #1 from keras-team/master,bruce1408,883737dc,Merge pull request #123 from alvarouc/master,0.6681531047810609,11
13855,Merge pull request #1 from keras-team/master,bruce1408,3613ce4b,Merge pull request #118 from dansbecker/master,0.6681531047810609,12
13855,Merge pull request #1 from keras-team/master,bruce1408,2fcbc560,Merge pull request #110 from weilinear/fix_typo,0.5345224838248487,16
13855,Merge pull request #1 from keras-team/master,bruce1408,a36518b0,Merge pull request #105 from floydsoft/floydsoft-patch-1,0.5330017908890261,25
13855,Merge pull request #1 from keras-team/master,bruce1408,b87c390c,Merge pull request #99 from mthrok/master,0.6681531047810609,12
13855,Merge pull request #1 from keras-team/master,bruce1408,868770a3,Merge pull request #92 from seiteta/patch-1,0.6249999999999999,15
13855,Merge pull request #1 from keras-team/master,bruce1408,05e86aee,Merge pull request #83 from mizdler/master,0.6681531047810609,11
13855,Merge pull request #1 from keras-team/master,bruce1408,aa57cce3,Merge pull request #78 from jfsantos/master,0.6681531047810609,10
13855,Merge pull request #1 from keras-team/master,bruce1408,28f6e8ae,Merge pull request #76 from jfsantos/master,0.6681531047810609,10
13855,Merge pull request #1 from keras-team/master,bruce1408,26a60ed8,Merge pull request #72 from skrypka/master,0.6681531047810609,10
13855,Merge pull request #1 from keras-team/master,bruce1408,d1330809,Merge pull request #66 from untom/ipythoncompat,0.5345224838248487,20
13855,Merge pull request #1 from keras-team/master,bruce1408,66a8f4d8,Merge pull request #65 from jfsantos/master,0.6681531047810609,10
13855,Merge pull request #1 from keras-team/master,bruce1408,8f6cb7c9,Merge pull request #64 from untom/py3compat,0.5345224838248487,17
13855,Merge pull request #1 from keras-team/master,bruce1408,de27afbb,Merge pull request #63 from jfsantos/save_model,0.5345224838248487,18
13855,Merge pull request #1 from keras-team/master,bruce1408,df4d3705,Merge pull request #62 from jfsantos/master,0.6681531047810609,10
13855,Merge pull request #1 from keras-team/master,bruce1408,5da6fb21,Merge pull request #57 from capybaralet/fchollet_master,0.5345224838248487,20
13855,Merge pull request #1 from keras-team/master,bruce1408,e9b32743,Merge pull request #49 from jfsantos/master,0.6681531047810609,10
13855,Merge pull request #1 from keras-team/master,bruce1408,03580431,Merge pull request #48 from jfsantos/master,0.6681531047810609,10
13855,Merge pull request #1 from keras-team/master,bruce1408,23c52fe2,Merge pull request #42 from charlesollion/time_distributed_dense,0.5345224838248487,31
13855,Merge pull request #1 from keras-team/master,bruce1408,2ee05d40,Merge pull request #43 from untom/xavierinit,0.5345224838248487,17
13855,Merge pull request #1 from keras-team/master,bruce1408,df3f11c6,Merge pull request #35 from patyork/batch_fix2,0.5345224838248487,19
13855,Merge pull request #1 from keras-team/master,bruce1408,0449da29,Merge pull request #34 from patyork/batch_fix,0.5345224838248487,19
13855,Merge pull request #1 from keras-team/master,bruce1408,466f6737,Merge pull request #33 from patyork/time_distributed_softmax,0.5345224838248487,29
13855,Merge pull request #1 from keras-team/master,bruce1408,a37eacbf,Merge pull request #32 from charlesollion/ndim_generalization,0.5345224838248487,29
13855,Merge pull request #1 from keras-team/master,bruce1408,a0152cc8,Merge pull request #27 from nagadomi/learning_rate_decay,0.5345224838248487,25
13855,Merge pull request #1 from keras-team/master,bruce1408,5f7fbc85,Merge pull request #20 from nagadomi/shuffle,0.5345224838248487,17
13855,Merge pull request #1 from keras-team/master,bruce1408,3a986bfd,Merge pull request #19 from fchollet/revert-13-master,0.5892556509887895,17
13855,Merge pull request #1 from keras-team/master,bruce1408,2c4d23a6,Merge pull request #13 from mbatchkarov/master,0.6681531047810609,11
13855,Merge pull request #1 from keras-team/master,bruce1408,610cebd2,Merge pull request #9 from nagadomi/fix_inf,0.5345224838248487,17
13855,Merge pull request #1 from keras-team/master,bruce1408,f8854174,Merge pull request #6 from vinhkhuc/master,0.6681531047810609,11
13855,Merge pull request #1 from keras-team/master,bruce1408,9da5a0c6,Merge pull request #5 from nagadomi/fix_untar,0.5345224838248487,16
13855,Merge pull request #1 from keras-team/master,bruce1408,9193cc87,Merge pull request #2 from cosmith/patch-1,0.6249999999999999,16
13855,Merge pull request #1 from keras-team/master,bruce1408,300aaff6,Merge pull request #1 from vasili-zolotov/master,0.7499999999999999,13
13853,Update lstm_text_generation.py,Dynmi,9a2b5092,Update setup.py,0.6666666666666667,17
13853,Update lstm_text_generation.py,Dynmi,e8946d52,Update np_utils.py (#13481),0.5773502691896258,22
13853,Update lstm_text_generation.py,Dynmi,4d59675b,Update core.py (#13472),0.5773502691896258,22
13853,Update lstm_text_generation.py,Dynmi,afff7b43,Update pooling.py (#13467),0.5773502691896258,22
13853,Update lstm_text_generation.py,Dynmi,e25f68dc,Update io_utils.py (#13429),0.5773502691896258,22
13853,Update lstm_text_generation.py,Dynmi,f242c642,Update autogen.py (#13426),0.5773502691896258,21
13853,Update lstm_text_generation.py,Dynmi,985521ee,Update local.py docstrings (#13373),0.5163977794943222,26
13853,Update lstm_text_generation.py,Dynmi,66455371,Update babi_rnn.py (#13263),0.5773502691896258,22
13853,Update lstm_text_generation.py,Dynmi,3bda5520,Update pretrained_word_embeddings.py (#13073),0.5773502691896258,31
13853,Update lstm_text_generation.py,Dynmi,b78e3ff9,Update conv_filter_visualization.py (#13032),0.5773502691896258,26
13853,Update lstm_text_generation.py,Dynmi,2b963e5a,[P] Update tensorflow_backend.py (#11294),0.5163977794943222,31
13853,Update lstm_text_generation.py,Dynmi,105f6e29,Update variational_autoencoder_deconv.py (#11081),0.5773502691896258,31
13853,Update lstm_text_generation.py,Dynmi,c8e3b601,Update cifar10_cnn_capsule.py (#10927),0.5773502691896258,27
13853,Update lstm_text_generation.py,Dynmi,6aace305,Update convolutional.py (#10452),0.5773502691896258,24
13853,Update lstm_text_generation.py,Dynmi,0511438e,Update cifar10_resnet.py (#10199),0.5773502691896258,24
13853,Update lstm_text_generation.py,Dynmi,2fbac5a7,Update backend_test.py (#9125),0.5773502691896258,22
13853,Update lstm_text_generation.py,Dynmi,311f4542,Update optimizers.py (#9067),0.5773502691896258,21
13853,Update lstm_text_generation.py,Dynmi,5e682520,Update tensorflow_backend.py (#8747),0.5773502691896258,26
13853,Update lstm_text_generation.py,Dynmi,9065eff2,Update training_utils.py (#8597),0.5773502691896258,24
13853,Update lstm_text_generation.py,Dynmi,8ac788a5,Update training.py (#7953),0.5773502691896258,21
13853,Update lstm_text_generation.py,Dynmi,295e4f80,Update lstm_benchmark.py (#6966),0.5773502691896258,19
13853,Update lstm_text_generation.py,Dynmi,ed9e8d2f,Update image.py (#6618),0.5773502691896258,20
13853,Update lstm_text_generation.py,Dynmi,1a0792ae,Update babi_memnn.py,0.6666666666666667,16
13853,Update lstm_text_generation.py,Dynmi,173a40dd,Update setup.py.,0.6666666666666667,18
13853,Update lstm_text_generation.py,Dynmi,14f35ab0,Update audio_conv_utils.py (#5301),0.5773502691896258,24
13853,Update lstm_text_generation.py,Dynmi,c57d1a32,Update audio_conv_utils.py (#5111),0.5773502691896258,24
13853,Update lstm_text_generation.py,Dynmi,50b4f7fa,Update recurrent.py. (#4970),0.5773502691896258,21
13853,Update lstm_text_generation.py,Dynmi,88b301f1,Update io_utils.py (#3577),0.5773502691896258,21
13853,Update lstm_text_generation.py,Dynmi,045d442f,Update scikit_learn.py (#3567),0.5773502691896258,21
13853,Update lstm_text_generation.py,Dynmi,f2786d9d,Update theano_backend.py (#3532),0.5773502691896258,23
13853,Update lstm_text_generation.py,Dynmi,65e4c8e7,Update lstm_text_generation.py (#3516),0.8660254037844387,8
13853,Update lstm_text_generation.py,Dynmi,a7156b8c,Update antirectifier.py (#2485),0.5773502691896258,21
13853,Update lstm_text_generation.py,Dynmi,55159cf4,Update topology.py (#2373),0.5773502691896258,21
13853,Update lstm_text_generation.py,Dynmi,50a0d1ca,Update topology.py (#2239),0.5773502691896258,21
13853,Update lstm_text_generation.py,Dynmi,404a30df,Update models.py,0.6666666666666667,18
13853,Update lstm_text_generation.py,Dynmi,f4af11c7,Update sequence.py,0.6666666666666667,16
13853,Update lstm_text_generation.py,Dynmi,80ddb5b3,Update core.py,0.6666666666666667,19
13853,Update lstm_text_generation.py,Dynmi,3ffba424,Update core.py,0.6666666666666667,19
13853,Update lstm_text_generation.py,Dynmi,73f1ef2e,Update activations.py,0.6666666666666667,15
13853,Update lstm_text_generation.py,Dynmi,bf2f64bf,Update core.py,0.6666666666666667,19
13853,Update lstm_text_generation.py,Dynmi,d02ea034,Update models.py,0.6666666666666667,18
13853,Update lstm_text_generation.py,Dynmi,64396172,Update layer_utils.py,0.6666666666666667,15
13853,Update lstm_text_generation.py,Dynmi,3c8618bb,Update core.py,0.6666666666666667,19
13853,Update lstm_text_generation.py,Dynmi,794c083f,Update containers.py,0.6666666666666667,16
13853,Update lstm_text_generation.py,Dynmi,775e91c5,Update core.py,0.6666666666666667,19
13853,Update lstm_text_generation.py,Dynmi,3e19b025,Update test_models.py,0.6666666666666667,15
13853,Update lstm_text_generation.py,Dynmi,f20383b7,Update containers.py,0.6666666666666667,16
13853,Update lstm_text_generation.py,Dynmi,5c83c699,Update containers.py,0.6666666666666667,16
13853,Update lstm_text_generation.py,Dynmi,f5d56fa2,Update test_models.py,0.6666666666666667,15
13853,Update lstm_text_generation.py,Dynmi,7fb4f4b0,Update core.py,0.6666666666666667,19
13853,Update lstm_text_generation.py,Dynmi,9620a497,Update core.py,0.6666666666666667,19
13853,Update lstm_text_generation.py,Dynmi,91965e8f,Update test_models.py,0.6666666666666667,15
13853,Update lstm_text_generation.py,Dynmi,92f2717c,Update test_models.py,0.6666666666666667,15
13853,Update lstm_text_generation.py,Dynmi,07723ccf,Update test_models.py,0.6666666666666667,15
13853,Update lstm_text_generation.py,Dynmi,652d61be,Update core.py,0.6666666666666667,19
13853,Update lstm_text_generation.py,Dynmi,9c3060d8,Update common.py,0.6666666666666667,17
13853,Update lstm_text_generation.py,Dynmi,d2a15040,Update core.py,0.6666666666666667,19
13853,Update lstm_text_generation.py,Dynmi,9c1afbb6,Update containers.py,0.6666666666666667,16
13853,Update lstm_text_generation.py,Dynmi,cbb9d001,Update core.py,0.6666666666666667,19
13853,Update lstm_text_generation.py,Dynmi,78c61c65,Update containers.py,0.6666666666666667,16
13853,Update lstm_text_generation.py,Dynmi,5c1e5d5e,Update core.py,0.6666666666666667,19
13853,Update lstm_text_generation.py,Dynmi,819f569c,Update babi_memnn.py,0.6666666666666667,16
13853,Update lstm_text_generation.py,Dynmi,d444b919,Update layer_utils.py,0.6666666666666667,15
13853,Update lstm_text_generation.py,Dynmi,747d4a30,Update ntm.py,0.6666666666666667,18
13853,Update lstm_text_generation.py,Dynmi,ab19cf7b,Update ntm.py,0.6666666666666667,18
13853,Update lstm_text_generation.py,Dynmi,6b8970ab,Update neural_turing_machine_copy.py,0.6666666666666667,22
13853,Update lstm_text_generation.py,Dynmi,bde97055,Update core.py,0.6666666666666667,19
13853,Update lstm_text_generation.py,Dynmi,2f8b351c,Update core.py,0.6666666666666667,19
13853,Update lstm_text_generation.py,Dynmi,8ee2ffd7,Update core.py,0.6666666666666667,19
13853,Update lstm_text_generation.py,Dynmi,fb24dc19,Update core.py,0.6666666666666667,19
13853,Update lstm_text_generation.py,Dynmi,0354e645,Update test_sequential_model.py,0.6666666666666667,16
13853,Update lstm_text_generation.py,Dynmi,fbe2ea65,Update core.py,0.6666666666666667,19
13853,Update lstm_text_generation.py,Dynmi,21dcabb6,Update test_sequential_model.py,0.6666666666666667,16
13853,Update lstm_text_generation.py,Dynmi,42a65d4b,Update core.py,0.6666666666666667,19
13853,Update lstm_text_generation.py,Dynmi,cb836091,Update core.py,0.6666666666666667,19
13853,Update lstm_text_generation.py,Dynmi,6a052477,Update core.py,0.6666666666666667,19
13853,Update lstm_text_generation.py,Dynmi,c015acb4,Update core.py,0.6666666666666667,19
13853,Update lstm_text_generation.py,Dynmi,feac8dba,Update test_sequential_model.py,0.6666666666666667,16
13853,Update lstm_text_generation.py,Dynmi,c140939c,Update core.py,0.6666666666666667,19
13853,Update lstm_text_generation.py,Dynmi,c90d2dfc,Update core.py,0.6666666666666667,19
13853,Update lstm_text_generation.py,Dynmi,29e788dc,Update test_sequential_model.py,0.6666666666666667,16
13853,Update lstm_text_generation.py,Dynmi,07f8cef2,Update core.py,0.6666666666666667,19
13853,Update lstm_text_generation.py,Dynmi,a069161d,Update test_sequential_model.py,0.6666666666666667,16
13853,Update lstm_text_generation.py,Dynmi,0fab8ac3,Update test_sequential_model.py,0.6666666666666667,16
13853,Update lstm_text_generation.py,Dynmi,15b84d37,Update core.py,0.6666666666666667,19
13853,Update lstm_text_generation.py,Dynmi,97b27bfd,Update test_sequential_model.py,0.6666666666666667,16
13853,Update lstm_text_generation.py,Dynmi,a0c5f574,Update core.py,0.6666666666666667,19
13853,Update lstm_text_generation.py,Dynmi,688b898d,Update test_sequential_model.py,0.6666666666666667,16
13853,Update lstm_text_generation.py,Dynmi,7def993f,Update test_sequential_model.py,0.6666666666666667,16
13853,Update lstm_text_generation.py,Dynmi,c33a551f,Update test_sequential_model.py,0.6666666666666667,16
13853,Update lstm_text_generation.py,Dynmi,c6cf4425,Update core.py,0.6666666666666667,19
13853,Update lstm_text_generation.py,Dynmi,0d233b25,Update imdb_cnn_lstm.py,0.6666666666666667,16
13853,Update lstm_text_generation.py,Dynmi,e704e157,Update imdb_cnn_lstm.py,0.6666666666666667,16
13853,Update lstm_text_generation.py,Dynmi,11e4c4b9,Update optimizers.py,0.6666666666666667,17
13853,Update lstm_text_generation.py,Dynmi,d5cd2687,Update skipgram_word_embeddings.py,0.6666666666666667,20
13853,Update lstm_text_generation.py,Dynmi,eee20b46,Update callbacks.py,0.6666666666666667,19
13853,Update lstm_text_generation.py,Dynmi,9827db2c,Update callbacks.py,0.6666666666666667,19
13853,Update lstm_text_generation.py,Dynmi,98d49754,Update lstm_text_generation.py,1.0000000000000002,0
13853,Update lstm_text_generation.py,Dynmi,8213e515,Update noise.py,0.6666666666666667,18
13853,Update lstm_text_generation.py,Dynmi,0cae63ac,Update noise.py,0.6666666666666667,18
13853,Update lstm_text_generation.py,Dynmi,b0b3ff13,Update models.py,0.6666666666666667,18
13853,Update lstm_text_generation.py,Dynmi,ce209553,Update setup.py,0.6666666666666667,17
13636,Update datasets.md,MagicElyas,a0e90bd8,Update metrics.md with references to losses.md (#11569),0.5222329678670935,40
13636,Update datasets.md,MagicElyas,83cd9b78,Update regularizers.md (#10549),0.5773502691896258,18
13636,Update datasets.md,MagicElyas,4f90f95f,Update faq.md (#10422),0.5773502691896258,14
13636,Update datasets.md,MagicElyas,5979cb0b,Update backend.md (#8967),0.5773502691896258,14
13636,Update datasets.md,MagicElyas,059caec8,Update README.md,0.6666666666666667,8
13636,Update datasets.md,MagicElyas,d95ab48b,Update README.md,0.6666666666666667,8
13636,Update datasets.md,MagicElyas,5ce69728,Update README.md (#7794),0.5773502691896258,16
13636,Update datasets.md,MagicElyas,c78fbc42,Update CONTRIBUTING.md (#7526),0.5773502691896258,20
13636,Update datasets.md,MagicElyas,cf026a58,Update applications.md (#7428),0.5773502691896258,18
13636,Update datasets.md,MagicElyas,ddcf66fb,Update README.md (#7163),0.5773502691896258,16
13636,Update datasets.md,MagicElyas,720ed1ad,Update README.md,0.6666666666666667,8
13636,Update datasets.md,MagicElyas,65820432,Update CONTRIBUTING.md,0.6666666666666667,12
13636,Update datasets.md,MagicElyas,c1584101,Update image.md docs,0.5773502691896258,11
13636,Update datasets.md,MagicElyas,f6cc0591,Update datasets docs (#6266),0.5773502691896258,13
13636,Update datasets.md,MagicElyas,e63372e4,Update sequence.md. (#4905),0.5773502691896258,17
13636,Update datasets.md,MagicElyas,d5e16807,Update image.md (#3600),0.5773502691896258,14
13636,Update datasets.md,MagicElyas,cea6c182,Update visualization.md (#2942),0.5773502691896258,19
13636,Update datasets.md,MagicElyas,2eea3a4c,Update model.md (#2348),0.5773502691896258,15
13636,Update datasets.md,MagicElyas,c3aaf50b,Update complete_guide_to_the_keras_functional_api.md,0.6666666666666667,37
13636,Update datasets.md,MagicElyas,6445d385,Update CONTRIBUTING.md,0.6666666666666667,12
13636,Update datasets.md,MagicElyas,9789858d,Update CONTRIBUTING.md,0.6666666666666667,12
13636,Update datasets.md,MagicElyas,d23c0280,Update CONTRIBUTING.md,0.6666666666666667,12
13636,Update datasets.md,MagicElyas,c11bdd85,Update CONTRIBUTING.md,0.6666666666666667,12
13636,Update datasets.md,MagicElyas,f6f8bf64,Update core.md,0.6666666666666667,7
13636,Update datasets.md,MagicElyas,e60b7de0,Update core.md,0.6666666666666667,7
13636,Update datasets.md,MagicElyas,c353dfc5,Update noise.md,0.6666666666666667,6
13636,Update datasets.md,MagicElyas,11d3335d,Update convolutional.md,0.6666666666666667,12
13636,Update datasets.md,MagicElyas,39a69b3f,Update documentation for CIFAR datasets.,0.5163977794943222,26
13636,Update datasets.md,MagicElyas,18374589,Update README.md,0.6666666666666667,8
13636,Update datasets.md,MagicElyas,63855b96,Update README.md,0.6666666666666667,8
13636,Update datasets.md,MagicElyas,ea69c1a3,Update README.md,0.6666666666666667,8
13636,Update datasets.md,MagicElyas,0e0545a1,Update README.md,0.6666666666666667,8
13511,Fix too many values to unpack error,xemcerk,7a39b6c6,Fix too many values to unpack error (#13511),0.9354143466934852,9
13490,WIP: Travis CI: Upgrade from Python 3.6 to 3.8,cclauss,616a9b01,Update strings from Python 3.5 to 3.6 (#9062),0.6405126152203486,30
13490,WIP: Travis CI: Upgrade from Python 3.6 to 3.8,cclauss,114982a9,Upgrade Travis testing from Python 3.5 to 3.6 (#8148),0.7692307692307694,26
13481,Update np_utils.py,Denny-Hwang,9a2b5092,Update setup.py,0.6666666666666667,7
13481,Update np_utils.py,Denny-Hwang,e8946d52,Update np_utils.py (#13481),0.8660254037844387,9
13481,Update np_utils.py,Denny-Hwang,4d59675b,Update core.py (#13472),0.5773502691896258,15
13481,Update np_utils.py,Denny-Hwang,afff7b43,Update pooling.py (#13467),0.5773502691896258,15
13481,Update np_utils.py,Denny-Hwang,e25f68dc,Update io_utils.py (#13429),0.5773502691896258,11
13481,Update np_utils.py,Denny-Hwang,f242c642,Update autogen.py (#13426),0.5773502691896258,16
13481,Update np_utils.py,Denny-Hwang,985521ee,Update local.py docstrings (#13373),0.5163977794943222,24
13481,Update np_utils.py,Denny-Hwang,66455371,Update babi_rnn.py (#13263),0.5773502691896258,17
13481,Update np_utils.py,Denny-Hwang,3bda5520,Update pretrained_word_embeddings.py (#13073),0.5773502691896258,31
13481,Update np_utils.py,Denny-Hwang,b78e3ff9,Update conv_filter_visualization.py (#13032),0.5773502691896258,29
13481,Update np_utils.py,Denny-Hwang,2b963e5a,[P] Update tensorflow_backend.py (#11294),0.5163977794943222,29
13481,Update np_utils.py,Denny-Hwang,105f6e29,Update variational_autoencoder_deconv.py (#11081),0.5773502691896258,35
13481,Update np_utils.py,Denny-Hwang,c8e3b601,Update cifar10_cnn_capsule.py (#10927),0.5773502691896258,25
13481,Update np_utils.py,Denny-Hwang,6aace305,Update convolutional.py (#10452),0.5773502691896258,18
13481,Update np_utils.py,Denny-Hwang,0511438e,Update cifar10_resnet.py (#10199),0.5773502691896258,22
13481,Update np_utils.py,Denny-Hwang,2fbac5a7,Update backend_test.py (#9125),0.5773502691896258,18
13481,Update np_utils.py,Denny-Hwang,311f4542,Update optimizers.py (#9067),0.5773502691896258,15
13481,Update np_utils.py,Denny-Hwang,5e682520,Update tensorflow_backend.py (#8747),0.5773502691896258,24
13481,Update np_utils.py,Denny-Hwang,9065eff2,Update training_utils.py (#8597),0.5773502691896258,15
13481,Update np_utils.py,Denny-Hwang,8ac788a5,Update training.py (#7953),0.5773502691896258,15
13481,Update np_utils.py,Denny-Hwang,295e4f80,Update lstm_benchmark.py (#6966),0.5773502691896258,21
13481,Update np_utils.py,Denny-Hwang,ed9e8d2f,Update image.py (#6618),0.5773502691896258,15
13481,Update np_utils.py,Denny-Hwang,1a0792ae,Update babi_memnn.py,0.6666666666666667,9
13481,Update np_utils.py,Denny-Hwang,173a40dd,Update setup.py.,0.6666666666666667,8
13481,Update np_utils.py,Denny-Hwang,14f35ab0,Update audio_conv_utils.py (#5301),0.5773502691896258,17
13481,Update np_utils.py,Denny-Hwang,c57d1a32,Update audio_conv_utils.py (#5111),0.5773502691896258,17
13481,Update np_utils.py,Denny-Hwang,50b4f7fa,Update recurrent.py. (#4970),0.5773502691896258,17
13481,Update np_utils.py,Denny-Hwang,88b301f1,Update io_utils.py (#3577),0.5773502691896258,10
13481,Update np_utils.py,Denny-Hwang,045d442f,Update scikit_learn.py (#3567),0.5773502691896258,18
13481,Update np_utils.py,Denny-Hwang,f2786d9d,Update theano_backend.py (#3532),0.5773502691896258,20
13481,Update np_utils.py,Denny-Hwang,65e4c8e7,Update lstm_text_generation.py (#3516),0.5773502691896258,25
13481,Update np_utils.py,Denny-Hwang,a7156b8c,Update antirectifier.py (#2485),0.5773502691896258,18
13481,Update np_utils.py,Denny-Hwang,55159cf4,Update topology.py (#2373),0.5773502691896258,16
13481,Update np_utils.py,Denny-Hwang,50a0d1ca,Update topology.py (#2239),0.5773502691896258,16
13481,Update np_utils.py,Denny-Hwang,404a30df,Update models.py,0.6666666666666667,6
13481,Update np_utils.py,Denny-Hwang,f4af11c7,Update sequence.py,0.6666666666666667,7
13481,Update np_utils.py,Denny-Hwang,80ddb5b3,Update core.py,0.6666666666666667,8
13481,Update np_utils.py,Denny-Hwang,3ffba424,Update core.py,0.6666666666666667,8
13481,Update np_utils.py,Denny-Hwang,73f1ef2e,Update activations.py,0.6666666666666667,8
13481,Update np_utils.py,Denny-Hwang,bf2f64bf,Update core.py,0.6666666666666667,8
13481,Update np_utils.py,Denny-Hwang,d02ea034,Update models.py,0.6666666666666667,6
13481,Update np_utils.py,Denny-Hwang,64396172,Update layer_utils.py,0.6666666666666667,5
13481,Update np_utils.py,Denny-Hwang,3c8618bb,Update core.py,0.6666666666666667,8
13481,Update np_utils.py,Denny-Hwang,794c083f,Update containers.py,0.6666666666666667,8
13481,Update np_utils.py,Denny-Hwang,775e91c5,Update core.py,0.6666666666666667,8
13481,Update np_utils.py,Denny-Hwang,3e19b025,Update test_models.py,0.6666666666666667,8
13481,Update np_utils.py,Denny-Hwang,f20383b7,Update containers.py,0.6666666666666667,8
13481,Update np_utils.py,Denny-Hwang,5c83c699,Update containers.py,0.6666666666666667,8
13481,Update np_utils.py,Denny-Hwang,f5d56fa2,Update test_models.py,0.6666666666666667,8
13481,Update np_utils.py,Denny-Hwang,7fb4f4b0,Update core.py,0.6666666666666667,8
13481,Update np_utils.py,Denny-Hwang,9620a497,Update core.py,0.6666666666666667,8
13481,Update np_utils.py,Denny-Hwang,91965e8f,Update test_models.py,0.6666666666666667,8
13481,Update np_utils.py,Denny-Hwang,92f2717c,Update test_models.py,0.6666666666666667,8
13481,Update np_utils.py,Denny-Hwang,07723ccf,Update test_models.py,0.6666666666666667,8
13481,Update np_utils.py,Denny-Hwang,652d61be,Update core.py,0.6666666666666667,8
13481,Update np_utils.py,Denny-Hwang,9c3060d8,Update common.py,0.6666666666666667,8
13481,Update np_utils.py,Denny-Hwang,d2a15040,Update core.py,0.6666666666666667,8
13481,Update np_utils.py,Denny-Hwang,9c1afbb6,Update containers.py,0.6666666666666667,8
13481,Update np_utils.py,Denny-Hwang,cbb9d001,Update core.py,0.6666666666666667,8
13481,Update np_utils.py,Denny-Hwang,78c61c65,Update containers.py,0.6666666666666667,8
13481,Update np_utils.py,Denny-Hwang,5c1e5d5e,Update core.py,0.6666666666666667,8
13481,Update np_utils.py,Denny-Hwang,819f569c,Update babi_memnn.py,0.6666666666666667,9
13481,Update np_utils.py,Denny-Hwang,d444b919,Update layer_utils.py,0.6666666666666667,5
13481,Update np_utils.py,Denny-Hwang,747d4a30,Update ntm.py,0.6666666666666667,6
13481,Update np_utils.py,Denny-Hwang,ab19cf7b,Update ntm.py,0.6666666666666667,6
13481,Update np_utils.py,Denny-Hwang,6b8970ab,Update neural_turing_machine_copy.py,0.6666666666666667,22
13481,Update np_utils.py,Denny-Hwang,bde97055,Update core.py,0.6666666666666667,8
13481,Update np_utils.py,Denny-Hwang,2f8b351c,Update core.py,0.6666666666666667,8
13481,Update np_utils.py,Denny-Hwang,8ee2ffd7,Update core.py,0.6666666666666667,8
13481,Update np_utils.py,Denny-Hwang,fb24dc19,Update core.py,0.6666666666666667,8
13481,Update np_utils.py,Denny-Hwang,0354e645,Update test_sequential_model.py,0.6666666666666667,16
13481,Update np_utils.py,Denny-Hwang,fbe2ea65,Update core.py,0.6666666666666667,8
13481,Update np_utils.py,Denny-Hwang,21dcabb6,Update test_sequential_model.py,0.6666666666666667,16
13481,Update np_utils.py,Denny-Hwang,42a65d4b,Update core.py,0.6666666666666667,8
13481,Update np_utils.py,Denny-Hwang,cb836091,Update core.py,0.6666666666666667,8
13481,Update np_utils.py,Denny-Hwang,6a052477,Update core.py,0.6666666666666667,8
13481,Update np_utils.py,Denny-Hwang,c015acb4,Update core.py,0.6666666666666667,8
13481,Update np_utils.py,Denny-Hwang,feac8dba,Update test_sequential_model.py,0.6666666666666667,16
13481,Update np_utils.py,Denny-Hwang,c140939c,Update core.py,0.6666666666666667,8
13481,Update np_utils.py,Denny-Hwang,c90d2dfc,Update core.py,0.6666666666666667,8
13481,Update np_utils.py,Denny-Hwang,29e788dc,Update test_sequential_model.py,0.6666666666666667,16
13481,Update np_utils.py,Denny-Hwang,07f8cef2,Update core.py,0.6666666666666667,8
13481,Update np_utils.py,Denny-Hwang,a069161d,Update test_sequential_model.py,0.6666666666666667,16
13481,Update np_utils.py,Denny-Hwang,0fab8ac3,Update test_sequential_model.py,0.6666666666666667,16
13481,Update np_utils.py,Denny-Hwang,15b84d37,Update core.py,0.6666666666666667,8
13481,Update np_utils.py,Denny-Hwang,97b27bfd,Update test_sequential_model.py,0.6666666666666667,16
13481,Update np_utils.py,Denny-Hwang,a0c5f574,Update core.py,0.6666666666666667,8
13481,Update np_utils.py,Denny-Hwang,688b898d,Update test_sequential_model.py,0.6666666666666667,16
13481,Update np_utils.py,Denny-Hwang,7def993f,Update test_sequential_model.py,0.6666666666666667,16
13481,Update np_utils.py,Denny-Hwang,c33a551f,Update test_sequential_model.py,0.6666666666666667,16
13481,Update np_utils.py,Denny-Hwang,c6cf4425,Update core.py,0.6666666666666667,8
13481,Update np_utils.py,Denny-Hwang,0d233b25,Update imdb_cnn_lstm.py,0.6666666666666667,10
13481,Update np_utils.py,Denny-Hwang,e704e157,Update imdb_cnn_lstm.py,0.6666666666666667,10
13481,Update np_utils.py,Denny-Hwang,11e4c4b9,Update optimizers.py,0.6666666666666667,7
13481,Update np_utils.py,Denny-Hwang,d5cd2687,Update skipgram_word_embeddings.py,0.6666666666666667,20
13481,Update np_utils.py,Denny-Hwang,eee20b46,Update callbacks.py,0.6666666666666667,8
13481,Update np_utils.py,Denny-Hwang,9827db2c,Update callbacks.py,0.6666666666666667,8
13481,Update np_utils.py,Denny-Hwang,98d49754,Update lstm_text_generation.py,0.6666666666666667,17
13481,Update np_utils.py,Denny-Hwang,8213e515,Update noise.py,0.6666666666666667,6
13481,Update np_utils.py,Denny-Hwang,0cae63ac,Update noise.py,0.6666666666666667,6
13481,Update np_utils.py,Denny-Hwang,b0b3ff13,Update models.py,0.6666666666666667,6
13481,Update np_utils.py,Denny-Hwang,ce209553,Update setup.py,0.6666666666666667,7
13477,Fix h5py group naming while model saving,Tbuhet,ecac367b,Fix h5py group naming while model saving (#13477),0.9354143466934852,9
13472,Update core.py,Naruu,9a2b5092,Update setup.py,0.6666666666666667,5
13472,Update core.py,Naruu,e8946d52,Update np_utils.py (#13481),0.5773502691896258,17
13472,Update core.py,Naruu,4d59675b,Update core.py (#13472),0.8660254037844387,9
13472,Update core.py,Naruu,afff7b43,Update pooling.py (#13467),0.5773502691896258,15
13472,Update core.py,Naruu,e25f68dc,Update io_utils.py (#13429),0.5773502691896258,16
13472,Update core.py,Naruu,f242c642,Update autogen.py (#13426),0.5773502691896258,14
13472,Update core.py,Naruu,985521ee,Update local.py docstrings (#13373),0.5163977794943222,24
13472,Update core.py,Naruu,66455371,Update babi_rnn.py (#13263),0.5773502691896258,16
13472,Update core.py,Naruu,3bda5520,Update pretrained_word_embeddings.py (#13073),0.5773502691896258,32
13472,Update core.py,Naruu,b78e3ff9,Update conv_filter_visualization.py (#13032),0.5773502691896258,31
13472,Update core.py,Naruu,2b963e5a,[P] Update tensorflow_backend.py (#11294),0.5163977794943222,28
13472,Update core.py,Naruu,105f6e29,Update variational_autoencoder_deconv.py (#11081),0.5773502691896258,35
13472,Update core.py,Naruu,c8e3b601,Update cifar10_cnn_capsule.py (#10927),0.5773502691896258,25
13472,Update core.py,Naruu,6aace305,Update convolutional.py (#10452),0.5773502691896258,20
13472,Update core.py,Naruu,0511438e,Update cifar10_resnet.py (#10199),0.5773502691896258,20
13472,Update core.py,Naruu,2fbac5a7,Update backend_test.py (#9125),0.5773502691896258,18
13472,Update core.py,Naruu,311f4542,Update optimizers.py (#9067),0.5773502691896258,17
13472,Update core.py,Naruu,5e682520,Update tensorflow_backend.py (#8747),0.5773502691896258,23
13472,Update core.py,Naruu,9065eff2,Update training_utils.py (#8597),0.5773502691896258,22
13472,Update core.py,Naruu,8ac788a5,Update training.py (#7953),0.5773502691896258,16
13472,Update core.py,Naruu,295e4f80,Update lstm_benchmark.py (#6966),0.5773502691896258,20
13472,Update core.py,Naruu,ed9e8d2f,Update image.py (#6618),0.5773502691896258,12
13472,Update core.py,Naruu,1a0792ae,Update babi_memnn.py,0.6666666666666667,9
13472,Update core.py,Naruu,173a40dd,Update setup.py.,0.6666666666666667,6
13472,Update core.py,Naruu,14f35ab0,Update audio_conv_utils.py (#5301),0.5773502691896258,22
13472,Update core.py,Naruu,c57d1a32,Update audio_conv_utils.py (#5111),0.5773502691896258,22
13472,Update core.py,Naruu,50b4f7fa,Update recurrent.py. (#4970),0.5773502691896258,15
13472,Update core.py,Naruu,88b301f1,Update io_utils.py (#3577),0.5773502691896258,15
13472,Update core.py,Naruu,045d442f,Update scikit_learn.py (#3567),0.5773502691896258,18
13472,Update core.py,Naruu,f2786d9d,Update theano_backend.py (#3532),0.5773502691896258,20
13472,Update core.py,Naruu,65e4c8e7,Update lstm_text_generation.py (#3516),0.5773502691896258,27
13472,Update core.py,Naruu,a7156b8c,Update antirectifier.py (#2485),0.5773502691896258,19
13472,Update core.py,Naruu,55159cf4,Update topology.py (#2373),0.5773502691896258,15
13472,Update core.py,Naruu,50a0d1ca,Update topology.py (#2239),0.5773502691896258,15
13472,Update core.py,Naruu,bf4dab35,Update core layers,0.6666666666666667,6
13472,Update core.py,Naruu,404a30df,Update models.py,0.6666666666666667,4
13472,Update core.py,Naruu,f4af11c7,Update sequence.py,0.6666666666666667,7
13472,Update core.py,Naruu,80ddb5b3,Update core.py,1.0000000000000002,0
13472,Update core.py,Naruu,3ffba424,Update core.py,1.0000000000000002,0
13472,Update core.py,Naruu,73f1ef2e,Update activations.py,0.6666666666666667,9
13472,Update core.py,Naruu,bf2f64bf,Update core.py,1.0000000000000002,0
13472,Update core.py,Naruu,d02ea034,Update models.py,0.6666666666666667,4
13472,Update core.py,Naruu,64396172,Update layer_utils.py,0.6666666666666667,10
13472,Update core.py,Naruu,3c8618bb,Update core.py,1.0000000000000002,0
13472,Update core.py,Naruu,794c083f,Update containers.py,0.6666666666666667,7
13472,Update core.py,Naruu,775e91c5,Update core.py,1.0000000000000002,0
13472,Update core.py,Naruu,3e19b025,Update test_models.py,0.6666666666666667,9
13472,Update core.py,Naruu,f20383b7,Update containers.py,0.6666666666666667,7
13472,Update core.py,Naruu,5c83c699,Update containers.py,0.6666666666666667,7
13472,Update core.py,Naruu,f5d56fa2,Update test_models.py,0.6666666666666667,9
13472,Update core.py,Naruu,7fb4f4b0,Update core.py,1.0000000000000002,0
13472,Update core.py,Naruu,9620a497,Update core.py,1.0000000000000002,0
13472,Update core.py,Naruu,91965e8f,Update test_models.py,0.6666666666666667,9
13472,Update core.py,Naruu,92f2717c,Update test_models.py,0.6666666666666667,9
13472,Update core.py,Naruu,07723ccf,Update test_models.py,0.6666666666666667,9
13472,Update core.py,Naruu,652d61be,Update core.py,1.0000000000000002,0
13472,Update core.py,Naruu,9c3060d8,Update common.py,0.6666666666666667,4
13472,Update core.py,Naruu,d2a15040,Update core.py,1.0000000000000002,0
13472,Update core.py,Naruu,9c1afbb6,Update containers.py,0.6666666666666667,7
13472,Update core.py,Naruu,cbb9d001,Update core.py,1.0000000000000002,0
13472,Update core.py,Naruu,78c61c65,Update containers.py,0.6666666666666667,7
13472,Update core.py,Naruu,5c1e5d5e,Update core.py,1.0000000000000002,0
13472,Update core.py,Naruu,819f569c,Update babi_memnn.py,0.6666666666666667,9
13472,Update core.py,Naruu,d444b919,Update layer_utils.py,0.6666666666666667,10
13472,Update core.py,Naruu,747d4a30,Update ntm.py,0.6666666666666667,4
13472,Update core.py,Naruu,ab19cf7b,Update ntm.py,0.6666666666666667,4
13472,Update core.py,Naruu,6b8970ab,Update neural_turing_machine_copy.py,0.6666666666666667,24
13472,Update core.py,Naruu,f6f8bf64,Update core.md,0.6666666666666667,2
13472,Update core.py,Naruu,e60b7de0,Update core.md,0.6666666666666667,2
13472,Update core.py,Naruu,bde97055,Update core.py,1.0000000000000002,0
13472,Update core.py,Naruu,2f8b351c,Update core.py,1.0000000000000002,0
13472,Update core.py,Naruu,8ee2ffd7,Update core.py,1.0000000000000002,0
13472,Update core.py,Naruu,fb24dc19,Update core.py,1.0000000000000002,0
13472,Update core.py,Naruu,0354e645,Update test_sequential_model.py,0.6666666666666667,19
13472,Update core.py,Naruu,fbe2ea65,Update core.py,1.0000000000000002,0
13472,Update core.py,Naruu,21dcabb6,Update test_sequential_model.py,0.6666666666666667,19
13472,Update core.py,Naruu,42a65d4b,Update core.py,1.0000000000000002,0
13472,Update core.py,Naruu,cb836091,Update core.py,1.0000000000000002,0
13472,Update core.py,Naruu,6a052477,Update core.py,1.0000000000000002,0
13472,Update core.py,Naruu,c015acb4,Update core.py,1.0000000000000002,0
13472,Update core.py,Naruu,feac8dba,Update test_sequential_model.py,0.6666666666666667,19
13472,Update core.py,Naruu,c140939c,Update core.py,1.0000000000000002,0
13472,Update core.py,Naruu,c90d2dfc,Update core.py,1.0000000000000002,0
13472,Update core.py,Naruu,29e788dc,Update test_sequential_model.py,0.6666666666666667,19
13472,Update core.py,Naruu,07f8cef2,Update core.py,1.0000000000000002,0
13472,Update core.py,Naruu,a069161d,Update test_sequential_model.py,0.6666666666666667,19
13472,Update core.py,Naruu,0fab8ac3,Update test_sequential_model.py,0.6666666666666667,19
13472,Update core.py,Naruu,15b84d37,Update core.py,1.0000000000000002,0
13472,Update core.py,Naruu,97b27bfd,Update test_sequential_model.py,0.6666666666666667,19
13472,Update core.py,Naruu,a0c5f574,Update core.py,1.0000000000000002,0
13472,Update core.py,Naruu,688b898d,Update test_sequential_model.py,0.6666666666666667,19
13472,Update core.py,Naruu,7def993f,Update test_sequential_model.py,0.6666666666666667,19
13472,Update core.py,Naruu,c33a551f,Update test_sequential_model.py,0.6666666666666667,19
13472,Update core.py,Naruu,c6cf4425,Update core.py,1.0000000000000002,0
13472,Update core.py,Naruu,0d233b25,Update imdb_cnn_lstm.py,0.6666666666666667,12
13472,Update core.py,Naruu,e704e157,Update imdb_cnn_lstm.py,0.6666666666666667,12
13472,Update core.py,Naruu,11e4c4b9,Update optimizers.py,0.6666666666666667,9
13472,Update core.py,Naruu,d5cd2687,Update skipgram_word_embeddings.py,0.6666666666666667,21
13472,Update core.py,Naruu,eee20b46,Update callbacks.py,0.6666666666666667,8
13472,Update core.py,Naruu,9827db2c,Update callbacks.py,0.6666666666666667,8
13472,Update core.py,Naruu,8675fc52,Update core layers documentation,0.5773502691896258,20
13472,Update core.py,Naruu,98d49754,Update lstm_text_generation.py,0.6666666666666667,19
13472,Update core.py,Naruu,8213e515,Update noise.py,0.6666666666666667,3
13472,Update core.py,Naruu,0cae63ac,Update noise.py,0.6666666666666667,3
13472,Update core.py,Naruu,b0b3ff13,Update models.py,0.6666666666666667,4
13472,Update core.py,Naruu,ce209553,Update setup.py,0.6666666666666667,5
13471,Update local.py,Naruu,9a2b5092,Update setup.py,0.6666666666666667,5
13471,Update local.py,Naruu,e8946d52,Update np_utils.py (#13481),0.5773502691896258,16
13471,Update local.py,Naruu,4d59675b,Update core.py (#13472),0.5773502691896258,13
13471,Update local.py,Naruu,afff7b43,Update pooling.py (#13467),0.5773502691896258,15
13471,Update local.py,Naruu,e25f68dc,Update io_utils.py (#13429),0.5773502691896258,15
13471,Update local.py,Naruu,f242c642,Update autogen.py (#13426),0.5773502691896258,15
13471,Update local.py,Naruu,985521ee,Update local.py docstrings (#13373),0.7745966692414834,20
13471,Update local.py,Naruu,66455371,Update babi_rnn.py (#13263),0.5773502691896258,17
13471,Update local.py,Naruu,3bda5520,Update pretrained_word_embeddings.py (#13073),0.5773502691896258,34
13471,Update local.py,Naruu,b78e3ff9,Update conv_filter_visualization.py (#13032),0.5773502691896258,31
13471,Update local.py,Naruu,2b963e5a,[P] Update tensorflow_backend.py (#11294),0.5163977794943222,28
13471,Update local.py,Naruu,105f6e29,Update variational_autoencoder_deconv.py (#11081),0.5773502691896258,36
13471,Update local.py,Naruu,c8e3b601,Update cifar10_cnn_capsule.py (#10927),0.5773502691896258,25
13471,Update local.py,Naruu,6aace305,Update convolutional.py (#10452),0.5773502691896258,18
13471,Update local.py,Naruu,0511438e,Update cifar10_resnet.py (#10199),0.5773502691896258,22
13471,Update local.py,Naruu,2fbac5a7,Update backend_test.py (#9125),0.5773502691896258,19
13471,Update local.py,Naruu,311f4542,Update optimizers.py (#9067),0.5773502691896258,18
13471,Update local.py,Naruu,5e682520,Update tensorflow_backend.py (#8747),0.5773502691896258,23
13471,Update local.py,Naruu,9065eff2,Update training_utils.py (#8597),0.5773502691896258,21
13471,Update local.py,Naruu,8ac788a5,Update training.py (#7953),0.5773502691896258,16
13471,Update local.py,Naruu,295e4f80,Update lstm_benchmark.py (#6966),0.5773502691896258,19
13471,Update local.py,Naruu,ed9e8d2f,Update image.py (#6618),0.5773502691896258,13
13471,Update local.py,Naruu,1a0792ae,Update babi_memnn.py,0.6666666666666667,10
13471,Update local.py,Naruu,173a40dd,Update setup.py.,0.6666666666666667,6
13471,Update local.py,Naruu,14f35ab0,Update audio_conv_utils.py (#5301),0.5773502691896258,21
13471,Update local.py,Naruu,c57d1a32,Update audio_conv_utils.py (#5111),0.5773502691896258,21
13471,Update local.py,Naruu,50b4f7fa,Update recurrent.py. (#4970),0.5773502691896258,17
13471,Update local.py,Naruu,88b301f1,Update io_utils.py (#3577),0.5773502691896258,14
13471,Update local.py,Naruu,045d442f,Update scikit_learn.py (#3567),0.5773502691896258,19
13471,Update local.py,Naruu,f2786d9d,Update theano_backend.py (#3532),0.5773502691896258,20
13471,Update local.py,Naruu,65e4c8e7,Update lstm_text_generation.py (#3516),0.5773502691896258,26
13471,Update local.py,Naruu,a7156b8c,Update antirectifier.py (#2485),0.5773502691896258,20
13471,Update local.py,Naruu,55159cf4,Update topology.py (#2373),0.5773502691896258,14
13471,Update local.py,Naruu,50a0d1ca,Update topology.py (#2239),0.5773502691896258,14
13471,Update local.py,Naruu,404a30df,Update models.py,0.6666666666666667,4
13471,Update local.py,Naruu,f4af11c7,Update sequence.py,0.6666666666666667,8
13471,Update local.py,Naruu,80ddb5b3,Update core.py,0.6666666666666667,4
13471,Update local.py,Naruu,3ffba424,Update core.py,0.6666666666666667,4
13471,Update local.py,Naruu,73f1ef2e,Update activations.py,0.6666666666666667,10
13471,Update local.py,Naruu,bf2f64bf,Update core.py,0.6666666666666667,4
13471,Update local.py,Naruu,d02ea034,Update models.py,0.6666666666666667,4
13471,Update local.py,Naruu,64396172,Update layer_utils.py,0.6666666666666667,9
13471,Update local.py,Naruu,3c8618bb,Update core.py,0.6666666666666667,4
13471,Update local.py,Naruu,794c083f,Update containers.py,0.6666666666666667,8
13471,Update local.py,Naruu,775e91c5,Update core.py,0.6666666666666667,4
13471,Update local.py,Naruu,3e19b025,Update test_models.py,0.6666666666666667,9
13471,Update local.py,Naruu,f20383b7,Update containers.py,0.6666666666666667,8
13471,Update local.py,Naruu,5c83c699,Update containers.py,0.6666666666666667,8
13471,Update local.py,Naruu,f5d56fa2,Update test_models.py,0.6666666666666667,9
13471,Update local.py,Naruu,7fb4f4b0,Update core.py,0.6666666666666667,4
13471,Update local.py,Naruu,9620a497,Update core.py,0.6666666666666667,4
13471,Update local.py,Naruu,91965e8f,Update test_models.py,0.6666666666666667,9
13471,Update local.py,Naruu,92f2717c,Update test_models.py,0.6666666666666667,9
13471,Update local.py,Naruu,07723ccf,Update test_models.py,0.6666666666666667,9
13471,Update local.py,Naruu,652d61be,Update core.py,0.6666666666666667,4
13471,Update local.py,Naruu,9c3060d8,Update common.py,0.6666666666666667,5
13471,Update local.py,Naruu,d2a15040,Update core.py,0.6666666666666667,4
13471,Update local.py,Naruu,9c1afbb6,Update containers.py,0.6666666666666667,8
13471,Update local.py,Naruu,cbb9d001,Update core.py,0.6666666666666667,4
13471,Update local.py,Naruu,78c61c65,Update containers.py,0.6666666666666667,8
13471,Update local.py,Naruu,5c1e5d5e,Update core.py,0.6666666666666667,4
13471,Update local.py,Naruu,819f569c,Update babi_memnn.py,0.6666666666666667,10
13471,Update local.py,Naruu,d444b919,Update layer_utils.py,0.6666666666666667,9
13471,Update local.py,Naruu,747d4a30,Update ntm.py,0.6666666666666667,5
13471,Update local.py,Naruu,ab19cf7b,Update ntm.py,0.6666666666666667,5
13471,Update local.py,Naruu,6b8970ab,Update neural_turing_machine_copy.py,0.6666666666666667,24
13471,Update local.py,Naruu,bde97055,Update core.py,0.6666666666666667,4
13471,Update local.py,Naruu,2f8b351c,Update core.py,0.6666666666666667,4
13471,Update local.py,Naruu,8ee2ffd7,Update core.py,0.6666666666666667,4
13471,Update local.py,Naruu,fb24dc19,Update core.py,0.6666666666666667,4
13471,Update local.py,Naruu,0354e645,Update test_sequential_model.py,0.6666666666666667,18
13471,Update local.py,Naruu,fbe2ea65,Update core.py,0.6666666666666667,4
13471,Update local.py,Naruu,21dcabb6,Update test_sequential_model.py,0.6666666666666667,18
13471,Update local.py,Naruu,42a65d4b,Update core.py,0.6666666666666667,4
13471,Update local.py,Naruu,cb836091,Update core.py,0.6666666666666667,4
13471,Update local.py,Naruu,6a052477,Update core.py,0.6666666666666667,4
13471,Update local.py,Naruu,c015acb4,Update core.py,0.6666666666666667,4
13471,Update local.py,Naruu,feac8dba,Update test_sequential_model.py,0.6666666666666667,18
13471,Update local.py,Naruu,c140939c,Update core.py,0.6666666666666667,4
13471,Update local.py,Naruu,c90d2dfc,Update core.py,0.6666666666666667,4
13471,Update local.py,Naruu,29e788dc,Update test_sequential_model.py,0.6666666666666667,18
13471,Update local.py,Naruu,07f8cef2,Update core.py,0.6666666666666667,4
13471,Update local.py,Naruu,a069161d,Update test_sequential_model.py,0.6666666666666667,18
13471,Update local.py,Naruu,0fab8ac3,Update test_sequential_model.py,0.6666666666666667,18
13471,Update local.py,Naruu,15b84d37,Update core.py,0.6666666666666667,4
13471,Update local.py,Naruu,97b27bfd,Update test_sequential_model.py,0.6666666666666667,18
13471,Update local.py,Naruu,a0c5f574,Update core.py,0.6666666666666667,4
13471,Update local.py,Naruu,688b898d,Update test_sequential_model.py,0.6666666666666667,18
13471,Update local.py,Naruu,7def993f,Update test_sequential_model.py,0.6666666666666667,18
13471,Update local.py,Naruu,c33a551f,Update test_sequential_model.py,0.6666666666666667,18
13471,Update local.py,Naruu,c6cf4425,Update core.py,0.6666666666666667,4
13471,Update local.py,Naruu,0d233b25,Update imdb_cnn_lstm.py,0.6666666666666667,11
13471,Update local.py,Naruu,e704e157,Update imdb_cnn_lstm.py,0.6666666666666667,11
13471,Update local.py,Naruu,11e4c4b9,Update optimizers.py,0.6666666666666667,10
13471,Update local.py,Naruu,d5cd2687,Update skipgram_word_embeddings.py,0.6666666666666667,23
13471,Update local.py,Naruu,eee20b46,Update callbacks.py,0.6666666666666667,7
13471,Update local.py,Naruu,9827db2c,Update callbacks.py,0.6666666666666667,7
13471,Update local.py,Naruu,98d49754,Update lstm_text_generation.py,0.6666666666666667,18
13471,Update local.py,Naruu,8213e515,Update noise.py,0.6666666666666667,4
13471,Update local.py,Naruu,0cae63ac,Update noise.py,0.6666666666666667,4
13471,Update local.py,Naruu,b0b3ff13,Update models.py,0.6666666666666667,4
13471,Update local.py,Naruu,ce209553,Update setup.py,0.6666666666666667,5
13467,Update pooling.py,Naruu,9a2b5092,Update setup.py,0.6666666666666667,7
13467,Update pooling.py,Naruu,e8946d52,Update np_utils.py (#13481),0.5773502691896258,15
13467,Update pooling.py,Naruu,4d59675b,Update core.py (#13472),0.5773502691896258,15
13467,Update pooling.py,Naruu,afff7b43,Update pooling.py (#13467),0.8660254037844387,9
13467,Update pooling.py,Naruu,e25f68dc,Update io_utils.py (#13429),0.5773502691896258,15
13467,Update pooling.py,Naruu,f242c642,Update autogen.py (#13426),0.5773502691896258,15
13467,Update pooling.py,Naruu,985521ee,Update local.py docstrings (#13373),0.5163977794943222,23
13467,Update pooling.py,Naruu,66455371,Update babi_rnn.py (#13263),0.5773502691896258,16
13467,Update pooling.py,Naruu,3bda5520,Update pretrained_word_embeddings.py (#13073),0.5773502691896258,30
13467,Update pooling.py,Naruu,b78e3ff9,Update conv_filter_visualization.py (#13032),0.5773502691896258,31
13467,Update pooling.py,Naruu,2b963e5a,[P] Update tensorflow_backend.py (#11294),0.5163977794943222,28
13467,Update pooling.py,Naruu,105f6e29,Update variational_autoencoder_deconv.py (#11081),0.5773502691896258,36
13467,Update pooling.py,Naruu,c8e3b601,Update cifar10_cnn_capsule.py (#10927),0.5773502691896258,27
13467,Update pooling.py,Naruu,6aace305,Update convolutional.py (#10452),0.5773502691896258,17
13467,Update pooling.py,Naruu,0511438e,Update cifar10_resnet.py (#10199),0.5773502691896258,22
13467,Update pooling.py,Naruu,2fbac5a7,Update backend_test.py (#9125),0.5773502691896258,19
13467,Update pooling.py,Naruu,311f4542,Update optimizers.py (#9067),0.5773502691896258,16
13467,Update pooling.py,Naruu,5e682520,Update tensorflow_backend.py (#8747),0.5773502691896258,23
13467,Update pooling.py,Naruu,9065eff2,Update training_utils.py (#8597),0.5773502691896258,19
13467,Update pooling.py,Naruu,8ac788a5,Update training.py (#7953),0.5773502691896258,13
13467,Update pooling.py,Naruu,295e4f80,Update lstm_benchmark.py (#6966),0.5773502691896258,21
13467,Update pooling.py,Naruu,ed9e8d2f,Update image.py (#6618),0.5773502691896258,15
13467,Update pooling.py,Naruu,1a0792ae,Update babi_memnn.py,0.6666666666666667,9
13467,Update pooling.py,Naruu,173a40dd,Update setup.py.,0.6666666666666667,8
13467,Update pooling.py,Naruu,6710396a,Update pooling layers API,0.5773502691896258,10
13467,Update pooling.py,Naruu,14f35ab0,Update audio_conv_utils.py (#5301),0.5773502691896258,21
13467,Update pooling.py,Naruu,c57d1a32,Update audio_conv_utils.py (#5111),0.5773502691896258,21
13467,Update pooling.py,Naruu,50b4f7fa,Update recurrent.py. (#4970),0.5773502691896258,17
13467,Update pooling.py,Naruu,88b301f1,Update io_utils.py (#3577),0.5773502691896258,14
13467,Update pooling.py,Naruu,045d442f,Update scikit_learn.py (#3567),0.5773502691896258,19
13467,Update pooling.py,Naruu,f2786d9d,Update theano_backend.py (#3532),0.5773502691896258,20
13467,Update pooling.py,Naruu,65e4c8e7,Update lstm_text_generation.py (#3516),0.5773502691896258,27
13467,Update pooling.py,Naruu,489bb4eb,Update docs for pooling,0.5773502691896258,12
13467,Update pooling.py,Naruu,a7156b8c,Update antirectifier.py (#2485),0.5773502691896258,20
13467,Update pooling.py,Naruu,55159cf4,Update topology.py (#2373),0.5773502691896258,13
13467,Update pooling.py,Naruu,50a0d1ca,Update topology.py (#2239),0.5773502691896258,13
13467,Update pooling.py,Naruu,404a30df,Update models.py,0.6666666666666667,6
13467,Update pooling.py,Naruu,f4af11c7,Update sequence.py,0.6666666666666667,7
13467,Update pooling.py,Naruu,80ddb5b3,Update core.py,0.6666666666666667,6
13467,Update pooling.py,Naruu,3ffba424,Update core.py,0.6666666666666667,6
13467,Update pooling.py,Naruu,73f1ef2e,Update activations.py,0.6666666666666667,9
13467,Update pooling.py,Naruu,bf2f64bf,Update core.py,0.6666666666666667,6
13467,Update pooling.py,Naruu,d02ea034,Update models.py,0.6666666666666667,6
13467,Update pooling.py,Naruu,64396172,Update layer_utils.py,0.6666666666666667,10
13467,Update pooling.py,Naruu,3c8618bb,Update core.py,0.6666666666666667,6
13467,Update pooling.py,Naruu,794c083f,Update containers.py,0.6666666666666667,7
13467,Update pooling.py,Naruu,775e91c5,Update core.py,0.6666666666666667,6
13467,Update pooling.py,Naruu,3e19b025,Update test_models.py,0.6666666666666667,10
13467,Update pooling.py,Naruu,f20383b7,Update containers.py,0.6666666666666667,7
13467,Update pooling.py,Naruu,5c83c699,Update containers.py,0.6666666666666667,7
13467,Update pooling.py,Naruu,f5d56fa2,Update test_models.py,0.6666666666666667,10
13467,Update pooling.py,Naruu,7fb4f4b0,Update core.py,0.6666666666666667,6
13467,Update pooling.py,Naruu,9620a497,Update core.py,0.6666666666666667,6
13467,Update pooling.py,Naruu,91965e8f,Update test_models.py,0.6666666666666667,10
13467,Update pooling.py,Naruu,92f2717c,Update test_models.py,0.6666666666666667,10
13467,Update pooling.py,Naruu,07723ccf,Update test_models.py,0.6666666666666667,10
13467,Update pooling.py,Naruu,652d61be,Update core.py,0.6666666666666667,6
13467,Update pooling.py,Naruu,9c3060d8,Update common.py,0.6666666666666667,5
13467,Update pooling.py,Naruu,d2a15040,Update core.py,0.6666666666666667,6
13467,Update pooling.py,Naruu,9c1afbb6,Update containers.py,0.6666666666666667,7
13467,Update pooling.py,Naruu,cbb9d001,Update core.py,0.6666666666666667,6
13467,Update pooling.py,Naruu,78c61c65,Update containers.py,0.6666666666666667,7
13467,Update pooling.py,Naruu,5c1e5d5e,Update core.py,0.6666666666666667,6
13467,Update pooling.py,Naruu,819f569c,Update babi_memnn.py,0.6666666666666667,9
13467,Update pooling.py,Naruu,d444b919,Update layer_utils.py,0.6666666666666667,10
13467,Update pooling.py,Naruu,747d4a30,Update ntm.py,0.6666666666666667,7
13467,Update pooling.py,Naruu,ab19cf7b,Update ntm.py,0.6666666666666667,7
13467,Update pooling.py,Naruu,6b8970ab,Update neural_turing_machine_copy.py,0.6666666666666667,22
13467,Update pooling.py,Naruu,bde97055,Update core.py,0.6666666666666667,6
13467,Update pooling.py,Naruu,2f8b351c,Update core.py,0.6666666666666667,6
13467,Update pooling.py,Naruu,8ee2ffd7,Update core.py,0.6666666666666667,6
13467,Update pooling.py,Naruu,fb24dc19,Update core.py,0.6666666666666667,6
13467,Update pooling.py,Naruu,0354e645,Update test_sequential_model.py,0.6666666666666667,20
13467,Update pooling.py,Naruu,fbe2ea65,Update core.py,0.6666666666666667,6
13467,Update pooling.py,Naruu,21dcabb6,Update test_sequential_model.py,0.6666666666666667,20
13467,Update pooling.py,Naruu,42a65d4b,Update core.py,0.6666666666666667,6
13467,Update pooling.py,Naruu,cb836091,Update core.py,0.6666666666666667,6
13467,Update pooling.py,Naruu,6a052477,Update core.py,0.6666666666666667,6
13467,Update pooling.py,Naruu,c015acb4,Update core.py,0.6666666666666667,6
13467,Update pooling.py,Naruu,feac8dba,Update test_sequential_model.py,0.6666666666666667,20
13467,Update pooling.py,Naruu,c140939c,Update core.py,0.6666666666666667,6
13467,Update pooling.py,Naruu,c90d2dfc,Update core.py,0.6666666666666667,6
13467,Update pooling.py,Naruu,29e788dc,Update test_sequential_model.py,0.6666666666666667,20
13467,Update pooling.py,Naruu,07f8cef2,Update core.py,0.6666666666666667,6
13467,Update pooling.py,Naruu,a069161d,Update test_sequential_model.py,0.6666666666666667,20
13467,Update pooling.py,Naruu,0fab8ac3,Update test_sequential_model.py,0.6666666666666667,20
13467,Update pooling.py,Naruu,15b84d37,Update core.py,0.6666666666666667,6
13467,Update pooling.py,Naruu,97b27bfd,Update test_sequential_model.py,0.6666666666666667,20
13467,Update pooling.py,Naruu,a0c5f574,Update core.py,0.6666666666666667,6
13467,Update pooling.py,Naruu,688b898d,Update test_sequential_model.py,0.6666666666666667,20
13467,Update pooling.py,Naruu,7def993f,Update test_sequential_model.py,0.6666666666666667,20
13467,Update pooling.py,Naruu,c33a551f,Update test_sequential_model.py,0.6666666666666667,20
13467,Update pooling.py,Naruu,c6cf4425,Update core.py,0.6666666666666667,6
13467,Update pooling.py,Naruu,0d233b25,Update imdb_cnn_lstm.py,0.6666666666666667,12
13467,Update pooling.py,Naruu,e704e157,Update imdb_cnn_lstm.py,0.6666666666666667,12
13467,Update pooling.py,Naruu,11e4c4b9,Update optimizers.py,0.6666666666666667,8
13467,Update pooling.py,Naruu,d5cd2687,Update skipgram_word_embeddings.py,0.6666666666666667,19
13467,Update pooling.py,Naruu,eee20b46,Update callbacks.py,0.6666666666666667,8
13467,Update pooling.py,Naruu,9827db2c,Update callbacks.py,0.6666666666666667,8
13467,Update pooling.py,Naruu,98d49754,Update lstm_text_generation.py,0.6666666666666667,19
13467,Update pooling.py,Naruu,8213e515,Update noise.py,0.6666666666666667,5
13467,Update pooling.py,Naruu,0cae63ac,Update noise.py,0.6666666666666667,5
13467,Update pooling.py,Naruu,b0b3ff13,Update models.py,0.6666666666666667,6
13467,Update pooling.py,Naruu,ce209553,Update setup.py,0.6666666666666667,7
13446,Update CONTRIBUTING.md,AJAYK-01,a0e90bd8,Update metrics.md with references to losses.md (#11569),0.5222329678670935,45
13446,Update CONTRIBUTING.md,AJAYK-01,83cd9b78,Update regularizers.md (#10549),0.5773502691896258,21
13446,Update CONTRIBUTING.md,AJAYK-01,4f90f95f,Update faq.md (#10422),0.5773502691896258,15
13446,Update CONTRIBUTING.md,AJAYK-01,5979cb0b,Update backend.md (#8967),0.5773502691896258,18
13446,Update CONTRIBUTING.md,AJAYK-01,05f9d212,Update CONTRIBUTING.md and include it in future releases.,0.5773502691896257,35
13446,Update CONTRIBUTING.md,AJAYK-01,059caec8,Update README.md,0.6666666666666667,11
13446,Update CONTRIBUTING.md,AJAYK-01,d95ab48b,Update README.md,0.6666666666666667,11
13446,Update CONTRIBUTING.md,AJAYK-01,5ce69728,Update README.md (#7794),0.5773502691896258,17
13446,Update CONTRIBUTING.md,AJAYK-01,c78fbc42,Update CONTRIBUTING.md (#7526),0.8660254037844387,8
13446,Update CONTRIBUTING.md,AJAYK-01,cf026a58,Update applications.md (#7428),0.5773502691896258,20
13446,Update CONTRIBUTING.md,AJAYK-01,ddcf66fb,Update README.md (#7163),0.5773502691896258,17
13446,Update CONTRIBUTING.md,AJAYK-01,34628355,Improve formatting of CONTRIBUTING.md.,0.5163977794943222,19
13446,Update CONTRIBUTING.md,AJAYK-01,720ed1ad,Update README.md,0.6666666666666667,11
13446,Update CONTRIBUTING.md,AJAYK-01,65820432,Update CONTRIBUTING.md,1.0000000000000002,0
13446,Update CONTRIBUTING.md,AJAYK-01,c1584101,Update image.md docs,0.5773502691896258,15
13446,Update CONTRIBUTING.md,AJAYK-01,e63372e4,Update sequence.md. (#4905),0.5773502691896258,20
13446,Update CONTRIBUTING.md,AJAYK-01,d5e16807,Update image.md (#3600),0.5773502691896258,16
13446,Update CONTRIBUTING.md,AJAYK-01,cea6c182,Update visualization.md (#2942),0.5773502691896258,21
13446,Update CONTRIBUTING.md,AJAYK-01,2eea3a4c,Update model.md (#2348),0.5773502691896258,16
13446,Update CONTRIBUTING.md,AJAYK-01,c3aaf50b,Update complete_guide_to_the_keras_functional_api.md,0.6666666666666667,42
13446,Update CONTRIBUTING.md,AJAYK-01,6445d385,Update CONTRIBUTING.md,1.0000000000000002,0
13446,Update CONTRIBUTING.md,AJAYK-01,9789858d,Update CONTRIBUTING.md,1.0000000000000002,0
13446,Update CONTRIBUTING.md,AJAYK-01,d23c0280,Update CONTRIBUTING.md,1.0000000000000002,0
13446,Update CONTRIBUTING.md,AJAYK-01,c11bdd85,Update CONTRIBUTING.md,1.0000000000000002,0
13446,Update CONTRIBUTING.md,AJAYK-01,89794278,Small change in CONTRIBUTING.md,0.5163977794943222,13
13446,Update CONTRIBUTING.md,AJAYK-01,74b37bf8,Add CONTRIBUTING.md,0.6666666666666667,5
13446,Update CONTRIBUTING.md,AJAYK-01,f6f8bf64,Update core.md,0.6666666666666667,12
13446,Update CONTRIBUTING.md,AJAYK-01,e60b7de0,Update core.md,0.6666666666666667,12
13446,Update CONTRIBUTING.md,AJAYK-01,c353dfc5,Update noise.md,0.6666666666666667,12
13446,Update CONTRIBUTING.md,AJAYK-01,11d3335d,Update convolutional.md,0.6666666666666667,13
13446,Update CONTRIBUTING.md,AJAYK-01,18374589,Update README.md,0.6666666666666667,11
13446,Update CONTRIBUTING.md,AJAYK-01,63855b96,Update README.md,0.6666666666666667,11
13446,Update CONTRIBUTING.md,AJAYK-01,ea69c1a3,Update README.md,0.6666666666666667,11
13446,Update CONTRIBUTING.md,AJAYK-01,0e0545a1,Update README.md,0.6666666666666667,11
13439,mish activation test,serengil,9e464470,Sigmoid activation test,0.6666666666666667,6
13432,mish activation function,serengil,84442042,Added softsign activation function (#2097),0.5163977794943222,21
13429,Update io_utils.py,Denny-Hwang,9a2b5092,Update setup.py,0.6666666666666667,7
13429,Update io_utils.py,Denny-Hwang,e8946d52,Update np_utils.py (#13481),0.5773502691896258,11
13429,Update io_utils.py,Denny-Hwang,4d59675b,Update core.py (#13472),0.5773502691896258,15
13429,Update io_utils.py,Denny-Hwang,afff7b43,Update pooling.py (#13467),0.5773502691896258,15
13429,Update io_utils.py,Denny-Hwang,e25f68dc,Update io_utils.py (#13429),0.8660254037844387,9
13429,Update io_utils.py,Denny-Hwang,f242c642,Update autogen.py (#13426),0.5773502691896258,16
13429,Update io_utils.py,Denny-Hwang,985521ee,Update local.py docstrings (#13373),0.5163977794943222,24
13429,Update io_utils.py,Denny-Hwang,66455371,Update babi_rnn.py (#13263),0.5773502691896258,17
13429,Update io_utils.py,Denny-Hwang,3bda5520,Update pretrained_word_embeddings.py (#13073),0.5773502691896258,30
13429,Update io_utils.py,Denny-Hwang,b78e3ff9,Update conv_filter_visualization.py (#13032),0.5773502691896258,29
13429,Update io_utils.py,Denny-Hwang,2b963e5a,[P] Update tensorflow_backend.py (#11294),0.5163977794943222,29
13429,Update io_utils.py,Denny-Hwang,105f6e29,Update variational_autoencoder_deconv.py (#11081),0.5773502691896258,34
13429,Update io_utils.py,Denny-Hwang,c8e3b601,Update cifar10_cnn_capsule.py (#10927),0.5773502691896258,25
13429,Update io_utils.py,Denny-Hwang,6aace305,Update convolutional.py (#10452),0.5773502691896258,18
13429,Update io_utils.py,Denny-Hwang,0511438e,Update cifar10_resnet.py (#10199),0.5773502691896258,21
13429,Update io_utils.py,Denny-Hwang,2fbac5a7,Update backend_test.py (#9125),0.5773502691896258,19
13429,Update io_utils.py,Denny-Hwang,311f4542,Update optimizers.py (#9067),0.5773502691896258,16
13429,Update io_utils.py,Denny-Hwang,5e682520,Update tensorflow_backend.py (#8747),0.5773502691896258,24
13429,Update io_utils.py,Denny-Hwang,9065eff2,Update training_utils.py (#8597),0.5773502691896258,15
13429,Update io_utils.py,Denny-Hwang,8ac788a5,Update training.py (#7953),0.5773502691896258,15
13429,Update io_utils.py,Denny-Hwang,295e4f80,Update lstm_benchmark.py (#6966),0.5773502691896258,21
13429,Update io_utils.py,Denny-Hwang,ed9e8d2f,Update image.py (#6618),0.5773502691896258,15
13429,Update io_utils.py,Denny-Hwang,1a0792ae,Update babi_memnn.py,0.6666666666666667,9
13429,Update io_utils.py,Denny-Hwang,173a40dd,Update setup.py.,0.6666666666666667,8
13429,Update io_utils.py,Denny-Hwang,14f35ab0,Update audio_conv_utils.py (#5301),0.5773502691896258,16
13429,Update io_utils.py,Denny-Hwang,c57d1a32,Update audio_conv_utils.py (#5111),0.5773502691896258,16
13429,Update io_utils.py,Denny-Hwang,50b4f7fa,Update recurrent.py. (#4970),0.5773502691896258,17
13429,Update io_utils.py,Denny-Hwang,88b301f1,Update io_utils.py (#3577),0.8660254037844387,8
13429,Update io_utils.py,Denny-Hwang,045d442f,Update scikit_learn.py (#3567),0.5773502691896258,18
13429,Update io_utils.py,Denny-Hwang,f2786d9d,Update theano_backend.py (#3532),0.5773502691896258,20
13429,Update io_utils.py,Denny-Hwang,65e4c8e7,Update lstm_text_generation.py (#3516),0.5773502691896258,25
13429,Update io_utils.py,Denny-Hwang,a7156b8c,Update antirectifier.py (#2485),0.5773502691896258,18
13429,Update io_utils.py,Denny-Hwang,55159cf4,Update topology.py (#2373),0.5773502691896258,15
13429,Update io_utils.py,Denny-Hwang,50a0d1ca,Update topology.py (#2239),0.5773502691896258,15
13429,Update io_utils.py,Denny-Hwang,404a30df,Update models.py,0.6666666666666667,5
13429,Update io_utils.py,Denny-Hwang,f4af11c7,Update sequence.py,0.6666666666666667,7
13429,Update io_utils.py,Denny-Hwang,80ddb5b3,Update core.py,0.6666666666666667,7
13429,Update io_utils.py,Denny-Hwang,3ffba424,Update core.py,0.6666666666666667,7
13429,Update io_utils.py,Denny-Hwang,73f1ef2e,Update activations.py,0.6666666666666667,8
13429,Update io_utils.py,Denny-Hwang,bf2f64bf,Update core.py,0.6666666666666667,7
13429,Update io_utils.py,Denny-Hwang,d02ea034,Update models.py,0.6666666666666667,5
13429,Update io_utils.py,Denny-Hwang,64396172,Update layer_utils.py,0.6666666666666667,5
13429,Update io_utils.py,Denny-Hwang,3c8618bb,Update core.py,0.6666666666666667,7
13429,Update io_utils.py,Denny-Hwang,794c083f,Update containers.py,0.6666666666666667,7
13429,Update io_utils.py,Denny-Hwang,775e91c5,Update core.py,0.6666666666666667,7
13429,Update io_utils.py,Denny-Hwang,3e19b025,Update test_models.py,0.6666666666666667,8
13429,Update io_utils.py,Denny-Hwang,f20383b7,Update containers.py,0.6666666666666667,7
13429,Update io_utils.py,Denny-Hwang,5c83c699,Update containers.py,0.6666666666666667,7
13429,Update io_utils.py,Denny-Hwang,f5d56fa2,Update test_models.py,0.6666666666666667,8
13429,Update io_utils.py,Denny-Hwang,7fb4f4b0,Update core.py,0.6666666666666667,7
13429,Update io_utils.py,Denny-Hwang,9620a497,Update core.py,0.6666666666666667,7
13429,Update io_utils.py,Denny-Hwang,91965e8f,Update test_models.py,0.6666666666666667,8
13429,Update io_utils.py,Denny-Hwang,92f2717c,Update test_models.py,0.6666666666666667,8
13429,Update io_utils.py,Denny-Hwang,07723ccf,Update test_models.py,0.6666666666666667,8
13429,Update io_utils.py,Denny-Hwang,652d61be,Update core.py,0.6666666666666667,7
13429,Update io_utils.py,Denny-Hwang,9c3060d8,Update common.py,0.6666666666666667,7
13429,Update io_utils.py,Denny-Hwang,d2a15040,Update core.py,0.6666666666666667,7
13429,Update io_utils.py,Denny-Hwang,9c1afbb6,Update containers.py,0.6666666666666667,7
13429,Update io_utils.py,Denny-Hwang,cbb9d001,Update core.py,0.6666666666666667,7
13429,Update io_utils.py,Denny-Hwang,78c61c65,Update containers.py,0.6666666666666667,7
13429,Update io_utils.py,Denny-Hwang,5c1e5d5e,Update core.py,0.6666666666666667,7
13429,Update io_utils.py,Denny-Hwang,819f569c,Update babi_memnn.py,0.6666666666666667,9
13429,Update io_utils.py,Denny-Hwang,d444b919,Update layer_utils.py,0.6666666666666667,5
13429,Update io_utils.py,Denny-Hwang,747d4a30,Update ntm.py,0.6666666666666667,7
13429,Update io_utils.py,Denny-Hwang,ab19cf7b,Update ntm.py,0.6666666666666667,7
13429,Update io_utils.py,Denny-Hwang,6b8970ab,Update neural_turing_machine_copy.py,0.6666666666666667,23
13429,Update io_utils.py,Denny-Hwang,bde97055,Update core.py,0.6666666666666667,7
13429,Update io_utils.py,Denny-Hwang,2f8b351c,Update core.py,0.6666666666666667,7
13429,Update io_utils.py,Denny-Hwang,8ee2ffd7,Update core.py,0.6666666666666667,7
13429,Update io_utils.py,Denny-Hwang,fb24dc19,Update core.py,0.6666666666666667,7
13429,Update io_utils.py,Denny-Hwang,0354e645,Update test_sequential_model.py,0.6666666666666667,16
13429,Update io_utils.py,Denny-Hwang,fbe2ea65,Update core.py,0.6666666666666667,7
13429,Update io_utils.py,Denny-Hwang,21dcabb6,Update test_sequential_model.py,0.6666666666666667,16
13429,Update io_utils.py,Denny-Hwang,42a65d4b,Update core.py,0.6666666666666667,7
13429,Update io_utils.py,Denny-Hwang,cb836091,Update core.py,0.6666666666666667,7
13429,Update io_utils.py,Denny-Hwang,6a052477,Update core.py,0.6666666666666667,7
13429,Update io_utils.py,Denny-Hwang,c015acb4,Update core.py,0.6666666666666667,7
13429,Update io_utils.py,Denny-Hwang,feac8dba,Update test_sequential_model.py,0.6666666666666667,16
13429,Update io_utils.py,Denny-Hwang,c140939c,Update core.py,0.6666666666666667,7
13429,Update io_utils.py,Denny-Hwang,c90d2dfc,Update core.py,0.6666666666666667,7
13429,Update io_utils.py,Denny-Hwang,29e788dc,Update test_sequential_model.py,0.6666666666666667,16
13429,Update io_utils.py,Denny-Hwang,07f8cef2,Update core.py,0.6666666666666667,7
13429,Update io_utils.py,Denny-Hwang,a069161d,Update test_sequential_model.py,0.6666666666666667,16
13429,Update io_utils.py,Denny-Hwang,0fab8ac3,Update test_sequential_model.py,0.6666666666666667,16
13429,Update io_utils.py,Denny-Hwang,15b84d37,Update core.py,0.6666666666666667,7
13429,Update io_utils.py,Denny-Hwang,97b27bfd,Update test_sequential_model.py,0.6666666666666667,16
13429,Update io_utils.py,Denny-Hwang,a0c5f574,Update core.py,0.6666666666666667,7
13429,Update io_utils.py,Denny-Hwang,688b898d,Update test_sequential_model.py,0.6666666666666667,16
13429,Update io_utils.py,Denny-Hwang,7def993f,Update test_sequential_model.py,0.6666666666666667,16
13429,Update io_utils.py,Denny-Hwang,c33a551f,Update test_sequential_model.py,0.6666666666666667,16
13429,Update io_utils.py,Denny-Hwang,c6cf4425,Update core.py,0.6666666666666667,7
13429,Update io_utils.py,Denny-Hwang,0d233b25,Update imdb_cnn_lstm.py,0.6666666666666667,9
13429,Update io_utils.py,Denny-Hwang,e704e157,Update imdb_cnn_lstm.py,0.6666666666666667,9
13429,Update io_utils.py,Denny-Hwang,11e4c4b9,Update optimizers.py,0.6666666666666667,8
13429,Update io_utils.py,Denny-Hwang,d5cd2687,Update skipgram_word_embeddings.py,0.6666666666666667,19
13429,Update io_utils.py,Denny-Hwang,eee20b46,Update callbacks.py,0.6666666666666667,8
13429,Update io_utils.py,Denny-Hwang,9827db2c,Update callbacks.py,0.6666666666666667,8
13429,Update io_utils.py,Denny-Hwang,98d49754,Update lstm_text_generation.py,0.6666666666666667,17
13429,Update io_utils.py,Denny-Hwang,8213e515,Update noise.py,0.6666666666666667,6
13429,Update io_utils.py,Denny-Hwang,0cae63ac,Update noise.py,0.6666666666666667,6
13429,Update io_utils.py,Denny-Hwang,b0b3ff13,Update models.py,0.6666666666666667,5
13429,Update io_utils.py,Denny-Hwang,ce209553,Update setup.py,0.6666666666666667,7
13426,Update autogen.py,Naruu,9a2b5092,Update setup.py,0.6666666666666667,6
13426,Update autogen.py,Naruu,e8946d52,Update np_utils.py (#13481),0.5773502691896258,16
13426,Update autogen.py,Naruu,4d59675b,Update core.py (#13472),0.5773502691896258,14
13426,Update autogen.py,Naruu,afff7b43,Update pooling.py (#13467),0.5773502691896258,15
13426,Update autogen.py,Naruu,e25f68dc,Update io_utils.py (#13429),0.5773502691896258,16
13426,Update autogen.py,Naruu,f242c642,Update autogen.py (#13426),0.8660254037844387,9
13426,Update autogen.py,Naruu,985521ee,Update local.py docstrings (#13373),0.5163977794943222,25
13426,Update autogen.py,Naruu,66455371,Update babi_rnn.py (#13263),0.5773502691896258,15
13426,Update autogen.py,Naruu,3bda5520,Update pretrained_word_embeddings.py (#13073),0.5773502691896258,31
13426,Update autogen.py,Naruu,b78e3ff9,Update conv_filter_visualization.py (#13032),0.5773502691896258,32
13426,Update autogen.py,Naruu,2b963e5a,[P] Update tensorflow_backend.py (#11294),0.5163977794943222,28
13426,Update autogen.py,Naruu,105f6e29,Update variational_autoencoder_deconv.py (#11081),0.5773502691896258,33
13426,Update autogen.py,Naruu,c8e3b601,Update cifar10_cnn_capsule.py (#10927),0.5773502691896258,26
13426,Update autogen.py,Naruu,6aace305,Update convolutional.py (#10452),0.5773502691896258,19
13426,Update autogen.py,Naruu,0511438e,Update cifar10_resnet.py (#10199),0.5773502691896258,20
13426,Update autogen.py,Naruu,2fbac5a7,Update backend_test.py (#9125),0.5773502691896258,18
13426,Update autogen.py,Naruu,311f4542,Update optimizers.py (#9067),0.5773502691896258,16
13426,Update autogen.py,Naruu,5e682520,Update tensorflow_backend.py (#8747),0.5773502691896258,23
13426,Update autogen.py,Naruu,9065eff2,Update training_utils.py (#8597),0.5773502691896258,20
13426,Update autogen.py,Naruu,8ac788a5,Update training.py (#7953),0.5773502691896258,15
13426,Update autogen.py,Naruu,295e4f80,Update lstm_benchmark.py (#6966),0.5773502691896258,19
13426,Update autogen.py,Naruu,ed9e8d2f,Update image.py (#6618),0.5773502691896258,13
13426,Update autogen.py,Naruu,1c7e63e4,Update docs autogen script.,0.5773502691896258,12
13426,Update autogen.py,Naruu,1a0792ae,Update babi_memnn.py,0.6666666666666667,7
13426,Update autogen.py,Naruu,173a40dd,Update setup.py.,0.6666666666666667,7
13426,Update autogen.py,Naruu,14f35ab0,Update audio_conv_utils.py (#5301),0.5773502691896258,20
13426,Update autogen.py,Naruu,c57d1a32,Update audio_conv_utils.py (#5111),0.5773502691896258,20
13426,Update autogen.py,Naruu,50b4f7fa,Update recurrent.py. (#4970),0.5773502691896258,16
13426,Update autogen.py,Naruu,88b301f1,Update io_utils.py (#3577),0.5773502691896258,15
13426,Update autogen.py,Naruu,045d442f,Update scikit_learn.py (#3567),0.5773502691896258,17
13426,Update autogen.py,Naruu,f2786d9d,Update theano_backend.py (#3532),0.5773502691896258,19
13426,Update autogen.py,Naruu,65e4c8e7,Update lstm_text_generation.py (#3516),0.5773502691896258,24
13426,Update autogen.py,Naruu,a7156b8c,Update antirectifier.py (#2485),0.5773502691896258,18
13426,Update autogen.py,Naruu,55159cf4,Update topology.py (#2373),0.5773502691896258,15
13426,Update autogen.py,Naruu,50a0d1ca,Update topology.py (#2239),0.5773502691896258,15
13426,Update autogen.py,Naruu,404a30df,Update models.py,0.6666666666666667,6
13426,Update autogen.py,Naruu,f4af11c7,Update sequence.py,0.6666666666666667,7
13426,Update autogen.py,Naruu,80ddb5b3,Update core.py,0.6666666666666667,5
13426,Update autogen.py,Naruu,3ffba424,Update core.py,0.6666666666666667,5
13426,Update autogen.py,Naruu,73f1ef2e,Update activations.py,0.6666666666666667,8
13426,Update autogen.py,Naruu,bf2f64bf,Update core.py,0.6666666666666667,5
13426,Update autogen.py,Naruu,d02ea034,Update models.py,0.6666666666666667,6
13426,Update autogen.py,Naruu,64396172,Update layer_utils.py,0.6666666666666667,9
13426,Update autogen.py,Naruu,3c8618bb,Update core.py,0.6666666666666667,5
13426,Update autogen.py,Naruu,794c083f,Update containers.py,0.6666666666666667,8
13426,Update autogen.py,Naruu,775e91c5,Update core.py,0.6666666666666667,5
13426,Update autogen.py,Naruu,3e19b025,Update test_models.py,0.6666666666666667,8
13426,Update autogen.py,Naruu,f20383b7,Update containers.py,0.6666666666666667,8
13426,Update autogen.py,Naruu,5c83c699,Update containers.py,0.6666666666666667,8
13426,Update autogen.py,Naruu,f5d56fa2,Update test_models.py,0.6666666666666667,8
13426,Update autogen.py,Naruu,7fb4f4b0,Update core.py,0.6666666666666667,5
13426,Update autogen.py,Naruu,9620a497,Update core.py,0.6666666666666667,5
13426,Update autogen.py,Naruu,91965e8f,Update test_models.py,0.6666666666666667,8
13426,Update autogen.py,Naruu,92f2717c,Update test_models.py,0.6666666666666667,8
13426,Update autogen.py,Naruu,07723ccf,Update test_models.py,0.6666666666666667,8
13426,Update autogen.py,Naruu,652d61be,Update core.py,0.6666666666666667,5
13426,Update autogen.py,Naruu,9c3060d8,Update common.py,0.6666666666666667,6
13426,Update autogen.py,Naruu,d2a15040,Update core.py,0.6666666666666667,5
13426,Update autogen.py,Naruu,9c1afbb6,Update containers.py,0.6666666666666667,8
13426,Update autogen.py,Naruu,cbb9d001,Update core.py,0.6666666666666667,5
13426,Update autogen.py,Naruu,78c61c65,Update containers.py,0.6666666666666667,8
13426,Update autogen.py,Naruu,5c1e5d5e,Update core.py,0.6666666666666667,5
13426,Update autogen.py,Naruu,819f569c,Update babi_memnn.py,0.6666666666666667,7
13426,Update autogen.py,Naruu,d444b919,Update layer_utils.py,0.6666666666666667,9
13426,Update autogen.py,Naruu,747d4a30,Update ntm.py,0.6666666666666667,6
13426,Update autogen.py,Naruu,ab19cf7b,Update ntm.py,0.6666666666666667,6
13426,Update autogen.py,Naruu,6b8970ab,Update neural_turing_machine_copy.py,0.6666666666666667,22
13426,Update autogen.py,Naruu,bde97055,Update core.py,0.6666666666666667,5
13426,Update autogen.py,Naruu,2f8b351c,Update core.py,0.6666666666666667,5
13426,Update autogen.py,Naruu,8ee2ffd7,Update core.py,0.6666666666666667,5
13426,Update autogen.py,Naruu,fb24dc19,Update core.py,0.6666666666666667,5
13426,Update autogen.py,Naruu,0354e645,Update test_sequential_model.py,0.6666666666666667,17
13426,Update autogen.py,Naruu,fbe2ea65,Update core.py,0.6666666666666667,5
13426,Update autogen.py,Naruu,21dcabb6,Update test_sequential_model.py,0.6666666666666667,17
13426,Update autogen.py,Naruu,42a65d4b,Update core.py,0.6666666666666667,5
13426,Update autogen.py,Naruu,cb836091,Update core.py,0.6666666666666667,5
13426,Update autogen.py,Naruu,6a052477,Update core.py,0.6666666666666667,5
13426,Update autogen.py,Naruu,c015acb4,Update core.py,0.6666666666666667,5
13426,Update autogen.py,Naruu,feac8dba,Update test_sequential_model.py,0.6666666666666667,17
13426,Update autogen.py,Naruu,c140939c,Update core.py,0.6666666666666667,5
13426,Update autogen.py,Naruu,c90d2dfc,Update core.py,0.6666666666666667,5
13426,Update autogen.py,Naruu,29e788dc,Update test_sequential_model.py,0.6666666666666667,17
13426,Update autogen.py,Naruu,07f8cef2,Update core.py,0.6666666666666667,5
13426,Update autogen.py,Naruu,a069161d,Update test_sequential_model.py,0.6666666666666667,17
13426,Update autogen.py,Naruu,0fab8ac3,Update test_sequential_model.py,0.6666666666666667,17
13426,Update autogen.py,Naruu,15b84d37,Update core.py,0.6666666666666667,5
13426,Update autogen.py,Naruu,97b27bfd,Update test_sequential_model.py,0.6666666666666667,17
13426,Update autogen.py,Naruu,a0c5f574,Update core.py,0.6666666666666667,5
13426,Update autogen.py,Naruu,688b898d,Update test_sequential_model.py,0.6666666666666667,17
13426,Update autogen.py,Naruu,7def993f,Update test_sequential_model.py,0.6666666666666667,17
13426,Update autogen.py,Naruu,c33a551f,Update test_sequential_model.py,0.6666666666666667,17
13426,Update autogen.py,Naruu,c6cf4425,Update core.py,0.6666666666666667,5
13426,Update autogen.py,Naruu,0d233b25,Update imdb_cnn_lstm.py,0.6666666666666667,12
13426,Update autogen.py,Naruu,e704e157,Update imdb_cnn_lstm.py,0.6666666666666667,12
13426,Update autogen.py,Naruu,11e4c4b9,Update optimizers.py,0.6666666666666667,8
13426,Update autogen.py,Naruu,d5cd2687,Update skipgram_word_embeddings.py,0.6666666666666667,20
13426,Update autogen.py,Naruu,eee20b46,Update callbacks.py,0.6666666666666667,8
13426,Update autogen.py,Naruu,9827db2c,Update callbacks.py,0.6666666666666667,8
13426,Update autogen.py,Naruu,98d49754,Update lstm_text_generation.py,0.6666666666666667,16
13426,Update autogen.py,Naruu,8213e515,Update noise.py,0.6666666666666667,6
13426,Update autogen.py,Naruu,0cae63ac,Update noise.py,0.6666666666666667,6
13426,Update autogen.py,Naruu,b0b3ff13,Update models.py,0.6666666666666667,6
13426,Update autogen.py,Naruu,ce209553,Update setup.py,0.6666666666666667,6
13422,Change `batch_size` descriptions to proper ones,EthanJYK,2b1f8ed2,Change `batch_size` descriptions to proper ones (#13422),0.9258200997725514,9
13421,Change description of `batch_size` to proper one,EthanJYK,2b1f8ed2,Change `batch_size` descriptions to proper ones (#13422),0.5714285714285714,34
13402,"tf.keras works, tf.python.keras doesn't",OverLordGoldDragon,dd69e39d,Merge branch 'tf-2' of github.com:keras-team/keras into tf-2,0.5298129428260175,42
13402,"tf.keras works, tf.python.keras doesn't",OverLordGoldDragon,286a208c,Merge branch 'tf-2' of github.com:keras-team/keras into tf-2,0.5298129428260175,42
13402,"tf.keras works, tf.python.keras doesn't",OverLordGoldDragon,7e5d34f2,Merge branch 'tf-2' of github.com:keras-team/keras into tf-2,0.5298129428260175,42
13401,fix: `recurrent_activation` parameter's docstring,andrewnaguib,481e99d6,fix: `recurrent_activation` parameter's docstring (#13401),0.9128709291752769,9
13373,Update local.py,Naruu,9a2b5092,Update setup.py,0.6666666666666667,5
13373,Update local.py,Naruu,e8946d52,Update np_utils.py (#13481),0.5773502691896258,16
13373,Update local.py,Naruu,4d59675b,Update core.py (#13472),0.5773502691896258,13
13373,Update local.py,Naruu,afff7b43,Update pooling.py (#13467),0.5773502691896258,15
13373,Update local.py,Naruu,e25f68dc,Update io_utils.py (#13429),0.5773502691896258,15
13373,Update local.py,Naruu,f242c642,Update autogen.py (#13426),0.5773502691896258,15
13373,Update local.py,Naruu,985521ee,Update local.py docstrings (#13373),0.7745966692414834,20
13373,Update local.py,Naruu,66455371,Update babi_rnn.py (#13263),0.5773502691896258,17
13373,Update local.py,Naruu,3bda5520,Update pretrained_word_embeddings.py (#13073),0.5773502691896258,34
13373,Update local.py,Naruu,b78e3ff9,Update conv_filter_visualization.py (#13032),0.5773502691896258,31
13373,Update local.py,Naruu,2b963e5a,[P] Update tensorflow_backend.py (#11294),0.5163977794943222,28
13373,Update local.py,Naruu,105f6e29,Update variational_autoencoder_deconv.py (#11081),0.5773502691896258,36
13373,Update local.py,Naruu,c8e3b601,Update cifar10_cnn_capsule.py (#10927),0.5773502691896258,25
13373,Update local.py,Naruu,6aace305,Update convolutional.py (#10452),0.5773502691896258,18
13373,Update local.py,Naruu,0511438e,Update cifar10_resnet.py (#10199),0.5773502691896258,22
13373,Update local.py,Naruu,2fbac5a7,Update backend_test.py (#9125),0.5773502691896258,19
13373,Update local.py,Naruu,311f4542,Update optimizers.py (#9067),0.5773502691896258,18
13373,Update local.py,Naruu,5e682520,Update tensorflow_backend.py (#8747),0.5773502691896258,23
13373,Update local.py,Naruu,9065eff2,Update training_utils.py (#8597),0.5773502691896258,21
13373,Update local.py,Naruu,8ac788a5,Update training.py (#7953),0.5773502691896258,16
13373,Update local.py,Naruu,295e4f80,Update lstm_benchmark.py (#6966),0.5773502691896258,19
13373,Update local.py,Naruu,ed9e8d2f,Update image.py (#6618),0.5773502691896258,13
13373,Update local.py,Naruu,1a0792ae,Update babi_memnn.py,0.6666666666666667,10
13373,Update local.py,Naruu,173a40dd,Update setup.py.,0.6666666666666667,6
13373,Update local.py,Naruu,14f35ab0,Update audio_conv_utils.py (#5301),0.5773502691896258,21
13373,Update local.py,Naruu,c57d1a32,Update audio_conv_utils.py (#5111),0.5773502691896258,21
13373,Update local.py,Naruu,50b4f7fa,Update recurrent.py. (#4970),0.5773502691896258,17
13373,Update local.py,Naruu,88b301f1,Update io_utils.py (#3577),0.5773502691896258,14
13373,Update local.py,Naruu,045d442f,Update scikit_learn.py (#3567),0.5773502691896258,19
13373,Update local.py,Naruu,f2786d9d,Update theano_backend.py (#3532),0.5773502691896258,20
13373,Update local.py,Naruu,65e4c8e7,Update lstm_text_generation.py (#3516),0.5773502691896258,26
13373,Update local.py,Naruu,a7156b8c,Update antirectifier.py (#2485),0.5773502691896258,20
13373,Update local.py,Naruu,55159cf4,Update topology.py (#2373),0.5773502691896258,14
13373,Update local.py,Naruu,50a0d1ca,Update topology.py (#2239),0.5773502691896258,14
13373,Update local.py,Naruu,404a30df,Update models.py,0.6666666666666667,4
13373,Update local.py,Naruu,f4af11c7,Update sequence.py,0.6666666666666667,8
13373,Update local.py,Naruu,80ddb5b3,Update core.py,0.6666666666666667,4
13373,Update local.py,Naruu,3ffba424,Update core.py,0.6666666666666667,4
13373,Update local.py,Naruu,73f1ef2e,Update activations.py,0.6666666666666667,10
13373,Update local.py,Naruu,bf2f64bf,Update core.py,0.6666666666666667,4
13373,Update local.py,Naruu,d02ea034,Update models.py,0.6666666666666667,4
13373,Update local.py,Naruu,64396172,Update layer_utils.py,0.6666666666666667,9
13373,Update local.py,Naruu,3c8618bb,Update core.py,0.6666666666666667,4
13373,Update local.py,Naruu,794c083f,Update containers.py,0.6666666666666667,8
13373,Update local.py,Naruu,775e91c5,Update core.py,0.6666666666666667,4
13373,Update local.py,Naruu,3e19b025,Update test_models.py,0.6666666666666667,9
13373,Update local.py,Naruu,f20383b7,Update containers.py,0.6666666666666667,8
13373,Update local.py,Naruu,5c83c699,Update containers.py,0.6666666666666667,8
13373,Update local.py,Naruu,f5d56fa2,Update test_models.py,0.6666666666666667,9
13373,Update local.py,Naruu,7fb4f4b0,Update core.py,0.6666666666666667,4
13373,Update local.py,Naruu,9620a497,Update core.py,0.6666666666666667,4
13373,Update local.py,Naruu,91965e8f,Update test_models.py,0.6666666666666667,9
13373,Update local.py,Naruu,92f2717c,Update test_models.py,0.6666666666666667,9
13373,Update local.py,Naruu,07723ccf,Update test_models.py,0.6666666666666667,9
13373,Update local.py,Naruu,652d61be,Update core.py,0.6666666666666667,4
13373,Update local.py,Naruu,9c3060d8,Update common.py,0.6666666666666667,5
13373,Update local.py,Naruu,d2a15040,Update core.py,0.6666666666666667,4
13373,Update local.py,Naruu,9c1afbb6,Update containers.py,0.6666666666666667,8
13373,Update local.py,Naruu,cbb9d001,Update core.py,0.6666666666666667,4
13373,Update local.py,Naruu,78c61c65,Update containers.py,0.6666666666666667,8
13373,Update local.py,Naruu,5c1e5d5e,Update core.py,0.6666666666666667,4
13373,Update local.py,Naruu,819f569c,Update babi_memnn.py,0.6666666666666667,10
13373,Update local.py,Naruu,d444b919,Update layer_utils.py,0.6666666666666667,9
13373,Update local.py,Naruu,747d4a30,Update ntm.py,0.6666666666666667,5
13373,Update local.py,Naruu,ab19cf7b,Update ntm.py,0.6666666666666667,5
13373,Update local.py,Naruu,6b8970ab,Update neural_turing_machine_copy.py,0.6666666666666667,24
13373,Update local.py,Naruu,bde97055,Update core.py,0.6666666666666667,4
13373,Update local.py,Naruu,2f8b351c,Update core.py,0.6666666666666667,4
13373,Update local.py,Naruu,8ee2ffd7,Update core.py,0.6666666666666667,4
13373,Update local.py,Naruu,fb24dc19,Update core.py,0.6666666666666667,4
13373,Update local.py,Naruu,0354e645,Update test_sequential_model.py,0.6666666666666667,18
13373,Update local.py,Naruu,fbe2ea65,Update core.py,0.6666666666666667,4
13373,Update local.py,Naruu,21dcabb6,Update test_sequential_model.py,0.6666666666666667,18
13373,Update local.py,Naruu,42a65d4b,Update core.py,0.6666666666666667,4
13373,Update local.py,Naruu,cb836091,Update core.py,0.6666666666666667,4
13373,Update local.py,Naruu,6a052477,Update core.py,0.6666666666666667,4
13373,Update local.py,Naruu,c015acb4,Update core.py,0.6666666666666667,4
13373,Update local.py,Naruu,feac8dba,Update test_sequential_model.py,0.6666666666666667,18
13373,Update local.py,Naruu,c140939c,Update core.py,0.6666666666666667,4
13373,Update local.py,Naruu,c90d2dfc,Update core.py,0.6666666666666667,4
13373,Update local.py,Naruu,29e788dc,Update test_sequential_model.py,0.6666666666666667,18
13373,Update local.py,Naruu,07f8cef2,Update core.py,0.6666666666666667,4
13373,Update local.py,Naruu,a069161d,Update test_sequential_model.py,0.6666666666666667,18
13373,Update local.py,Naruu,0fab8ac3,Update test_sequential_model.py,0.6666666666666667,18
13373,Update local.py,Naruu,15b84d37,Update core.py,0.6666666666666667,4
13373,Update local.py,Naruu,97b27bfd,Update test_sequential_model.py,0.6666666666666667,18
13373,Update local.py,Naruu,a0c5f574,Update core.py,0.6666666666666667,4
13373,Update local.py,Naruu,688b898d,Update test_sequential_model.py,0.6666666666666667,18
13373,Update local.py,Naruu,7def993f,Update test_sequential_model.py,0.6666666666666667,18
13373,Update local.py,Naruu,c33a551f,Update test_sequential_model.py,0.6666666666666667,18
13373,Update local.py,Naruu,c6cf4425,Update core.py,0.6666666666666667,4
13373,Update local.py,Naruu,0d233b25,Update imdb_cnn_lstm.py,0.6666666666666667,11
13373,Update local.py,Naruu,e704e157,Update imdb_cnn_lstm.py,0.6666666666666667,11
13373,Update local.py,Naruu,11e4c4b9,Update optimizers.py,0.6666666666666667,10
13373,Update local.py,Naruu,d5cd2687,Update skipgram_word_embeddings.py,0.6666666666666667,23
13373,Update local.py,Naruu,eee20b46,Update callbacks.py,0.6666666666666667,7
13373,Update local.py,Naruu,9827db2c,Update callbacks.py,0.6666666666666667,7
13373,Update local.py,Naruu,98d49754,Update lstm_text_generation.py,0.6666666666666667,18
13373,Update local.py,Naruu,8213e515,Update noise.py,0.6666666666666667,4
13373,Update local.py,Naruu,0cae63ac,Update noise.py,0.6666666666666667,4
13373,Update local.py,Naruu,b0b3ff13,Update models.py,0.6666666666666667,4
13373,Update local.py,Naruu,ce209553,Update setup.py,0.6666666666666667,5
13355,Fix encoding error,fuzzythecat,9ad5a18f,Fix encoding error (#13355),0.8660254037844387,9
13355,Fix encoding error,fuzzythecat,2ccb69df,Fix,0.5773502691896258,15
13355,Fix encoding error,fuzzythecat,0a7be873,Fix some syntax error,0.5773502691896258,10
13355,Fix encoding error,fuzzythecat,5fcd832b,Fix small doc error (#10453),0.5163977794943222,18
13355,Fix encoding error,fuzzythecat,75519651,Fix error in test_saving_without_compilation (#6504),0.5163977794943222,42
13355,Fix encoding error,fuzzythecat,9683998b,Fix PEP8 error.,0.6666666666666667,9
13355,Fix encoding error,fuzzythecat,a08995a9,Fix common LaTeX encoding issue,0.5163977794943222,18
13355,Fix encoding error,fuzzythecat,2161910a,Fix floatx encoding on Python3,0.5163977794943222,16
13355,Fix encoding error,fuzzythecat,90577009,Fix recurrent batch_input_shape error message,0.5163977794943222,30
13355,Fix encoding error,fuzzythecat,d7e0ba1c,Fix,0.5773502691896258,15
13355,Fix encoding error,fuzzythecat,c61c4ed8,Fix sequence.py encoding,0.5773502691896258,15
13339,Correct spelling mistake,shivdhar,4f94a15e,Correct spelling mistake (#13339),0.8660254037844387,9
13334,Add a link to the metrics document,EthanJYK,8a8ef43f,Add a link to the metrics document (#13334),0.9354143466934852,9
13334,Add a link to the metrics document,EthanJYK,06d78027,Add link to tutorial,0.5669467095138409,19
13334,Add a link to the metrics document,EthanJYK,cad3d1e7,[Performance] Add a manager to share the sequence (#7256),0.5039526306789696,40
13334,Add a link to the metrics document,EthanJYK,e52740f0,Add Gitter link to README,0.5070925528371099,24
13327,Update cifar10_cnn.py,Denny-Hwang,9a2b5092,Update setup.py,0.6666666666666667,11
13327,Update cifar10_cnn.py,Denny-Hwang,e8946d52,Update np_utils.py (#13481),0.5773502691896258,19
13327,Update cifar10_cnn.py,Denny-Hwang,4d59675b,Update core.py (#13472),0.5773502691896258,15
13327,Update cifar10_cnn.py,Denny-Hwang,afff7b43,Update pooling.py (#13467),0.5773502691896258,18
13327,Update cifar10_cnn.py,Denny-Hwang,e25f68dc,Update io_utils.py (#13429),0.5773502691896258,19
13327,Update cifar10_cnn.py,Denny-Hwang,f242c642,Update autogen.py (#13426),0.5773502691896258,18
13327,Update cifar10_cnn.py,Denny-Hwang,985521ee,Update local.py docstrings (#13373),0.5163977794943222,25
13327,Update cifar10_cnn.py,Denny-Hwang,66455371,Update babi_rnn.py (#13263),0.5773502691896258,16
13327,Update cifar10_cnn.py,Denny-Hwang,3bda5520,Update pretrained_word_embeddings.py (#13073),0.5773502691896258,32
13327,Update cifar10_cnn.py,Denny-Hwang,b78e3ff9,Update conv_filter_visualization.py (#13032),0.5773502691896258,30
13327,Update cifar10_cnn.py,Denny-Hwang,2b963e5a,[P] Update tensorflow_backend.py (#11294),0.5163977794943222,27
13327,Update cifar10_cnn.py,Denny-Hwang,105f6e29,Update variational_autoencoder_deconv.py (#11081),0.5773502691896258,34
13327,Update cifar10_cnn.py,Denny-Hwang,c8e3b601,Update cifar10_cnn_capsule.py (#10927),0.5773502691896258,17
13327,Update cifar10_cnn.py,Denny-Hwang,6aace305,Update convolutional.py (#10452),0.5773502691896258,20
13327,Update cifar10_cnn.py,Denny-Hwang,0511438e,Update cifar10_resnet.py (#10199),0.5773502691896258,14
13327,Update cifar10_cnn.py,Denny-Hwang,2fbac5a7,Update backend_test.py (#9125),0.5773502691896258,19
13327,Update cifar10_cnn.py,Denny-Hwang,311f4542,Update optimizers.py (#9067),0.5773502691896258,19
13327,Update cifar10_cnn.py,Denny-Hwang,5e682520,Update tensorflow_backend.py (#8747),0.5773502691896258,22
13327,Update cifar10_cnn.py,Denny-Hwang,9065eff2,Update training_utils.py (#8597),0.5773502691896258,21
13327,Update cifar10_cnn.py,Denny-Hwang,8ac788a5,Update training.py (#7953),0.5773502691896258,17
13327,Update cifar10_cnn.py,Denny-Hwang,295e4f80,Update lstm_benchmark.py (#6966),0.5773502691896258,21
13327,Update cifar10_cnn.py,Denny-Hwang,ed9e8d2f,Update image.py (#6618),0.5773502691896258,15
13327,Update cifar10_cnn.py,Denny-Hwang,1a0792ae,Update babi_memnn.py,0.6666666666666667,9
13327,Update cifar10_cnn.py,Denny-Hwang,173a40dd,Update setup.py.,0.6666666666666667,12
13327,Update cifar10_cnn.py,Denny-Hwang,14f35ab0,Update audio_conv_utils.py (#5301),0.5773502691896258,22
13327,Update cifar10_cnn.py,Denny-Hwang,c57d1a32,Update audio_conv_utils.py (#5111),0.5773502691896258,22
13327,Update cifar10_cnn.py,Denny-Hwang,50b4f7fa,Update recurrent.py. (#4970),0.5773502691896258,18
13327,Update cifar10_cnn.py,Denny-Hwang,88b301f1,Update io_utils.py (#3577),0.5773502691896258,18
13327,Update cifar10_cnn.py,Denny-Hwang,045d442f,Update scikit_learn.py (#3567),0.5773502691896258,17
13327,Update cifar10_cnn.py,Denny-Hwang,f2786d9d,Update theano_backend.py (#3532),0.5773502691896258,19
13327,Update cifar10_cnn.py,Denny-Hwang,65e4c8e7,Update lstm_text_generation.py (#3516),0.5773502691896258,25
13327,Update cifar10_cnn.py,Denny-Hwang,a7156b8c,Update antirectifier.py (#2485),0.5773502691896258,20
13327,Update cifar10_cnn.py,Denny-Hwang,55159cf4,Update topology.py (#2373),0.5773502691896258,19
13327,Update cifar10_cnn.py,Denny-Hwang,50a0d1ca,Update topology.py (#2239),0.5773502691896258,19
13327,Update cifar10_cnn.py,Denny-Hwang,404a30df,Update models.py,0.6666666666666667,11
13327,Update cifar10_cnn.py,Denny-Hwang,f4af11c7,Update sequence.py,0.6666666666666667,10
13327,Update cifar10_cnn.py,Denny-Hwang,80ddb5b3,Update core.py,0.6666666666666667,9
13327,Update cifar10_cnn.py,Denny-Hwang,3ffba424,Update core.py,0.6666666666666667,9
13327,Update cifar10_cnn.py,Denny-Hwang,73f1ef2e,Update activations.py,0.6666666666666667,9
13327,Update cifar10_cnn.py,Denny-Hwang,bf2f64bf,Update core.py,0.6666666666666667,9
13327,Update cifar10_cnn.py,Denny-Hwang,d02ea034,Update models.py,0.6666666666666667,11
13327,Update cifar10_cnn.py,Denny-Hwang,64396172,Update layer_utils.py,0.6666666666666667,10
13327,Update cifar10_cnn.py,Denny-Hwang,3c8618bb,Update core.py,0.6666666666666667,9
13327,Update cifar10_cnn.py,Denny-Hwang,794c083f,Update containers.py,0.6666666666666667,10
13327,Update cifar10_cnn.py,Denny-Hwang,775e91c5,Update core.py,0.6666666666666667,9
13327,Update cifar10_cnn.py,Denny-Hwang,3e19b025,Update test_models.py,0.6666666666666667,11
13327,Update cifar10_cnn.py,Denny-Hwang,f20383b7,Update containers.py,0.6666666666666667,10
13327,Update cifar10_cnn.py,Denny-Hwang,5c83c699,Update containers.py,0.6666666666666667,10
13327,Update cifar10_cnn.py,Denny-Hwang,f5d56fa2,Update test_models.py,0.6666666666666667,11
13327,Update cifar10_cnn.py,Denny-Hwang,7fb4f4b0,Update core.py,0.6666666666666667,9
13327,Update cifar10_cnn.py,Denny-Hwang,9620a497,Update core.py,0.6666666666666667,9
13327,Update cifar10_cnn.py,Denny-Hwang,91965e8f,Update test_models.py,0.6666666666666667,11
13327,Update cifar10_cnn.py,Denny-Hwang,92f2717c,Update test_models.py,0.6666666666666667,11
13327,Update cifar10_cnn.py,Denny-Hwang,07723ccf,Update test_models.py,0.6666666666666667,11
13327,Update cifar10_cnn.py,Denny-Hwang,652d61be,Update core.py,0.6666666666666667,9
13327,Update cifar10_cnn.py,Denny-Hwang,9c3060d8,Update common.py,0.6666666666666667,9
13327,Update cifar10_cnn.py,Denny-Hwang,d2a15040,Update core.py,0.6666666666666667,9
13327,Update cifar10_cnn.py,Denny-Hwang,9c1afbb6,Update containers.py,0.6666666666666667,10
13327,Update cifar10_cnn.py,Denny-Hwang,cbb9d001,Update core.py,0.6666666666666667,9
13327,Update cifar10_cnn.py,Denny-Hwang,78c61c65,Update containers.py,0.6666666666666667,10
13327,Update cifar10_cnn.py,Denny-Hwang,5c1e5d5e,Update core.py,0.6666666666666667,9
13327,Update cifar10_cnn.py,Denny-Hwang,819f569c,Update babi_memnn.py,0.6666666666666667,9
13327,Update cifar10_cnn.py,Denny-Hwang,d444b919,Update layer_utils.py,0.6666666666666667,10
13327,Update cifar10_cnn.py,Denny-Hwang,747d4a30,Update ntm.py,0.6666666666666667,11
13327,Update cifar10_cnn.py,Denny-Hwang,ab19cf7b,Update ntm.py,0.6666666666666667,11
13327,Update cifar10_cnn.py,Denny-Hwang,6b8970ab,Update neural_turing_machine_copy.py,0.6666666666666667,21
13327,Update cifar10_cnn.py,Denny-Hwang,bde97055,Update core.py,0.6666666666666667,9
13327,Update cifar10_cnn.py,Denny-Hwang,2f8b351c,Update core.py,0.6666666666666667,9
13327,Update cifar10_cnn.py,Denny-Hwang,8ee2ffd7,Update core.py,0.6666666666666667,9
13327,Update cifar10_cnn.py,Denny-Hwang,fb24dc19,Update core.py,0.6666666666666667,9
13327,Update cifar10_cnn.py,Denny-Hwang,0354e645,Update test_sequential_model.py,0.6666666666666667,20
13327,Update cifar10_cnn.py,Denny-Hwang,fbe2ea65,Update core.py,0.6666666666666667,9
13327,Update cifar10_cnn.py,Denny-Hwang,21dcabb6,Update test_sequential_model.py,0.6666666666666667,20
13327,Update cifar10_cnn.py,Denny-Hwang,42a65d4b,Update core.py,0.6666666666666667,9
13327,Update cifar10_cnn.py,Denny-Hwang,cb836091,Update core.py,0.6666666666666667,9
13327,Update cifar10_cnn.py,Denny-Hwang,6a052477,Update core.py,0.6666666666666667,9
13327,Update cifar10_cnn.py,Denny-Hwang,c015acb4,Update core.py,0.6666666666666667,9
13327,Update cifar10_cnn.py,Denny-Hwang,feac8dba,Update test_sequential_model.py,0.6666666666666667,20
13327,Update cifar10_cnn.py,Denny-Hwang,c140939c,Update core.py,0.6666666666666667,9
13327,Update cifar10_cnn.py,Denny-Hwang,c90d2dfc,Update core.py,0.6666666666666667,9
13327,Update cifar10_cnn.py,Denny-Hwang,29e788dc,Update test_sequential_model.py,0.6666666666666667,20
13327,Update cifar10_cnn.py,Denny-Hwang,07f8cef2,Update core.py,0.6666666666666667,9
13327,Update cifar10_cnn.py,Denny-Hwang,a069161d,Update test_sequential_model.py,0.6666666666666667,20
13327,Update cifar10_cnn.py,Denny-Hwang,0fab8ac3,Update test_sequential_model.py,0.6666666666666667,20
13327,Update cifar10_cnn.py,Denny-Hwang,15b84d37,Update core.py,0.6666666666666667,9
13327,Update cifar10_cnn.py,Denny-Hwang,97b27bfd,Update test_sequential_model.py,0.6666666666666667,20
13327,Update cifar10_cnn.py,Denny-Hwang,a0c5f574,Update core.py,0.6666666666666667,9
13327,Update cifar10_cnn.py,Denny-Hwang,688b898d,Update test_sequential_model.py,0.6666666666666667,20
13327,Update cifar10_cnn.py,Denny-Hwang,7def993f,Update test_sequential_model.py,0.6666666666666667,20
13327,Update cifar10_cnn.py,Denny-Hwang,c33a551f,Update test_sequential_model.py,0.6666666666666667,20
13327,Update cifar10_cnn.py,Denny-Hwang,c6cf4425,Update core.py,0.6666666666666667,9
13327,Update cifar10_cnn.py,Denny-Hwang,0d233b25,Update imdb_cnn_lstm.py,0.6666666666666667,11
13327,Update cifar10_cnn.py,Denny-Hwang,e704e157,Update imdb_cnn_lstm.py,0.6666666666666667,11
13327,Update cifar10_cnn.py,Denny-Hwang,11e4c4b9,Update optimizers.py,0.6666666666666667,11
13327,Update cifar10_cnn.py,Denny-Hwang,d5cd2687,Update skipgram_word_embeddings.py,0.6666666666666667,20
13327,Update cifar10_cnn.py,Denny-Hwang,eee20b46,Update callbacks.py,0.6666666666666667,8
13327,Update cifar10_cnn.py,Denny-Hwang,9827db2c,Update callbacks.py,0.6666666666666667,8
13327,Update cifar10_cnn.py,Denny-Hwang,98d49754,Update lstm_text_generation.py,0.6666666666666667,17
13327,Update cifar10_cnn.py,Denny-Hwang,8213e515,Update noise.py,0.6666666666666667,11
13327,Update cifar10_cnn.py,Denny-Hwang,0cae63ac,Update noise.py,0.6666666666666667,11
13327,Update cifar10_cnn.py,Denny-Hwang,b0b3ff13,Update models.py,0.6666666666666667,11
13327,Update cifar10_cnn.py,Denny-Hwang,ce209553,Update setup.py,0.6666666666666667,11
13322,Fix sequence timeout deadlock,andreyz4k,cf9595ae,Fix sequence timeout deadlock (#13322),0.8944271909999159,9
13322,Fix sequence timeout deadlock,andreyz4k,2ccb69df,Fix,0.5,26
13322,Fix sequence timeout deadlock,andreyz4k,4b74fc54,Fix sequence bug (#9513),0.5,14
13322,Fix sequence timeout deadlock,andreyz4k,d7e0ba1c,Fix,0.5,26
13322,Fix sequence timeout deadlock,andreyz4k,c61c4ed8,Fix sequence.py encoding,0.5,15
13219,Huge differences in prediction between versions of Keras (1.2.2 & 2.0.4) - Possible bug?,Psychotechnopath,1931e218,Prepare 2.2.4 release.,0.5640760748177662,74
13219,Huge differences in prediction between versions of Keras (1.2.2 & 2.0.4) - Possible bug?,Psychotechnopath,eb2c1fdc,Prepare 2.2.1 release.,0.5640760748177662,75
13219,Huge differences in prediction between versions of Keras (1.2.2 & 2.0.4) - Possible bug?,Psychotechnopath,4e829712,Update docs for 2.2.0.,0.5276448530110863,71
13219,Huge differences in prediction between versions of Keras (1.2.2 & 2.0.4) - Possible bug?,Psychotechnopath,9a58f7b2,Prepare 2.2.0 release.,0.5640760748177662,74
13219,Huge differences in prediction between versions of Keras (1.2.2 & 2.0.4) - Possible bug?,Psychotechnopath,26d5e100,Prepare 2.1.2 release,0.5640760748177662,76
13138,RNN initial state: bug fix + suppress false warning,farizrahman4u,c10d2495,RNN initial state: bug fix + suppress false warning (#13138),0.9428090415820632,9
12675,change plot_model to fully support plotting submodel and fix bugs,ccgccc,f69e046e,[P] change plot_model to fully support plotting submodel and fix bugs (#12675),0.9128709291752769,13
12618,Fix a minor bug in the VAE example,BiggerHao,d7ea34fc,Fix a bug (#12618),0.5303300858899106,24
12618,Fix a minor bug in the VAE example,BiggerHao,4b9ba1b3,Fixing minor bug in pretrained_word_embeddings example (#9438),0.5345224838248487,35
12618,Fix a minor bug in the VAE example,BiggerHao,21bf90cb,Fix bug in convlstm.,0.5303300858899106,22
12618,Fix a minor bug in the VAE example,BiggerHao,a0a0d426,Fix example in doc,0.5303300858899106,26
12618,Fix a minor bug in the VAE example,BiggerHao,e0255441,Fix example in doc,0.5303300858899106,26
12618,Fix a minor bug in the VAE example,BiggerHao,02ff1d44,Fix style in example,0.5303300858899106,19
12618,Fix a minor bug in the VAE example,BiggerHao,59bd2476,Fix VAE example (#3220),0.5303300858899106,27
12618,Fix a minor bug in the VAE example,BiggerHao,d49baf1b,Fix example in FAQ,0.5303300858899106,25
12205,Fix clone_model,Mistariano,2ccb69df,Fix,0.7071067811865475,12
12205,Fix clone_model,Mistariano,c13d2723,[P?] Fix clone_model (#12205),0.7071067811865475,14
12205,Fix clone_model,Mistariano,d7e0ba1c,Fix,0.7071067811865475,12
12106,Update optimizers.py,noamwies,9a2b5092,Update setup.py,0.6666666666666667,9
12106,Update optimizers.py,noamwies,e8946d52,Update np_utils.py (#13481),0.5773502691896258,16
12106,Update optimizers.py,noamwies,4d59675b,Update core.py (#13472),0.5773502691896258,15
12106,Update optimizers.py,noamwies,afff7b43,Update pooling.py (#13467),0.5773502691896258,17
12106,Update optimizers.py,noamwies,e25f68dc,Update io_utils.py (#13429),0.5773502691896258,17
12106,Update optimizers.py,noamwies,f242c642,Update autogen.py (#13426),0.5773502691896258,17
12106,Update optimizers.py,noamwies,985521ee,Update local.py docstrings (#13373),0.5163977794943222,24
12106,Update optimizers.py,noamwies,66455371,Update babi_rnn.py (#13263),0.5773502691896258,18
12106,Update optimizers.py,noamwies,54462554,Update optimizers for TF2. (#13246),0.5163977794943222,17
12106,Update optimizers.py,noamwies,3bda5520,Update pretrained_word_embeddings.py (#13073),0.5773502691896258,30
12106,Update optimizers.py,noamwies,b78e3ff9,Update conv_filter_visualization.py (#13032),0.5773502691896258,29
12106,Update optimizers.py,noamwies,2b963e5a,[P] Update tensorflow_backend.py (#11294),0.5163977794943222,29
12106,Update optimizers.py,noamwies,105f6e29,Update variational_autoencoder_deconv.py (#11081),0.5773502691896258,35
12106,Update optimizers.py,noamwies,c8e3b601,Update cifar10_cnn_capsule.py (#10927),0.5773502691896258,27
12106,Update optimizers.py,noamwies,6aace305,Update convolutional.py (#10452),0.5773502691896258,20
12106,Update optimizers.py,noamwies,0511438e,Update cifar10_resnet.py (#10199),0.5773502691896258,21
12106,Update optimizers.py,noamwies,2fbac5a7,Update backend_test.py (#9125),0.5773502691896258,19
12106,Update optimizers.py,noamwies,311f4542,Update optimizers.py (#9067),0.8660254037844387,8
12106,Update optimizers.py,noamwies,5e682520,Update tensorflow_backend.py (#8747),0.5773502691896258,24
12106,Update optimizers.py,noamwies,9065eff2,Update training_utils.py (#8597),0.5773502691896258,19
12106,Update optimizers.py,noamwies,8ac788a5,Update training.py (#7953),0.5773502691896258,16
12106,Update optimizers.py,noamwies,295e4f80,Update lstm_benchmark.py (#6966),0.5773502691896258,19
12106,Update optimizers.py,noamwies,ed9e8d2f,Update image.py (#6618),0.5773502691896258,15
12106,Update optimizers.py,noamwies,1a0792ae,Update babi_memnn.py,0.6666666666666667,9
12106,Update optimizers.py,noamwies,173a40dd,Update setup.py.,0.6666666666666667,10
12106,Update optimizers.py,noamwies,14f35ab0,Update audio_conv_utils.py (#5301),0.5773502691896258,22
12106,Update optimizers.py,noamwies,c57d1a32,Update audio_conv_utils.py (#5111),0.5773502691896258,22
12106,Update optimizers.py,noamwies,50b4f7fa,Update recurrent.py. (#4970),0.5773502691896258,18
12106,Update optimizers.py,noamwies,88b301f1,Update io_utils.py (#3577),0.5773502691896258,16
12106,Update optimizers.py,noamwies,045d442f,Update scikit_learn.py (#3567),0.5773502691896258,17
12106,Update optimizers.py,noamwies,f2786d9d,Update theano_backend.py (#3532),0.5773502691896258,21
12106,Update optimizers.py,noamwies,65e4c8e7,Update lstm_text_generation.py (#3516),0.5773502691896258,25
12106,Update optimizers.py,noamwies,d68c0bd7,Update optimizers docs,0.6666666666666667,5
12106,Update optimizers.py,noamwies,a7156b8c,Update antirectifier.py (#2485),0.5773502691896258,17
12106,Update optimizers.py,noamwies,55159cf4,Update topology.py (#2373),0.5773502691896258,17
12106,Update optimizers.py,noamwies,50a0d1ca,Update topology.py (#2239),0.5773502691896258,17
12106,Update optimizers.py,noamwies,404a30df,Update models.py,0.6666666666666667,7
12106,Update optimizers.py,noamwies,f4af11c7,Update sequence.py,0.6666666666666667,9
12106,Update optimizers.py,noamwies,80ddb5b3,Update core.py,0.6666666666666667,9
12106,Update optimizers.py,noamwies,3ffba424,Update core.py,0.6666666666666667,9
12106,Update optimizers.py,noamwies,73f1ef2e,Update activations.py,0.6666666666666667,8
12106,Update optimizers.py,noamwies,bf2f64bf,Update core.py,0.6666666666666667,9
12106,Update optimizers.py,noamwies,d02ea034,Update models.py,0.6666666666666667,7
12106,Update optimizers.py,noamwies,64396172,Update layer_utils.py,0.6666666666666667,10
12106,Update optimizers.py,noamwies,3c8618bb,Update core.py,0.6666666666666667,9
12106,Update optimizers.py,noamwies,794c083f,Update containers.py,0.6666666666666667,5
12106,Update optimizers.py,noamwies,775e91c5,Update core.py,0.6666666666666667,9
12106,Update optimizers.py,noamwies,3e19b025,Update test_models.py,0.6666666666666667,7
12106,Update optimizers.py,noamwies,f20383b7,Update containers.py,0.6666666666666667,5
12106,Update optimizers.py,noamwies,5c83c699,Update containers.py,0.6666666666666667,5
12106,Update optimizers.py,noamwies,f5d56fa2,Update test_models.py,0.6666666666666667,7
12106,Update optimizers.py,noamwies,7fb4f4b0,Update core.py,0.6666666666666667,9
12106,Update optimizers.py,noamwies,9620a497,Update core.py,0.6666666666666667,9
12106,Update optimizers.py,noamwies,91965e8f,Update test_models.py,0.6666666666666667,7
12106,Update optimizers.py,noamwies,92f2717c,Update test_models.py,0.6666666666666667,7
12106,Update optimizers.py,noamwies,07723ccf,Update test_models.py,0.6666666666666667,7
12106,Update optimizers.py,noamwies,652d61be,Update core.py,0.6666666666666667,9
12106,Update optimizers.py,noamwies,9c3060d8,Update common.py,0.6666666666666667,9
12106,Update optimizers.py,noamwies,d2a15040,Update core.py,0.6666666666666667,9
12106,Update optimizers.py,noamwies,9c1afbb6,Update containers.py,0.6666666666666667,5
12106,Update optimizers.py,noamwies,cbb9d001,Update core.py,0.6666666666666667,9
12106,Update optimizers.py,noamwies,78c61c65,Update containers.py,0.6666666666666667,5
12106,Update optimizers.py,noamwies,5c1e5d5e,Update core.py,0.6666666666666667,9
12106,Update optimizers.py,noamwies,819f569c,Update babi_memnn.py,0.6666666666666667,9
12106,Update optimizers.py,noamwies,d444b919,Update layer_utils.py,0.6666666666666667,10
12106,Update optimizers.py,noamwies,747d4a30,Update ntm.py,0.6666666666666667,8
12106,Update optimizers.py,noamwies,ab19cf7b,Update ntm.py,0.6666666666666667,8
12106,Update optimizers.py,noamwies,6b8970ab,Update neural_turing_machine_copy.py,0.6666666666666667,21
12106,Update optimizers.py,noamwies,bde97055,Update core.py,0.6666666666666667,9
12106,Update optimizers.py,noamwies,2f8b351c,Update core.py,0.6666666666666667,9
12106,Update optimizers.py,noamwies,8ee2ffd7,Update core.py,0.6666666666666667,9
12106,Update optimizers.py,noamwies,fb24dc19,Update core.py,0.6666666666666667,9
12106,Update optimizers.py,noamwies,0354e645,Update test_sequential_model.py,0.6666666666666667,18
12106,Update optimizers.py,noamwies,fbe2ea65,Update core.py,0.6666666666666667,9
12106,Update optimizers.py,noamwies,21dcabb6,Update test_sequential_model.py,0.6666666666666667,18
12106,Update optimizers.py,noamwies,42a65d4b,Update core.py,0.6666666666666667,9
12106,Update optimizers.py,noamwies,cb836091,Update core.py,0.6666666666666667,9
12106,Update optimizers.py,noamwies,6a052477,Update core.py,0.6666666666666667,9
12106,Update optimizers.py,noamwies,c015acb4,Update core.py,0.6666666666666667,9
12106,Update optimizers.py,noamwies,feac8dba,Update test_sequential_model.py,0.6666666666666667,18
12106,Update optimizers.py,noamwies,c140939c,Update core.py,0.6666666666666667,9
12106,Update optimizers.py,noamwies,c90d2dfc,Update core.py,0.6666666666666667,9
12106,Update optimizers.py,noamwies,29e788dc,Update test_sequential_model.py,0.6666666666666667,18
12106,Update optimizers.py,noamwies,07f8cef2,Update core.py,0.6666666666666667,9
12106,Update optimizers.py,noamwies,a069161d,Update test_sequential_model.py,0.6666666666666667,18
12106,Update optimizers.py,noamwies,0fab8ac3,Update test_sequential_model.py,0.6666666666666667,18
12106,Update optimizers.py,noamwies,15b84d37,Update core.py,0.6666666666666667,9
12106,Update optimizers.py,noamwies,97b27bfd,Update test_sequential_model.py,0.6666666666666667,18
12106,Update optimizers.py,noamwies,a0c5f574,Update core.py,0.6666666666666667,9
12106,Update optimizers.py,noamwies,688b898d,Update test_sequential_model.py,0.6666666666666667,18
12106,Update optimizers.py,noamwies,7def993f,Update test_sequential_model.py,0.6666666666666667,18
12106,Update optimizers.py,noamwies,c33a551f,Update test_sequential_model.py,0.6666666666666667,18
12106,Update optimizers.py,noamwies,c6cf4425,Update core.py,0.6666666666666667,9
12106,Update optimizers.py,noamwies,0d233b25,Update imdb_cnn_lstm.py,0.6666666666666667,12
12106,Update optimizers.py,noamwies,e704e157,Update imdb_cnn_lstm.py,0.6666666666666667,12
12106,Update optimizers.py,noamwies,11e4c4b9,Update optimizers.py,1.0000000000000002,0
12106,Update optimizers.py,noamwies,d5cd2687,Update skipgram_word_embeddings.py,0.6666666666666667,20
12106,Update optimizers.py,noamwies,eee20b46,Update callbacks.py,0.6666666666666667,9
12106,Update optimizers.py,noamwies,9827db2c,Update callbacks.py,0.6666666666666667,9
12106,Update optimizers.py,noamwies,98d49754,Update lstm_text_generation.py,0.6666666666666667,17
12106,Update optimizers.py,noamwies,8213e515,Update noise.py,0.6666666666666667,8
12106,Update optimizers.py,noamwies,0cae63ac,Update noise.py,0.6666666666666667,8
12106,Update optimizers.py,noamwies,b0b3ff13,Update models.py,0.6666666666666667,7
12106,Update optimizers.py,noamwies,ce209553,Update setup.py,0.6666666666666667,9
12069,Callback warning error,psinger,1400e7b3,fixed callback warning error (#12098),0.5163977794943222,16
12007,Fix Arguments display in Docs,RaphaelMeudec,05053937,Fix Arguments display in Docs (#12007),0.9128709291752769,9
11924,Fix function 'get_file()' is inconsistent with keras backend when 'KERAS_HOME' is not `~/.keras`,stanpcf,e11c48d9,Fix function 'get_file()' is inconsistent with keras backend when 'KERAS_HOME' is not `~/.keras` (#11924),0.9718253158075502,9
11847,Fix bug for save nested models with shared parameters.,adriaciurana,b92cec3d,Fix for nested models,0.6666666666666666,33
11829,Removed a useless check which can cause an infinite loop.,gabrieldemarmiesse,78e930b6,Removed check which can cause an infinite look. (#11829),0.7378647873726218,20
11696,Fixing a confusing URL faliure error message in get_file() exception …,OmarGhoneim,2b831d5b,Fixing a confusing URL faliure error message in get_file() exception handler (#11696),0.9128709291752769,16
11681,Fix bug in sparse_top_k_categorical_accuracy,KonstZ,2ccb69df,Fix,0.5,41
11681,Fix bug in sparse_top_k_categorical_accuracy,KonstZ,2a76796d,Fix equality in strings,0.5,35
11681,Fix bug in sparse_top_k_categorical_accuracy,KonstZ,d7ea34fc,Fix a bug (#12618),0.5,38
11681,Fix bug in sparse_top_k_categorical_accuracy,KonstZ,6dff721a, Fix bug in sparse_categorical_accuracy  (#11373),0.6708203932499369,17
11681,Fix bug in sparse_top_k_categorical_accuracy,KonstZ,02bc5010,Fix bug in sparse_top_k_categorical_accuracy (#11196),0.8944271909999159,9
11681,Fix bug in sparse_top_k_categorical_accuracy,KonstZ,cd22c5a5,Fix bug in dilated conv for CNTK (#11125),0.5303300858899106,31
11681,Fix bug in sparse_top_k_categorical_accuracy,KonstZ,4b74fc54,Fix sequence bug (#9513),0.5,36
11681,Fix bug in sparse_top_k_categorical_accuracy,KonstZ,b00ec66b,Fix typo in comment,0.5,35
11681,Fix bug in sparse_top_k_categorical_accuracy,KonstZ,7a5e391c,Fix docstring in inception_resnet_v2,0.5,35
11681,Fix bug in sparse_top_k_categorical_accuracy,KonstZ,f4cf2586,Fix typo in docs.,0.5,35
11681,Fix bug in sparse_top_k_categorical_accuracy,KonstZ,5672db9b,Fix typo in docstring.,0.5,32
11681,Fix bug in sparse_top_k_categorical_accuracy,KonstZ,1ddf2352,Fix bug in `preprocess_weights_for_loading`  (#6960),0.6708203932499369,34
11681,Fix bug in sparse_top_k_categorical_accuracy,KonstZ,7f09d45e,Fix typo in docstring,0.5,32
11681,Fix bug in sparse_top_k_categorical_accuracy,KonstZ,24db6bfa,Fix in ZeroPadding3D (#6574),0.5,33
11681,Fix bug in sparse_top_k_categorical_accuracy,KonstZ,21bf90cb,Fix bug in convlstm.,0.75,30
11681,Fix bug in sparse_top_k_categorical_accuracy,KonstZ,d72514d6,Fix activity_regularizer in convlstm.,0.5,35
11681,Fix bug in sparse_top_k_categorical_accuracy,KonstZ,a0a0d426,Fix example in doc,0.5,35
11681,Fix bug in sparse_top_k_categorical_accuracy,KonstZ,e0255441,Fix example in doc,0.5,35
11681,Fix bug in sparse_top_k_categorical_accuracy,KonstZ,02ff1d44,Fix style in example,0.5,35
11681,Fix bug in sparse_top_k_categorical_accuracy,KonstZ,2a4492d7,Fix typo in docs,0.5,35
11681,Fix bug in sparse_top_k_categorical_accuracy,KonstZ,ded23f14,Fix typo in docs,0.5,35
11681,Fix bug in sparse_top_k_categorical_accuracy,KonstZ,c5e2116e,Fix typo in doc,0.5,35
11681,Fix bug in sparse_top_k_categorical_accuracy,KonstZ,b74118a7,Fix typo in documentation,0.5,32
11681,Fix bug in sparse_top_k_categorical_accuracy,KonstZ,bd2bd51b,Fix typo in README,0.5,36
11681,Fix bug in sparse_top_k_categorical_accuracy,KonstZ,e341e73c,Fix Dropout in RNNs,0.5,35
11681,Fix bug in sparse_top_k_categorical_accuracy,KonstZ,9ad5ed81,Fix indentation in code examples in docs,0.5,35
11681,Fix bug in sparse_top_k_categorical_accuracy,KonstZ,ecdce975,Fix inaccuracy in FAQ,0.5,34
11681,Fix bug in sparse_top_k_categorical_accuracy,KonstZ,ac773ed2,Fix masking in RNNs,0.5,35
11681,Fix bug in sparse_top_k_categorical_accuracy,KonstZ,d49baf1b,Fix example in FAQ,0.5,36
11681,Fix bug in sparse_top_k_categorical_accuracy,KonstZ,61b30997,Fix epsilon in objectives,0.5,35
11681,Fix bug in sparse_top_k_categorical_accuracy,KonstZ,0933147d,Fix typo in recurrent.,0.5,33
11681,Fix bug in sparse_top_k_categorical_accuracy,KonstZ,1c6ab36c,Fix typo in recurrent.,0.5,33
11681,Fix bug in sparse_top_k_categorical_accuracy,KonstZ,e94f29ca,Fix bug with validation data in Graph model,0.5303300858899106,31
11681,Fix bug in sparse_top_k_categorical_accuracy,KonstZ,d7e0ba1c,Fix,0.5,41
11681,Fix bug in sparse_top_k_categorical_accuracy,KonstZ,4ed53ae5,Fix typo in docstring,0.5,32
11681,Fix bug in sparse_top_k_categorical_accuracy,KonstZ,3b76158c,Fix bug in deserialization of convolutional layers,0.5669467095138409,32
11681,Fix bug in sparse_top_k_categorical_accuracy,KonstZ,7b4e6ef5,Fix typo in FAQ,0.5,36
11681,Fix bug in sparse_top_k_categorical_accuracy,KonstZ,f804b19f,Fix typos in FAQ,0.5,37
11681,Fix bug in sparse_top_k_categorical_accuracy,KonstZ,e8a6ae29,Fix regularization in Embedding,0.5,34
11681,Fix bug in sparse_top_k_categorical_accuracy,KonstZ,3af40ba5,Fix typo in doc,0.5,35
11681,Fix bug in sparse_top_k_categorical_accuracy,KonstZ,9a45500d,Fix init in SimpleDeepRNN,0.5,35
11660,Added a decorator for flaky tests which rerun the test on specific errors.,gabrieldemarmiesse,29cf97dc,Fixed the rerun flag which was flipped for flaky tests. (#11730),0.5017452060042545,57
11660,Added a decorator for flaky tests which rerun the test on specific errors.,gabrieldemarmiesse,920e8af3,Added a decorator for flaky tests which rerun the test on specific errors. (#11660),0.9636241116594316,9
11588,Fixed loading bug for shared layers accross multiple depths,adocherty,d78c982b,Fixed loading bug for shared layers accross multiple depths (#11588),0.9486832980505138,9
11542,Fix incorrect assertion syntax in example,jonstaryuk,71aadf5e,Fix typo in siamese example (#12339),0.5000000000000001,31
11542,Fix incorrect assertion syntax in example,jonstaryuk,90c90b69,Fix incorrect assertion syntax in example (#11542),0.9258200997725514,9
11542,Fix incorrect assertion syntax in example,jonstaryuk,475def3d,Fix __len__ in CIFAR10Sequence example in Python2 (#8284),0.5163977794943223,44
11542,Fix incorrect assertion syntax in example,jonstaryuk,5b7cbb73,Fix incorrect __len__ method in CIFAR10Sequence example (#8275),0.5773502691896258,35
11542,Fix incorrect assertion syntax in example,jonstaryuk,a0a0d426,Fix example in doc,0.6123724356957946,31
11542,Fix incorrect assertion syntax in example,jonstaryuk,e0255441,Fix example in doc,0.6123724356957946,31
11542,Fix incorrect assertion syntax in example,jonstaryuk,02ff1d44,Fix style in example,0.6123724356957946,23
11542,Fix incorrect assertion syntax in example,jonstaryuk,eb8b40cc,Fix captioning example in docs,0.5477225575051661,30
11542,Fix incorrect assertion syntax in example,jonstaryuk,d49baf1b,Fix example in FAQ,0.6123724356957946,31
11542,Fix incorrect assertion syntax in example,jonstaryuk,ca758bef,Fix RepeatVector in captioning example,0.5477225575051661,21
11542,Fix incorrect assertion syntax in example,jonstaryuk,16f737ff,Fix AE example in doc,0.5477225575051661,31
11508,bug fix: can't use code blocks in multiple sections in docstrings.,gabrieldemarmiesse,a37b41d5,bug fix: can't use code blocks in multiple sections in docstrings. (#11508),0.9660917830792959,9
11473,"Fix bug in masking of output in tensorflow_backend.rnn(..., unroll=False)",andhus,97d5fa92,Fix shape mismatch in `rnn()` of tensorflow_backend (#10038),0.588348405414552,44
11473,"Fix bug in masking of output in tensorflow_backend.rnn(..., unroll=False)",andhus,21bf90cb,Fix bug in convlstm.,0.5547001962252291,58
11473,"Fix bug in masking of output in tensorflow_backend.rnn(..., unroll=False)",andhus,ac773ed2,Fix masking in RNNs,0.5547001962252291,57
11473,"Fix bug in masking of output in tensorflow_backend.rnn(..., unroll=False)",andhus,3b76158c,Fix bug in deserialization of convolutional layers,0.5241424183609592,51
11458,Bug fix: Batch dot,farizrahman4u,9148325b,Bug fix: Batch dot (#11458),0.8944271909999159,9
11458,Bug fix: Batch dot,farizrahman4u,a8537897,Bug fix.,0.7071067811865475,11
11458,Bug fix: Batch dot,farizrahman4u,1193427f,Bug fix.,0.7071067811865475,11
11458,Bug fix: Batch dot,farizrahman4u,f59736a0,Bug fix : RNNs (#3550),0.5,13
11458,Bug fix: Batch dot,farizrahman4u,55447cbb,Bug fix : squeeze (#3433),0.5,15
11458,Bug fix: Batch dot,farizrahman4u,cee4f72a,Bug fix - Siamese,0.5773502691896258,10
11458,Bug fix: Batch dot,farizrahman4u,de2884af,Bug fix - Cos,0.5773502691896258,8
11458,Bug fix: Batch dot,farizrahman4u,aca4a773,Bug fix,0.7071067811865475,11
11458,Bug fix: Batch dot,farizrahman4u,ad254f99,Bug fix,0.7071067811865475,11
11458,Bug fix: Batch dot,farizrahman4u,6cc827ca,Bug fix,0.7071067811865475,11
11458,Bug fix: Batch dot,farizrahman4u,73c00458,Bug fix,0.7071067811865475,11
11378,Parametrizing the metrics tests to get one test per metric.,gabrieldemarmiesse,02c1f886,Parametrizing the metric tests to get one test per metric. (#11378),0.8770580193070293,10
11373, Fix bug in sparse_categorical_accuracy ,DaniyarM,2ccb69df,Fix,0.5,37
11373, Fix bug in sparse_categorical_accuracy ,DaniyarM,2a76796d,Fix equality in strings,0.5,31
11373, Fix bug in sparse_categorical_accuracy ,DaniyarM,d7ea34fc,Fix a bug (#12618),0.5,34
11373, Fix bug in sparse_categorical_accuracy ,DaniyarM,6dff721a, Fix bug in sparse_categorical_accuracy  (#11373),0.8944271909999159,9
11373, Fix bug in sparse_categorical_accuracy ,DaniyarM,02bc5010,Fix bug in sparse_top_k_categorical_accuracy (#11196),0.6708203932499369,15
11373, Fix bug in sparse_categorical_accuracy ,DaniyarM,cd22c5a5,Fix bug in dilated conv for CNTK (#11125),0.5303300858899106,27
11373, Fix bug in sparse_categorical_accuracy ,DaniyarM,4b74fc54,Fix sequence bug (#9513),0.5,32
11373, Fix bug in sparse_categorical_accuracy ,DaniyarM,b00ec66b,Fix typo in comment,0.5,31
11373, Fix bug in sparse_categorical_accuracy ,DaniyarM,7a5e391c,Fix docstring in inception_resnet_v2,0.5,32
11373, Fix bug in sparse_categorical_accuracy ,DaniyarM,f4cf2586,Fix typo in docs.,0.5,31
11373, Fix bug in sparse_categorical_accuracy ,DaniyarM,5672db9b,Fix typo in docstring.,0.5,29
11373, Fix bug in sparse_categorical_accuracy ,DaniyarM,1ddf2352,Fix bug in `preprocess_weights_for_loading`  (#6960),0.6708203932499369,34
11373, Fix bug in sparse_categorical_accuracy ,DaniyarM,7f09d45e,Fix typo in docstring,0.5,29
11373, Fix bug in sparse_categorical_accuracy ,DaniyarM,24db6bfa,Fix in ZeroPadding3D (#6574),0.5,30
11373, Fix bug in sparse_categorical_accuracy ,DaniyarM,21bf90cb,Fix bug in convlstm.,0.75,26
11373, Fix bug in sparse_categorical_accuracy ,DaniyarM,d72514d6,Fix activity_regularizer in convlstm.,0.5,32
11373, Fix bug in sparse_categorical_accuracy ,DaniyarM,a0a0d426,Fix example in doc,0.5,32
11373, Fix bug in sparse_categorical_accuracy ,DaniyarM,e0255441,Fix example in doc,0.5,32
11373, Fix bug in sparse_categorical_accuracy ,DaniyarM,02ff1d44,Fix style in example,0.5,31
11373, Fix bug in sparse_categorical_accuracy ,DaniyarM,2a4492d7,Fix typo in docs,0.5,31
11373, Fix bug in sparse_categorical_accuracy ,DaniyarM,ded23f14,Fix typo in docs,0.5,31
11373, Fix bug in sparse_categorical_accuracy ,DaniyarM,c5e2116e,Fix typo in doc,0.5,31
11373, Fix bug in sparse_categorical_accuracy ,DaniyarM,b74118a7,Fix typo in documentation,0.5,29
11373, Fix bug in sparse_categorical_accuracy ,DaniyarM,bd2bd51b,Fix typo in README,0.5,33
11373, Fix bug in sparse_categorical_accuracy ,DaniyarM,e341e73c,Fix Dropout in RNNs,0.5,33
11373, Fix bug in sparse_categorical_accuracy ,DaniyarM,9ad5ed81,Fix indentation in code examples in docs,0.5,34
11373, Fix bug in sparse_categorical_accuracy ,DaniyarM,ecdce975,Fix inaccuracy in FAQ,0.5,30
11373, Fix bug in sparse_categorical_accuracy ,DaniyarM,ac773ed2,Fix masking in RNNs,0.5,32
11373, Fix bug in sparse_categorical_accuracy ,DaniyarM,d49baf1b,Fix example in FAQ,0.5,33
11373, Fix bug in sparse_categorical_accuracy ,DaniyarM,61b30997,Fix epsilon in objectives,0.5,32
11373, Fix bug in sparse_categorical_accuracy ,DaniyarM,0933147d,Fix typo in recurrent.,0.5,28
11373, Fix bug in sparse_categorical_accuracy ,DaniyarM,1c6ab36c,Fix typo in recurrent.,0.5,28
11373, Fix bug in sparse_categorical_accuracy ,DaniyarM,e94f29ca,Fix bug with validation data in Graph model,0.5303300858899106,30
11373, Fix bug in sparse_categorical_accuracy ,DaniyarM,d7e0ba1c,Fix,0.5,37
11373, Fix bug in sparse_categorical_accuracy ,DaniyarM,4ed53ae5,Fix typo in docstring,0.5,29
11373, Fix bug in sparse_categorical_accuracy ,DaniyarM,3b76158c,Fix bug in deserialization of convolutional layers,0.5669467095138409,33
11373, Fix bug in sparse_categorical_accuracy ,DaniyarM,7b4e6ef5,Fix typo in FAQ,0.5,33
11373, Fix bug in sparse_categorical_accuracy ,DaniyarM,f804b19f,Fix typos in FAQ,0.5,33
11373, Fix bug in sparse_categorical_accuracy ,DaniyarM,e8a6ae29,Fix regularization in Embedding,0.5,30
11373, Fix bug in sparse_categorical_accuracy ,DaniyarM,3af40ba5,Fix typo in doc,0.5,31
11373, Fix bug in sparse_categorical_accuracy ,DaniyarM,9a45500d,Fix init in SimpleDeepRNN,0.5,31
11333,[REMOVED due to a missing edit in the doc] Converted the print calls in the backend package initialization into Python logging calls,sarusso,f9210387,Made the backend tests faster by using the numpy backend in the (#11062),0.5014858873767987,96
11289,Bug fix: model save when file already exists,farizrahman4u,5a24ebbb,Bug fix: model save when file already exists (#11289),0.9428090415820632,9
11275,Unable to use load_model with Keras 2.2.3,nole-lin,5001a338,Prepare 2.2.3 release.,0.5698028822981898,32
11275,Unable to use load_model with Keras 2.2.3,nole-lin,88e8403b,Fixed data_utils to work with Python 2 and 3,0.502518907629606,33
11275,Unable to use load_model with Keras 2.2.3,nole-lin,06e1c306,Fixed data_utils to work with Python 2 and 3,0.502518907629606,33
11263,Added a global timeout for the test suite.,gabrieldemarmiesse,ae6474df,Added a global timeout for the test suite. (#11263),0.9428090415820632,9
11260,Travis was ignoring PEP8 failures. Now fixed.,gabrieldemarmiesse,f8e80beb,Travis was ignoring PEP8 failures. Now fixed. (#11260),0.9354143466934852,9
11242,"Fix h5py error ""Unable to create attribute (object header message is too large)""",lvapeab,b9ee83cc,"Fix h5py error ""Unable to create attribute (object header message is too large)"" (#11242)",0.9636241116594316,9
11196,Fix bug in sparse_top_k_categorical_accuracy,yanboliang,2ccb69df,Fix,0.5,41
11196,Fix bug in sparse_top_k_categorical_accuracy,yanboliang,2a76796d,Fix equality in strings,0.5,35
11196,Fix bug in sparse_top_k_categorical_accuracy,yanboliang,d7ea34fc,Fix a bug (#12618),0.5,38
11196,Fix bug in sparse_top_k_categorical_accuracy,yanboliang,6dff721a, Fix bug in sparse_categorical_accuracy  (#11373),0.6708203932499369,17
11196,Fix bug in sparse_top_k_categorical_accuracy,yanboliang,02bc5010,Fix bug in sparse_top_k_categorical_accuracy (#11196),0.8944271909999159,9
11196,Fix bug in sparse_top_k_categorical_accuracy,yanboliang,cd22c5a5,Fix bug in dilated conv for CNTK (#11125),0.5303300858899106,31
11196,Fix bug in sparse_top_k_categorical_accuracy,yanboliang,4b74fc54,Fix sequence bug (#9513),0.5,36
11196,Fix bug in sparse_top_k_categorical_accuracy,yanboliang,b00ec66b,Fix typo in comment,0.5,35
11196,Fix bug in sparse_top_k_categorical_accuracy,yanboliang,7a5e391c,Fix docstring in inception_resnet_v2,0.5,35
11196,Fix bug in sparse_top_k_categorical_accuracy,yanboliang,f4cf2586,Fix typo in docs.,0.5,35
11196,Fix bug in sparse_top_k_categorical_accuracy,yanboliang,5672db9b,Fix typo in docstring.,0.5,32
11196,Fix bug in sparse_top_k_categorical_accuracy,yanboliang,1ddf2352,Fix bug in `preprocess_weights_for_loading`  (#6960),0.6708203932499369,34
11196,Fix bug in sparse_top_k_categorical_accuracy,yanboliang,7f09d45e,Fix typo in docstring,0.5,32
11196,Fix bug in sparse_top_k_categorical_accuracy,yanboliang,24db6bfa,Fix in ZeroPadding3D (#6574),0.5,33
11196,Fix bug in sparse_top_k_categorical_accuracy,yanboliang,21bf90cb,Fix bug in convlstm.,0.75,30
11196,Fix bug in sparse_top_k_categorical_accuracy,yanboliang,d72514d6,Fix activity_regularizer in convlstm.,0.5,35
11196,Fix bug in sparse_top_k_categorical_accuracy,yanboliang,a0a0d426,Fix example in doc,0.5,35
11196,Fix bug in sparse_top_k_categorical_accuracy,yanboliang,e0255441,Fix example in doc,0.5,35
11196,Fix bug in sparse_top_k_categorical_accuracy,yanboliang,02ff1d44,Fix style in example,0.5,35
11196,Fix bug in sparse_top_k_categorical_accuracy,yanboliang,2a4492d7,Fix typo in docs,0.5,35
11196,Fix bug in sparse_top_k_categorical_accuracy,yanboliang,ded23f14,Fix typo in docs,0.5,35
11196,Fix bug in sparse_top_k_categorical_accuracy,yanboliang,c5e2116e,Fix typo in doc,0.5,35
11196,Fix bug in sparse_top_k_categorical_accuracy,yanboliang,b74118a7,Fix typo in documentation,0.5,32
11196,Fix bug in sparse_top_k_categorical_accuracy,yanboliang,bd2bd51b,Fix typo in README,0.5,36
11196,Fix bug in sparse_top_k_categorical_accuracy,yanboliang,e341e73c,Fix Dropout in RNNs,0.5,35
11196,Fix bug in sparse_top_k_categorical_accuracy,yanboliang,9ad5ed81,Fix indentation in code examples in docs,0.5,35
11196,Fix bug in sparse_top_k_categorical_accuracy,yanboliang,ecdce975,Fix inaccuracy in FAQ,0.5,34
11196,Fix bug in sparse_top_k_categorical_accuracy,yanboliang,ac773ed2,Fix masking in RNNs,0.5,35
11196,Fix bug in sparse_top_k_categorical_accuracy,yanboliang,d49baf1b,Fix example in FAQ,0.5,36
11196,Fix bug in sparse_top_k_categorical_accuracy,yanboliang,61b30997,Fix epsilon in objectives,0.5,35
11196,Fix bug in sparse_top_k_categorical_accuracy,yanboliang,0933147d,Fix typo in recurrent.,0.5,33
11196,Fix bug in sparse_top_k_categorical_accuracy,yanboliang,1c6ab36c,Fix typo in recurrent.,0.5,33
11196,Fix bug in sparse_top_k_categorical_accuracy,yanboliang,e94f29ca,Fix bug with validation data in Graph model,0.5303300858899106,31
11196,Fix bug in sparse_top_k_categorical_accuracy,yanboliang,d7e0ba1c,Fix,0.5,41
11196,Fix bug in sparse_top_k_categorical_accuracy,yanboliang,4ed53ae5,Fix typo in docstring,0.5,32
11196,Fix bug in sparse_top_k_categorical_accuracy,yanboliang,3b76158c,Fix bug in deserialization of convolutional layers,0.5669467095138409,32
11196,Fix bug in sparse_top_k_categorical_accuracy,yanboliang,7b4e6ef5,Fix typo in FAQ,0.5,36
11196,Fix bug in sparse_top_k_categorical_accuracy,yanboliang,f804b19f,Fix typos in FAQ,0.5,37
11196,Fix bug in sparse_top_k_categorical_accuracy,yanboliang,e8a6ae29,Fix regularization in Embedding,0.5,34
11196,Fix bug in sparse_top_k_categorical_accuracy,yanboliang,3af40ba5,Fix typo in doc,0.5,35
11196,Fix bug in sparse_top_k_categorical_accuracy,yanboliang,9a45500d,Fix init in SimpleDeepRNN,0.5,35
11125,Fix bug in dilated conv for CNTK,yanboliang,6dff721a, Fix bug in sparse_categorical_accuracy  (#11373),0.5070925528371099,32
11125,Fix bug in dilated conv for CNTK,yanboliang,02bc5010,Fix bug in sparse_top_k_categorical_accuracy (#11196),0.5070925528371099,36
11125,Fix bug in dilated conv for CNTK,yanboliang,cd22c5a5,Fix bug in dilated conv for CNTK (#11125),0.9354143466934852,9
11125,Fix bug in dilated conv for CNTK,yanboliang,d88f2006,Fix dilated convolution for CNTK backend. (#10967),0.5714285714285714,32
11125,Fix bug in dilated conv for CNTK,yanboliang,1ddf2352,Fix bug in `preprocess_weights_for_loading`  (#6960),0.5070925528371099,36
11125,Fix bug in dilated conv for CNTK,yanboliang,21bf90cb,Fix bug in convlstm.,0.5669467095138409,17
11123,Fix bug in BatchNorm when channel=1,Dref360,6dff721a, Fix bug in sparse_categorical_accuracy  (#11373),0.5070925528371099,31
11123,Fix bug in BatchNorm when channel=1,Dref360,02bc5010,Fix bug in sparse_top_k_categorical_accuracy (#11196),0.5070925528371099,34
11123,Fix bug in BatchNorm when channel=1,Dref360,06c3a804,Fix bug when channel=1 (#11123),0.7715167498104595,22
11123,Fix bug in BatchNorm when channel=1,Dref360,1ddf2352,Fix bug in `preprocess_weights_for_loading`  (#6960),0.5070925528371099,36
11123,Fix bug in BatchNorm when channel=1,Dref360,21bf90cb,Fix bug in convlstm.,0.5669467095138409,21
11123,Fix bug in BatchNorm when channel=1,Dref360,6fd2d43b,Fix Theano Cudnn BatchNorm when axis!=1 (#3968),0.5345224838248487,24
11104,"Cannot save optimizer weights due to h5 error ""object header message is too large""",sakvaua,b9ee83cc,"Fix h5py error ""Unable to create attribute (object header message is too large)"" (#11242)",0.5714285714285714,50
11081,"fix a bug in VAE-CNN example, ""vae = vae.load_weights"" to ""vae.load_weights"", because load_weights doesn't return anything",linjinjin123,cc380c48,"fix a bug, load_weights doesn't return anything (#11031)",0.5986843400892498,84
11059,Bug fix: batch_dot,farizrahman4u,9148325b,Bug fix: Batch dot (#11458),0.5163977794943222,11
11059,Bug fix: batch_dot,farizrahman4u,ac6fde80,Bug fix: K.batch_dot(); tf backend (#6219),0.6546536707079772,24
11059,Bug fix: batch_dot,farizrahman4u,7e071cd7,Bug fix : Model.from_config (#5730),0.5163977794943222,24
11059,Bug fix: batch_dot,farizrahman4u,a8537897,Bug fix.,0.8164965809277259,11
11059,Bug fix: batch_dot,farizrahman4u,1193427f,Bug fix.,0.8164965809277259,11
11059,Bug fix: batch_dot,farizrahman4u,80fbbc3a,Bug fix in zca_whitening (#4181),0.5163977794943222,22
11059,Bug fix: batch_dot,farizrahman4u,f59736a0,Bug fix : RNNs (#3550),0.5773502691896258,13
11059,Bug fix: batch_dot,farizrahman4u,55447cbb,Bug fix : squeeze (#3433),0.5773502691896258,16
11059,Bug fix: batch_dot,farizrahman4u,d09e2a67,fix batch_dot tests on backend,0.5163977794943222,22
11059,Bug fix: batch_dot,farizrahman4u,cee4f72a,Bug fix - Siamese,0.6666666666666667,10
11059,Bug fix: batch_dot,farizrahman4u,de2884af,Bug fix - Cos,0.6666666666666667,9
11059,Bug fix: batch_dot,farizrahman4u,aca4a773,Bug fix,0.8164965809277259,11
11059,Bug fix: batch_dot,farizrahman4u,ad254f99,Bug fix,0.8164965809277259,11
11059,Bug fix: batch_dot,farizrahman4u,6cc827ca,Bug fix,0.8164965809277259,11
11059,Bug fix: batch_dot,farizrahman4u,73c00458,Bug fix,0.8164965809277259,11
11031,"fix a bug in VAE example, ""vae = vae.load_weights"" to ""vae.load_weights"", because load_weights doesn't return anything",linjinjin123,cc380c48,"fix a bug, load_weights doesn't return anything (#11031)",0.6085806194501846,80
10967,Fix dilated convolution for CNTK backend.,yanboliang,10c8e50b,Disable a backend test for CNTK,0.5000000000000001,29
10967,Fix dilated convolution for CNTK backend.,yanboliang,b4e01aee,K.cumsum for CNTK backend (#12306),0.5000000000000001,30
10967,Fix dilated convolution for CNTK backend.,yanboliang,cd22c5a5,Fix bug in dilated conv for CNTK (#11125),0.5773502691896258,22
10967,Fix dilated convolution for CNTK backend.,yanboliang,f06c7e4d,Conv1D and Conv3D supporting dilated conv for CNTK backend (#10997),0.5163977794943223,40
10967,Fix dilated convolution for CNTK backend.,yanboliang,d88f2006,Fix dilated convolution for CNTK backend. (#10967),0.9258200997725514,9
10944,Keras >= 2.2.1 no longer respects fit_generator(validation_steps=...),jlherren,eb2c1fdc,Prepare 2.2.1 release.,0.5698028822981898,54
10944,Keras >= 2.2.1 no longer respects fit_generator(validation_steps=...),jlherren,26d5e100,Prepare 2.1.2 release,0.5698028822981898,57
10912,ENH: all save_model/load_model to accept h5py.Group,tacaswell,b2f75b7a,[P] all save_model/load_model to accept h5py.Group (#10912),0.8249579113843053,13
10859,Some code refactoring using `transpose_shape` in tensorflow_backend.py. Part 2,gabrieldemarmiesse,672a873f,Some code refactoring using `transpose_shape` in tensorflow_backend.py. Part 3 (#10860),0.8581163303210331,10
10859,Some code refactoring using `transpose_shape` in tensorflow_backend.py. Part 2,gabrieldemarmiesse,359e7627,Some code refactoring using `transpose_shape` in tensorflow_backend.py. Part 2 (#10859),0.9534625892455924,9
10859,Some code refactoring using `transpose_shape` in tensorflow_backend.py. Part 2,gabrieldemarmiesse,9aed521e,Some code refactoring using `transpose_shape` in tensorflow_backend.py. (#10858),0.8432740427115678,8
10845,RNN.call should get initial state from full input spec,yanboliang,f6fad226,[MP] RNN.call should get initial state from full input spec (#10845),0.9128709291752769,14
10684,Batch Normalization should squeeze mean/var/beta/gama tensors when calling tf.nn.fused_batch_norm,yanboliang,066aa6ab,Batch Normalization should squeeze mean/var/beta/gama tensors when calling tf.nn.fused_batch_norm (#10684),0.9660917830792959,9
10673,[Bug] Fix Stateful Metrics in fit_generator with TensorBoard,briannemsick,6746bda3,Fix val_step in fit_generator with Sequence (#10946),0.5345224838248487,34
10673,[Bug] Fix Stateful Metrics in fit_generator with TensorBoard,briannemsick,da9ce7d8,Fix Stateful Metrics in fit_generator with TensorBoard (#10673),0.8749999999999998,15
10562,Fix Dense layer bias_add bug when ndim > 2.,yanboliang,86a68354,Fix Dense layer bias_add bug when ndim > 2. (#10562),0.9428090415820632,9
10409,Keras 2.2.0 bug in keras.legacy,iliaschalkidis,ebdc1c87,"Support functions with string inputs in 2.2.0, fixes #10459 (#10460)",0.50709255283711,58
10409,Keras 2.2.0 bug in keras.legacy,iliaschalkidis,4e829712,Update docs for 2.2.0.,0.5590169943749475,26
10409,Keras 2.2.0 bug in keras.legacy,iliaschalkidis,9a58f7b2,Prepare 2.2.0 release.,0.5976143046671968,20
10175,"Bidirectional(Wrapper),  inputs is not reversed, is a bug !!!  ???",wwmmqq,c6c95144,UnboundLocalError is input is a Dataframe (#8290),0.502518907629606,48
10173,fix TensorBoard callback with unit test,PeterChe1990,bcf0031b,fix TensorBoard callback with unit test (#10173),0.9258200997725514,9
10173,fix TensorBoard callback with unit test,PeterChe1990,195cbdfb,fix unit test about 'legacy_pooling2d_support',0.5477225575051661,36
10173,fix TensorBoard callback with unit test,PeterChe1990,6cc11224,fix typo in unit test,0.5477225575051661,22
10080,CuDNN RNN layers nested in Model are not converted when loading,bzamecnik,bbf42834,CuDNN RNN layers nested in TimeDistributed are not converted when loading (#10357),0.8703882797784892,23
9865,Fixed the NASNet issue.,gabrieldemarmiesse,af804d0a,Fixed the NASNet issue. (#9865),0.8944271909999159,8
9657,Fix to add_ngram function and docstring,edrogers,aa230033,Fix docstring,0.5773502691896258,26
9657,Fix to add_ngram function and docstring,edrogers,2fbcf344,Fix docstring of util function.,0.5477225575051661,24
9657,Fix to add_ngram function and docstring,edrogers,e3e15c69,Fix to add_ngram function and docstring (#9657),0.9258200997725514,8
9657,Fix to add_ngram function and docstring,edrogers,7ba07aa8,Fix docstring.,0.5773502691896258,27
9657,Fix to add_ngram function and docstring,edrogers,bfa5ca55,Fix docstring,0.5773502691896258,26
9657,Fix to add_ngram function and docstring,edrogers,d6f94c0b,Fix docstring,0.5773502691896258,26
9657,Fix to add_ngram function and docstring,edrogers,71d46b71,Fix docstring,0.5773502691896258,26
9599,bug fix - run_internal_graph(),farizrahman4u,839d3dd0,bug fix - run_internal_graph() (#9599),0.8660254037844387,8
9599,bug fix - run_internal_graph(),farizrahman4u,2752a587,Tmp bug fix,0.6666666666666667,27
9519,missing K.sum() in margin_loss of cifar10_cnn_capsule.py ,saralajew,500401ba,bug-fix cifar10_cnn_capsule.py missing K.sum() (#9520),0.6249999999999999,52
9513,Fix sequence bug,Dref360,cf9595ae,Fix sequence timeout deadlock (#13322),0.5163977794943222,24
9513,Fix sequence bug,Dref360,2ccb69df,Fix,0.5773502691896258,13
9513,Fix sequence bug,Dref360,d7ea34fc,Fix a bug (#12618),0.5773502691896258,13
9513,Fix sequence bug,Dref360,6dff721a, Fix bug in sparse_categorical_accuracy  (#11373),0.5163977794943222,40
9513,Fix sequence bug,Dref360,02bc5010,Fix bug in sparse_top_k_categorical_accuracy (#11196),0.5163977794943222,44
9513,Fix sequence bug,Dref360,a36ed703,Fix Theano shape inference bug.,0.5163977794943222,17
9513,Fix sequence bug,Dref360,4b74fc54,Fix sequence bug (#9513),0.8660254037844387,8
9513,Fix sequence bug,Dref360,1ddf2352,Fix bug in `preprocess_weights_for_loading`  (#6960),0.5163977794943222,44
9513,Fix sequence bug,Dref360,21bf90cb,Fix bug in convlstm.,0.5773502691896258,14
9513,Fix sequence bug,Dref360,080a8199,Fix bug regarding layer cache,0.5163977794943222,21
9513,Fix sequence bug,Dref360,d7e0ba1c,Fix,0.5773502691896258,13
9513,Fix sequence bug,Dref360,56ae624f,Fix bug with Graph sample_weights,0.5163977794943222,26
9513,Fix sequence bug,Dref360,5d032cbf,Fix sequence to matrix vectorization,0.5163977794943222,23
9513,Fix sequence bug,Dref360,c61c4ed8,Fix sequence.py encoding,0.5773502691896258,10
9512,Fix a bug for worker == 0,Dref360,d7ea34fc,Fix a bug (#12618),0.6123724356957946,15
9512,Fix a bug for worker == 0,Dref360,a07253d8,Fix `fit_generator` for `workers=0` (#11285),0.5000000000000001,26
9438,Fixing minor bug in pretrained_word_embeddings example,pavithrasv,4b9ba1b3,Fixing minor bug in pretrained_word_embeddings example (#9438),0.9258200997725514,8
9434,Error with multiprocessing on Sequence in fit_generator(),elcombato,6746bda3,Fix val_step in fit_generator with Sequence (#10946),0.5714285714285714,46
9270,Fix issue 9267,N-McA,5be4ed3d,Fix yaml version compat issue,0.5163977794943222,23
9270,Fix issue 9267,N-McA,977d55cc,Fix thread safety issue,0.5773502691896258,16
9270,Fix issue 9267,N-McA,033983d5,Fix Travis SSL issue.,0.5773502691896258,14
9270,Fix issue 9267,N-McA,2ccb69df,Fix,0.5773502691896258,11
9270,Fix issue 9267,N-McA,aac5391c,Fix documentation rendering issue (#12171),0.5163977794943222,30
9270,Fix issue 9267,N-McA,752ffae6,Fix issue templates,0.6666666666666667,9
9270,Fix issue 9267,N-McA,a3d160b9,Fix doc issue.,0.6666666666666667,9
9270,Fix issue 9267,N-McA,e41378a2,Fix style issue in docstring,0.5163977794943222,18
9270,Fix issue 9267,N-McA,45e478a5,fix issue 9267,0.6666666666666667,1
9270,Fix issue 9267,N-McA,cdd95c08,Fix issue #8454 (#8570),0.5773502691896258,12
9270,Fix issue 9267,N-McA,18ed60b9,Fix PEP8 issue.,0.6666666666666667,10
9270,Fix issue 9267,N-McA,6e289d71,Fix same issue for convlstm,0.5163977794943222,17
9270,Fix issue 9267,N-McA,2082bafd,Fix recurrent layers issue,0.5773502691896258,19
9270,Fix issue 9267,N-McA,e71cbccc,Fix legacy weight loading issue,0.5163977794943222,25
9270,Fix issue 9267,N-McA,590a5a53,Fix issue with TF clip.,0.5163977794943222,13
9270,Fix issue 9267,N-McA,6fb7ba72,Fix issue with clip max_value.,0.5163977794943222,20
9270,Fix issue 9267,N-McA,50f7f03f,Fix PEP8 issue,0.6666666666666667,10
9270,Fix issue 9267,N-McA,7db6de84,Fix for issue #3965 (#4333),0.5163977794943222,16
9270,Fix issue 9267,N-McA,c478409d,Fix weight constraint sharing issue,0.5163977794943222,27
9270,Fix issue 9267,N-McA,3f6b38b3,Fix duplicated updates issue,0.5773502691896258,20
9270,Fix issue 9267,N-McA,8f8e4574,Fix issue with Sequential deserialization,0.5163977794943222,31
9270,Fix issue 9267,N-McA,dfc128b8,Fix some py3 generator issue,0.5163977794943222,22
9270,Fix issue 9267,N-McA,80bfec72,Fix JSON deserialization issue,0.5773502691896258,24
9270,Fix issue 9267,N-McA,a08995a9,Fix common LaTeX encoding issue,0.5163977794943222,25
9270,Fix issue 9267,N-McA,7cb41fc5,Fix weight saving issue,0.5773502691896258,16
9270,Fix issue 9267,N-McA,30208ae0,Fix for issue #2276 (#2277),0.5163977794943222,14
9270,Fix issue 9267,N-McA,0d7c8711,Fix JSON serialization issue,0.5773502691896258,22
9270,Fix issue 9267,N-McA,91a819fb,Fix engine issue,0.6666666666666667,10
9270,Fix issue 9267,N-McA,d7e0ba1c,Fix,0.5773502691896258,11
9270,Fix issue 9267,N-McA,ddd5f476,Fix container merging issue,0.5773502691896258,20
9270,Fix issue 9267,N-McA,53a05b6e,Fix metrics issue in evaluate,0.5163977794943222,19
9270,Fix issue 9267,N-McA,e63644cf,Fix denoising autoencoder issue,0.5773502691896258,22
9270,Fix issue 9267,N-McA,27861828,Fix masking issue,0.6666666666666667,11
9270,Fix issue 9267,N-McA,fd5b68db,Fix Python3 issue with class_weight,0.5163977794943222,25
9270,Fix issue 9267,N-McA,bf4822f6,Fix autoencoder issue,0.6666666666666667,15
9270,Fix issue 9267,N-McA,08562666,Fix redundant callbacks issue,0.5773502691896258,23
9248,Fix __call__ for Bidirectional wrapper,yuyang-huang,1d2ad790,Fix __call__ for Bidirectional wrapper (#9248),0.9128709291752769,8
9248,Fix __call__ for Bidirectional wrapper,yuyang-huang,06453e66,Fix learning phase management for multi-output Bidirectional wrapper,0.5962847939999439,37
9248,Fix __call__ for Bidirectional wrapper,yuyang-huang,ee2d08ff,Fix activity regularization for wrapper layers,0.5477225575051661,29
9240,fix a bug,XikunZhang,d7ea34fc,Fix a bug (#12618),0.5773502691896258,10
9240,fix a bug,XikunZhang,cc380c48,"fix a bug, load_weights doesn't return anything (#11031)",0.5773502691896257,47
9240,fix a bug,XikunZhang,839d3dd0,bug fix - run_internal_graph() (#9599),0.5773502691896258,31
9240,fix a bug,XikunZhang,86b12f6f,"bug fix, cast batch_sizes as a list to support indexing (#6057)",0.5222329678670935,54
9240,fix a bug,XikunZhang,fefb70b2,fix a bug in evaluating accuracy (#2736),0.6546536707079772,31
9240,fix a bug,XikunZhang,2752a587,Tmp bug fix,0.6666666666666667,9
9195,Revert #9025 because it introduces a bug,angeloskath,d954164a,Revert #9025 because it introduces a bug (#9195),0.9354143466934852,8
9112,Allow weights trained with CuDNNGRU to be used without GPU,bzamecnik,2802c082,Allow weights trained with CuDNNGRU to be used without GPU (#9112),0.9534625892455924,8
9098,Regularization bug. Tests and fix.,gabrieldemarmiesse,5822ee2b,Regularization bug. Tests and fix. (#9098),0.9128709291752769,8
9098,Regularization bug. Tests and fix.,gabrieldemarmiesse,2752a587,Tmp bug fix,0.5163977794943222,26
9035,Format state_spec in the error message,yuyang-huang,75917406,Format state_spec in the error message (#9035),0.9258200997725514,8
9035,Format state_spec in the error message,yuyang-huang,be6503a8,Add space in error message,0.5477225575051661,17
9035,Format state_spec in the error message,yuyang-huang,bc9dbc5d,Style fix in error message,0.5477225575051661,19
9035,Format state_spec in the error message,yuyang-huang,b32248d6,Change error message in standardize_input_data (#2338),0.5000000000000001,44
9035,Format state_spec in the error message,yuyang-huang,21430462,Improve error message in recurrent.py,0.5000000000000001,30
9035,Format state_spec in the error message,yuyang-huang,f2f4f4ec,Add helpful error message in Flatten,0.5000000000000001,32
9028,BN: Use sample variance - unbiased estimator of population variance,ozabluda,f51a7ef0,BN: Use sample variance - unbiased estimator of population variance (#9028),0.9574271077563381,8
8955,cifar10_resnet: Simplify and improve logic,ozabluda,7113063a,cifar10_resnet: Simplify and improve logic (#8955),0.9128709291752769,8
8932,[Requests for Contributions (Issues)] Added test for a bug about regularization.,gabrieldemarmiesse,068a6804,Add a test for preprocessing function for flow_from_directory (#9639),0.5017452060042545,61
8881,Tokenizer: add optional OOV token for sequences,fgaim,cb6adf8d,Tokenizer: add optional OOV token for sequences (#8881),0.9354143466934852,8
8804,Fix Adam saving,yuyang-huang,2ccb69df,Fix,0.5773502691896258,12
8804,Fix Adam saving,yuyang-huang,e39f6ed3,Fix Adam saving (#8804),0.8660254037844387,8
8804,Fix Adam saving,yuyang-huang,7cb41fc5,Fix weight saving issue,0.5773502691896258,12
8804,Fix Adam saving,yuyang-huang,d7e0ba1c,Fix,0.5773502691896258,12
8804,Fix Adam saving,yuyang-huang,4e1ec93c,Fix weight saving in BatchNormalization,0.5163977794943222,28
8804,Fix Adam saving,yuyang-huang,70efc97f,Fix Adam,0.8164965809277259,7
8616,"acgan: Add batch normalization to the Generator, etc",ozabluda,97acd91b,"acgan: Add batch normalization to the Generator, etc (#8616)",0.9428090415820632,8
8552,Remove reshape() which has no effect,ozabluda,c24406fc,Remove reshape() which has no effect (#8552),0.9258200997725514,8
8552,Remove reshape() which has no effect,ozabluda,1a2c2971,generator.compile() as has no effect. Remove. (#8363),0.5773502691896258,35
8552,Remove reshape() which has no effect,ozabluda,1ee8efde,Remove a no-op reshape,0.5477225575051661,24
8494,bug fix on pandas DataFrame support,icyblade,94a0f34f,bug fix on pandas DataFrame support (#8494),0.9258200997725514,8
8494,bug fix on pandas DataFrame support,icyblade,c173b764,add support for pandas DataFrame (#8199),0.5000000000000001,19
8476,Replace erroneous num_classes with batch_size in examples/mnist_tfrecord.py,ozabluda,6d95e7ce,Replace erroneous num_classes with batch_size (#8476),0.6804138174397718,29
8327,Simplify reporthook-related logic,ozabluda,a3d41bb8,Simplify reporthook-related logic (#8327),0.8944271909999159,8
8277,Increase file save hash size,RitwikGupta,13876a15,Increase file save hash size (#8277),0.9128709291752769,8
8206,Simplify and fix count_params(),ozabluda,f11b4225,Simplify and fix count_params() (#8206),0.8944271909999159,8
8206,Simplify and fix count_params(),ozabluda,5b1038ab,and,0.5,28
8172,"Rewrite test_progbar(), and fix the triggered Python3 bug.",ozabluda,c3e844e7,"Rewrite test_progbar(), and fix the triggered Python3 bug. (#8172)",0.9428090415820632,8
8162,Fixing finite generator race condition,datumbox,9c79e01a,Fixing finite generator race condition (#8162),0.9128709291752769,8
8124,fix topology.py __keras_shape bug,gpernelle,2752a587,Tmp bug fix,0.5163977794943222,30
8120,Rename num_class => num_classes,ozabluda,5aa3f044,"Rename ""nb_classes"" to ""num_classes"" (#8787)",0.5163977794943222,18
8120,Rename num_class => num_classes,ozabluda,37006579,Rename classes=>num_classes (#8489),0.5773502691896258,15
8120,Rename num_class => num_classes,ozabluda,a45b0704,Rename num_class => num_classes (#8127),0.8660254037844387,8
8120,Rename num_class => num_classes,ozabluda,ef4f0adf,Rename num_class => num_classes (#8120),0.8660254037844387,8
8106,Sync verbose=1 with verbose=2,ozabluda,21b80642,Change default value verbose=1 to verbose=0 (#8480),0.5330017908890261,31
8106,Sync verbose=1 with verbose=2,ozabluda,254b7cb1,fix verbose=2?,0.6123724356957945,19
8100,Fix off-by-one error in EarlyStopping callback,nicolewhite,1b53767d,Fix off-by-one error in EarlyStopping callback (#8100),0.9428090415820632,8
8100,Fix off-by-one error in EarlyStopping callback,nicolewhite,4743df7f,Fix off-by-one bug in predict/evaluate progress bar (#8071),0.5330017908890261,36
8100,Fix off-by-one error in EarlyStopping callback,nicolewhite,f1a95869,Fix off by one error in WE example script,0.7071067811865475,22
8071,Fix off-by-one bug in predict/evaluate progress bar,ozabluda,1b53767d,Fix off-by-one error in EarlyStopping callback (#8100),0.5270462766947299,34
8071,Fix off-by-one bug in predict/evaluate progress bar,ozabluda,4743df7f,Fix off-by-one bug in predict/evaluate progress bar (#8071),0.9534625892455924,8
8071,Fix off-by-one bug in predict/evaluate progress bar,ozabluda,f1a95869,Fix off by one error in WE example script,0.5270462766947299,31
8066,Fix bug where progress indicator doesn't always complete,ozabluda,2f266c33,Fix bug where progress indicator doesn't always complete (#8066),0.9486832980505138,8
8052,Fix Sequence,Dref360,2ccb69df,Fix,0.7071067811865475,9
8052,Fix Sequence,Dref360,6746bda3,Fix val_step in fit_generator with Sequence (#10946),0.5345224838248487,40
8052,Fix Sequence,Dref360,612f5307,Fix Sequence (#8052),0.8164965809277259,8
8052,Fix Sequence,Dref360,d7e0ba1c,Fix,0.7071067811865475,9
8025,Bug fix: Models with shared layers shouldn't be considered Sequential like,farizrahman4u,213ec198,Bug fix: Models with shared layers shouldn't be considered Sequential like (#8025),0.960768922830523,8
7975,Add option to specify resampling method in load_img,ahojnnes,c0348250,Add option to specify resampling method in load_img (#7975),0.9428090415820632,8
7903,Bug fix: Don't change original dict in from_config,farizrahman4u,b24f4448,Bug fix: Don't change original dict in from_config (#7903),0.9486832980505138,8
7863,Fix HDF5Matrix.__getitem__ for validation_split,aeftimia,66c4fdb8,Fix HDF5Matrix.__getitem__ for validation_split (#7863),0.9128709291752769,8
7863,Fix HDF5Matrix.__getitem__ for validation_split,aeftimia,3cbca7bd,Fix validation_split,0.6324555320336759,27
7765,ZeroPadding2D,MosMK,9be4480e,"Add ZeroPadding1D, refactor ZeroPadding2D",0.5,28
7765,ZeroPadding2D,MosMK,a02ccc2a,Change API of ZeroPadding2D,0.5,14
7753,Add Inception-ResNet v2 to application,yuyang-huang,19862b0b,Add Inception-ResNet v2 to application (#7753),0.9258200997725514,8
7753,Add Inception-ResNet v2 to application,yuyang-huang,9f33f8af,Add names to Keras application models,0.5000000000000001,25
7716,Remove requirement that batch_size divides len(x_train) in Variational Autoencoder examples.,danielegrattarola,f8b0dc22,Remove requirement that batch_size divides len(x_train) in Variational Autoencoders examples. (#7716),0.8703882797784892,9
7691,Recurrent layer to treat 2nd and the rest of inputs as initial_states,wanasit,d440e4bf,Recurrent layer to treat 2nd and the rest of inputs as initial_states (#7691),0.960768922830523,8
7593,cntk backend: fix the reversed rnn bug,souptc,3537381f,cntk backend: fix the reversed rnn bug (#7593),0.9354143466934852,8
7593,cntk backend: fix the reversed rnn bug,souptc,ce79e0a8,"test random_binomial, fix rnn backend",0.5070925528371099,32
7512,bug in sparse_categorical_crossentropy in theano backend,udibr,21bf90cb,Fix bug in convlstm.,0.5303300858899106,48
7512,bug in sparse_categorical_crossentropy in theano backend,udibr,47a9735a,generalized pooling in theano,0.5303300858899106,39
7501,TensorBoard callback for grid search,paolof89,b602a93e,Update TensorBoard callback,0.5163977794943222,23
7486,Fix doc example of models.py's method fit_generator(),NeilRon,858e3a8a,fix example of models.py method fit_generator() (#7486),0.7071067811865475,15
7486,Fix doc example of models.py's method fit_generator(),NeilRon,a0a0d426,Fix example in doc,0.5,38
7486,Fix doc example of models.py's method fit_generator(),NeilRon,e0255441,Fix example in doc,0.5,38
7375,"LSTM text generation, increasing loss function",mostafa-mahmoud,1857a6af,Improve LSTM text generation example,0.5477225575051661,31
7375,"LSTM text generation, increasing loss function",mostafa-mahmoud,d2b229df,Add LSTM text generation example,0.5477225575051661,27
7371,Fix TensorBoard callback for models with multiple inputs,javiercorrea,b92cec3d,Fix for nested models,0.5303300858899106,42
7311,Allow Reshape to reduced it's dimensions: changed Reshape ValueError to UserWarning,avn3r,ee07e6ef,Added kwargs to Reshape.,0.5,68
7273,Error in train_on_batch after upgrading Keras from 1.1.0 to 2.0.5,munichong,56b255cc,Update to Keras Applications 1.0.2 (fixes NASNet issue).,0.521749194749951,56
7273,Error in train_on_batch after upgrading Keras from 1.1.0 to 2.0.5,munichong,7a12fd0f,1.0.1 release,0.5773502691896258,59
7273,Error in train_on_batch after upgrading Keras from 1.1.0 to 2.0.5,munichong,295bfe4e,Keras 1.0 preview.,0.5892556509887896,55
7273,Error in train_on_batch after upgrading Keras from 1.1.0 to 2.0.5,munichong,8715c70a,"Modify UpSampling1D/2D to turn [0, 1] into [0, 0, 1, 1] instead of [0, 1, 0, 1]",0.6499336836196816,65
7260,Clearer wording in the Shared Layers Section,n17r4m,eae75fe2,Clearer wording in the Shared Layers Section (#7260),0.9354143466934852,8
7222,Bug fix: Support multiple outputs in Lambda layer,farizrahman4u,692e8e20,Bug fix: Support multiple outputs in Lambda layer (#7222),0.9428090415820632,8
7222,Bug fix: Support multiple outputs in Lambda layer,farizrahman4u,4f9e7bf9,Bug fix in recurrent layer (#6393),0.5773502691896258,36
7185,states in keras.backend().rnn,untrix,8cc7a975,Revert backend rnn.,0.5163977794943222,17
7105,DImensions error in running image_ocr.py,cliff007,21430462,Improve error message in recurrent.py,0.5000000000000001,25
7040,Fixed default header in RemoteMonitor callback.,sebastianbk,86c8d1dd,Fixed default header in RemoteMonitor callback. (#7040),0.9258200997725514,8
7040,Fixed default header in RemoteMonitor callback.,sebastianbk,2b1bb90b,Fixed unused variables in History callback,0.5000000000000001,25
7038,"throw an error when receiving empty batch, instead of returning nans",gewoonrik,e0543fbf,"throw an error when receiving empty batch, instead of returning nans at the end (#7038)",0.8563488385776753,19
7036,Remove requirement that batch_size divides len(x_train) in VAE example,Raphael-Manakin,f8b0dc22,Remove requirement that batch_size divides len(x_train) in Variational Autoencoders examples. (#7716),0.7302967433402214,32
7027,Add FAQ section for creating reproducible results,td2014,a8f1b28c,Add FAQ section for creating reproducible results (#7027),0.9354143466934852,8
6960,Fix bug in `preprocess_weights_for_loading` ,Shaofanl,2ccb69df,Fix,0.5,41
6960,Fix bug in `preprocess_weights_for_loading` ,Shaofanl,2a76796d,Fix equality in strings,0.5,33
6960,Fix bug in `preprocess_weights_for_loading` ,Shaofanl,d7ea34fc,Fix a bug (#12618),0.5,38
6960,Fix bug in `preprocess_weights_for_loading` ,Shaofanl,6dff721a, Fix bug in sparse_categorical_accuracy  (#11373),0.6708203932499369,34
6960,Fix bug in `preprocess_weights_for_loading` ,Shaofanl,02bc5010,Fix bug in sparse_top_k_categorical_accuracy (#11196),0.6708203932499369,35
6960,Fix bug in `preprocess_weights_for_loading` ,Shaofanl,cd22c5a5,Fix bug in dilated conv for CNTK (#11125),0.5303300858899106,32
6960,Fix bug in `preprocess_weights_for_loading` ,Shaofanl,4b74fc54,Fix sequence bug (#9513),0.5,36
6960,Fix bug in `preprocess_weights_for_loading` ,Shaofanl,b00ec66b,Fix typo in comment,0.5,34
6960,Fix bug in `preprocess_weights_for_loading` ,Shaofanl,7a5e391c,Fix docstring in inception_resnet_v2,0.5,35
6960,Fix bug in `preprocess_weights_for_loading` ,Shaofanl,f4cf2586,Fix typo in docs.,0.5,34
6960,Fix bug in `preprocess_weights_for_loading` ,Shaofanl,5672db9b,Fix typo in docstring.,0.5,29
6960,Fix bug in `preprocess_weights_for_loading` ,Shaofanl,1ddf2352,Fix bug in `preprocess_weights_for_loading`  (#6960),0.8944271909999159,8
6960,Fix bug in `preprocess_weights_for_loading` ,Shaofanl,7f09d45e,Fix typo in docstring,0.5,29
6960,Fix bug in `preprocess_weights_for_loading` ,Shaofanl,24db6bfa,Fix in ZeroPadding3D (#6574),0.5,33
6960,Fix bug in `preprocess_weights_for_loading` ,Shaofanl,21bf90cb,Fix bug in convlstm.,0.75,30
6960,Fix bug in `preprocess_weights_for_loading` ,Shaofanl,d72514d6,Fix activity_regularizer in convlstm.,0.5,35
6960,Fix bug in `preprocess_weights_for_loading` ,Shaofanl,a0a0d426,Fix example in doc,0.5,36
6960,Fix bug in `preprocess_weights_for_loading` ,Shaofanl,e0255441,Fix example in doc,0.5,36
6960,Fix bug in `preprocess_weights_for_loading` ,Shaofanl,02ff1d44,Fix style in example,0.5,36
6960,Fix bug in `preprocess_weights_for_loading` ,Shaofanl,2a4492d7,Fix typo in docs,0.5,34
6960,Fix bug in `preprocess_weights_for_loading` ,Shaofanl,ded23f14,Fix typo in docs,0.5,34
6960,Fix bug in `preprocess_weights_for_loading` ,Shaofanl,c5e2116e,Fix typo in doc,0.5,35
6960,Fix bug in `preprocess_weights_for_loading` ,Shaofanl,b74118a7,Fix typo in documentation,0.5,31
6960,Fix bug in `preprocess_weights_for_loading` ,Shaofanl,bd2bd51b,Fix typo in README,0.5,37
6960,Fix bug in `preprocess_weights_for_loading` ,Shaofanl,e341e73c,Fix Dropout in RNNs,0.5,36
6960,Fix bug in `preprocess_weights_for_loading` ,Shaofanl,9ad5ed81,Fix indentation in code examples in docs,0.5,36
6960,Fix bug in `preprocess_weights_for_loading` ,Shaofanl,ecdce975,Fix inaccuracy in FAQ,0.5,35
6960,Fix bug in `preprocess_weights_for_loading` ,Shaofanl,ac773ed2,Fix masking in RNNs,0.5,37
6960,Fix bug in `preprocess_weights_for_loading` ,Shaofanl,d49baf1b,Fix example in FAQ,0.5,37
6960,Fix bug in `preprocess_weights_for_loading` ,Shaofanl,61b30997,Fix epsilon in objectives,0.5,35
6960,Fix bug in `preprocess_weights_for_loading` ,Shaofanl,0933147d,Fix typo in recurrent.,0.5,32
6960,Fix bug in `preprocess_weights_for_loading` ,Shaofanl,1c6ab36c,Fix typo in recurrent.,0.5,32
6960,Fix bug in `preprocess_weights_for_loading` ,Shaofanl,e94f29ca,Fix bug with validation data in Graph model,0.5303300858899106,34
6960,Fix bug in `preprocess_weights_for_loading` ,Shaofanl,d7e0ba1c,Fix,0.5,41
6960,Fix bug in `preprocess_weights_for_loading` ,Shaofanl,4ed53ae5,Fix typo in docstring,0.5,29
6960,Fix bug in `preprocess_weights_for_loading` ,Shaofanl,3b76158c,Fix bug in deserialization of convolutional layers,0.5669467095138409,34
6960,Fix bug in `preprocess_weights_for_loading` ,Shaofanl,7b4e6ef5,Fix typo in FAQ,0.5,37
6960,Fix bug in `preprocess_weights_for_loading` ,Shaofanl,f804b19f,Fix typos in FAQ,0.5,36
6960,Fix bug in `preprocess_weights_for_loading` ,Shaofanl,e8a6ae29,Fix regularization in Embedding,0.5,33
6960,Fix bug in `preprocess_weights_for_loading` ,Shaofanl,3af40ba5,Fix typo in doc,0.5,35
6960,Fix bug in `preprocess_weights_for_loading` ,Shaofanl,9a45500d,Fix init in SimpleDeepRNN,0.5,34
6916,Fix a bug when training with sparse matrices,maximsch2,d7ea34fc,Fix a bug (#12618),0.5303300858899106,34
6891,Fix the ordering bugs when using pickle_safe=True,Dref360,ab6b82c2,Fix the ordering bugs when using pickle_safe=True (#6891),0.9428090415820632,8
6880,sequence.pad_sequences causes different performances in Keras 1.0.3 and Keras 2.0.3,jinfengfeng,295bfe4e,Keras 1.0 preview.,0.545544725589981,71
6670,get_file() progbar fix,ahundt,cf57d284,get_file() progbar fix (#6670),0.8660254037844387,8
6668,Fix depth calculation for shared layers,matt-gardner,b5490b20,Fix depth calculation for shared layers (#6668),0.9258200997725514,8
6668,Fix depth calculation for shared layers,matt-gardner,ee2d08ff,Fix activity regularization for wrapper layers,0.5000000000000001,20
6668,Fix depth calculation for shared layers,matt-gardner,ed4acfae,Fix conv layers loading for model_from_config,0.5000000000000001,31
6607,Setting trainable to false change the order in which the layers of a sub-model are serialized,javiercorrea,cb9d79ef,Removed the tests of each layers in the sequential model. (#11115),0.5090278103806222,65
6603,Is it a bug?,gauss-clb,d7ea34fc,Fix a bug (#12618),0.5,13
6603,Is it a bug?,gauss-clb,d954164a,Revert #9025 because it introduces a bug (#9195),0.5303300858899106,38
6591,Fix bug in EarlyStopping to reset stopped_epoch,meberstein,6dff721a, Fix bug in sparse_categorical_accuracy  (#11373),0.5070925528371099,36
6591,Fix bug in EarlyStopping to reset stopped_epoch,meberstein,02bc5010,Fix bug in sparse_top_k_categorical_accuracy (#11196),0.5070925528371099,35
6591,Fix bug in EarlyStopping to reset stopped_epoch,meberstein,1ddf2352,Fix bug in `preprocess_weights_for_loading`  (#6960),0.5070925528371099,37
6591,Fix bug in EarlyStopping to reset stopped_epoch,meberstein,5f4f234f,"In EarlyStopping, reset stopped_epoch in on_train_begin to allow it to be re-used (#6591)",0.5669467095138409,64
6591,Fix bug in EarlyStopping to reset stopped_epoch,meberstein,21bf90cb,Fix bug in convlstm.,0.5669467095138409,32
6581,Bug fix: convolutional recurrent (again),farizrahman4u,0d27d903,Bug fix in convolutional recurrent state setting,0.6761234037828131,13
6581,Bug fix: convolutional recurrent (again),farizrahman4u,4f9e7bf9,Bug fix in recurrent layer (#6393),0.5477225575051661,23
6581,Bug fix: convolutional recurrent (again),farizrahman4u,a8537897,Bug fix.,0.6324555320336759,33
6581,Bug fix: convolutional recurrent (again),farizrahman4u,1193427f,Bug fix.,0.6324555320336759,33
6581,Bug fix: convolutional recurrent (again),farizrahman4u,cee4f72a,Bug fix - Siamese,0.5163977794943222,28
6581,Bug fix: convolutional recurrent (again),farizrahman4u,de2884af,Bug fix - Cos,0.5163977794943222,31
6581,Bug fix: convolutional recurrent (again),farizrahman4u,aca4a773,Bug fix,0.6324555320336759,33
6581,Bug fix: convolutional recurrent (again),farizrahman4u,ad254f99,Bug fix,0.6324555320336759,33
6581,Bug fix: convolutional recurrent (again),farizrahman4u,6cc827ca,Bug fix,0.6324555320336759,33
6581,Bug fix: convolutional recurrent (again),farizrahman4u,73c00458,Bug fix,0.6324555320336759,33
6574,Bug fix in ZeroPadding3D,Danielhiversen,aed00c3c,Small fix in EarlyStopping,0.5,16
6574,Bug fix in ZeroPadding3D,Danielhiversen,1918e6a7,Small fix in EarlyStopping,0.5,16
6574,Bug fix in ZeroPadding3D,Danielhiversen,692e8e20,Bug fix: Support multiple outputs in Lambda layer (#7222),0.5,44
6574,Bug fix in ZeroPadding3D,Danielhiversen,0d27d903,Bug fix in convolutional recurrent state setting,0.5669467095138409,33
6574,Bug fix in ZeroPadding3D,Danielhiversen,24db6bfa,Fix in ZeroPadding3D (#6574),0.5,13
6574,Bug fix in ZeroPadding3D,Danielhiversen,4f9e7bf9,Bug fix in recurrent layer (#6393),0.6123724356957946,19
6574,Bug fix in ZeroPadding3D,Danielhiversen,a8e7b19b,Style fix in callbacks.,0.5,17
6574,Bug fix in ZeroPadding3D,Danielhiversen,a8537897,Bug fix.,0.7071067811865475,17
6574,Bug fix in ZeroPadding3D,Danielhiversen,1193427f,Bug fix.,0.7071067811865475,17
6574,Bug fix in ZeroPadding3D,Danielhiversen,80fbbc3a,Bug fix in zca_whitening (#4181),0.6708203932499369,18
6574,Bug fix in ZeroPadding3D,Danielhiversen,f59736a0,Bug fix : RNNs (#3550),0.5,15
6574,Bug fix in ZeroPadding3D,Danielhiversen,55447cbb,Bug fix : squeeze (#3433),0.5,15
6574,Bug fix in ZeroPadding3D,Danielhiversen,ff3f00d8,Style fix in example,0.5,16
6574,Bug fix in ZeroPadding3D,Danielhiversen,885e6e62,Style fix in test,0.5,17
6574,Bug fix in ZeroPadding3D,Danielhiversen,cee4f72a,Bug fix - Siamese,0.5773502691896258,14
6574,Bug fix in ZeroPadding3D,Danielhiversen,de2884af,Bug fix - Cos,0.5773502691896258,14
6574,Bug fix in ZeroPadding3D,Danielhiversen,aca4a773,Bug fix,0.7071067811865475,17
6574,Bug fix in ZeroPadding3D,Danielhiversen,ad254f99,Bug fix,0.7071067811865475,17
6574,Bug fix in ZeroPadding3D,Danielhiversen,6cc827ca,Bug fix,0.7071067811865475,17
6574,Bug fix in ZeroPadding3D,Danielhiversen,73c00458,Bug fix,0.7071067811865475,17
6564,Bug fix + test : Initializing states for ConvLSTM2D,farizrahman4u,2766074d,Bug fix + test : Initializing states for ConvLSTM2D (#6564),0.9354143466934852,8
6564,Bug fix + test : Initializing states for ConvLSTM2D,farizrahman4u,a8537897,Bug fix.,0.5345224838248487,44
6564,Bug fix + test : Initializing states for ConvLSTM2D,farizrahman4u,1193427f,Bug fix.,0.5345224838248487,44
6564,Bug fix + test : Initializing states for ConvLSTM2D,farizrahman4u,aca4a773,Bug fix,0.5345224838248487,44
6564,Bug fix + test : Initializing states for ConvLSTM2D,farizrahman4u,ad254f99,Bug fix,0.5345224838248487,44
6564,Bug fix + test : Initializing states for ConvLSTM2D,farizrahman4u,6cc827ca,Bug fix,0.5345224838248487,44
6564,Bug fix + test : Initializing states for ConvLSTM2D,farizrahman4u,73c00458,Bug fix,0.5345224838248487,44
6483,Fix for weight loading bug with `channels_first`,the-moliver,ce0f97db,Fix ImageNet weight loading for ResNet50 with channels_first (#6658),0.7559289460184544,29
6483,Fix for weight loading bug with `channels_first`,the-moliver,a00eef21,Fix LSTM weight loading (temp),0.5070925528371099,27
6483,Fix for weight loading bug with `channels_first`,the-moliver,e71cbccc,Fix legacy weight loading issue,0.5070925528371099,28
6483,Fix for weight loading bug with `channels_first`,the-moliver,56ae624f,Fix bug with Graph sample_weights,0.5070925528371099,32
6481,Bug loading a model with an add layer,javiercorrea,f4df2240,"Make merge layer work with a single model, turning it into a container layer.",0.5,50
6393,Bug fix in recurrent layer,Danielhiversen,3305cd39,Style fix in conv recurrent tests.,0.5477225575051661,16
6393,Bug fix in recurrent layer,Danielhiversen,692e8e20,Bug fix: Support multiple outputs in Lambda layer (#7222),0.5962847939999439,39
6393,Bug fix in recurrent layer,Danielhiversen,0d27d903,Bug fix in convolutional recurrent state setting,0.6761234037828131,25
6393,Bug fix in recurrent layer,Danielhiversen,4f9e7bf9,Bug fix in recurrent layer (#6393),0.9128709291752769,8
6393,Bug fix in recurrent layer,Danielhiversen,a8537897,Bug fix.,0.6324555320336759,19
6393,Bug fix in recurrent layer,Danielhiversen,1193427f,Bug fix.,0.6324555320336759,19
6393,Bug fix in recurrent layer,Danielhiversen,80fbbc3a,Bug fix in zca_whitening (#4181),0.5999999999999999,18
6393,Bug fix in recurrent layer,Danielhiversen,b235f91c,doc: fix example for recurrent layer (#3022),0.5070925528371099,23
6393,Bug fix in recurrent layer,Danielhiversen,cee4f72a,Bug fix - Siamese,0.5163977794943222,15
6393,Bug fix in recurrent layer,Danielhiversen,de2884af,Bug fix - Cos,0.5163977794943222,17
6393,Bug fix in recurrent layer,Danielhiversen,aca4a773,Bug fix,0.6324555320336759,19
6393,Bug fix in recurrent layer,Danielhiversen,ad254f99,Bug fix,0.6324555320336759,19
6393,Bug fix in recurrent layer,Danielhiversen,6cc827ca,Bug fix,0.6324555320336759,19
6393,Bug fix in recurrent layer,Danielhiversen,73c00458,Bug fix,0.6324555320336759,19
6340,Keras 1.1.0 Documentation?,mjs-wpi,262e5751,Prepare 1.2.1 PyPI release.,0.5345224838248487,20
6340,Keras 1.1.0 Documentation?,mjs-wpi,c6d2ccd4,Prepare 1.1.1 release.,0.6837634587578276,18
6340,Keras 1.1.0 Documentation?,mjs-wpi,d0659327,Prepare 1.0.8 release.,0.5070925528371099,19
6340,Keras 1.1.0 Documentation?,mjs-wpi,892d9fae,Prepare 1.0.6 release,0.5070925528371099,19
6340,Keras 1.1.0 Documentation?,mjs-wpi,8c2a573e,Prepare 1.0.3 release,0.5070925528371099,19
6340,Keras 1.1.0 Documentation?,mjs-wpi,7a12fd0f,1.0.1 release,0.7715167498104595,20
6340,Keras 1.1.0 Documentation?,mjs-wpi,1e717326,Replace master branch with Keras 1.0,0.5714285714285714,29
6340,Keras 1.1.0 Documentation?,mjs-wpi,295bfe4e,Keras 1.0 preview.,0.7559289460184544,14
6340,Keras 1.1.0 Documentation?,mjs-wpi,8715c70a,"Modify UpSampling1D/2D to turn [0, 1] into [0, 0, 1, 1] instead of [0, 1, 0, 1]",0.7444375004781977,70
6339,Large Differences in Performance between Keras 2.0.3 and Keras 1.1.0 – Potential Bug?,mjs-wpi,7a12fd0f,1.0.1 release,0.5222329678670935,77
6339,Large Differences in Performance between Keras 2.0.3 and Keras 1.1.0 – Potential Bug?,mjs-wpi,295bfe4e,Keras 1.0 preview.,0.6396021490668313,73
6339,Large Differences in Performance between Keras 2.0.3 and Keras 1.1.0 – Potential Bug?,mjs-wpi,8715c70a,"Modify UpSampling1D/2D to turn [0, 1] into [0, 0, 1, 1] instead of [0, 1, 0, 1]",0.5598925109558542,73
6273,Keras > 1.1.1 breaks convergence on a net,qichaozhao,262e5751,Prepare 1.2.1 PyPI release.,0.5477225575051661,28
6273,Keras > 1.1.1 breaks convergence on a net,qichaozhao,c6d2ccd4,Prepare 1.1.1 release.,0.7006490497453707,28
6273,Keras > 1.1.1 breaks convergence on a net,qichaozhao,7a12fd0f,1.0.1 release,0.6324555320336759,31
6273,Keras > 1.1.1 breaks convergence on a net,qichaozhao,295bfe4e,Keras 1.0 preview.,0.5163977794943222,28
6273,Keras > 1.1.1 breaks convergence on a net,qichaozhao,8715c70a,"Modify UpSampling1D/2D to turn [0, 1] into [0, 0, 1, 1] instead of [0, 1, 0, 1]",0.5085476277156078,67
6248,Adding backwards compatibility for old models by converting input_dtype to dtype,datumbox,cd6bbe72,Adding backwards compatibility for old models by concerting input_dtype to dtype on InputLayers. (#6248),0.8058229640253802,25
6219,Bug fix: K.batch_dot(); tf backend,farizrahman4u,ac6fde80,Bug fix: K.batch_dot(); tf backend (#6219),0.9258200997725514,8
6219,Bug fix: K.batch_dot(); tf backend,farizrahman4u,a8537897,Bug fix.,0.5773502691896258,26
6219,Bug fix: K.batch_dot(); tf backend,farizrahman4u,1193427f,Bug fix.,0.5773502691896258,26
6219,Bug fix: K.batch_dot(); tf backend,farizrahman4u,d09e2a67,fix batch_dot tests on backend,0.5477225575051661,15
6219,Bug fix: K.batch_dot(); tf backend,farizrahman4u,aca4a773,Bug fix,0.5773502691896258,27
6219,Bug fix: K.batch_dot(); tf backend,farizrahman4u,ad254f99,Bug fix,0.5773502691896258,27
6219,Bug fix: K.batch_dot(); tf backend,farizrahman4u,6cc827ca,Bug fix,0.5773502691896258,27
6219,Bug fix: K.batch_dot(); tf backend,farizrahman4u,73c00458,Bug fix,0.5773502691896258,27
6146,Debugging Multiple GPU Model,rmkemker,a9d43719,Multiple GPU works,0.5773502691896258,14
6145,VGG16.py does not work with Keras 2.02 (https://github.com/fchollet/keras/blob/master/keras/applications/vgg16.py),ptisseur,fe8e8fd4,Merge branch 'keras-2' of github.com:fchollet/keras into keras-2,0.5020790110464023,74
6145,VGG16.py does not work with Keras 2.02 (https://github.com/fchollet/keras/blob/master/keras/applications/vgg16.py),ptisseur,4c56f326,Merge branch 'keras-2' of github.com:fchollet/keras into keras-2,0.5020790110464023,74
6145,VGG16.py does not work with Keras 2.02 (https://github.com/fchollet/keras/blob/master/keras/applications/vgg16.py),ptisseur,397e3336,Merge branch 'keras-2' of github.com:fchollet/keras into keras-2,0.5020790110464023,74
6145,VGG16.py does not work with Keras 2.02 (https://github.com/fchollet/keras/blob/master/keras/applications/vgg16.py),ptisseur,37e8234b,Merge branch 'keras-2' of github.com:fchollet/keras into keras-2,0.5020790110464023,74
6145,VGG16.py does not work with Keras 2.02 (https://github.com/fchollet/keras/blob/master/keras/applications/vgg16.py),ptisseur,070037d4,Merge branch 'keras-2' of github.com:fchollet/keras into keras-2,0.5020790110464023,74
6145,VGG16.py does not work with Keras 2.02 (https://github.com/fchollet/keras/blob/master/keras/applications/vgg16.py),ptisseur,89e1ce5f,Merge branch 'keras-2' of github.com:fchollet/keras into keras-2,0.5020790110464023,74
6145,VGG16.py does not work with Keras 2.02 (https://github.com/fchollet/keras/blob/master/keras/applications/vgg16.py),ptisseur,1ac23c25,Merge branch 'keras-2' of github.com:fchollet/keras into keras-2,0.5020790110464023,74
6145,VGG16.py does not work with Keras 2.02 (https://github.com/fchollet/keras/blob/master/keras/applications/vgg16.py),ptisseur,a8564512,Merge branch 'keras-2' of https://github.com/fchollet/keras into keras-2,0.5345224838248488,66
6145,VGG16.py does not work with Keras 2.02 (https://github.com/fchollet/keras/blob/master/keras/applications/vgg16.py),ptisseur,28bc3b9b,Merge https://github.com/fchollet/keras,0.5000000000000001,77
6135,Bugfix to ConvLSTM2D in channels_first image_data_format mode.,obilaniu,64d24215,Bugfix to ConvLSTM2D in channels_first mode. (#6135),0.857142857142857,21
6100,BugFix: Num of params should be int,Danielhiversen,3308778b,Num of params should be int (#6100),0.857142857142857,16
6064,Calling call method of Layer class in topology.py with wrong parameters,kumaranvpl,986ecdb8,Add **kwargs in `call` of base Layer class,0.5103103630798287,56
6060,Bug fix: ocr example; python 3,farizrahman4u,b260333e,Bug fix: ocr example; python 3 (#6060),0.9258200997725514,8
6060,Bug fix: ocr example; python 3,farizrahman4u,a8537897,Bug fix.,0.5773502691896258,23
6060,Bug fix: ocr example; python 3,farizrahman4u,1193427f,Bug fix.,0.5773502691896258,23
6060,Bug fix: ocr example; python 3,farizrahman4u,aca4a773,Bug fix,0.5773502691896258,23
6060,Bug fix: ocr example; python 3,farizrahman4u,ad254f99,Bug fix,0.5773502691896258,23
6060,Bug fix: ocr example; python 3,farizrahman4u,6cc827ca,Bug fix,0.5773502691896258,23
6060,Bug fix: ocr example; python 3,farizrahman4u,73c00458,Bug fix,0.5773502691896258,23
6057,"bug fix, cast batch_sizes as a list to support indexing",slaterb1,86b12f6f,"bug fix, cast batch_sizes as a list to support indexing (#6057)",0.9534625892455924,8
6034,"bugfix: recursive layers, merge_test.py reproduces bug (#5972)",ahundt,b9fc5625,"bugfix: recursive layers, merge_test.py reproduces bug (#5972) (#6034)",0.9428090415820632,8
5938,Change batch size back to None in reshape,matt-gardner,15785660,Change -1's back to None in reshape (#5938),0.7071067811865475,17
5885,preprocess_weights_for_loading [bug],kentsommer,1ddf2352,Fix bug in `preprocess_weights_for_loading`  (#6960),0.6324555320336759,21
5829,MissingErrorInput when calling a model containing a layer with masking on new inputs,around1991,c25fa38d,Fix issue with dynamic trainability API when first layer in a Sequential is a model,0.5009794328681195,68
5827,Bug fixes : Theano shape inference,farizrahman4u,387aea34,Theano fixes,0.6324555320336759,25
5827,Bug fixes : Theano shape inference,farizrahman4u,caceebcb,Theano fixes,0.6324555320336759,25
5827,Bug fixes : Theano shape inference,farizrahman4u,790c74cb,Some Theano fixes.,0.5163977794943222,23
5827,Bug fixes : Theano shape inference,farizrahman4u,a36ed703,Fix Theano shape inference bug.,0.5999999999999999,14
5827,Bug fixes : Theano shape inference,farizrahman4u,60deb6e2,Bug fixes : Theano shape inference (#5827),0.9128709291752769,8
5827,Bug fixes : Theano shape inference,farizrahman4u,10c76237,Bug fixes,0.6324555320336759,25
5827,Bug fixes : Theano shape inference,farizrahman4u,46649e5d,Theano conv fixes.,0.5163977794943222,24
5827,Bug fixes : Theano shape inference,farizrahman4u,00cbeecf,Add shape partial inference to Theano reshape,0.5070925528371099,35
5827,Bug fixes : Theano shape inference,farizrahman4u,6f54b233,Fix Theano input shape inference in InputLayer,0.5070925528371099,29
5773,Cast sparse placeholder shape to int64 to avoid tensorflow bug,michaelosthege,f800e448,models: Cast the mask to floatX to avoid theano upcasting,0.5000000000000001,41
5754,Bug in time_distributed_dense when in tensorflow backend because of set_shape?,liyi193328,e99dbf58,Fixed typo in tensorflow backend,0.5163977794943222,52
5730,Bug fix : Model.from_config,farizrahman4u,2ec486ba,Model input validation fix.,0.5,24
5730,Bug fix : Model.from_config,farizrahman4u,7e071cd7,Bug fix : Model.from_config (#5730),0.8944271909999159,8
5730,Bug fix : Model.from_config,farizrahman4u,a8537897,Bug fix.,0.7071067811865475,19
5730,Bug fix : Model.from_config,farizrahman4u,1193427f,Bug fix.,0.7071067811865475,19
5730,Bug fix : Model.from_config,farizrahman4u,f59736a0,Bug fix : RNNs (#3550),0.5,17
5730,Bug fix : Model.from_config,farizrahman4u,55447cbb,Bug fix : squeeze (#3433),0.5,16
5730,Bug fix : Model.from_config,farizrahman4u,cee4f72a,Bug fix - Siamese,0.5773502691896258,17
5730,Bug fix : Model.from_config,farizrahman4u,de2884af,Bug fix - Cos,0.5773502691896258,17
5730,Bug fix : Model.from_config,farizrahman4u,aca4a773,Bug fix,0.7071067811865475,20
5730,Bug fix : Model.from_config,farizrahman4u,ad254f99,Bug fix,0.7071067811865475,20
5730,Bug fix : Model.from_config,farizrahman4u,6cc827ca,Bug fix,0.7071067811865475,20
5730,Bug fix : Model.from_config,farizrahman4u,73c00458,Bug fix,0.7071067811865475,20
5729,Add merge mode 'max' where it was missing (fixes #3486),Yorwba,b43caf7b,Add merge mode 'max' where it was missing (fixes #3486) (#5729),0.9534625892455924,8
5670,Fix bug in use of pydot.find_graphviz(),sirius27,6dff721a, Fix bug in sparse_categorical_accuracy  (#11373),0.5070925528371099,33
5670,Fix bug in use of pydot.find_graphviz(),sirius27,02bc5010,Fix bug in sparse_top_k_categorical_accuracy (#11196),0.5070925528371099,33
5670,Fix bug in use of pydot.find_graphviz(),sirius27,1ddf2352,Fix bug in `preprocess_weights_for_loading`  (#6960),0.5070925528371099,34
5670,Fix bug in use of pydot.find_graphviz(),sirius27,21bf90cb,Fix bug in convlstm.,0.5669467095138409,26
5670,Fix bug in use of pydot.find_graphviz(),sirius27,3b76158c,Fix bug in deserialization of convolutional layers,0.5714285714285714,32
5669,Fix bug in checking existence of graphviz ,sirius27,6dff721a, Fix bug in sparse_categorical_accuracy  (#11373),0.5070925528371099,33
5669,Fix bug in checking existence of graphviz ,sirius27,02bc5010,Fix bug in sparse_top_k_categorical_accuracy (#11196),0.5070925528371099,37
5669,Fix bug in checking existence of graphviz ,sirius27,1ddf2352,Fix bug in `preprocess_weights_for_loading`  (#6960),0.5070925528371099,35
5669,Fix bug in checking existence of graphviz ,sirius27,21bf90cb,Fix bug in convlstm.,0.5669467095138409,27
5669,Fix bug in checking existence of graphviz ,sirius27,3b76158c,Fix bug in deserialization of convolutional layers,0.5714285714285714,34
5665,GaussianDropout Bugfix,the-moliver,6419d525,GaussianDropout Bugfix (#5665),0.8164965809277259,8
5665,GaussianDropout Bugfix,the-moliver,5706d1d6,Bugfix,0.7071067811865475,16
5489,Causal Dilated Convolutions ,basveeling,4487510c,Causal Dilated Convolutions  (#5489),0.8660254037844387,8
5422,Cleanup training.py generator fncs. Cleanup & fix bugs in test_multiprocessing.py,mjdietzx,46e19b95,Cleanup,0.5163977794943222,74
5358,Keras 2 requests for contribution,fchollet,6691b9e3,Mention requests for contribution in CONTRIBUTING.md,0.5070925528371099,25
5153,Bugfix: Fix issue in deep dream example,mohanson,e41378a2,Fix style issue in docstring,0.5070925528371099,26
5153,Bugfix: Fix issue in deep dream example,mohanson,9295efb2,Simplify the deep dream example,0.5070925528371099,17
5153,Bugfix: Fix issue in deep dream example,mohanson,9736056a,Fix issue in mnist siamese graph example.,0.5714285714285714,25
5153,Bugfix: Fix issue in deep dream example,mohanson,875c5214,Update deep dream example,0.5669467095138409,19
5153,Bugfix: Fix issue in deep dream example,mohanson,a0a0d426,Fix example in doc,0.5669467095138409,29
5153,Bugfix: Fix issue in deep dream example,mohanson,e0255441,Fix example in doc,0.5669467095138409,29
5153,Bugfix: Fix issue in deep dream example,mohanson,02ff1d44,Fix style in example,0.5669467095138409,23
5153,Bugfix: Fix issue in deep dream example,mohanson,eb8b40cc,Fix captioning example in docs,0.5070925528371099,30
5153,Bugfix: Fix issue in deep dream example,mohanson,70f0fe51,Improve deep dream example,0.5669467095138409,19
5153,Bugfix: Fix issue in deep dream example,mohanson,58a94a9b,Add deep dream example,0.5669467095138409,20
5153,Bugfix: Fix issue in deep dream example,mohanson,d49baf1b,Fix example in FAQ,0.5669467095138409,30
5153,Bugfix: Fix issue in deep dream example,mohanson,ca758bef,Fix RepeatVector in captioning example,0.5070925528371099,27
5153,Bugfix: Fix issue in deep dream example,mohanson,16f737ff,Fix AE example in doc,0.5070925528371099,31
5153,Bugfix: Fix issue in deep dream example,mohanson,53a05b6e,Fix metrics issue in evaluate,0.5070925528371099,25
5143,"Bugfix CSVLogger Callback separator and append parameters, added tests",ExpectationMax,aabda13a,"Bugfix CSVLogger separator and append behaviour, added tests (#5143)",0.7777777777777778,25
5121,Fix Sckit-learn API get_parameters bug,bottydim,bc53ef93,Fix scikit-learn API docs (#8529),0.5000000000000001,20
5121,Fix Sckit-learn API get_parameters bug,bottydim,72f1ce4e,Fix Sckit-learn API get_parameters bug (#5121),0.9258200997725514,8
5103,Scikit-learn API bug,bottydim,72f1ce4e,Fix Sckit-learn API get_parameters bug (#5121),0.5669467095138409,28
5093,fix deconv2d None error,ncullen93,d87148c5,fix deconv2d None error (#5093),0.8944271909999159,8
5049,Model generators: Make sure all threads finish when stop is requested,pasky,1c6db081,Model generators: Make sure all threads finish when stop is requested (#5049),0.9574271077563381,8
5021,Fix bug introduced in commit: https://github.com/fchollet/keras/commi…,mjdietzx,c13f8909,Merge branch 'master' of https://github.com/fchollet/keras,0.502518907629606,33
5021,Fix bug introduced in commit: https://github.com/fchollet/keras/commi…,mjdietzx,0f450fe2,Merge branch 'master' of https://github.com/fchollet/keras,0.502518907629606,33
5021,Fix bug introduced in commit: https://github.com/fchollet/keras/commi…,mjdietzx,fbc9a18f,Merge branch 'master' of https://github.com/fchollet/keras,0.502518907629606,33
5021,Fix bug introduced in commit: https://github.com/fchollet/keras/commi…,mjdietzx,2ad3544b,Merge branch 'master' of https://github.com/fchollet/keras,0.502518907629606,33
5021,Fix bug introduced in commit: https://github.com/fchollet/keras/commi…,mjdietzx,8bfd8511,Merge branch 'master' of https://github.com/fchollet/keras,0.502518907629606,33
5021,Fix bug introduced in commit: https://github.com/fchollet/keras/commi…,mjdietzx,d8b226f2,Merge branch 'master' of https://github.com/fchollet/keras,0.502518907629606,33
5021,Fix bug introduced in commit: https://github.com/fchollet/keras/commi…,mjdietzx,1bc79f66,Merge branch 'master' of https://github.com/fchollet/keras,0.502518907629606,33
5021,Fix bug introduced in commit: https://github.com/fchollet/keras/commi…,mjdietzx,942ed44f,Merge branch 'master' of https://github.com/fchollet/keras,0.502518907629606,33
5021,Fix bug introduced in commit: https://github.com/fchollet/keras/commi…,mjdietzx,070609cb,Merge branch 'master' of https://github.com/fchollet/keras,0.502518907629606,33
5021,Fix bug introduced in commit: https://github.com/fchollet/keras/commi…,mjdietzx,d137d001,Merge branch 'master' of https://github.com/fchollet/keras,0.502518907629606,33
5021,Fix bug introduced in commit: https://github.com/fchollet/keras/commi…,mjdietzx,839d4f10,Merge branch 'master' of https://github.com/fchollet/keras,0.502518907629606,33
5021,Fix bug introduced in commit: https://github.com/fchollet/keras/commi…,mjdietzx,bed17efa,Merge branch 'master' of https://github.com/fchollet/keras,0.502518907629606,33
5021,Fix bug introduced in commit: https://github.com/fchollet/keras/commi…,mjdietzx,2b27ab1c,Merge branch 'master' of https://github.com/fchollet/keras,0.502518907629606,33
5021,Fix bug introduced in commit: https://github.com/fchollet/keras/commi…,mjdietzx,d9657b70,Merge branch 'master' of https://github.com/fchollet/keras,0.502518907629606,33
5021,Fix bug introduced in commit: https://github.com/fchollet/keras/commi…,mjdietzx,ea7b37a4,Merge branch 'master' of https://github.com/fchollet/keras,0.502518907629606,33
5021,Fix bug introduced in commit: https://github.com/fchollet/keras/commi…,mjdietzx,9256b762,Merge branch 'master' of https://github.com/fchollet/keras,0.502518907629606,33
5021,Fix bug introduced in commit: https://github.com/fchollet/keras/commi…,mjdietzx,9dd06082,Merge branch 'master' of https://github.com/fchollet/keras,0.502518907629606,33
5021,Fix bug introduced in commit: https://github.com/fchollet/keras/commi…,mjdietzx,3ab29205,Merge branch 'master' of https://github.com/fchollet/keras,0.502518907629606,33
5021,Fix bug introduced in commit: https://github.com/fchollet/keras/commi…,mjdietzx,ae7ef37c,Merge branch 'master' of https://github.com/fchollet/keras,0.502518907629606,33
5021,Fix bug introduced in commit: https://github.com/fchollet/keras/commi…,mjdietzx,08a090de,Merge branch 'master' of https://github.com/fchollet/keras,0.502518907629606,33
5021,Fix bug introduced in commit: https://github.com/fchollet/keras/commi…,mjdietzx,02fe3718,Merge branch 'master' of https://github.com/fchollet/keras,0.502518907629606,33
5021,Fix bug introduced in commit: https://github.com/fchollet/keras/commi…,mjdietzx,6610880f,Merge branch 'master' of https://github.com/fchollet/keras,0.502518907629606,33
5021,Fix bug introduced in commit: https://github.com/fchollet/keras/commi…,mjdietzx,cdab7394,Merge branch 'master' of https://github.com/fchollet/keras,0.502518907629606,33
5021,Fix bug introduced in commit: https://github.com/fchollet/keras/commi…,mjdietzx,25ed701d,Merge branch 'master' of https://github.com/fchollet/keras,0.502518907629606,33
5021,Fix bug introduced in commit: https://github.com/fchollet/keras/commi…,mjdietzx,75615389,Merge branch 'master' of https://github.com/fchollet/keras,0.502518907629606,33
5021,Fix bug introduced in commit: https://github.com/fchollet/keras/commi…,mjdietzx,f605769a,Merge branch 'master' of https://github.com/fchollet/keras,0.502518907629606,33
5021,Fix bug introduced in commit: https://github.com/fchollet/keras/commi…,mjdietzx,e15eb403,Merge branch 'master' of https://github.com/fchollet/keras,0.502518907629606,33
5021,Fix bug introduced in commit: https://github.com/fchollet/keras/commi…,mjdietzx,40612fac,Merge branch 'master' of https://github.com/fchollet/keras,0.502518907629606,33
5021,Fix bug introduced in commit: https://github.com/fchollet/keras/commi…,mjdietzx,82afc713,Merge branch 'master' of https://github.com/fchollet/keras,0.502518907629606,33
5021,Fix bug introduced in commit: https://github.com/fchollet/keras/commi…,mjdietzx,d1870595,Merge branch 'master' of https://github.com/fchollet/keras,0.502518907629606,33
5021,Fix bug introduced in commit: https://github.com/fchollet/keras/commi…,mjdietzx,5d2acf48,Merge branch 'master' of https://github.com/fchollet/keras,0.502518907629606,33
5021,Fix bug introduced in commit: https://github.com/fchollet/keras/commi…,mjdietzx,44744538,Merge branch 'master' of https://github.com/fchollet/keras,0.502518907629606,33
5021,Fix bug introduced in commit: https://github.com/fchollet/keras/commi…,mjdietzx,1855c49d,Merge branch 'master' of https://github.com/fchollet/keras,0.502518907629606,33
5021,Fix bug introduced in commit: https://github.com/fchollet/keras/commi…,mjdietzx,108159ed,Merge branch 'master' of https://github.com/fchollet/keras,0.502518907629606,33
5021,Fix bug introduced in commit: https://github.com/fchollet/keras/commi…,mjdietzx,576cf897,Merge branch 'master' of https://github.com/fchollet/keras,0.502518907629606,33
5021,Fix bug introduced in commit: https://github.com/fchollet/keras/commi…,mjdietzx,8fa82ae5,Merge branch 'master' of https://github.com/fchollet/keras,0.502518907629606,33
5021,Fix bug introduced in commit: https://github.com/fchollet/keras/commi…,mjdietzx,5dd74542,Merge branch 'master' of https://github.com/fchollet/keras,0.502518907629606,33
5021,Fix bug introduced in commit: https://github.com/fchollet/keras/commi…,mjdietzx,6e0b50fb,Merge branch 'master' of https://github.com/fchollet/keras,0.502518907629606,33
5021,Fix bug introduced in commit: https://github.com/fchollet/keras/commi…,mjdietzx,6e5f97fc,Merge branch 'master' of https://github.com/fchollet/keras,0.502518907629606,33
5021,Fix bug introduced in commit: https://github.com/fchollet/keras/commi…,mjdietzx,dc569e95,Merge branch 'master' of https://github.com/fchollet/keras,0.502518907629606,33
5021,Fix bug introduced in commit: https://github.com/fchollet/keras/commi…,mjdietzx,a9ca2c54,Merge branch 'master' of https://github.com/fchollet/keras,0.502518907629606,33
5021,Fix bug introduced in commit: https://github.com/fchollet/keras/commi…,mjdietzx,0419fe67,Merge branch 'master' of https://github.com/fchollet/keras,0.502518907629606,33
5021,Fix bug introduced in commit: https://github.com/fchollet/keras/commi…,mjdietzx,66c8d7ba,Merge branch 'master' of https://github.com/fchollet/keras,0.502518907629606,33
5021,Fix bug introduced in commit: https://github.com/fchollet/keras/commi…,mjdietzx,106c0b75,Merge branch 'master' of https://github.com/fchollet/keras,0.502518907629606,33
5021,Fix bug introduced in commit: https://github.com/fchollet/keras/commi…,mjdietzx,345413fb,Merge branch 'master' of https://github.com/fchollet/keras,0.502518907629606,33
5021,Fix bug introduced in commit: https://github.com/fchollet/keras/commi…,mjdietzx,ce7276bc,Merge branch 'master' of https://github.com/fchollet/keras,0.502518907629606,33
5021,Fix bug introduced in commit: https://github.com/fchollet/keras/commi…,mjdietzx,cd28c6d0,Merge branch 'master' of https://github.com/fchollet/keras,0.502518907629606,33
5021,Fix bug introduced in commit: https://github.com/fchollet/keras/commi…,mjdietzx,990ef92a,Merge branch 'master' of https://github.com/fchollet/keras,0.502518907629606,33
5021,Fix bug introduced in commit: https://github.com/fchollet/keras/commi…,mjdietzx,a3c9d2d7,Merge branch 'master' of https://github.com/fchollet/keras,0.502518907629606,33
5021,Fix bug introduced in commit: https://github.com/fchollet/keras/commi…,mjdietzx,cf755a9c,Merge branch 'master' of https://github.com/fchollet/keras,0.502518907629606,33
5021,Fix bug introduced in commit: https://github.com/fchollet/keras/commi…,mjdietzx,1588998e,Merge https://github.com/fchollet/keras into BRNN_latest,0.5330017908890261,43
5021,Fix bug introduced in commit: https://github.com/fchollet/keras/commi…,mjdietzx,606a9b68,Merge https://github.com/fchollet/keras into BRNN_latest,0.5330017908890261,43
5021,Fix bug introduced in commit: https://github.com/fchollet/keras/commi…,mjdietzx,9048b5cb,Merge branch 'master' of https://github.com/fchollet/keras,0.502518907629606,33
5021,Fix bug introduced in commit: https://github.com/fchollet/keras/commi…,mjdietzx,2b263891,Merge branch 'master' of https://github.com/fchollet/keras,0.502518907629606,33
5021,Fix bug introduced in commit: https://github.com/fchollet/keras/commi…,mjdietzx,3df101cc,Merge branch 'master' of https://github.com/fchollet/keras,0.502518907629606,33
5021,Fix bug introduced in commit: https://github.com/fchollet/keras/commi…,mjdietzx,52f48e1f,Merge branch 'master' of https://github.com/fchollet/keras,0.502518907629606,33
5021,Fix bug introduced in commit: https://github.com/fchollet/keras/commi…,mjdietzx,c192beaf,Merge branch 'master' of https://github.com/fchollet/keras,0.502518907629606,33
5021,Fix bug introduced in commit: https://github.com/fchollet/keras/commi…,mjdietzx,f2443de9,Merge branch 'master' of https://github.com/fchollet/keras,0.502518907629606,33
5021,Fix bug introduced in commit: https://github.com/fchollet/keras/commi…,mjdietzx,64374c98,Merge branch 'master' of https://github.com/fchollet/keras,0.502518907629606,33
5021,Fix bug introduced in commit: https://github.com/fchollet/keras/commi…,mjdietzx,001f29cf,Merge branch 'master' of https://github.com/fchollet/keras,0.502518907629606,33
5021,Fix bug introduced in commit: https://github.com/fchollet/keras/commi…,mjdietzx,14b10907,Merge branch 'master' of https://github.com/fchollet/keras,0.502518907629606,33
5021,Fix bug introduced in commit: https://github.com/fchollet/keras/commi…,mjdietzx,aceded7b,Merge branch 'master' of https://github.com/fchollet/keras,0.502518907629606,33
5021,Fix bug introduced in commit: https://github.com/fchollet/keras/commi…,mjdietzx,4f530ab5,Merge branch 'master' of https://github.com/fchollet/keras,0.502518907629606,33
5021,Fix bug introduced in commit: https://github.com/fchollet/keras/commi…,mjdietzx,f834c592,Merge branch 'master' of https://github.com/fchollet/keras,0.502518907629606,33
5021,Fix bug introduced in commit: https://github.com/fchollet/keras/commi…,mjdietzx,040e1ef6,Merge branch 'master' of https://github.com/fchollet/keras,0.502518907629606,33
5021,Fix bug introduced in commit: https://github.com/fchollet/keras/commi…,mjdietzx,94c91831,Merge branch 'master' of https://github.com/fchollet/keras,0.502518907629606,33
5021,Fix bug introduced in commit: https://github.com/fchollet/keras/commi…,mjdietzx,998efc04,Merge branch 'master' of https://github.com/fchollet/keras,0.502518907629606,33
5021,Fix bug introduced in commit: https://github.com/fchollet/keras/commi…,mjdietzx,87f62dc6,Merge branch 'master' of https://github.com/fchollet/keras,0.502518907629606,33
5021,Fix bug introduced in commit: https://github.com/fchollet/keras/commi…,mjdietzx,3f623df0,Merge branch 'master' of https://github.com/fchollet/keras,0.502518907629606,33
5021,Fix bug introduced in commit: https://github.com/fchollet/keras/commi…,mjdietzx,532515cb,Merge branch 'master' of https://github.com/fchollet/keras,0.502518907629606,33
5021,Fix bug introduced in commit: https://github.com/fchollet/keras/commi…,mjdietzx,b5f65dfa,Merge branch 'master' of https://github.com/fchollet/keras,0.502518907629606,33
5021,Fix bug introduced in commit: https://github.com/fchollet/keras/commi…,mjdietzx,25d76eb1,Merge branch 'master' of https://github.com/fchollet/keras,0.502518907629606,33
5021,Fix bug introduced in commit: https://github.com/fchollet/keras/commi…,mjdietzx,9f917f26,Merge branch 'master' of https://github.com/fchollet/keras,0.502518907629606,33
5021,Fix bug introduced in commit: https://github.com/fchollet/keras/commi…,mjdietzx,7e85390d,Merge branch 'master' of https://github.com/fchollet/keras,0.502518907629606,33
5021,Fix bug introduced in commit: https://github.com/fchollet/keras/commi…,mjdietzx,52e3e262,Merge branch 'master' of https://github.com/fchollet/keras,0.502518907629606,33
5021,Fix bug introduced in commit: https://github.com/fchollet/keras/commi…,mjdietzx,b2048d1d,Merge branch 'master' of https://github.com/fchollet/keras,0.502518907629606,33
5021,Fix bug introduced in commit: https://github.com/fchollet/keras/commi…,mjdietzx,3dfba050,Merge branch 'master' of https://github.com/fchollet/keras,0.502518907629606,33
5021,Fix bug introduced in commit: https://github.com/fchollet/keras/commi…,mjdietzx,f66b58bb,Merge branch 'master' of https://github.com/fchollet/keras,0.502518907629606,33
5021,Fix bug introduced in commit: https://github.com/fchollet/keras/commi…,mjdietzx,eb11ad77,Merge branch 'master' of https://github.com/fchollet/keras,0.502518907629606,33
5021,Fix bug introduced in commit: https://github.com/fchollet/keras/commi…,mjdietzx,818f5d7d,Merge branch 'master' of https://github.com/fchollet/keras,0.502518907629606,33
5021,Fix bug introduced in commit: https://github.com/fchollet/keras/commi…,mjdietzx,3dd6dbe5,Merge branch 'master' of https://github.com/fchollet/keras,0.502518907629606,33
5021,Fix bug introduced in commit: https://github.com/fchollet/keras/commi…,mjdietzx,f7d4a1e4,Merge branch 'master' of https://github.com/fchollet/keras,0.502518907629606,33
5021,Fix bug introduced in commit: https://github.com/fchollet/keras/commi…,mjdietzx,1b66e36e,Merge branch 'master' of https://github.com/fchollet/keras,0.502518907629606,33
5021,Fix bug introduced in commit: https://github.com/fchollet/keras/commi…,mjdietzx,6a1ede1a,Merge branch 'master' of https://github.com/fchollet/keras,0.502518907629606,33
5021,Fix bug introduced in commit: https://github.com/fchollet/keras/commi…,mjdietzx,275f4166,Merge branch 'master' of https://github.com/fchollet/keras,0.502518907629606,33
5021,Fix bug introduced in commit: https://github.com/fchollet/keras/commi…,mjdietzx,0e295dbd,Merge branch 'master' of https://github.com/fchollet/keras,0.502518907629606,33
5021,Fix bug introduced in commit: https://github.com/fchollet/keras/commi…,mjdietzx,f392a780,Merge branch 'master' of https://github.com/fchollet/keras,0.502518907629606,33
5021,Fix bug introduced in commit: https://github.com/fchollet/keras/commi…,mjdietzx,036d968a,Merge branch 'master' of https://github.com/fchollet/keras,0.502518907629606,33
5021,Fix bug introduced in commit: https://github.com/fchollet/keras/commi…,mjdietzx,65ebd8aa,Merge branch 'master' of https://github.com/fchollet/keras,0.502518907629606,33
5021,Fix bug introduced in commit: https://github.com/fchollet/keras/commi…,mjdietzx,a5f4bd33,Merge branch 'master' of https://github.com/fchollet/keras,0.502518907629606,33
5021,Fix bug introduced in commit: https://github.com/fchollet/keras/commi…,mjdietzx,f53c3195,Merge branch 'master' of https://github.com/fchollet/keras,0.502518907629606,33
5021,Fix bug introduced in commit: https://github.com/fchollet/keras/commi…,mjdietzx,28054136,Merge branch 'master' of https://github.com/fchollet/keras,0.502518907629606,33
5021,Fix bug introduced in commit: https://github.com/fchollet/keras/commi…,mjdietzx,a4329aa4,Merge branch 'master' of https://github.com/fchollet/keras,0.502518907629606,33
5021,Fix bug introduced in commit: https://github.com/fchollet/keras/commi…,mjdietzx,877d4474,Merge branch 'master' of https://github.com/fchollet/keras,0.502518907629606,33
5021,Fix bug introduced in commit: https://github.com/fchollet/keras/commi…,mjdietzx,0d6575c7,Merge branch 'master' of https://github.com/fchollet/keras,0.502518907629606,33
5021,Fix bug introduced in commit: https://github.com/fchollet/keras/commi…,mjdietzx,7a6cec90,Merge branch 'master' of https://github.com/fchollet/keras,0.502518907629606,33
5021,Fix bug introduced in commit: https://github.com/fchollet/keras/commi…,mjdietzx,7fafc8ec,Merge branch 'master' of https://github.com/fchollet/keras,0.502518907629606,33
5021,Fix bug introduced in commit: https://github.com/fchollet/keras/commi…,mjdietzx,28285ced,Merge branch 'master' of https://github.com/fchollet/keras,0.502518907629606,33
5021,Fix bug introduced in commit: https://github.com/fchollet/keras/commi…,mjdietzx,d5502324,Merge branch 'master' of https://github.com/fchollet/keras,0.502518907629606,33
5021,Fix bug introduced in commit: https://github.com/fchollet/keras/commi…,mjdietzx,702e9d3b,Merge branch 'master' of https://github.com/fchollet/keras,0.502518907629606,33
5021,Fix bug introduced in commit: https://github.com/fchollet/keras/commi…,mjdietzx,14cc628b,Merge branch 'master' of https://github.com/fchollet/keras,0.502518907629606,33
5021,Fix bug introduced in commit: https://github.com/fchollet/keras/commi…,mjdietzx,cd3a0359,Merge branch 'master' of https://github.com/fchollet/keras,0.502518907629606,33
5021,Fix bug introduced in commit: https://github.com/fchollet/keras/commi…,mjdietzx,a96ac71a,Merge branch 'master' of https://github.com/fchollet/keras,0.502518907629606,33
5021,Fix bug introduced in commit: https://github.com/fchollet/keras/commi…,mjdietzx,93c62cd6,Merge branch 'master' of https://github.com/fchollet/keras,0.502518907629606,33
5021,Fix bug introduced in commit: https://github.com/fchollet/keras/commi…,mjdietzx,31fbf7f2,Merge branch 'master' of https://github.com/fchollet/keras,0.502518907629606,33
5021,Fix bug introduced in commit: https://github.com/fchollet/keras/commi…,mjdietzx,b5fb00d7,Merge branch 'master' of https://github.com/fchollet/keras,0.502518907629606,33
5021,Fix bug introduced in commit: https://github.com/fchollet/keras/commi…,mjdietzx,28bc3b9b,Merge https://github.com/fchollet/keras,0.6154574548966638,34
5021,Fix bug introduced in commit: https://github.com/fchollet/keras/commi…,mjdietzx,43bfeb0a,Merge branch 'master' of https://github.com/fchollet/keras,0.502518907629606,33
5021,Fix bug introduced in commit: https://github.com/fchollet/keras/commi…,mjdietzx,376373d1,Merge branch 'master' of https://github.com/fchollet/keras,0.502518907629606,33
5021,Fix bug introduced in commit: https://github.com/fchollet/keras/commi…,mjdietzx,122baad7,Merge branch 'master' of https://github.com/fchollet/keras,0.502518907629606,33
5021,Fix bug introduced in commit: https://github.com/fchollet/keras/commi…,mjdietzx,426ea154,Merge branch 'master' of https://github.com/fchollet/keras,0.502518907629606,33
5021,Fix bug introduced in commit: https://github.com/fchollet/keras/commi…,mjdietzx,c83e6e62,Merge branch 'master' of https://github.com/fchollet/keras,0.502518907629606,33
5021,Fix bug introduced in commit: https://github.com/fchollet/keras/commi…,mjdietzx,976c7752,Merge branch 'master' of https://github.com/fchollet/keras,0.502518907629606,33
5021,Fix bug introduced in commit: https://github.com/fchollet/keras/commi…,mjdietzx,4bb07c1a,Merge branch 'master' of https://github.com/fchollet/keras,0.502518907629606,33
5021,Fix bug introduced in commit: https://github.com/fchollet/keras/commi…,mjdietzx,4ef999ff,Merge branch 'master' of https://github.com/fchollet/keras,0.502518907629606,33
5021,Fix bug introduced in commit: https://github.com/fchollet/keras/commi…,mjdietzx,31c39350,Merge branch 'master' of https://github.com/fchollet/keras,0.502518907629606,33
5021,Fix bug introduced in commit: https://github.com/fchollet/keras/commi…,mjdietzx,6b8dce47,Merge branch 'master' of https://github.com/fchollet/keras,0.502518907629606,33
5021,Fix bug introduced in commit: https://github.com/fchollet/keras/commi…,mjdietzx,2379f276,Merge branch 'master' of https://github.com/fchollet/keras,0.502518907629606,33
5021,Fix bug introduced in commit: https://github.com/fchollet/keras/commi…,mjdietzx,021d11e6,Merge branch 'master' of https://github.com/fchollet/keras,0.502518907629606,33
5012,Fix custom_objects for regularizers and other issues,bstriner,d7e0621e,Fix custom_objects for regularizers and other issues (#5012),0.9354143466934852,8
5012,Fix custom_objects for regularizers and other issues,bstriner,cf3b3dff,Fix regularizers,0.5345224838248487,36
5012,Fix custom_objects for regularizers and other issues,bstriner,3b2acf76,Fix constraints and regularizers,0.5669467095138409,30
4999,Potential deconv model saving fix?,jmhessel,c6bf7558,Potential deconv model saving fix? (#4999),0.9128709291752769,8
4928,Support shape inference for Reshape layer,faroit,150e0fa8,Support shape inference for Reshape layer (#4928),0.9258200997725514,8
4928,Support shape inference for Reshape layer,faroit,c4361d22,Improve Lambda layer shape inference for TF,0.6172133998483676,31
4863,bug in model.save() ,aurum408,21bf90cb,Fix bug in convlstm.,0.5,14
4863,bug in model.save() ,aurum408,05abe814,Add keras version in model save files,0.5669467095138409,24
4863,bug in model.save() ,aurum408,e94f29ca,Fix bug with validation data in Graph model,0.5303300858899106,34
4855,Fix for Issue #4851,the-moliver,2ccb69df,Fix,0.5,16
4855,Fix for Issue #4851,the-moliver,0e18cb3e,Fix for Issue #4851 (#4855),0.8944271909999159,8
4855,Fix for Issue #4851,the-moliver,61e5ea1f,Fix for 2d pooling,0.5,11
4855,Fix for Issue #4851,the-moliver,b92cec3d,Fix for nested models,0.5,10
4855,Fix for Issue #4851,the-moliver,d7e0ba1c,Fix,0.5,16
4855,Fix for Issue #4851,the-moliver,ce659e56,Fix check for mask,0.5,14
4693,bug in pool2d,rex-yue-wu,6dff721a, Fix bug in sparse_categorical_accuracy  (#11373),0.5163977794943222,39
4693,bug in pool2d,rex-yue-wu,02bc5010,Fix bug in sparse_top_k_categorical_accuracy (#11196),0.5163977794943222,42
4693,bug in pool2d,rex-yue-wu,1ddf2352,Fix bug in `preprocess_weights_for_loading`  (#6960),0.5163977794943222,40
4693,bug in pool2d,rex-yue-wu,21bf90cb,Fix bug in convlstm.,0.5773502691896258,11
4683,Fix for issue #4640: Bug in theano_backend for _Pooling1D,sunil-at-gh,6e289d71,Fix same issue for convlstm,0.5393598899705937,42
4683,Fix for issue #4640: Bug in theano_backend for _Pooling1D,sunil-at-gh,7db6de84,Fix for issue #3965 (#4333),0.5393598899705937,41
4683,Fix for issue #4640: Bug in theano_backend for _Pooling1D,sunil-at-gh,30208ae0,Fix for issue #2276 (#2277),0.5393598899705937,41
4683,Fix for issue #4640: Bug in theano_backend for _Pooling1D,sunil-at-gh,5e2b9358,Fix issue in Theano scan for recurrent layers,0.5330017908890261,37
4632,fixed bug in tensorflow dot when multiple dims are dynamic,linxihui,96483326,fixed tensorflow bug,0.5477225575051661,40
4583,Bug fix: InputLayer is ignoring _keras_shape,farizrahman4u,a8537897,Bug fix.,0.5773502691896258,37
4583,Bug fix: InputLayer is ignoring _keras_shape,farizrahman4u,1193427f,Bug fix.,0.5773502691896258,37
4583,Bug fix: InputLayer is ignoring _keras_shape,farizrahman4u,aca4a773,Bug fix,0.5773502691896258,37
4583,Bug fix: InputLayer is ignoring _keras_shape,farizrahman4u,ad254f99,Bug fix,0.5773502691896258,37
4583,Bug fix: InputLayer is ignoring _keras_shape,farizrahman4u,6cc827ca,Bug fix,0.5773502691896258,37
4583,Bug fix: InputLayer is ignoring _keras_shape,farizrahman4u,73c00458,Bug fix,0.5773502691896258,37
4502,Bug Fix : Sequential model is ignoring trainable argument of child containers,farizrahman4u,c1c2b330,"Fix ""trainable"" argument",0.5222329678670935,56
4426,Bugfix: Don't add another header line to CSV logfile when appending to an existing file,kencoken,b2aebb30,Don't add another header line to CSV logger when appending to an existing file (#4426),0.8888888888888891,20
4424,"Bug fix of Bidirectional(LSTM(..., stateful=True))",yukoba,a8537897,Bug fix.,0.5345224838248487,42
4424,"Bug fix of Bidirectional(LSTM(..., stateful=True))",yukoba,1193427f,Bug fix.,0.5345224838248487,42
4424,"Bug fix of Bidirectional(LSTM(..., stateful=True))",yukoba,04ea01f3,"Bug fix of Bidirectional(LSTM(..., stateful=True)) (#4424)",0.9354143466934852,8
4424,"Bug fix of Bidirectional(LSTM(..., stateful=True))",yukoba,aca4a773,Bug fix,0.5345224838248487,43
4424,"Bug fix of Bidirectional(LSTM(..., stateful=True))",yukoba,ad254f99,Bug fix,0.5345224838248487,43
4424,"Bug fix of Bidirectional(LSTM(..., stateful=True))",yukoba,6cc827ca,Bug fix,0.5345224838248487,43
4424,"Bug fix of Bidirectional(LSTM(..., stateful=True))",yukoba,73c00458,Bug fix,0.5345224838248487,43
4338,Fix the load_model() bug by sorting weights by names,yukoba,6ac9af0a,Fix the load_model() bug by sorting weights by names (#4338),0.9574271077563381,8
4319,Bugfix to CIFAR pickle reading code in Python 3,kencoken,5266fdac,Bugfix to CIFAR pickle reading code in Python 3 (#4319),0.9486832980505138,8
4315,Add documentation to set self.built = True in MyLayer.build(),matt-gardner,36176924,Best to set self.built=True at the end of build() (#10191),0.5477225575051661,39
4315,Add documentation to set self.built = True in MyLayer.build(),matt-gardner,8360ef3a,Add documentation to set self.built = True in MyLayer.build() (#4315),0.9534625892455924,8
4251,BUG: Deconvolution2D output shape not correctly referenced,mbaradad,7d143370,BUG: Deconvolution2D output shape not correctly referenced (#4251),0.9354143466934852,8
4200,Bug fix when target is a SparseTensor.,igormq,a8537897,Bug fix.,0.5345224838248487,30
4200,Bug fix when target is a SparseTensor.,igormq,1193427f,Bug fix.,0.5345224838248487,30
4200,Bug fix when target is a SparseTensor.,igormq,49386e8d,Bug fix when target is a SparseTensor. (#4200),0.9354143466934852,8
4200,Bug fix when target is a SparseTensor.,igormq,aca4a773,Bug fix,0.5345224838248487,31
4200,Bug fix when target is a SparseTensor.,igormq,ad254f99,Bug fix,0.5345224838248487,31
4200,Bug fix when target is a SparseTensor.,igormq,6cc827ca,Bug fix,0.5345224838248487,31
4200,Bug fix when target is a SparseTensor.,igormq,73c00458,Bug fix,0.5345224838248487,31
4181,Bug fix in zca_whitening,alexander-rakhlin,aed00c3c,Small fix in EarlyStopping,0.5,14
4181,Bug fix in zca_whitening,alexander-rakhlin,1918e6a7,Small fix in EarlyStopping,0.5,14
4181,Bug fix in zca_whitening,alexander-rakhlin,692e8e20,Bug fix: Support multiple outputs in Lambda layer (#7222),0.5,45
4181,Bug fix in zca_whitening,alexander-rakhlin,0d27d903,Bug fix in convolutional recurrent state setting,0.5669467095138409,31
4181,Bug fix in zca_whitening,alexander-rakhlin,4f9e7bf9,Bug fix in recurrent layer (#6393),0.6123724356957946,20
4181,Bug fix in zca_whitening,alexander-rakhlin,a8e7b19b,Style fix in callbacks.,0.5,16
4181,Bug fix in zca_whitening,alexander-rakhlin,a8537897,Bug fix.,0.7071067811865475,17
4181,Bug fix in zca_whitening,alexander-rakhlin,1193427f,Bug fix.,0.7071067811865475,17
4181,Bug fix in zca_whitening,alexander-rakhlin,80fbbc3a,Bug fix in zca_whitening (#4181),0.8944271909999159,8
4181,Bug fix in zca_whitening,alexander-rakhlin,f59736a0,Bug fix : RNNs (#3550),0.5,15
4181,Bug fix in zca_whitening,alexander-rakhlin,55447cbb,Bug fix : squeeze (#3433),0.5,17
4181,Bug fix in zca_whitening,alexander-rakhlin,ff3f00d8,Style fix in example,0.5,16
4181,Bug fix in zca_whitening,alexander-rakhlin,885e6e62,Style fix in test,0.5,16
4181,Bug fix in zca_whitening,alexander-rakhlin,cee4f72a,Bug fix - Siamese,0.5773502691896258,13
4181,Bug fix in zca_whitening,alexander-rakhlin,de2884af,Bug fix - Cos,0.5773502691896258,15
4181,Bug fix in zca_whitening,alexander-rakhlin,aca4a773,Bug fix,0.7071067811865475,17
4181,Bug fix in zca_whitening,alexander-rakhlin,ad254f99,Bug fix,0.7071067811865475,17
4181,Bug fix in zca_whitening,alexander-rakhlin,6cc827ca,Bug fix,0.7071067811865475,17
4181,Bug fix in zca_whitening,alexander-rakhlin,73c00458,Bug fix,0.7071067811865475,17
4159,Bug fix in TensorBoard callback and corresponding test,mjdietzx,bcf0031b,fix TensorBoard callback with unit test (#10173),0.5345224838248487,29
4159,Bug fix in TensorBoard callback and corresponding test,mjdietzx,885e6e62,Style fix in test,0.5303300858899106,44
4135,Fix json serialization in Lambda layer broken for windows + python3,eyaler,e37df7ca,Fix json serialization in Lambda layer (#3012),0.7171371656006361,28
4135,Fix json serialization in Lambda layer broken for windows + python3,eyaler,9c56b915,Fix json serialization in merge layer (#2854),0.5976143046671968,34
4135,Fix json serialization in Lambda layer broken for windows + python3,eyaler,16590ccc,Fix typo in Lambda layer,0.5656854249492379,46
4001,The type of the replacement must be compatible with the type of the original Variable ？ MergeOptimizer,wdl000001,6272e662,Reduced the size of the numpy arrays used in the tests. (#11491),0.5084751798731267,79
3822,Matthews Correlation fix and test,kuza55,06f18fa1,Matthews Correlation fix and test (#3822),0.9128709291752769,8
3715,fix bug in neural_style_transfer example for image_dim_ordering=tf,dolaameng,f5ad1c57,fix bug in neural_style_transfer example for image_dim_ordering=tf (#3715),0.9428090415820632,8
3715,fix bug in neural_style_transfer example for image_dim_ordering=tf,dolaameng,ff3f00d8,Style fix in example,0.5303300858899106,54
3708,Dot/cos merge : bug fix,farizrahman4u,f28ef61a,fix merge conflict,0.5163977794943222,16
3708,Dot/cos merge : bug fix,farizrahman4u,dc92abc1,fix merge conflict,0.5163977794943222,16
3708,Dot/cos merge : bug fix,farizrahman4u,97f32731,fix merge conflicts,0.5163977794943222,16
3708,Dot/cos merge : bug fix,farizrahman4u,200b1932,fix merge conflicts,0.5163977794943222,16
3708,Dot/cos merge : bug fix,farizrahman4u,fff781cf,fix merge conflict,0.5163977794943222,16
3708,Dot/cos merge : bug fix,farizrahman4u,2752a587,Tmp bug fix,0.5163977794943222,14
3708,Dot/cos merge : bug fix,farizrahman4u,f05cd95f,Dot/cos merge : bug fix (#3708),0.9128709291752769,8
3708,Dot/cos merge : bug fix,farizrahman4u,01a3e298,Dot and cos merge modes,0.5999999999999999,14
3708,Dot/cos merge : bug fix,farizrahman4u,0e62ae4e,fix merge conflict,0.5163977794943222,16
3708,Dot/cos merge : bug fix,farizrahman4u,37978fcd,fix merge conflict,0.5163977794943222,16
3708,Dot/cos merge : bug fix,farizrahman4u,61d76d4a,fix merge conflict,0.5163977794943222,16
3662,Fix TensorFlow RNN backwards support,gw0,48ae7217,Fix TensorFlow RNN backwards support. (#3662),0.9128709291752769,9
3662,Fix TensorFlow RNN backwards support,gw0,ecd414d7,Fix RNN regularizers,0.5163977794943222,25
3637,RNN fails on 1.0.8 but runs fine on 1.0.7,fmfn,d0659327,Prepare 1.0.8 release.,0.512989176042577,30
3637,RNN fails on 1.0.8 but runs fine on 1.0.7,fmfn,7a12fd0f,1.0.1 release,0.5619514869490164,34
3637,RNN fails on 1.0.8 but runs fine on 1.0.7,fmfn,8715c70a,"Modify UpSampling1D/2D to turn [0, 1] into [0, 0, 1, 1] instead of [0, 1, 0, 1]",0.6024752331287778,60
3630,Bug fix : Sequential model guide,farizrahman4u,a8537897,Bug fix.,0.6324555320336759,25
3630,Bug fix : Sequential model guide,farizrahman4u,1193427f,Bug fix.,0.6324555320336759,25
3630,Bug fix : Sequential model guide,farizrahman4u,1b158ff4,Bug fix + test - Sequential.pop() (#3252),0.5477225575051661,20
3630,Bug fix : Sequential model guide,farizrahman4u,cee4f72a,Bug fix - Siamese,0.5163977794943222,17
3630,Bug fix : Sequential model guide,farizrahman4u,de2884af,Bug fix - Cos,0.5163977794943222,22
3630,Bug fix : Sequential model guide,farizrahman4u,aca4a773,Bug fix,0.6324555320336759,25
3630,Bug fix : Sequential model guide,farizrahman4u,ad254f99,Bug fix,0.6324555320336759,25
3630,Bug fix : Sequential model guide,farizrahman4u,6cc827ca,Bug fix,0.6324555320336759,25
3630,Bug fix : Sequential model guide,farizrahman4u,73c00458,Bug fix,0.6324555320336759,25
3590,"Bug fix, batch_size set instead of default one",pambros,e582f9dc,"Bug fix, batch_size set instead of default one (#3590)",0.9428090415820632,8
3550,Bug fix : RNNs,farizrahman4u,9148325b,Bug fix: Batch dot (#11458),0.5163977794943222,18
3550,Bug fix : RNNs,farizrahman4u,7e071cd7,Bug fix : Model.from_config (#5730),0.5163977794943222,25
3550,Bug fix : RNNs,farizrahman4u,a8537897,Bug fix.,0.8164965809277259,7
3550,Bug fix : RNNs,farizrahman4u,1193427f,Bug fix.,0.8164965809277259,7
3550,Bug fix : RNNs,farizrahman4u,80fbbc3a,Bug fix in zca_whitening (#4181),0.5163977794943222,23
3550,Bug fix : RNNs,farizrahman4u,f59736a0,Bug fix : RNNs (#3550),0.8660254037844387,8
3550,Bug fix : RNNs,farizrahman4u,55447cbb,Bug fix : squeeze (#3433),0.5773502691896258,15
3550,Bug fix : RNNs,farizrahman4u,cee4f72a,Bug fix - Siamese,0.6666666666666667,7
3550,Bug fix : RNNs,farizrahman4u,de2884af,Bug fix - Cos,0.6666666666666667,4
3550,Bug fix : RNNs,farizrahman4u,aca4a773,Bug fix,0.8164965809277259,7
3550,Bug fix : RNNs,farizrahman4u,ad254f99,Bug fix,0.8164965809277259,7
3550,Bug fix : RNNs,farizrahman4u,6cc827ca,Bug fix,0.8164965809277259,7
3550,Bug fix : RNNs,farizrahman4u,73c00458,Bug fix,0.8164965809277259,7
3470,Fix a issue when only specify one dot_axes for in the Merge layer in the dot mode,kemaswill,cc3521ea," [RELNOTES] Added the mode ""bilinear"" in the upscaling2D layer. (#10994)",0.5039526306789697,64
3470,Fix a issue when only specify one dot_axes for in the Merge layer in the dot mode,kemaswill,b2392413,Fix a issue when only specify one dot_axes for in the Merge layer in the dot mode (#3470),0.9770084209183943,8
3433,Bug fix : squeeze,farizrahman4u,9148325b,Bug fix: Batch dot (#11458),0.5163977794943222,18
3433,Bug fix : squeeze,farizrahman4u,7e071cd7,Bug fix : Model.from_config (#5730),0.5163977794943222,24
3433,Bug fix : squeeze,farizrahman4u,a8537897,Bug fix.,0.8164965809277259,10
3433,Bug fix : squeeze,farizrahman4u,1193427f,Bug fix.,0.8164965809277259,10
3433,Bug fix : squeeze,farizrahman4u,80fbbc3a,Bug fix in zca_whitening (#4181),0.5163977794943222,22
3433,Bug fix : squeeze,farizrahman4u,f59736a0,Bug fix : RNNs (#3550),0.5773502691896258,11
3433,Bug fix : squeeze,farizrahman4u,55447cbb,Bug fix : squeeze (#3433),0.8660254037844387,8
3433,Bug fix : squeeze,farizrahman4u,cee4f72a,Bug fix - Siamese,0.6666666666666667,6
3433,Bug fix : squeeze,farizrahman4u,de2884af,Bug fix - Cos,0.6666666666666667,8
3433,Bug fix : squeeze,farizrahman4u,aca4a773,Bug fix,0.8164965809277259,10
3433,Bug fix : squeeze,farizrahman4u,ad254f99,Bug fix,0.8164965809277259,10
3433,Bug fix : squeeze,farizrahman4u,6cc827ca,Bug fix,0.8164965809277259,10
3433,Bug fix : squeeze,farizrahman4u,73c00458,Bug fix,0.8164965809277259,10
3252,Bug fix + test - Sequential.pop(),farizrahman4u,a8537897,Bug fix.,0.6324555320336759,25
3252,Bug fix + test - Sequential.pop(),farizrahman4u,1193427f,Bug fix.,0.6324555320336759,25
3252,Bug fix + test - Sequential.pop(),farizrahman4u,1b158ff4,Bug fix + test - Sequential.pop() (#3252),0.9128709291752769,8
3252,Bug fix + test - Sequential.pop(),farizrahman4u,cee4f72a,Bug fix - Siamese,0.5163977794943222,20
3252,Bug fix + test - Sequential.pop(),farizrahman4u,de2884af,Bug fix - Cos,0.5163977794943222,22
3252,Bug fix + test - Sequential.pop(),farizrahman4u,aca4a773,Bug fix,0.6324555320336759,26
3252,Bug fix + test - Sequential.pop(),farizrahman4u,ad254f99,Bug fix,0.6324555320336759,26
3252,Bug fix + test - Sequential.pop(),farizrahman4u,6cc827ca,Bug fix,0.6324555320336759,26
3252,Bug fix + test - Sequential.pop(),farizrahman4u,73c00458,Bug fix,0.6324555320336759,26
3218,Masked and non-masked merge bug fix,pdasigi,6a8815de,Masked and non-masked merge bug fix (#3218),0.9354143466934852,8
3142,fix docs bugs,EderSantana,369854e5,fix docs typos (#9717),0.5773502691896258,12
3142,fix docs bugs,EderSantana,d106908a,fix docs bugs (#3142),0.8660254037844387,8
3065,Non-masked + masked merge bug fix,codekansas,6a8815de,Masked and non-masked merge bug fix (#3218),0.6249999999999999,20
3026,"no histogram in tensorboard, keras 1.0.4, tensorflow 0.8",benwu232,8715c70a,"Modify UpSampling1D/2D to turn [0, 1] into [0, 0, 1, 1] instead of [0, 1, 0, 1]",0.5462677805469223,61
2966,"Bug: When loading two sequential models, the second gets the input of the first one. ",dr-costas,6272e662,Reduced the size of the numpy arrays used in the tests. (#11491),0.5143444998736398,64
2865,fix bug: change seed range for RandomStreams in Theano,matthewmok,76cae0ec,fix bug: change seed range for RandomStreams in Theano (#2865),0.9486832980505138,8
2842,fix bug: rename duplicated loss name,ZihengJiang,825beb42,fix bug: rename duplicated loss name (#2842),0.9258200997725514,8
2806,correctly serialize loss function (one liner),cmyr,1f5d5b39,correctly serialize loss function (#2806),0.7302967433402214,9
2736,fix a bug in evaluating accuracy,llcao,fefb70b2,fix a bug in evaluating accuracy (#2736),0.9258200997725514,8
2585,updated for list check bug in predict/predict_on_batch,braingineer,1c7a0248,updated for list check bug in predict/predict_on_batch (#2585),0.9428090415820632,8
2508,Custom loss function leads to -inf loss,code-ball,867253e5,rename cost to loss,0.5,27
2504,Added simple support for returning a multitarget loss,geohot,ed365e94,Added simple support for returning a multitarget loss,0.9999999999999998,0
2308,fix non-trainable embedding bug,xingdi-eric-yuan,2752a587,Tmp bug fix,0.5163977794943222,27
2217,Bug fix to set correct uses_learning_phase flag,the-moliver,a8537897,Bug fix.,0.5345224838248487,40
2217,Bug fix to set correct uses_learning_phase flag,the-moliver,1193427f,Bug fix.,0.5345224838248487,40
2217,Bug fix to set correct uses_learning_phase flag,the-moliver,63059f60,Bug fix to set correct uses_learning_phase flag,0.9999999999999999,0
2217,Bug fix to set correct uses_learning_phase flag,the-moliver,aca4a773,Bug fix,0.5345224838248487,40
2217,Bug fix to set correct uses_learning_phase flag,the-moliver,ad254f99,Bug fix,0.5345224838248487,40
2217,Bug fix to set correct uses_learning_phase flag,the-moliver,6cc827ca,Bug fix,0.5345224838248487,40
2217,Bug fix to set correct uses_learning_phase flag,the-moliver,73c00458,Bug fix,0.5345224838248487,40
2152,Keras 1.0 preview,fchollet,7a12fd0f,1.0.1 release,0.6123724356957946,14
2152,Keras 1.0 preview,fchollet,1e717326,Replace master branch with Keras 1.0,0.5669467095138409,29
2152,Keras 1.0 preview,fchollet,295bfe4e,Keras 1.0 preview.,1.0,1
2152,Keras 1.0 preview,fchollet,8715c70a,"Modify UpSampling1D/2D to turn [0, 1] into [0, 0, 1, 1] instead of [0, 1, 0, 1]",0.6565321642986127,72
2111,Bug: input_shape error for advanced activations,parag2489,d5b4d04b,PEP-8 linting for advanced activations,0.5000000000000001,20
2111,Bug: input_shape error for advanced activations,parag2489,14a57c10,tests for advanced activations,0.6123724356957946,20
2035,Add a check for output layer(s) in graph model,musically-ut,6429a57a,Add caching for layer output sizes,0.5163977794943223,27
2020,Bug in Graph model with matrix input ?,farmeh,e94f29ca,Fix bug with validation data in Graph model,0.5345224838248487,33
1955,Bug in preprocessing/text.py,seppyr,887576b1,Style fixes in preprocessing/image.py.,0.5477225575051661,17
1955,Bug in preprocessing/text.py,seppyr,6e031361,Style fixes in sequence/text preprocessing.,0.5477225575051661,32
1955,Bug in preprocessing/text.py,seppyr,9f4734cb,Fix docstrings in preprocessing/text.py,0.7302967433402214,13
1955,Bug in preprocessing/text.py,seppyr,a1161885,Fix text preprocessing,0.5163977794943222,15
1955,Bug in preprocessing/text.py,seppyr,43206aeb,Fix py3 compatibility in preprocessing.text,0.5477225575051661,25
1955,Bug in preprocessing/text.py,seppyr,7386dff5,Add support for generators in text preprocessing,0.5070925528371099,36
1877,to_graph and plot should show the shape of the expected input and output,hlin117,6b8a3bcd,Update the shape of y_train and y_test (#12669),0.5144957554275265,52
1877,to_graph and plot should show the shape of the expected input and output,hlin117,51c85dd8,Bypass shape inference in deconv2d and use the output shape provided by the user (#3838),0.5007733956671914,67
1823,Update SiameseHead,EderSantana,c6c150b0,Update SiameseHead,0.9999999999999998,0
1817,Fix a little bug in pad_sequences,AIshb,d7ea34fc,Fix a bug (#12618),0.6123724356957946,23
1817,Fix a little bug in pad_sequences,AIshb,6dff721a, Fix bug in sparse_categorical_accuracy  (#11373),0.5477225575051661,39
1817,Fix a little bug in pad_sequences,AIshb,02bc5010,Fix bug in sparse_top_k_categorical_accuracy (#11196),0.5477225575051661,43
1817,Fix a little bug in pad_sequences,AIshb,1ddf2352,Fix bug in `preprocess_weights_for_loading`  (#6960),0.5477225575051661,43
1817,Fix a little bug in pad_sequences,AIshb,3061fcce,Fix a typo in expand_dims() (#6671),0.5000000000000001,25
1817,Fix a little bug in pad_sequences,AIshb,21bf90cb,Fix bug in convlstm.,0.6123724356957946,22
1808,Compile error due to Lambda Layer?,shyamupa,ab6b11d8,Lambda Layer,0.5773502691896258,22
1801,Lambda layer: Bug Fix,farizrahman4u,2ccb69df,Fix,0.5,18
1801,Lambda layer: Bug Fix,farizrahman4u,692e8e20,Bug fix: Support multiple outputs in Lambda layer (#7222),0.5,45
1801,Lambda layer: Bug Fix,farizrahman4u,e37df7ca,Fix json serialization in Lambda layer (#3012),0.5669467095138409,34
1801,Lambda layer: Bug Fix,farizrahman4u,24501d43,Fix ActivityReg layer,0.5773502691896258,21
1801,Lambda layer: Bug Fix,farizrahman4u,80a831de,Fix failing Lambda test,0.5,20
1801,Lambda layer: Bug Fix,farizrahman4u,37fd456a,Lambda layer improvements,0.5773502691896258,13
1801,Lambda layer: Bug Fix,farizrahman4u,060fcd3e,Fix Siamese layer,0.5773502691896258,18
1801,Lambda layer: Bug Fix,farizrahman4u,16590ccc,Fix typo in Lambda layer,0.6708203932499369,21
1801,Lambda layer: Bug Fix,farizrahman4u,d7e0ba1c,Fix,0.5,18
1801,Lambda layer: Bug Fix,farizrahman4u,4b6bf1db,Fix Permute layer,0.5773502691896258,19
1685,fit_generator,lemuriandezapada,eb97bc38,Sync docstring of Sequential.fit_generator() with that of improved Model.fit_generator() (#8763),0.5,83
1685,fit_generator,lemuriandezapada,5ae158e8,Update fit_generator APIs.,0.5773502691896258,13
1685,fit_generator,lemuriandezapada,acc5c45f,Remove lock in fit_generator,0.5,15
1685,fit_generator,lemuriandezapada,0ec57f28,Fix fit_generator docstring,0.5773502691896258,14
1685,fit_generator,lemuriandezapada,d68e3316,Support for fit_generator + tensorboard,0.5,26
1639,Bug: Incorrect batch_size in fit_generator (Sequential),wongjingping,cb34ed88,typo in Sequential.fit_generator.steps_per_epoch (#5884),0.5000000000000001,45
1633,Error in AutoEncoder docs,blauigris,f4cf2586,Fix typo in docs.,0.5,17
1633,Error in AutoEncoder docs,blauigris,2a4492d7,Fix typo in docs,0.5,16
1633,Error in AutoEncoder docs,blauigris,ded23f14,Fix typo in docs,0.5,16
1633,Error in AutoEncoder docs,blauigris,9ad5ed81,Fix indentation in code examples in docs,0.5,27
1633,Error in AutoEncoder docs,blauigris,21492a29,"docs: update ""pad_sequences()"" parameters in the docs",0.5,42
1583,Fixed backend tests for `random_uniform` and `random_normal`,awentzonline,ce67a90d,Revise backend tests for binary and categorical crossentropy (#12541),0.5039526306789696,41
1583,Fixed backend tests for `random_uniform` and `random_normal`,awentzonline,3882f32f,Fixed backend tests for `random_uniform` and `random_normal`,0.9999999999999999,0
1580,Embedding layer and Constraints,pminervini,5b1038ab,and,0.5,28
1558,Incorporating recurrent convolutionnal layers to keras,jeammimi,57d5a7ca,Move embedding test to keras/layers,0.5000000000000001,40
1558,Incorporating recurrent convolutionnal layers to keras,jeammimi,10852b25,go_backwards added to recurrent layers.,0.5477225575051661,40
1350,Keras Model working in Version 0.2.0 is giving error in 0.3.0 with updated Theano,napsternxg,97e3916d,Bumped tf2 version to 2.0.0 (#13412),0.5031152949374527,65
1350,Keras Model working in Version 0.2.0 is giving error in 0.3.0 with updated Theano,napsternxg,e0d9fcb9,Change ifelse import in Theano backend for compatibility with Theano 1.0.0,0.5573704017131537,63
1350,Keras Model working in Version 0.2.0 is giving error in 0.3.0 with updated Theano,napsternxg,54c025ac,"Remove neural turing machine, unviable in 0.3.0",0.5863019699779287,59
1350,Keras Model working in Version 0.2.0 is giving error in 0.3.0 with updated Theano,napsternxg,d2189fef,Update version number: now 0.2.0,0.5303300858899106,63
1336,fix iteration shadowed in loop,wb14123,0695b82f,fix iteration shadowed in loop,0.9999999999999998,0
1271,Siamese Layer - Complete fix + tests,farizrahman4u,08555412,Siamese graph tests,0.5163977794943222,20
1271,Siamese Layer - Complete fix + tests,farizrahman4u,cee4f72a,Bug fix - Siamese,0.5163977794943222,29
1262,Model won't compile in Keras 0.3.0,KlaymenGC,54c025ac,"Remove neural turing machine, unviable in 0.3.0",0.5454545454545454,31
1260,fix model checkpointer string formatter bug,chenb67,9987b831,fix model checkpointer string formatter bug,1.0000000000000002,0
1258,correct masking: switch for each example in a batch,jeffzhengye,efff160c,correct masking: switch for each example in a batch,1.0,0
1216,Bug fix - Siamese,farizrahman4u,9148325b,Bug fix: Batch dot (#11458),0.5163977794943222,18
1216,Bug fix - Siamese,farizrahman4u,7e071cd7,Bug fix : Model.from_config (#5730),0.5163977794943222,25
1216,Bug fix - Siamese,farizrahman4u,a8537897,Bug fix.,0.8164965809277259,10
1216,Bug fix - Siamese,farizrahman4u,1193427f,Bug fix.,0.8164965809277259,10
1216,Bug fix - Siamese,farizrahman4u,80fbbc3a,Bug fix in zca_whitening (#4181),0.5163977794943222,21
1216,Bug fix - Siamese,farizrahman4u,f59736a0,Bug fix : RNNs (#3550),0.5773502691896258,13
1216,Bug fix - Siamese,farizrahman4u,55447cbb,Bug fix : squeeze (#3433),0.5773502691896258,14
1216,Bug fix - Siamese,farizrahman4u,cee4f72a,Bug fix - Siamese,1.0000000000000002,0
1216,Bug fix - Siamese,farizrahman4u,de2884af,Bug fix - Cos,0.6666666666666667,6
1216,Bug fix - Siamese,farizrahman4u,aca4a773,Bug fix,0.8164965809277259,10
1216,Bug fix - Siamese,farizrahman4u,ad254f99,Bug fix,0.8164965809277259,10
1216,Bug fix - Siamese,farizrahman4u,6cc827ca,Bug fix,0.8164965809277259,10
1216,Bug fix - Siamese,farizrahman4u,73c00458,Bug fix,0.8164965809277259,10
1211,Bug fix - Cos,farizrahman4u,9148325b,Bug fix: Batch dot (#11458),0.5163977794943222,17
1211,Bug fix - Cos,farizrahman4u,7e071cd7,Bug fix : Model.from_config (#5730),0.5163977794943222,25
1211,Bug fix - Cos,farizrahman4u,a8537897,Bug fix.,0.8164965809277259,6
1211,Bug fix - Cos,farizrahman4u,1193427f,Bug fix.,0.8164965809277259,6
1211,Bug fix - Cos,farizrahman4u,80fbbc3a,Bug fix in zca_whitening (#4181),0.5163977794943222,23
1211,Bug fix - Cos,farizrahman4u,f59736a0,Bug fix : RNNs (#3550),0.5773502691896258,12
1211,Bug fix - Cos,farizrahman4u,55447cbb,Bug fix : squeeze (#3433),0.5773502691896258,16
1211,Bug fix - Cos,farizrahman4u,cee4f72a,Bug fix - Siamese,0.6666666666666667,6
1211,Bug fix - Cos,farizrahman4u,de2884af,Bug fix - Cos,1.0000000000000002,0
1211,Bug fix - Cos,farizrahman4u,aca4a773,Bug fix,0.8164965809277259,6
1211,Bug fix - Cos,farizrahman4u,ad254f99,Bug fix,0.8164965809277259,6
1211,Bug fix - Cos,farizrahman4u,6cc827ca,Bug fix,0.8164965809277259,6
1211,Bug fix - Cos,farizrahman4u,73c00458,Bug fix,0.8164965809277259,6
1201,Problem about Keras-0.3.0-2015/12/1-updating MaxPooling2D,lqchn,295bfe4e,Keras 1.0 preview.,0.5547001962252291,48
1201,Problem about Keras-0.3.0-2015/12/1-updating MaxPooling2D,lqchn,8715c70a,"Modify UpSampling1D/2D to turn [0, 1] into [0, 0, 1, 1] instead of [0, 1, 0, 1]",0.5462677805469223,67
1136,babi_memnn.py Error,farizrahman4u,1a0792ae,Update babi_memnn.py,0.6666666666666667,13
1136,babi_memnn.py Error,farizrahman4u,819f569c,Update babi_memnn.py,0.6666666666666667,13
1120,make keras.io/examples = github.com/fchollet/keras/README.md,mikedewar,95fab0e0,Merge branch 'master' of github.com:keras-team/keras,0.5222329678670935,40
1120,make keras.io/examples = github.com/fchollet/keras/README.md,mikedewar,71838135,Merge branch 'master' of github.com:keras-team/keras,0.5222329678670935,40
1120,make keras.io/examples = github.com/fchollet/keras/README.md,mikedewar,1cf5218e,Merge branch 'master' of github.com:keras-team/keras,0.5222329678670935,40
1120,make keras.io/examples = github.com/fchollet/keras/README.md,mikedewar,d952f0cb,Merge branch 'master' of github.com:keras-team/keras,0.5222329678670935,40
1120,make keras.io/examples = github.com/fchollet/keras/README.md,mikedewar,7de4a8ba,Merge branch 'master' of github.com:keras-team/keras,0.5222329678670935,40
1120,make keras.io/examples = github.com/fchollet/keras/README.md,mikedewar,58dd522d,Merge branch 'master' of github.com:keras-team/keras,0.5222329678670935,40
1120,make keras.io/examples = github.com/fchollet/keras/README.md,mikedewar,850ffbfa,Merge branch 'master' of github.com:keras-team/keras,0.5222329678670935,40
1120,make keras.io/examples = github.com/fchollet/keras/README.md,mikedewar,9db2f6ef,Merge branch 'master' of github.com:fchollet/keras,0.5103103630798287,31
1120,make keras.io/examples = github.com/fchollet/keras/README.md,mikedewar,6b6f4306,Merge branch 'master' of github.com:fchollet/keras,0.5103103630798287,31
1120,make keras.io/examples = github.com/fchollet/keras/README.md,mikedewar,f534cb0c,Merge branch 'master' of github.com:fchollet/keras,0.5103103630798287,31
1120,make keras.io/examples = github.com/fchollet/keras/README.md,mikedewar,818c1a2c,Merge branch 'master' of github.com:fchollet/keras,0.5103103630798287,31
1120,make keras.io/examples = github.com/fchollet/keras/README.md,mikedewar,e5bc6152,Merge branch 'master' of github.com:fchollet/keras,0.5103103630798287,31
1120,make keras.io/examples = github.com/fchollet/keras/README.md,mikedewar,9d8bc0a8,Merge branch 'master' of github.com:fchollet/keras,0.5103103630798287,31
1120,make keras.io/examples = github.com/fchollet/keras/README.md,mikedewar,00182347,Merge branch 'master' of github.com:fchollet/keras,0.5103103630798287,31
1120,make keras.io/examples = github.com/fchollet/keras/README.md,mikedewar,8b5cc7ff,Merge branch 'master' of github.com:fchollet/keras,0.5103103630798287,31
1120,make keras.io/examples = github.com/fchollet/keras/README.md,mikedewar,596cca7d,Merge branch 'master' of github.com:fchollet/keras,0.5103103630798287,31
1120,make keras.io/examples = github.com/fchollet/keras/README.md,mikedewar,507374c8,Merge branch 'master' of github.com:fchollet/keras,0.5103103630798287,31
1120,make keras.io/examples = github.com/fchollet/keras/README.md,mikedewar,d6ab99f4,Merge branch 'master' of github.com:fchollet/keras,0.5103103630798287,31
1120,make keras.io/examples = github.com/fchollet/keras/README.md,mikedewar,8ed57c16,Merge branch 'master' of github.com:fchollet/keras,0.5103103630798287,31
1120,make keras.io/examples = github.com/fchollet/keras/README.md,mikedewar,99c5e291,Merge branch 'master' of github.com:fchollet/keras,0.5103103630798287,31
1120,make keras.io/examples = github.com/fchollet/keras/README.md,mikedewar,871007db,fix https://github.com/keras-team/keras/pull/8274 (#8854),0.5000000000000001,48
1120,make keras.io/examples = github.com/fchollet/keras/README.md,mikedewar,795a44d6,Merge branch 'master' of github.com:fchollet/keras,0.5103103630798287,31
1120,make keras.io/examples = github.com/fchollet/keras/README.md,mikedewar,439d847f,Merge branch 'master' of github.com:fchollet/keras,0.5103103630798287,31
1120,make keras.io/examples = github.com/fchollet/keras/README.md,mikedewar,cc08f0f0,Merge branch 'master' of github.com:fchollet/keras,0.5103103630798287,31
1120,make keras.io/examples = github.com/fchollet/keras/README.md,mikedewar,9164bf61,Merge branch 'master' of github.com:fchollet/keras,0.5103103630798287,31
1120,make keras.io/examples = github.com/fchollet/keras/README.md,mikedewar,49515151,Merge branch 'master' of github.com:fchollet/keras,0.5103103630798287,31
1120,make keras.io/examples = github.com/fchollet/keras/README.md,mikedewar,6b51d149,Merge branch 'master' of github.com:fchollet/keras,0.5103103630798287,31
1120,make keras.io/examples = github.com/fchollet/keras/README.md,mikedewar,7413956e,Merge branch 'master' of github.com:fchollet/keras,0.5103103630798287,31
1120,make keras.io/examples = github.com/fchollet/keras/README.md,mikedewar,d1ad1837,Merge branch 'master' of github.com:fchollet/keras,0.5103103630798287,31
1120,make keras.io/examples = github.com/fchollet/keras/README.md,mikedewar,affaa770,Merge branch 'master' of github.com:fchollet/keras,0.5103103630798287,31
1120,make keras.io/examples = github.com/fchollet/keras/README.md,mikedewar,70da22c3,Merge branch 'master' of github.com:fchollet/keras,0.5103103630798287,31
1120,make keras.io/examples = github.com/fchollet/keras/README.md,mikedewar,964023be,Merge branch 'master' of github.com:fchollet/keras,0.5103103630798287,31
1120,make keras.io/examples = github.com/fchollet/keras/README.md,mikedewar,d491dafb,Merge branch 'master' of github.com:fchollet/keras,0.5103103630798287,31
1120,make keras.io/examples = github.com/fchollet/keras/README.md,mikedewar,6572934f,Merge branch 'master' of github.com:fchollet/keras,0.5103103630798287,31
1120,make keras.io/examples = github.com/fchollet/keras/README.md,mikedewar,eee1d90e,Merge branch 'master' of github.com:fchollet/keras,0.5103103630798287,31
1120,make keras.io/examples = github.com/fchollet/keras/README.md,mikedewar,9eb7ecd3,Merge branch 'master' of github.com:fchollet/keras,0.5103103630798287,31
1120,make keras.io/examples = github.com/fchollet/keras/README.md,mikedewar,5598fcd3,Merge branch 'master' of github.com:fchollet/keras,0.5103103630798287,31
1120,make keras.io/examples = github.com/fchollet/keras/README.md,mikedewar,0cc56a46,Merge branch 'master' of github.com:fchollet/keras,0.5103103630798287,31
1120,make keras.io/examples = github.com/fchollet/keras/README.md,mikedewar,01002689,Merge branch 'master' of github.com:fchollet/keras,0.5103103630798287,31
1120,make keras.io/examples = github.com/fchollet/keras/README.md,mikedewar,4a429fbe,Merge branch 'master' of github.com:fchollet/keras,0.5103103630798287,31
1120,make keras.io/examples = github.com/fchollet/keras/README.md,mikedewar,fe8e8fd4,Merge branch 'keras-2' of github.com:fchollet/keras into keras-2,0.5809475019311126,34
1120,make keras.io/examples = github.com/fchollet/keras/README.md,mikedewar,4c56f326,Merge branch 'keras-2' of github.com:fchollet/keras into keras-2,0.5809475019311126,34
1120,make keras.io/examples = github.com/fchollet/keras/README.md,mikedewar,397e3336,Merge branch 'keras-2' of github.com:fchollet/keras into keras-2,0.5809475019311126,34
1120,make keras.io/examples = github.com/fchollet/keras/README.md,mikedewar,37e8234b,Merge branch 'keras-2' of github.com:fchollet/keras into keras-2,0.5809475019311126,34
1120,make keras.io/examples = github.com/fchollet/keras/README.md,mikedewar,070037d4,Merge branch 'keras-2' of github.com:fchollet/keras into keras-2,0.5809475019311126,34
1120,make keras.io/examples = github.com/fchollet/keras/README.md,mikedewar,89e1ce5f,Merge branch 'keras-2' of github.com:fchollet/keras into keras-2,0.5809475019311126,34
1120,make keras.io/examples = github.com/fchollet/keras/README.md,mikedewar,1ac23c25,Merge branch 'keras-2' of github.com:fchollet/keras into keras-2,0.5809475019311126,34
1120,make keras.io/examples = github.com/fchollet/keras/README.md,mikedewar,a8564512,Merge branch 'keras-2' of https://github.com/fchollet/keras into keras-2,0.5669467095138409,39
1120,make keras.io/examples = github.com/fchollet/keras/README.md,mikedewar,88a86f7e,Merge branch 'keras-1' of https://github.com/fchollet/keras into keras-1,0.5669467095138409,39
1120,make keras.io/examples = github.com/fchollet/keras/README.md,mikedewar,3160a445,Merge branch 'keras-1' of https://github.com/fchollet/keras into keras-1,0.5669467095138409,39
1120,make keras.io/examples = github.com/fchollet/keras/README.md,mikedewar,56ba6b9c,Merge branch 'keras-1' of https://github.com/fchollet/keras into keras-1,0.5669467095138409,39
1120,make keras.io/examples = github.com/fchollet/keras/README.md,mikedewar,3f128b98,Merge branch 'keras-1' of https://github.com/fchollet/keras into keras-1,0.5669467095138409,39
1120,make keras.io/examples = github.com/fchollet/keras/README.md,mikedewar,836fb03a,Merge branch 'keras-1' of https://github.com/fchollet/keras into keras-1,0.5669467095138409,39
1120,make keras.io/examples = github.com/fchollet/keras/README.md,mikedewar,1588998e,Merge https://github.com/fchollet/keras into BRNN_latest,0.5103103630798287,37
1120,make keras.io/examples = github.com/fchollet/keras/README.md,mikedewar,606a9b68,Merge https://github.com/fchollet/keras into BRNN_latest,0.5103103630798287,37
1120,make keras.io/examples = github.com/fchollet/keras/README.md,mikedewar,cc1251b3,Merge branch 'master' of github.com:fchollet/keras,0.5103103630798287,31
1120,make keras.io/examples = github.com/fchollet/keras/README.md,mikedewar,aa05c441,Merge branch 'master' of github.com:fchollet/keras,0.5103103630798287,31
1120,make keras.io/examples = github.com/fchollet/keras/README.md,mikedewar,28bc3b9b,Merge https://github.com/fchollet/keras,0.5892556509887896,31
1107,imdb bidirectional example bug,nawarhalabi,ca360b0d,bidirectional lstm example added.,0.5,16
1081,Bug fix - Siamese layer,farizrahman4u,692e8e20,Bug fix: Support multiple outputs in Lambda layer (#7222),0.5,39
1081,Bug fix - Siamese layer,farizrahman4u,4f9e7bf9,Bug fix in recurrent layer (#6393),0.6123724356957946,18
1081,Bug fix - Siamese layer,farizrahman4u,a8537897,Bug fix.,0.7071067811865475,16
1081,Bug fix - Siamese layer,farizrahman4u,1193427f,Bug fix.,0.7071067811865475,16
1081,Bug fix - Siamese layer,farizrahman4u,f59736a0,Bug fix : RNNs (#3550),0.5,14
1081,Bug fix - Siamese layer,farizrahman4u,55447cbb,Bug fix : squeeze (#3433),0.5,13
1081,Bug fix - Siamese layer,farizrahman4u,060fcd3e,Fix Siamese layer,0.5773502691896258,7
1081,Bug fix - Siamese layer,farizrahman4u,cee4f72a,Bug fix - Siamese,0.8660254037844387,6
1081,Bug fix - Siamese layer,farizrahman4u,de2884af,Bug fix - Cos,0.5773502691896258,12
1081,Bug fix - Siamese layer,farizrahman4u,aca4a773,Bug fix,0.7071067811865475,16
1081,Bug fix - Siamese layer,farizrahman4u,138e77d0,Add Siamese layer,0.5773502691896258,9
1081,Bug fix - Siamese layer,farizrahman4u,ad254f99,Bug fix,0.7071067811865475,16
1081,Bug fix - Siamese layer,farizrahman4u,6cc827ca,Bug fix,0.7071067811865475,16
1081,Bug fix - Siamese layer,farizrahman4u,73c00458,Bug fix,0.7071067811865475,16
1078,Fix bug in Merge.get_input(),farizrahman4u,6dff721a, Fix bug in sparse_categorical_accuracy  (#11373),0.5999999999999999,31
1078,Fix bug in Merge.get_input(),farizrahman4u,02bc5010,Fix bug in sparse_top_k_categorical_accuracy (#11196),0.5999999999999999,35
1078,Fix bug in Merge.get_input(),farizrahman4u,1ddf2352,Fix bug in `preprocess_weights_for_loading`  (#6960),0.5999999999999999,31
1078,Fix bug in Merge.get_input(),farizrahman4u,21bf90cb,Fix bug in convlstm.,0.6708203932499369,16
1078,Fix bug in Merge.get_input(),farizrahman4u,6ffa6f39,Fix typo in Merge layer docstring.,0.5477225575051661,19
1078,Fix bug in Merge.get_input(),farizrahman4u,6f5f3d3f,Fix join mode in Merge / Siamese,0.5477225575051661,20
1078,Fix bug in Merge.get_input(),farizrahman4u,22566c37,Fix dot_axes API in Merge,0.5999999999999999,22
1078,Fix bug in Merge.get_input(),farizrahman4u,3b76158c,Fix bug in deserialization of convolutional layers,0.5070925528371099,33
1031,Bug in the evaluation of the validation data in the Graph model,tboquet,c8f66d15,Added the default activation of convolutional LSTM in the docs. (#13409),0.558156305651438,43
1031,Bug in the evaluation of the validation data in the Graph model,tboquet,a8e235c3,Some clarifications about the mxnet backend in the docs. (#11729),0.5163977794943222,47
1031,Bug in the evaluation of the validation data in the Graph model,tboquet,09d721ab,Displaying the numpy relu in the docs. (#11574),0.5656854249492379,46
1031,Bug in the evaluation of the validation data in the Graph model,tboquet,8ef5dcfd,Add the numpy implementation in the keras backend documentation (#11507),0.5163977794943222,51
1031,Bug in the evaluation of the validation data in the Graph model,tboquet,6272e662,Reduced the size of the numpy arrays used in the tests. (#11491),0.6324555320336759,45
1031,Bug in the evaluation of the validation data in the Graph model,tboquet,b2d1dea2,Added the tensor_dot operation in the references_operations.py. (#11386),0.5393598899705937,55
1031,Bug in the evaluation of the validation data in the Graph model,tboquet,f60313e2, Fixed the windows line endings in the CSVCallback. (#11124),0.5393598899705937,51
1031,Bug in the evaluation of the validation data in the Graph model,tboquet,cb9d79ef,Removed the tests of each layers in the sequential model. (#11115),0.6201736729460423,51
1031,Bug in the evaluation of the validation data in the Graph model,tboquet,f9210387,Made the backend tests faster by using the numpy backend in the (#11062),0.5367450401216932,55
1031,Bug in the evaluation of the validation data in the Graph model,tboquet,cc3521ea," [RELNOTES] Added the mode ""bilinear"" in the upscaling2D layer. (#10994)",0.5163977794943222,60
1031,Bug in the evaluation of the validation data in the Graph model,tboquet,60c52ea7,close the opened hdf5 file in load model in case of error (#6749),0.5196152422706631,51
1031,Bug in the evaluation of the validation data in the Graph model,tboquet,0703d796,Improvements in the Documentation of Backend (#5767),0.5070925528371099,49
1031,Bug in the evaluation of the validation data in the Graph model,tboquet,cfc51e95,Validation evaluation at the end of the epoch,0.5656854249492379,35
865,Update optimizers.py,suixudongi8,9a2b5092,Update setup.py,0.6666666666666667,9
865,Update optimizers.py,suixudongi8,e8946d52,Update np_utils.py (#13481),0.5773502691896258,16
865,Update optimizers.py,suixudongi8,4d59675b,Update core.py (#13472),0.5773502691896258,15
865,Update optimizers.py,suixudongi8,afff7b43,Update pooling.py (#13467),0.5773502691896258,17
865,Update optimizers.py,suixudongi8,e25f68dc,Update io_utils.py (#13429),0.5773502691896258,17
865,Update optimizers.py,suixudongi8,f242c642,Update autogen.py (#13426),0.5773502691896258,17
865,Update optimizers.py,suixudongi8,985521ee,Update local.py docstrings (#13373),0.5163977794943222,24
865,Update optimizers.py,suixudongi8,66455371,Update babi_rnn.py (#13263),0.5773502691896258,18
865,Update optimizers.py,suixudongi8,54462554,Update optimizers for TF2. (#13246),0.5163977794943222,17
865,Update optimizers.py,suixudongi8,3bda5520,Update pretrained_word_embeddings.py (#13073),0.5773502691896258,30
865,Update optimizers.py,suixudongi8,b78e3ff9,Update conv_filter_visualization.py (#13032),0.5773502691896258,29
865,Update optimizers.py,suixudongi8,2b963e5a,[P] Update tensorflow_backend.py (#11294),0.5163977794943222,29
865,Update optimizers.py,suixudongi8,105f6e29,Update variational_autoencoder_deconv.py (#11081),0.5773502691896258,35
865,Update optimizers.py,suixudongi8,c8e3b601,Update cifar10_cnn_capsule.py (#10927),0.5773502691896258,27
865,Update optimizers.py,suixudongi8,6aace305,Update convolutional.py (#10452),0.5773502691896258,20
865,Update optimizers.py,suixudongi8,0511438e,Update cifar10_resnet.py (#10199),0.5773502691896258,21
865,Update optimizers.py,suixudongi8,2fbac5a7,Update backend_test.py (#9125),0.5773502691896258,19
865,Update optimizers.py,suixudongi8,311f4542,Update optimizers.py (#9067),0.8660254037844387,8
865,Update optimizers.py,suixudongi8,5e682520,Update tensorflow_backend.py (#8747),0.5773502691896258,24
865,Update optimizers.py,suixudongi8,9065eff2,Update training_utils.py (#8597),0.5773502691896258,19
865,Update optimizers.py,suixudongi8,8ac788a5,Update training.py (#7953),0.5773502691896258,16
865,Update optimizers.py,suixudongi8,295e4f80,Update lstm_benchmark.py (#6966),0.5773502691896258,19
865,Update optimizers.py,suixudongi8,ed9e8d2f,Update image.py (#6618),0.5773502691896258,15
865,Update optimizers.py,suixudongi8,1a0792ae,Update babi_memnn.py,0.6666666666666667,9
865,Update optimizers.py,suixudongi8,173a40dd,Update setup.py.,0.6666666666666667,10
865,Update optimizers.py,suixudongi8,14f35ab0,Update audio_conv_utils.py (#5301),0.5773502691896258,22
865,Update optimizers.py,suixudongi8,c57d1a32,Update audio_conv_utils.py (#5111),0.5773502691896258,22
865,Update optimizers.py,suixudongi8,50b4f7fa,Update recurrent.py. (#4970),0.5773502691896258,18
865,Update optimizers.py,suixudongi8,88b301f1,Update io_utils.py (#3577),0.5773502691896258,16
865,Update optimizers.py,suixudongi8,045d442f,Update scikit_learn.py (#3567),0.5773502691896258,17
865,Update optimizers.py,suixudongi8,f2786d9d,Update theano_backend.py (#3532),0.5773502691896258,21
865,Update optimizers.py,suixudongi8,65e4c8e7,Update lstm_text_generation.py (#3516),0.5773502691896258,25
865,Update optimizers.py,suixudongi8,d68c0bd7,Update optimizers docs,0.6666666666666667,5
865,Update optimizers.py,suixudongi8,a7156b8c,Update antirectifier.py (#2485),0.5773502691896258,17
865,Update optimizers.py,suixudongi8,55159cf4,Update topology.py (#2373),0.5773502691896258,17
865,Update optimizers.py,suixudongi8,50a0d1ca,Update topology.py (#2239),0.5773502691896258,17
865,Update optimizers.py,suixudongi8,404a30df,Update models.py,0.6666666666666667,7
865,Update optimizers.py,suixudongi8,f4af11c7,Update sequence.py,0.6666666666666667,9
865,Update optimizers.py,suixudongi8,80ddb5b3,Update core.py,0.6666666666666667,9
865,Update optimizers.py,suixudongi8,3ffba424,Update core.py,0.6666666666666667,9
865,Update optimizers.py,suixudongi8,73f1ef2e,Update activations.py,0.6666666666666667,8
865,Update optimizers.py,suixudongi8,bf2f64bf,Update core.py,0.6666666666666667,9
865,Update optimizers.py,suixudongi8,d02ea034,Update models.py,0.6666666666666667,7
865,Update optimizers.py,suixudongi8,64396172,Update layer_utils.py,0.6666666666666667,10
865,Update optimizers.py,suixudongi8,3c8618bb,Update core.py,0.6666666666666667,9
865,Update optimizers.py,suixudongi8,794c083f,Update containers.py,0.6666666666666667,5
865,Update optimizers.py,suixudongi8,775e91c5,Update core.py,0.6666666666666667,9
865,Update optimizers.py,suixudongi8,3e19b025,Update test_models.py,0.6666666666666667,7
865,Update optimizers.py,suixudongi8,f20383b7,Update containers.py,0.6666666666666667,5
865,Update optimizers.py,suixudongi8,5c83c699,Update containers.py,0.6666666666666667,5
865,Update optimizers.py,suixudongi8,f5d56fa2,Update test_models.py,0.6666666666666667,7
865,Update optimizers.py,suixudongi8,7fb4f4b0,Update core.py,0.6666666666666667,9
865,Update optimizers.py,suixudongi8,9620a497,Update core.py,0.6666666666666667,9
865,Update optimizers.py,suixudongi8,91965e8f,Update test_models.py,0.6666666666666667,7
865,Update optimizers.py,suixudongi8,92f2717c,Update test_models.py,0.6666666666666667,7
865,Update optimizers.py,suixudongi8,07723ccf,Update test_models.py,0.6666666666666667,7
865,Update optimizers.py,suixudongi8,652d61be,Update core.py,0.6666666666666667,9
865,Update optimizers.py,suixudongi8,9c3060d8,Update common.py,0.6666666666666667,9
865,Update optimizers.py,suixudongi8,d2a15040,Update core.py,0.6666666666666667,9
865,Update optimizers.py,suixudongi8,9c1afbb6,Update containers.py,0.6666666666666667,5
865,Update optimizers.py,suixudongi8,cbb9d001,Update core.py,0.6666666666666667,9
865,Update optimizers.py,suixudongi8,78c61c65,Update containers.py,0.6666666666666667,5
865,Update optimizers.py,suixudongi8,5c1e5d5e,Update core.py,0.6666666666666667,9
865,Update optimizers.py,suixudongi8,819f569c,Update babi_memnn.py,0.6666666666666667,9
865,Update optimizers.py,suixudongi8,d444b919,Update layer_utils.py,0.6666666666666667,10
865,Update optimizers.py,suixudongi8,747d4a30,Update ntm.py,0.6666666666666667,8
865,Update optimizers.py,suixudongi8,ab19cf7b,Update ntm.py,0.6666666666666667,8
865,Update optimizers.py,suixudongi8,6b8970ab,Update neural_turing_machine_copy.py,0.6666666666666667,21
865,Update optimizers.py,suixudongi8,bde97055,Update core.py,0.6666666666666667,9
865,Update optimizers.py,suixudongi8,2f8b351c,Update core.py,0.6666666666666667,9
865,Update optimizers.py,suixudongi8,8ee2ffd7,Update core.py,0.6666666666666667,9
865,Update optimizers.py,suixudongi8,fb24dc19,Update core.py,0.6666666666666667,9
865,Update optimizers.py,suixudongi8,0354e645,Update test_sequential_model.py,0.6666666666666667,18
865,Update optimizers.py,suixudongi8,fbe2ea65,Update core.py,0.6666666666666667,9
865,Update optimizers.py,suixudongi8,21dcabb6,Update test_sequential_model.py,0.6666666666666667,18
865,Update optimizers.py,suixudongi8,42a65d4b,Update core.py,0.6666666666666667,9
865,Update optimizers.py,suixudongi8,cb836091,Update core.py,0.6666666666666667,9
865,Update optimizers.py,suixudongi8,6a052477,Update core.py,0.6666666666666667,9
865,Update optimizers.py,suixudongi8,c015acb4,Update core.py,0.6666666666666667,9
865,Update optimizers.py,suixudongi8,feac8dba,Update test_sequential_model.py,0.6666666666666667,18
865,Update optimizers.py,suixudongi8,c140939c,Update core.py,0.6666666666666667,9
865,Update optimizers.py,suixudongi8,c90d2dfc,Update core.py,0.6666666666666667,9
865,Update optimizers.py,suixudongi8,29e788dc,Update test_sequential_model.py,0.6666666666666667,18
865,Update optimizers.py,suixudongi8,07f8cef2,Update core.py,0.6666666666666667,9
865,Update optimizers.py,suixudongi8,a069161d,Update test_sequential_model.py,0.6666666666666667,18
865,Update optimizers.py,suixudongi8,0fab8ac3,Update test_sequential_model.py,0.6666666666666667,18
865,Update optimizers.py,suixudongi8,15b84d37,Update core.py,0.6666666666666667,9
865,Update optimizers.py,suixudongi8,97b27bfd,Update test_sequential_model.py,0.6666666666666667,18
865,Update optimizers.py,suixudongi8,a0c5f574,Update core.py,0.6666666666666667,9
865,Update optimizers.py,suixudongi8,688b898d,Update test_sequential_model.py,0.6666666666666667,18
865,Update optimizers.py,suixudongi8,7def993f,Update test_sequential_model.py,0.6666666666666667,18
865,Update optimizers.py,suixudongi8,c33a551f,Update test_sequential_model.py,0.6666666666666667,18
865,Update optimizers.py,suixudongi8,c6cf4425,Update core.py,0.6666666666666667,9
865,Update optimizers.py,suixudongi8,0d233b25,Update imdb_cnn_lstm.py,0.6666666666666667,12
865,Update optimizers.py,suixudongi8,e704e157,Update imdb_cnn_lstm.py,0.6666666666666667,12
865,Update optimizers.py,suixudongi8,11e4c4b9,Update optimizers.py,1.0000000000000002,0
865,Update optimizers.py,suixudongi8,d5cd2687,Update skipgram_word_embeddings.py,0.6666666666666667,20
865,Update optimizers.py,suixudongi8,eee20b46,Update callbacks.py,0.6666666666666667,9
865,Update optimizers.py,suixudongi8,9827db2c,Update callbacks.py,0.6666666666666667,9
865,Update optimizers.py,suixudongi8,98d49754,Update lstm_text_generation.py,0.6666666666666667,17
865,Update optimizers.py,suixudongi8,8213e515,Update noise.py,0.6666666666666667,8
865,Update optimizers.py,suixudongi8,0cae63ac,Update noise.py,0.6666666666666667,8
865,Update optimizers.py,suixudongi8,b0b3ff13,Update models.py,0.6666666666666667,7
865,Update optimizers.py,suixudongi8,ce209553,Update setup.py,0.6666666666666667,9
827,Fix evaluated and weighted_objective,cangermueller,2ccb69df,Fix,0.5,33
827,Fix evaluated and weighted_objective,cangermueller,5b1038ab,and,0.5,33
827,Fix evaluated and weighted_objective,cangermueller,d7e0ba1c,Fix,0.5,33
827,Fix evaluated and weighted_objective,cangermueller,25508e07,Fix interaction issues with mask and weights in weighted_objective,0.5,35
827,Fix evaluated and weighted_objective,cangermueller,3b2acf76,Fix constraints and regularizers,0.5,25
819,Bug fixes:,xingdi-eric-yuan,60deb6e2,Bug fixes : Theano shape inference (#5827),0.5773502691896258,32
819,Bug fixes:,xingdi-eric-yuan,10c76237,Bug fixes,0.9999999999999998,1
819,Bug fixes:,xingdi-eric-yuan,99991779,TF fixes and style fixes,0.5345224838248487,19
791,Add automatic shape inference.,matsuyamax,00cbeecf,Add shape partial inference to Theano reshape,0.5669467095138409,31
791,Add automatic shape inference.,matsuyamax,e8e56d90,Add shape inference to Graph containers,0.6123724356957946,28
791,Add automatic shape inference.,matsuyamax,35d66d67,Add shape inference to existing layers,0.6123724356957946,29
779,Recurrent NN not saving and loading correctly,wrmelicher,983c68bf,fix weight saving and loading,0.5070925528371099,24
771,Bugfix/reshape,stephenbalaban,5706d1d6,Bugfix,0.7071067811865475,8
739,Fix bug in deserialization of convolutional layers,matsuyamax,6dff721a, Fix bug in sparse_categorical_accuracy  (#11373),0.5070925528371099,36
739,Fix bug in deserialization of convolutional layers,matsuyamax,02bc5010,Fix bug in sparse_top_k_categorical_accuracy (#11196),0.5070925528371099,37
739,Fix bug in deserialization of convolutional layers,matsuyamax,ffa99d69,Fix use_bias in some convolutional layers (#10444),0.5714285714285714,28
739,Fix bug in deserialization of convolutional layers,matsuyamax,1ddf2352,Fix bug in `preprocess_weights_for_loading`  (#6960),0.5070925528371099,36
739,Fix bug in deserialization of convolutional layers,matsuyamax,21bf90cb,Fix bug in convlstm.,0.5669467095138409,33
739,Fix bug in deserialization of convolutional layers,matsuyamax,3b76158c,Fix bug in deserialization of convolutional layers,0.9999999999999999,0
738,Fix bug with Graph sample_weights,matsuyamax,510f9f0b,Fix conv_rnn bug with cntk/theano,0.5477225575051661,28
738,Fix bug with Graph sample_weights,matsuyamax,e94f29ca,Fix bug with validation data in Graph model,0.6324555320336759,26
738,Fix bug with Graph sample_weights,matsuyamax,56ae624f,Fix bug with Graph sample_weights,0.9999999999999998,0
738,Fix bug with Graph sample_weights,matsuyamax,c515dc90,Fix Graph.set_previous with dict connection_map,0.5477225575051661,36
488,Bug in BatchNormalization,alzhusan,80fbbc3a,Bug fix in zca_whitening (#4181),0.5163977794943222,23
488,Bug in BatchNormalization,alzhusan,177f7b6b,[BatchNormalization] set updates in get_output,0.5163977794943222,34
488,Bug in BatchNormalization,alzhusan,4e1ec93c,Fix weight saving in BatchNormalization,0.5163977794943222,16
488,Bug in BatchNormalization,alzhusan,3108e919,Use running estimates in BatchNormalization,0.5163977794943222,19
399,Bug in 'same' border,loyeamen,6a4aab45,Fix border mode = same in Conv2D,0.6123724356957946,24
361,layers.recurrent: fix masking from input,amitbeka,33d82a41,Fix input shape of recurrent layers,0.5000000000000001,37
360,change Layer to MaskedLayer & sqrt bugfix for GaussianDropout,the-moliver,1bfbb33c,change Layer to MaskedLayer bugfix,0.7905694150420948,27
332,fix a bug in DenoisingAutoEncoder,DelightRun,fefb70b2,fix a bug in evaluating accuracy (#2736),0.6761234037828131,23
332,fix a bug in DenoisingAutoEncoder,DelightRun,2752a587,Tmp bug fix,0.5163977794943222,27
270,Inconsistent behavior of batch normalization layer,kofd,97174dd2,Fix batch normalization as first layer,0.5000000000000001,32
267,Add a name parameter to Dense.__init__,julienr,3b15ee69,Add missing parameter 'name' to K.identity() (#8257),0.5345224838248487,32
207,Use the inner_init for internal weights in SimpleRNN,wxs,7db26e67,Use the inner_init for internal weights in SimpleRNN,0.9999999999999998,0
205,Fixed python 2.x bug with input() in save_weights(),tdhd,4e83b739,fixed python 2.x bug with input() in save_weights(),0.8888888888888888,1
124,Add theano_mode argument to models.compile. ,julienr,a90d0428,Add `target_tensors` to `compile`. (#7645),0.5477225575051661,33
124,Add theano_mode argument to models.compile. ,julienr,1bbd52c7,Add weighted_metrics arg to compile (#7536),0.5000000000000001,34
124,Add theano_mode argument to models.compile. ,julienr,ae020bfe,Add `include_optimizer` argument to `save_model` (#6153),0.5000000000000001,33
124,Add theano_mode argument to models.compile. ,julienr,9f33f8af,Add names to Keras application models,0.5000000000000001,31
124,Add theano_mode argument to models.compile. ,julienr,dc98019d,Add get_layer to sequential models,0.5477225575051661,28
124,Add theano_mode argument to models.compile. ,julienr,455d7d10,Add dot_axes argument to Graph,0.5477225575051661,25
124,Add theano_mode argument to models.compile. ,julienr,6873b38a,"Add theano_mode argument to models.compile. This allows to specify a theano.compile.mode.Mode instance to use, for example to use a MonitorMode with a post_func to detect nans.",0.5797509043642028,132
35,Fixed incorrect datatype in range function from the last commit,patyork,cb36a5ea,Fixed incorrect datatype in range function from the last commit,0.9999999999999998,0
34,Fixed logic to determine the number of batches per epoch,patyork,3f389651,Fixed logic to determine the number of batches per epoch,0.9999999999999998,0
