Issue ID,Issue Body,issue User,commitID,Commit Subject,cosine similiarity,Levenstein Distance
9342,TFLite for Tensorflow2 models,SukyoungCho,a826a257,Issue template for models.,0.5,19
9325,research model bug,rthadur,a6fb124d,Added new model research/lm_commonsense,0.5163977794943222,29
9324,Rename bot-config.yml to bot_config.yml,rthadur,785f1a18,Rename bot-config.yml to bot_config.yml (#9324),0.9486832980505138,8
9324,Rename bot-config.yml to bot_config.yml,rthadur,59888a74,Create bot-config.yml (#9268),0.5962847939999439,21
9324,Rename bot-config.yml to bot_config.yml,rthadur,0d86cc3a,Create config.yml (#8220),0.5,25
9261,Object detection imports / error,YuByoungJoon,fe748d4a,Object detection changes: (#7208),0.5,14
9253,Adds Intel-optimized NLP and Recommender models to community README,mhbuehler,4c693d66,Adds Intel-optimized NLP and Recommender models to community README (#9253),0.9534625892455924,8
9253,Adds Intel-optimized NLP and Recommender models to community README,mhbuehler,22f76623,Adds CPU-optimized models to community README (#8625),0.6708203932499369,33
9252,DELG: fix small typo on extractor.py,andrefaraujo,c99f4e3a,DELG: fix small typo on extractor.py (#9252),0.9354143466934852,8
9252,DELG: fix small typo on extractor.py,andrefaraujo,98516e54,small fix,0.5345224838248487,29
9252,DELG: fix small typo on extractor.py,andrefaraujo,47b575bb,fix typo,0.5345224838248487,28
9252,DELG: fix small typo on extractor.py,andrefaraujo,086d3873,fix typo,0.5345224838248487,28
9252,DELG: fix small typo on extractor.py,andrefaraujo,32e5754c,fix typo,0.5345224838248487,28
9252,DELG: fix small typo on extractor.py,andrefaraujo,5a060b4f,fix typo,0.5345224838248487,28
9252,DELG: fix small typo on extractor.py,andrefaraujo,998104bf,fix typo,0.5345224838248487,28
9252,DELG: fix small typo on extractor.py,andrefaraujo,8d1f8df8,fix typo,0.5345224838248487,28
9252,DELG: fix small typo on extractor.py,andrefaraujo,1e986ea6,typo fix,0.5345224838248487,30
9252,DELG: fix small typo on extractor.py,andrefaraujo,54011a36,fix typo,0.5345224838248487,28
9222,replace tf.compat.v1.logging with absl.logging for deep_speech,moneypi,2986bcaf,replace tf.compat.v1.logging with absl.logging for deep_speech (#9222),0.960768922830523,8
9222,replace tf.compat.v1.logging with absl.logging for deep_speech,moneypi,3043566d,tf.compat.v1.logging implemented with absl,0.7637626158259734,37
9207,fix `base_url`,kaczmarj,5c30a6b0,fix `base_url` (#9207),0.8164965809277259,8
9207,fix `base_url`,kaczmarj,b152ed9c,fix,0.7071067811865475,11
9207,fix `base_url`,kaczmarj,dabfc27b,fix,0.7071067811865475,11
9207,fix `base_url`,kaczmarj,980d176a,fix,0.7071067811865475,11
9207,fix `base_url`,kaczmarj,5f71a455,fix,0.7071067811865475,11
9207,fix `base_url`,kaczmarj,a6797285,fix,0.7071067811865475,11
9207,fix `base_url`,kaczmarj,3564e7ca,fix,0.7071067811865475,11
9207,fix `base_url`,kaczmarj,70cb8516,fix,0.7071067811865475,11
9207,fix `base_url`,kaczmarj,55db4add,fix,0.7071067811865475,11
9207,fix `base_url`,kaczmarj,416081c3,fix,0.7071067811865475,11
9207,fix `base_url`,kaczmarj,8718de2a,fix,0.7071067811865475,11
9207,fix `base_url`,kaczmarj,26e24e21,fix,0.7071067811865475,11
9207,fix `base_url`,kaczmarj,40ea6deb,fix,0.7071067811865475,11
9207,fix `base_url`,kaczmarj,e6b7e0ad,fix,0.7071067811865475,11
9207,fix `base_url`,kaczmarj,7a210706,fix,0.7071067811865475,11
9184,fix broken url for attention_ocr README.md,moneypi,6e291f47,fix for broken link to slim README.md,0.6681531047810609,21
9163,fix ValueError for adversarial_text,moneypi,7d40b2ac,fix ValueError for adversarial_text (#9163),0.8944271909999159,8
9163,fix ValueError for adversarial_text,moneypi,b152ed9c,fix,0.5,32
9163,fix ValueError for adversarial_text,moneypi,dabfc27b,fix,0.5,32
9163,fix ValueError for adversarial_text,moneypi,980d176a,fix,0.5,32
9163,fix ValueError for adversarial_text,moneypi,5f71a455,fix,0.5,32
9163,fix ValueError for adversarial_text,moneypi,a6797285,fix,0.5,32
9163,fix ValueError for adversarial_text,moneypi,3564e7ca,fix,0.5,32
9163,fix ValueError for adversarial_text,moneypi,70cb8516,fix,0.5,32
9163,fix ValueError for adversarial_text,moneypi,55db4add,fix,0.5,32
9163,fix ValueError for adversarial_text,moneypi,416081c3,fix,0.5,32
9163,fix ValueError for adversarial_text,moneypi,8718de2a,fix,0.5,32
9163,fix ValueError for adversarial_text,moneypi,26e24e21,fix,0.5,32
9163,fix ValueError for adversarial_text,moneypi,40ea6deb,fix,0.5,32
9163,fix ValueError for adversarial_text,moneypi,e6b7e0ad,fix,0.5,32
9163,fix ValueError for adversarial_text,moneypi,7a210706,fix,0.5,32
9153,Initial checkin of sequence_projection,thunderfyc,f91b59c6,Initial checkin of sequence_projection (#9153),0.8944271909999159,8
9147,Customize log_steps for object detection model,ashiqimranintel,31ae57eb,Minor fixes for object detection (#5613),0.5000000000000001,22
9147,Customize log_steps for object detection model,ashiqimranintel,1f484095,Minor fixes for object detection.,0.5477225575051661,21
9147,Customize log_steps for object detection model,ashiqimranintel,001a2a61,Internal changes for object detection. (#3656),0.5000000000000001,23
9147,Customize log_steps for object detection model,ashiqimranintel,edbf38b3,fix exporting model doc for object detection,0.6172133998483676,25
9122,Update tf2.md - Add Open in Colab,ibaiGorordo,74201f2e,Update README.md in adv_imagenet_models.,0.5070925528371099,24
9122,Update tf2.md - Add Open in Colab,ibaiGorordo,a8b8b4f8,Update directories in preparing_inputs.md,0.5070925528371099,28
9122,Update tf2.md - Add Open in Colab,ibaiGorordo,50e427ad,Update directories in running_pets.md,0.5070925528371099,27
9122,Update tf2.md - Add Open in Colab,ibaiGorordo,7512243a,Update citation in README.md,0.5070925528371099,24
9120,Context R-CNN TF 2: move batch norm between dense and activation,kmindspark,859b92b8,move batch norm between dense and activation,0.7637626158259734,20
9097,context R-CNN bugfix and documentation fix,kmindspark,0aa87984,context R-CNN bugfix and documentation fix,0.9999999999999999,0
9091,a small typo in the read me file,sshahrokhi,f08e9862,a small typo in the read me file,0.9999999999999998,0
9091,a small typo in the read me file,sshahrokhi,24d9f295,Fix a typo in the included header file name (#7460),0.5590169943749475,31
9091,a small typo in the read me file,sshahrokhi,b87f5a07,Correct a small typo,0.5303300858899106,27
9089,Support fine_tune in all CenterNet feature extractors.,vighneshbirodkar,fd6987fa,Support fine_tune in all CenterNet feature extractors.,0.9999999999999999,0
9086,exporter final version,kmindspark,811f3940,exporter final version,1.0000000000000002,0
9086,exporter final version,kmindspark,d73569c5,exporter,0.5773502691896258,14
9085,Remove benchmark folder from the master branch. They are stale.,saberkun,c5e107ff,Remove benchmark folder from the master branch. They are stale. (#9085),0.9534625892455924,8
9085,Remove benchmark folder from the master branch. They are stale.,saberkun,f9ac9618,"Remove this r1 folder from the master branch in June, 2020.",0.5720775535473553,22
9080,"VGGish embeddings are pre-activation, not post-activation.",plakal,0f7616bd,"VGGish embeddings are pre-activation, not post-activation. (#9080)",0.9534625892455924,8
9072,Update losses.proto,johnpjust,b2bf29cf,Update losses.,0.8164965809277259,5
9072,Update losses.proto,johnpjust,ba3cb317,Update losses.py,0.6666666666666667,4
9070,Consider regression model in predict mode,NivekNey,83f355bb,Consider regression model in predict mode,1.0000000000000002,0
9069,Update bert README,ChAnYaNG97,a54f7d00,Update README.md,0.6666666666666667,8
9069,Update bert README,ChAnYaNG97,80d8da07,Update README.md,0.6666666666666667,8
9069,Update bert README,ChAnYaNG97,afd348a8,update bert README,0.6666666666666667,1
9069,Update bert README,ChAnYaNG97,7bf0b599,Update README.md,0.6666666666666667,8
9069,Update bert README,ChAnYaNG97,60938939,Update README.md,0.6666666666666667,8
9069,Update bert README,ChAnYaNG97,574455f5,Update README.md,0.6666666666666667,8
9069,Update bert README,ChAnYaNG97,a09021be,Update README.md,0.6666666666666667,8
9069,Update bert README,ChAnYaNG97,ff5bd712,Update README.md,0.6666666666666667,8
9069,Update bert README,ChAnYaNG97,eb355ec0,Update README.md,0.6666666666666667,8
9069,Update bert README,ChAnYaNG97,6e4f52c6,Update README.md,0.6666666666666667,8
9069,Update bert README,ChAnYaNG97,8284ea20,Update README.md,0.6666666666666667,8
9069,Update bert README,ChAnYaNG97,bdf6f121,Update README.md,0.6666666666666667,8
9069,Update bert README,ChAnYaNG97,1705d0df,Update README.md,0.6666666666666667,8
9069,Update bert README,ChAnYaNG97,d2200548,Update the README.,0.6666666666666667,5
9069,Update bert README,ChAnYaNG97,f4baddb3,Update README.,0.8164965809277259,6
9069,Update bert README,ChAnYaNG97,5110d3a2,Update README.md,0.6666666666666667,8
9069,Update bert README,ChAnYaNG97,80f1d815,Update README.md,0.6666666666666667,8
9069,Update bert README,ChAnYaNG97,cc1e2718,Update README.md,0.6666666666666667,8
9069,Update bert README,ChAnYaNG97,4b14ee70,Update README.md,0.6666666666666667,8
9069,Update bert README,ChAnYaNG97,460943f9,Update README.md,0.6666666666666667,8
9069,Update bert README,ChAnYaNG97,898cc540,Update README.md,0.6666666666666667,8
9069,Update bert README,ChAnYaNG97,3d8eaa11,Update README.md,0.6666666666666667,8
9069,Update bert README,ChAnYaNG97,3ee5ecc5,Update README.md,0.6666666666666667,8
9069,Update bert README,ChAnYaNG97,5a56f04b,Update README.md,0.6666666666666667,8
9069,Update bert README,ChAnYaNG97,5ba9ea86,Update README.md,0.6666666666666667,8
9069,Update bert README,ChAnYaNG97,d10aaacb,Update README.md,0.6666666666666667,8
9069,Update bert README,ChAnYaNG97,9bf59c9d,Update README.md,0.6666666666666667,8
9069,Update bert README,ChAnYaNG97,0874d130,Update README.md,0.6666666666666667,8
9069,Update bert README,ChAnYaNG97,bf3d2e61,Update README.md,0.6666666666666667,8
9069,Update bert README,ChAnYaNG97,7be5326b,Update README.md,0.6666666666666667,8
9069,Update bert README,ChAnYaNG97,0a1b8b83,Update README.md,0.6666666666666667,8
9069,Update bert README,ChAnYaNG97,ec4fe464,Update README.md,0.6666666666666667,8
9069,Update bert README,ChAnYaNG97,49bcc7d5,Update README.md,0.6666666666666667,8
9069,Update bert README,ChAnYaNG97,cc8c8d58,Update README.md,0.6666666666666667,8
9069,Update bert README,ChAnYaNG97,889be819,Update README.md,0.6666666666666667,8
9069,Update bert README,ChAnYaNG97,04ecff8a,Update README.md,0.6666666666666667,8
9069,Update bert README,ChAnYaNG97,78e5af18,Update README.md (#7984),0.5773502691896258,16
9069,Update bert README,ChAnYaNG97,3f124e27,Update README.md,0.6666666666666667,8
9069,Update bert README,ChAnYaNG97,effb1f10,Update README.md,0.6666666666666667,8
9069,Update bert README,ChAnYaNG97,dda60293,Update README.md (#7871),0.5773502691896258,16
9069,Update bert README,ChAnYaNG97,fcb24724,Update README.md,0.6666666666666667,8
9069,Update bert README,ChAnYaNG97,a622ba7f,Update README.md,0.6666666666666667,8
9069,Update bert README,ChAnYaNG97,d6cf4336,Update README.md,0.6666666666666667,8
9069,Update bert README,ChAnYaNG97,4456f249,Update README.md (#8358),0.5773502691896258,16
9069,Update bert README,ChAnYaNG97,f3024690,Update README.md (#8337),0.5773502691896258,16
9069,Update bert README,ChAnYaNG97,01d1931f,Update README.md,0.6666666666666667,8
9069,Update bert README,ChAnYaNG97,19d930c3,Update ResNet README,0.6666666666666667,4
9069,Update bert README,ChAnYaNG97,101f1f04,Update README.md,0.6666666666666667,8
9069,Update bert README,ChAnYaNG97,41185bc7,Update README.md (#8140),0.5773502691896258,16
9069,Update bert README,ChAnYaNG97,2c48c0dd,Update README.md,0.6666666666666667,8
9069,Update bert README,ChAnYaNG97,77e064d8,Update README.md,0.6666666666666667,8
9069,Update bert README,ChAnYaNG97,9cae3c4f,Update README.md,0.6666666666666667,8
9069,Update bert README,ChAnYaNG97,1345ec9b,Update README.md (#7588),0.5773502691896258,16
9069,Update bert README,ChAnYaNG97,829f365a,Update README.md,0.6666666666666667,8
9069,Update bert README,ChAnYaNG97,3d87a679,Update README.md,0.6666666666666667,8
9069,Update bert README,ChAnYaNG97,9d299984,Update README.md (#6612),0.5773502691896258,16
9069,Update bert README,ChAnYaNG97,b4b8c723,Update README.md (#6569),0.5773502691896258,16
9069,Update bert README,ChAnYaNG97,f7e5d49a,Update README.md (#6380),0.5773502691896258,16
9069,Update bert README,ChAnYaNG97,76c0ac54,Update README,0.8164965809277259,5
9069,Update bert README,ChAnYaNG97,5cd07c09,Update README with blogpost link.,0.5163977794943222,24
9069,Update bert README,ChAnYaNG97,20d75ea0,Update README.md,0.6666666666666667,8
9069,Update bert README,ChAnYaNG97,76d494bd,Update README.md,0.6666666666666667,8
9069,Update bert README,ChAnYaNG97,ab720524,Update README.md,0.6666666666666667,8
9069,Update bert README,ChAnYaNG97,91c72cdf,Update README.md,0.6666666666666667,8
9069,Update bert README,ChAnYaNG97,553334f3,Update README.md,0.6666666666666667,8
9069,Update bert README,ChAnYaNG97,61bb943e,Update README.md,0.6666666666666667,8
9069,Update bert README,ChAnYaNG97,8ebc793d,Update README.md,0.6666666666666667,8
9069,Update bert README,ChAnYaNG97,32d19541,Update README.md,0.6666666666666667,8
9069,Update bert README,ChAnYaNG97,9376f204,Update README.md,0.6666666666666667,8
9069,Update bert README,ChAnYaNG97,74201f2e,Update README.md in adv_imagenet_models.,0.5163977794943222,31
9069,Update bert README,ChAnYaNG97,eb864fce,Update README.md,0.6666666666666667,8
9069,Update bert README,ChAnYaNG97,40e906d2,Update README.md,0.6666666666666667,8
9069,Update bert README,ChAnYaNG97,5bfbf521,Update README.md,0.6666666666666667,8
9069,Update bert README,ChAnYaNG97,a978aa9c,Update README.md,0.6666666666666667,8
9069,Update bert README,ChAnYaNG97,d8cfbfc9,Update README.md,0.6666666666666667,8
9069,Update bert README,ChAnYaNG97,a12bc1cd,Update README.md,0.6666666666666667,8
9069,Update bert README,ChAnYaNG97,7ad450b8,Update README.md (#1552),0.5773502691896258,16
9069,Update bert README,ChAnYaNG97,6cdcd45a,Update README.md,0.6666666666666667,8
9069,Update bert README,ChAnYaNG97,7b4d025a,Update slim README as well,0.5163977794943222,12
9069,Update bert README,ChAnYaNG97,dcb49d91,Update README.md,0.6666666666666667,8
9069,Update bert README,ChAnYaNG97,f1d0dc24,Update README.md,0.6666666666666667,8
9069,Update bert README,ChAnYaNG97,04c3a7f5,Update README.md,0.6666666666666667,8
9069,Update bert README,ChAnYaNG97,0b9c1d30,Update resnet model API + README,0.5163977794943222,16
9069,Update bert README,ChAnYaNG97,863f6c09,Update README.md,0.6666666666666667,8
9069,Update bert README,ChAnYaNG97,3661042a,Update README.md,0.6666666666666667,8
9069,Update bert README,ChAnYaNG97,7512243a,Update citation in README.md,0.5163977794943222,13
9069,Update bert README,ChAnYaNG97,f9cea141,Update README.md (#225),0.5773502691896258,15
9069,Update bert README,ChAnYaNG97,e45e5499,Update README.md,0.6666666666666667,8
9069,Update bert README,ChAnYaNG97,336d06f2,Update README.md,0.6666666666666667,8
9069,Update bert README,ChAnYaNG97,e1219803,Update README,0.8164965809277259,5
9069,Update bert README,ChAnYaNG97,f6194b91,Update README.md,0.6666666666666667,8
9069,Update bert README,ChAnYaNG97,d0b73495,Update README.md,0.6666666666666667,8
9066,Update losses.proto,johnpjust,b2bf29cf,Update losses.,0.8164965809277259,5
9066,Update losses.proto,johnpjust,ba3cb317,Update losses.py,0.6666666666666667,4
9062,"Error indices[0] = 0 is not in [0, 0) with mask-rcnn object-detection model with tensorflow 2",jrash33,3f6fe2aa,Pin tensorflow-metadata to <0.23.0.,0.5303300858899106,78
9057,Converting tf2 ssd_mobilenet-v1 object detection model to tflite model,Raphaeal19,fbe9b495,model main tf2,0.5000000000000001,61
9036,Exporter v2 with side inputs,kmindspark,c88b9fb0,add side inputs,0.5163977794943222,16
9036,Exporter v2 with side inputs,kmindspark,ff2bf0b0,add side inputs,0.5163977794943222,16
9024,Fix Mobilenetv3 edgetpu bugs,luotigerlsx,eb4b727d,Fix bugs for multilevel_native_crop_and_resize,0.5,34
9020,Fixed doc strings and typos,srihari-humbarwadi,1c5dca7f,get_config and doc,0.5163977794943222,17
9020,Fixed doc strings and typos,srihari-humbarwadi,df7e66d2,fixed typos in doc strings and variable naming,0.6324555320336759,25
9020,Fixed doc strings and typos,srihari-humbarwadi,b3f63b00,Fixed typos,0.6324555320336759,16
9020,Fixed doc strings and typos,srihari-humbarwadi,1fdab7a9,Fixed typos.,0.6324555320336759,17
9020,Fixed doc strings and typos,srihari-humbarwadi,c3e2ae5e,Fixed typos and redudant with CPU:0,0.5070925528371099,23
9008,DELF local feature model,chhokarpardeep,a9fcda17,Exporting option for DELG local+global feature model (#9198),0.5,37
9008,DELF local feature model,chhokarpardeep,7f5bdcd4,Adding DELF model,0.5773502691896258,17
9007,Fix notebook URL,mgalgs,aa773be8,Fix notebook URL,1.0000000000000002,0
9007,Fix notebook URL,mgalgs,05f27429,Fix notebook text,0.6666666666666667,4
9007,Fix notebook URL,mgalgs,ca0b7cae,Fix notebook text,0.6666666666666667,4
9007,Fix notebook URL,mgalgs,fd6da687,Fix incorrect TensorFlow URL,0.5773502691896258,14
8962,"Identity box coder, similarity calculator, target assigner",kmindspark,e09e0566,target assigner and similarity calculator fixes,0.6172133998483676,32
8962,"Identity box coder, similarity calculator, target assigner",kmindspark,d54c86de,make suggested fixes to target assigner and similarity calculator,0.5039526306789696,52
8961,Fixed typos,srihari-humbarwadi,0e9d5840,Fixed typos in losses.py,0.6324555320336759,13
8961,Fixed typos,srihari-humbarwadi,b3f63b00,Fixed typos,0.9999999999999998,0
8961,Fixed typos,srihari-humbarwadi,6c9e79a9,typos,0.7071067811865475,6
8961,Fixed typos,srihari-humbarwadi,1016fce9,Fixed tensor dimensionality typos in meta_architectures/,0.5773502691896258,45
8961,Fixed typos,srihari-humbarwadi,1fdab7a9,Fixed typos.,0.9999999999999998,1
8961,Fixed typos,srihari-humbarwadi,c3e2ae5e,Fixed typos and redudant with CPU:0,0.5345224838248487,24
8954,remove unused import within image_resizer.proto,syiming,ca0acc9a,remove unused import,0.7071067811865476,27
8934,Deprecate old research models,jaeyounkim,a8ba923c,Deprecate old models (#8934),0.75,14
8909,adding option to select specific frame index,kmindspark,dbc211f2,adding option to select specific frame index,0.9999999999999999,0
8902,Update README.md,saberkun,a54f7d00,Update README.md,1.0000000000000002,0
8902,Update README.md,saberkun,80d8da07,Update README.md,1.0000000000000002,0
8902,Update README.md,saberkun,7bf0b599,Update README.md,1.0000000000000002,0
8902,Update README.md,saberkun,60938939,Update README.md,1.0000000000000002,0
8902,Update README.md,saberkun,574455f5,Update README.md,1.0000000000000002,0
8902,Update README.md,saberkun,671d5424,Update README_TEMPLATE.md,0.6666666666666667,9
8902,Update README.md,saberkun,a09021be,Update README.md,1.0000000000000002,0
8902,Update README.md,saberkun,ff5bd712,Update README.md,1.0000000000000002,0
8902,Update README.md,saberkun,eb355ec0,Update README.md,1.0000000000000002,0
8902,Update README.md,saberkun,6e4f52c6,Update README.md,1.0000000000000002,0
8902,Update README.md,saberkun,8284ea20,Update README.md,1.0000000000000002,0
8902,Update README.md,saberkun,53fd242a,Update README_TEMPLATE.md,0.6666666666666667,9
8902,Update README.md,saberkun,bdf6f121,Update README.md,1.0000000000000002,0
8902,Update README.md,saberkun,1705d0df,Update README.md,1.0000000000000002,0
8902,Update README.md,saberkun,d2200548,Update the README.,0.6666666666666667,6
8902,Update README.md,saberkun,f4baddb3,Update README.,0.8164965809277259,2
8902,Update README.md,saberkun,5110d3a2,Update README.md,1.0000000000000002,0
8902,Update README.md,saberkun,a38fc0e8,Fix link in README.md,0.5163977794943222,11
8902,Update README.md,saberkun,80f1d815,Update README.md,1.0000000000000002,0
8902,Update README.md,saberkun,cc1e2718,Update README.md,1.0000000000000002,0
8902,Update README.md,saberkun,93f8a8aa,Update ISSUES.md,0.6666666666666667,6
8902,Update README.md,saberkun,4b14ee70,Update README.md,1.0000000000000002,0
8902,Update README.md,saberkun,460943f9,Update README.md,1.0000000000000002,0
8902,Update README.md,saberkun,989725bd,Update README_TEMPLATE.md,0.6666666666666667,9
8902,Update README.md,saberkun,746e12fe,Update README_TEMPLATE.md,0.6666666666666667,9
8902,Update README.md,saberkun,898cc540,Update README.md,1.0000000000000002,0
8902,Update README.md,saberkun,3d8eaa11,Update README.md,1.0000000000000002,0
8902,Update README.md,saberkun,3ee5ecc5,Update README.md,1.0000000000000002,0
8902,Update README.md,saberkun,5a56f04b,Update README.md,1.0000000000000002,0
8902,Update README.md,saberkun,faf5db0b,Update installation.md (#6415),0.5773502691896258,20
8902,Update README.md,saberkun,5ba9ea86,Update README.md,1.0000000000000002,0
8902,Update README.md,saberkun,d10aaacb,Update README.md,1.0000000000000002,0
8902,Update README.md,saberkun,9bf59c9d,Update README.md,1.0000000000000002,0
8902,Update README.md,saberkun,0874d130,Update README.md,1.0000000000000002,0
8902,Update README.md,saberkun,bf3d2e61,Update README.md,1.0000000000000002,0
8902,Update README.md,saberkun,7be5326b,Update README.md,1.0000000000000002,0
8902,Update README.md,saberkun,0a1b8b83,Update README.md,1.0000000000000002,0
8902,Update README.md,saberkun,ec4fe464,Update README.md,1.0000000000000002,0
8902,Update README.md,saberkun,49bcc7d5,Update README.md,1.0000000000000002,0
8902,Update README.md,saberkun,cc8c8d58,Update README.md,1.0000000000000002,0
8902,Update README.md,saberkun,889be819,Update README.md,1.0000000000000002,0
8902,Update README.md,saberkun,04ecff8a,Update README.md,1.0000000000000002,0
8902,Update README.md,saberkun,78e5af18,Update README.md (#7984),0.8660254037844387,8
8902,Update README.md,saberkun,3f124e27,Update README.md,1.0000000000000002,0
8902,Update README.md,saberkun,effb1f10,Update README.md,1.0000000000000002,0
8902,Update README.md,saberkun,dda60293,Update README.md (#7871),0.8660254037844387,8
8902,Update README.md,saberkun,fcb24724,Update README.md,1.0000000000000002,0
8902,Update README.md,saberkun,a622ba7f,Update README.md,1.0000000000000002,0
8902,Update README.md,saberkun,d6cf4336,Update README.md,1.0000000000000002,0
8902,Update README.md,saberkun,4456f249,Update README.md (#8358),0.8660254037844387,8
8902,Update README.md,saberkun,f3024690,Update README.md (#8337),0.8660254037844387,8
8902,Update README.md,saberkun,01d1931f,Update README.md,1.0000000000000002,0
8902,Update README.md,saberkun,19d930c3,Update ResNet README,0.6666666666666667,10
8902,Update README.md,saberkun,101f1f04,Update README.md,1.0000000000000002,0
8902,Update README.md,saberkun,41185bc7,Update README.md (#8140),0.8660254037844387,8
8902,Update README.md,saberkun,2c48c0dd,Update README.md,1.0000000000000002,0
8902,Update README.md,saberkun,77e064d8,Update README.md,1.0000000000000002,0
8902,Update README.md,saberkun,9cae3c4f,Update README.md,1.0000000000000002,0
8902,Update README.md,saberkun,d49cb9ef,Update vid2depth/README.md: use raw.githubcontent (#7881),0.6123724356957945,41
8902,Update README.md,saberkun,275afa5c,Update CONTRIBUTING.md (#7852),0.5773502691896258,19
8902,Update README.md,saberkun,1345ec9b,Update README.md (#7588),0.8660254037844387,8
8902,Update README.md,saberkun,829f365a,Update README.md,1.0000000000000002,0
8902,Update README.md,saberkun,3d87a679,Update README.md,1.0000000000000002,0
8902,Update README.md,saberkun,9d299984,Update README.md (#6612),0.8660254037844387,8
8902,Update README.md,saberkun,b4b8c723,Update README.md (#6569),0.8660254037844387,8
8902,Update README.md,saberkun,f7e5d49a,Update README.md (#6380),0.8660254037844387,8
8902,Update README.md,saberkun,e0320a19,Update running_pets.md,0.6666666666666667,12
8902,Update README.md,saberkun,13c1ddac,Update running_pets.md,0.6666666666666667,12
8902,Update README.md,saberkun,afbe59de,Update running_pets.md,0.6666666666666667,12
8902,Update README.md,saberkun,63ecef1a,Update installation.md,0.6666666666666667,12
8902,Update README.md,saberkun,76c0ac54,Update README,0.8164965809277259,3
8902,Update README.md,saberkun,5cd07c09,Update README with blogpost link.,0.5163977794943222,20
8902,Update README.md,saberkun,a1b2b01f,Update model_zoo.md,0.6666666666666667,9
8902,Update README.md,saberkun,afb2a7dc,Update ade20k.md,0.6666666666666667,6
8902,Update README.md,saberkun,20d75ea0,Update README.md,1.0000000000000002,0
8902,Update README.md,saberkun,76d494bd,Update README.md,1.0000000000000002,0
8902,Update README.md,saberkun,ab720524,Update README.md,1.0000000000000002,0
8902,Update README.md,saberkun,486ce0b5,Create README.md,0.6666666666666667,3
8902,Update README.md,saberkun,13cd3d80,Update evaluation_protocols.md,0.6666666666666667,20
8902,Update README.md,saberkun,45069b91,Update Installation.md,0.6666666666666667,12
8902,Update README.md,saberkun,3f3dd4e1,Update mobilenet_v1.md,0.6666666666666667,12
8902,Update README.md,saberkun,e234afd1,Update Installation.md,0.6666666666666667,12
8902,Update README.md,saberkun,a6091ec4,Fix typo in README.md,0.5163977794943222,10
8902,Update README.md,saberkun,acc51dfe,Update ISSUE_TEMPLATE.md,0.6666666666666667,11
8902,Update README.md,saberkun,c7cefd38,Update installation.md,0.6666666666666667,12
8902,Update README.md,saberkun,91c72cdf,Update README.md,1.0000000000000002,0
8902,Update README.md,saberkun,553334f3,Update README.md,1.0000000000000002,0
8902,Update README.md,saberkun,61bb943e,Update README.md,1.0000000000000002,0
8902,Update README.md,saberkun,8ebc793d,Update README.md,1.0000000000000002,0
8902,Update README.md,saberkun,32d19541,Update README.md,1.0000000000000002,0
8902,Update README.md,saberkun,9376f204,Update README.md,1.0000000000000002,0
8902,Update README.md,saberkun,74201f2e,Update README.md in adv_imagenet_models.,0.7745966692414834,24
8902,Update README.md,saberkun,58c88727,Update tutorials/rnn/README.md with the correct Quick Draw link,0.5222329678670935,47
8902,Update README.md,saberkun,8789122a,Update exporting_models.md,0.6666666666666667,16
8902,Update README.md,saberkun,28b62423,Update running_pets.md,0.6666666666666667,12
8902,Update README.md,saberkun,3141ea44,Update running_pets.md,0.6666666666666667,12
8902,Update README.md,saberkun,eb864fce,Update README.md,1.0000000000000002,0
8902,Update README.md,saberkun,40e906d2,Update README.md,1.0000000000000002,0
8902,Update README.md,saberkun,5bfbf521,Update README.md,1.0000000000000002,0
8902,Update README.md,saberkun,a978aa9c,Update README.md,1.0000000000000002,0
8902,Update README.md,saberkun,d8cfbfc9,Update README.md,1.0000000000000002,0
8902,Update README.md,saberkun,1af85f78,Added rebar to README.md,0.5163977794943222,11
8902,Update README.md,saberkun,a12bc1cd,Update README.md,1.0000000000000002,0
8902,Update README.md,saberkun,a8b8b4f8,Update directories in preparing_inputs.md,0.5163977794943222,31
8902,Update README.md,saberkun,50e427ad,Update directories in running_pets.md,0.5163977794943222,27
8902,Update README.md,saberkun,7ad450b8,Update README.md (#1552),0.8660254037844387,8
8902,Update README.md,saberkun,8086621c,Attention OCR: update README.md,0.5163977794943222,16
8902,Update README.md,saberkun,926393ac,README.md Updates,0.6666666666666667,15
8902,Update README.md,saberkun,6cdcd45a,Update README.md,1.0000000000000002,0
8902,Update README.md,saberkun,d7283853,README.md Updates,0.6666666666666667,15
8902,Update README.md,saberkun,1e4d451f,README.md Updates,0.6666666666666667,15
8902,Update README.md,saberkun,7b4d025a,Update slim README as well,0.5163977794943222,13
8902,Update README.md,saberkun,dcb49d91,Update README.md,1.0000000000000002,0
8902,Update README.md,saberkun,f1d0dc24,Update README.md,1.0000000000000002,0
8902,Update README.md,saberkun,719b4159,Update readme.md,0.6666666666666667,6
8902,Update README.md,saberkun,04c3a7f5,Update README.md,1.0000000000000002,0
8902,Update README.md,saberkun,0b9c1d30,Update resnet model API + README,0.5163977794943222,22
8902,Update README.md,saberkun,5e250ff9,Update README.md to indicate required TensorFlow version.,0.6123724356957945,41
8902,Update README.md,saberkun,863f6c09,Update README.md,1.0000000000000002,0
8902,Update README.md,saberkun,3661042a,Update README.md,1.0000000000000002,0
8902,Update README.md,saberkun,ea207d8a,Updating README.md,0.6666666666666667,3
8902,Update README.md,saberkun,7512243a,Update citation in README.md,0.7745966692414834,12
8902,Update README.md,saberkun,c7217f43,Update README.md with helpful tip (#243),0.6546536707079772,24
8902,Update README.md,saberkun,f9cea141,Update README.md (#225),0.8660254037844387,7
8902,Update README.md,saberkun,e45e5499,Update README.md,1.0000000000000002,0
8902,Update README.md,saberkun,336d06f2,Update README.md,1.0000000000000002,0
8902,Update README.md,saberkun,e1219803,Update README,0.8164965809277259,3
8902,Update README.md,saberkun,f6194b91,Update README.md,1.0000000000000002,0
8902,Update README.md,saberkun,d0b73495,Update README.md,1.0000000000000002,0
8894,moving fpn message to fpn.proto,syiming,4152a5c7,move BidirectionalFeaturePyramidNetworks to fpn.proto,0.6324555320336759,32
8894,moving fpn message to fpn.proto,syiming,4267bf41,"remove fpn message from ssd.proto, use fpn.proto",0.686406472983644,22
8894,moving fpn message to fpn.proto,syiming,c41aedff,moving fpn message to fpn.proto,0.9999999999999998,0
8890,Images 2,milnar,d59897d4,Update readme with 2.2,0.5345224838248487,18
8870,DeepLab: Cityscapes splits refactoring,ruslo,982f457a,DeepLab: Cityscapes splits refactoring (#8870),0.8944271909999159,8
8866,DeepLab: Fix generation of tfrecord for Cityscapes,ruslo,b860406a,DeepLab: Fix generation of tfrecord for Cityscapes (#8866),0.9354143466934852,8
8834,Merged commit includes the following changes:,tombstone,b8172302,Merged commit includes the following changes: (#8834),0.9258200997725514,8
8834,Merged commit includes the following changes:,tombstone,b06f0c6b,Merged commit includes the following changes: (#8832),0.9258200997725514,8
8834,Merged commit includes the following changes:,tombstone,5245161c,Merged commit includes the following changes: (#8830),0.9258200997725514,8
8834,Merged commit includes the following changes:,tombstone,c9eb3554,Merged commit includes the following changes: (#8829),0.9258200997725514,8
8834,Merged commit includes the following changes:,tombstone,0ad4922f,Merged commit includes the following changes: (#8809),0.9258200997725514,8
8834,Merged commit includes the following changes:,tombstone,52bb4ab1,Merged commit includes the following changes: (#8803),0.9258200997725514,8
8834,Merged commit includes the following changes:,tombstone,36e786dc,Merged commit includes the following changes: (#8779),0.9258200997725514,8
8834,Merged commit includes the following changes:,tombstone,e6017471,Merged commit includes the following changes: (#8761),0.9258200997725514,8
8834,Merged commit includes the following changes:,tombstone,0e57630c,Merged commit includes the following changes: (#8755),0.9258200997725514,8
8834,Merged commit includes the following changes:,tombstone,df89d3e0,Merged commit includes the following changes: (#8753),0.9258200997725514,8
8834,Merged commit includes the following changes:,tombstone,68d983b9,Merged commit includes the following changes: (#8742),0.9258200997725514,8
8834,Merged commit includes the following changes:,tombstone,6ef140dc,Merged commit includes the following changes: (#8741),0.9258200997725514,8
8834,Merged commit includes the following changes:,tombstone,a555f1b0,Merged commit includes the following changes: (#8740),0.9258200997725514,8
8834,Merged commit includes the following changes:,tombstone,0f0c7745,Merged commit includes the following changes: (#8739),0.9258200997725514,8
8834,Merged commit includes the following changes:,tombstone,e0dade52,Merged commit includes the following changes: (#8728),0.9258200997725514,8
8834,Merged commit includes the following changes:,tombstone,4a0b3e4b,Merged commit includes the following changes: (#8235),0.9258200997725514,8
8834,Merged commit includes the following changes:,tombstone,d4eedbb9,Merged commit includes the following changes: (#8077),0.9258200997725514,8
8834,Merged commit includes the following changes:,tombstone,b968a6ce,Merged commit includes the following changes: (#7800),0.9258200997725514,8
8834,Merged commit includes the following changes:,tombstone,377c5285,Merged commit includes the following changes: (#7798),0.9258200997725514,8
8834,Merged commit includes the following changes:,tombstone,ba87e2c6,Merged commit includes the following changes: (#7797),0.9258200997725514,8
8834,Merged commit includes the following changes:,tombstone,6766e6dd,Merged commit includes the following changes: (#7690),0.9258200997725514,8
8834,Merged commit includes the following changes:,tombstone,886d7bc9,Merged commit includes the following changes: (#7470),0.9258200997725514,8
8834,Merged commit includes the following changes:,tombstone,e36934b3,Merged commit includes the following changes: (#7431),0.9258200997725514,8
8834,Merged commit includes the following changes:,tombstone,03b4a0af,Merged commit includes the following changes: (#7430),0.9258200997725514,8
8834,Merged commit includes the following changes:,tombstone,3a14837d,Merged commit includes the following changes: (#7429),0.9258200997725514,8
8834,Merged commit includes the following changes:,tombstone,e38d570e,Merged commit includes the following changes: (#7404),0.9258200997725514,8
8834,Merged commit includes the following changes:,tombstone,45b708d4,Merged commit includes the following changes: (#7398),0.9258200997725514,8
8834,Merged commit includes the following changes:,tombstone,8625efd8,Merged commit includes the following changes: (#7393),0.9258200997725514,8
8834,Merged commit includes the following changes:,tombstone,8384b05d,Merged commit includes the following changes: (#7385),0.9258200997725514,8
8834,Merged commit includes the following changes:,tombstone,6b586a91,Merged commit includes the following changes: (#7370),0.9258200997725514,8
8834,Merged commit includes the following changes:,tombstone,23c0017f,Merged commit includes the following changes: (#7368),0.9258200997725514,8
8834,Merged commit includes the following changes:,tombstone,1921a3b5,Merged commit includes the following changes: (#7365),0.9258200997725514,8
8834,Merged commit includes the following changes:,tombstone,13e7c85d,Merged commit includes the following changes: (#7358),0.9258200997725514,8
8834,Merged commit includes the following changes:,tombstone,aee49bbd,Merged commit includes the following changes: (#7357),0.9258200997725514,8
8834,Merged commit includes the following changes:,tombstone,dc4c5f1a,Merged commit includes the following changes: (#7354),0.9258200997725514,8
8834,Merged commit includes the following changes:,tombstone,c92a7e16,Merged commit includes the following changes: (#7347),0.9258200997725514,8
8834,Merged commit includes the following changes:,tombstone,1b089751,Merged commit includes the following changes: (#7346),0.9258200997725514,8
8834,Merged commit includes the following changes:,tombstone,443461cc,Merged commit includes the following changes: (#7325),0.9258200997725514,8
8834,Merged commit includes the following changes:,tombstone,aad41340,Merged commit includes the following changes: (#7324),0.9258200997725514,8
8834,Merged commit includes the following changes:,tombstone,d65af7d8,Merged commit includes the following changes: (#7323),0.9258200997725514,8
8834,Merged commit includes the following changes:,tombstone,803f833c,Merged commit includes the following changes: (#7322),0.9258200997725514,8
8834,Merged commit includes the following changes:,tombstone,8c7a0e75,Merged commit includes the following changes: (#7309),0.9258200997725514,8
8834,Merged commit includes the following changes:,tombstone,745a06a9,Merged commit includes the following changes: (#7307),0.9258200997725514,8
8834,Merged commit includes the following changes:,tombstone,53e3adb8,Merged commit includes the following changes: (#7301),0.9258200997725514,8
8834,Merged commit includes the following changes:,tombstone,3c5330d8,Merged commit includes the following changes: (#7298),0.9258200997725514,8
8834,Merged commit includes the following changes:,tombstone,ab8febd4,Merged commit includes the following changes: (#7289),0.9258200997725514,8
8834,Merged commit includes the following changes:,tombstone,64d6c094,Merged commit includes the following changes: (#7281),0.9258200997725514,8
8834,Merged commit includes the following changes:,tombstone,1fc839bc,Merged commit includes the following changes: (#7277),0.9258200997725514,8
8834,Merged commit includes the following changes:,tombstone,6f47c378,Merged commit includes the following changes: (#7264),0.9258200997725514,8
8834,Merged commit includes the following changes:,tombstone,c5a4978d,Merged commit includes the following changes: (#7263),0.9258200997725514,8
8834,Merged commit includes the following changes:,tombstone,32fadf00,Merged commit includes the following changes: (#7255),0.9258200997725514,8
8834,Merged commit includes the following changes:,tombstone,1fb34e76,Merged commit includes the following changes: (#7252),0.9258200997725514,8
8834,Merged commit includes the following changes:,tombstone,3b9025d5, Merged commit includes the following changes: (#7250),0.9258200997725514,9
8834,Merged commit includes the following changes:,tombstone,b7221961, Merged commit includes the following changes:  (#7249),0.9258200997725514,10
8834,Merged commit includes the following changes:,tombstone,e21dcdd0,Merged commit includes the following changes: (#7221),0.9258200997725514,8
8834,Merged commit includes the following changes:,tombstone,66d00a87,Merged commit includes the following changes: (#7220),0.9258200997725514,8
8834,Merged commit includes the following changes:,tombstone,dc8c6ce1,Merged commit includes the following changes: (#7209),0.9258200997725514,8
8834,Merged commit includes the following changes:,tombstone,13feba3c,Merged commit includes the following changes: (#7191),0.9258200997725514,8
8834,Merged commit includes the following changes:,tombstone,5175b7e6,Merged commit includes the following changes: (#7141),0.9258200997725514,8
8834,Merged commit includes the following changes:,tombstone,5afa9569,Merged commit includes the following changes: (#7119),0.9258200997725514,8
8834,Merged commit includes the following changes:,tombstone,76995053,Merged commit includes the following changes: (#7116),0.9258200997725514,8
8834,Merged commit includes the following changes:,tombstone,a156e203,Merged commit includes the following changes: (#7100),0.9258200997725514,8
8834,Merged commit includes the following changes:,tombstone,240623ac,Merged commit includes the following changes: (#7093),0.9258200997725514,8
8834,Merged commit includes the following changes:,tombstone,1636acc9,Merged commit includes the following changes: (#7068),0.9258200997725514,8
8834,Merged commit includes the following changes:,tombstone,e0e6d981,Merged commit includes the following changes: (#7060),0.9258200997725514,8
8834,Merged commit includes the following changes:,tombstone,a1c47f28,Merged commit includes the following changes: (#7049),0.9258200997725514,8
8834,Merged commit includes the following changes:,tombstone,dfcaed77,Merged commit includes the following changes: (#7039),0.9258200997725514,8
8834,Merged commit includes the following changes:,tombstone,3eb7cbbc,Merged commit includes the following changes: (#7013),0.9258200997725514,8
8834,Merged commit includes the following changes:,tombstone,ce03903f,Merged commit includes the following changes: (#6998),0.9258200997725514,8
8834,Merged commit includes the following changes:,tombstone,e7b4d364,Merged commit includes the following changes: (#6993),0.9258200997725514,8
8834,Merged commit includes the following changes:,tombstone,f2eb1701,Merged commit includes the following changes: (#6992),0.9258200997725514,8
8834,Merged commit includes the following changes:,tombstone,bc557d14,Merged commit includes the following changes: (#6969),0.9258200997725514,8
8834,Merged commit includes the following changes:,tombstone,51289259,Merged commit includes the following changes: (#6963),0.9258200997725514,8
8834,Merged commit includes the following changes:,tombstone,fbdbe12b,Merged commit includes the following changes: (#6952),0.9258200997725514,8
8834,Merged commit includes the following changes:,tombstone,9bbf8015,Merged commit includes the following changes: (#6932),0.9258200997725514,8
8834,Merged commit includes the following changes:,tombstone,f42fddee,Merged commit includes the following changes: (#6931),0.9258200997725514,8
8834,Merged commit includes the following changes:,tombstone,15db2195,Merged commit includes the following changes: (#6926),0.9258200997725514,8
8834,Merged commit includes the following changes:,tombstone,d76e39e7,Merged commit includes the following changes: (#6921),0.9258200997725514,8
8834,Merged commit includes the following changes:,tombstone,7af3bd91,Merged commit includes the following changes: (#6898),0.9258200997725514,8
8834,Merged commit includes the following changes:,tombstone,6fc642d4,Merged commit includes the following changes: (#6885),0.9258200997725514,8
8834,Merged commit includes the following changes:,tombstone,fa10031d,Merged commit includes the following changes: (#6880),0.9258200997725514,8
8834,Merged commit includes the following changes:,tombstone,7f9db598,Merged commit includes the following changes: (#6879),0.9258200997725514,8
8834,Merged commit includes the following changes:,tombstone,f06b5716,Merged commit includes the following changes: (#6863),0.9258200997725514,8
8834,Merged commit includes the following changes:,tombstone,85bdf764,Merged commit includes the following changes: (#6856),0.9258200997725514,8
8834,Merged commit includes the following changes:,tombstone,30d14a96,Merged commit includes the following changes: (#6847),0.9258200997725514,8
8834,Merged commit includes the following changes:,tombstone,58856e2b,Merged commit includes the following changes: (#6726),0.9258200997725514,8
8834,Merged commit includes the following changes:,tombstone,47d6c66e,Merged commit includes the following changes: (#6407),0.9258200997725514,8
8834,Merged commit includes the following changes:,tombstone,05584085,Merged commit includes the following changes: (#6315),0.9258200997725514,8
8834,Merged commit includes the following changes:,tombstone,dcf52aab,Merged commit includes the following changes: (#6062),0.9258200997725514,8
8834,Merged commit includes the following changes:,tombstone,a1337e01,Merged commit includes the following changes: 223075771  by lzc:,0.8164965809277261,19
8834,Merged commit includes the following changes:,tombstone,2c680af3,Merged commit includes the following changes: 223150784  by Sergio Guadarrama:,0.7745966692414834,33
8834,Merged commit includes the following changes:,tombstone,85dd5fa4,Merged commit includes the following changes: 204489224  by Zhichao Lu:,0.7745966692414834,26
8834,Merged commit includes the following changes:,tombstone,9fce9c64,Merged commit includes the following changes: 199348852  by Zhichao Lu:,0.7745966692414834,26
8834,Merged commit includes the following changes:,tombstone,324d6dc3,Merged commit includes the following changes: 196161788  by Zhichao Lu:,0.7745966692414834,26
8834,Merged commit includes the following changes:,tombstone,63054210,Merged commit includes the following changes: 195269567  by Zhichao Lu:,0.7745966692414834,26
8834,Merged commit includes the following changes:,tombstone,6b72b5cd,Merged commit includes the following changes: 191649512  by Zhichao Lu:,0.7745966692414834,26
8834,Merged commit includes the following changes:,tombstone,78d5f8f8,Merged commit includes the following changes: 187187978  by Zhichao Lu:,0.7745966692414834,26
8834,Merged commit includes the following changes:,tombstone,1efe98bb,Merged commit includes the following changes: 185215255  by Zhichao Lu:,0.7745966692414834,26
8834,Merged commit includes the following changes:,tombstone,7a9934df,Merged commit includes the following changes: 184048729  by Zhichao Lu:,0.7745966692414834,26
8833,Remove references to borg in ducks colab,kmindspark,d4f8a2a2,Remove stale references in ducks colab (#8833),0.7142857142857142,22
8833,Remove references to borg in ducks colab,kmindspark,d041e569,Remove last references to `imports85`,0.5070925528371099,22
8832,Merged commit includes the following changes:,tombstone,b8172302,Merged commit includes the following changes: (#8834),0.9258200997725514,8
8832,Merged commit includes the following changes:,tombstone,b06f0c6b,Merged commit includes the following changes: (#8832),0.9258200997725514,8
8832,Merged commit includes the following changes:,tombstone,5245161c,Merged commit includes the following changes: (#8830),0.9258200997725514,8
8832,Merged commit includes the following changes:,tombstone,c9eb3554,Merged commit includes the following changes: (#8829),0.9258200997725514,8
8832,Merged commit includes the following changes:,tombstone,0ad4922f,Merged commit includes the following changes: (#8809),0.9258200997725514,8
8832,Merged commit includes the following changes:,tombstone,52bb4ab1,Merged commit includes the following changes: (#8803),0.9258200997725514,8
8832,Merged commit includes the following changes:,tombstone,36e786dc,Merged commit includes the following changes: (#8779),0.9258200997725514,8
8832,Merged commit includes the following changes:,tombstone,e6017471,Merged commit includes the following changes: (#8761),0.9258200997725514,8
8832,Merged commit includes the following changes:,tombstone,0e57630c,Merged commit includes the following changes: (#8755),0.9258200997725514,8
8832,Merged commit includes the following changes:,tombstone,df89d3e0,Merged commit includes the following changes: (#8753),0.9258200997725514,8
8832,Merged commit includes the following changes:,tombstone,68d983b9,Merged commit includes the following changes: (#8742),0.9258200997725514,8
8832,Merged commit includes the following changes:,tombstone,6ef140dc,Merged commit includes the following changes: (#8741),0.9258200997725514,8
8832,Merged commit includes the following changes:,tombstone,a555f1b0,Merged commit includes the following changes: (#8740),0.9258200997725514,8
8832,Merged commit includes the following changes:,tombstone,0f0c7745,Merged commit includes the following changes: (#8739),0.9258200997725514,8
8832,Merged commit includes the following changes:,tombstone,e0dade52,Merged commit includes the following changes: (#8728),0.9258200997725514,8
8832,Merged commit includes the following changes:,tombstone,4a0b3e4b,Merged commit includes the following changes: (#8235),0.9258200997725514,8
8832,Merged commit includes the following changes:,tombstone,d4eedbb9,Merged commit includes the following changes: (#8077),0.9258200997725514,8
8832,Merged commit includes the following changes:,tombstone,b968a6ce,Merged commit includes the following changes: (#7800),0.9258200997725514,8
8832,Merged commit includes the following changes:,tombstone,377c5285,Merged commit includes the following changes: (#7798),0.9258200997725514,8
8832,Merged commit includes the following changes:,tombstone,ba87e2c6,Merged commit includes the following changes: (#7797),0.9258200997725514,8
8832,Merged commit includes the following changes:,tombstone,6766e6dd,Merged commit includes the following changes: (#7690),0.9258200997725514,8
8832,Merged commit includes the following changes:,tombstone,886d7bc9,Merged commit includes the following changes: (#7470),0.9258200997725514,8
8832,Merged commit includes the following changes:,tombstone,e36934b3,Merged commit includes the following changes: (#7431),0.9258200997725514,8
8832,Merged commit includes the following changes:,tombstone,03b4a0af,Merged commit includes the following changes: (#7430),0.9258200997725514,8
8832,Merged commit includes the following changes:,tombstone,3a14837d,Merged commit includes the following changes: (#7429),0.9258200997725514,8
8832,Merged commit includes the following changes:,tombstone,e38d570e,Merged commit includes the following changes: (#7404),0.9258200997725514,8
8832,Merged commit includes the following changes:,tombstone,45b708d4,Merged commit includes the following changes: (#7398),0.9258200997725514,8
8832,Merged commit includes the following changes:,tombstone,8625efd8,Merged commit includes the following changes: (#7393),0.9258200997725514,8
8832,Merged commit includes the following changes:,tombstone,8384b05d,Merged commit includes the following changes: (#7385),0.9258200997725514,8
8832,Merged commit includes the following changes:,tombstone,6b586a91,Merged commit includes the following changes: (#7370),0.9258200997725514,8
8832,Merged commit includes the following changes:,tombstone,23c0017f,Merged commit includes the following changes: (#7368),0.9258200997725514,8
8832,Merged commit includes the following changes:,tombstone,1921a3b5,Merged commit includes the following changes: (#7365),0.9258200997725514,8
8832,Merged commit includes the following changes:,tombstone,13e7c85d,Merged commit includes the following changes: (#7358),0.9258200997725514,8
8832,Merged commit includes the following changes:,tombstone,aee49bbd,Merged commit includes the following changes: (#7357),0.9258200997725514,8
8832,Merged commit includes the following changes:,tombstone,dc4c5f1a,Merged commit includes the following changes: (#7354),0.9258200997725514,8
8832,Merged commit includes the following changes:,tombstone,c92a7e16,Merged commit includes the following changes: (#7347),0.9258200997725514,8
8832,Merged commit includes the following changes:,tombstone,1b089751,Merged commit includes the following changes: (#7346),0.9258200997725514,8
8832,Merged commit includes the following changes:,tombstone,443461cc,Merged commit includes the following changes: (#7325),0.9258200997725514,8
8832,Merged commit includes the following changes:,tombstone,aad41340,Merged commit includes the following changes: (#7324),0.9258200997725514,8
8832,Merged commit includes the following changes:,tombstone,d65af7d8,Merged commit includes the following changes: (#7323),0.9258200997725514,8
8832,Merged commit includes the following changes:,tombstone,803f833c,Merged commit includes the following changes: (#7322),0.9258200997725514,8
8832,Merged commit includes the following changes:,tombstone,8c7a0e75,Merged commit includes the following changes: (#7309),0.9258200997725514,8
8832,Merged commit includes the following changes:,tombstone,745a06a9,Merged commit includes the following changes: (#7307),0.9258200997725514,8
8832,Merged commit includes the following changes:,tombstone,53e3adb8,Merged commit includes the following changes: (#7301),0.9258200997725514,8
8832,Merged commit includes the following changes:,tombstone,3c5330d8,Merged commit includes the following changes: (#7298),0.9258200997725514,8
8832,Merged commit includes the following changes:,tombstone,ab8febd4,Merged commit includes the following changes: (#7289),0.9258200997725514,8
8832,Merged commit includes the following changes:,tombstone,64d6c094,Merged commit includes the following changes: (#7281),0.9258200997725514,8
8832,Merged commit includes the following changes:,tombstone,1fc839bc,Merged commit includes the following changes: (#7277),0.9258200997725514,8
8832,Merged commit includes the following changes:,tombstone,6f47c378,Merged commit includes the following changes: (#7264),0.9258200997725514,8
8832,Merged commit includes the following changes:,tombstone,c5a4978d,Merged commit includes the following changes: (#7263),0.9258200997725514,8
8832,Merged commit includes the following changes:,tombstone,32fadf00,Merged commit includes the following changes: (#7255),0.9258200997725514,8
8832,Merged commit includes the following changes:,tombstone,1fb34e76,Merged commit includes the following changes: (#7252),0.9258200997725514,8
8832,Merged commit includes the following changes:,tombstone,3b9025d5, Merged commit includes the following changes: (#7250),0.9258200997725514,9
8832,Merged commit includes the following changes:,tombstone,b7221961, Merged commit includes the following changes:  (#7249),0.9258200997725514,10
8832,Merged commit includes the following changes:,tombstone,e21dcdd0,Merged commit includes the following changes: (#7221),0.9258200997725514,8
8832,Merged commit includes the following changes:,tombstone,66d00a87,Merged commit includes the following changes: (#7220),0.9258200997725514,8
8832,Merged commit includes the following changes:,tombstone,dc8c6ce1,Merged commit includes the following changes: (#7209),0.9258200997725514,8
8832,Merged commit includes the following changes:,tombstone,13feba3c,Merged commit includes the following changes: (#7191),0.9258200997725514,8
8832,Merged commit includes the following changes:,tombstone,5175b7e6,Merged commit includes the following changes: (#7141),0.9258200997725514,8
8832,Merged commit includes the following changes:,tombstone,5afa9569,Merged commit includes the following changes: (#7119),0.9258200997725514,8
8832,Merged commit includes the following changes:,tombstone,76995053,Merged commit includes the following changes: (#7116),0.9258200997725514,8
8832,Merged commit includes the following changes:,tombstone,a156e203,Merged commit includes the following changes: (#7100),0.9258200997725514,8
8832,Merged commit includes the following changes:,tombstone,240623ac,Merged commit includes the following changes: (#7093),0.9258200997725514,8
8832,Merged commit includes the following changes:,tombstone,1636acc9,Merged commit includes the following changes: (#7068),0.9258200997725514,8
8832,Merged commit includes the following changes:,tombstone,e0e6d981,Merged commit includes the following changes: (#7060),0.9258200997725514,8
8832,Merged commit includes the following changes:,tombstone,a1c47f28,Merged commit includes the following changes: (#7049),0.9258200997725514,8
8832,Merged commit includes the following changes:,tombstone,dfcaed77,Merged commit includes the following changes: (#7039),0.9258200997725514,8
8832,Merged commit includes the following changes:,tombstone,3eb7cbbc,Merged commit includes the following changes: (#7013),0.9258200997725514,8
8832,Merged commit includes the following changes:,tombstone,ce03903f,Merged commit includes the following changes: (#6998),0.9258200997725514,8
8832,Merged commit includes the following changes:,tombstone,e7b4d364,Merged commit includes the following changes: (#6993),0.9258200997725514,8
8832,Merged commit includes the following changes:,tombstone,f2eb1701,Merged commit includes the following changes: (#6992),0.9258200997725514,8
8832,Merged commit includes the following changes:,tombstone,bc557d14,Merged commit includes the following changes: (#6969),0.9258200997725514,8
8832,Merged commit includes the following changes:,tombstone,51289259,Merged commit includes the following changes: (#6963),0.9258200997725514,8
8832,Merged commit includes the following changes:,tombstone,fbdbe12b,Merged commit includes the following changes: (#6952),0.9258200997725514,8
8832,Merged commit includes the following changes:,tombstone,9bbf8015,Merged commit includes the following changes: (#6932),0.9258200997725514,8
8832,Merged commit includes the following changes:,tombstone,f42fddee,Merged commit includes the following changes: (#6931),0.9258200997725514,8
8832,Merged commit includes the following changes:,tombstone,15db2195,Merged commit includes the following changes: (#6926),0.9258200997725514,8
8832,Merged commit includes the following changes:,tombstone,d76e39e7,Merged commit includes the following changes: (#6921),0.9258200997725514,8
8832,Merged commit includes the following changes:,tombstone,7af3bd91,Merged commit includes the following changes: (#6898),0.9258200997725514,8
8832,Merged commit includes the following changes:,tombstone,6fc642d4,Merged commit includes the following changes: (#6885),0.9258200997725514,8
8832,Merged commit includes the following changes:,tombstone,fa10031d,Merged commit includes the following changes: (#6880),0.9258200997725514,8
8832,Merged commit includes the following changes:,tombstone,7f9db598,Merged commit includes the following changes: (#6879),0.9258200997725514,8
8832,Merged commit includes the following changes:,tombstone,f06b5716,Merged commit includes the following changes: (#6863),0.9258200997725514,8
8832,Merged commit includes the following changes:,tombstone,85bdf764,Merged commit includes the following changes: (#6856),0.9258200997725514,8
8832,Merged commit includes the following changes:,tombstone,30d14a96,Merged commit includes the following changes: (#6847),0.9258200997725514,8
8832,Merged commit includes the following changes:,tombstone,58856e2b,Merged commit includes the following changes: (#6726),0.9258200997725514,8
8832,Merged commit includes the following changes:,tombstone,47d6c66e,Merged commit includes the following changes: (#6407),0.9258200997725514,8
8832,Merged commit includes the following changes:,tombstone,05584085,Merged commit includes the following changes: (#6315),0.9258200997725514,8
8832,Merged commit includes the following changes:,tombstone,dcf52aab,Merged commit includes the following changes: (#6062),0.9258200997725514,8
8832,Merged commit includes the following changes:,tombstone,a1337e01,Merged commit includes the following changes: 223075771  by lzc:,0.8164965809277261,19
8832,Merged commit includes the following changes:,tombstone,2c680af3,Merged commit includes the following changes: 223150784  by Sergio Guadarrama:,0.7745966692414834,33
8832,Merged commit includes the following changes:,tombstone,85dd5fa4,Merged commit includes the following changes: 204489224  by Zhichao Lu:,0.7745966692414834,26
8832,Merged commit includes the following changes:,tombstone,9fce9c64,Merged commit includes the following changes: 199348852  by Zhichao Lu:,0.7745966692414834,26
8832,Merged commit includes the following changes:,tombstone,324d6dc3,Merged commit includes the following changes: 196161788  by Zhichao Lu:,0.7745966692414834,26
8832,Merged commit includes the following changes:,tombstone,63054210,Merged commit includes the following changes: 195269567  by Zhichao Lu:,0.7745966692414834,26
8832,Merged commit includes the following changes:,tombstone,6b72b5cd,Merged commit includes the following changes: 191649512  by Zhichao Lu:,0.7745966692414834,26
8832,Merged commit includes the following changes:,tombstone,78d5f8f8,Merged commit includes the following changes: 187187978  by Zhichao Lu:,0.7745966692414834,26
8832,Merged commit includes the following changes:,tombstone,1efe98bb,Merged commit includes the following changes: 185215255  by Zhichao Lu:,0.7745966692414834,26
8832,Merged commit includes the following changes:,tombstone,7a9934df,Merged commit includes the following changes: 184048729  by Zhichao Lu:,0.7745966692414834,26
8831,Inference colab with updated checkpoints,kmindspark,4aac16f6,Inference colab with updated checkpoints (#8831),0.9128709291752769,8
8830,Merged commit includes the following changes:,tombstone,b8172302,Merged commit includes the following changes: (#8834),0.9258200997725514,8
8830,Merged commit includes the following changes:,tombstone,b06f0c6b,Merged commit includes the following changes: (#8832),0.9258200997725514,8
8830,Merged commit includes the following changes:,tombstone,5245161c,Merged commit includes the following changes: (#8830),0.9258200997725514,8
8830,Merged commit includes the following changes:,tombstone,c9eb3554,Merged commit includes the following changes: (#8829),0.9258200997725514,8
8830,Merged commit includes the following changes:,tombstone,0ad4922f,Merged commit includes the following changes: (#8809),0.9258200997725514,8
8830,Merged commit includes the following changes:,tombstone,52bb4ab1,Merged commit includes the following changes: (#8803),0.9258200997725514,8
8830,Merged commit includes the following changes:,tombstone,36e786dc,Merged commit includes the following changes: (#8779),0.9258200997725514,8
8830,Merged commit includes the following changes:,tombstone,e6017471,Merged commit includes the following changes: (#8761),0.9258200997725514,8
8830,Merged commit includes the following changes:,tombstone,0e57630c,Merged commit includes the following changes: (#8755),0.9258200997725514,8
8830,Merged commit includes the following changes:,tombstone,df89d3e0,Merged commit includes the following changes: (#8753),0.9258200997725514,8
8830,Merged commit includes the following changes:,tombstone,68d983b9,Merged commit includes the following changes: (#8742),0.9258200997725514,8
8830,Merged commit includes the following changes:,tombstone,6ef140dc,Merged commit includes the following changes: (#8741),0.9258200997725514,8
8830,Merged commit includes the following changes:,tombstone,a555f1b0,Merged commit includes the following changes: (#8740),0.9258200997725514,8
8830,Merged commit includes the following changes:,tombstone,0f0c7745,Merged commit includes the following changes: (#8739),0.9258200997725514,8
8830,Merged commit includes the following changes:,tombstone,e0dade52,Merged commit includes the following changes: (#8728),0.9258200997725514,8
8830,Merged commit includes the following changes:,tombstone,4a0b3e4b,Merged commit includes the following changes: (#8235),0.9258200997725514,8
8830,Merged commit includes the following changes:,tombstone,d4eedbb9,Merged commit includes the following changes: (#8077),0.9258200997725514,8
8830,Merged commit includes the following changes:,tombstone,b968a6ce,Merged commit includes the following changes: (#7800),0.9258200997725514,8
8830,Merged commit includes the following changes:,tombstone,377c5285,Merged commit includes the following changes: (#7798),0.9258200997725514,8
8830,Merged commit includes the following changes:,tombstone,ba87e2c6,Merged commit includes the following changes: (#7797),0.9258200997725514,8
8830,Merged commit includes the following changes:,tombstone,6766e6dd,Merged commit includes the following changes: (#7690),0.9258200997725514,8
8830,Merged commit includes the following changes:,tombstone,886d7bc9,Merged commit includes the following changes: (#7470),0.9258200997725514,8
8830,Merged commit includes the following changes:,tombstone,e36934b3,Merged commit includes the following changes: (#7431),0.9258200997725514,8
8830,Merged commit includes the following changes:,tombstone,03b4a0af,Merged commit includes the following changes: (#7430),0.9258200997725514,8
8830,Merged commit includes the following changes:,tombstone,3a14837d,Merged commit includes the following changes: (#7429),0.9258200997725514,8
8830,Merged commit includes the following changes:,tombstone,e38d570e,Merged commit includes the following changes: (#7404),0.9258200997725514,8
8830,Merged commit includes the following changes:,tombstone,45b708d4,Merged commit includes the following changes: (#7398),0.9258200997725514,8
8830,Merged commit includes the following changes:,tombstone,8625efd8,Merged commit includes the following changes: (#7393),0.9258200997725514,8
8830,Merged commit includes the following changes:,tombstone,8384b05d,Merged commit includes the following changes: (#7385),0.9258200997725514,8
8830,Merged commit includes the following changes:,tombstone,6b586a91,Merged commit includes the following changes: (#7370),0.9258200997725514,8
8830,Merged commit includes the following changes:,tombstone,23c0017f,Merged commit includes the following changes: (#7368),0.9258200997725514,8
8830,Merged commit includes the following changes:,tombstone,1921a3b5,Merged commit includes the following changes: (#7365),0.9258200997725514,8
8830,Merged commit includes the following changes:,tombstone,13e7c85d,Merged commit includes the following changes: (#7358),0.9258200997725514,8
8830,Merged commit includes the following changes:,tombstone,aee49bbd,Merged commit includes the following changes: (#7357),0.9258200997725514,8
8830,Merged commit includes the following changes:,tombstone,dc4c5f1a,Merged commit includes the following changes: (#7354),0.9258200997725514,8
8830,Merged commit includes the following changes:,tombstone,c92a7e16,Merged commit includes the following changes: (#7347),0.9258200997725514,8
8830,Merged commit includes the following changes:,tombstone,1b089751,Merged commit includes the following changes: (#7346),0.9258200997725514,8
8830,Merged commit includes the following changes:,tombstone,443461cc,Merged commit includes the following changes: (#7325),0.9258200997725514,8
8830,Merged commit includes the following changes:,tombstone,aad41340,Merged commit includes the following changes: (#7324),0.9258200997725514,8
8830,Merged commit includes the following changes:,tombstone,d65af7d8,Merged commit includes the following changes: (#7323),0.9258200997725514,8
8830,Merged commit includes the following changes:,tombstone,803f833c,Merged commit includes the following changes: (#7322),0.9258200997725514,8
8830,Merged commit includes the following changes:,tombstone,8c7a0e75,Merged commit includes the following changes: (#7309),0.9258200997725514,8
8830,Merged commit includes the following changes:,tombstone,745a06a9,Merged commit includes the following changes: (#7307),0.9258200997725514,8
8830,Merged commit includes the following changes:,tombstone,53e3adb8,Merged commit includes the following changes: (#7301),0.9258200997725514,8
8830,Merged commit includes the following changes:,tombstone,3c5330d8,Merged commit includes the following changes: (#7298),0.9258200997725514,8
8830,Merged commit includes the following changes:,tombstone,ab8febd4,Merged commit includes the following changes: (#7289),0.9258200997725514,8
8830,Merged commit includes the following changes:,tombstone,64d6c094,Merged commit includes the following changes: (#7281),0.9258200997725514,8
8830,Merged commit includes the following changes:,tombstone,1fc839bc,Merged commit includes the following changes: (#7277),0.9258200997725514,8
8830,Merged commit includes the following changes:,tombstone,6f47c378,Merged commit includes the following changes: (#7264),0.9258200997725514,8
8830,Merged commit includes the following changes:,tombstone,c5a4978d,Merged commit includes the following changes: (#7263),0.9258200997725514,8
8830,Merged commit includes the following changes:,tombstone,32fadf00,Merged commit includes the following changes: (#7255),0.9258200997725514,8
8830,Merged commit includes the following changes:,tombstone,1fb34e76,Merged commit includes the following changes: (#7252),0.9258200997725514,8
8830,Merged commit includes the following changes:,tombstone,3b9025d5, Merged commit includes the following changes: (#7250),0.9258200997725514,9
8830,Merged commit includes the following changes:,tombstone,b7221961, Merged commit includes the following changes:  (#7249),0.9258200997725514,10
8830,Merged commit includes the following changes:,tombstone,e21dcdd0,Merged commit includes the following changes: (#7221),0.9258200997725514,8
8830,Merged commit includes the following changes:,tombstone,66d00a87,Merged commit includes the following changes: (#7220),0.9258200997725514,8
8830,Merged commit includes the following changes:,tombstone,dc8c6ce1,Merged commit includes the following changes: (#7209),0.9258200997725514,8
8830,Merged commit includes the following changes:,tombstone,13feba3c,Merged commit includes the following changes: (#7191),0.9258200997725514,8
8830,Merged commit includes the following changes:,tombstone,5175b7e6,Merged commit includes the following changes: (#7141),0.9258200997725514,8
8830,Merged commit includes the following changes:,tombstone,5afa9569,Merged commit includes the following changes: (#7119),0.9258200997725514,8
8830,Merged commit includes the following changes:,tombstone,76995053,Merged commit includes the following changes: (#7116),0.9258200997725514,8
8830,Merged commit includes the following changes:,tombstone,a156e203,Merged commit includes the following changes: (#7100),0.9258200997725514,8
8830,Merged commit includes the following changes:,tombstone,240623ac,Merged commit includes the following changes: (#7093),0.9258200997725514,8
8830,Merged commit includes the following changes:,tombstone,1636acc9,Merged commit includes the following changes: (#7068),0.9258200997725514,8
8830,Merged commit includes the following changes:,tombstone,e0e6d981,Merged commit includes the following changes: (#7060),0.9258200997725514,8
8830,Merged commit includes the following changes:,tombstone,a1c47f28,Merged commit includes the following changes: (#7049),0.9258200997725514,8
8830,Merged commit includes the following changes:,tombstone,dfcaed77,Merged commit includes the following changes: (#7039),0.9258200997725514,8
8830,Merged commit includes the following changes:,tombstone,3eb7cbbc,Merged commit includes the following changes: (#7013),0.9258200997725514,8
8830,Merged commit includes the following changes:,tombstone,ce03903f,Merged commit includes the following changes: (#6998),0.9258200997725514,8
8830,Merged commit includes the following changes:,tombstone,e7b4d364,Merged commit includes the following changes: (#6993),0.9258200997725514,8
8830,Merged commit includes the following changes:,tombstone,f2eb1701,Merged commit includes the following changes: (#6992),0.9258200997725514,8
8830,Merged commit includes the following changes:,tombstone,bc557d14,Merged commit includes the following changes: (#6969),0.9258200997725514,8
8830,Merged commit includes the following changes:,tombstone,51289259,Merged commit includes the following changes: (#6963),0.9258200997725514,8
8830,Merged commit includes the following changes:,tombstone,fbdbe12b,Merged commit includes the following changes: (#6952),0.9258200997725514,8
8830,Merged commit includes the following changes:,tombstone,9bbf8015,Merged commit includes the following changes: (#6932),0.9258200997725514,8
8830,Merged commit includes the following changes:,tombstone,f42fddee,Merged commit includes the following changes: (#6931),0.9258200997725514,8
8830,Merged commit includes the following changes:,tombstone,15db2195,Merged commit includes the following changes: (#6926),0.9258200997725514,8
8830,Merged commit includes the following changes:,tombstone,d76e39e7,Merged commit includes the following changes: (#6921),0.9258200997725514,8
8830,Merged commit includes the following changes:,tombstone,7af3bd91,Merged commit includes the following changes: (#6898),0.9258200997725514,8
8830,Merged commit includes the following changes:,tombstone,6fc642d4,Merged commit includes the following changes: (#6885),0.9258200997725514,8
8830,Merged commit includes the following changes:,tombstone,fa10031d,Merged commit includes the following changes: (#6880),0.9258200997725514,8
8830,Merged commit includes the following changes:,tombstone,7f9db598,Merged commit includes the following changes: (#6879),0.9258200997725514,8
8830,Merged commit includes the following changes:,tombstone,f06b5716,Merged commit includes the following changes: (#6863),0.9258200997725514,8
8830,Merged commit includes the following changes:,tombstone,85bdf764,Merged commit includes the following changes: (#6856),0.9258200997725514,8
8830,Merged commit includes the following changes:,tombstone,30d14a96,Merged commit includes the following changes: (#6847),0.9258200997725514,8
8830,Merged commit includes the following changes:,tombstone,58856e2b,Merged commit includes the following changes: (#6726),0.9258200997725514,8
8830,Merged commit includes the following changes:,tombstone,47d6c66e,Merged commit includes the following changes: (#6407),0.9258200997725514,8
8830,Merged commit includes the following changes:,tombstone,05584085,Merged commit includes the following changes: (#6315),0.9258200997725514,8
8830,Merged commit includes the following changes:,tombstone,dcf52aab,Merged commit includes the following changes: (#6062),0.9258200997725514,8
8830,Merged commit includes the following changes:,tombstone,a1337e01,Merged commit includes the following changes: 223075771  by lzc:,0.8164965809277261,19
8830,Merged commit includes the following changes:,tombstone,2c680af3,Merged commit includes the following changes: 223150784  by Sergio Guadarrama:,0.7745966692414834,33
8830,Merged commit includes the following changes:,tombstone,85dd5fa4,Merged commit includes the following changes: 204489224  by Zhichao Lu:,0.7745966692414834,26
8830,Merged commit includes the following changes:,tombstone,9fce9c64,Merged commit includes the following changes: 199348852  by Zhichao Lu:,0.7745966692414834,26
8830,Merged commit includes the following changes:,tombstone,324d6dc3,Merged commit includes the following changes: 196161788  by Zhichao Lu:,0.7745966692414834,26
8830,Merged commit includes the following changes:,tombstone,63054210,Merged commit includes the following changes: 195269567  by Zhichao Lu:,0.7745966692414834,26
8830,Merged commit includes the following changes:,tombstone,6b72b5cd,Merged commit includes the following changes: 191649512  by Zhichao Lu:,0.7745966692414834,26
8830,Merged commit includes the following changes:,tombstone,78d5f8f8,Merged commit includes the following changes: 187187978  by Zhichao Lu:,0.7745966692414834,26
8830,Merged commit includes the following changes:,tombstone,1efe98bb,Merged commit includes the following changes: 185215255  by Zhichao Lu:,0.7745966692414834,26
8830,Merged commit includes the following changes:,tombstone,7a9934df,Merged commit includes the following changes: 184048729  by Zhichao Lu:,0.7745966692414834,26
8829,Merged commit includes the following changes:,tombstone,b8172302,Merged commit includes the following changes: (#8834),0.9258200997725514,8
8829,Merged commit includes the following changes:,tombstone,b06f0c6b,Merged commit includes the following changes: (#8832),0.9258200997725514,8
8829,Merged commit includes the following changes:,tombstone,5245161c,Merged commit includes the following changes: (#8830),0.9258200997725514,8
8829,Merged commit includes the following changes:,tombstone,c9eb3554,Merged commit includes the following changes: (#8829),0.9258200997725514,8
8829,Merged commit includes the following changes:,tombstone,0ad4922f,Merged commit includes the following changes: (#8809),0.9258200997725514,8
8829,Merged commit includes the following changes:,tombstone,52bb4ab1,Merged commit includes the following changes: (#8803),0.9258200997725514,8
8829,Merged commit includes the following changes:,tombstone,36e786dc,Merged commit includes the following changes: (#8779),0.9258200997725514,8
8829,Merged commit includes the following changes:,tombstone,e6017471,Merged commit includes the following changes: (#8761),0.9258200997725514,8
8829,Merged commit includes the following changes:,tombstone,0e57630c,Merged commit includes the following changes: (#8755),0.9258200997725514,8
8829,Merged commit includes the following changes:,tombstone,df89d3e0,Merged commit includes the following changes: (#8753),0.9258200997725514,8
8829,Merged commit includes the following changes:,tombstone,68d983b9,Merged commit includes the following changes: (#8742),0.9258200997725514,8
8829,Merged commit includes the following changes:,tombstone,6ef140dc,Merged commit includes the following changes: (#8741),0.9258200997725514,8
8829,Merged commit includes the following changes:,tombstone,a555f1b0,Merged commit includes the following changes: (#8740),0.9258200997725514,8
8829,Merged commit includes the following changes:,tombstone,0f0c7745,Merged commit includes the following changes: (#8739),0.9258200997725514,8
8829,Merged commit includes the following changes:,tombstone,e0dade52,Merged commit includes the following changes: (#8728),0.9258200997725514,8
8829,Merged commit includes the following changes:,tombstone,4a0b3e4b,Merged commit includes the following changes: (#8235),0.9258200997725514,8
8829,Merged commit includes the following changes:,tombstone,d4eedbb9,Merged commit includes the following changes: (#8077),0.9258200997725514,8
8829,Merged commit includes the following changes:,tombstone,b968a6ce,Merged commit includes the following changes: (#7800),0.9258200997725514,8
8829,Merged commit includes the following changes:,tombstone,377c5285,Merged commit includes the following changes: (#7798),0.9258200997725514,8
8829,Merged commit includes the following changes:,tombstone,ba87e2c6,Merged commit includes the following changes: (#7797),0.9258200997725514,8
8829,Merged commit includes the following changes:,tombstone,6766e6dd,Merged commit includes the following changes: (#7690),0.9258200997725514,8
8829,Merged commit includes the following changes:,tombstone,886d7bc9,Merged commit includes the following changes: (#7470),0.9258200997725514,8
8829,Merged commit includes the following changes:,tombstone,e36934b3,Merged commit includes the following changes: (#7431),0.9258200997725514,8
8829,Merged commit includes the following changes:,tombstone,03b4a0af,Merged commit includes the following changes: (#7430),0.9258200997725514,8
8829,Merged commit includes the following changes:,tombstone,3a14837d,Merged commit includes the following changes: (#7429),0.9258200997725514,8
8829,Merged commit includes the following changes:,tombstone,e38d570e,Merged commit includes the following changes: (#7404),0.9258200997725514,8
8829,Merged commit includes the following changes:,tombstone,45b708d4,Merged commit includes the following changes: (#7398),0.9258200997725514,8
8829,Merged commit includes the following changes:,tombstone,8625efd8,Merged commit includes the following changes: (#7393),0.9258200997725514,8
8829,Merged commit includes the following changes:,tombstone,8384b05d,Merged commit includes the following changes: (#7385),0.9258200997725514,8
8829,Merged commit includes the following changes:,tombstone,6b586a91,Merged commit includes the following changes: (#7370),0.9258200997725514,8
8829,Merged commit includes the following changes:,tombstone,23c0017f,Merged commit includes the following changes: (#7368),0.9258200997725514,8
8829,Merged commit includes the following changes:,tombstone,1921a3b5,Merged commit includes the following changes: (#7365),0.9258200997725514,8
8829,Merged commit includes the following changes:,tombstone,13e7c85d,Merged commit includes the following changes: (#7358),0.9258200997725514,8
8829,Merged commit includes the following changes:,tombstone,aee49bbd,Merged commit includes the following changes: (#7357),0.9258200997725514,8
8829,Merged commit includes the following changes:,tombstone,dc4c5f1a,Merged commit includes the following changes: (#7354),0.9258200997725514,8
8829,Merged commit includes the following changes:,tombstone,c92a7e16,Merged commit includes the following changes: (#7347),0.9258200997725514,8
8829,Merged commit includes the following changes:,tombstone,1b089751,Merged commit includes the following changes: (#7346),0.9258200997725514,8
8829,Merged commit includes the following changes:,tombstone,443461cc,Merged commit includes the following changes: (#7325),0.9258200997725514,8
8829,Merged commit includes the following changes:,tombstone,aad41340,Merged commit includes the following changes: (#7324),0.9258200997725514,8
8829,Merged commit includes the following changes:,tombstone,d65af7d8,Merged commit includes the following changes: (#7323),0.9258200997725514,8
8829,Merged commit includes the following changes:,tombstone,803f833c,Merged commit includes the following changes: (#7322),0.9258200997725514,8
8829,Merged commit includes the following changes:,tombstone,8c7a0e75,Merged commit includes the following changes: (#7309),0.9258200997725514,8
8829,Merged commit includes the following changes:,tombstone,745a06a9,Merged commit includes the following changes: (#7307),0.9258200997725514,8
8829,Merged commit includes the following changes:,tombstone,53e3adb8,Merged commit includes the following changes: (#7301),0.9258200997725514,8
8829,Merged commit includes the following changes:,tombstone,3c5330d8,Merged commit includes the following changes: (#7298),0.9258200997725514,8
8829,Merged commit includes the following changes:,tombstone,ab8febd4,Merged commit includes the following changes: (#7289),0.9258200997725514,8
8829,Merged commit includes the following changes:,tombstone,64d6c094,Merged commit includes the following changes: (#7281),0.9258200997725514,8
8829,Merged commit includes the following changes:,tombstone,1fc839bc,Merged commit includes the following changes: (#7277),0.9258200997725514,8
8829,Merged commit includes the following changes:,tombstone,6f47c378,Merged commit includes the following changes: (#7264),0.9258200997725514,8
8829,Merged commit includes the following changes:,tombstone,c5a4978d,Merged commit includes the following changes: (#7263),0.9258200997725514,8
8829,Merged commit includes the following changes:,tombstone,32fadf00,Merged commit includes the following changes: (#7255),0.9258200997725514,8
8829,Merged commit includes the following changes:,tombstone,1fb34e76,Merged commit includes the following changes: (#7252),0.9258200997725514,8
8829,Merged commit includes the following changes:,tombstone,3b9025d5, Merged commit includes the following changes: (#7250),0.9258200997725514,9
8829,Merged commit includes the following changes:,tombstone,b7221961, Merged commit includes the following changes:  (#7249),0.9258200997725514,10
8829,Merged commit includes the following changes:,tombstone,e21dcdd0,Merged commit includes the following changes: (#7221),0.9258200997725514,8
8829,Merged commit includes the following changes:,tombstone,66d00a87,Merged commit includes the following changes: (#7220),0.9258200997725514,8
8829,Merged commit includes the following changes:,tombstone,dc8c6ce1,Merged commit includes the following changes: (#7209),0.9258200997725514,8
8829,Merged commit includes the following changes:,tombstone,13feba3c,Merged commit includes the following changes: (#7191),0.9258200997725514,8
8829,Merged commit includes the following changes:,tombstone,5175b7e6,Merged commit includes the following changes: (#7141),0.9258200997725514,8
8829,Merged commit includes the following changes:,tombstone,5afa9569,Merged commit includes the following changes: (#7119),0.9258200997725514,8
8829,Merged commit includes the following changes:,tombstone,76995053,Merged commit includes the following changes: (#7116),0.9258200997725514,8
8829,Merged commit includes the following changes:,tombstone,a156e203,Merged commit includes the following changes: (#7100),0.9258200997725514,8
8829,Merged commit includes the following changes:,tombstone,240623ac,Merged commit includes the following changes: (#7093),0.9258200997725514,8
8829,Merged commit includes the following changes:,tombstone,1636acc9,Merged commit includes the following changes: (#7068),0.9258200997725514,8
8829,Merged commit includes the following changes:,tombstone,e0e6d981,Merged commit includes the following changes: (#7060),0.9258200997725514,8
8829,Merged commit includes the following changes:,tombstone,a1c47f28,Merged commit includes the following changes: (#7049),0.9258200997725514,8
8829,Merged commit includes the following changes:,tombstone,dfcaed77,Merged commit includes the following changes: (#7039),0.9258200997725514,8
8829,Merged commit includes the following changes:,tombstone,3eb7cbbc,Merged commit includes the following changes: (#7013),0.9258200997725514,8
8829,Merged commit includes the following changes:,tombstone,ce03903f,Merged commit includes the following changes: (#6998),0.9258200997725514,8
8829,Merged commit includes the following changes:,tombstone,e7b4d364,Merged commit includes the following changes: (#6993),0.9258200997725514,8
8829,Merged commit includes the following changes:,tombstone,f2eb1701,Merged commit includes the following changes: (#6992),0.9258200997725514,8
8829,Merged commit includes the following changes:,tombstone,bc557d14,Merged commit includes the following changes: (#6969),0.9258200997725514,8
8829,Merged commit includes the following changes:,tombstone,51289259,Merged commit includes the following changes: (#6963),0.9258200997725514,8
8829,Merged commit includes the following changes:,tombstone,fbdbe12b,Merged commit includes the following changes: (#6952),0.9258200997725514,8
8829,Merged commit includes the following changes:,tombstone,9bbf8015,Merged commit includes the following changes: (#6932),0.9258200997725514,8
8829,Merged commit includes the following changes:,tombstone,f42fddee,Merged commit includes the following changes: (#6931),0.9258200997725514,8
8829,Merged commit includes the following changes:,tombstone,15db2195,Merged commit includes the following changes: (#6926),0.9258200997725514,8
8829,Merged commit includes the following changes:,tombstone,d76e39e7,Merged commit includes the following changes: (#6921),0.9258200997725514,8
8829,Merged commit includes the following changes:,tombstone,7af3bd91,Merged commit includes the following changes: (#6898),0.9258200997725514,8
8829,Merged commit includes the following changes:,tombstone,6fc642d4,Merged commit includes the following changes: (#6885),0.9258200997725514,8
8829,Merged commit includes the following changes:,tombstone,fa10031d,Merged commit includes the following changes: (#6880),0.9258200997725514,8
8829,Merged commit includes the following changes:,tombstone,7f9db598,Merged commit includes the following changes: (#6879),0.9258200997725514,8
8829,Merged commit includes the following changes:,tombstone,f06b5716,Merged commit includes the following changes: (#6863),0.9258200997725514,8
8829,Merged commit includes the following changes:,tombstone,85bdf764,Merged commit includes the following changes: (#6856),0.9258200997725514,8
8829,Merged commit includes the following changes:,tombstone,30d14a96,Merged commit includes the following changes: (#6847),0.9258200997725514,8
8829,Merged commit includes the following changes:,tombstone,58856e2b,Merged commit includes the following changes: (#6726),0.9258200997725514,8
8829,Merged commit includes the following changes:,tombstone,47d6c66e,Merged commit includes the following changes: (#6407),0.9258200997725514,8
8829,Merged commit includes the following changes:,tombstone,05584085,Merged commit includes the following changes: (#6315),0.9258200997725514,8
8829,Merged commit includes the following changes:,tombstone,dcf52aab,Merged commit includes the following changes: (#6062),0.9258200997725514,8
8829,Merged commit includes the following changes:,tombstone,a1337e01,Merged commit includes the following changes: 223075771  by lzc:,0.8164965809277261,19
8829,Merged commit includes the following changes:,tombstone,2c680af3,Merged commit includes the following changes: 223150784  by Sergio Guadarrama:,0.7745966692414834,33
8829,Merged commit includes the following changes:,tombstone,85dd5fa4,Merged commit includes the following changes: 204489224  by Zhichao Lu:,0.7745966692414834,26
8829,Merged commit includes the following changes:,tombstone,9fce9c64,Merged commit includes the following changes: 199348852  by Zhichao Lu:,0.7745966692414834,26
8829,Merged commit includes the following changes:,tombstone,324d6dc3,Merged commit includes the following changes: 196161788  by Zhichao Lu:,0.7745966692414834,26
8829,Merged commit includes the following changes:,tombstone,63054210,Merged commit includes the following changes: 195269567  by Zhichao Lu:,0.7745966692414834,26
8829,Merged commit includes the following changes:,tombstone,6b72b5cd,Merged commit includes the following changes: 191649512  by Zhichao Lu:,0.7745966692414834,26
8829,Merged commit includes the following changes:,tombstone,78d5f8f8,Merged commit includes the following changes: 187187978  by Zhichao Lu:,0.7745966692414834,26
8829,Merged commit includes the following changes:,tombstone,1efe98bb,Merged commit includes the following changes: 185215255  by Zhichao Lu:,0.7745966692414834,26
8829,Merged commit includes the following changes:,tombstone,7a9934df,Merged commit includes the following changes: 184048729  by Zhichao Lu:,0.7745966692414834,26
8828,Updated to include information about orbit.,dynamicwebpaige,45ab8e72,Updated to include information about orbit. (#8828),0.9258200997725514,8
8822,Updated inference colab with downloaded checkpoints ,kmindspark,4aac16f6,Inference colab with updated checkpoints (#8831),0.5000000000000001,23
8821,Interactive Ducks Colab,kmindspark,950ebc45,Interactive Ducks Colab (#8821),0.8660254037844387,8
8819,With keypoints: Inference colab,kmindspark,b9160cc6,With keypoints: Inference TF2 colab (#8819),0.8164965809277261,12
8818,Added *_pb2.py to object_detection gitignore.,vighneshbirodkar,8f1bce15,Added *_pb2.py to object_detection gitignore. (#8818),0.9258200997725514,8
8818,Added *_pb2.py to object_detection gitignore.,vighneshbirodkar,aab9f1ca,Added PyCharm to .gitignore,0.6123724356957946,26
8818,Added *_pb2.py to object_detection gitignore.,vighneshbirodkar,19c23e72,Added shape to cifar10_input.py,0.5477225575051661,30
8810,Inference Colab for External,kmindspark,783f3375,TF2 Inference Colab for External (#8810),0.8164965809277261,12
8809,Merged commit includes the following changes:,tombstone,b8172302,Merged commit includes the following changes: (#8834),0.9258200997725514,8
8809,Merged commit includes the following changes:,tombstone,b06f0c6b,Merged commit includes the following changes: (#8832),0.9258200997725514,8
8809,Merged commit includes the following changes:,tombstone,5245161c,Merged commit includes the following changes: (#8830),0.9258200997725514,8
8809,Merged commit includes the following changes:,tombstone,c9eb3554,Merged commit includes the following changes: (#8829),0.9258200997725514,8
8809,Merged commit includes the following changes:,tombstone,0ad4922f,Merged commit includes the following changes: (#8809),0.9258200997725514,8
8809,Merged commit includes the following changes:,tombstone,52bb4ab1,Merged commit includes the following changes: (#8803),0.9258200997725514,8
8809,Merged commit includes the following changes:,tombstone,36e786dc,Merged commit includes the following changes: (#8779),0.9258200997725514,8
8809,Merged commit includes the following changes:,tombstone,e6017471,Merged commit includes the following changes: (#8761),0.9258200997725514,8
8809,Merged commit includes the following changes:,tombstone,0e57630c,Merged commit includes the following changes: (#8755),0.9258200997725514,8
8809,Merged commit includes the following changes:,tombstone,df89d3e0,Merged commit includes the following changes: (#8753),0.9258200997725514,8
8809,Merged commit includes the following changes:,tombstone,68d983b9,Merged commit includes the following changes: (#8742),0.9258200997725514,8
8809,Merged commit includes the following changes:,tombstone,6ef140dc,Merged commit includes the following changes: (#8741),0.9258200997725514,8
8809,Merged commit includes the following changes:,tombstone,a555f1b0,Merged commit includes the following changes: (#8740),0.9258200997725514,8
8809,Merged commit includes the following changes:,tombstone,0f0c7745,Merged commit includes the following changes: (#8739),0.9258200997725514,8
8809,Merged commit includes the following changes:,tombstone,e0dade52,Merged commit includes the following changes: (#8728),0.9258200997725514,8
8809,Merged commit includes the following changes:,tombstone,4a0b3e4b,Merged commit includes the following changes: (#8235),0.9258200997725514,8
8809,Merged commit includes the following changes:,tombstone,d4eedbb9,Merged commit includes the following changes: (#8077),0.9258200997725514,8
8809,Merged commit includes the following changes:,tombstone,b968a6ce,Merged commit includes the following changes: (#7800),0.9258200997725514,8
8809,Merged commit includes the following changes:,tombstone,377c5285,Merged commit includes the following changes: (#7798),0.9258200997725514,8
8809,Merged commit includes the following changes:,tombstone,ba87e2c6,Merged commit includes the following changes: (#7797),0.9258200997725514,8
8809,Merged commit includes the following changes:,tombstone,6766e6dd,Merged commit includes the following changes: (#7690),0.9258200997725514,8
8809,Merged commit includes the following changes:,tombstone,886d7bc9,Merged commit includes the following changes: (#7470),0.9258200997725514,8
8809,Merged commit includes the following changes:,tombstone,e36934b3,Merged commit includes the following changes: (#7431),0.9258200997725514,8
8809,Merged commit includes the following changes:,tombstone,03b4a0af,Merged commit includes the following changes: (#7430),0.9258200997725514,8
8809,Merged commit includes the following changes:,tombstone,3a14837d,Merged commit includes the following changes: (#7429),0.9258200997725514,8
8809,Merged commit includes the following changes:,tombstone,e38d570e,Merged commit includes the following changes: (#7404),0.9258200997725514,8
8809,Merged commit includes the following changes:,tombstone,45b708d4,Merged commit includes the following changes: (#7398),0.9258200997725514,8
8809,Merged commit includes the following changes:,tombstone,8625efd8,Merged commit includes the following changes: (#7393),0.9258200997725514,8
8809,Merged commit includes the following changes:,tombstone,8384b05d,Merged commit includes the following changes: (#7385),0.9258200997725514,8
8809,Merged commit includes the following changes:,tombstone,6b586a91,Merged commit includes the following changes: (#7370),0.9258200997725514,8
8809,Merged commit includes the following changes:,tombstone,23c0017f,Merged commit includes the following changes: (#7368),0.9258200997725514,8
8809,Merged commit includes the following changes:,tombstone,1921a3b5,Merged commit includes the following changes: (#7365),0.9258200997725514,8
8809,Merged commit includes the following changes:,tombstone,13e7c85d,Merged commit includes the following changes: (#7358),0.9258200997725514,8
8809,Merged commit includes the following changes:,tombstone,aee49bbd,Merged commit includes the following changes: (#7357),0.9258200997725514,8
8809,Merged commit includes the following changes:,tombstone,dc4c5f1a,Merged commit includes the following changes: (#7354),0.9258200997725514,8
8809,Merged commit includes the following changes:,tombstone,c92a7e16,Merged commit includes the following changes: (#7347),0.9258200997725514,8
8809,Merged commit includes the following changes:,tombstone,1b089751,Merged commit includes the following changes: (#7346),0.9258200997725514,8
8809,Merged commit includes the following changes:,tombstone,443461cc,Merged commit includes the following changes: (#7325),0.9258200997725514,8
8809,Merged commit includes the following changes:,tombstone,aad41340,Merged commit includes the following changes: (#7324),0.9258200997725514,8
8809,Merged commit includes the following changes:,tombstone,d65af7d8,Merged commit includes the following changes: (#7323),0.9258200997725514,8
8809,Merged commit includes the following changes:,tombstone,803f833c,Merged commit includes the following changes: (#7322),0.9258200997725514,8
8809,Merged commit includes the following changes:,tombstone,8c7a0e75,Merged commit includes the following changes: (#7309),0.9258200997725514,8
8809,Merged commit includes the following changes:,tombstone,745a06a9,Merged commit includes the following changes: (#7307),0.9258200997725514,8
8809,Merged commit includes the following changes:,tombstone,53e3adb8,Merged commit includes the following changes: (#7301),0.9258200997725514,8
8809,Merged commit includes the following changes:,tombstone,3c5330d8,Merged commit includes the following changes: (#7298),0.9258200997725514,8
8809,Merged commit includes the following changes:,tombstone,ab8febd4,Merged commit includes the following changes: (#7289),0.9258200997725514,8
8809,Merged commit includes the following changes:,tombstone,64d6c094,Merged commit includes the following changes: (#7281),0.9258200997725514,8
8809,Merged commit includes the following changes:,tombstone,1fc839bc,Merged commit includes the following changes: (#7277),0.9258200997725514,8
8809,Merged commit includes the following changes:,tombstone,6f47c378,Merged commit includes the following changes: (#7264),0.9258200997725514,8
8809,Merged commit includes the following changes:,tombstone,c5a4978d,Merged commit includes the following changes: (#7263),0.9258200997725514,8
8809,Merged commit includes the following changes:,tombstone,32fadf00,Merged commit includes the following changes: (#7255),0.9258200997725514,8
8809,Merged commit includes the following changes:,tombstone,1fb34e76,Merged commit includes the following changes: (#7252),0.9258200997725514,8
8809,Merged commit includes the following changes:,tombstone,3b9025d5, Merged commit includes the following changes: (#7250),0.9258200997725514,9
8809,Merged commit includes the following changes:,tombstone,b7221961, Merged commit includes the following changes:  (#7249),0.9258200997725514,10
8809,Merged commit includes the following changes:,tombstone,e21dcdd0,Merged commit includes the following changes: (#7221),0.9258200997725514,8
8809,Merged commit includes the following changes:,tombstone,66d00a87,Merged commit includes the following changes: (#7220),0.9258200997725514,8
8809,Merged commit includes the following changes:,tombstone,dc8c6ce1,Merged commit includes the following changes: (#7209),0.9258200997725514,8
8809,Merged commit includes the following changes:,tombstone,13feba3c,Merged commit includes the following changes: (#7191),0.9258200997725514,8
8809,Merged commit includes the following changes:,tombstone,5175b7e6,Merged commit includes the following changes: (#7141),0.9258200997725514,8
8809,Merged commit includes the following changes:,tombstone,5afa9569,Merged commit includes the following changes: (#7119),0.9258200997725514,8
8809,Merged commit includes the following changes:,tombstone,76995053,Merged commit includes the following changes: (#7116),0.9258200997725514,8
8809,Merged commit includes the following changes:,tombstone,a156e203,Merged commit includes the following changes: (#7100),0.9258200997725514,8
8809,Merged commit includes the following changes:,tombstone,240623ac,Merged commit includes the following changes: (#7093),0.9258200997725514,8
8809,Merged commit includes the following changes:,tombstone,1636acc9,Merged commit includes the following changes: (#7068),0.9258200997725514,8
8809,Merged commit includes the following changes:,tombstone,e0e6d981,Merged commit includes the following changes: (#7060),0.9258200997725514,8
8809,Merged commit includes the following changes:,tombstone,a1c47f28,Merged commit includes the following changes: (#7049),0.9258200997725514,8
8809,Merged commit includes the following changes:,tombstone,dfcaed77,Merged commit includes the following changes: (#7039),0.9258200997725514,8
8809,Merged commit includes the following changes:,tombstone,3eb7cbbc,Merged commit includes the following changes: (#7013),0.9258200997725514,8
8809,Merged commit includes the following changes:,tombstone,ce03903f,Merged commit includes the following changes: (#6998),0.9258200997725514,8
8809,Merged commit includes the following changes:,tombstone,e7b4d364,Merged commit includes the following changes: (#6993),0.9258200997725514,8
8809,Merged commit includes the following changes:,tombstone,f2eb1701,Merged commit includes the following changes: (#6992),0.9258200997725514,8
8809,Merged commit includes the following changes:,tombstone,bc557d14,Merged commit includes the following changes: (#6969),0.9258200997725514,8
8809,Merged commit includes the following changes:,tombstone,51289259,Merged commit includes the following changes: (#6963),0.9258200997725514,8
8809,Merged commit includes the following changes:,tombstone,fbdbe12b,Merged commit includes the following changes: (#6952),0.9258200997725514,8
8809,Merged commit includes the following changes:,tombstone,9bbf8015,Merged commit includes the following changes: (#6932),0.9258200997725514,8
8809,Merged commit includes the following changes:,tombstone,f42fddee,Merged commit includes the following changes: (#6931),0.9258200997725514,8
8809,Merged commit includes the following changes:,tombstone,15db2195,Merged commit includes the following changes: (#6926),0.9258200997725514,8
8809,Merged commit includes the following changes:,tombstone,d76e39e7,Merged commit includes the following changes: (#6921),0.9258200997725514,8
8809,Merged commit includes the following changes:,tombstone,7af3bd91,Merged commit includes the following changes: (#6898),0.9258200997725514,8
8809,Merged commit includes the following changes:,tombstone,6fc642d4,Merged commit includes the following changes: (#6885),0.9258200997725514,8
8809,Merged commit includes the following changes:,tombstone,fa10031d,Merged commit includes the following changes: (#6880),0.9258200997725514,8
8809,Merged commit includes the following changes:,tombstone,7f9db598,Merged commit includes the following changes: (#6879),0.9258200997725514,8
8809,Merged commit includes the following changes:,tombstone,f06b5716,Merged commit includes the following changes: (#6863),0.9258200997725514,8
8809,Merged commit includes the following changes:,tombstone,85bdf764,Merged commit includes the following changes: (#6856),0.9258200997725514,8
8809,Merged commit includes the following changes:,tombstone,30d14a96,Merged commit includes the following changes: (#6847),0.9258200997725514,8
8809,Merged commit includes the following changes:,tombstone,58856e2b,Merged commit includes the following changes: (#6726),0.9258200997725514,8
8809,Merged commit includes the following changes:,tombstone,47d6c66e,Merged commit includes the following changes: (#6407),0.9258200997725514,8
8809,Merged commit includes the following changes:,tombstone,05584085,Merged commit includes the following changes: (#6315),0.9258200997725514,8
8809,Merged commit includes the following changes:,tombstone,dcf52aab,Merged commit includes the following changes: (#6062),0.9258200997725514,8
8809,Merged commit includes the following changes:,tombstone,a1337e01,Merged commit includes the following changes: 223075771  by lzc:,0.8164965809277261,19
8809,Merged commit includes the following changes:,tombstone,2c680af3,Merged commit includes the following changes: 223150784  by Sergio Guadarrama:,0.7745966692414834,33
8809,Merged commit includes the following changes:,tombstone,85dd5fa4,Merged commit includes the following changes: 204489224  by Zhichao Lu:,0.7745966692414834,26
8809,Merged commit includes the following changes:,tombstone,9fce9c64,Merged commit includes the following changes: 199348852  by Zhichao Lu:,0.7745966692414834,26
8809,Merged commit includes the following changes:,tombstone,324d6dc3,Merged commit includes the following changes: 196161788  by Zhichao Lu:,0.7745966692414834,26
8809,Merged commit includes the following changes:,tombstone,63054210,Merged commit includes the following changes: 195269567  by Zhichao Lu:,0.7745966692414834,26
8809,Merged commit includes the following changes:,tombstone,6b72b5cd,Merged commit includes the following changes: 191649512  by Zhichao Lu:,0.7745966692414834,26
8809,Merged commit includes the following changes:,tombstone,78d5f8f8,Merged commit includes the following changes: 187187978  by Zhichao Lu:,0.7745966692414834,26
8809,Merged commit includes the following changes:,tombstone,1efe98bb,Merged commit includes the following changes: 185215255  by Zhichao Lu:,0.7745966692414834,26
8809,Merged commit includes the following changes:,tombstone,7a9934df,Merged commit includes the following changes: 184048729  by Zhichao Lu:,0.7745966692414834,26
8803,Merged commit includes the following changes:,tombstone,b8172302,Merged commit includes the following changes: (#8834),0.9258200997725514,8
8803,Merged commit includes the following changes:,tombstone,b06f0c6b,Merged commit includes the following changes: (#8832),0.9258200997725514,8
8803,Merged commit includes the following changes:,tombstone,5245161c,Merged commit includes the following changes: (#8830),0.9258200997725514,8
8803,Merged commit includes the following changes:,tombstone,c9eb3554,Merged commit includes the following changes: (#8829),0.9258200997725514,8
8803,Merged commit includes the following changes:,tombstone,0ad4922f,Merged commit includes the following changes: (#8809),0.9258200997725514,8
8803,Merged commit includes the following changes:,tombstone,52bb4ab1,Merged commit includes the following changes: (#8803),0.9258200997725514,8
8803,Merged commit includes the following changes:,tombstone,36e786dc,Merged commit includes the following changes: (#8779),0.9258200997725514,8
8803,Merged commit includes the following changes:,tombstone,e6017471,Merged commit includes the following changes: (#8761),0.9258200997725514,8
8803,Merged commit includes the following changes:,tombstone,0e57630c,Merged commit includes the following changes: (#8755),0.9258200997725514,8
8803,Merged commit includes the following changes:,tombstone,df89d3e0,Merged commit includes the following changes: (#8753),0.9258200997725514,8
8803,Merged commit includes the following changes:,tombstone,68d983b9,Merged commit includes the following changes: (#8742),0.9258200997725514,8
8803,Merged commit includes the following changes:,tombstone,6ef140dc,Merged commit includes the following changes: (#8741),0.9258200997725514,8
8803,Merged commit includes the following changes:,tombstone,a555f1b0,Merged commit includes the following changes: (#8740),0.9258200997725514,8
8803,Merged commit includes the following changes:,tombstone,0f0c7745,Merged commit includes the following changes: (#8739),0.9258200997725514,8
8803,Merged commit includes the following changes:,tombstone,e0dade52,Merged commit includes the following changes: (#8728),0.9258200997725514,8
8803,Merged commit includes the following changes:,tombstone,4a0b3e4b,Merged commit includes the following changes: (#8235),0.9258200997725514,8
8803,Merged commit includes the following changes:,tombstone,d4eedbb9,Merged commit includes the following changes: (#8077),0.9258200997725514,8
8803,Merged commit includes the following changes:,tombstone,b968a6ce,Merged commit includes the following changes: (#7800),0.9258200997725514,8
8803,Merged commit includes the following changes:,tombstone,377c5285,Merged commit includes the following changes: (#7798),0.9258200997725514,8
8803,Merged commit includes the following changes:,tombstone,ba87e2c6,Merged commit includes the following changes: (#7797),0.9258200997725514,8
8803,Merged commit includes the following changes:,tombstone,6766e6dd,Merged commit includes the following changes: (#7690),0.9258200997725514,8
8803,Merged commit includes the following changes:,tombstone,886d7bc9,Merged commit includes the following changes: (#7470),0.9258200997725514,8
8803,Merged commit includes the following changes:,tombstone,e36934b3,Merged commit includes the following changes: (#7431),0.9258200997725514,8
8803,Merged commit includes the following changes:,tombstone,03b4a0af,Merged commit includes the following changes: (#7430),0.9258200997725514,8
8803,Merged commit includes the following changes:,tombstone,3a14837d,Merged commit includes the following changes: (#7429),0.9258200997725514,8
8803,Merged commit includes the following changes:,tombstone,e38d570e,Merged commit includes the following changes: (#7404),0.9258200997725514,8
8803,Merged commit includes the following changes:,tombstone,45b708d4,Merged commit includes the following changes: (#7398),0.9258200997725514,8
8803,Merged commit includes the following changes:,tombstone,8625efd8,Merged commit includes the following changes: (#7393),0.9258200997725514,8
8803,Merged commit includes the following changes:,tombstone,8384b05d,Merged commit includes the following changes: (#7385),0.9258200997725514,8
8803,Merged commit includes the following changes:,tombstone,6b586a91,Merged commit includes the following changes: (#7370),0.9258200997725514,8
8803,Merged commit includes the following changes:,tombstone,23c0017f,Merged commit includes the following changes: (#7368),0.9258200997725514,8
8803,Merged commit includes the following changes:,tombstone,1921a3b5,Merged commit includes the following changes: (#7365),0.9258200997725514,8
8803,Merged commit includes the following changes:,tombstone,13e7c85d,Merged commit includes the following changes: (#7358),0.9258200997725514,8
8803,Merged commit includes the following changes:,tombstone,aee49bbd,Merged commit includes the following changes: (#7357),0.9258200997725514,8
8803,Merged commit includes the following changes:,tombstone,dc4c5f1a,Merged commit includes the following changes: (#7354),0.9258200997725514,8
8803,Merged commit includes the following changes:,tombstone,c92a7e16,Merged commit includes the following changes: (#7347),0.9258200997725514,8
8803,Merged commit includes the following changes:,tombstone,1b089751,Merged commit includes the following changes: (#7346),0.9258200997725514,8
8803,Merged commit includes the following changes:,tombstone,443461cc,Merged commit includes the following changes: (#7325),0.9258200997725514,8
8803,Merged commit includes the following changes:,tombstone,aad41340,Merged commit includes the following changes: (#7324),0.9258200997725514,8
8803,Merged commit includes the following changes:,tombstone,d65af7d8,Merged commit includes the following changes: (#7323),0.9258200997725514,8
8803,Merged commit includes the following changes:,tombstone,803f833c,Merged commit includes the following changes: (#7322),0.9258200997725514,8
8803,Merged commit includes the following changes:,tombstone,8c7a0e75,Merged commit includes the following changes: (#7309),0.9258200997725514,8
8803,Merged commit includes the following changes:,tombstone,745a06a9,Merged commit includes the following changes: (#7307),0.9258200997725514,8
8803,Merged commit includes the following changes:,tombstone,53e3adb8,Merged commit includes the following changes: (#7301),0.9258200997725514,8
8803,Merged commit includes the following changes:,tombstone,3c5330d8,Merged commit includes the following changes: (#7298),0.9258200997725514,8
8803,Merged commit includes the following changes:,tombstone,ab8febd4,Merged commit includes the following changes: (#7289),0.9258200997725514,8
8803,Merged commit includes the following changes:,tombstone,64d6c094,Merged commit includes the following changes: (#7281),0.9258200997725514,8
8803,Merged commit includes the following changes:,tombstone,1fc839bc,Merged commit includes the following changes: (#7277),0.9258200997725514,8
8803,Merged commit includes the following changes:,tombstone,6f47c378,Merged commit includes the following changes: (#7264),0.9258200997725514,8
8803,Merged commit includes the following changes:,tombstone,c5a4978d,Merged commit includes the following changes: (#7263),0.9258200997725514,8
8803,Merged commit includes the following changes:,tombstone,32fadf00,Merged commit includes the following changes: (#7255),0.9258200997725514,8
8803,Merged commit includes the following changes:,tombstone,1fb34e76,Merged commit includes the following changes: (#7252),0.9258200997725514,8
8803,Merged commit includes the following changes:,tombstone,3b9025d5, Merged commit includes the following changes: (#7250),0.9258200997725514,9
8803,Merged commit includes the following changes:,tombstone,b7221961, Merged commit includes the following changes:  (#7249),0.9258200997725514,10
8803,Merged commit includes the following changes:,tombstone,e21dcdd0,Merged commit includes the following changes: (#7221),0.9258200997725514,8
8803,Merged commit includes the following changes:,tombstone,66d00a87,Merged commit includes the following changes: (#7220),0.9258200997725514,8
8803,Merged commit includes the following changes:,tombstone,dc8c6ce1,Merged commit includes the following changes: (#7209),0.9258200997725514,8
8803,Merged commit includes the following changes:,tombstone,13feba3c,Merged commit includes the following changes: (#7191),0.9258200997725514,8
8803,Merged commit includes the following changes:,tombstone,5175b7e6,Merged commit includes the following changes: (#7141),0.9258200997725514,8
8803,Merged commit includes the following changes:,tombstone,5afa9569,Merged commit includes the following changes: (#7119),0.9258200997725514,8
8803,Merged commit includes the following changes:,tombstone,76995053,Merged commit includes the following changes: (#7116),0.9258200997725514,8
8803,Merged commit includes the following changes:,tombstone,a156e203,Merged commit includes the following changes: (#7100),0.9258200997725514,8
8803,Merged commit includes the following changes:,tombstone,240623ac,Merged commit includes the following changes: (#7093),0.9258200997725514,8
8803,Merged commit includes the following changes:,tombstone,1636acc9,Merged commit includes the following changes: (#7068),0.9258200997725514,8
8803,Merged commit includes the following changes:,tombstone,e0e6d981,Merged commit includes the following changes: (#7060),0.9258200997725514,8
8803,Merged commit includes the following changes:,tombstone,a1c47f28,Merged commit includes the following changes: (#7049),0.9258200997725514,8
8803,Merged commit includes the following changes:,tombstone,dfcaed77,Merged commit includes the following changes: (#7039),0.9258200997725514,8
8803,Merged commit includes the following changes:,tombstone,3eb7cbbc,Merged commit includes the following changes: (#7013),0.9258200997725514,8
8803,Merged commit includes the following changes:,tombstone,ce03903f,Merged commit includes the following changes: (#6998),0.9258200997725514,8
8803,Merged commit includes the following changes:,tombstone,e7b4d364,Merged commit includes the following changes: (#6993),0.9258200997725514,8
8803,Merged commit includes the following changes:,tombstone,f2eb1701,Merged commit includes the following changes: (#6992),0.9258200997725514,8
8803,Merged commit includes the following changes:,tombstone,bc557d14,Merged commit includes the following changes: (#6969),0.9258200997725514,8
8803,Merged commit includes the following changes:,tombstone,51289259,Merged commit includes the following changes: (#6963),0.9258200997725514,8
8803,Merged commit includes the following changes:,tombstone,fbdbe12b,Merged commit includes the following changes: (#6952),0.9258200997725514,8
8803,Merged commit includes the following changes:,tombstone,9bbf8015,Merged commit includes the following changes: (#6932),0.9258200997725514,8
8803,Merged commit includes the following changes:,tombstone,f42fddee,Merged commit includes the following changes: (#6931),0.9258200997725514,8
8803,Merged commit includes the following changes:,tombstone,15db2195,Merged commit includes the following changes: (#6926),0.9258200997725514,8
8803,Merged commit includes the following changes:,tombstone,d76e39e7,Merged commit includes the following changes: (#6921),0.9258200997725514,8
8803,Merged commit includes the following changes:,tombstone,7af3bd91,Merged commit includes the following changes: (#6898),0.9258200997725514,8
8803,Merged commit includes the following changes:,tombstone,6fc642d4,Merged commit includes the following changes: (#6885),0.9258200997725514,8
8803,Merged commit includes the following changes:,tombstone,fa10031d,Merged commit includes the following changes: (#6880),0.9258200997725514,8
8803,Merged commit includes the following changes:,tombstone,7f9db598,Merged commit includes the following changes: (#6879),0.9258200997725514,8
8803,Merged commit includes the following changes:,tombstone,f06b5716,Merged commit includes the following changes: (#6863),0.9258200997725514,8
8803,Merged commit includes the following changes:,tombstone,85bdf764,Merged commit includes the following changes: (#6856),0.9258200997725514,8
8803,Merged commit includes the following changes:,tombstone,30d14a96,Merged commit includes the following changes: (#6847),0.9258200997725514,8
8803,Merged commit includes the following changes:,tombstone,58856e2b,Merged commit includes the following changes: (#6726),0.9258200997725514,8
8803,Merged commit includes the following changes:,tombstone,47d6c66e,Merged commit includes the following changes: (#6407),0.9258200997725514,8
8803,Merged commit includes the following changes:,tombstone,05584085,Merged commit includes the following changes: (#6315),0.9258200997725514,8
8803,Merged commit includes the following changes:,tombstone,dcf52aab,Merged commit includes the following changes: (#6062),0.9258200997725514,8
8803,Merged commit includes the following changes:,tombstone,a1337e01,Merged commit includes the following changes: 223075771  by lzc:,0.8164965809277261,19
8803,Merged commit includes the following changes:,tombstone,2c680af3,Merged commit includes the following changes: 223150784  by Sergio Guadarrama:,0.7745966692414834,33
8803,Merged commit includes the following changes:,tombstone,85dd5fa4,Merged commit includes the following changes: 204489224  by Zhichao Lu:,0.7745966692414834,26
8803,Merged commit includes the following changes:,tombstone,9fce9c64,Merged commit includes the following changes: 199348852  by Zhichao Lu:,0.7745966692414834,26
8803,Merged commit includes the following changes:,tombstone,324d6dc3,Merged commit includes the following changes: 196161788  by Zhichao Lu:,0.7745966692414834,26
8803,Merged commit includes the following changes:,tombstone,63054210,Merged commit includes the following changes: 195269567  by Zhichao Lu:,0.7745966692414834,26
8803,Merged commit includes the following changes:,tombstone,6b72b5cd,Merged commit includes the following changes: 191649512  by Zhichao Lu:,0.7745966692414834,26
8803,Merged commit includes the following changes:,tombstone,78d5f8f8,Merged commit includes the following changes: 187187978  by Zhichao Lu:,0.7745966692414834,26
8803,Merged commit includes the following changes:,tombstone,1efe98bb,Merged commit includes the following changes: 185215255  by Zhichao Lu:,0.7745966692414834,26
8803,Merged commit includes the following changes:,tombstone,7a9934df,Merged commit includes the following changes: 184048729  by Zhichao Lu:,0.7745966692414834,26
8779,Merged commit includes the following changes:,tombstone,b8172302,Merged commit includes the following changes: (#8834),0.9258200997725514,8
8779,Merged commit includes the following changes:,tombstone,b06f0c6b,Merged commit includes the following changes: (#8832),0.9258200997725514,8
8779,Merged commit includes the following changes:,tombstone,5245161c,Merged commit includes the following changes: (#8830),0.9258200997725514,8
8779,Merged commit includes the following changes:,tombstone,c9eb3554,Merged commit includes the following changes: (#8829),0.9258200997725514,8
8779,Merged commit includes the following changes:,tombstone,0ad4922f,Merged commit includes the following changes: (#8809),0.9258200997725514,8
8779,Merged commit includes the following changes:,tombstone,52bb4ab1,Merged commit includes the following changes: (#8803),0.9258200997725514,8
8779,Merged commit includes the following changes:,tombstone,36e786dc,Merged commit includes the following changes: (#8779),0.9258200997725514,8
8779,Merged commit includes the following changes:,tombstone,e6017471,Merged commit includes the following changes: (#8761),0.9258200997725514,8
8779,Merged commit includes the following changes:,tombstone,0e57630c,Merged commit includes the following changes: (#8755),0.9258200997725514,8
8779,Merged commit includes the following changes:,tombstone,df89d3e0,Merged commit includes the following changes: (#8753),0.9258200997725514,8
8779,Merged commit includes the following changes:,tombstone,68d983b9,Merged commit includes the following changes: (#8742),0.9258200997725514,8
8779,Merged commit includes the following changes:,tombstone,6ef140dc,Merged commit includes the following changes: (#8741),0.9258200997725514,8
8779,Merged commit includes the following changes:,tombstone,a555f1b0,Merged commit includes the following changes: (#8740),0.9258200997725514,8
8779,Merged commit includes the following changes:,tombstone,0f0c7745,Merged commit includes the following changes: (#8739),0.9258200997725514,8
8779,Merged commit includes the following changes:,tombstone,e0dade52,Merged commit includes the following changes: (#8728),0.9258200997725514,8
8779,Merged commit includes the following changes:,tombstone,4a0b3e4b,Merged commit includes the following changes: (#8235),0.9258200997725514,8
8779,Merged commit includes the following changes:,tombstone,d4eedbb9,Merged commit includes the following changes: (#8077),0.9258200997725514,8
8779,Merged commit includes the following changes:,tombstone,b968a6ce,Merged commit includes the following changes: (#7800),0.9258200997725514,8
8779,Merged commit includes the following changes:,tombstone,377c5285,Merged commit includes the following changes: (#7798),0.9258200997725514,8
8779,Merged commit includes the following changes:,tombstone,ba87e2c6,Merged commit includes the following changes: (#7797),0.9258200997725514,8
8779,Merged commit includes the following changes:,tombstone,6766e6dd,Merged commit includes the following changes: (#7690),0.9258200997725514,8
8779,Merged commit includes the following changes:,tombstone,886d7bc9,Merged commit includes the following changes: (#7470),0.9258200997725514,8
8779,Merged commit includes the following changes:,tombstone,e36934b3,Merged commit includes the following changes: (#7431),0.9258200997725514,8
8779,Merged commit includes the following changes:,tombstone,03b4a0af,Merged commit includes the following changes: (#7430),0.9258200997725514,8
8779,Merged commit includes the following changes:,tombstone,3a14837d,Merged commit includes the following changes: (#7429),0.9258200997725514,8
8779,Merged commit includes the following changes:,tombstone,e38d570e,Merged commit includes the following changes: (#7404),0.9258200997725514,8
8779,Merged commit includes the following changes:,tombstone,45b708d4,Merged commit includes the following changes: (#7398),0.9258200997725514,8
8779,Merged commit includes the following changes:,tombstone,8625efd8,Merged commit includes the following changes: (#7393),0.9258200997725514,8
8779,Merged commit includes the following changes:,tombstone,8384b05d,Merged commit includes the following changes: (#7385),0.9258200997725514,8
8779,Merged commit includes the following changes:,tombstone,6b586a91,Merged commit includes the following changes: (#7370),0.9258200997725514,8
8779,Merged commit includes the following changes:,tombstone,23c0017f,Merged commit includes the following changes: (#7368),0.9258200997725514,8
8779,Merged commit includes the following changes:,tombstone,1921a3b5,Merged commit includes the following changes: (#7365),0.9258200997725514,8
8779,Merged commit includes the following changes:,tombstone,13e7c85d,Merged commit includes the following changes: (#7358),0.9258200997725514,8
8779,Merged commit includes the following changes:,tombstone,aee49bbd,Merged commit includes the following changes: (#7357),0.9258200997725514,8
8779,Merged commit includes the following changes:,tombstone,dc4c5f1a,Merged commit includes the following changes: (#7354),0.9258200997725514,8
8779,Merged commit includes the following changes:,tombstone,c92a7e16,Merged commit includes the following changes: (#7347),0.9258200997725514,8
8779,Merged commit includes the following changes:,tombstone,1b089751,Merged commit includes the following changes: (#7346),0.9258200997725514,8
8779,Merged commit includes the following changes:,tombstone,443461cc,Merged commit includes the following changes: (#7325),0.9258200997725514,8
8779,Merged commit includes the following changes:,tombstone,aad41340,Merged commit includes the following changes: (#7324),0.9258200997725514,8
8779,Merged commit includes the following changes:,tombstone,d65af7d8,Merged commit includes the following changes: (#7323),0.9258200997725514,8
8779,Merged commit includes the following changes:,tombstone,803f833c,Merged commit includes the following changes: (#7322),0.9258200997725514,8
8779,Merged commit includes the following changes:,tombstone,8c7a0e75,Merged commit includes the following changes: (#7309),0.9258200997725514,8
8779,Merged commit includes the following changes:,tombstone,745a06a9,Merged commit includes the following changes: (#7307),0.9258200997725514,8
8779,Merged commit includes the following changes:,tombstone,53e3adb8,Merged commit includes the following changes: (#7301),0.9258200997725514,8
8779,Merged commit includes the following changes:,tombstone,3c5330d8,Merged commit includes the following changes: (#7298),0.9258200997725514,8
8779,Merged commit includes the following changes:,tombstone,ab8febd4,Merged commit includes the following changes: (#7289),0.9258200997725514,8
8779,Merged commit includes the following changes:,tombstone,64d6c094,Merged commit includes the following changes: (#7281),0.9258200997725514,8
8779,Merged commit includes the following changes:,tombstone,1fc839bc,Merged commit includes the following changes: (#7277),0.9258200997725514,8
8779,Merged commit includes the following changes:,tombstone,6f47c378,Merged commit includes the following changes: (#7264),0.9258200997725514,8
8779,Merged commit includes the following changes:,tombstone,c5a4978d,Merged commit includes the following changes: (#7263),0.9258200997725514,8
8779,Merged commit includes the following changes:,tombstone,32fadf00,Merged commit includes the following changes: (#7255),0.9258200997725514,8
8779,Merged commit includes the following changes:,tombstone,1fb34e76,Merged commit includes the following changes: (#7252),0.9258200997725514,8
8779,Merged commit includes the following changes:,tombstone,3b9025d5, Merged commit includes the following changes: (#7250),0.9258200997725514,9
8779,Merged commit includes the following changes:,tombstone,b7221961, Merged commit includes the following changes:  (#7249),0.9258200997725514,10
8779,Merged commit includes the following changes:,tombstone,e21dcdd0,Merged commit includes the following changes: (#7221),0.9258200997725514,8
8779,Merged commit includes the following changes:,tombstone,66d00a87,Merged commit includes the following changes: (#7220),0.9258200997725514,8
8779,Merged commit includes the following changes:,tombstone,dc8c6ce1,Merged commit includes the following changes: (#7209),0.9258200997725514,8
8779,Merged commit includes the following changes:,tombstone,13feba3c,Merged commit includes the following changes: (#7191),0.9258200997725514,8
8779,Merged commit includes the following changes:,tombstone,5175b7e6,Merged commit includes the following changes: (#7141),0.9258200997725514,8
8779,Merged commit includes the following changes:,tombstone,5afa9569,Merged commit includes the following changes: (#7119),0.9258200997725514,8
8779,Merged commit includes the following changes:,tombstone,76995053,Merged commit includes the following changes: (#7116),0.9258200997725514,8
8779,Merged commit includes the following changes:,tombstone,a156e203,Merged commit includes the following changes: (#7100),0.9258200997725514,8
8779,Merged commit includes the following changes:,tombstone,240623ac,Merged commit includes the following changes: (#7093),0.9258200997725514,8
8779,Merged commit includes the following changes:,tombstone,1636acc9,Merged commit includes the following changes: (#7068),0.9258200997725514,8
8779,Merged commit includes the following changes:,tombstone,e0e6d981,Merged commit includes the following changes: (#7060),0.9258200997725514,8
8779,Merged commit includes the following changes:,tombstone,a1c47f28,Merged commit includes the following changes: (#7049),0.9258200997725514,8
8779,Merged commit includes the following changes:,tombstone,dfcaed77,Merged commit includes the following changes: (#7039),0.9258200997725514,8
8779,Merged commit includes the following changes:,tombstone,3eb7cbbc,Merged commit includes the following changes: (#7013),0.9258200997725514,8
8779,Merged commit includes the following changes:,tombstone,ce03903f,Merged commit includes the following changes: (#6998),0.9258200997725514,8
8779,Merged commit includes the following changes:,tombstone,e7b4d364,Merged commit includes the following changes: (#6993),0.9258200997725514,8
8779,Merged commit includes the following changes:,tombstone,f2eb1701,Merged commit includes the following changes: (#6992),0.9258200997725514,8
8779,Merged commit includes the following changes:,tombstone,bc557d14,Merged commit includes the following changes: (#6969),0.9258200997725514,8
8779,Merged commit includes the following changes:,tombstone,51289259,Merged commit includes the following changes: (#6963),0.9258200997725514,8
8779,Merged commit includes the following changes:,tombstone,fbdbe12b,Merged commit includes the following changes: (#6952),0.9258200997725514,8
8779,Merged commit includes the following changes:,tombstone,9bbf8015,Merged commit includes the following changes: (#6932),0.9258200997725514,8
8779,Merged commit includes the following changes:,tombstone,f42fddee,Merged commit includes the following changes: (#6931),0.9258200997725514,8
8779,Merged commit includes the following changes:,tombstone,15db2195,Merged commit includes the following changes: (#6926),0.9258200997725514,8
8779,Merged commit includes the following changes:,tombstone,d76e39e7,Merged commit includes the following changes: (#6921),0.9258200997725514,8
8779,Merged commit includes the following changes:,tombstone,7af3bd91,Merged commit includes the following changes: (#6898),0.9258200997725514,8
8779,Merged commit includes the following changes:,tombstone,6fc642d4,Merged commit includes the following changes: (#6885),0.9258200997725514,8
8779,Merged commit includes the following changes:,tombstone,fa10031d,Merged commit includes the following changes: (#6880),0.9258200997725514,8
8779,Merged commit includes the following changes:,tombstone,7f9db598,Merged commit includes the following changes: (#6879),0.9258200997725514,8
8779,Merged commit includes the following changes:,tombstone,f06b5716,Merged commit includes the following changes: (#6863),0.9258200997725514,8
8779,Merged commit includes the following changes:,tombstone,85bdf764,Merged commit includes the following changes: (#6856),0.9258200997725514,8
8779,Merged commit includes the following changes:,tombstone,30d14a96,Merged commit includes the following changes: (#6847),0.9258200997725514,8
8779,Merged commit includes the following changes:,tombstone,58856e2b,Merged commit includes the following changes: (#6726),0.9258200997725514,8
8779,Merged commit includes the following changes:,tombstone,47d6c66e,Merged commit includes the following changes: (#6407),0.9258200997725514,8
8779,Merged commit includes the following changes:,tombstone,05584085,Merged commit includes the following changes: (#6315),0.9258200997725514,8
8779,Merged commit includes the following changes:,tombstone,dcf52aab,Merged commit includes the following changes: (#6062),0.9258200997725514,8
8779,Merged commit includes the following changes:,tombstone,a1337e01,Merged commit includes the following changes: 223075771  by lzc:,0.8164965809277261,19
8779,Merged commit includes the following changes:,tombstone,2c680af3,Merged commit includes the following changes: 223150784  by Sergio Guadarrama:,0.7745966692414834,33
8779,Merged commit includes the following changes:,tombstone,85dd5fa4,Merged commit includes the following changes: 204489224  by Zhichao Lu:,0.7745966692414834,26
8779,Merged commit includes the following changes:,tombstone,9fce9c64,Merged commit includes the following changes: 199348852  by Zhichao Lu:,0.7745966692414834,26
8779,Merged commit includes the following changes:,tombstone,324d6dc3,Merged commit includes the following changes: 196161788  by Zhichao Lu:,0.7745966692414834,26
8779,Merged commit includes the following changes:,tombstone,63054210,Merged commit includes the following changes: 195269567  by Zhichao Lu:,0.7745966692414834,26
8779,Merged commit includes the following changes:,tombstone,6b72b5cd,Merged commit includes the following changes: 191649512  by Zhichao Lu:,0.7745966692414834,26
8779,Merged commit includes the following changes:,tombstone,78d5f8f8,Merged commit includes the following changes: 187187978  by Zhichao Lu:,0.7745966692414834,26
8779,Merged commit includes the following changes:,tombstone,1efe98bb,Merged commit includes the following changes: 185215255  by Zhichao Lu:,0.7745966692414834,26
8779,Merged commit includes the following changes:,tombstone,7a9934df,Merged commit includes the following changes: 184048729  by Zhichao Lu:,0.7745966692414834,26
8765,Protos for object detection contain errors,mgon5170,31ae57eb,Minor fixes for object detection (#5613),0.5000000000000001,23
8765,Protos for object detection contain errors,mgon5170,1f484095,Minor fixes for object detection.,0.5477225575051661,24
8765,Protos for object detection contain errors,mgon5170,001a2a61,Internal changes for object detection. (#3656),0.5000000000000001,29
8761,Merged commit includes the following changes:,tombstone,b8172302,Merged commit includes the following changes: (#8834),0.9258200997725514,8
8761,Merged commit includes the following changes:,tombstone,b06f0c6b,Merged commit includes the following changes: (#8832),0.9258200997725514,8
8761,Merged commit includes the following changes:,tombstone,5245161c,Merged commit includes the following changes: (#8830),0.9258200997725514,8
8761,Merged commit includes the following changes:,tombstone,c9eb3554,Merged commit includes the following changes: (#8829),0.9258200997725514,8
8761,Merged commit includes the following changes:,tombstone,0ad4922f,Merged commit includes the following changes: (#8809),0.9258200997725514,8
8761,Merged commit includes the following changes:,tombstone,52bb4ab1,Merged commit includes the following changes: (#8803),0.9258200997725514,8
8761,Merged commit includes the following changes:,tombstone,36e786dc,Merged commit includes the following changes: (#8779),0.9258200997725514,8
8761,Merged commit includes the following changes:,tombstone,e6017471,Merged commit includes the following changes: (#8761),0.9258200997725514,8
8761,Merged commit includes the following changes:,tombstone,0e57630c,Merged commit includes the following changes: (#8755),0.9258200997725514,8
8761,Merged commit includes the following changes:,tombstone,df89d3e0,Merged commit includes the following changes: (#8753),0.9258200997725514,8
8761,Merged commit includes the following changes:,tombstone,68d983b9,Merged commit includes the following changes: (#8742),0.9258200997725514,8
8761,Merged commit includes the following changes:,tombstone,6ef140dc,Merged commit includes the following changes: (#8741),0.9258200997725514,8
8761,Merged commit includes the following changes:,tombstone,a555f1b0,Merged commit includes the following changes: (#8740),0.9258200997725514,8
8761,Merged commit includes the following changes:,tombstone,0f0c7745,Merged commit includes the following changes: (#8739),0.9258200997725514,8
8761,Merged commit includes the following changes:,tombstone,e0dade52,Merged commit includes the following changes: (#8728),0.9258200997725514,8
8761,Merged commit includes the following changes:,tombstone,4a0b3e4b,Merged commit includes the following changes: (#8235),0.9258200997725514,8
8761,Merged commit includes the following changes:,tombstone,d4eedbb9,Merged commit includes the following changes: (#8077),0.9258200997725514,8
8761,Merged commit includes the following changes:,tombstone,b968a6ce,Merged commit includes the following changes: (#7800),0.9258200997725514,8
8761,Merged commit includes the following changes:,tombstone,377c5285,Merged commit includes the following changes: (#7798),0.9258200997725514,8
8761,Merged commit includes the following changes:,tombstone,ba87e2c6,Merged commit includes the following changes: (#7797),0.9258200997725514,8
8761,Merged commit includes the following changes:,tombstone,6766e6dd,Merged commit includes the following changes: (#7690),0.9258200997725514,8
8761,Merged commit includes the following changes:,tombstone,886d7bc9,Merged commit includes the following changes: (#7470),0.9258200997725514,8
8761,Merged commit includes the following changes:,tombstone,e36934b3,Merged commit includes the following changes: (#7431),0.9258200997725514,8
8761,Merged commit includes the following changes:,tombstone,03b4a0af,Merged commit includes the following changes: (#7430),0.9258200997725514,8
8761,Merged commit includes the following changes:,tombstone,3a14837d,Merged commit includes the following changes: (#7429),0.9258200997725514,8
8761,Merged commit includes the following changes:,tombstone,e38d570e,Merged commit includes the following changes: (#7404),0.9258200997725514,8
8761,Merged commit includes the following changes:,tombstone,45b708d4,Merged commit includes the following changes: (#7398),0.9258200997725514,8
8761,Merged commit includes the following changes:,tombstone,8625efd8,Merged commit includes the following changes: (#7393),0.9258200997725514,8
8761,Merged commit includes the following changes:,tombstone,8384b05d,Merged commit includes the following changes: (#7385),0.9258200997725514,8
8761,Merged commit includes the following changes:,tombstone,6b586a91,Merged commit includes the following changes: (#7370),0.9258200997725514,8
8761,Merged commit includes the following changes:,tombstone,23c0017f,Merged commit includes the following changes: (#7368),0.9258200997725514,8
8761,Merged commit includes the following changes:,tombstone,1921a3b5,Merged commit includes the following changes: (#7365),0.9258200997725514,8
8761,Merged commit includes the following changes:,tombstone,13e7c85d,Merged commit includes the following changes: (#7358),0.9258200997725514,8
8761,Merged commit includes the following changes:,tombstone,aee49bbd,Merged commit includes the following changes: (#7357),0.9258200997725514,8
8761,Merged commit includes the following changes:,tombstone,dc4c5f1a,Merged commit includes the following changes: (#7354),0.9258200997725514,8
8761,Merged commit includes the following changes:,tombstone,c92a7e16,Merged commit includes the following changes: (#7347),0.9258200997725514,8
8761,Merged commit includes the following changes:,tombstone,1b089751,Merged commit includes the following changes: (#7346),0.9258200997725514,8
8761,Merged commit includes the following changes:,tombstone,443461cc,Merged commit includes the following changes: (#7325),0.9258200997725514,8
8761,Merged commit includes the following changes:,tombstone,aad41340,Merged commit includes the following changes: (#7324),0.9258200997725514,8
8761,Merged commit includes the following changes:,tombstone,d65af7d8,Merged commit includes the following changes: (#7323),0.9258200997725514,8
8761,Merged commit includes the following changes:,tombstone,803f833c,Merged commit includes the following changes: (#7322),0.9258200997725514,8
8761,Merged commit includes the following changes:,tombstone,8c7a0e75,Merged commit includes the following changes: (#7309),0.9258200997725514,8
8761,Merged commit includes the following changes:,tombstone,745a06a9,Merged commit includes the following changes: (#7307),0.9258200997725514,8
8761,Merged commit includes the following changes:,tombstone,53e3adb8,Merged commit includes the following changes: (#7301),0.9258200997725514,8
8761,Merged commit includes the following changes:,tombstone,3c5330d8,Merged commit includes the following changes: (#7298),0.9258200997725514,8
8761,Merged commit includes the following changes:,tombstone,ab8febd4,Merged commit includes the following changes: (#7289),0.9258200997725514,8
8761,Merged commit includes the following changes:,tombstone,64d6c094,Merged commit includes the following changes: (#7281),0.9258200997725514,8
8761,Merged commit includes the following changes:,tombstone,1fc839bc,Merged commit includes the following changes: (#7277),0.9258200997725514,8
8761,Merged commit includes the following changes:,tombstone,6f47c378,Merged commit includes the following changes: (#7264),0.9258200997725514,8
8761,Merged commit includes the following changes:,tombstone,c5a4978d,Merged commit includes the following changes: (#7263),0.9258200997725514,8
8761,Merged commit includes the following changes:,tombstone,32fadf00,Merged commit includes the following changes: (#7255),0.9258200997725514,8
8761,Merged commit includes the following changes:,tombstone,1fb34e76,Merged commit includes the following changes: (#7252),0.9258200997725514,8
8761,Merged commit includes the following changes:,tombstone,3b9025d5, Merged commit includes the following changes: (#7250),0.9258200997725514,9
8761,Merged commit includes the following changes:,tombstone,b7221961, Merged commit includes the following changes:  (#7249),0.9258200997725514,10
8761,Merged commit includes the following changes:,tombstone,e21dcdd0,Merged commit includes the following changes: (#7221),0.9258200997725514,8
8761,Merged commit includes the following changes:,tombstone,66d00a87,Merged commit includes the following changes: (#7220),0.9258200997725514,8
8761,Merged commit includes the following changes:,tombstone,dc8c6ce1,Merged commit includes the following changes: (#7209),0.9258200997725514,8
8761,Merged commit includes the following changes:,tombstone,13feba3c,Merged commit includes the following changes: (#7191),0.9258200997725514,8
8761,Merged commit includes the following changes:,tombstone,5175b7e6,Merged commit includes the following changes: (#7141),0.9258200997725514,8
8761,Merged commit includes the following changes:,tombstone,5afa9569,Merged commit includes the following changes: (#7119),0.9258200997725514,8
8761,Merged commit includes the following changes:,tombstone,76995053,Merged commit includes the following changes: (#7116),0.9258200997725514,8
8761,Merged commit includes the following changes:,tombstone,a156e203,Merged commit includes the following changes: (#7100),0.9258200997725514,8
8761,Merged commit includes the following changes:,tombstone,240623ac,Merged commit includes the following changes: (#7093),0.9258200997725514,8
8761,Merged commit includes the following changes:,tombstone,1636acc9,Merged commit includes the following changes: (#7068),0.9258200997725514,8
8761,Merged commit includes the following changes:,tombstone,e0e6d981,Merged commit includes the following changes: (#7060),0.9258200997725514,8
8761,Merged commit includes the following changes:,tombstone,a1c47f28,Merged commit includes the following changes: (#7049),0.9258200997725514,8
8761,Merged commit includes the following changes:,tombstone,dfcaed77,Merged commit includes the following changes: (#7039),0.9258200997725514,8
8761,Merged commit includes the following changes:,tombstone,3eb7cbbc,Merged commit includes the following changes: (#7013),0.9258200997725514,8
8761,Merged commit includes the following changes:,tombstone,ce03903f,Merged commit includes the following changes: (#6998),0.9258200997725514,8
8761,Merged commit includes the following changes:,tombstone,e7b4d364,Merged commit includes the following changes: (#6993),0.9258200997725514,8
8761,Merged commit includes the following changes:,tombstone,f2eb1701,Merged commit includes the following changes: (#6992),0.9258200997725514,8
8761,Merged commit includes the following changes:,tombstone,bc557d14,Merged commit includes the following changes: (#6969),0.9258200997725514,8
8761,Merged commit includes the following changes:,tombstone,51289259,Merged commit includes the following changes: (#6963),0.9258200997725514,8
8761,Merged commit includes the following changes:,tombstone,fbdbe12b,Merged commit includes the following changes: (#6952),0.9258200997725514,8
8761,Merged commit includes the following changes:,tombstone,9bbf8015,Merged commit includes the following changes: (#6932),0.9258200997725514,8
8761,Merged commit includes the following changes:,tombstone,f42fddee,Merged commit includes the following changes: (#6931),0.9258200997725514,8
8761,Merged commit includes the following changes:,tombstone,15db2195,Merged commit includes the following changes: (#6926),0.9258200997725514,8
8761,Merged commit includes the following changes:,tombstone,d76e39e7,Merged commit includes the following changes: (#6921),0.9258200997725514,8
8761,Merged commit includes the following changes:,tombstone,7af3bd91,Merged commit includes the following changes: (#6898),0.9258200997725514,8
8761,Merged commit includes the following changes:,tombstone,6fc642d4,Merged commit includes the following changes: (#6885),0.9258200997725514,8
8761,Merged commit includes the following changes:,tombstone,fa10031d,Merged commit includes the following changes: (#6880),0.9258200997725514,8
8761,Merged commit includes the following changes:,tombstone,7f9db598,Merged commit includes the following changes: (#6879),0.9258200997725514,8
8761,Merged commit includes the following changes:,tombstone,f06b5716,Merged commit includes the following changes: (#6863),0.9258200997725514,8
8761,Merged commit includes the following changes:,tombstone,85bdf764,Merged commit includes the following changes: (#6856),0.9258200997725514,8
8761,Merged commit includes the following changes:,tombstone,30d14a96,Merged commit includes the following changes: (#6847),0.9258200997725514,8
8761,Merged commit includes the following changes:,tombstone,58856e2b,Merged commit includes the following changes: (#6726),0.9258200997725514,8
8761,Merged commit includes the following changes:,tombstone,47d6c66e,Merged commit includes the following changes: (#6407),0.9258200997725514,8
8761,Merged commit includes the following changes:,tombstone,05584085,Merged commit includes the following changes: (#6315),0.9258200997725514,8
8761,Merged commit includes the following changes:,tombstone,dcf52aab,Merged commit includes the following changes: (#6062),0.9258200997725514,8
8761,Merged commit includes the following changes:,tombstone,a1337e01,Merged commit includes the following changes: 223075771  by lzc:,0.8164965809277261,19
8761,Merged commit includes the following changes:,tombstone,2c680af3,Merged commit includes the following changes: 223150784  by Sergio Guadarrama:,0.7745966692414834,33
8761,Merged commit includes the following changes:,tombstone,85dd5fa4,Merged commit includes the following changes: 204489224  by Zhichao Lu:,0.7745966692414834,26
8761,Merged commit includes the following changes:,tombstone,9fce9c64,Merged commit includes the following changes: 199348852  by Zhichao Lu:,0.7745966692414834,26
8761,Merged commit includes the following changes:,tombstone,324d6dc3,Merged commit includes the following changes: 196161788  by Zhichao Lu:,0.7745966692414834,26
8761,Merged commit includes the following changes:,tombstone,63054210,Merged commit includes the following changes: 195269567  by Zhichao Lu:,0.7745966692414834,26
8761,Merged commit includes the following changes:,tombstone,6b72b5cd,Merged commit includes the following changes: 191649512  by Zhichao Lu:,0.7745966692414834,26
8761,Merged commit includes the following changes:,tombstone,78d5f8f8,Merged commit includes the following changes: 187187978  by Zhichao Lu:,0.7745966692414834,26
8761,Merged commit includes the following changes:,tombstone,1efe98bb,Merged commit includes the following changes: 185215255  by Zhichao Lu:,0.7745966692414834,26
8761,Merged commit includes the following changes:,tombstone,7a9934df,Merged commit includes the following changes: 184048729  by Zhichao Lu:,0.7745966692414834,26
8755,Merged commit includes the following changes:,tombstone,b8172302,Merged commit includes the following changes: (#8834),0.9258200997725514,8
8755,Merged commit includes the following changes:,tombstone,b06f0c6b,Merged commit includes the following changes: (#8832),0.9258200997725514,8
8755,Merged commit includes the following changes:,tombstone,5245161c,Merged commit includes the following changes: (#8830),0.9258200997725514,8
8755,Merged commit includes the following changes:,tombstone,c9eb3554,Merged commit includes the following changes: (#8829),0.9258200997725514,8
8755,Merged commit includes the following changes:,tombstone,0ad4922f,Merged commit includes the following changes: (#8809),0.9258200997725514,8
8755,Merged commit includes the following changes:,tombstone,52bb4ab1,Merged commit includes the following changes: (#8803),0.9258200997725514,8
8755,Merged commit includes the following changes:,tombstone,36e786dc,Merged commit includes the following changes: (#8779),0.9258200997725514,8
8755,Merged commit includes the following changes:,tombstone,e6017471,Merged commit includes the following changes: (#8761),0.9258200997725514,8
8755,Merged commit includes the following changes:,tombstone,0e57630c,Merged commit includes the following changes: (#8755),0.9258200997725514,8
8755,Merged commit includes the following changes:,tombstone,df89d3e0,Merged commit includes the following changes: (#8753),0.9258200997725514,8
8755,Merged commit includes the following changes:,tombstone,68d983b9,Merged commit includes the following changes: (#8742),0.9258200997725514,8
8755,Merged commit includes the following changes:,tombstone,6ef140dc,Merged commit includes the following changes: (#8741),0.9258200997725514,8
8755,Merged commit includes the following changes:,tombstone,a555f1b0,Merged commit includes the following changes: (#8740),0.9258200997725514,8
8755,Merged commit includes the following changes:,tombstone,0f0c7745,Merged commit includes the following changes: (#8739),0.9258200997725514,8
8755,Merged commit includes the following changes:,tombstone,e0dade52,Merged commit includes the following changes: (#8728),0.9258200997725514,8
8755,Merged commit includes the following changes:,tombstone,4a0b3e4b,Merged commit includes the following changes: (#8235),0.9258200997725514,8
8755,Merged commit includes the following changes:,tombstone,d4eedbb9,Merged commit includes the following changes: (#8077),0.9258200997725514,8
8755,Merged commit includes the following changes:,tombstone,b968a6ce,Merged commit includes the following changes: (#7800),0.9258200997725514,8
8755,Merged commit includes the following changes:,tombstone,377c5285,Merged commit includes the following changes: (#7798),0.9258200997725514,8
8755,Merged commit includes the following changes:,tombstone,ba87e2c6,Merged commit includes the following changes: (#7797),0.9258200997725514,8
8755,Merged commit includes the following changes:,tombstone,6766e6dd,Merged commit includes the following changes: (#7690),0.9258200997725514,8
8755,Merged commit includes the following changes:,tombstone,886d7bc9,Merged commit includes the following changes: (#7470),0.9258200997725514,8
8755,Merged commit includes the following changes:,tombstone,e36934b3,Merged commit includes the following changes: (#7431),0.9258200997725514,8
8755,Merged commit includes the following changes:,tombstone,03b4a0af,Merged commit includes the following changes: (#7430),0.9258200997725514,8
8755,Merged commit includes the following changes:,tombstone,3a14837d,Merged commit includes the following changes: (#7429),0.9258200997725514,8
8755,Merged commit includes the following changes:,tombstone,e38d570e,Merged commit includes the following changes: (#7404),0.9258200997725514,8
8755,Merged commit includes the following changes:,tombstone,45b708d4,Merged commit includes the following changes: (#7398),0.9258200997725514,8
8755,Merged commit includes the following changes:,tombstone,8625efd8,Merged commit includes the following changes: (#7393),0.9258200997725514,8
8755,Merged commit includes the following changes:,tombstone,8384b05d,Merged commit includes the following changes: (#7385),0.9258200997725514,8
8755,Merged commit includes the following changes:,tombstone,6b586a91,Merged commit includes the following changes: (#7370),0.9258200997725514,8
8755,Merged commit includes the following changes:,tombstone,23c0017f,Merged commit includes the following changes: (#7368),0.9258200997725514,8
8755,Merged commit includes the following changes:,tombstone,1921a3b5,Merged commit includes the following changes: (#7365),0.9258200997725514,8
8755,Merged commit includes the following changes:,tombstone,13e7c85d,Merged commit includes the following changes: (#7358),0.9258200997725514,8
8755,Merged commit includes the following changes:,tombstone,aee49bbd,Merged commit includes the following changes: (#7357),0.9258200997725514,8
8755,Merged commit includes the following changes:,tombstone,dc4c5f1a,Merged commit includes the following changes: (#7354),0.9258200997725514,8
8755,Merged commit includes the following changes:,tombstone,c92a7e16,Merged commit includes the following changes: (#7347),0.9258200997725514,8
8755,Merged commit includes the following changes:,tombstone,1b089751,Merged commit includes the following changes: (#7346),0.9258200997725514,8
8755,Merged commit includes the following changes:,tombstone,443461cc,Merged commit includes the following changes: (#7325),0.9258200997725514,8
8755,Merged commit includes the following changes:,tombstone,aad41340,Merged commit includes the following changes: (#7324),0.9258200997725514,8
8755,Merged commit includes the following changes:,tombstone,d65af7d8,Merged commit includes the following changes: (#7323),0.9258200997725514,8
8755,Merged commit includes the following changes:,tombstone,803f833c,Merged commit includes the following changes: (#7322),0.9258200997725514,8
8755,Merged commit includes the following changes:,tombstone,8c7a0e75,Merged commit includes the following changes: (#7309),0.9258200997725514,8
8755,Merged commit includes the following changes:,tombstone,745a06a9,Merged commit includes the following changes: (#7307),0.9258200997725514,8
8755,Merged commit includes the following changes:,tombstone,53e3adb8,Merged commit includes the following changes: (#7301),0.9258200997725514,8
8755,Merged commit includes the following changes:,tombstone,3c5330d8,Merged commit includes the following changes: (#7298),0.9258200997725514,8
8755,Merged commit includes the following changes:,tombstone,ab8febd4,Merged commit includes the following changes: (#7289),0.9258200997725514,8
8755,Merged commit includes the following changes:,tombstone,64d6c094,Merged commit includes the following changes: (#7281),0.9258200997725514,8
8755,Merged commit includes the following changes:,tombstone,1fc839bc,Merged commit includes the following changes: (#7277),0.9258200997725514,8
8755,Merged commit includes the following changes:,tombstone,6f47c378,Merged commit includes the following changes: (#7264),0.9258200997725514,8
8755,Merged commit includes the following changes:,tombstone,c5a4978d,Merged commit includes the following changes: (#7263),0.9258200997725514,8
8755,Merged commit includes the following changes:,tombstone,32fadf00,Merged commit includes the following changes: (#7255),0.9258200997725514,8
8755,Merged commit includes the following changes:,tombstone,1fb34e76,Merged commit includes the following changes: (#7252),0.9258200997725514,8
8755,Merged commit includes the following changes:,tombstone,3b9025d5, Merged commit includes the following changes: (#7250),0.9258200997725514,9
8755,Merged commit includes the following changes:,tombstone,b7221961, Merged commit includes the following changes:  (#7249),0.9258200997725514,10
8755,Merged commit includes the following changes:,tombstone,e21dcdd0,Merged commit includes the following changes: (#7221),0.9258200997725514,8
8755,Merged commit includes the following changes:,tombstone,66d00a87,Merged commit includes the following changes: (#7220),0.9258200997725514,8
8755,Merged commit includes the following changes:,tombstone,dc8c6ce1,Merged commit includes the following changes: (#7209),0.9258200997725514,8
8755,Merged commit includes the following changes:,tombstone,13feba3c,Merged commit includes the following changes: (#7191),0.9258200997725514,8
8755,Merged commit includes the following changes:,tombstone,5175b7e6,Merged commit includes the following changes: (#7141),0.9258200997725514,8
8755,Merged commit includes the following changes:,tombstone,5afa9569,Merged commit includes the following changes: (#7119),0.9258200997725514,8
8755,Merged commit includes the following changes:,tombstone,76995053,Merged commit includes the following changes: (#7116),0.9258200997725514,8
8755,Merged commit includes the following changes:,tombstone,a156e203,Merged commit includes the following changes: (#7100),0.9258200997725514,8
8755,Merged commit includes the following changes:,tombstone,240623ac,Merged commit includes the following changes: (#7093),0.9258200997725514,8
8755,Merged commit includes the following changes:,tombstone,1636acc9,Merged commit includes the following changes: (#7068),0.9258200997725514,8
8755,Merged commit includes the following changes:,tombstone,e0e6d981,Merged commit includes the following changes: (#7060),0.9258200997725514,8
8755,Merged commit includes the following changes:,tombstone,a1c47f28,Merged commit includes the following changes: (#7049),0.9258200997725514,8
8755,Merged commit includes the following changes:,tombstone,dfcaed77,Merged commit includes the following changes: (#7039),0.9258200997725514,8
8755,Merged commit includes the following changes:,tombstone,3eb7cbbc,Merged commit includes the following changes: (#7013),0.9258200997725514,8
8755,Merged commit includes the following changes:,tombstone,ce03903f,Merged commit includes the following changes: (#6998),0.9258200997725514,8
8755,Merged commit includes the following changes:,tombstone,e7b4d364,Merged commit includes the following changes: (#6993),0.9258200997725514,8
8755,Merged commit includes the following changes:,tombstone,f2eb1701,Merged commit includes the following changes: (#6992),0.9258200997725514,8
8755,Merged commit includes the following changes:,tombstone,bc557d14,Merged commit includes the following changes: (#6969),0.9258200997725514,8
8755,Merged commit includes the following changes:,tombstone,51289259,Merged commit includes the following changes: (#6963),0.9258200997725514,8
8755,Merged commit includes the following changes:,tombstone,fbdbe12b,Merged commit includes the following changes: (#6952),0.9258200997725514,8
8755,Merged commit includes the following changes:,tombstone,9bbf8015,Merged commit includes the following changes: (#6932),0.9258200997725514,8
8755,Merged commit includes the following changes:,tombstone,f42fddee,Merged commit includes the following changes: (#6931),0.9258200997725514,8
8755,Merged commit includes the following changes:,tombstone,15db2195,Merged commit includes the following changes: (#6926),0.9258200997725514,8
8755,Merged commit includes the following changes:,tombstone,d76e39e7,Merged commit includes the following changes: (#6921),0.9258200997725514,8
8755,Merged commit includes the following changes:,tombstone,7af3bd91,Merged commit includes the following changes: (#6898),0.9258200997725514,8
8755,Merged commit includes the following changes:,tombstone,6fc642d4,Merged commit includes the following changes: (#6885),0.9258200997725514,8
8755,Merged commit includes the following changes:,tombstone,fa10031d,Merged commit includes the following changes: (#6880),0.9258200997725514,8
8755,Merged commit includes the following changes:,tombstone,7f9db598,Merged commit includes the following changes: (#6879),0.9258200997725514,8
8755,Merged commit includes the following changes:,tombstone,f06b5716,Merged commit includes the following changes: (#6863),0.9258200997725514,8
8755,Merged commit includes the following changes:,tombstone,85bdf764,Merged commit includes the following changes: (#6856),0.9258200997725514,8
8755,Merged commit includes the following changes:,tombstone,30d14a96,Merged commit includes the following changes: (#6847),0.9258200997725514,8
8755,Merged commit includes the following changes:,tombstone,58856e2b,Merged commit includes the following changes: (#6726),0.9258200997725514,8
8755,Merged commit includes the following changes:,tombstone,47d6c66e,Merged commit includes the following changes: (#6407),0.9258200997725514,8
8755,Merged commit includes the following changes:,tombstone,05584085,Merged commit includes the following changes: (#6315),0.9258200997725514,8
8755,Merged commit includes the following changes:,tombstone,dcf52aab,Merged commit includes the following changes: (#6062),0.9258200997725514,8
8755,Merged commit includes the following changes:,tombstone,a1337e01,Merged commit includes the following changes: 223075771  by lzc:,0.8164965809277261,19
8755,Merged commit includes the following changes:,tombstone,2c680af3,Merged commit includes the following changes: 223150784  by Sergio Guadarrama:,0.7745966692414834,33
8755,Merged commit includes the following changes:,tombstone,85dd5fa4,Merged commit includes the following changes: 204489224  by Zhichao Lu:,0.7745966692414834,26
8755,Merged commit includes the following changes:,tombstone,9fce9c64,Merged commit includes the following changes: 199348852  by Zhichao Lu:,0.7745966692414834,26
8755,Merged commit includes the following changes:,tombstone,324d6dc3,Merged commit includes the following changes: 196161788  by Zhichao Lu:,0.7745966692414834,26
8755,Merged commit includes the following changes:,tombstone,63054210,Merged commit includes the following changes: 195269567  by Zhichao Lu:,0.7745966692414834,26
8755,Merged commit includes the following changes:,tombstone,6b72b5cd,Merged commit includes the following changes: 191649512  by Zhichao Lu:,0.7745966692414834,26
8755,Merged commit includes the following changes:,tombstone,78d5f8f8,Merged commit includes the following changes: 187187978  by Zhichao Lu:,0.7745966692414834,26
8755,Merged commit includes the following changes:,tombstone,1efe98bb,Merged commit includes the following changes: 185215255  by Zhichao Lu:,0.7745966692414834,26
8755,Merged commit includes the following changes:,tombstone,7a9934df,Merged commit includes the following changes: 184048729  by Zhichao Lu:,0.7745966692414834,26
8751,Proper os path join for eval,kmindspark,f5712d0c,Replaced direct path concatenation with os.path.join,0.5163977794943223,38
8749,Context RCNN TF 2 support,kmindspark,aabe1231,Context RCNN support for Tensorflow 2.x,0.6761234037828131,22
8746,Add multilevel crop and resize functions,syiming,f7d74d68,change crop and resize fn to fit multilevel ones,0.5443310539518174,32
8746,Add multilevel crop and resize functions,syiming,81bc290f,Modify scope for multilevel crop and resize function,0.5773502691896258,16
8746,Add multilevel crop and resize functions,syiming,b88095dc,Add multilevel functions dealing with multilevel features.,0.5443310539518174,32
8742,Merged commit includes the following changes:,tombstone,b8172302,Merged commit includes the following changes: (#8834),0.9258200997725514,8
8742,Merged commit includes the following changes:,tombstone,b06f0c6b,Merged commit includes the following changes: (#8832),0.9258200997725514,8
8742,Merged commit includes the following changes:,tombstone,5245161c,Merged commit includes the following changes: (#8830),0.9258200997725514,8
8742,Merged commit includes the following changes:,tombstone,c9eb3554,Merged commit includes the following changes: (#8829),0.9258200997725514,8
8742,Merged commit includes the following changes:,tombstone,0ad4922f,Merged commit includes the following changes: (#8809),0.9258200997725514,8
8742,Merged commit includes the following changes:,tombstone,52bb4ab1,Merged commit includes the following changes: (#8803),0.9258200997725514,8
8742,Merged commit includes the following changes:,tombstone,36e786dc,Merged commit includes the following changes: (#8779),0.9258200997725514,8
8742,Merged commit includes the following changes:,tombstone,e6017471,Merged commit includes the following changes: (#8761),0.9258200997725514,8
8742,Merged commit includes the following changes:,tombstone,0e57630c,Merged commit includes the following changes: (#8755),0.9258200997725514,8
8742,Merged commit includes the following changes:,tombstone,df89d3e0,Merged commit includes the following changes: (#8753),0.9258200997725514,8
8742,Merged commit includes the following changes:,tombstone,68d983b9,Merged commit includes the following changes: (#8742),0.9258200997725514,8
8742,Merged commit includes the following changes:,tombstone,6ef140dc,Merged commit includes the following changes: (#8741),0.9258200997725514,8
8742,Merged commit includes the following changes:,tombstone,a555f1b0,Merged commit includes the following changes: (#8740),0.9258200997725514,8
8742,Merged commit includes the following changes:,tombstone,0f0c7745,Merged commit includes the following changes: (#8739),0.9258200997725514,8
8742,Merged commit includes the following changes:,tombstone,e0dade52,Merged commit includes the following changes: (#8728),0.9258200997725514,8
8742,Merged commit includes the following changes:,tombstone,4a0b3e4b,Merged commit includes the following changes: (#8235),0.9258200997725514,8
8742,Merged commit includes the following changes:,tombstone,d4eedbb9,Merged commit includes the following changes: (#8077),0.9258200997725514,8
8742,Merged commit includes the following changes:,tombstone,b968a6ce,Merged commit includes the following changes: (#7800),0.9258200997725514,8
8742,Merged commit includes the following changes:,tombstone,377c5285,Merged commit includes the following changes: (#7798),0.9258200997725514,8
8742,Merged commit includes the following changes:,tombstone,ba87e2c6,Merged commit includes the following changes: (#7797),0.9258200997725514,8
8742,Merged commit includes the following changes:,tombstone,6766e6dd,Merged commit includes the following changes: (#7690),0.9258200997725514,8
8742,Merged commit includes the following changes:,tombstone,886d7bc9,Merged commit includes the following changes: (#7470),0.9258200997725514,8
8742,Merged commit includes the following changes:,tombstone,e36934b3,Merged commit includes the following changes: (#7431),0.9258200997725514,8
8742,Merged commit includes the following changes:,tombstone,03b4a0af,Merged commit includes the following changes: (#7430),0.9258200997725514,8
8742,Merged commit includes the following changes:,tombstone,3a14837d,Merged commit includes the following changes: (#7429),0.9258200997725514,8
8742,Merged commit includes the following changes:,tombstone,e38d570e,Merged commit includes the following changes: (#7404),0.9258200997725514,8
8742,Merged commit includes the following changes:,tombstone,45b708d4,Merged commit includes the following changes: (#7398),0.9258200997725514,8
8742,Merged commit includes the following changes:,tombstone,8625efd8,Merged commit includes the following changes: (#7393),0.9258200997725514,8
8742,Merged commit includes the following changes:,tombstone,8384b05d,Merged commit includes the following changes: (#7385),0.9258200997725514,8
8742,Merged commit includes the following changes:,tombstone,6b586a91,Merged commit includes the following changes: (#7370),0.9258200997725514,8
8742,Merged commit includes the following changes:,tombstone,23c0017f,Merged commit includes the following changes: (#7368),0.9258200997725514,8
8742,Merged commit includes the following changes:,tombstone,1921a3b5,Merged commit includes the following changes: (#7365),0.9258200997725514,8
8742,Merged commit includes the following changes:,tombstone,13e7c85d,Merged commit includes the following changes: (#7358),0.9258200997725514,8
8742,Merged commit includes the following changes:,tombstone,aee49bbd,Merged commit includes the following changes: (#7357),0.9258200997725514,8
8742,Merged commit includes the following changes:,tombstone,dc4c5f1a,Merged commit includes the following changes: (#7354),0.9258200997725514,8
8742,Merged commit includes the following changes:,tombstone,c92a7e16,Merged commit includes the following changes: (#7347),0.9258200997725514,8
8742,Merged commit includes the following changes:,tombstone,1b089751,Merged commit includes the following changes: (#7346),0.9258200997725514,8
8742,Merged commit includes the following changes:,tombstone,443461cc,Merged commit includes the following changes: (#7325),0.9258200997725514,8
8742,Merged commit includes the following changes:,tombstone,aad41340,Merged commit includes the following changes: (#7324),0.9258200997725514,8
8742,Merged commit includes the following changes:,tombstone,d65af7d8,Merged commit includes the following changes: (#7323),0.9258200997725514,8
8742,Merged commit includes the following changes:,tombstone,803f833c,Merged commit includes the following changes: (#7322),0.9258200997725514,8
8742,Merged commit includes the following changes:,tombstone,8c7a0e75,Merged commit includes the following changes: (#7309),0.9258200997725514,8
8742,Merged commit includes the following changes:,tombstone,745a06a9,Merged commit includes the following changes: (#7307),0.9258200997725514,8
8742,Merged commit includes the following changes:,tombstone,53e3adb8,Merged commit includes the following changes: (#7301),0.9258200997725514,8
8742,Merged commit includes the following changes:,tombstone,3c5330d8,Merged commit includes the following changes: (#7298),0.9258200997725514,8
8742,Merged commit includes the following changes:,tombstone,ab8febd4,Merged commit includes the following changes: (#7289),0.9258200997725514,8
8742,Merged commit includes the following changes:,tombstone,64d6c094,Merged commit includes the following changes: (#7281),0.9258200997725514,8
8742,Merged commit includes the following changes:,tombstone,1fc839bc,Merged commit includes the following changes: (#7277),0.9258200997725514,8
8742,Merged commit includes the following changes:,tombstone,6f47c378,Merged commit includes the following changes: (#7264),0.9258200997725514,8
8742,Merged commit includes the following changes:,tombstone,c5a4978d,Merged commit includes the following changes: (#7263),0.9258200997725514,8
8742,Merged commit includes the following changes:,tombstone,32fadf00,Merged commit includes the following changes: (#7255),0.9258200997725514,8
8742,Merged commit includes the following changes:,tombstone,1fb34e76,Merged commit includes the following changes: (#7252),0.9258200997725514,8
8742,Merged commit includes the following changes:,tombstone,3b9025d5, Merged commit includes the following changes: (#7250),0.9258200997725514,9
8742,Merged commit includes the following changes:,tombstone,b7221961, Merged commit includes the following changes:  (#7249),0.9258200997725514,10
8742,Merged commit includes the following changes:,tombstone,e21dcdd0,Merged commit includes the following changes: (#7221),0.9258200997725514,8
8742,Merged commit includes the following changes:,tombstone,66d00a87,Merged commit includes the following changes: (#7220),0.9258200997725514,8
8742,Merged commit includes the following changes:,tombstone,dc8c6ce1,Merged commit includes the following changes: (#7209),0.9258200997725514,8
8742,Merged commit includes the following changes:,tombstone,13feba3c,Merged commit includes the following changes: (#7191),0.9258200997725514,8
8742,Merged commit includes the following changes:,tombstone,5175b7e6,Merged commit includes the following changes: (#7141),0.9258200997725514,8
8742,Merged commit includes the following changes:,tombstone,5afa9569,Merged commit includes the following changes: (#7119),0.9258200997725514,8
8742,Merged commit includes the following changes:,tombstone,76995053,Merged commit includes the following changes: (#7116),0.9258200997725514,8
8742,Merged commit includes the following changes:,tombstone,a156e203,Merged commit includes the following changes: (#7100),0.9258200997725514,8
8742,Merged commit includes the following changes:,tombstone,240623ac,Merged commit includes the following changes: (#7093),0.9258200997725514,8
8742,Merged commit includes the following changes:,tombstone,1636acc9,Merged commit includes the following changes: (#7068),0.9258200997725514,8
8742,Merged commit includes the following changes:,tombstone,e0e6d981,Merged commit includes the following changes: (#7060),0.9258200997725514,8
8742,Merged commit includes the following changes:,tombstone,a1c47f28,Merged commit includes the following changes: (#7049),0.9258200997725514,8
8742,Merged commit includes the following changes:,tombstone,dfcaed77,Merged commit includes the following changes: (#7039),0.9258200997725514,8
8742,Merged commit includes the following changes:,tombstone,3eb7cbbc,Merged commit includes the following changes: (#7013),0.9258200997725514,8
8742,Merged commit includes the following changes:,tombstone,ce03903f,Merged commit includes the following changes: (#6998),0.9258200997725514,8
8742,Merged commit includes the following changes:,tombstone,e7b4d364,Merged commit includes the following changes: (#6993),0.9258200997725514,8
8742,Merged commit includes the following changes:,tombstone,f2eb1701,Merged commit includes the following changes: (#6992),0.9258200997725514,8
8742,Merged commit includes the following changes:,tombstone,bc557d14,Merged commit includes the following changes: (#6969),0.9258200997725514,8
8742,Merged commit includes the following changes:,tombstone,51289259,Merged commit includes the following changes: (#6963),0.9258200997725514,8
8742,Merged commit includes the following changes:,tombstone,fbdbe12b,Merged commit includes the following changes: (#6952),0.9258200997725514,8
8742,Merged commit includes the following changes:,tombstone,9bbf8015,Merged commit includes the following changes: (#6932),0.9258200997725514,8
8742,Merged commit includes the following changes:,tombstone,f42fddee,Merged commit includes the following changes: (#6931),0.9258200997725514,8
8742,Merged commit includes the following changes:,tombstone,15db2195,Merged commit includes the following changes: (#6926),0.9258200997725514,8
8742,Merged commit includes the following changes:,tombstone,d76e39e7,Merged commit includes the following changes: (#6921),0.9258200997725514,8
8742,Merged commit includes the following changes:,tombstone,7af3bd91,Merged commit includes the following changes: (#6898),0.9258200997725514,8
8742,Merged commit includes the following changes:,tombstone,6fc642d4,Merged commit includes the following changes: (#6885),0.9258200997725514,8
8742,Merged commit includes the following changes:,tombstone,fa10031d,Merged commit includes the following changes: (#6880),0.9258200997725514,8
8742,Merged commit includes the following changes:,tombstone,7f9db598,Merged commit includes the following changes: (#6879),0.9258200997725514,8
8742,Merged commit includes the following changes:,tombstone,f06b5716,Merged commit includes the following changes: (#6863),0.9258200997725514,8
8742,Merged commit includes the following changes:,tombstone,85bdf764,Merged commit includes the following changes: (#6856),0.9258200997725514,8
8742,Merged commit includes the following changes:,tombstone,30d14a96,Merged commit includes the following changes: (#6847),0.9258200997725514,8
8742,Merged commit includes the following changes:,tombstone,58856e2b,Merged commit includes the following changes: (#6726),0.9258200997725514,8
8742,Merged commit includes the following changes:,tombstone,47d6c66e,Merged commit includes the following changes: (#6407),0.9258200997725514,8
8742,Merged commit includes the following changes:,tombstone,05584085,Merged commit includes the following changes: (#6315),0.9258200997725514,8
8742,Merged commit includes the following changes:,tombstone,dcf52aab,Merged commit includes the following changes: (#6062),0.9258200997725514,8
8742,Merged commit includes the following changes:,tombstone,a1337e01,Merged commit includes the following changes: 223075771  by lzc:,0.8164965809277261,19
8742,Merged commit includes the following changes:,tombstone,2c680af3,Merged commit includes the following changes: 223150784  by Sergio Guadarrama:,0.7745966692414834,33
8742,Merged commit includes the following changes:,tombstone,85dd5fa4,Merged commit includes the following changes: 204489224  by Zhichao Lu:,0.7745966692414834,26
8742,Merged commit includes the following changes:,tombstone,9fce9c64,Merged commit includes the following changes: 199348852  by Zhichao Lu:,0.7745966692414834,26
8742,Merged commit includes the following changes:,tombstone,324d6dc3,Merged commit includes the following changes: 196161788  by Zhichao Lu:,0.7745966692414834,26
8742,Merged commit includes the following changes:,tombstone,63054210,Merged commit includes the following changes: 195269567  by Zhichao Lu:,0.7745966692414834,26
8742,Merged commit includes the following changes:,tombstone,6b72b5cd,Merged commit includes the following changes: 191649512  by Zhichao Lu:,0.7745966692414834,26
8742,Merged commit includes the following changes:,tombstone,78d5f8f8,Merged commit includes the following changes: 187187978  by Zhichao Lu:,0.7745966692414834,26
8742,Merged commit includes the following changes:,tombstone,1efe98bb,Merged commit includes the following changes: 185215255  by Zhichao Lu:,0.7745966692414834,26
8742,Merged commit includes the following changes:,tombstone,7a9934df,Merged commit includes the following changes: 184048729  by Zhichao Lu:,0.7745966692414834,26
8741,Merged commit includes the following changes:,tombstone,b8172302,Merged commit includes the following changes: (#8834),0.9258200997725514,8
8741,Merged commit includes the following changes:,tombstone,b06f0c6b,Merged commit includes the following changes: (#8832),0.9258200997725514,8
8741,Merged commit includes the following changes:,tombstone,5245161c,Merged commit includes the following changes: (#8830),0.9258200997725514,8
8741,Merged commit includes the following changes:,tombstone,c9eb3554,Merged commit includes the following changes: (#8829),0.9258200997725514,8
8741,Merged commit includes the following changes:,tombstone,0ad4922f,Merged commit includes the following changes: (#8809),0.9258200997725514,8
8741,Merged commit includes the following changes:,tombstone,52bb4ab1,Merged commit includes the following changes: (#8803),0.9258200997725514,8
8741,Merged commit includes the following changes:,tombstone,36e786dc,Merged commit includes the following changes: (#8779),0.9258200997725514,8
8741,Merged commit includes the following changes:,tombstone,e6017471,Merged commit includes the following changes: (#8761),0.9258200997725514,8
8741,Merged commit includes the following changes:,tombstone,0e57630c,Merged commit includes the following changes: (#8755),0.9258200997725514,8
8741,Merged commit includes the following changes:,tombstone,df89d3e0,Merged commit includes the following changes: (#8753),0.9258200997725514,8
8741,Merged commit includes the following changes:,tombstone,68d983b9,Merged commit includes the following changes: (#8742),0.9258200997725514,8
8741,Merged commit includes the following changes:,tombstone,6ef140dc,Merged commit includes the following changes: (#8741),0.9258200997725514,8
8741,Merged commit includes the following changes:,tombstone,a555f1b0,Merged commit includes the following changes: (#8740),0.9258200997725514,8
8741,Merged commit includes the following changes:,tombstone,0f0c7745,Merged commit includes the following changes: (#8739),0.9258200997725514,8
8741,Merged commit includes the following changes:,tombstone,e0dade52,Merged commit includes the following changes: (#8728),0.9258200997725514,8
8741,Merged commit includes the following changes:,tombstone,4a0b3e4b,Merged commit includes the following changes: (#8235),0.9258200997725514,8
8741,Merged commit includes the following changes:,tombstone,d4eedbb9,Merged commit includes the following changes: (#8077),0.9258200997725514,8
8741,Merged commit includes the following changes:,tombstone,b968a6ce,Merged commit includes the following changes: (#7800),0.9258200997725514,8
8741,Merged commit includes the following changes:,tombstone,377c5285,Merged commit includes the following changes: (#7798),0.9258200997725514,8
8741,Merged commit includes the following changes:,tombstone,ba87e2c6,Merged commit includes the following changes: (#7797),0.9258200997725514,8
8741,Merged commit includes the following changes:,tombstone,6766e6dd,Merged commit includes the following changes: (#7690),0.9258200997725514,8
8741,Merged commit includes the following changes:,tombstone,886d7bc9,Merged commit includes the following changes: (#7470),0.9258200997725514,8
8741,Merged commit includes the following changes:,tombstone,e36934b3,Merged commit includes the following changes: (#7431),0.9258200997725514,8
8741,Merged commit includes the following changes:,tombstone,03b4a0af,Merged commit includes the following changes: (#7430),0.9258200997725514,8
8741,Merged commit includes the following changes:,tombstone,3a14837d,Merged commit includes the following changes: (#7429),0.9258200997725514,8
8741,Merged commit includes the following changes:,tombstone,e38d570e,Merged commit includes the following changes: (#7404),0.9258200997725514,8
8741,Merged commit includes the following changes:,tombstone,45b708d4,Merged commit includes the following changes: (#7398),0.9258200997725514,8
8741,Merged commit includes the following changes:,tombstone,8625efd8,Merged commit includes the following changes: (#7393),0.9258200997725514,8
8741,Merged commit includes the following changes:,tombstone,8384b05d,Merged commit includes the following changes: (#7385),0.9258200997725514,8
8741,Merged commit includes the following changes:,tombstone,6b586a91,Merged commit includes the following changes: (#7370),0.9258200997725514,8
8741,Merged commit includes the following changes:,tombstone,23c0017f,Merged commit includes the following changes: (#7368),0.9258200997725514,8
8741,Merged commit includes the following changes:,tombstone,1921a3b5,Merged commit includes the following changes: (#7365),0.9258200997725514,8
8741,Merged commit includes the following changes:,tombstone,13e7c85d,Merged commit includes the following changes: (#7358),0.9258200997725514,8
8741,Merged commit includes the following changes:,tombstone,aee49bbd,Merged commit includes the following changes: (#7357),0.9258200997725514,8
8741,Merged commit includes the following changes:,tombstone,dc4c5f1a,Merged commit includes the following changes: (#7354),0.9258200997725514,8
8741,Merged commit includes the following changes:,tombstone,c92a7e16,Merged commit includes the following changes: (#7347),0.9258200997725514,8
8741,Merged commit includes the following changes:,tombstone,1b089751,Merged commit includes the following changes: (#7346),0.9258200997725514,8
8741,Merged commit includes the following changes:,tombstone,443461cc,Merged commit includes the following changes: (#7325),0.9258200997725514,8
8741,Merged commit includes the following changes:,tombstone,aad41340,Merged commit includes the following changes: (#7324),0.9258200997725514,8
8741,Merged commit includes the following changes:,tombstone,d65af7d8,Merged commit includes the following changes: (#7323),0.9258200997725514,8
8741,Merged commit includes the following changes:,tombstone,803f833c,Merged commit includes the following changes: (#7322),0.9258200997725514,8
8741,Merged commit includes the following changes:,tombstone,8c7a0e75,Merged commit includes the following changes: (#7309),0.9258200997725514,8
8741,Merged commit includes the following changes:,tombstone,745a06a9,Merged commit includes the following changes: (#7307),0.9258200997725514,8
8741,Merged commit includes the following changes:,tombstone,53e3adb8,Merged commit includes the following changes: (#7301),0.9258200997725514,8
8741,Merged commit includes the following changes:,tombstone,3c5330d8,Merged commit includes the following changes: (#7298),0.9258200997725514,8
8741,Merged commit includes the following changes:,tombstone,ab8febd4,Merged commit includes the following changes: (#7289),0.9258200997725514,8
8741,Merged commit includes the following changes:,tombstone,64d6c094,Merged commit includes the following changes: (#7281),0.9258200997725514,8
8741,Merged commit includes the following changes:,tombstone,1fc839bc,Merged commit includes the following changes: (#7277),0.9258200997725514,8
8741,Merged commit includes the following changes:,tombstone,6f47c378,Merged commit includes the following changes: (#7264),0.9258200997725514,8
8741,Merged commit includes the following changes:,tombstone,c5a4978d,Merged commit includes the following changes: (#7263),0.9258200997725514,8
8741,Merged commit includes the following changes:,tombstone,32fadf00,Merged commit includes the following changes: (#7255),0.9258200997725514,8
8741,Merged commit includes the following changes:,tombstone,1fb34e76,Merged commit includes the following changes: (#7252),0.9258200997725514,8
8741,Merged commit includes the following changes:,tombstone,3b9025d5, Merged commit includes the following changes: (#7250),0.9258200997725514,9
8741,Merged commit includes the following changes:,tombstone,b7221961, Merged commit includes the following changes:  (#7249),0.9258200997725514,10
8741,Merged commit includes the following changes:,tombstone,e21dcdd0,Merged commit includes the following changes: (#7221),0.9258200997725514,8
8741,Merged commit includes the following changes:,tombstone,66d00a87,Merged commit includes the following changes: (#7220),0.9258200997725514,8
8741,Merged commit includes the following changes:,tombstone,dc8c6ce1,Merged commit includes the following changes: (#7209),0.9258200997725514,8
8741,Merged commit includes the following changes:,tombstone,13feba3c,Merged commit includes the following changes: (#7191),0.9258200997725514,8
8741,Merged commit includes the following changes:,tombstone,5175b7e6,Merged commit includes the following changes: (#7141),0.9258200997725514,8
8741,Merged commit includes the following changes:,tombstone,5afa9569,Merged commit includes the following changes: (#7119),0.9258200997725514,8
8741,Merged commit includes the following changes:,tombstone,76995053,Merged commit includes the following changes: (#7116),0.9258200997725514,8
8741,Merged commit includes the following changes:,tombstone,a156e203,Merged commit includes the following changes: (#7100),0.9258200997725514,8
8741,Merged commit includes the following changes:,tombstone,240623ac,Merged commit includes the following changes: (#7093),0.9258200997725514,8
8741,Merged commit includes the following changes:,tombstone,1636acc9,Merged commit includes the following changes: (#7068),0.9258200997725514,8
8741,Merged commit includes the following changes:,tombstone,e0e6d981,Merged commit includes the following changes: (#7060),0.9258200997725514,8
8741,Merged commit includes the following changes:,tombstone,a1c47f28,Merged commit includes the following changes: (#7049),0.9258200997725514,8
8741,Merged commit includes the following changes:,tombstone,dfcaed77,Merged commit includes the following changes: (#7039),0.9258200997725514,8
8741,Merged commit includes the following changes:,tombstone,3eb7cbbc,Merged commit includes the following changes: (#7013),0.9258200997725514,8
8741,Merged commit includes the following changes:,tombstone,ce03903f,Merged commit includes the following changes: (#6998),0.9258200997725514,8
8741,Merged commit includes the following changes:,tombstone,e7b4d364,Merged commit includes the following changes: (#6993),0.9258200997725514,8
8741,Merged commit includes the following changes:,tombstone,f2eb1701,Merged commit includes the following changes: (#6992),0.9258200997725514,8
8741,Merged commit includes the following changes:,tombstone,bc557d14,Merged commit includes the following changes: (#6969),0.9258200997725514,8
8741,Merged commit includes the following changes:,tombstone,51289259,Merged commit includes the following changes: (#6963),0.9258200997725514,8
8741,Merged commit includes the following changes:,tombstone,fbdbe12b,Merged commit includes the following changes: (#6952),0.9258200997725514,8
8741,Merged commit includes the following changes:,tombstone,9bbf8015,Merged commit includes the following changes: (#6932),0.9258200997725514,8
8741,Merged commit includes the following changes:,tombstone,f42fddee,Merged commit includes the following changes: (#6931),0.9258200997725514,8
8741,Merged commit includes the following changes:,tombstone,15db2195,Merged commit includes the following changes: (#6926),0.9258200997725514,8
8741,Merged commit includes the following changes:,tombstone,d76e39e7,Merged commit includes the following changes: (#6921),0.9258200997725514,8
8741,Merged commit includes the following changes:,tombstone,7af3bd91,Merged commit includes the following changes: (#6898),0.9258200997725514,8
8741,Merged commit includes the following changes:,tombstone,6fc642d4,Merged commit includes the following changes: (#6885),0.9258200997725514,8
8741,Merged commit includes the following changes:,tombstone,fa10031d,Merged commit includes the following changes: (#6880),0.9258200997725514,8
8741,Merged commit includes the following changes:,tombstone,7f9db598,Merged commit includes the following changes: (#6879),0.9258200997725514,8
8741,Merged commit includes the following changes:,tombstone,f06b5716,Merged commit includes the following changes: (#6863),0.9258200997725514,8
8741,Merged commit includes the following changes:,tombstone,85bdf764,Merged commit includes the following changes: (#6856),0.9258200997725514,8
8741,Merged commit includes the following changes:,tombstone,30d14a96,Merged commit includes the following changes: (#6847),0.9258200997725514,8
8741,Merged commit includes the following changes:,tombstone,58856e2b,Merged commit includes the following changes: (#6726),0.9258200997725514,8
8741,Merged commit includes the following changes:,tombstone,47d6c66e,Merged commit includes the following changes: (#6407),0.9258200997725514,8
8741,Merged commit includes the following changes:,tombstone,05584085,Merged commit includes the following changes: (#6315),0.9258200997725514,8
8741,Merged commit includes the following changes:,tombstone,dcf52aab,Merged commit includes the following changes: (#6062),0.9258200997725514,8
8741,Merged commit includes the following changes:,tombstone,a1337e01,Merged commit includes the following changes: 223075771  by lzc:,0.8164965809277261,19
8741,Merged commit includes the following changes:,tombstone,2c680af3,Merged commit includes the following changes: 223150784  by Sergio Guadarrama:,0.7745966692414834,33
8741,Merged commit includes the following changes:,tombstone,85dd5fa4,Merged commit includes the following changes: 204489224  by Zhichao Lu:,0.7745966692414834,26
8741,Merged commit includes the following changes:,tombstone,9fce9c64,Merged commit includes the following changes: 199348852  by Zhichao Lu:,0.7745966692414834,26
8741,Merged commit includes the following changes:,tombstone,324d6dc3,Merged commit includes the following changes: 196161788  by Zhichao Lu:,0.7745966692414834,26
8741,Merged commit includes the following changes:,tombstone,63054210,Merged commit includes the following changes: 195269567  by Zhichao Lu:,0.7745966692414834,26
8741,Merged commit includes the following changes:,tombstone,6b72b5cd,Merged commit includes the following changes: 191649512  by Zhichao Lu:,0.7745966692414834,26
8741,Merged commit includes the following changes:,tombstone,78d5f8f8,Merged commit includes the following changes: 187187978  by Zhichao Lu:,0.7745966692414834,26
8741,Merged commit includes the following changes:,tombstone,1efe98bb,Merged commit includes the following changes: 185215255  by Zhichao Lu:,0.7745966692414834,26
8741,Merged commit includes the following changes:,tombstone,7a9934df,Merged commit includes the following changes: 184048729  by Zhichao Lu:,0.7745966692414834,26
8740,Merged commit includes the following changes:,tombstone,b8172302,Merged commit includes the following changes: (#8834),0.9258200997725514,8
8740,Merged commit includes the following changes:,tombstone,b06f0c6b,Merged commit includes the following changes: (#8832),0.9258200997725514,8
8740,Merged commit includes the following changes:,tombstone,5245161c,Merged commit includes the following changes: (#8830),0.9258200997725514,8
8740,Merged commit includes the following changes:,tombstone,c9eb3554,Merged commit includes the following changes: (#8829),0.9258200997725514,8
8740,Merged commit includes the following changes:,tombstone,0ad4922f,Merged commit includes the following changes: (#8809),0.9258200997725514,8
8740,Merged commit includes the following changes:,tombstone,52bb4ab1,Merged commit includes the following changes: (#8803),0.9258200997725514,8
8740,Merged commit includes the following changes:,tombstone,36e786dc,Merged commit includes the following changes: (#8779),0.9258200997725514,8
8740,Merged commit includes the following changes:,tombstone,e6017471,Merged commit includes the following changes: (#8761),0.9258200997725514,8
8740,Merged commit includes the following changes:,tombstone,0e57630c,Merged commit includes the following changes: (#8755),0.9258200997725514,8
8740,Merged commit includes the following changes:,tombstone,df89d3e0,Merged commit includes the following changes: (#8753),0.9258200997725514,8
8740,Merged commit includes the following changes:,tombstone,68d983b9,Merged commit includes the following changes: (#8742),0.9258200997725514,8
8740,Merged commit includes the following changes:,tombstone,6ef140dc,Merged commit includes the following changes: (#8741),0.9258200997725514,8
8740,Merged commit includes the following changes:,tombstone,a555f1b0,Merged commit includes the following changes: (#8740),0.9258200997725514,8
8740,Merged commit includes the following changes:,tombstone,0f0c7745,Merged commit includes the following changes: (#8739),0.9258200997725514,8
8740,Merged commit includes the following changes:,tombstone,e0dade52,Merged commit includes the following changes: (#8728),0.9258200997725514,8
8740,Merged commit includes the following changes:,tombstone,4a0b3e4b,Merged commit includes the following changes: (#8235),0.9258200997725514,8
8740,Merged commit includes the following changes:,tombstone,d4eedbb9,Merged commit includes the following changes: (#8077),0.9258200997725514,8
8740,Merged commit includes the following changes:,tombstone,b968a6ce,Merged commit includes the following changes: (#7800),0.9258200997725514,8
8740,Merged commit includes the following changes:,tombstone,377c5285,Merged commit includes the following changes: (#7798),0.9258200997725514,8
8740,Merged commit includes the following changes:,tombstone,ba87e2c6,Merged commit includes the following changes: (#7797),0.9258200997725514,8
8740,Merged commit includes the following changes:,tombstone,6766e6dd,Merged commit includes the following changes: (#7690),0.9258200997725514,8
8740,Merged commit includes the following changes:,tombstone,886d7bc9,Merged commit includes the following changes: (#7470),0.9258200997725514,8
8740,Merged commit includes the following changes:,tombstone,e36934b3,Merged commit includes the following changes: (#7431),0.9258200997725514,8
8740,Merged commit includes the following changes:,tombstone,03b4a0af,Merged commit includes the following changes: (#7430),0.9258200997725514,8
8740,Merged commit includes the following changes:,tombstone,3a14837d,Merged commit includes the following changes: (#7429),0.9258200997725514,8
8740,Merged commit includes the following changes:,tombstone,e38d570e,Merged commit includes the following changes: (#7404),0.9258200997725514,8
8740,Merged commit includes the following changes:,tombstone,45b708d4,Merged commit includes the following changes: (#7398),0.9258200997725514,8
8740,Merged commit includes the following changes:,tombstone,8625efd8,Merged commit includes the following changes: (#7393),0.9258200997725514,8
8740,Merged commit includes the following changes:,tombstone,8384b05d,Merged commit includes the following changes: (#7385),0.9258200997725514,8
8740,Merged commit includes the following changes:,tombstone,6b586a91,Merged commit includes the following changes: (#7370),0.9258200997725514,8
8740,Merged commit includes the following changes:,tombstone,23c0017f,Merged commit includes the following changes: (#7368),0.9258200997725514,8
8740,Merged commit includes the following changes:,tombstone,1921a3b5,Merged commit includes the following changes: (#7365),0.9258200997725514,8
8740,Merged commit includes the following changes:,tombstone,13e7c85d,Merged commit includes the following changes: (#7358),0.9258200997725514,8
8740,Merged commit includes the following changes:,tombstone,aee49bbd,Merged commit includes the following changes: (#7357),0.9258200997725514,8
8740,Merged commit includes the following changes:,tombstone,dc4c5f1a,Merged commit includes the following changes: (#7354),0.9258200997725514,8
8740,Merged commit includes the following changes:,tombstone,c92a7e16,Merged commit includes the following changes: (#7347),0.9258200997725514,8
8740,Merged commit includes the following changes:,tombstone,1b089751,Merged commit includes the following changes: (#7346),0.9258200997725514,8
8740,Merged commit includes the following changes:,tombstone,443461cc,Merged commit includes the following changes: (#7325),0.9258200997725514,8
8740,Merged commit includes the following changes:,tombstone,aad41340,Merged commit includes the following changes: (#7324),0.9258200997725514,8
8740,Merged commit includes the following changes:,tombstone,d65af7d8,Merged commit includes the following changes: (#7323),0.9258200997725514,8
8740,Merged commit includes the following changes:,tombstone,803f833c,Merged commit includes the following changes: (#7322),0.9258200997725514,8
8740,Merged commit includes the following changes:,tombstone,8c7a0e75,Merged commit includes the following changes: (#7309),0.9258200997725514,8
8740,Merged commit includes the following changes:,tombstone,745a06a9,Merged commit includes the following changes: (#7307),0.9258200997725514,8
8740,Merged commit includes the following changes:,tombstone,53e3adb8,Merged commit includes the following changes: (#7301),0.9258200997725514,8
8740,Merged commit includes the following changes:,tombstone,3c5330d8,Merged commit includes the following changes: (#7298),0.9258200997725514,8
8740,Merged commit includes the following changes:,tombstone,ab8febd4,Merged commit includes the following changes: (#7289),0.9258200997725514,8
8740,Merged commit includes the following changes:,tombstone,64d6c094,Merged commit includes the following changes: (#7281),0.9258200997725514,8
8740,Merged commit includes the following changes:,tombstone,1fc839bc,Merged commit includes the following changes: (#7277),0.9258200997725514,8
8740,Merged commit includes the following changes:,tombstone,6f47c378,Merged commit includes the following changes: (#7264),0.9258200997725514,8
8740,Merged commit includes the following changes:,tombstone,c5a4978d,Merged commit includes the following changes: (#7263),0.9258200997725514,8
8740,Merged commit includes the following changes:,tombstone,32fadf00,Merged commit includes the following changes: (#7255),0.9258200997725514,8
8740,Merged commit includes the following changes:,tombstone,1fb34e76,Merged commit includes the following changes: (#7252),0.9258200997725514,8
8740,Merged commit includes the following changes:,tombstone,3b9025d5, Merged commit includes the following changes: (#7250),0.9258200997725514,9
8740,Merged commit includes the following changes:,tombstone,b7221961, Merged commit includes the following changes:  (#7249),0.9258200997725514,10
8740,Merged commit includes the following changes:,tombstone,e21dcdd0,Merged commit includes the following changes: (#7221),0.9258200997725514,8
8740,Merged commit includes the following changes:,tombstone,66d00a87,Merged commit includes the following changes: (#7220),0.9258200997725514,8
8740,Merged commit includes the following changes:,tombstone,dc8c6ce1,Merged commit includes the following changes: (#7209),0.9258200997725514,8
8740,Merged commit includes the following changes:,tombstone,13feba3c,Merged commit includes the following changes: (#7191),0.9258200997725514,8
8740,Merged commit includes the following changes:,tombstone,5175b7e6,Merged commit includes the following changes: (#7141),0.9258200997725514,8
8740,Merged commit includes the following changes:,tombstone,5afa9569,Merged commit includes the following changes: (#7119),0.9258200997725514,8
8740,Merged commit includes the following changes:,tombstone,76995053,Merged commit includes the following changes: (#7116),0.9258200997725514,8
8740,Merged commit includes the following changes:,tombstone,a156e203,Merged commit includes the following changes: (#7100),0.9258200997725514,8
8740,Merged commit includes the following changes:,tombstone,240623ac,Merged commit includes the following changes: (#7093),0.9258200997725514,8
8740,Merged commit includes the following changes:,tombstone,1636acc9,Merged commit includes the following changes: (#7068),0.9258200997725514,8
8740,Merged commit includes the following changes:,tombstone,e0e6d981,Merged commit includes the following changes: (#7060),0.9258200997725514,8
8740,Merged commit includes the following changes:,tombstone,a1c47f28,Merged commit includes the following changes: (#7049),0.9258200997725514,8
8740,Merged commit includes the following changes:,tombstone,dfcaed77,Merged commit includes the following changes: (#7039),0.9258200997725514,8
8740,Merged commit includes the following changes:,tombstone,3eb7cbbc,Merged commit includes the following changes: (#7013),0.9258200997725514,8
8740,Merged commit includes the following changes:,tombstone,ce03903f,Merged commit includes the following changes: (#6998),0.9258200997725514,8
8740,Merged commit includes the following changes:,tombstone,e7b4d364,Merged commit includes the following changes: (#6993),0.9258200997725514,8
8740,Merged commit includes the following changes:,tombstone,f2eb1701,Merged commit includes the following changes: (#6992),0.9258200997725514,8
8740,Merged commit includes the following changes:,tombstone,bc557d14,Merged commit includes the following changes: (#6969),0.9258200997725514,8
8740,Merged commit includes the following changes:,tombstone,51289259,Merged commit includes the following changes: (#6963),0.9258200997725514,8
8740,Merged commit includes the following changes:,tombstone,fbdbe12b,Merged commit includes the following changes: (#6952),0.9258200997725514,8
8740,Merged commit includes the following changes:,tombstone,9bbf8015,Merged commit includes the following changes: (#6932),0.9258200997725514,8
8740,Merged commit includes the following changes:,tombstone,f42fddee,Merged commit includes the following changes: (#6931),0.9258200997725514,8
8740,Merged commit includes the following changes:,tombstone,15db2195,Merged commit includes the following changes: (#6926),0.9258200997725514,8
8740,Merged commit includes the following changes:,tombstone,d76e39e7,Merged commit includes the following changes: (#6921),0.9258200997725514,8
8740,Merged commit includes the following changes:,tombstone,7af3bd91,Merged commit includes the following changes: (#6898),0.9258200997725514,8
8740,Merged commit includes the following changes:,tombstone,6fc642d4,Merged commit includes the following changes: (#6885),0.9258200997725514,8
8740,Merged commit includes the following changes:,tombstone,fa10031d,Merged commit includes the following changes: (#6880),0.9258200997725514,8
8740,Merged commit includes the following changes:,tombstone,7f9db598,Merged commit includes the following changes: (#6879),0.9258200997725514,8
8740,Merged commit includes the following changes:,tombstone,f06b5716,Merged commit includes the following changes: (#6863),0.9258200997725514,8
8740,Merged commit includes the following changes:,tombstone,85bdf764,Merged commit includes the following changes: (#6856),0.9258200997725514,8
8740,Merged commit includes the following changes:,tombstone,30d14a96,Merged commit includes the following changes: (#6847),0.9258200997725514,8
8740,Merged commit includes the following changes:,tombstone,58856e2b,Merged commit includes the following changes: (#6726),0.9258200997725514,8
8740,Merged commit includes the following changes:,tombstone,47d6c66e,Merged commit includes the following changes: (#6407),0.9258200997725514,8
8740,Merged commit includes the following changes:,tombstone,05584085,Merged commit includes the following changes: (#6315),0.9258200997725514,8
8740,Merged commit includes the following changes:,tombstone,dcf52aab,Merged commit includes the following changes: (#6062),0.9258200997725514,8
8740,Merged commit includes the following changes:,tombstone,a1337e01,Merged commit includes the following changes: 223075771  by lzc:,0.8164965809277261,19
8740,Merged commit includes the following changes:,tombstone,2c680af3,Merged commit includes the following changes: 223150784  by Sergio Guadarrama:,0.7745966692414834,33
8740,Merged commit includes the following changes:,tombstone,85dd5fa4,Merged commit includes the following changes: 204489224  by Zhichao Lu:,0.7745966692414834,26
8740,Merged commit includes the following changes:,tombstone,9fce9c64,Merged commit includes the following changes: 199348852  by Zhichao Lu:,0.7745966692414834,26
8740,Merged commit includes the following changes:,tombstone,324d6dc3,Merged commit includes the following changes: 196161788  by Zhichao Lu:,0.7745966692414834,26
8740,Merged commit includes the following changes:,tombstone,63054210,Merged commit includes the following changes: 195269567  by Zhichao Lu:,0.7745966692414834,26
8740,Merged commit includes the following changes:,tombstone,6b72b5cd,Merged commit includes the following changes: 191649512  by Zhichao Lu:,0.7745966692414834,26
8740,Merged commit includes the following changes:,tombstone,78d5f8f8,Merged commit includes the following changes: 187187978  by Zhichao Lu:,0.7745966692414834,26
8740,Merged commit includes the following changes:,tombstone,1efe98bb,Merged commit includes the following changes: 185215255  by Zhichao Lu:,0.7745966692414834,26
8740,Merged commit includes the following changes:,tombstone,7a9934df,Merged commit includes the following changes: 184048729  by Zhichao Lu:,0.7745966692414834,26
8739,Merged commit includes the following changes:,tombstone,b8172302,Merged commit includes the following changes: (#8834),0.9258200997725514,8
8739,Merged commit includes the following changes:,tombstone,b06f0c6b,Merged commit includes the following changes: (#8832),0.9258200997725514,8
8739,Merged commit includes the following changes:,tombstone,5245161c,Merged commit includes the following changes: (#8830),0.9258200997725514,8
8739,Merged commit includes the following changes:,tombstone,c9eb3554,Merged commit includes the following changes: (#8829),0.9258200997725514,8
8739,Merged commit includes the following changes:,tombstone,0ad4922f,Merged commit includes the following changes: (#8809),0.9258200997725514,8
8739,Merged commit includes the following changes:,tombstone,52bb4ab1,Merged commit includes the following changes: (#8803),0.9258200997725514,8
8739,Merged commit includes the following changes:,tombstone,36e786dc,Merged commit includes the following changes: (#8779),0.9258200997725514,8
8739,Merged commit includes the following changes:,tombstone,e6017471,Merged commit includes the following changes: (#8761),0.9258200997725514,8
8739,Merged commit includes the following changes:,tombstone,0e57630c,Merged commit includes the following changes: (#8755),0.9258200997725514,8
8739,Merged commit includes the following changes:,tombstone,df89d3e0,Merged commit includes the following changes: (#8753),0.9258200997725514,8
8739,Merged commit includes the following changes:,tombstone,68d983b9,Merged commit includes the following changes: (#8742),0.9258200997725514,8
8739,Merged commit includes the following changes:,tombstone,6ef140dc,Merged commit includes the following changes: (#8741),0.9258200997725514,8
8739,Merged commit includes the following changes:,tombstone,a555f1b0,Merged commit includes the following changes: (#8740),0.9258200997725514,8
8739,Merged commit includes the following changes:,tombstone,0f0c7745,Merged commit includes the following changes: (#8739),0.9258200997725514,8
8739,Merged commit includes the following changes:,tombstone,e0dade52,Merged commit includes the following changes: (#8728),0.9258200997725514,8
8739,Merged commit includes the following changes:,tombstone,4a0b3e4b,Merged commit includes the following changes: (#8235),0.9258200997725514,8
8739,Merged commit includes the following changes:,tombstone,d4eedbb9,Merged commit includes the following changes: (#8077),0.9258200997725514,8
8739,Merged commit includes the following changes:,tombstone,b968a6ce,Merged commit includes the following changes: (#7800),0.9258200997725514,8
8739,Merged commit includes the following changes:,tombstone,377c5285,Merged commit includes the following changes: (#7798),0.9258200997725514,8
8739,Merged commit includes the following changes:,tombstone,ba87e2c6,Merged commit includes the following changes: (#7797),0.9258200997725514,8
8739,Merged commit includes the following changes:,tombstone,6766e6dd,Merged commit includes the following changes: (#7690),0.9258200997725514,8
8739,Merged commit includes the following changes:,tombstone,886d7bc9,Merged commit includes the following changes: (#7470),0.9258200997725514,8
8739,Merged commit includes the following changes:,tombstone,e36934b3,Merged commit includes the following changes: (#7431),0.9258200997725514,8
8739,Merged commit includes the following changes:,tombstone,03b4a0af,Merged commit includes the following changes: (#7430),0.9258200997725514,8
8739,Merged commit includes the following changes:,tombstone,3a14837d,Merged commit includes the following changes: (#7429),0.9258200997725514,8
8739,Merged commit includes the following changes:,tombstone,e38d570e,Merged commit includes the following changes: (#7404),0.9258200997725514,8
8739,Merged commit includes the following changes:,tombstone,45b708d4,Merged commit includes the following changes: (#7398),0.9258200997725514,8
8739,Merged commit includes the following changes:,tombstone,8625efd8,Merged commit includes the following changes: (#7393),0.9258200997725514,8
8739,Merged commit includes the following changes:,tombstone,8384b05d,Merged commit includes the following changes: (#7385),0.9258200997725514,8
8739,Merged commit includes the following changes:,tombstone,6b586a91,Merged commit includes the following changes: (#7370),0.9258200997725514,8
8739,Merged commit includes the following changes:,tombstone,23c0017f,Merged commit includes the following changes: (#7368),0.9258200997725514,8
8739,Merged commit includes the following changes:,tombstone,1921a3b5,Merged commit includes the following changes: (#7365),0.9258200997725514,8
8739,Merged commit includes the following changes:,tombstone,13e7c85d,Merged commit includes the following changes: (#7358),0.9258200997725514,8
8739,Merged commit includes the following changes:,tombstone,aee49bbd,Merged commit includes the following changes: (#7357),0.9258200997725514,8
8739,Merged commit includes the following changes:,tombstone,dc4c5f1a,Merged commit includes the following changes: (#7354),0.9258200997725514,8
8739,Merged commit includes the following changes:,tombstone,c92a7e16,Merged commit includes the following changes: (#7347),0.9258200997725514,8
8739,Merged commit includes the following changes:,tombstone,1b089751,Merged commit includes the following changes: (#7346),0.9258200997725514,8
8739,Merged commit includes the following changes:,tombstone,443461cc,Merged commit includes the following changes: (#7325),0.9258200997725514,8
8739,Merged commit includes the following changes:,tombstone,aad41340,Merged commit includes the following changes: (#7324),0.9258200997725514,8
8739,Merged commit includes the following changes:,tombstone,d65af7d8,Merged commit includes the following changes: (#7323),0.9258200997725514,8
8739,Merged commit includes the following changes:,tombstone,803f833c,Merged commit includes the following changes: (#7322),0.9258200997725514,8
8739,Merged commit includes the following changes:,tombstone,8c7a0e75,Merged commit includes the following changes: (#7309),0.9258200997725514,8
8739,Merged commit includes the following changes:,tombstone,745a06a9,Merged commit includes the following changes: (#7307),0.9258200997725514,8
8739,Merged commit includes the following changes:,tombstone,53e3adb8,Merged commit includes the following changes: (#7301),0.9258200997725514,8
8739,Merged commit includes the following changes:,tombstone,3c5330d8,Merged commit includes the following changes: (#7298),0.9258200997725514,8
8739,Merged commit includes the following changes:,tombstone,ab8febd4,Merged commit includes the following changes: (#7289),0.9258200997725514,8
8739,Merged commit includes the following changes:,tombstone,64d6c094,Merged commit includes the following changes: (#7281),0.9258200997725514,8
8739,Merged commit includes the following changes:,tombstone,1fc839bc,Merged commit includes the following changes: (#7277),0.9258200997725514,8
8739,Merged commit includes the following changes:,tombstone,6f47c378,Merged commit includes the following changes: (#7264),0.9258200997725514,8
8739,Merged commit includes the following changes:,tombstone,c5a4978d,Merged commit includes the following changes: (#7263),0.9258200997725514,8
8739,Merged commit includes the following changes:,tombstone,32fadf00,Merged commit includes the following changes: (#7255),0.9258200997725514,8
8739,Merged commit includes the following changes:,tombstone,1fb34e76,Merged commit includes the following changes: (#7252),0.9258200997725514,8
8739,Merged commit includes the following changes:,tombstone,3b9025d5, Merged commit includes the following changes: (#7250),0.9258200997725514,9
8739,Merged commit includes the following changes:,tombstone,b7221961, Merged commit includes the following changes:  (#7249),0.9258200997725514,10
8739,Merged commit includes the following changes:,tombstone,e21dcdd0,Merged commit includes the following changes: (#7221),0.9258200997725514,8
8739,Merged commit includes the following changes:,tombstone,66d00a87,Merged commit includes the following changes: (#7220),0.9258200997725514,8
8739,Merged commit includes the following changes:,tombstone,dc8c6ce1,Merged commit includes the following changes: (#7209),0.9258200997725514,8
8739,Merged commit includes the following changes:,tombstone,13feba3c,Merged commit includes the following changes: (#7191),0.9258200997725514,8
8739,Merged commit includes the following changes:,tombstone,5175b7e6,Merged commit includes the following changes: (#7141),0.9258200997725514,8
8739,Merged commit includes the following changes:,tombstone,5afa9569,Merged commit includes the following changes: (#7119),0.9258200997725514,8
8739,Merged commit includes the following changes:,tombstone,76995053,Merged commit includes the following changes: (#7116),0.9258200997725514,8
8739,Merged commit includes the following changes:,tombstone,a156e203,Merged commit includes the following changes: (#7100),0.9258200997725514,8
8739,Merged commit includes the following changes:,tombstone,240623ac,Merged commit includes the following changes: (#7093),0.9258200997725514,8
8739,Merged commit includes the following changes:,tombstone,1636acc9,Merged commit includes the following changes: (#7068),0.9258200997725514,8
8739,Merged commit includes the following changes:,tombstone,e0e6d981,Merged commit includes the following changes: (#7060),0.9258200997725514,8
8739,Merged commit includes the following changes:,tombstone,a1c47f28,Merged commit includes the following changes: (#7049),0.9258200997725514,8
8739,Merged commit includes the following changes:,tombstone,dfcaed77,Merged commit includes the following changes: (#7039),0.9258200997725514,8
8739,Merged commit includes the following changes:,tombstone,3eb7cbbc,Merged commit includes the following changes: (#7013),0.9258200997725514,8
8739,Merged commit includes the following changes:,tombstone,ce03903f,Merged commit includes the following changes: (#6998),0.9258200997725514,8
8739,Merged commit includes the following changes:,tombstone,e7b4d364,Merged commit includes the following changes: (#6993),0.9258200997725514,8
8739,Merged commit includes the following changes:,tombstone,f2eb1701,Merged commit includes the following changes: (#6992),0.9258200997725514,8
8739,Merged commit includes the following changes:,tombstone,bc557d14,Merged commit includes the following changes: (#6969),0.9258200997725514,8
8739,Merged commit includes the following changes:,tombstone,51289259,Merged commit includes the following changes: (#6963),0.9258200997725514,8
8739,Merged commit includes the following changes:,tombstone,fbdbe12b,Merged commit includes the following changes: (#6952),0.9258200997725514,8
8739,Merged commit includes the following changes:,tombstone,9bbf8015,Merged commit includes the following changes: (#6932),0.9258200997725514,8
8739,Merged commit includes the following changes:,tombstone,f42fddee,Merged commit includes the following changes: (#6931),0.9258200997725514,8
8739,Merged commit includes the following changes:,tombstone,15db2195,Merged commit includes the following changes: (#6926),0.9258200997725514,8
8739,Merged commit includes the following changes:,tombstone,d76e39e7,Merged commit includes the following changes: (#6921),0.9258200997725514,8
8739,Merged commit includes the following changes:,tombstone,7af3bd91,Merged commit includes the following changes: (#6898),0.9258200997725514,8
8739,Merged commit includes the following changes:,tombstone,6fc642d4,Merged commit includes the following changes: (#6885),0.9258200997725514,8
8739,Merged commit includes the following changes:,tombstone,fa10031d,Merged commit includes the following changes: (#6880),0.9258200997725514,8
8739,Merged commit includes the following changes:,tombstone,7f9db598,Merged commit includes the following changes: (#6879),0.9258200997725514,8
8739,Merged commit includes the following changes:,tombstone,f06b5716,Merged commit includes the following changes: (#6863),0.9258200997725514,8
8739,Merged commit includes the following changes:,tombstone,85bdf764,Merged commit includes the following changes: (#6856),0.9258200997725514,8
8739,Merged commit includes the following changes:,tombstone,30d14a96,Merged commit includes the following changes: (#6847),0.9258200997725514,8
8739,Merged commit includes the following changes:,tombstone,58856e2b,Merged commit includes the following changes: (#6726),0.9258200997725514,8
8739,Merged commit includes the following changes:,tombstone,47d6c66e,Merged commit includes the following changes: (#6407),0.9258200997725514,8
8739,Merged commit includes the following changes:,tombstone,05584085,Merged commit includes the following changes: (#6315),0.9258200997725514,8
8739,Merged commit includes the following changes:,tombstone,dcf52aab,Merged commit includes the following changes: (#6062),0.9258200997725514,8
8739,Merged commit includes the following changes:,tombstone,a1337e01,Merged commit includes the following changes: 223075771  by lzc:,0.8164965809277261,19
8739,Merged commit includes the following changes:,tombstone,2c680af3,Merged commit includes the following changes: 223150784  by Sergio Guadarrama:,0.7745966692414834,33
8739,Merged commit includes the following changes:,tombstone,85dd5fa4,Merged commit includes the following changes: 204489224  by Zhichao Lu:,0.7745966692414834,26
8739,Merged commit includes the following changes:,tombstone,9fce9c64,Merged commit includes the following changes: 199348852  by Zhichao Lu:,0.7745966692414834,26
8739,Merged commit includes the following changes:,tombstone,324d6dc3,Merged commit includes the following changes: 196161788  by Zhichao Lu:,0.7745966692414834,26
8739,Merged commit includes the following changes:,tombstone,63054210,Merged commit includes the following changes: 195269567  by Zhichao Lu:,0.7745966692414834,26
8739,Merged commit includes the following changes:,tombstone,6b72b5cd,Merged commit includes the following changes: 191649512  by Zhichao Lu:,0.7745966692414834,26
8739,Merged commit includes the following changes:,tombstone,78d5f8f8,Merged commit includes the following changes: 187187978  by Zhichao Lu:,0.7745966692414834,26
8739,Merged commit includes the following changes:,tombstone,1efe98bb,Merged commit includes the following changes: 185215255  by Zhichao Lu:,0.7745966692414834,26
8739,Merged commit includes the following changes:,tombstone,7a9934df,Merged commit includes the following changes: 184048729  by Zhichao Lu:,0.7745966692414834,26
8728,Merged commit includes the following changes:,tombstone,b8172302,Merged commit includes the following changes: (#8834),0.9258200997725514,8
8728,Merged commit includes the following changes:,tombstone,b06f0c6b,Merged commit includes the following changes: (#8832),0.9258200997725514,8
8728,Merged commit includes the following changes:,tombstone,5245161c,Merged commit includes the following changes: (#8830),0.9258200997725514,8
8728,Merged commit includes the following changes:,tombstone,c9eb3554,Merged commit includes the following changes: (#8829),0.9258200997725514,8
8728,Merged commit includes the following changes:,tombstone,0ad4922f,Merged commit includes the following changes: (#8809),0.9258200997725514,8
8728,Merged commit includes the following changes:,tombstone,52bb4ab1,Merged commit includes the following changes: (#8803),0.9258200997725514,8
8728,Merged commit includes the following changes:,tombstone,36e786dc,Merged commit includes the following changes: (#8779),0.9258200997725514,8
8728,Merged commit includes the following changes:,tombstone,e6017471,Merged commit includes the following changes: (#8761),0.9258200997725514,8
8728,Merged commit includes the following changes:,tombstone,0e57630c,Merged commit includes the following changes: (#8755),0.9258200997725514,8
8728,Merged commit includes the following changes:,tombstone,df89d3e0,Merged commit includes the following changes: (#8753),0.9258200997725514,8
8728,Merged commit includes the following changes:,tombstone,68d983b9,Merged commit includes the following changes: (#8742),0.9258200997725514,8
8728,Merged commit includes the following changes:,tombstone,6ef140dc,Merged commit includes the following changes: (#8741),0.9258200997725514,8
8728,Merged commit includes the following changes:,tombstone,a555f1b0,Merged commit includes the following changes: (#8740),0.9258200997725514,8
8728,Merged commit includes the following changes:,tombstone,0f0c7745,Merged commit includes the following changes: (#8739),0.9258200997725514,8
8728,Merged commit includes the following changes:,tombstone,e0dade52,Merged commit includes the following changes: (#8728),0.9258200997725514,8
8728,Merged commit includes the following changes:,tombstone,4a0b3e4b,Merged commit includes the following changes: (#8235),0.9258200997725514,8
8728,Merged commit includes the following changes:,tombstone,d4eedbb9,Merged commit includes the following changes: (#8077),0.9258200997725514,8
8728,Merged commit includes the following changes:,tombstone,b968a6ce,Merged commit includes the following changes: (#7800),0.9258200997725514,8
8728,Merged commit includes the following changes:,tombstone,377c5285,Merged commit includes the following changes: (#7798),0.9258200997725514,8
8728,Merged commit includes the following changes:,tombstone,ba87e2c6,Merged commit includes the following changes: (#7797),0.9258200997725514,8
8728,Merged commit includes the following changes:,tombstone,6766e6dd,Merged commit includes the following changes: (#7690),0.9258200997725514,8
8728,Merged commit includes the following changes:,tombstone,886d7bc9,Merged commit includes the following changes: (#7470),0.9258200997725514,8
8728,Merged commit includes the following changes:,tombstone,e36934b3,Merged commit includes the following changes: (#7431),0.9258200997725514,8
8728,Merged commit includes the following changes:,tombstone,03b4a0af,Merged commit includes the following changes: (#7430),0.9258200997725514,8
8728,Merged commit includes the following changes:,tombstone,3a14837d,Merged commit includes the following changes: (#7429),0.9258200997725514,8
8728,Merged commit includes the following changes:,tombstone,e38d570e,Merged commit includes the following changes: (#7404),0.9258200997725514,8
8728,Merged commit includes the following changes:,tombstone,45b708d4,Merged commit includes the following changes: (#7398),0.9258200997725514,8
8728,Merged commit includes the following changes:,tombstone,8625efd8,Merged commit includes the following changes: (#7393),0.9258200997725514,8
8728,Merged commit includes the following changes:,tombstone,8384b05d,Merged commit includes the following changes: (#7385),0.9258200997725514,8
8728,Merged commit includes the following changes:,tombstone,6b586a91,Merged commit includes the following changes: (#7370),0.9258200997725514,8
8728,Merged commit includes the following changes:,tombstone,23c0017f,Merged commit includes the following changes: (#7368),0.9258200997725514,8
8728,Merged commit includes the following changes:,tombstone,1921a3b5,Merged commit includes the following changes: (#7365),0.9258200997725514,8
8728,Merged commit includes the following changes:,tombstone,13e7c85d,Merged commit includes the following changes: (#7358),0.9258200997725514,8
8728,Merged commit includes the following changes:,tombstone,aee49bbd,Merged commit includes the following changes: (#7357),0.9258200997725514,8
8728,Merged commit includes the following changes:,tombstone,dc4c5f1a,Merged commit includes the following changes: (#7354),0.9258200997725514,8
8728,Merged commit includes the following changes:,tombstone,c92a7e16,Merged commit includes the following changes: (#7347),0.9258200997725514,8
8728,Merged commit includes the following changes:,tombstone,1b089751,Merged commit includes the following changes: (#7346),0.9258200997725514,8
8728,Merged commit includes the following changes:,tombstone,443461cc,Merged commit includes the following changes: (#7325),0.9258200997725514,8
8728,Merged commit includes the following changes:,tombstone,aad41340,Merged commit includes the following changes: (#7324),0.9258200997725514,8
8728,Merged commit includes the following changes:,tombstone,d65af7d8,Merged commit includes the following changes: (#7323),0.9258200997725514,8
8728,Merged commit includes the following changes:,tombstone,803f833c,Merged commit includes the following changes: (#7322),0.9258200997725514,8
8728,Merged commit includes the following changes:,tombstone,8c7a0e75,Merged commit includes the following changes: (#7309),0.9258200997725514,8
8728,Merged commit includes the following changes:,tombstone,745a06a9,Merged commit includes the following changes: (#7307),0.9258200997725514,8
8728,Merged commit includes the following changes:,tombstone,53e3adb8,Merged commit includes the following changes: (#7301),0.9258200997725514,8
8728,Merged commit includes the following changes:,tombstone,3c5330d8,Merged commit includes the following changes: (#7298),0.9258200997725514,8
8728,Merged commit includes the following changes:,tombstone,ab8febd4,Merged commit includes the following changes: (#7289),0.9258200997725514,8
8728,Merged commit includes the following changes:,tombstone,64d6c094,Merged commit includes the following changes: (#7281),0.9258200997725514,8
8728,Merged commit includes the following changes:,tombstone,1fc839bc,Merged commit includes the following changes: (#7277),0.9258200997725514,8
8728,Merged commit includes the following changes:,tombstone,6f47c378,Merged commit includes the following changes: (#7264),0.9258200997725514,8
8728,Merged commit includes the following changes:,tombstone,c5a4978d,Merged commit includes the following changes: (#7263),0.9258200997725514,8
8728,Merged commit includes the following changes:,tombstone,32fadf00,Merged commit includes the following changes: (#7255),0.9258200997725514,8
8728,Merged commit includes the following changes:,tombstone,1fb34e76,Merged commit includes the following changes: (#7252),0.9258200997725514,8
8728,Merged commit includes the following changes:,tombstone,3b9025d5, Merged commit includes the following changes: (#7250),0.9258200997725514,9
8728,Merged commit includes the following changes:,tombstone,b7221961, Merged commit includes the following changes:  (#7249),0.9258200997725514,10
8728,Merged commit includes the following changes:,tombstone,e21dcdd0,Merged commit includes the following changes: (#7221),0.9258200997725514,8
8728,Merged commit includes the following changes:,tombstone,66d00a87,Merged commit includes the following changes: (#7220),0.9258200997725514,8
8728,Merged commit includes the following changes:,tombstone,dc8c6ce1,Merged commit includes the following changes: (#7209),0.9258200997725514,8
8728,Merged commit includes the following changes:,tombstone,13feba3c,Merged commit includes the following changes: (#7191),0.9258200997725514,8
8728,Merged commit includes the following changes:,tombstone,5175b7e6,Merged commit includes the following changes: (#7141),0.9258200997725514,8
8728,Merged commit includes the following changes:,tombstone,5afa9569,Merged commit includes the following changes: (#7119),0.9258200997725514,8
8728,Merged commit includes the following changes:,tombstone,76995053,Merged commit includes the following changes: (#7116),0.9258200997725514,8
8728,Merged commit includes the following changes:,tombstone,a156e203,Merged commit includes the following changes: (#7100),0.9258200997725514,8
8728,Merged commit includes the following changes:,tombstone,240623ac,Merged commit includes the following changes: (#7093),0.9258200997725514,8
8728,Merged commit includes the following changes:,tombstone,1636acc9,Merged commit includes the following changes: (#7068),0.9258200997725514,8
8728,Merged commit includes the following changes:,tombstone,e0e6d981,Merged commit includes the following changes: (#7060),0.9258200997725514,8
8728,Merged commit includes the following changes:,tombstone,a1c47f28,Merged commit includes the following changes: (#7049),0.9258200997725514,8
8728,Merged commit includes the following changes:,tombstone,dfcaed77,Merged commit includes the following changes: (#7039),0.9258200997725514,8
8728,Merged commit includes the following changes:,tombstone,3eb7cbbc,Merged commit includes the following changes: (#7013),0.9258200997725514,8
8728,Merged commit includes the following changes:,tombstone,ce03903f,Merged commit includes the following changes: (#6998),0.9258200997725514,8
8728,Merged commit includes the following changes:,tombstone,e7b4d364,Merged commit includes the following changes: (#6993),0.9258200997725514,8
8728,Merged commit includes the following changes:,tombstone,f2eb1701,Merged commit includes the following changes: (#6992),0.9258200997725514,8
8728,Merged commit includes the following changes:,tombstone,bc557d14,Merged commit includes the following changes: (#6969),0.9258200997725514,8
8728,Merged commit includes the following changes:,tombstone,51289259,Merged commit includes the following changes: (#6963),0.9258200997725514,8
8728,Merged commit includes the following changes:,tombstone,fbdbe12b,Merged commit includes the following changes: (#6952),0.9258200997725514,8
8728,Merged commit includes the following changes:,tombstone,9bbf8015,Merged commit includes the following changes: (#6932),0.9258200997725514,8
8728,Merged commit includes the following changes:,tombstone,f42fddee,Merged commit includes the following changes: (#6931),0.9258200997725514,8
8728,Merged commit includes the following changes:,tombstone,15db2195,Merged commit includes the following changes: (#6926),0.9258200997725514,8
8728,Merged commit includes the following changes:,tombstone,d76e39e7,Merged commit includes the following changes: (#6921),0.9258200997725514,8
8728,Merged commit includes the following changes:,tombstone,7af3bd91,Merged commit includes the following changes: (#6898),0.9258200997725514,8
8728,Merged commit includes the following changes:,tombstone,6fc642d4,Merged commit includes the following changes: (#6885),0.9258200997725514,8
8728,Merged commit includes the following changes:,tombstone,fa10031d,Merged commit includes the following changes: (#6880),0.9258200997725514,8
8728,Merged commit includes the following changes:,tombstone,7f9db598,Merged commit includes the following changes: (#6879),0.9258200997725514,8
8728,Merged commit includes the following changes:,tombstone,f06b5716,Merged commit includes the following changes: (#6863),0.9258200997725514,8
8728,Merged commit includes the following changes:,tombstone,85bdf764,Merged commit includes the following changes: (#6856),0.9258200997725514,8
8728,Merged commit includes the following changes:,tombstone,30d14a96,Merged commit includes the following changes: (#6847),0.9258200997725514,8
8728,Merged commit includes the following changes:,tombstone,58856e2b,Merged commit includes the following changes: (#6726),0.9258200997725514,8
8728,Merged commit includes the following changes:,tombstone,47d6c66e,Merged commit includes the following changes: (#6407),0.9258200997725514,8
8728,Merged commit includes the following changes:,tombstone,05584085,Merged commit includes the following changes: (#6315),0.9258200997725514,8
8728,Merged commit includes the following changes:,tombstone,dcf52aab,Merged commit includes the following changes: (#6062),0.9258200997725514,8
8728,Merged commit includes the following changes:,tombstone,a1337e01,Merged commit includes the following changes: 223075771  by lzc:,0.8164965809277261,19
8728,Merged commit includes the following changes:,tombstone,2c680af3,Merged commit includes the following changes: 223150784  by Sergio Guadarrama:,0.7745966692414834,33
8728,Merged commit includes the following changes:,tombstone,85dd5fa4,Merged commit includes the following changes: 204489224  by Zhichao Lu:,0.7745966692414834,26
8728,Merged commit includes the following changes:,tombstone,9fce9c64,Merged commit includes the following changes: 199348852  by Zhichao Lu:,0.7745966692414834,26
8728,Merged commit includes the following changes:,tombstone,324d6dc3,Merged commit includes the following changes: 196161788  by Zhichao Lu:,0.7745966692414834,26
8728,Merged commit includes the following changes:,tombstone,63054210,Merged commit includes the following changes: 195269567  by Zhichao Lu:,0.7745966692414834,26
8728,Merged commit includes the following changes:,tombstone,6b72b5cd,Merged commit includes the following changes: 191649512  by Zhichao Lu:,0.7745966692414834,26
8728,Merged commit includes the following changes:,tombstone,78d5f8f8,Merged commit includes the following changes: 187187978  by Zhichao Lu:,0.7745966692414834,26
8728,Merged commit includes the following changes:,tombstone,1efe98bb,Merged commit includes the following changes: 185215255  by Zhichao Lu:,0.7745966692414834,26
8728,Merged commit includes the following changes:,tombstone,7a9934df,Merged commit includes the following changes: 184048729  by Zhichao Lu:,0.7745966692414834,26
8717,Update maskrcnn_parser.py,freezestudio,ea8cc8cf,Update faster_rcnn_resnet_v1_fpn_keras_feature_extractor.py,0.6666666666666667,37
8717,Update maskrcnn_parser.py,freezestudio,42bb922c,Update generate_embedding_data.py,0.6666666666666667,21
8717,Update maskrcnn_parser.py,freezestudio,b9a87a52,Update agent.py (#8722),0.5773502691896258,16
8717,Update maskrcnn_parser.py,freezestudio,28a18f7f,Update maskrcnn_parser.py,1.0000000000000002,0
8717,Update maskrcnn_parser.py,freezestudio,c87c3965,Update deep_speech.py (#8694),0.5773502691896258,20
8717,Update maskrcnn_parser.py,freezestudio,8fadb6ed,Update VariationalAutoencoder.py (#5049),0.5773502691896258,26
8717,Update maskrcnn_parser.py,freezestudio,55f3f240,Update replay_buffer.py,0.6666666666666667,12
8717,Update maskrcnn_parser.py,freezestudio,2e21c80e,Update beam_search_v1.py,0.6666666666666667,14
8717,Update maskrcnn_parser.py,freezestudio,ef6cb209,Update beam_search.py,0.6666666666666667,13
8717,Update maskrcnn_parser.py,freezestudio,98672351,Update distribution_utils.py (#6615),0.5773502691896258,23
8717,Update maskrcnn_parser.py,freezestudio,a76cd3ac,Update imagenet_preprocessing.py (#6291),0.5773502691896258,25
8717,Update maskrcnn_parser.py,freezestudio,d32d957a,Update tensorrt.py (#6034),0.5773502691896258,17
8717,Update maskrcnn_parser.py,freezestudio,df122b10,Update distribution_utils.py (#5628),0.5773502691896258,23
8717,Update maskrcnn_parser.py,freezestudio,2066a146,Update data_download.py (#5674),0.5773502691896258,21
8717,Update maskrcnn_parser.py,freezestudio,c5dbd487,Update distribution_utils.py,0.6666666666666667,15
8717,Update maskrcnn_parser.py,freezestudio,9cc4cec8,Update logger.py,0.6666666666666667,13
8717,Update maskrcnn_parser.py,freezestudio,ea7009d4,Update logger.py,0.6666666666666667,13
8717,Update maskrcnn_parser.py,freezestudio,381d88f6,Update logger.py,0.6666666666666667,13
8717,Update maskrcnn_parser.py,freezestudio,8b768f90,Update resnet_model.py (#5077),0.5773502691896258,20
8717,Update maskrcnn_parser.py,freezestudio,ef84dca1,Update learning_schedules.py,0.6666666666666667,15
8717,Update maskrcnn_parser.py,freezestudio,8dba5924,Update export_tflite_ssd_graph_lib.py,0.6666666666666667,24
8717,Update maskrcnn_parser.py,freezestudio,220b7e0c,Update export_tflite_ssd_graph.py,0.6666666666666667,20
8717,Update maskrcnn_parser.py,freezestudio,e225b20a,Update segmentation_dataset.py,0.6666666666666667,14
8717,Update maskrcnn_parser.py,freezestudio,f98f000a,Update create_pascal_tf_record.py and create_pet_tf_record.py,0.6123724356957945,42
8717,Update maskrcnn_parser.py,freezestudio,1cf0a85b,Update create_pascal_tf_record.py,0.6666666666666667,18
8717,Update maskrcnn_parser.py,freezestudio,39b7dcf9,Update build_imagenet_data.py,0.6666666666666667,18
8717,Update maskrcnn_parser.py,freezestudio,32b96851,Update generate_cifar10_tfrecords.py,0.6666666666666667,20
8717,Update maskrcnn_parser.py,freezestudio,6ab25864,Update build_imagenet_data.py (#3112),0.5773502691896258,26
8717,Update maskrcnn_parser.py,freezestudio,688143ed,Update blog_custom_estimators.py,0.6666666666666667,19
8717,Update maskrcnn_parser.py,freezestudio,1679377f,Update wide_deep.py,0.6666666666666667,13
8717,Update maskrcnn_parser.py,freezestudio,5e2f2295,Update eval_image_classifier.py (#2807),0.5773502691896258,23
8717,Update maskrcnn_parser.py,freezestudio,91c8f5d4,Update blog_estimators_dataset.py,0.6666666666666667,18
8717,Update maskrcnn_parser.py,freezestudio,3d4d30a0,Update nasnet_utils.py,0.6666666666666667,12
8717,Update maskrcnn_parser.py,freezestudio,28d37e7a,Update cifar10_main.py,0.6666666666666667,12
8717,Update maskrcnn_parser.py,freezestudio,570ac4c4,Update cifar10_main.py,0.6666666666666667,12
8717,Update maskrcnn_parser.py,freezestudio,289a2f99,Update AdditiveGaussianNoiseAutoencoderRunner.py,0.6666666666666667,31
8717,Update maskrcnn_parser.py,freezestudio,4215b489,Update AutoencoderRunner.py,0.6666666666666667,14
8717,Update maskrcnn_parser.py,freezestudio,9a9a6643,Update VariationalAutoencoderRunner.py,0.6666666666666667,22
8717,Update maskrcnn_parser.py,freezestudio,c541d653,Update AdditiveGaussianNoiseAutoencoderRunner.py,0.6666666666666667,31
8717,Update maskrcnn_parser.py,freezestudio,d9b01e52,Update AutoencoderRunner.py,0.6666666666666667,14
8717,Update maskrcnn_parser.py,freezestudio,d3a17074,Update MaskingNoiseAutoencoderRunner.py,0.6666666666666667,22
8717,Update maskrcnn_parser.py,freezestudio,f45c591c,Update VariationalAutoencoderRunner.py,0.6666666666666667,22
8717,Update maskrcnn_parser.py,freezestudio,a7dd1e29,Update cifar10_input.py,0.6666666666666667,13
8717,Update maskrcnn_parser.py,freezestudio,7e0016c5,Update inception_resnet_v2.py (#1555),0.5773502691896258,24
8717,Update maskrcnn_parser.py,freezestudio,0ce70bdd,Update resnet_model.py,0.6666666666666667,12
8717,Update maskrcnn_parser.py,freezestudio,a3711c9f,Update inception_preprocessing.py,0.6666666666666667,18
8717,Update maskrcnn_parser.py,freezestudio,0d5f3137,Update lm_1b_eval.py,0.6666666666666667,14
8717,Update maskrcnn_parser.py,freezestudio,d6787c0f,Update model.py,0.6666666666666667,13
8717,Update maskrcnn_parser.py,freezestudio,dac6755b,Update cifar10.py,0.6666666666666667,12
8717,Update maskrcnn_parser.py,freezestudio,f4161b6f,Update vgsl_model.py,0.6666666666666667,12
8717,Update maskrcnn_parser.py,freezestudio,9e9aa5d1,Update deep_cnn.py,0.6666666666666667,12
8717,Update maskrcnn_parser.py,freezestudio,84a32a8c,Update cifar10.py,0.6666666666666667,12
8717,Update maskrcnn_parser.py,freezestudio,ba3cb317,Update losses.py,0.6666666666666667,12
8717,Update maskrcnn_parser.py,freezestudio,bda41af1,Update cluttered_mnist.py,0.6666666666666667,14
8717,Update maskrcnn_parser.py,freezestudio,9997b250,Update build_image_data.py,0.6666666666666667,16
8717,Update maskrcnn_parser.py,freezestudio,ba98bc47,Update ptb_word_lm.py,0.6666666666666667,14
8717,Update maskrcnn_parser.py,freezestudio,edd4ba11,Update word2vec.py,0.6666666666666667,13
8717,Update maskrcnn_parser.py,freezestudio,75d3de64,Update cifar10_multi_gpu_train.py,0.6666666666666667,19
8717,Update maskrcnn_parser.py,freezestudio,d1baa18c,Update cifar10_input.py,0.6666666666666667,13
8717,Update maskrcnn_parser.py,freezestudio,62cea658,Update cifar10.py,0.6666666666666667,12
8717,Update maskrcnn_parser.py,freezestudio,f1e8ff7c,Update data.py,0.6666666666666667,13
8717,Update maskrcnn_parser.py,freezestudio,e46ec602,Update inception_resnet_v2.py,0.6666666666666667,16
8717,Update maskrcnn_parser.py,freezestudio,dd0671b7,Update ops.py,0.6666666666666667,13
8717,Update maskrcnn_parser.py,freezestudio,851f28a4,Update inception_train.py,0.6666666666666667,13
8716,Add Faster RCNN Resnet V1 FPN Keras feature extractor,syiming,3300fa04,Add Faster RCNN Resnet V1 FPN Keras feature extractor (#8716),0.9486832980505138,8
8697,Release Context RCNN code and pre-trained model.,pkulzc,79ae8004,Release Context RCNN code and pre-trained model,0.9999999999999998,1
8696,1. update to tf2.x for deep_speech,moneypi,3311242a,1. update to tf2.x for deep_speech (#8696),0.9354143466934852,8
8696,1. update to tf2.x for deep_speech,moneypi,8722f59f,update a3c_cartpole.py to tf2.x (#8662),0.5714285714285714,31
8693,Add an option to select a specific frame index rather than a random one from a SequenceExample,kmindspark,1d610ef9,Switch wide-deep movielens to use a threadpool rather than a forkpool.,0.5015503913178176,69
8693,Add an option to select a specific frame index rather than a random one from a SequenceExample,kmindspark,60d6808b,Add a pointer to a Colab for the embeddings,0.5029556907695453,68
8688,Refactor tests for Object Detection API.,pkulzc,420a7253,Refactor tests for Object Detection API. (#8688),0.9258200997725514,8
8688,Refactor tests for Object Detection API.,pkulzc,a4944a57,Add Tensorflow Object Detection API. (#1561),0.5000000000000001,23
8687,"fix ""No module named 'official.utils.logs'"" for deep_speech",moneypi,20f31bf6,"fix ""No module named 'official.utils.logs'"" for deep_speech (#8687)",0.9486832980505138,8
8687,"fix ""No module named 'official.utils.logs'"" for deep_speech",moneypi,2c6f12e3,Remove utils/logs usage for official models.,0.5039526306789696,48
8679,Fix to DELF package,dan-anghel,4445edb3,Fix link to documentation.,0.5,18
8679,Fix to DELF package,dan-anghel,cabb22cd,Fix to DELF package (#8679),0.8944271909999159,8
8679,Fix to DELF package,dan-anghel,48b6d1d1,Push to Github of TF2 changes to DELF package (#8678),0.5773502691896258,36
8679,Fix to DELF package,dan-anghel,b3ef7ae9,Push to Github of changes to DELF package (#8670),0.6030226891555273,32
8679,Fix to DELF package,dan-anghel,6a526b83,Scripts to download GLDv2 data for DELF training and to install DELF package (#8616),0.5892556509887896,66
8679,Fix to DELF package,dan-anghel,581a59df,Fix link to point to master,0.5303300858899106,17
8679,Fix to DELF package,dan-anghel,67ec3a44,Fix link to stack.,0.5,12
8661,Make quantizable_separable_conv2d initializer explicitly configurable…,yuanliangzhe,ffb5bb61,Make quantizable_separable_conv2d initializer explicitly configurable. (otherwise we could use slim.arg_scope to config the initializer) (#8661),0.6324555320336759,75
8619,"Revert ""Add relative positional embedding to KerasBERT (#8617)""",saberkun,a6c0e677,"Revert ""Revert ""Add relative positional embedding to KerasBERT (#8617)"" (#8619)""",0.9185586535436917,17
8619,"Revert ""Add relative positional embedding to KerasBERT (#8617)""",saberkun,4bb13e61,"Revert ""Add relative positional embedding to KerasBERT (#8617)"" (#8619)",0.9428090415820632,8
8619,"Revert ""Add relative positional embedding to KerasBERT (#8617)""",saberkun,c3c2386c,Add relative positional embedding to KerasBERT (#8617),0.9354143466934852,9
8619,"Revert ""Add relative positional embedding to KerasBERT (#8617)""",saberkun,2db2501b,Add relative positional embedding to KerasBERT (#8606),0.8017837257372731,11
8562,"Move models/slim to tf_slim. Release MobileDet code and model, and require tf_slim installation for OD API.",pkulzc,451906e4,"Release MobileDet code and model, and require tf_slim installation for OD API. (#8562)",0.8451542547285166,37
8544,Python Version,nightlessbaron,d0e6e751,Python Version (#8544),0.8164965809277259,8
8542,bugfix: unused and incorrect variable name,howl-anderson,31552f02,bugfix: unused and incorrect variable name,1.0000000000000002,0
8534,deeplab/local_test.sh: Use 'bash' instead of 'sh',ruslo,5f9bfd8c,deeplab/local_test.sh: Use 'bash' instead of 'sh' (#8534),0.9534625892455924,8
8534,deeplab/local_test.sh: Use 'bash' instead of 'sh',ruslo,3ef7bbcf,Update deeplab/local_test.sh (#8517),0.5656854249492379,34
8522,"Fix error ""Missing value for flag -v""",ruslo,a52de438,Fix help flag error.,0.5669467095138409,27
8517,Update deeplab/local_test.sh,xanjay,5f9bfd8c,deeplab/local_test.sh: Use 'bash' instead of 'sh' (#8534),0.6030226891555273,43
8517,Update deeplab/local_test.sh,xanjay,3ef7bbcf,Update deeplab/local_test.sh (#8517),0.8944271909999159,8
8517,Update deeplab/local_test.sh,xanjay,126134f2,Update presubmit.sh (#7366),0.5,19
8517,Update deeplab/local_test.sh,xanjay,3768f4cf,Update download_and_convert_ade20k.sh (#7160),0.5,29
8499,Merge pull request #1 from tensorflow/master,JiangKui007,13a030ed,Merge pull request #8962 from kmindspark:detr-push-3,0.5039526306789696,22
8499,Merge pull request #1 from tensorflow/master,JiangKui007,f2c76e41,Merge pull request #8604 from Ruomei:toupstream/clusteringexample,0.5345224838248487,32
8499,Merge pull request #1 from tensorflow/master,JiangKui007,454e12b8,Merge pull request #8768 from kmindspark:newavarecords,0.5714285714285714,22
8499,Merge pull request #1 from tensorflow/master,JiangKui007,ea5fc64d,Merge pull request #9120 from kmindspark:context_tf2_fix,0.5714285714285714,24
8499,Merge pull request #1 from tensorflow/master,JiangKui007,a785a49a,Merge pull request #9070 from NivekNey:patch-1,0.6681531047810609,21
8499,Merge pull request #1 from tensorflow/master,JiangKui007,9236fd88,Merge pull request #9070 from NivekNey:patch-1,0.6681531047810609,21
8499,Merge pull request #1 from tensorflow/master,JiangKui007,69062277,Merge pull request #9103 from xinliupitt:master,0.7142857142857142,13
8499,Merge pull request #1 from tensorflow/master,JiangKui007,b5993194,Merge pull request #9103 from xinliupitt:master,0.7142857142857142,13
8499,Merge pull request #1 from tensorflow/master,JiangKui007,fd94342b,Merge pull request #9090 from xinliupitt:master,0.7142857142857142,14
8499,Merge pull request #1 from tensorflow/master,JiangKui007,b4c4a534,Merge pull request #9090 from xinliupitt:master,0.7142857142857142,14
8499,Merge pull request #1 from tensorflow/master,JiangKui007,5329de23,Merge pull request #9091 from sshahrokhi:patch-1,0.6681531047810609,19
8499,Merge pull request #1 from tensorflow/master,JiangKui007,a935dfd1,Merge pull request #9091 from sshahrokhi:patch-1,0.6681531047810609,19
8499,Merge pull request #1 from tensorflow/master,JiangKui007,f41f14e6,Merge pull request #9086 from kmindspark:exporter1,0.5714285714285714,19
8499,Merge pull request #1 from tensorflow/master,JiangKui007,de6f182c,Merge pull request #9097 from kmindspark:context_tf2_fix,0.5714285714285714,25
8499,Merge pull request #1 from tensorflow/master,JiangKui007,6df2c663,Merge pull request #9055 from syiming:config_frcnn_resnet_fpn_coco,0.5714285714285714,35
8499,Merge pull request #1 from tensorflow/master,JiangKui007,d768c91c,Merge pull request #8984 from syiming:doc_frozen_inference_graph_tf_version_requirement_remove,0.5714285714285714,60
8499,Merge pull request #1 from tensorflow/master,JiangKui007,c3fe0550,Merge pull request #9069 from ChAnYaNG97:master,0.7142857142857142,15
8499,Merge pull request #1 from tensorflow/master,JiangKui007,69221551,Merge pull request #9069 from ChAnYaNG97:master,0.7142857142857142,15
8499,Merge pull request #1 from tensorflow/master,JiangKui007,20458454,Merge pull request #9071 from xinliupitt:master,0.7142857142857142,13
8499,Merge pull request #1 from tensorflow/master,JiangKui007,284eacdf,Merge pull request #9071 from xinliupitt:master,0.7142857142857142,13
8499,Merge pull request #1 from tensorflow/master,JiangKui007,0ba5a72b,Merge pull request #8895 from syiming:adjust_frcnn_meta_arch_to_multilevel_rpn_feature,0.5714285714285714,52
8499,Merge pull request #1 from tensorflow/master,JiangKui007,b9785623,Merge pull request #9043 from kmindspark:detr-push-8,0.5039526306789696,22
8499,Merge pull request #1 from tensorflow/master,JiangKui007,d8a9c16e,Merge pull request #9037 from xinliupitt:master,0.7142857142857142,14
8499,Merge pull request #1 from tensorflow/master,JiangKui007,a811a3b7,Merge pull request #9037 from xinliupitt:master,0.7142857142857142,14
8499,Merge pull request #1 from tensorflow/master,JiangKui007,1ea5e1f6,Merge pull request #8893 from syiming:move_to_keraslayers_fasterrcnn_fpn_keras_feature_extractor,0.5714285714285714,60
8499,Merge pull request #1 from tensorflow/master,JiangKui007,871df79f,Merge pull request #8943 from kmindspark:detr-push-2,0.5039526306789696,22
8499,Merge pull request #1 from tensorflow/master,JiangKui007,39ee0ac9,Merge pull request #9007 from mgalgs:patch-1,0.6681531047810609,20
8499,Merge pull request #1 from tensorflow/master,JiangKui007,266026c9,Merge pull request #8894 from syiming:adjust_proto_file_frcnn_fpn,0.5714285714285714,34
8499,Merge pull request #1 from tensorflow/master,JiangKui007,eb47d489,Merge pull request #9022 from xinliupitt:master,0.7142857142857142,14
8499,Merge pull request #1 from tensorflow/master,JiangKui007,03f907d8,Merge pull request #9022 from xinliupitt:master,0.7142857142857142,14
8499,Merge pull request #1 from tensorflow/master,JiangKui007,3b384f5e,Merge pull request #9021 from kmindspark:context_fix2,0.5714285714285714,22
8499,Merge pull request #1 from tensorflow/master,JiangKui007,c9da7a38,Merge pull request #9020 from srihari-humbarwadi:master,0.6681531047810609,21
8499,Merge pull request #1 from tensorflow/master,JiangKui007,c8a12135,Merge pull request #9020 from srihari-humbarwadi:master,0.6681531047810609,21
8499,Merge pull request #1 from tensorflow/master,JiangKui007,76f760c4,Merge pull request #9005 from xinliupitt:master,0.7142857142857142,14
8499,Merge pull request #1 from tensorflow/master,JiangKui007,4fc8febd,Merge pull request #9005 from xinliupitt:master,0.7142857142857142,14
8499,Merge pull request #1 from tensorflow/master,JiangKui007,e6c2439c,Merge pull request #8961 from srihari-humbarwadi:patch-1,0.629940788348712,26
8499,Merge pull request #1 from tensorflow/master,JiangKui007,c94836a4,Merge pull request #8961 from srihari-humbarwadi:patch-1,0.629940788348712,26
8499,Merge pull request #1 from tensorflow/master,JiangKui007,2ae9c3a6,Merge pull request #8749 from kmindspark:context_tf2,0.5714285714285714,21
8499,Merge pull request #1 from tensorflow/master,JiangKui007,df103208,Merge pull request #8909 from kmindspark:singleframe2,0.5714285714285714,23
8499,Merge pull request #1 from tensorflow/master,JiangKui007,d3d2ad3d,Merge pull request #8746 from syiming:add_multilevel_crop_and_resize,0.5714285714285714,38
8499,Merge pull request #1 from tensorflow/master,JiangKui007,57c08a08,Merge pull request #8891 from kmindspark:savedmodelcolab,0.5714285714285714,25
8499,Merge pull request #1 from tensorflow/master,JiangKui007,c0fbb20d,Merge pull request #8766 from darien-schettler:patch-1,0.629940788348712,23
8499,Merge pull request #1 from tensorflow/master,JiangKui007,212105f3,Merge pull request #8766 from darien-schettler:patch-1,0.629940788348712,23
8499,Merge pull request #1 from tensorflow/master,JiangKui007,9e2050a6,Merge pull request #8717 from freezestudio:patch-1,0.6681531047810609,20
8499,Merge pull request #1 from tensorflow/master,JiangKui007,24310ad1,Merge pull request #8717 from freezestudio:patch-1,0.6681531047810609,20
8499,Merge pull request #1 from tensorflow/master,JiangKui007,fc846697,Merge pull request #8565 from djdongjin:label_cast,0.5714285714285714,21
8499,Merge pull request #1 from tensorflow/master,JiangKui007,4651111e,Merge pull request #8620 from tensorflow:revert-8619-revert-8617-xinliu,0.5241424183609592,32
8499,Merge pull request #1 from tensorflow/master,JiangKui007,6a5c66ad,Merge pull request #8542 from howl-anderson:master,0.6681531047810609,16
8499,Merge pull request #1 from tensorflow/master,JiangKui007,99b5438a,Merge pull request #8555 from jarednielsen:patch-1,0.6681531047810609,22
8499,Merge pull request #1 from tensorflow/master,JiangKui007,e5c9661a,Merge pull request #8508 from nuka137:add-bert-instruction,0.5039526306789696,30
8499,Merge pull request #1 from tensorflow/master,JiangKui007,bce4604a,Merge pull request #8510 from nuka137:add-ncf-instruction,0.5039526306789696,28
8499,Merge pull request #1 from tensorflow/master,JiangKui007,f852bb33,Merge pull request #8439 from stagedml:fix-baremetal-stdout,0.5039526306789696,26
8499,Merge pull request #1 from tensorflow/master,JiangKui007,a179b7fe,Merge pull request #8436 from ayushmankumar7:name,0.5714285714285714,21
8499,Merge pull request #1 from tensorflow/master,JiangKui007,965cc3ee,Merge pull request #7 from tensorflow/master,0.857142857142857,1
8499,Merge pull request #1 from tensorflow/master,JiangKui007,5b095712,Merge pull request #8372 from peakji:master,0.7142857142857142,14
8499,Merge pull request #1 from tensorflow/master,JiangKui007,8bf2b3be,Merge pull request #8355 from stagedml:move-flags,0.5345224838248487,21
8499,Merge pull request #1 from tensorflow/master,JiangKui007,ddfdbdcb,Merge pull request #8344 from peakji:patch-1,0.6681531047810609,20
8499,Merge pull request #1 from tensorflow/master,JiangKui007,1f3247f4,Merge pull request #6 from tensorflow/master,0.857142857142857,1
8499,Merge pull request #1 from tensorflow/master,JiangKui007,bd488858,Merge pull request #8302 from ayushmankumar7:absl,0.5714285714285714,21
8499,Merge pull request #1 from tensorflow/master,JiangKui007,370a4c8d,Merge pull request #5 from tensorflow/master,0.857142857142857,1
8499,Merge pull request #1 from tensorflow/master,JiangKui007,2416dd9c,Merge pull request #8256 from stagedml:tokenizer-update,0.5345224838248487,25
8499,Merge pull request #1 from tensorflow/master,JiangKui007,27207a27,Merge pull request #8311 from stagedml:bleu-numoflines,0.5345224838248487,22
8499,Merge pull request #1 from tensorflow/master,JiangKui007,0b7b3b4e,Merge pull request #8294 from ayushmankumar7:adam,0.5714285714285714,21
8499,Merge pull request #1 from tensorflow/master,JiangKui007,d853567e,Merge pull request #8292 from jss367:patch-1,0.6681531047810609,20
8499,Merge pull request #1 from tensorflow/master,JiangKui007,1e2ceffd,Merge pull request #4 from tensorflow/master,0.857142857142857,1
8499,Merge pull request #1 from tensorflow/master,JiangKui007,51e60bab,Merge pull request #3 from tensorflow/master,0.857142857142857,1
8499,Merge pull request #1 from tensorflow/master,JiangKui007,7653185e,Merge pull request #2 from tensorflow/master,0.857142857142857,1
8499,Merge pull request #1 from tensorflow/master,JiangKui007,43178d7f,Merge pull request #1 from tensorflow/master,0.9999999999999999,0
8499,Merge pull request #1 from tensorflow/master,JiangKui007,1d6c8833,Merge pull request #8191 from ayushmankumar7:master,0.7142857142857142,17
8499,Merge pull request #1 from tensorflow/master,JiangKui007,9b049266,Merge pull request #3 from tensorflow/master,0.857142857142857,1
8499,Merge pull request #1 from tensorflow/master,JiangKui007,63af6ba5,Merge pull request #2 from tensorflow/master,0.857142857142857,1
8499,Merge pull request #1 from tensorflow/master,JiangKui007,7ebfc3dd,Merge pull request #1 from tensorflow/master,0.9999999999999999,0
8499,Merge pull request #1 from tensorflow/master,JiangKui007,d2e30aef,Merge pull request #8169 from tensorflow:yashk2810-patch-1,0.7559289460184544,18
8499,Merge pull request #1 from tensorflow/master,JiangKui007,5d36f19b,Merge pull request #8090 from georgesterpu:master,0.7142857142857142,16
8499,Merge pull request #1 from tensorflow/master,JiangKui007,d206786b,Merge pull request #8074 from cclauss:patch-1,0.6681531047810609,21
8499,Merge pull request #1 from tensorflow/master,JiangKui007,62bf6fc0,Merge pull request #7957 from houtoms:ctl_add_persist_BN,0.5714285714285714,25
8499,Merge pull request #1 from tensorflow/master,JiangKui007,5f7bdb11,Merge pull request #7946 from zachary-russell:patch-2,0.5039526306789696,25
8499,Merge pull request #1 from tensorflow/master,JiangKui007,c71043da,Merge pull request #7943 from gogasca:patch-3,0.5345224838248487,20
8499,Merge pull request #1 from tensorflow/master,JiangKui007,676c23e6,Merge pull request #7884 from miraliahmadli:master,0.7142857142857142,18
8499,Merge pull request #1 from tensorflow/master,JiangKui007,b62439d7,Merge pull request #7712 from madhurapande19:patch-1,0.6681531047810609,23
8499,Merge pull request #1 from tensorflow/master,JiangKui007,c1f1849f,Merge pull request #7706 from Vooblin:Vooblin-patch-1,0.5698028822981898,23
8499,Merge pull request #1 from tensorflow/master,JiangKui007,9aed0ffb,Merge pull request #7685 from MarcusSorealheis:official_module_error,0.5714285714285714,34
8499,Merge pull request #1 from tensorflow/master,JiangKui007,bb31fcea,Merge pull request #7655 from tensorflow:revert-7654-revert-7650-data_experimental,0.5241424183609592,43
8499,Merge pull request #1 from tensorflow/master,JiangKui007,08bb9eb5,Merge pull request #7594 from lucky096:master,0.7142857142857142,15
8499,Merge pull request #1 from tensorflow/master,JiangKui007,5c78cf88,Merge pull request #1 from lucky096/lucky096-patch-1,0.628970902033151,23
8499,Merge pull request #1 from tensorflow/master,JiangKui007,32fdb1c2,Merge pull request #7586 from wileeam:master,0.7142857142857142,15
8499,Merge pull request #1 from tensorflow/master,JiangKui007,bc984e50,Merge pull request #7573 from houtoms:ctl_amp_double_batch_size,0.5714285714285714,31
8499,Merge pull request #1 from tensorflow/master,JiangKui007,ce237770,Merge pull request #7550 from tgrel:fp16_benchmarks,0.5714285714285714,22
8499,Merge pull request #1 from tensorflow/master,JiangKui007,34d59895,Merge pull request #7552 from npanpaliya:resnet_cifar_script_fix,0.5714285714285714,33
8499,Merge pull request #1 from tensorflow/master,JiangKui007,64f87cd2,Merge pull request #7535 from houtoms:ctl_supports_amp,0.5714285714285714,24
8499,Merge pull request #1 from tensorflow/master,JiangKui007,a629af4c,Merge pull request #7531 from vinhngx:amp_bert,0.5714285714285714,17
8499,Merge pull request #1 from tensorflow/master,JiangKui007,8a3fecc0,Merge pull request #7419 from vinhngx:amp_resnet50,0.5714285714285714,20
8499,Merge pull request #1 from tensorflow/master,JiangKui007,4d09de12,Merge pull request #7485 from reedwm:mixed_float16_transformer,0.5714285714285714,28
8499,Merge pull request #1 from tensorflow/master,JiangKui007,85addcf3,Merge pull request #7436 from nnigania:ncf_f16,0.5714285714285714,20
8499,Merge pull request #1 from tensorflow/master,JiangKui007,3858c82b,Merge pull request #7471 from tfboyd:higher_threshold,0.5714285714285714,23
8499,Merge pull request #1 from tensorflow/master,JiangKui007,3a9e9edb,Merge pull request #7462 from reedwm:flag_simp,0.5714285714285714,18
8499,Merge pull request #1 from tensorflow/master,JiangKui007,b7c8dab7,Merge pull request #7439 from tfboyd:lstm_no_xla_8_gpu,0.5714285714285714,24
8499,Merge pull request #1 from tensorflow/master,JiangKui007,aa548b8a,Merge pull request #7437 from tfboyd:resnet_benchmark_cull,0.5714285714285714,27
8499,Merge pull request #1 from tensorflow/master,JiangKui007,2c4dc0c0,Merge pull request #5978 from DefineFC/object_det,0.5714285714285714,20
8499,Merge pull request #1 from tensorflow/master,JiangKui007,333342a0,Merge pull request #5988 from tensorflow/format,0.7142857142857142,10
8499,Merge pull request #1 from tensorflow/master,JiangKui007,fd2802cf,Merge pull request #5992 from npapernot/master,0.7142857142857142,12
8499,Merge pull request #1 from tensorflow/master,JiangKui007,fc2f94b3,Merge pull request #5990 from karanchahal/patch-1,0.6681531047810609,21
8499,Merge pull request #1 from tensorflow/master,JiangKui007,40a660e8,Merge pull request #5925 from pkulzc/master,0.7142857142857142,13
8499,Merge pull request #1 from tensorflow/master,JiangKui007,0ff0717b,Merge pull request #5987 from tensorflow/scope,0.7142857142857142,9
8499,Merge pull request #1 from tensorflow/master,JiangKui007,2c4762d0,Merge pull request #5965 from tensorflow/benchmark-file,0.6681531047810609,16
8499,Merge pull request #1 from tensorflow/master,JiangKui007,842e5a3e,Merge pull request #5928 from tensorflow/cifar_keras_refactor,0.7142857142857142,20
8499,Merge pull request #1 from tensorflow/master,JiangKui007,7d032ea3,Merge pull request #5900 from tensorflow/priyag-resnet-main-changes,0.5976143046671968,26
8499,Merge pull request #1 from tensorflow/master,JiangKui007,c9f03bf6,Merge pull request #5870 from ofirnachum/master,0.7142857142857142,14
8499,Merge pull request #1 from tensorflow/master,JiangKui007,2c181308,Merge pull request #5862 from cshallue/master,0.7142857142857142,12
8499,Merge pull request #1 from tensorflow/master,JiangKui007,caafb6d1,Merge pull request #5854 from dreamdragon/master,0.7142857142857142,12
8499,Merge pull request #1 from tensorflow/master,JiangKui007,402b561b,Merge pull request #5844 from johnarevalo/patch-1,0.6681531047810609,19
8499,Merge pull request #1 from tensorflow/master,JiangKui007,5324fc66,Merge pull request #5838 from cshallue/master,0.7142857142857142,12
8499,Merge pull request #1 from tensorflow/master,JiangKui007,23376e62,Merge pull request #5603 from dreamdragon/master,0.7142857142857142,12
8499,Merge pull request #1 from tensorflow/master,JiangKui007,d299118e,Merge pull request #5722 from SNeugber/master,0.7142857142857142,14
8499,Merge pull request #1 from tensorflow/master,JiangKui007,5b8e8cdf,Merge pull request #5592 from arinto/update-readme-im2txt,0.5039526306789696,27
8499,Merge pull request #1 from tensorflow/master,JiangKui007,c79fa5af,Merge pull request #5583 from arinto/im2txt-freeze-environment,0.5039526306789696,32
8499,Merge pull request #1 from tensorflow/master,JiangKui007,ac8b4413,Merge pull request #5783 from aneliaangelova/mew,0.5714285714285714,19
8499,Merge pull request #1 from tensorflow/master,JiangKui007,7cc688ae,Merge pull request #5781 from linuxpolska/master,0.7142857142857142,12
8499,Merge pull request #1 from tensorflow/master,JiangKui007,628b970a,Merge pull request #5737 from thedch/patch-1,0.6681531047810609,19
8499,Merge pull request #1 from tensorflow/master,JiangKui007,541d584e,Merge pull request #5692 from dthkao/revert-5677-explicit_relativity,0.5039526306789696,37
8499,Merge pull request #1 from tensorflow/master,JiangKui007,2b22fc18,Merge pull request #5685 from fuzzythecat/patch-1,0.6681531047810609,21
8499,Merge pull request #1 from tensorflow/master,JiangKui007,3a6c5f11,Merge pull request #5677 from dthkao/explicit_relativity,0.5714285714285714,26
8499,Merge pull request #1 from tensorflow/master,JiangKui007,0b0c9cfd,Merge pull request #5665 from tensorflow/fix/quiet_movielens_download,0.6681531047810609,30
8499,Merge pull request #1 from tensorflow/master,JiangKui007,c4c49d1a,Merge pull request #5658 from cheerss/master,0.7142857142857142,13
8499,Merge pull request #1 from tensorflow/master,JiangKui007,31d38900,Merge pull request #5598 from tensorflow/josh11b-patch-1,0.7559289460184544,17
8499,Merge pull request #1 from tensorflow/master,JiangKui007,413f15ba,Merge pull request #5518 from tfboyd/add_perf_args,0.5714285714285714,21
8499,Merge pull request #1 from tensorflow/master,JiangKui007,fdf78b86,Merge pull request #5561 from tensorflow/josh11b-del-is_single_tower,0.629940788348712,26
8499,Merge pull request #1 from tensorflow/master,JiangKui007,4bd0d89d,Merge pull request #5557 from tensorflow/shizhiw_20181017,0.7142857142857142,20
8499,Merge pull request #1 from tensorflow/master,JiangKui007,69b01644,Merge pull request #5546 from cshallue/master,0.7142857142857142,12
8499,Merge pull request #1 from tensorflow/master,JiangKui007,61b03fcf,Merge pull request #5462 from tensorflow/shizhiw,0.7142857142857142,11
8499,Merge pull request #1 from tensorflow/master,JiangKui007,86c0ad3a,Merge pull request #5505 from bapfeld/master,0.7142857142857142,13
8499,Merge pull request #1 from tensorflow/master,JiangKui007,e2fb51d1,Merge pull request #5472 from JonathanJuhl/master,0.7142857142857142,15
8499,Merge pull request #1 from tensorflow/master,JiangKui007,42f98218,Merge pull request #5455 from tfboyd/tf_data_autotune,0.5714285714285714,23
8499,Merge pull request #1 from tensorflow/master,JiangKui007,f762825c,Merge pull request #5443 from tfboyd/tf_data_autotune,0.5714285714285714,23
8499,Merge pull request #1 from tensorflow/master,JiangKui007,6801ea36,Merge pull request #5430 from huihui-personal/master,0.6681531047810609,17
8499,Merge pull request #1 from tensorflow/master,JiangKui007,637f08e8,Merge pull request #5408 from lilipads/patch-1,0.6681531047810609,20
8499,Merge pull request #1 from tensorflow/master,JiangKui007,7af1ceb5,Merge pull request #5434 from tfboyd/tpu_imagenet,0.5714285714285714,19
8499,Merge pull request #1 from tensorflow/master,JiangKui007,fe54563c,Merge pull request #5429 from clarkkev/master,0.7142857142857142,13
8499,Merge pull request #1 from tensorflow/master,JiangKui007,f96099da,Merge pull request #5401 from joel-shor/master,0.6681531047810609,12
8499,Merge pull request #1 from tensorflow/master,JiangKui007,223e0f3a,Merge pull request #5379 from aman2930/master,0.7142857142857142,14
8499,Merge pull request #1 from tensorflow/master,JiangKui007,1b6ca655,Merge pull request #5350 from feynmanliang/patch-2,0.5345224838248487,20
8499,Merge pull request #1 from tensorflow/master,JiangKui007,326fb0ac,Merge pull request #5366 from woolfel/master,0.7142857142857142,12
8499,Merge pull request #1 from tensorflow/master,JiangKui007,d4e1f97f,Merge pull request #5352 from clarkkev/master,0.7142857142857142,13
8499,Merge pull request #1 from tensorflow/master,JiangKui007,256b8ae6,Merge pull request #5299 from samikama/logger_use_session_config,0.5714285714285714,34
8499,Merge pull request #1 from tensorflow/master,JiangKui007,e1e38630,Merge pull request #5226 from moosd/patch-1,0.6681531047810609,19
8499,Merge pull request #1 from tensorflow/master,JiangKui007,903194c5,Merge pull request #5335 from BarretZoph/master,0.7142857142857142,14
8499,Merge pull request #1 from tensorflow/master,JiangKui007,031a5a4a,Merge pull request #5283 from nightscape/patch-1,0.6681531047810609,20
8499,Merge pull request #1 from tensorflow/master,JiangKui007,0a161121,Merge pull request #5266 from dieterichlawson/master,0.7142857142857142,16
8499,Merge pull request #1 from tensorflow/master,JiangKui007,7b304676,Merge pull request #5253 from tfboyd/resnet_input_pipeline_fp16,0.5714285714285714,33
8499,Merge pull request #1 from tensorflow/master,JiangKui007,dda23ecf,Merge pull request #5223 from tfboyd/update_resnet_defaults_v1,0.5714285714285714,32
8499,Merge pull request #1 from tensorflow/master,JiangKui007,481728db,Merge pull request #5225 from tfboyd/resnet_synthetic_fix,0.5714285714285714,27
8499,Merge pull request #1 from tensorflow/master,JiangKui007,2aec950c,Merge pull request #5058 from raymond-yuan/patch-1,0.629940788348712,21
8499,Merge pull request #1 from tensorflow/master,JiangKui007,d988d710,Merge pull request #5205 from donkirkby/patch-1,0.6681531047810609,18
8499,Merge pull request #1 from tensorflow/master,JiangKui007,40051c6c,Merge pull request #5159 from MarkDaoust/stub_moved_notebooks,0.5714285714285714,30
8499,Merge pull request #1 from tensorflow/master,JiangKui007,7f895ce5,Merge pull request #5187 from stevenschmatz/patch-1,0.6681531047810609,18
8499,Merge pull request #1 from tensorflow/master,JiangKui007,08bcffd4,Merge pull request #5170 from wentaoxu415/patch-1,0.6681531047810609,17
8499,Merge pull request #1 from tensorflow/master,JiangKui007,8adb303f,Merge pull request #5167 from tensorflow/bananabowl-patch-1,0.7559289460184544,19
8499,Merge pull request #1 from tensorflow/master,JiangKui007,b4cd5f5c,Merge pull request #5153 from staff0rd/patch-3,0.5345224838248487,18
8499,Merge pull request #1 from tensorflow/master,JiangKui007,7edabac6,Merge pull request #5155 from staff0rd/patch-4,0.5345224838248487,18
8499,Merge pull request #1 from tensorflow/master,JiangKui007,cbbb2ffc,Merge pull request #5141 from staff0rd/patch-1,0.6681531047810609,18
8499,Merge pull request #1 from tensorflow/master,JiangKui007,33034527,Merge pull request #5134 from dinsane/grid-args-update,0.5039526306789696,22
8499,Merge pull request #1 from tensorflow/master,JiangKui007,0864b2a4,Merge pull request #5084 from yesmung/master,0.7142857142857142,12
8499,Merge pull request #1 from tensorflow/master,JiangKui007,abc1c4a7,Merge pull request #5100 from zanarmstrong/master,0.7142857142857142,13
8499,Merge pull request #1 from tensorflow/master,JiangKui007,b64f67d4,Merge pull request #5105 from MaxGhenis/patch-1,0.6681531047810609,19
8499,Merge pull request #1 from tensorflow/master,JiangKui007,f021e1d6,Merge pull request #5094 from MalcolmSlaney/patch-2,0.5345224838248487,21
8499,Merge pull request #1 from tensorflow/master,JiangKui007,c2f755c4,Merge pull request #5086 from Intel-tensorflow/pr-set-inter-intra-op-dcgan,0.5241424183609592,33
8499,Merge pull request #1 from tensorflow/master,JiangKui007,5be37277,Merge pull request #4997 from MarkDaoust/add-regression-plots,0.5039526306789696,32
8499,Merge pull request #1 from tensorflow/master,JiangKui007,7874c4b0,Merge pull request #5060 from MarkDaoust/nst_fixes,0.5714285714285714,21
8499,Merge pull request #1 from tensorflow/master,JiangKui007,ad3526a9,Merge pull request #5032 from HughKu/fix/#21199,0.5345224838248487,20
8499,Merge pull request #1 from tensorflow/master,JiangKui007,fb6bc29b,Merge pull request #5021 from sumsuddin/constant_ext_len_fix,0.5714285714285714,28
8499,Merge pull request #1 from tensorflow/master,JiangKui007,5fd32ef6,Merge pull request #4790 from suharshs/master,0.7142857142857142,13
8499,Merge pull request #1 from tensorflow/master,JiangKui007,308179f3,Merge pull request #4998 from thtrieu/master,0.7142857142857142,12
8499,Merge pull request #1 from tensorflow/master,JiangKui007,f7f171fb,Merge pull request #4987 from TwistedHardware/master,0.7142857142857142,16
8499,Merge pull request #1 from tensorflow/master,JiangKui007,4acdc508,Merge pull request #4913 from tensorflow/segmentation_blogpost,0.7142857142857142,22
8499,Merge pull request #1 from tensorflow/master,JiangKui007,cde1693e,Merge pull request #4945 from tensorflow/MarkDaoust-patch-2,0.629940788348712,19
8499,Merge pull request #1 from tensorflow/master,JiangKui007,d0fadb20,Merge pull request #4963 from tensorflow/raymond-yuan-patch-1,0.7171371656006361,21
8499,Merge pull request #1 from tensorflow/master,JiangKui007,51cf5304,Merge pull request #1 from zanarmstrong/zanarmstrong-graphs,0.5976143046671968,25
8499,Merge pull request #1 from tensorflow/master,JiangKui007,d53c3e1d,Merge pull request #4870 from lamberta/text-classify-notebook,0.5039526306789696,30
8499,Merge pull request #1 from tensorflow/master,JiangKui007,a2a943da,Merge pull request #4948 from tensorflow/a3c_blogpost,0.7142857142857142,16
8499,Merge pull request #1 from tensorflow/master,JiangKui007,887bbcb9,Merge pull request #4943 from DecentGradient/patch-2,0.5345224838248487,21
8499,Merge pull request #1 from tensorflow/master,JiangKui007,af41cc00,Merge pull request #4927 from mdanatg/master,0.7142857142857142,14
8499,Merge pull request #1 from tensorflow/master,JiangKui007,89e30510,Merge pull request #4933 from DecentGradient/patch-1,0.6681531047810609,21
8499,Merge pull request #1 from tensorflow/master,JiangKui007,22e248ce,Merge pull request #4885 from norouzi/master,0.7142857142857142,11
8499,Merge pull request #1 from tensorflow/master,JiangKui007,c1588f00,Merge pull request #4761 from sauercrowd/doc-object_detection-proto_installation,0.5039526306789696,46
8499,Merge pull request #1 from tensorflow/master,JiangKui007,4a0ee4a2,Merge pull request #4877 from huihui-personal/master,0.6681531047810609,17
8499,Merge pull request #1 from tensorflow/master,JiangKui007,6c210845,Merge pull request #4852 from tensorflow/a3c_blogpost,0.7142857142857142,16
8499,Merge pull request #1 from tensorflow/master,JiangKui007,7922c9eb,Merge pull request #4853 from tensorflow/mnist_metrics_dtype,0.7142857142857142,18
8499,Merge pull request #1 from tensorflow/master,JiangKui007,05ec6d87,Merge pull request #4871 from rikel/master,0.7142857142857142,12
8499,Merge pull request #1 from tensorflow/master,JiangKui007,ae8e0f53,Merge pull request #4845 from linbojin/patch-1,0.6681531047810609,18
8499,Merge pull request #1 from tensorflow/master,JiangKui007,35f33abb,Merge pull request #4851 from tensorflow/achowdhery-patch-2,0.629940788348712,19
8499,Merge pull request #1 from tensorflow/master,JiangKui007,76d3d72e,Merge pull request #4822 from buckman-google/master,0.6681531047810609,16
8499,Merge pull request #1 from tensorflow/master,JiangKui007,15b33360,Merge pull request #4839 from MarkDaoust/autograph,0.5714285714285714,21
8499,Merge pull request #1 from tensorflow/master,JiangKui007,a9ab974a,Merge pull request #4841 from pkulzc/master,0.7142857142857142,12
8499,Merge pull request #1 from tensorflow/master,JiangKui007,68a9002f,Merge pull request #4827 from asimshankar/mnist-eager,0.5345224838248487,20
8499,Merge pull request #1 from tensorflow/master,JiangKui007,71c196c1,Merge pull request #4837 from mdanatg/master,0.7142857142857142,14
8499,Merge pull request #1 from tensorflow/master,JiangKui007,6adf454e,Merge pull request #4836 from tensorflow/MarkDaoust-patch-1,0.7559289460184544,19
8499,Merge pull request #1 from tensorflow/master,JiangKui007,a141d020,Merge pull request #4784 from rrrutledge/patch-1,0.6681531047810609,20
8499,Merge pull request #1 from tensorflow/master,JiangKui007,65580169,Merge pull request #4820 from lamberta/fix-docs,0.5345224838248487,20
8499,Merge pull request #1 from tensorflow/master,JiangKui007,4285be59,Merge pull request #4818 from MarkDaoust/autograph_link,0.5714285714285714,25
8499,Merge pull request #1 from tensorflow/master,JiangKui007,57eb3e77,Merge pull request #4803 from lamberta/fix-docs,0.5345224838248487,20
8499,Merge pull request #1 from tensorflow/master,JiangKui007,78bd4c9a,Merge pull request #4785 from MarkDaoust/add-notebook,0.5345224838248487,24
8499,Merge pull request #1 from tensorflow/master,JiangKui007,de284240,Merge pull request #4789 from MarkDaoust/autopgraph-guide,0.5345224838248487,28
8499,Merge pull request #1 from tensorflow/master,JiangKui007,3ec66da0,Merge pull request #4786 from JonathanJuhl/master,0.7142857142857142,15
8499,Merge pull request #1 from tensorflow/master,JiangKui007,b07b494e,Merge pull request #4767 from lamberta/fix-links,0.5345224838248487,21
8499,Merge pull request #1 from tensorflow/master,JiangKui007,7d0fcd09,Merge pull request #4766 from MarkDaoust/autopgraph-guide,0.5345224838248487,28
8499,Merge pull request #1 from tensorflow/master,JiangKui007,c5b8f2f1,Merge pull request #4749 from MarkDaoust/add-notebook,0.5345224838248487,24
8499,Merge pull request #1 from tensorflow/master,JiangKui007,78e871c3,Merge pull request #4733 from MarkDaoust/autopgraph-guide,0.5345224838248487,28
8499,Merge pull request #1 from tensorflow/master,JiangKui007,c5241d21,Merge pull request #4765 from erssebaggala/erssebaggala-patch-1,0.5698028822981898,33
8499,Merge pull request #1 from tensorflow/master,JiangKui007,70b176a9,Merge pull request #4764 from pkulzc/master,0.7142857142857142,13
8499,Merge pull request #1 from tensorflow/master,JiangKui007,fac62b79,Merge pull request #8 from lamberta/mark-autograph,0.5345224838248487,20
8499,Merge pull request #1 from tensorflow/master,JiangKui007,11070af9,Merge pull request #4759 from lamberta/add-web-button,0.5039526306789696,24
8499,Merge pull request #1 from tensorflow/master,JiangKui007,bd1a74ab,Merge pull request #7 from lamberta/mark-autograph,0.5345224838248487,20
8499,Merge pull request #1 from tensorflow/master,JiangKui007,31587277,Merge pull request #4748 from ricoms/master,0.7142857142857142,13
8499,Merge pull request #1 from tensorflow/master,JiangKui007,b8bfb196,Merge pull request #4734 from AlexeyKurakin/master,0.7142857142857142,15
8499,Merge pull request #1 from tensorflow/master,JiangKui007,84453b8f,Merge pull request #4747 from Ty-Won/master,0.6681531047810609,13
8499,Merge pull request #1 from tensorflow/master,JiangKui007,37ba2304,Merge pull request #4736 from lamberta/ml-fairness-note,0.5039526306789696,25
8499,Merge pull request #1 from tensorflow/master,JiangKui007,3a05570f,Merge pull request #4728 from MarkDaoust/typos,0.5714285714285714,20
8499,Merge pull request #1 from tensorflow/master,JiangKui007,7367d494,Merge pull request #4677 from lamberta/fix-colab-links,0.5039526306789696,25
8499,Merge pull request #1 from tensorflow/master,JiangKui007,86ac7a47,Merge pull request #4412 from dandouthit/master,0.7142857142857142,11
8499,Merge pull request #1 from tensorflow/master,JiangKui007,c0df302f,Merge pull request #4652 from lamberta/nb-eager,0.5345224838248487,18
8499,Merge pull request #1 from tensorflow/master,JiangKui007,e10d986e,Merge pull request #4642 from buckman-google/master,0.6681531047810609,16
8499,Merge pull request #1 from tensorflow/master,JiangKui007,ee0e9d11,Merge pull request #4628 from cshallue/master,0.7142857142857142,12
8499,Merge pull request #1 from tensorflow/master,JiangKui007,b54b536b,Merge pull request #4641 from lamberta/nb-buttons-style,0.5039526306789696,24
8499,Merge pull request #1 from tensorflow/master,JiangKui007,1af55e01,Merge pull request #4640 from lamberta/get-started-titles,0.5039526306789696,27
8499,Merge pull request #1 from tensorflow/master,JiangKui007,3bf0381a,Merge pull request #4623 from ofirnachum/master,0.7142857142857142,14
8499,Merge pull request #1 from tensorflow/master,JiangKui007,bf8c050a,Merge pull request #4614 from cshallue/master,0.7142857142857142,11
8499,Merge pull request #1 from tensorflow/master,JiangKui007,f3407671,Merge pull request #4607 from lamberta/master,0.7142857142857142,13
8499,Merge pull request #1 from tensorflow/master,JiangKui007,5ec50328,Merge pull request #4610 from apbusia/master,0.7142857142857142,13
8499,Merge pull request #1 from tensorflow/master,JiangKui007,564f8d4d,Merge pull request #4608 from yashk2810/activation_change,0.5714285714285714,29
8499,Merge pull request #1 from tensorflow/master,JiangKui007,c39a88c0,Merge pull request #4604 from MarkDaoust/no-upgrade,0.5345224838248487,23
8499,Merge pull request #1 from tensorflow/master,JiangKui007,de936e95,Merge pull request #1 from createai/master,0.857142857142857,10
8499,Merge pull request #1 from tensorflow/master,JiangKui007,f023a76d,Merge pull request #4582 from lamberta/rename-eager-nb,0.5039526306789696,24
8499,Merge pull request #1 from tensorflow/master,JiangKui007,3d540429,Merge pull request #4585 from MarkDaoust/no-string-activations,0.5039526306789696,31
8499,Merge pull request #1 from tensorflow/master,JiangKui007,dfd045e5,Merge pull request #4542 from lamberta/get-started-index,0.5039526306789696,26
8499,Merge pull request #1 from tensorflow/master,JiangKui007,9749af06,Merge pull request #4583 from MarkDaoust/save-and-restore,0.5039526306789696,26
8499,Merge pull request #1 from tensorflow/master,JiangKui007,ef727e2d,Merge pull request #4577 from Hospitalization/train_test,0.5714285714285714,24
8499,Merge pull request #1 from tensorflow/master,JiangKui007,d1b91ba9,Merge pull request #4554 from cshallue/master,0.7142857142857142,12
8499,Merge pull request #1 from tensorflow/master,JiangKui007,1abcee90,Merge pull request #4526 from MarkDaoust/basic-classification,0.5345224838248487,31
8499,Merge pull request #1 from tensorflow/master,JiangKui007,eea9f5e5,Merge pull request #4527 from MarkDaoust/basic-text-classification,0.5039526306789696,35
8499,Merge pull request #1 from tensorflow/master,JiangKui007,ec4e0271,Merge pull request #4529 from MarkDaoust/basic-regression,0.5345224838248487,26
8499,Merge pull request #1 from tensorflow/master,JiangKui007,52308ca9,Merge pull request #5 from lamberta/mark-regression,0.5345224838248487,21
8499,Merge pull request #1 from tensorflow/master,JiangKui007,ea4d9bc8,Merge pull request #4541 from MarkDaoust/overfit-and-underfit,0.5039526306789696,28
8499,Merge pull request #1 from tensorflow/master,JiangKui007,74e35eda,Merge pull request #4570 from lfads/posterior_push_mean,0.5714285714285714,24
8499,Merge pull request #1 from tensorflow/master,JiangKui007,2206bf54,Merge pull request #4555 from lamberta/rename-eager-nb,0.5039526306789696,24
8499,Merge pull request #1 from tensorflow/master,JiangKui007,4ec33c64,Merge pull request #3 from lamberta/mark-basic-classification,0.5039526306789696,30
8499,Merge pull request #1 from tensorflow/master,JiangKui007,2310bc34,Merge pull request #4534 from huihui-personal/master,0.6681531047810609,17
8499,Merge pull request #1 from tensorflow/master,JiangKui007,6c2f6462,Merge pull request #4530 from mackeya-google/master,0.6681531047810609,16
8499,Merge pull request #1 from tensorflow/master,JiangKui007,43f88f91,Merge pull request #4521 from aeloyq/master,0.7142857142857142,11
8499,Merge pull request #1 from tensorflow/master,JiangKui007,cac3a298,Merge pull request #4496 from lamberta/fix-eager-nb,0.5039526306789696,22
8499,Merge pull request #1 from tensorflow/master,JiangKui007,938380bd,Merge pull request #4518 from xhlulu/patch-1,0.6681531047810609,18
8499,Merge pull request #1 from tensorflow/master,JiangKui007,e722ffc9,Merge pull request #4511 from WillAyd/doc-clarify,0.5345224838248487,20
8499,Merge pull request #1 from tensorflow/master,JiangKui007,26f50b58,Merge pull request #4484 from thtrieu/master,0.7142857142857142,12
8499,Merge pull request #1 from tensorflow/master,JiangKui007,97760186,Merge pull request #4460 from pkulzc/master,0.7142857142857142,13
8499,Merge pull request #1 from tensorflow/master,JiangKui007,ed901b73,Merge pull request #4449 from rezama/master,0.7142857142857142,13
8499,Merge pull request #1 from tensorflow/master,JiangKui007,2d5e95a3,Merge pull request #4181 from joel-shor/master,0.6681531047810609,12
8499,Merge pull request #1 from tensorflow/master,JiangKui007,12e977e4,Merge pull request #4417 from aarorasimbulus/patch-1,0.6681531047810609,21
8499,Merge pull request #1 from tensorflow/master,JiangKui007,bd56a06d,Merge pull request #3639 from ppwwyyxx/patch-1,0.6681531047810609,20
8499,Merge pull request #1 from tensorflow/master,JiangKui007,d530ac54,Merge pull request #4255 from MarkDaoust/get_started,0.5714285714285714,22
8499,Merge pull request #1 from tensorflow/master,JiangKui007,7f03af18,Merge pull request #1 from lamberta/edit-get_started,0.6681531047810609,20
8499,Merge pull request #1 from tensorflow/master,JiangKui007,c519da2c,Merge pull request #4410 from LaRiffle/master,0.7142857142857142,11
8499,Merge pull request #1 from tensorflow/master,JiangKui007,1886043f,Merge pull request #4389 from sbrodehl/dev-catcherror,0.5345224838248487,23
8499,Merge pull request #1 from tensorflow/master,JiangKui007,d57fdb38,Merge pull request #4379 from stantonxu/patch-1,0.6681531047810609,18
8499,Merge pull request #1 from tensorflow/master,JiangKui007,7535c734,Merge pull request #4372 from dandouthit/dandouthit-patch-1,0.5698028822981898,28
8499,Merge pull request #1 from tensorflow/master,JiangKui007,ef59b3c7,Merge pull request #4350 from lamberta/fix-typo,0.5345224838248487,20
8499,Merge pull request #1 from tensorflow/master,JiangKui007,419bc6e3,Merge pull request #4336 from j143/experiment,0.5714285714285714,19
8499,Merge pull request #1 from tensorflow/master,JiangKui007,e79232f9,Merge pull request #4334 from gariel-google/master,0.6681531047810609,15
8499,Merge pull request #1 from tensorflow/master,JiangKui007,8507934f,Merge pull request #4332 from tensorflow/YknZhu-patch-1,0.7559289460184544,17
8499,Merge pull request #1 from tensorflow/master,JiangKui007,f798e4b5,Merge pull request #4311 from YknZhu/master,0.7142857142857142,12
8499,Merge pull request #1 from tensorflow/master,JiangKui007,499071ef,Merge pull request #4297 from tensorflow/asimshankar-patch-1,0.7559289460184544,20
8499,Merge pull request #1 from tensorflow/master,JiangKui007,24347947,Merge pull request #4037 from asimshankar/issue4013,0.5714285714285714,21
8499,Merge pull request #1 from tensorflow/master,JiangKui007,ea6d6aab,Merge pull request #4205 from vladpaunescu/master,0.7142857142857142,16
8499,Merge pull request #1 from tensorflow/master,JiangKui007,9f58547c,Merge pull request #4256 from MarkDaoust/add-lamberta,0.5345224838248487,23
8499,Merge pull request #1 from tensorflow/master,JiangKui007,b9ca525f,Merge pull request #4232 from pkulzc/master,0.7142857142857142,13
8499,Merge pull request #1 from tensorflow/master,JiangKui007,80178fc6,Merge pull request #4153 from terryykoo/master,0.7142857142857142,10
8499,Merge pull request #1 from tensorflow/master,JiangKui007,fe1857cd,Merge pull request #3699 from smitshilu/patch-1,0.6681531047810609,19
8499,Merge pull request #1 from tensorflow/master,JiangKui007,44fa4b9a,Merge pull request #4221 from ilyamironov/master,0.7142857142857142,12
8499,Merge pull request #1 from tensorflow/master,JiangKui007,911a0d23,Merge pull request #4197 from ilyamironov/master,0.7142857142857142,12
8499,Merge pull request #1 from tensorflow/master,JiangKui007,bc0edaf8,Merge pull request #4176 from lamberta/fix-nb-license,0.5039526306789696,23
8499,Merge pull request #1 from tensorflow/master,JiangKui007,9d9dd72e,Merge pull request #4184 from BMDan/fix_typo_in_iris_data,0.5714285714285714,27
8499,Merge pull request #1 from tensorflow/master,JiangKui007,8e73530e,Merge pull request #4161 from pkulzc/master,0.7142857142857142,12
8499,Merge pull request #1 from tensorflow/master,JiangKui007,6ec3452c,Merge pull request #4155 from lamberta/add-buttons,0.5345224838248487,21
8499,Merge pull request #1 from tensorflow/master,JiangKui007,dea7ecf6,Merge pull request #4143 from asimshankar/mnist-eager-1.8,0.5976143046671968,23
8499,Merge pull request #1 from tensorflow/master,JiangKui007,369d1981,Merge pull request #4136 from asimshankar/ipy-18,0.5345224838248487,19
8499,Merge pull request #1 from tensorflow/master,JiangKui007,3bdc4773,Merge pull request #4135 from vincentvanhoucke/master,0.7142857142857142,16
8499,Merge pull request #1 from tensorflow/master,JiangKui007,fea6447a,Merge pull request #4126 from npapernot/master,0.7142857142857142,11
8499,Merge pull request #1 from tensorflow/master,JiangKui007,be7da421,Merge pull request #4098 from augustjanse/typo,0.5714285714285714,20
8499,Merge pull request #1 from tensorflow/master,JiangKui007,e8863ed6,Merge pull request #3998 from alasin/master,0.7142857142857142,13
8499,Merge pull request #1 from tensorflow/master,JiangKui007,ed4e22b8,Merge pull request #3973 from pkulzc/master,0.7142857142857142,13
8499,Merge pull request #1 from tensorflow/master,JiangKui007,cac90a0e,Merge pull request #3977 from tensorflow/MarkDaoust-patch-2,0.629940788348712,19
8499,Merge pull request #1 from tensorflow/master,JiangKui007,f20fac82,Merge pull request #3957 from franckverrot/patch-1,0.6681531047810609,20
8499,Merge pull request #1 from tensorflow/master,JiangKui007,2c74e416,Merge pull request #3942 from asimshankar/mnist_sequential_and_estimator,0.5714285714285714,39
8499,Merge pull request #1 from tensorflow/master,JiangKui007,748ed3b6,Merge pull request #3941 from qlzh727/3885-fix,0.5345224838248487,20
8499,Merge pull request #1 from tensorflow/master,JiangKui007,aad56e4c,Merge pull request #3918 from andrefaraujo/master,0.7142857142857142,14
8499,Merge pull request #1 from tensorflow/master,JiangKui007,e3bfb9b8,Merge pull request #3744 from liangxiao05/master,0.7142857142857142,14
8499,Merge pull request #1 from tensorflow/master,JiangKui007,2506c9a6,Merge pull request #3914 from matiji66/master,0.7142857142857142,13
8499,Merge pull request #1 from tensorflow/master,JiangKui007,6741cfce,Merge pull request #3853 from walkerlala/add-ade20k,0.5345224838248487,22
8499,Merge pull request #1 from tensorflow/master,JiangKui007,77725c6c,Merge pull request #1 from matiji66/update-evaluation_protocols,0.6681531047810609,32
8499,Merge pull request #1 from tensorflow/master,JiangKui007,b6bcc450,Merge pull request #3911 from wonderit/evaluation_typo,0.5714285714285714,23
8499,Merge pull request #1 from tensorflow/master,JiangKui007,c79ae385,Merge pull request #3879 from akshayka/getting_started_with_eager,0.5714285714285714,32
8499,Merge pull request #1 from tensorflow/master,JiangKui007,77d3bbef,Merge pull request #3888 from hsm207/patch-3,0.5345224838248487,19
8499,Merge pull request #1 from tensorflow/master,JiangKui007,57b99319,Merge pull request #3820 from joel-shor/master,0.6681531047810609,13
8499,Merge pull request #1 from tensorflow/master,JiangKui007,ba2b8e00,Merge pull request #3850 from dheera/master,0.7142857142857142,13
8499,Merge pull request #1 from tensorflow/master,JiangKui007,2041d5ca,Merge pull request #3852 from DefineFC/deeplab-py3,0.5345224838248487,21
8499,Merge pull request #1 from tensorflow/master,JiangKui007,047bcef3,Merge pull request #3855 from rerngvit/fix/attention_ocr_momentum_flag,0.5345224838248487,37
8499,Merge pull request #1 from tensorflow/master,JiangKui007,02d40e9f,Merge pull request #3843 from akshayka/gpu_fix,0.5714285714285714,20
8499,Merge pull request #1 from tensorflow/master,JiangKui007,8d6663c7,Merge pull request #3862 from ilyamironov/master,0.7142857142857142,13
8499,Merge pull request #1 from tensorflow/master,JiangKui007,abd50423,Merge pull request #3846 from pkulzc/master,0.7142857142857142,13
8499,Merge pull request #1 from tensorflow/master,JiangKui007,769d11d8,Merge pull request #3828 from lukemetz/master,0.7142857142857142,14
8499,Merge pull request #1 from tensorflow/master,JiangKui007,dcfe009a,Merge pull request #3712 from rzumer/fix-compression,0.5345224838248487,21
8499,Merge pull request #1 from tensorflow/master,JiangKui007,d640ab9c,Merge pull request #3821 from lamberta/fix-nb-eager,0.5039526306789696,20
8499,Merge pull request #1 from tensorflow/master,JiangKui007,46377f88,Merge pull request #3766 from walkerlala/myrepo/master,0.6681531047810609,19
8499,Merge pull request #1 from tensorflow/master,JiangKui007,365ea208,Merge pull request #3817 from lamberta/fix-notebook,0.5345224838248487,21
8499,Merge pull request #1 from tensorflow/master,JiangKui007,4e71c064,Merge pull request #3816 from lamberta/fix-nb-title,0.5039526306789696,21
8499,Merge pull request #1 from tensorflow/master,JiangKui007,e52a22c9,Merge pull request #3815 from allenlavoie/master,0.7142857142857142,13
8499,Merge pull request #1 from tensorflow/master,JiangKui007,b806805b,Merge pull request #3814 from lamberta/fix-notebook-links,0.5039526306789696,27
8499,Merge pull request #1 from tensorflow/master,JiangKui007,0120dfe6,Merge pull request #3810 from aaaasssddf/master,0.7142857142857142,13
8499,Merge pull request #1 from tensorflow/master,JiangKui007,a47a9d95,Merge pull request #3812 from lamberta/getting-started,0.5345224838248487,23
8499,Merge pull request #1 from tensorflow/master,JiangKui007,b0e33112,Merge pull request #3811 from akshayka/master,0.7142857142857142,12
8499,Merge pull request #1 from tensorflow/master,JiangKui007,16af6582,Merge pull request #3807 from akshayka/master,0.7142857142857142,13
8499,Merge pull request #1 from tensorflow/master,JiangKui007,31fc8965,Merge pull request #3679 from harshul1610/master,0.7142857142857142,14
8499,Merge pull request #1 from tensorflow/master,JiangKui007,848b2f17,Merge pull request #3758 from hsm207/patch-2,0.5345224838248487,19
8499,Merge pull request #1 from tensorflow/master,JiangKui007,2d599d11,Merge pull request #3756 from fmannan/deeplab_demo_notebook_py2and3,0.5714285714285714,36
8499,Merge pull request #1 from tensorflow/master,JiangKui007,e658d645,Merge pull request #1 from liangxiao05/liangxiao05-patch-1,0.628970902033151,26
8499,Merge pull request #1 from tensorflow/master,JiangKui007,1d38a225,Merge pull request #3669 from sm176357/patch-1,0.6681531047810609,20
8499,Merge pull request #1 from tensorflow/master,JiangKui007,f78281e9,Merge pull request #3709 from YknZhu/master,0.7142857142857142,13
8499,Merge pull request #1 from tensorflow/master,JiangKui007,d4cd02b9,Merge pull request #3686 from hsm207/patch-2,0.5345224838248487,19
8499,Merge pull request #1 from tensorflow/master,JiangKui007,51ea4925,Merge pull request #3693 from hsm207/patch-3,0.5345224838248487,19
8499,Merge pull request #1 from tensorflow/master,JiangKui007,67d65c69,Merge pull request #3691 from tensorflow/readme-run-instructions,0.629940788348712,23
8499,Merge pull request #1 from tensorflow/master,JiangKui007,f478547e,Merge pull request #3694 from tensorflow/resnet-l2-loss,0.629940788348712,16
8499,Merge pull request #1 from tensorflow/master,JiangKui007,2913cb24,Merge pull request #3692 from ewanlee/patch-1,0.6681531047810609,18
8499,Merge pull request #1 from tensorflow/master,JiangKui007,deb772d5,Merge pull request #3683 from waterson/master,0.7142857142857142,12
8499,Merge pull request #1 from tensorflow/master,JiangKui007,2b775720,Merge pull request #3645 from tensorflow/aselle-patch-1,0.7559289460184544,16
8499,Merge pull request #1 from tensorflow/master,JiangKui007,875fcb3b,Merge pull request #3619 from qlzh727/model_test,0.5714285714285714,19
8499,Merge pull request #1 from tensorflow/master,JiangKui007,5a02f059,Merge pull request #3652 from asimshankar/java-readme,0.5345224838248487,23
8499,Merge pull request #1 from tensorflow/master,JiangKui007,d9266ae6,Merge pull request #3622 from cshallue/py3,0.5714285714285714,18
8499,Merge pull request #1 from tensorflow/master,JiangKui007,7e4c66b2,Merge pull request #3630 from joel-shor/master,0.6681531047810609,13
8499,Merge pull request #1 from tensorflow/master,JiangKui007,f028970f,Merge pull request #3623 from pkulzc/master,0.7142857142857142,13
8499,Merge pull request #1 from tensorflow/master,JiangKui007,d3067c21,Merge pull request #3620 from YogeshGK/master,0.7142857142857142,14
8499,Merge pull request #1 from tensorflow/master,JiangKui007,c31b3c2c,Merge pull request #3604 from aquariusjay/master,0.7142857142857142,15
8499,Merge pull request #1 from tensorflow/master,JiangKui007,8f6c3708,Merge pull request #3602 from aquariusjay/master,0.7142857142857142,15
8499,Merge pull request #1 from tensorflow/master,JiangKui007,af79775b,Merge pull request #3587 from hsm207/patch-1,0.6681531047810609,19
8499,Merge pull request #1 from tensorflow/master,JiangKui007,bf5186b0,Merge pull request #3585 from qlzh727/benchmark-schema,0.5345224838248487,24
8499,Merge pull request #1 from tensorflow/master,JiangKui007,69c75593,Merge pull request #3581 from chengpohi/patch-1,0.6681531047810609,18
8499,Merge pull request #1 from tensorflow/master,JiangKui007,36abfad3,Merge pull request #3580 from supercourage/master,0.7142857142857142,14
8499,Merge pull request #1 from tensorflow/master,JiangKui007,059c79ac,Merge pull request #3551 from YknZhu/master,0.7142857142857142,12
8499,Merge pull request #1 from tensorflow/master,JiangKui007,ac6ab360,Merge pull request #3260 from lc0/dataset,0.5714285714285714,18
8499,Merge pull request #1 from tensorflow/master,JiangKui007,3f78f4cf,Merge pull request #3494 from pkulzc/master,0.7142857142857142,13
8499,Merge pull request #1 from tensorflow/master,JiangKui007,73748d01,Merge pull request #3555 from cshallue/master,0.7142857142857142,12
8499,Merge pull request #1 from tensorflow/master,JiangKui007,05ccaf88,Merge pull request #3521 from YknZhu/master,0.7142857142857142,12
8499,Merge pull request #1 from tensorflow/master,JiangKui007,6571d16d,Merge pull request #3544 from cshallue/master,0.7142857142857142,12
8499,Merge pull request #1 from tensorflow/master,JiangKui007,92083555,Merge pull request #3534 from MTDzi/master,0.7142857142857142,14
8499,Merge pull request #1 from tensorflow/master,JiangKui007,95385809,Merge pull request #3535 from allenlavoie/master,0.7142857142857142,14
8499,Merge pull request #1 from tensorflow/master,JiangKui007,e029542a,Merge pull request #3520 from cclauss/from-six.moves-import-xrange-again,0.5050762722761054,39
8499,Merge pull request #1 from tensorflow/master,JiangKui007,a8bb5926,Merge pull request #3322 from Yakings/master,0.7142857142857142,14
8499,Merge pull request #1 from tensorflow/master,JiangKui007,1a92eed0,Merge pull request #3511 from hsm207/patch-3,0.5345224838248487,18
8499,Merge pull request #1 from tensorflow/master,JiangKui007,ea7481c8,Merge pull request #3510 from tensorflow/tpu_mnist_cluster_resolver,0.7142857142857142,24
8499,Merge pull request #1 from tensorflow/master,JiangKui007,49ea96cb,Merge pull request #3504 from tensorflow/fix/remove-jenkins,0.629940788348712,20
8499,Merge pull request #1 from tensorflow/master,JiangKui007,0d4f35d9,Merge pull request #3371 from joel-shor/master,0.6681531047810609,12
8499,Merge pull request #1 from tensorflow/master,JiangKui007,17a5bdc8,Merge pull request #3487 from a-dai/master,0.6681531047810609,14
8499,Merge pull request #1 from tensorflow/master,JiangKui007,7d16fc45,Merge pull request #3486 from a-dai/master,0.6681531047810609,14
8499,Merge pull request #1 from tensorflow/master,JiangKui007,5fe5a4ba,Merge pull request #3471 from a-dai/master,0.6681531047810609,13
8499,Merge pull request #1 from tensorflow/master,JiangKui007,599521ef,Merge pull request #3474 from suharshs/master,0.7142857142857142,13
8499,Merge pull request #1 from tensorflow/master,JiangKui007,4b92df89,Merge pull request #3453 from MTDzi/master,0.7142857142857142,14
8499,Merge pull request #1 from tensorflow/master,JiangKui007,5a9951a8,Merge pull request #3447 from a-dai/master,0.6681531047810609,14
8499,Merge pull request #1 from tensorflow/master,JiangKui007,39326fb6,Merge pull request #3469 from MarkDaoust/del_seq2seq,0.5714285714285714,23
8499,Merge pull request #1 from tensorflow/master,JiangKui007,d903d5ed,Merge pull request #3414 from a-dai/master,0.6681531047810609,13
8499,Merge pull request #1 from tensorflow/master,JiangKui007,d6d08682,Merge pull request #3425 from darthdeus/patch-1,0.6681531047810609,20
8499,Merge pull request #1 from tensorflow/master,JiangKui007,be9b8025,Merge pull request #3380 from pkulzc/master,0.7142857142857142,13
8499,Merge pull request #1 from tensorflow/master,JiangKui007,d3143cbc,Merge pull request #3410 from mgruben/patch-1,0.6681531047810609,18
8499,Merge pull request #1 from tensorflow/master,JiangKui007,af6527c9,Merge pull request #3402 from a-dai/master,0.6681531047810609,14
8499,Merge pull request #1 from tensorflow/master,JiangKui007,f51da4bb,Merge pull request #3400 from asimshankar/mnist-eager,0.5345224838248487,20
8499,Merge pull request #1 from tensorflow/master,JiangKui007,4c054148,Merge pull request #3375 from andrefaraujo/master,0.7142857142857142,15
8499,Merge pull request #1 from tensorflow/master,JiangKui007,20a4313d,Merge pull request #3378 from plakal/master,0.7142857142857142,13
8499,Merge pull request #1 from tensorflow/master,JiangKui007,3e9e7a60,Merge pull request #3376 from plakal/master,0.7142857142857142,13
8499,Merge pull request #1 from tensorflow/master,JiangKui007,809fc4d0,Merge pull request #3306 from SiddhantKapil/patch-1,0.6681531047810609,23
8499,Merge pull request #1 from tensorflow/master,JiangKui007,fd7b6887,Merge pull request #3293 from pkulzc/master,0.7142857142857142,13
8499,Merge pull request #1 from tensorflow/master,JiangKui007,f98ec55e,Merge pull request #3353 from plakal/master,0.7142857142857142,13
8499,Merge pull request #1 from tensorflow/master,JiangKui007,aa2b818e,Merge pull request #3354 from sussillo/master,0.7142857142857142,11
8499,Merge pull request #1 from tensorflow/master,JiangKui007,05b7b7ee,Merge pull request #2898 from cpandar/master,0.7142857142857142,13
8499,Merge pull request #1 from tensorflow/master,JiangKui007,3022f945,Merge pull request #2898 from cpandar/master,0.7142857142857142,13
8499,Merge pull request #1 from tensorflow/master,JiangKui007,99400da5,Merge pull request #3339 from newcoder/cifar10_estimator_pickle,0.5714285714285714,30
8499,Merge pull request #1 from tensorflow/master,JiangKui007,565c3fa3,Merge pull request #3343 from tensorflow/resnet-num-classes,0.629940788348712,18
8499,Merge pull request #1 from tensorflow/master,JiangKui007,7cb653fd,Merge pull request #3342 from tensorflow/fix-mnist_tpu,0.6681531047810609,14
8499,Merge pull request #1 from tensorflow/master,JiangKui007,f568ca59,Merge pull request #3340 from tensorflow/convert_image_dtype-explanation,0.6681531047810609,31
8499,Merge pull request #1 from tensorflow/master,JiangKui007,40d29d42,Merge pull request #3341 from tensorflow/aselle-patch-1,0.7559289460184544,15
8499,Merge pull request #1 from tensorflow/master,JiangKui007,95aec51f,Merge pull request #3334 from tensorflow/input_fn_dataset,0.7142857142857142,18
8499,Merge pull request #1 from tensorflow/master,JiangKui007,b7edd6e3,Merge pull request #3336 from tensorflow/frankchn-patch-1,0.7559289460184544,18
8499,Merge pull request #1 from tensorflow/master,JiangKui007,aff0c314,Merge pull request #3335 from tensorflow/frankchn-cluster-resolver,0.629940788348712,24
8499,Merge pull request #1 from tensorflow/master,JiangKui007,cacb4c6d,Merge pull request #3333 from hsm207/patch-1,0.6681531047810609,19
8499,Merge pull request #1 from tensorflow/master,JiangKui007,9ff6d51b,Merge pull request #3314 from djoshea/do_train_readin,0.5714285714285714,22
8499,Merge pull request #1 from tensorflow/master,JiangKui007,079d67d9,Merge pull request #3296 from unratito/patch-1,0.6681531047810609,18
8499,Merge pull request #1 from tensorflow/master,JiangKui007,9074c326,Merge pull request #3300 from MarkDaoust/return_dataset,0.5714285714285714,25
8499,Merge pull request #1 from tensorflow/master,JiangKui007,90301fb4,Merge pull request #3312 from joel-shor/master,0.6681531047810609,12
8499,Merge pull request #1 from tensorflow/master,JiangKui007,6b2d1269,Merge pull request #3324 from andrefaraujo/master,0.7142857142857142,15
8499,Merge pull request #1 from tensorflow/master,JiangKui007,26584e08,Merge pull request #3325 from yanboliang/ptb-rnn,0.5345224838248487,19
8499,Merge pull request #1 from tensorflow/master,JiangKui007,6c874e17,Merge pull request #3315 from andrefaraujo/master,0.7142857142857142,14
8499,Merge pull request #1 from tensorflow/master,JiangKui007,bc509fa8,Merge pull request #3288 from MarkDaoust/clear_softmax_warning_mnist,0.5714285714285714,36
8499,Merge pull request #1 from tensorflow/master,JiangKui007,7ef602be,Merge pull request #3285 from panyx0718/master,0.7142857142857142,13
8499,Merge pull request #1 from tensorflow/master,JiangKui007,363d5e19,Merge pull request #3278 from frreiss/cifar-reg,0.5345224838248487,20
8499,Merge pull request #1 from tensorflow/master,JiangKui007,22ded041,Merge pull request #3280 from tensorflow/revert-3227-clear_softmax_warning_mnist,0.629940788348712,39
8499,Merge pull request #1 from tensorflow/master,JiangKui007,10805b06,Merge pull request #3153 from StevenHickson/master,0.7142857142857142,12
8499,Merge pull request #1 from tensorflow/master,JiangKui007,17f7d552,Merge pull request #3227 from MarkDaoust/clear_softmax_warning_mnist,0.5714285714285714,36
8499,Merge pull request #1 from tensorflow/master,JiangKui007,0f2fc58d,Merge pull request #2866 from cclauss/patch-13,0.5345224838248487,21
8499,Merge pull request #1 from tensorflow/master,JiangKui007,5c760f3e,Merge pull request #2865 from cclauss/patch-6,0.5345224838248487,20
8499,Merge pull request #1 from tensorflow/master,JiangKui007,1f34fcaf,Merge pull request #3141 from yaroslavvb/patch-1,0.6681531047810609,19
8499,Merge pull request #1 from tensorflow/master,JiangKui007,5fa2a4e6,Merge pull request #3230 from tensorflow/cifar10_estimator-owners,0.6681531047810609,23
8499,Merge pull request #1 from tensorflow/master,JiangKui007,d2aa29f1,Merge pull request #3232 from cclauss/patch-3,0.5345224838248487,20
8499,Merge pull request #1 from tensorflow/master,JiangKui007,855ed1ba,Merge pull request #3234 from tensorflow/revert-mnist-multi-gpu,0.5976143046671968,23
8499,Merge pull request #1 from tensorflow/master,JiangKui007,4129bd12,Merge pull request #3228 from cshallue/master,0.7142857142857142,12
8499,Merge pull request #1 from tensorflow/master,JiangKui007,1d31378d,Merge pull request #3201 from asimshankar/java-readme,0.5345224838248487,22
8499,Merge pull request #1 from tensorflow/master,JiangKui007,d90d5280,Merge pull request #3206 from cclauss/from-six.moves-import-xrange,0.5241424183609592,33
8499,Merge pull request #1 from tensorflow/master,JiangKui007,6fc65ee6,Merge pull request #3056 from daquexian/patch-1,0.6681531047810609,20
8499,Merge pull request #1 from tensorflow/master,JiangKui007,3cb798fe,Merge pull request #3063 from DecentGradient/readme,0.5714285714285714,20
8499,Merge pull request #1 from tensorflow/master,JiangKui007,f729a8c8,Merge pull request #3070 from DecentGradient/eval,0.5714285714285714,20
8499,Merge pull request #1 from tensorflow/master,JiangKui007,d7647763,Merge pull request #3080 from DecentGradient/infer,0.5714285714285714,19
8499,Merge pull request #1 from tensorflow/master,JiangKui007,b954152e,Merge pull request #3198 from asimshankar/java-readme,0.5345224838248487,22
8499,Merge pull request #1 from tensorflow/master,JiangKui007,391938b0,Merge pull request #3190 from asimshankar/mnist-file,0.5345224838248487,20
8499,Merge pull request #1 from tensorflow/master,JiangKui007,9325ea8f,Merge pull request #3180 from tensorflow/MarkDaoust-patch-2,0.629940788348712,18
8499,Merge pull request #1 from tensorflow/master,JiangKui007,ca15f5d9,Merge pull request #3157 from asimshankar/java-samples,0.5345224838248487,22
8499,Merge pull request #1 from tensorflow/master,JiangKui007,99491464,Merge pull request #3140 from ashaw596/patch-1,0.6681531047810609,18
8499,Merge pull request #1 from tensorflow/master,JiangKui007,c0cb0da1,Merge pull request #3160 from ofirnachum/master,0.7142857142857142,13
8499,Merge pull request #1 from tensorflow/master,JiangKui007,1887a5fe,Merge pull request #3149 from MikalaiDrabovich/patch-1,0.6681531047810609,23
8499,Merge pull request #1 from tensorflow/master,JiangKui007,aafe60d5,Merge pull request #3156 from danabo/master,0.7142857142857142,11
8499,Merge pull request #1 from tensorflow/master,JiangKui007,9b57f41c,Merge pull request #3133 from tensorflow/add-karmel,0.6681531047810609,11
8499,Merge pull request #1 from tensorflow/master,JiangKui007,9e871d62,Merge pull request #3099 from tensorflow/MarkDaoust-patch-2,0.629940788348712,19
8499,Merge pull request #1 from tensorflow/master,JiangKui007,e3d7ff4a,Merge pull request #3106 from dakshvar22/master,0.7142857142857142,12
8499,Merge pull request #1 from tensorflow/master,JiangKui007,364f96dd,Merge pull request #3113 from asimshankar/mnist,0.5714285714285714,17
8499,Merge pull request #1 from tensorflow/master,JiangKui007,aeb8cfcb,Merge pull request #3122 from knowm/master,0.7142857142857142,11
8499,Merge pull request #1 from tensorflow/master,JiangKui007,f5125ddb,Merge pull request #3127 from danabo/master,0.7142857142857142,11
8499,Merge pull request #1 from tensorflow/master,JiangKui007,61822dab,Merge pull request #3126 from danabo/master,0.7142857142857142,11
8499,Merge pull request #1 from tensorflow/master,JiangKui007,54babf62,Merge pull request #3123 from tombstone/master,0.7142857142857142,12
8499,Merge pull request #1 from tensorflow/master,JiangKui007,c0cd713f,Merge pull request #3111 from alexgorban/master,0.7142857142857142,11
8499,Merge pull request #1 from tensorflow/master,JiangKui007,b719165d,Merge pull request #3108 from tensorflow/revert-2443-flags,0.629940788348712,19
8499,Merge pull request #1 from tensorflow/master,JiangKui007,ad5c1fbb,Merge pull request #2962 from tensorflow/av8ramit-patch-bazel-syntaxnet,0.5976143046671968,29
8499,Merge pull request #1 from tensorflow/master,JiangKui007,aedfa270,Merge pull request #3096 from krantideep95/patch-1,0.6681531047810609,21
8499,Merge pull request #1 from tensorflow/master,JiangKui007,8e4a1e2e,Merge pull request #3093 from asimshankar/mnist,0.5714285714285714,18
8499,Merge pull request #1 from tensorflow/master,JiangKui007,a3669a93,Merge pull request #3083 from josher19/patch-1,0.6681531047810609,19
8499,Merge pull request #1 from tensorflow/master,JiangKui007,fad60753,Merge pull request #3029 from tidyjiang8/tidyjiang8-patch-1,0.5698028822981898,29
8499,Merge pull request #1 from tensorflow/master,JiangKui007,928e5555,Merge pull request #3038 from tensorflow/cifar10-outdated,0.6681531047810609,17
8499,Merge pull request #1 from tensorflow/master,JiangKui007,6fb14a79,Merge pull request #3039 from tensorflow/inception-redirect,0.6681531047810609,19
8499,Merge pull request #1 from tensorflow/master,JiangKui007,04e50aa9,Merge pull request #3034 from asimshankar/mnist-flags,0.5345224838248487,22
8499,Merge pull request #1 from tensorflow/master,JiangKui007,72f5834c,Merge pull request #3024 from asimshankar/mnist,0.5714285714285714,18
8499,Merge pull request #1 from tensorflow/master,JiangKui007,0f5803bd,Merge pull request #3028 from tensorflow/mhyttsten-patch-2,0.629940788348712,17
8499,Merge pull request #1 from tensorflow/master,JiangKui007,d19587e4,Merge pull request #3027 from AlexeyKurakin/master,0.7142857142857142,15
8499,Merge pull request #1 from tensorflow/master,JiangKui007,1982755e,Merge pull request #3023 from tensorflow/mhyttsten-patch-1,0.7559289460184544,17
8499,Merge pull request #1 from tensorflow/master,JiangKui007,f40184cc,Merge pull request #3016 from tensorflow/codeowners-fix,0.6681531047810609,15
8499,Merge pull request #1 from tensorflow/master,JiangKui007,edb6ed22,Merge pull request #2536 from sbrodehl/patch-1,0.6681531047810609,19
8499,Merge pull request #1 from tensorflow/master,JiangKui007,4d0caf91,Merge pull request #2964 from larrytin/patch-1,0.6681531047810609,19
8499,Merge pull request #1 from tensorflow/master,JiangKui007,b980e404,Merge pull request #3009 from derekjchow/master,0.7142857142857142,11
8499,Merge pull request #1 from tensorflow/master,JiangKui007,0ae575f2,Merge pull request #3004 from tensorflow/resnet-checkpoint,0.6681531047810609,18
8499,Merge pull request #1 from tensorflow/master,JiangKui007,954825b0,Merge pull request #3007 from jzhugithub/master,0.7142857142857142,14
8499,Merge pull request #1 from tensorflow/master,JiangKui007,6db9f028,Merge pull request #2993 from tensorflow/quick-draw-rnn-readme,0.5976143046671968,23
8499,Merge pull request #1 from tensorflow/master,JiangKui007,395a6004,Merge pull request #2981 from asimshankar/mnist,0.5714285714285714,17
8499,Merge pull request #1 from tensorflow/master,JiangKui007,a24360a2,Merge pull request #2940 from Buzzology/patch-1,0.6681531047810609,18
8499,Merge pull request #1 from tensorflow/master,JiangKui007,d2995380,Merge pull request #2982 from marcbelmont/patch-1,0.6681531047810609,20
8499,Merge pull request #1 from tensorflow/master,JiangKui007,5a5d3305,Merge pull request #2969 from coreylynch/master,0.7142857142857142,14
8499,Merge pull request #1 from tensorflow/master,JiangKui007,69cf6fca,Merge pull request #2963 from vcarbune/master,0.7142857142857142,13
8499,Merge pull request #1 from tensorflow/master,JiangKui007,9b51944b,Merge pull request #2932 from joel-shor/master,0.6681531047810609,13
8499,Merge pull request #1 from tensorflow/master,JiangKui007,0b2bc49f,Merge pull request #2928 from dieterichlawson/master,0.7142857142857142,16
8499,Merge pull request #1 from tensorflow/master,JiangKui007,9d29fa9f,Merge pull request #2927 from joel-shor/github_author_change,0.5345224838248487,27
8499,Merge pull request #1 from tensorflow/master,JiangKui007,4d459762,Merge pull request #2414 from xcyan/fix_2240,0.5714285714285714,19
8499,Merge pull request #1 from tensorflow/master,JiangKui007,59e9b97f,Merge pull request #2413 from xcyan/fix_2219,0.5714285714285714,19
8499,Merge pull request #1 from tensorflow/master,JiangKui007,4347c2c5,Merge pull request #2925 from joel-shor/fix_usage_comment,0.5345224838248487,24
8499,Merge pull request #1 from tensorflow/master,JiangKui007,6e4bbb74,Merge pull request #2924 from joel-shor/fix_usage_comment,0.5345224838248487,24
8499,Merge pull request #1 from tensorflow/master,JiangKui007,42a3da72,Merge pull request #2920 from tensorflow/change-ptb-defaults,0.629940788348712,20
8499,Merge pull request #1 from tensorflow/master,JiangKui007,ecf24560,Merge pull request #2918 from joel-shor/master,0.6681531047810609,12
8499,Merge pull request #1 from tensorflow/master,JiangKui007,e8441652,Merge pull request #2895 from joel-shor/fix_codeowners,0.5345224838248487,21
8499,Merge pull request #1 from tensorflow/master,JiangKui007,8c1d3096,Merge pull request #2902 from joel-shor/fix_slim,0.5345224838248487,19
8499,Merge pull request #1 from tensorflow/master,JiangKui007,0d24f25e,Merge pull request #2896 from joel-shor/gan_toc,0.5345224838248487,18
8499,Merge pull request #1 from tensorflow/master,JiangKui007,d6099f10,Merge pull request #2893 from joel-shor/codeowners,0.5345224838248487,18
8499,Merge pull request #1 from tensorflow/master,JiangKui007,220772b5,Merge pull request #2863 from joel-shor/master,0.6681531047810609,13
8499,Merge pull request #1 from tensorflow/master,JiangKui007,51228caa,Merge pull request #2868 from tensorflow/fix-ptb-multi-rnn-cell,0.5698028822981898,23
8499,Merge pull request #1 from tensorflow/master,JiangKui007,a7f1c5ed,Merge pull request #2867 from tensorflow/mnist-readme,0.6681531047810609,12
8499,Merge pull request #1 from tensorflow/master,JiangKui007,b63a73df,Merge pull request #2849 from cclauss/patch-16,0.5345224838248487,21
8499,Merge pull request #1 from tensorflow/master,JiangKui007,1ac9d457,Merge pull request #2846 from cclauss/patch-6,0.5345224838248487,20
8499,Merge pull request #1 from tensorflow/master,JiangKui007,04c0249e,Merge pull request #2847 from cclauss/patch-14,0.5345224838248487,21
8499,Merge pull request #1 from tensorflow/master,JiangKui007,2ff9eff5,Merge pull request #2848 from cclauss/patch-15,0.5345224838248487,21
8499,Merge pull request #1 from tensorflow/master,JiangKui007,5266d031,Merge pull request #2862 from joel-shor/master,0.6681531047810609,13
8499,Merge pull request #1 from tensorflow/master,JiangKui007,0cc98628,Merge pull request #2842 from joel-shor/master,0.6681531047810609,13
8499,Merge pull request #1 from tensorflow/master,JiangKui007,1f3bbc02,Merge pull request #2795 from martinkersner/deprecated_get_or_create_global_step,0.5714285714285714,44
8499,Merge pull request #1 from tensorflow/master,JiangKui007,01aa7a4a,Merge pull request #2829 from tombstone/update_broken_ssd,0.5714285714285714,26
8499,Merge pull request #1 from tensorflow/master,JiangKui007,f20630e9,Merge pull request #2828 from tombstone/minor_updates,0.5714285714285714,21
8499,Merge pull request #1 from tensorflow/master,JiangKui007,8349eaf8,Merge pull request #2827 from tombstone/documentation,0.5714285714285714,21
8499,Merge pull request #1 from tensorflow/master,JiangKui007,676a4f70,Merge pull request #2826 from tombstone/inference,0.5714285714285714,20
8499,Merge pull request #1 from tensorflow/master,JiangKui007,60fc781d,Merge pull request #2825 from tombstone/update_metrics,0.5714285714285714,23
8499,Merge pull request #1 from tensorflow/master,JiangKui007,266c7b87,Merge pull request #2729 from tombstone/dataset_tools,0.5714285714285714,22
8499,Merge pull request #1 from tensorflow/master,JiangKui007,fedda45e,Merge pull request #2813 from tensorflow/mhyttsten-patch-1,0.7559289460184544,16
8499,Merge pull request #1 from tensorflow/master,JiangKui007,d710a973,Merge pull request #2792 from strubell/patch-1,0.6681531047810609,19
8499,Merge pull request #1 from tensorflow/master,JiangKui007,638fd759,Merge pull request #2723 from short-edition/master,0.6681531047810609,16
8499,Merge pull request #1 from tensorflow/master,JiangKui007,79264e3e,Merge pull request #2776 from alexgorban/master,0.7142857142857142,12
8499,Merge pull request #1 from tensorflow/master,JiangKui007,71349a10,Merge pull request #2565 from alexgorban/master,0.7142857142857142,12
8499,Merge pull request #1 from tensorflow/master,JiangKui007,3653ef1b,Merge pull request #2603 from charlesreid1/master,0.7142857142857142,15
8499,Merge pull request #1 from tensorflow/master,JiangKui007,b4304de2,Merge pull request #2768 from tombstone/update_nas_model_link,0.5714285714285714,29
8499,Merge pull request #1 from tensorflow/master,JiangKui007,16550634,Merge pull request #2765 from tombstone/preprocessor_builder,0.5714285714285714,27
8499,Merge pull request #1 from tensorflow/master,JiangKui007,18a4e59f,Merge pull request #2727 from tombstone/update_zoo,0.5714285714285714,20
8499,Merge pull request #1 from tensorflow/master,JiangKui007,4c37264d,Merge pull request #2745 from rockokw/readme,0.5714285714285714,17
8499,Merge pull request #1 from tensorflow/master,JiangKui007,4545fb11,Merge pull request #2744 from tensorflow/wide-deep-train-longer,0.5976143046671968,23
8499,Merge pull request #1 from tensorflow/master,JiangKui007,fd5e351f,Merge pull request #2743 from tensorflow/readme-link,0.6681531047810609,13
8499,Merge pull request #1 from tensorflow/master,JiangKui007,a6e1b895,Merge pull request #2732 from tensorflow/wide-deep-shuffle-size,0.5976143046671968,24
8499,Merge pull request #1 from tensorflow/master,JiangKui007,21b48a85,Merge pull request #2718 from tensorflow/flaky-wide-deep-test,0.5976143046671968,20
8499,Merge pull request #1 from tensorflow/master,JiangKui007,205c5e07,Merge pull request #2725 from tombstone/fix_difficult_list_eval,0.5714285714285714,30
8499,Merge pull request #1 from tensorflow/master,JiangKui007,f88def23,Merge pull request #2690 from tensorflow/tf-data,0.6681531047810609,11
8499,Merge pull request #1 from tensorflow/master,JiangKui007,dcc23689,Merge pull request #2704 from MarkDaoust/imports85,0.5714285714285714,21
8499,Merge pull request #1 from tensorflow/master,JiangKui007,c78b0624,Merge pull request #2698 from tombstone/py3compat,0.5714285714285714,20
8499,Merge pull request #1 from tensorflow/master,JiangKui007,1e2ada24,Merge pull request #2692 from tombstone/fix_example_decoder,0.5714285714285714,26
8499,Merge pull request #1 from tensorflow/master,JiangKui007,59b96e9a,Merge pull request #2689 from mari-linhares/patch-12,0.5039526306789696,24
8499,Merge pull request #1 from tensorflow/master,JiangKui007,1edc4efc,Merge pull request #2691 from case540/update_to_14,0.5714285714285714,21
8499,Merge pull request #1 from tensorflow/master,JiangKui007,3f5dbba9,Merge pull request #2685 from tensorflow/nas-fix-3,0.629940788348712,11
8499,Merge pull request #1 from tensorflow/master,JiangKui007,ddebf55c,Merge pull request #2682 from tombstone/exporter_flag,0.5714285714285714,22
8499,Merge pull request #1 from tensorflow/master,JiangKui007,406ec641,Merge pull request #2636 from tensorflow/sguada-patch-1,0.7559289460184544,16
8499,Merge pull request #1 from tensorflow/master,JiangKui007,2ba3001c,Merge pull request #2663 from tombstone/update_nas_model,0.5714285714285714,24
8499,Merge pull request #1 from tensorflow/master,JiangKui007,7d286cd3,Merge pull request #2651 from sguada/tmp1,0.5714285714285714,18
8499,Merge pull request #1 from tensorflow/master,JiangKui007,5166727a,Merge pull request #2650 from tensorflow/BarretZoph-patch-1,0.7559289460184544,20
8499,Merge pull request #1 from tensorflow/master,JiangKui007,d7d5e4fa,Merge pull request #2635 from sjentzsch/fix/2626,0.5345224838248487,20
8499,Merge pull request #1 from tensorflow/master,JiangKui007,059ffe4f,Merge pull request #2649 from BarretZoph/patch-1,0.6681531047810609,20
8499,Merge pull request #1 from tensorflow/master,JiangKui007,4e92bc57,Merge pull request #2639 from tombstone/data,0.5714285714285714,17
8499,Merge pull request #1 from tensorflow/master,JiangKui007,141ed951,Merge pull request #2637 from tombstone/nasnet_release,0.5714285714285714,23
8499,Merge pull request #1 from tensorflow/master,JiangKui007,74a03640,Merge pull request #2631 from tombstone/feature_extractors_update,0.5714285714285714,31
8499,Merge pull request #1 from tensorflow/master,JiangKui007,ff88581a,Merge pull request #2629 from tombstone/meta_arch_update,0.5714285714285714,25
8499,Merge pull request #1 from tensorflow/master,JiangKui007,57014e4c,Merge pull request #2627 from sguada/nasnet,0.5714285714285714,16
8499,Merge pull request #1 from tensorflow/master,JiangKui007,c46caa56,Merge pull request #2624 from tombstone/exporter_update,0.5714285714285714,24
8499,Merge pull request #1 from tensorflow/master,JiangKui007,9a811d95,Merge pull request #2622 from tombstone/evaluator,0.5714285714285714,18
8499,Merge pull request #1 from tensorflow/master,JiangKui007,a3c7d7e8,Merge pull request #2621 from tombstone/trainer,0.5714285714285714,16
8499,Merge pull request #1 from tensorflow/master,JiangKui007,9cfd2d93,Merge pull request #2620 from tombstone/update_builder,0.5714285714285714,23
8499,Merge pull request #1 from tensorflow/master,JiangKui007,20d74292,Merge pull request #2617 from tombstone/utils_update,0.5714285714285714,20
8499,Merge pull request #1 from tensorflow/master,JiangKui007,212bd0a6,Merge pull request #2619 from tombstone/update_protos,0.5714285714285714,21
8499,Merge pull request #1 from tensorflow/master,JiangKui007,34f1d6bf,Merge pull request #2615 from tombstone/label_maps,0.5714285714285714,19
8499,Merge pull request #1 from tensorflow/master,JiangKui007,01df1454,Merge pull request #2618 from tombstone/core_update,0.5714285714285714,19
8499,Merge pull request #1 from tensorflow/master,JiangKui007,770f138e,Merge pull request #2614 from tombstone/box_coder_update,0.5714285714285714,24
8499,Merge pull request #1 from tensorflow/master,JiangKui007,52a87b3a,Merge pull request #2581 from andrefaraujo/master,0.7142857142857142,14
8499,Merge pull request #1 from tensorflow/master,JiangKui007,9683ee99,Merge pull request #2568 from andrefaraujo/master,0.7142857142857142,15
8499,Merge pull request #1 from tensorflow/master,JiangKui007,6263692b,Merge pull request #2522 from crizCraig/patch-1,0.6681531047810609,19
8499,Merge pull request #1 from tensorflow/master,JiangKui007,fd65257c,Merge pull request #2539 from qpleple/patch-1,0.6681531047810609,19
8499,Merge pull request #1 from tensorflow/master,JiangKui007,baf8deb5,Merge pull request #2516 from vladmos/update_tensorflow,0.5714285714285714,24
8499,Merge pull request #1 from tensorflow/master,JiangKui007,1b728d47,Merge pull request #2526 from plakal/master,0.7142857142857142,13
8499,Merge pull request #1 from tensorflow/master,JiangKui007,66d20d87,Merge pull request #2488 from wagonhelm/patch-1,0.6681531047810609,19
8499,Merge pull request #1 from tensorflow/master,JiangKui007,2d1e1782,Merge pull request #2455 from tensorflow/update-imagenet-links,0.629940788348712,22
8499,Merge pull request #1 from tensorflow/master,JiangKui007,0e09477a,Merge pull request #2443 from tensorflow/flags,0.7142857142857142,10
8499,Merge pull request #1 from tensorflow/master,JiangKui007,30c916e2,Merge pull request #2410 from lime62/fix_typo_eval,0.5714285714285714,21
8499,Merge pull request #1 from tensorflow/master,JiangKui007,614338f9,Merge pull request #2282 from mees/fixEvalIOU#2239,0.5345224838248487,22
8499,Merge pull request #1 from tensorflow/master,JiangKui007,32105a38,Merge pull request #2296 from yjmade/patch-1,0.6681531047810609,20
8499,Merge pull request #1 from tensorflow/master,JiangKui007,0f97888b,Merge pull request #2344 from lime62/fix_typo_md,0.5714285714285714,21
8499,Merge pull request #1 from tensorflow/master,JiangKui007,58e425da,Merge pull request #2380 from solaris33/master,0.7142857142857142,13
8499,Merge pull request #1 from tensorflow/master,JiangKui007,91fbd5c5,Merge pull request #2373 from prats226/patch-1,0.6681531047810609,20
8499,Merge pull request #1 from tensorflow/master,JiangKui007,dd9a81c0,Merge pull request #2343 from elibixby/fixsyncreplicausage,0.5714285714285714,29
8499,Merge pull request #1 from tensorflow/master,JiangKui007,0415dd3e,Merge pull request #2363 from VastoLorde95/typo_fix,0.5714285714285714,22
8499,Merge pull request #1 from tensorflow/master,JiangKui007,bc86a539,Merge pull request #2259 from skwbc/str_decode_py3,0.5714285714285714,22
8499,Merge pull request #1 from tensorflow/master,JiangKui007,55e6e387,Merge pull request #2321 from mark86092/ptb-fix,0.5345224838248487,20
8499,Merge pull request #1 from tensorflow/master,JiangKui007,64f0ead2,Merge pull request #2198 from mees/fixVisualization#2197,0.5345224838248487,25
8499,Merge pull request #1 from tensorflow/master,JiangKui007,26e60496,Merge pull request #2349 from olganw/master,0.7142857142857142,12
8499,Merge pull request #1 from tensorflow/master,JiangKui007,51b7c2b3,Merge pull request #2166 from alexgorban/master,0.7142857142857142,11
8499,Merge pull request #1 from tensorflow/master,JiangKui007,6024579b,Merge pull request #2342 from derekjchow/master,0.7142857142857142,11
8499,Merge pull request #1 from tensorflow/master,JiangKui007,5db19735,Merge pull request #2340 from lime62/fix_code_doc,0.5714285714285714,22
8499,Merge pull request #1 from tensorflow/master,JiangKui007,b7ce045c,Merge pull request #2109 from cclauss/patch-5,0.5345224838248487,19
8499,Merge pull request #1 from tensorflow/master,JiangKui007,7c5fce18,Merge pull request #2333 from jzhugithub/master,0.7142857142857142,14
8499,Merge pull request #1 from tensorflow/master,JiangKui007,42f507f5,Merge pull request #2313 from vladmos/update_tensorflow,0.5714285714285714,24
8499,Merge pull request #1 from tensorflow/master,JiangKui007,2138f8cb,Merge pull request #2311 from vladmos/update_rules_closure,0.5714285714285714,27
8499,Merge pull request #1 from tensorflow/master,JiangKui007,7e9e15ad,Merge pull request #2056 from tfboyd/cifar_mkl,0.5714285714285714,19
8499,Merge pull request #1 from tensorflow/master,JiangKui007,3bf85a4e,Merge pull request #2254 from alanyee/master,0.7142857142857142,14
8499,Merge pull request #1 from tensorflow/master,JiangKui007,da62bb0b,Merge pull request #2284 from tfboyd/single_cmd_download,0.5714285714285714,26
8499,Merge pull request #1 from tensorflow/master,JiangKui007,aae631cc,Merge pull request #2152 from elibixby/cmlesupport,0.5714285714285714,20
8499,Merge pull request #1 from tensorflow/master,JiangKui007,a380b4b3,Merge pull request #2280 from AlexeyKurakin/master,0.7142857142857142,15
8499,Merge pull request #1 from tensorflow/master,JiangKui007,2243d30c,Merge pull request #2250 from cclauss/patch-15,0.5345224838248487,21
8499,Merge pull request #1 from tensorflow/master,JiangKui007,d1cdc444,Merge pull request #2264 from cshallue/master,0.7142857142857142,12
8499,Merge pull request #1 from tensorflow/master,JiangKui007,142c080c,Merge pull request #2263 from cshallue/master,0.7142857142857142,12
8499,Merge pull request #1 from tensorflow/master,JiangKui007,aae0a947,Merge pull request #2116 from cclauss/patch-3,0.5345224838248487,19
8499,Merge pull request #1 from tensorflow/master,JiangKui007,1eced707,Merge pull request #2199 from jch1/master,0.7142857142857142,13
8499,Merge pull request #1 from tensorflow/master,JiangKui007,6e93d249,Merge pull request #2114 from derekjchow/slim_cleanups,0.5714285714285714,21
8499,Merge pull request #1 from tensorflow/master,JiangKui007,9cd18941,Merge pull request #2184 from cclauss/patch-14,0.5345224838248487,20
8499,Merge pull request #1 from tensorflow/master,JiangKui007,a03b3638,Merge pull request #2167 from alexgorban/UpdateReadme,0.5714285714285714,21
8499,Merge pull request #1 from tensorflow/master,JiangKui007,36203f09,Merge pull request #2165 from plakal/master,0.7142857142857142,12
8499,Merge pull request #1 from tensorflow/master,JiangKui007,a2931072,Merge pull request #2134 from yuyuz/master,0.7142857142857142,13
8499,Merge pull request #1 from tensorflow/master,JiangKui007,3d792f93,Merge pull request #2089 from mari-linhares/patch-7,0.5039526306789696,23
8499,Merge pull request #1 from tensorflow/master,JiangKui007,2479cd93,Merge pull request #2131 from mari-linhares/patch-10,0.5039526306789696,23
8499,Merge pull request #1 from tensorflow/master,JiangKui007,424f8da6,Merge pull request #2103 from cclauss/patch-3,0.5345224838248487,19
8499,Merge pull request #1 from tensorflow/master,JiangKui007,5afeec21,Merge pull request #2113 from jazcollins/master,0.7142857142857142,12
8499,Merge pull request #1 from tensorflow/master,JiangKui007,f4b94e73,Merge pull request #2099 from derekjchow/inception,0.5714285714285714,19
8499,Merge pull request #1 from tensorflow/master,JiangKui007,0839edea,Merge pull request #2112 from jeuvilla/master,0.7142857142857142,11
8499,Merge pull request #1 from tensorflow/master,JiangKui007,6d140f13,Merge pull request #2101 from mari-linhares/patch-9,0.5039526306789696,22
8499,Merge pull request #1 from tensorflow/master,JiangKui007,4d543417,Merge pull request #2090 from mari-linhares/patch-8,0.5039526306789696,23
8499,Merge pull request #1 from tensorflow/master,JiangKui007,c3b69841,Merge pull request #2080 from mari-linhares/patch-5,0.5039526306789696,23
8499,Merge pull request #1 from tensorflow/master,JiangKui007,751bfb3f,Merge pull request #2065 from derekjchow/limits,0.5714285714285714,17
8499,Merge pull request #1 from tensorflow/master,JiangKui007,04235f9b,Merge pull request #1889 from mari-linhares/cifar10_experiment,0.5345224838248487,30
8499,Merge pull request #1 from tensorflow/master,JiangKui007,ed65b632,Merge pull request #2052 from derekjchow/docs,0.5714285714285714,17
8499,Merge pull request #1 from tensorflow/master,JiangKui007,12a9dce2,Merge pull request #2050 from djoshea/master,0.7142857142857142,13
8499,Merge pull request #1 from tensorflow/master,JiangKui007,582bf927,Merge pull request #2053 from derekjchow/master,0.7142857142857142,11
8499,Merge pull request #1 from tensorflow/master,JiangKui007,ecf5edf1,Merge pull request #1800 from txizzle/master,0.7142857142857142,11
8499,Merge pull request #1 from tensorflow/master,JiangKui007,3b13e8b7,Merge pull request #2042 from calyun/master,0.7142857142857142,14
8499,Merge pull request #1 from tensorflow/master,JiangKui007,30268a43,Merge pull request #1945 from mari-linhares/patch-1,0.629940788348712,22
8499,Merge pull request #1 from tensorflow/master,JiangKui007,1f6bfcfa,Merge pull request #1954 from korrawat/slim-readme,0.5345224838248487,21
8499,Merge pull request #1 from tensorflow/master,JiangKui007,013dca68,Merge pull request #1967 from s-gupta/patch-1,0.629940788348712,18
8499,Merge pull request #1 from tensorflow/master,JiangKui007,7dde2e2f,Merge pull request #2044 from tfboyd/cifar_estimator,0.5714285714285714,21
8499,Merge pull request #1 from tensorflow/master,JiangKui007,30aeec75,Merge pull request #2 from tensorflow/master,0.857142857142857,1
8499,Merge pull request #1 from tensorflow/master,JiangKui007,78007443,Merge pull request #2024 from naurril/master,0.7142857142857142,12
8499,Merge pull request #1 from tensorflow/master,JiangKui007,703bcbab,Merge pull request #2029 from gjtucker/master,0.7142857142857142,14
8499,Merge pull request #1 from tensorflow/master,JiangKui007,e88d0cf4,Merge pull request #1797 from petewarden/master,0.7142857142857142,12
8499,Merge pull request #1 from tensorflow/master,JiangKui007,09210be2,Merge pull request #2012 from sussillo/master,0.7142857142857142,10
8499,Merge pull request #1 from tensorflow/master,JiangKui007,09f32cea,Merge pull request #2002 from dmrd/master,0.7142857142857142,13
8499,Merge pull request #1 from tensorflow/master,JiangKui007,3d76b69f,Merge pull request #1999 from arkanath/master,0.7142857142857142,13
8499,Merge pull request #1 from tensorflow/master,JiangKui007,b528ede6,Merge pull request #1998 from mari-linhares/patch-2,0.5039526306789696,22
8499,Merge pull request #1 from tensorflow/master,JiangKui007,2a5f2a95,Merge pull request #1984 from allenlavoie/master,0.7142857142857142,13
8499,Merge pull request #1 from tensorflow/master,JiangKui007,504bc193,Merge pull request #1922 from emsansone/issue-#1858,0.5345224838248487,20
8499,Merge pull request #1 from tensorflow/master,JiangKui007,2cae3c06,Merge pull request #1982 from nottombrown/patch-1,0.6681531047810609,17
8499,Merge pull request #1 from tensorflow/master,JiangKui007,a57a00f6,Merge pull request #1959 from tensorflow/add_fixed_embeddings,0.7142857142857142,22
8499,Merge pull request #1 from tensorflow/master,JiangKui007,3646eef8,Merge pull request #1963 from brettkoonce/docs_tweak,0.5714285714285714,20
8499,Merge pull request #1 from tensorflow/master,JiangKui007,eeb00c02,Merge pull request #1965 from korrawat/obj_detection_nb,0.5714285714285714,25
8499,Merge pull request #1 from tensorflow/master,JiangKui007,fe2f8b01,Merge pull request #1938 from korrawat/remove-flag,0.5345224838248487,22
8499,Merge pull request #1 from tensorflow/master,JiangKui007,7498c961,Merge pull request #1947 from derekjchow/master,0.7142857142857142,10
8499,Merge pull request #1 from tensorflow/master,JiangKui007,4e5e2497,Merge pull request #1918 from korrawat/g3doc-dir,0.5345224838248487,20
8499,Merge pull request #1 from tensorflow/master,JiangKui007,05efe3aa,Merge pull request #1837 from jaewoosong/master,0.7142857142857142,12
8499,Merge pull request #1 from tensorflow/master,JiangKui007,f633dd97,Merge pull request #1851 from TJCVRS/master,0.7142857142857142,13
8499,Merge pull request #1 from tensorflow/master,JiangKui007,5dfce9a7,Merge pull request #1860 from jubjamie/patch-1,0.6681531047810609,19
8499,Merge pull request #1 from tensorflow/master,JiangKui007,bf9c917a,Merge pull request #1870 from korrawat/export_inf_graph,0.5714285714285714,24
8499,Merge pull request #1 from tensorflow/master,JiangKui007,2d5b39ad,Merge pull request #1865 from alexgorban/master,0.7142857142857142,11
8499,Merge pull request #1 from tensorflow/master,JiangKui007,f679a001,Merge pull request #1913 from derekjchow/master,0.7142857142857142,10
8499,Merge pull request #1 from tensorflow/master,JiangKui007,ce840bf0,Merge pull request #1937 from jazcollins/master,0.7142857142857142,12
8499,Merge pull request #1 from tensorflow/master,JiangKui007,b879a927,Merge pull request #1929 from tensorflow/code-owners,0.6681531047810609,12
8499,Merge pull request #1 from tensorflow/master,JiangKui007,11883ec6,Merge pull request #1903 from thess24/master,0.7142857142857142,11
8499,Merge pull request #1 from tensorflow/master,JiangKui007,beeae099,Merge pull request #1912 from tensorflow/cifar10_estimator,0.7142857142857142,16
8499,Merge pull request #1 from tensorflow/master,JiangKui007,3d97b007,Merge pull request #1891 from mari-linhares/fixing_contributing_typo,0.5345224838248487,36
8499,Merge pull request #1 from tensorflow/master,JiangKui007,c03c27bf,Merge pull request #1895 from derekjchow/master,0.7142857142857142,10
8499,Merge pull request #1 from tensorflow/master,JiangKui007,a75dcd5b,Merge pull request #1869 from tmattio/master,0.7142857142857142,11
8499,Merge pull request #1 from tensorflow/master,JiangKui007,c0b5d11d,Merge pull request #1893 from derekjchow/master,0.7142857142857142,10
8499,Merge pull request #1 from tensorflow/master,JiangKui007,fdb70c22,Merge pull request #1861 from derekjchow/master,0.7142857142857142,10
8499,Merge pull request #1 from tensorflow/master,JiangKui007,d71cbd0c,Merge pull request #1867 from tensorflow/fix-reversions,0.6681531047810609,15
8499,Merge pull request #1 from tensorflow/master,JiangKui007,8cedd479,Merge pull request #1878 from ofirnachum/master,0.7142857142857142,13
8499,Merge pull request #1 from tensorflow/master,JiangKui007,252fffb2,Merge pull request #1821 from tensorflow/cifar10_estimator,0.7142857142857142,16
8499,Merge pull request #1 from tensorflow/master,JiangKui007,a2970b03,Merge pull request #1855 from g-ozawa/patch-1,0.629940788348712,18
8499,Merge pull request #1 from tensorflow/master,JiangKui007,46ef4860,Merge pull request #1822 from alexlee-gk/master,0.6681531047810609,13
8499,Merge pull request #1 from tensorflow/master,JiangKui007,afabda6d,Merge pull request #1775 from akssri/patch-1,0.6681531047810609,17
8499,Merge pull request #1 from tensorflow/master,JiangKui007,64fe1dfe,Merge pull request #1824 from korrawat/minor-typo,0.5345224838248487,20
8499,Merge pull request #1 from tensorflow/master,JiangKui007,87bf3b05,Merge pull request #1827 from korrawat/install-instruction,0.5345224838248487,26
8499,Merge pull request #1 from tensorflow/master,JiangKui007,6e367f67,Merge pull request #1479 from chantera/master,0.7142857142857142,12
8499,Merge pull request #1 from tensorflow/master,JiangKui007,3b15402f,Merge pull request #1801 from jiaphuan/patch-1,0.6681531047810609,19
8499,Merge pull request #1 from tensorflow/master,JiangKui007,6685fb8b,Merge pull request #1593 from justanhduc/patch-2,0.5345224838248487,19
8499,Merge pull request #1 from tensorflow/master,JiangKui007,1b7eb90f,Merge pull request #1810 from NilsLattek/master,0.7142857142857142,12
8499,Merge pull request #1 from tensorflow/master,JiangKui007,dac4fbab,Merge pull request #1774 from korrawat/obj_detect_typo,0.5714285714285714,24
8499,Merge pull request #1 from tensorflow/master,JiangKui007,e648b94a,Merge pull request #1742 from callofdutyops/patch-1,0.6681531047810609,20
8499,Merge pull request #1 from tensorflow/master,JiangKui007,b3ea60c2,Merge pull request #1776 from akssri/patch-2,0.5345224838248487,17
8499,Merge pull request #1 from tensorflow/master,JiangKui007,7c7b01f1,Merge pull request #1786 from derekjchow/master,0.7142857142857142,10
8499,Merge pull request #1 from tensorflow/master,JiangKui007,5196648b,Merge pull request #1785 from derekjchow/master,0.7142857142857142,10
8499,Merge pull request #1 from tensorflow/master,JiangKui007,0e363ccf,Merge pull request #1763 from ByeongjooAhn/bahn-objectdetection-py3,0.5039526306789696,34
8499,Merge pull request #1 from tensorflow/master,JiangKui007,58417e76,Merge pull request #1780 from tombstone/master,0.7142857142857142,12
8499,Merge pull request #1 from tensorflow/master,JiangKui007,485b6fe2,Merge pull request #1768 from jazcollins/master,0.7142857142857142,12
8499,Merge pull request #1 from tensorflow/master,JiangKui007,56765e5b,Merge pull request #1755 from bmabey/patch-1,0.6681531047810609,19
8499,Merge pull request #1 from tensorflow/master,JiangKui007,f3ba86ef,Merge pull request #1756 from bmabey/patch-2,0.5345224838248487,19
8499,Merge pull request #1 from tensorflow/master,JiangKui007,a378fb7f,Merge pull request #1739 from jazcollins/master,0.7142857142857142,12
8499,Merge pull request #1 from tensorflow/master,JiangKui007,05952ff8,Merge pull request #1726 from ericj974/master,0.7142857142857142,12
8499,Merge pull request #1 from tensorflow/master,JiangKui007,4c7d1708,Merge pull request #1737 from zsdonghao/patch-1,0.6681531047810609,18
8499,Merge pull request #1 from tensorflow/master,JiangKui007,daf4bf93,Merge pull request #1582 from MatthiasWinkelmann/patch-1,0.6681531047810609,24
8499,Merge pull request #1 from tensorflow/master,JiangKui007,a0df9bd3,Merge pull request #1588 from dheera/patch-1,0.6681531047810609,18
8499,Merge pull request #1 from tensorflow/master,JiangKui007,a5cab46d,Merge pull request #1583 from tensorflow/remove-comment,0.6681531047810609,15
8499,Merge pull request #1 from tensorflow/master,JiangKui007,1514b376,Merge pull request #1461 from EvanKepner/master,0.7142857142857142,13
8499,Merge pull request #1 from tensorflow/master,JiangKui007,fb96b71a,Merge pull request #1578 from tensorflow/aselle-patch-1,0.7559289460184544,15
8499,Merge pull request #1 from tensorflow/master,JiangKui007,c5462fb3,Merge pull request #1567 from tensorflow/readme,0.7142857142857142,8
8499,Merge pull request #1 from tensorflow/master,JiangKui007,6aa8eb46,Merge pull request #1565 from derekjchow/master,0.7142857142857142,10
8499,Merge pull request #1 from tensorflow/master,JiangKui007,df05d720,Merge pull request #1560 from rsepassi/repro,0.5714285714285714,18
8499,Merge pull request #1 from tensorflow/master,JiangKui007,8c95d1b9,Merge pull request #1558 from mbz/master,0.7142857142857142,13
8499,Merge pull request #1 from tensorflow/master,JiangKui007,35f6f9c9,Merge pull request #1536 from awilliamson/alexnet_lrn,0.5714285714285714,22
8499,Merge pull request #1 from tensorflow/master,JiangKui007,ea2f4704,Merge pull request #1566 from nmjohn/master,0.7142857142857142,12
8499,Merge pull request #1 from tensorflow/master,JiangKui007,8e8f37e5,Merge pull request #1548 from ngovanmao/maongo_dev,0.5714285714285714,19
8499,Merge pull request #1 from tensorflow/master,JiangKui007,c998779e,Merge pull request #1545 from mindos/master,0.7142857142857142,11
8499,Merge pull request #1 from tensorflow/master,JiangKui007,d4ae8d1e,Merge pull request #1542 from tensorflow/image-label-batch-rename,0.5976143046671968,23
8499,Merge pull request #1 from tensorflow/master,JiangKui007,71e106fe,Merge pull request #1525 from toxic-0518/patch-1,0.629940788348712,18
8499,Merge pull request #1 from tensorflow/master,JiangKui007,62b33958,Merge pull request #1538 from tfboyd/cifar_perf,0.5714285714285714,17
8499,Merge pull request #1 from tensorflow/master,JiangKui007,68a18b70,Merge pull request #1 from tensorflow/master,0.9999999999999999,0
8499,Merge pull request #1 from tensorflow/master,JiangKui007,cfdbdf10,Merge pull request #1530 from xiangjinwu/patch-1,0.6681531047810609,19
8499,Merge pull request #1 from tensorflow/master,JiangKui007,2fa4bb61,Merge pull request #1492 from angryadam/patch-1,0.6681531047810609,18
8499,Merge pull request #1 from tensorflow/master,JiangKui007,fe2a01d8,Merge pull request #1519 from frankchn/master,0.7142857142857142,13
8499,Merge pull request #1 from tensorflow/master,JiangKui007,bf46247b,Merge pull request #1517 from frankchn/master,0.7142857142857142,13
8499,Merge pull request #1 from tensorflow/master,JiangKui007,8b760f85,Merge pull request #1513 from pgericson/patch-1,0.6681531047810609,18
8499,Merge pull request #1 from tensorflow/master,JiangKui007,bbc86cf6,Merge pull request #1510 from jart/fix-inception-doc,0.5039526306789696,24
8499,Merge pull request #1 from tensorflow/master,JiangKui007,44d98cb9,Merge pull request #1503 from damienv-gh/master,0.6681531047810609,13
8499,Merge pull request #1 from tensorflow/master,JiangKui007,3161c4e1,Merge pull request #1501 from Sunghyo/master,0.7142857142857142,11
8499,Merge pull request #1 from tensorflow/master,JiangKui007,0d685971,Merge pull request #1500 from alexgorban/master,0.7142857142857142,11
8499,Merge pull request #1 from tensorflow/master,JiangKui007,87b117e9,Merge pull request #1496 from ahundt/patch-1,0.6681531047810609,19
8499,Merge pull request #1 from tensorflow/master,JiangKui007,b787cf10,Merge pull request #1487 from tensorflow/control-flow-ops,0.629940788348712,18
8499,Merge pull request #1 from tensorflow/master,JiangKui007,c9244885,Merge pull request #1499 from damienv-gh/master,0.6681531047810609,13
8499,Merge pull request #1 from tensorflow/master,JiangKui007,7a2bcdc5,Merge pull request #1483 from AndreiCostinescu/patch-1,0.6681531047810609,23
8499,Merge pull request #1 from tensorflow/master,JiangKui007,394f3401,Merge pull request #1485 from hizagalilo/patch-1,0.6681531047810609,18
8499,Merge pull request #1 from tensorflow/master,JiangKui007,c8a0608b,Merge pull request #1481 from richardjdavies/master,0.7142857142857142,16
8499,Merge pull request #1 from tensorflow/master,JiangKui007,a80158ed,Merge pull request #1482 from alexgorban/master,0.7142857142857142,11
8499,Merge pull request #1 from tensorflow/master,JiangKui007,71bf3d47,Merge pull request #1473 from kemaswill/FixTypo_20170515,0.5714285714285714,25
8499,Merge pull request #1 from tensorflow/master,JiangKui007,d066ee74,Merge pull request #1466 from udnaan/patch-2,0.5345224838248487,18
8499,Merge pull request #1 from tensorflow/master,JiangKui007,dfedef45,Merge pull request #1471 from tensorflow/import-xrange-directly,0.629940788348712,21
8499,Merge pull request #1 from tensorflow/master,JiangKui007,1cd1f9d4,Merge pull request #1465 from tensorflow/fix-resnet-v2-comment,0.5976143046671968,21
8499,Merge pull request #1 from tensorflow/master,JiangKui007,c7967a2c,Merge pull request #1463 from tensorflow/textsum-six-next,0.629940788348712,16
8499,Merge pull request #1 from tensorflow/master,JiangKui007,692b7526,Merge pull request #1454 from shallinlin/master,0.7142857142857142,12
8499,Merge pull request #1 from tensorflow/master,JiangKui007,b3128357,Merge pull request #1425 from edouardfouche/patch-1,0.6681531047810609,20
8499,Merge pull request #1 from tensorflow/master,JiangKui007,2c44a4b7,Merge pull request #1448 from tensorflow/adversarial-crypto-updates,0.629940788348712,26
8499,Merge pull request #1 from tensorflow/master,JiangKui007,e89f891e,Merge pull request #1443 from kemaswill/FixTypo_20170504,0.5714285714285714,25
8499,Merge pull request #1 from tensorflow/master,JiangKui007,c0298068,Merge pull request #1447 from ahundt/resnet_fix,0.5714285714285714,20
8499,Merge pull request #1 from tensorflow/master,JiangKui007,0d961be2,Merge pull request #1439 from rsepassi/adv_text,0.5714285714285714,18
8499,Merge pull request #1 from tensorflow/master,JiangKui007,afe2e68b,Merge pull request #1438 from tensorflow/remove_no_preserve,0.7142857142857142,18
8499,Merge pull request #1 from tensorflow/master,JiangKui007,4cc1fa0f,Merge pull request #1432 from alexgorban/master,0.7142857142857142,11
8499,Merge pull request #1 from tensorflow/master,JiangKui007,3a3c5b9d,Merge pull request #1427 from kepingwang/master,0.7142857142857142,12
8499,Merge pull request #1 from tensorflow/master,JiangKui007,428212c9,Merge pull request #1431 from dave-andersen/master,0.6681531047810609,14
8499,Merge pull request #1 from tensorflow/master,JiangKui007,6e934f5a,Merge pull request #1423 from Queequeg92/patch-1,0.6681531047810609,19
8499,Merge pull request #1 from tensorflow/master,JiangKui007,f0f4e085,Merge pull request #1393 from alexgorban/master,0.7142857142857142,11
8499,Merge pull request #1 from tensorflow/master,JiangKui007,aa39dc33,Merge pull request #1421 from handong1587/master,0.7142857142857142,12
8499,Merge pull request #1 from tensorflow/master,JiangKui007,f2b80157,Merge pull request #1408 from tensorflow/readme-clarifications,0.6681531047810609,21
8499,Merge pull request #1 from tensorflow/master,JiangKui007,f9bd951e,Merge pull request #1382 from rsepassi/adv_text,0.5714285714285714,18
8499,Merge pull request #1 from tensorflow/master,JiangKui007,3e6b2f20,Merge pull request #1375 from s-gupta/cmp,0.5345224838248487,18
8499,Merge pull request #1 from tensorflow/master,JiangKui007,c3a3464c,Merge pull request #1365 from nickj-google/master,0.6681531047810609,14
8499,Merge pull request #1 from tensorflow/master,JiangKui007,6736165d,Merge pull request #1344 from tensorflow/issue-template,0.6681531047810609,14
8499,Merge pull request #1 from tensorflow/master,JiangKui007,5e38011f,Merge pull request #1328 from aselle/issue_temp_2,0.5714285714285714,20
8499,Merge pull request #1 from tensorflow/master,JiangKui007,21bc5609,Merge pull request #1327 from aselle/issue_temp,0.5714285714285714,18
8499,Merge pull request #1 from tensorflow/master,JiangKui007,f577d653,Merge pull request #1310 from bousmalis/master,0.7142857142857142,11
8499,Merge pull request #1 from tensorflow/master,JiangKui007,cf085f79,Merge pull request #1309 from bousmalis/master,0.7142857142857142,11
8499,Merge pull request #1 from tensorflow/master,JiangKui007,12d42d9c,Merge pull request #1298 from odellus/patch-1,0.6681531047810609,18
8499,Merge pull request #1 from tensorflow/master,JiangKui007,275f1446,Merge pull request #1294 from tensorflow/textsum-README,0.6681531047810609,16
8499,Merge pull request #1 from tensorflow/master,JiangKui007,b51cdf34,Merge pull request #1252 from bogatyy/master,0.7142857142857142,12
8499,Merge pull request #1 from tensorflow/master,JiangKui007,a24df861,Merge pull request #1249 from bogatyy/master,0.7142857142857142,12
8499,Merge pull request #1 from tensorflow/master,JiangKui007,277f99c7,Merge pull request #1243 from bogatyy/master,0.7142857142857142,12
8499,Merge pull request #1 from tensorflow/master,JiangKui007,0bd8e24d,Merge pull request #1217 from cshallue/master,0.7142857142857142,11
8499,Merge pull request #1 from tensorflow/master,JiangKui007,b78e63fd,Merge pull request #1214 from upman/master,0.7142857142857142,13
8499,Merge pull request #1 from tensorflow/master,JiangKui007,92694584,Merge pull request #1216 from cshallue/master,0.7142857142857142,11
8499,Merge pull request #1 from tensorflow/master,JiangKui007,b18162b3,Merge pull request #1190 from cshallue/st-os,0.5345224838248487,16
8499,Merge pull request #1 from tensorflow/master,JiangKui007,6a4ac325,Merge pull request #1184 from tensorflow/update-graph-keys-variables,0.5976143046671968,27
8499,Merge pull request #1 from tensorflow/master,JiangKui007,37d31ec1,Merge pull request #783 from dweekly/master,0.7142857142857142,12
8499,Merge pull request #1 from tensorflow/master,JiangKui007,8a22c8ae,Merge pull request #1185 from cshallue/master,0.7142857142857142,11
8499,Merge pull request #1 from tensorflow/master,JiangKui007,5978a4a1,Merge pull request #1182 from tensorflow/fix-comment-format,0.629940788348712,18
8499,Merge pull request #1 from tensorflow/master,JiangKui007,015490f3,Merge pull request #656 from xionghcx/xionghcx-patch-1,0.5698028822981898,25
8499,Merge pull request #1 from tensorflow/master,JiangKui007,69680898,Merge pull request #199 from DrSleep/patch-1,0.6681531047810609,17
8499,Merge pull request #1 from tensorflow/master,JiangKui007,2a64e06a,Merge pull request #254 from tinh1115/master,0.7142857142857142,11
8499,Merge pull request #1 from tensorflow/master,JiangKui007,fbad6589,Merge pull request #632 from plediii/fix.readme,0.5345224838248487,18
8499,Merge pull request #1 from tensorflow/master,JiangKui007,6c9d2eba,Merge pull request #751 from stef716/resnet_training,0.5714285714285714,21
8499,Merge pull request #1 from tensorflow/master,JiangKui007,f80d631b,Merge pull request #641 from alexalemi/patch-1,0.6681531047810609,18
8499,Merge pull request #1 from tensorflow/master,JiangKui007,e6d4e082,Merge pull request #891 from DorianKodelja/patch-1,0.6681531047810609,18
8499,Merge pull request #1 from tensorflow/master,JiangKui007,0505b99c,Merge pull request #1127 from AsterAI/fix_cifar_logs,0.5714285714285714,21
8499,Merge pull request #1 from tensorflow/master,JiangKui007,f7ff5949,Merge pull request #551 from inflation/patch-1,0.6681531047810609,16
8499,Merge pull request #1 from tensorflow/master,JiangKui007,0079e98a,Merge pull request #982 from arvind385801/hotfix/tranlate_tutorial,0.5345224838248487,33
8499,Merge pull request #1 from tensorflow/master,JiangKui007,fe9a4f5a,Merge pull request #1180 from tensorflow/small-resnet-code-fix,0.5976143046671968,19
8499,Merge pull request #1 from tensorflow/master,JiangKui007,a5ae0d64,Merge pull request #487 from amirbar/master,0.7142857142857142,12
8499,Merge pull request #1 from tensorflow/master,JiangKui007,c774cc95,Merge pull request #1131 from tongda/master,0.7142857142857142,11
8499,Merge pull request #1 from tensorflow/master,JiangKui007,7698f07a,Merge pull request #676 from postmasters/patch-1,0.6681531047810609,20
8499,Merge pull request #1 from tensorflow/master,JiangKui007,e67056ed,Merge pull request #852 from tae-jun/patch-3,0.5039526306789696,18
8499,Merge pull request #1 from tensorflow/master,JiangKui007,c1426f30,Merge pull request #1169 from tensorflow/typos,0.7142857142857142,9
8499,Merge pull request #1 from tensorflow/master,JiangKui007,5d758ef0,Merge pull request #924 from h4ck3rm1k3/master,0.7142857142857142,12
8499,Merge pull request #1 from tensorflow/master,JiangKui007,7e465e4a,Merge pull request #1011 from jihobak/cifar10_input,0.5714285714285714,23
8499,Merge pull request #1 from tensorflow/master,JiangKui007,971c82ce,Merge pull request #1019 from tae-jun/patch-4,0.5039526306789696,18
8499,Merge pull request #1 from tensorflow/master,JiangKui007,f750c116,Merge pull request #1032 from Liampronan/patch-1,0.6681531047810609,18
8499,Merge pull request #1 from tensorflow/master,JiangKui007,dc135d79,Merge pull request #1168 from tensorflow/op-scope-name-scope,0.545544725589981,20
8499,Merge pull request #1 from tensorflow/master,JiangKui007,0b8bfa84,Merge pull request #1055 from snnn/master,0.7142857142857142,12
8499,Merge pull request #1 from tensorflow/master,JiangKui007,3c50f47b,Merge pull request #1167 from tensorflow/inception-filewriter-fix,0.629940788348712,24
8499,Merge pull request #1 from tensorflow/master,JiangKui007,0b2c5ba2,Merge pull request #1112 from zym1010/issue1083,0.5714285714285714,20
8499,Merge pull request #1 from tensorflow/master,JiangKui007,d3c8cf9e,Merge pull request #1161 from tensorflow/additional-1.0-upgrades,0.7171371656006361,24
8499,Merge pull request #1 from tensorflow/master,JiangKui007,d50c51cf,Merge pull request #1160 from tensorflow/inception-readme-outdated,0.629940788348712,25
8499,Merge pull request #1 from tensorflow/master,JiangKui007,4bd29ac0,Merge pull request #1063 from tensorflow/update-models-1.0,0.7171371656006361,18
8499,Merge pull request #1 from tensorflow/master,JiangKui007,836ea272,Merge pull request #1053 from tensorflow/update-slim,0.6681531047810609,12
8499,Merge pull request #1 from tensorflow/master,JiangKui007,f21c4278,Merge pull request #1044 from tensorflow/easy-slim-fix,0.629940788348712,14
8499,Merge pull request #1 from tensorflow/master,JiangKui007,b0ee52c8,Merge pull request #1159 from cshallue/master,0.7142857142857142,11
8499,Merge pull request #1 from tensorflow/master,JiangKui007,caf3abae,Merge pull request #1154 from cshallue/master,0.7142857142857142,11
8499,Merge pull request #1 from tensorflow/master,JiangKui007,1bfe902a,Merge pull request #1073 from knathanieltucker/update-namignizer,0.5345224838248487,31
8499,Merge pull request #1 from tensorflow/master,JiangKui007,45b5353f,Merge pull request #1122 from vmarkovtsev/distr,0.5714285714285714,16
8499,Merge pull request #1 from tensorflow/master,JiangKui007,3be9ece9,Merge pull request #1106 from vmarkovtsev/master,0.7142857142857142,13
8499,Merge pull request #1 from tensorflow/master,JiangKui007,8337978f,Merge pull request #1107 from vmarkovtsev/patch-4,0.5345224838248487,19
8499,Merge pull request #1 from tensorflow/master,JiangKui007,bd7e850a,Merge pull request #1109 from vmarkovtsev/patch-6,0.5345224838248487,19
8499,Merge pull request #1 from tensorflow/master,JiangKui007,941470f9,Merge pull request #1110 from vmarkovtsev/patch-7,0.5345224838248487,19
8499,Merge pull request #1 from tensorflow/master,JiangKui007,89bccc63,Merge pull request #1104 from vmarkovtsev/patch-3,0.5345224838248487,19
8499,Merge pull request #1 from tensorflow/master,JiangKui007,846e75b1,Merge pull request #1081 from vmarkovtsev/patch-1,0.6681531047810609,19
8499,Merge pull request #1 from tensorflow/master,JiangKui007,044e26d7,Merge pull request #1090 from vmarkovtsev/master,0.7142857142857142,13
8499,Merge pull request #1 from tensorflow/master,JiangKui007,cf6b9cee,Merge pull request #1097 from ofirnachum/master,0.7142857142857142,13
8499,Merge pull request #1 from tensorflow/master,JiangKui007,afb2291b,Merge pull request #1031 from tensorflow/update-resnet,0.6681531047810609,13
8499,Merge pull request #1 from tensorflow/master,JiangKui007,c4a96bc3,Merge pull request #990 from theSparta/patch-1,0.6681531047810609,17
8499,Merge pull request #1 from tensorflow/master,JiangKui007,dc3f3271,Merge pull request #1000 from angusmcleod/master,0.7142857142857142,12
8499,Merge pull request #1 from tensorflow/master,JiangKui007,31dccbad,Merge pull request #1025 from shahparth123/patch-1,0.6681531047810609,20
8499,Merge pull request #1 from tensorflow/master,JiangKui007,9baf6eac,Merge pull request #1040 from aselle/inception_v2,0.5714285714285714,21
8499,Merge pull request #1 from tensorflow/master,JiangKui007,6373c6f4,Merge pull request #1045 from ScottSWu/master,0.7142857142857142,12
8499,Merge pull request #1 from tensorflow/master,JiangKui007,7d0ddaf3,Merge pull request #1049 from MarvinTeichmann/package,0.5714285714285714,23
8499,Merge pull request #1 from tensorflow/master,JiangKui007,996909d1,Merge pull request #1042 from jo8hua/initializer_update,0.5714285714285714,25
8499,Merge pull request #1 from tensorflow/master,JiangKui007,afdcf7d4,Merge pull request #1033 from jameshwang/james/update_swivel_to_1.0,0.5039526306789696,34
8499,Merge pull request #1 from tensorflow/master,JiangKui007,e3ad49a5,Merge pull request #1017 from aselle/concat_v2,0.5714285714285714,18
8499,Merge pull request #1 from tensorflow/master,JiangKui007,596c9e23,Merge pull request #911 from wookayin/cifar10,0.5714285714285714,18
8499,Merge pull request #1 from tensorflow/master,JiangKui007,eb62b917,Merge pull request #1010 from tensorflow/update-cifar10-summaries,0.629940788348712,24
8499,Merge pull request #1 from tensorflow/master,JiangKui007,2fd3dcf3,Merge pull request #966 from tensorflow/update-cifar10,0.6681531047810609,14
8499,Merge pull request #1 from tensorflow/master,JiangKui007,d43335c5,Merge pull request #948 from tensorflow/update-cifar10,0.6681531047810609,14
8499,Merge pull request #1 from tensorflow/master,JiangKui007,a00389b5,Merge pull request #960 from lukaszkaiser/ngpu-corrections,0.5345224838248487,29
8499,Merge pull request #1 from tensorflow/master,JiangKui007,a298143c,Merge pull request #954 from lukaszkaiser/ngpu-update,0.5345224838248487,24
8499,Merge pull request #1 from tensorflow/master,JiangKui007,ea364a9e,Merge pull request #959 from yaroslavvb/resnet-tf10-compatibility,0.5039526306789696,34
8499,Merge pull request #1 from tensorflow/master,JiangKui007,5723fcca,Merge pull request #943 from nickj-google/master,0.6681531047810609,14
8499,Merge pull request #1 from tensorflow/master,JiangKui007,82c219f2,Merge pull request #936 from lilao/inception_model_fix,0.5714285714285714,25
8499,Merge pull request #1 from tensorflow/master,JiangKui007,4ddec8e0,Merge pull request #935 from tensorflow/update-translate-model,0.629940788348712,21
8499,Merge pull request #1 from tensorflow/master,JiangKui007,e9e470d4,Merge pull request #934 from tensorflow/force-new-cell,0.629940788348712,16
8499,Merge pull request #1 from tensorflow/master,JiangKui007,a689e124,Merge pull request #928 from tensorflow/itsmeolivia-patch-1,0.7559289460184544,19
8499,Merge pull request #1 from tensorflow/master,JiangKui007,72d074bc,Merge pull request #927 from tensorflow/itsmeolivia-patch-1,0.7559289460184544,19
8499,Merge pull request #1 from tensorflow/master,JiangKui007,f565b808,Merge pull request #851 from tae-jun/patch-2,0.5039526306789696,17
8499,Merge pull request #1 from tensorflow/master,JiangKui007,1634a9df,Merge pull request #811 from devanshdalal/patch-1,0.6681531047810609,16
8499,Merge pull request #1 from tensorflow/master,JiangKui007,1125de19,Merge pull request #785 from mrphoenix13/master,0.7142857142857142,13
8499,Merge pull request #1 from tensorflow/master,JiangKui007,2cad6981,Merge pull request #916 from tensorflow/embedding-README-mac,0.629940788348712,21
8499,Merge pull request #1 from tensorflow/master,JiangKui007,6eeef03c,Merge pull request #898 from tensorflow/upgrade-bazeldockerfile,0.6681531047810609,23
8499,Merge pull request #1 from tensorflow/master,JiangKui007,f526842c,Merge pull request #806 from b0noI/upgraded_translate_example_pull_request_preparation,0.5714285714285714,52
8499,Merge pull request #1 from tensorflow/master,JiangKui007,ff76fa6f,Merge pull request #885 from Henry-E/master,0.6681531047810609,10
8499,Merge pull request #1 from tensorflow/master,JiangKui007,99462f6d,Merge pull request #760 from stakemura/master,0.7142857142857142,13
8499,Merge pull request #1 from tensorflow/master,JiangKui007,4de34a4c,Merge pull request #878 from Henry-E/patch-1,0.629940788348712,16
8499,Merge pull request #1 from tensorflow/master,JiangKui007,f9baace2,Merge pull request #894 from tensorflow/syntaxnet-submodule-update,0.629940788348712,26
8499,Merge pull request #1 from tensorflow/master,JiangKui007,dee751fa,Merge pull request #895 from tensorflow/cifar10-inputs,0.6681531047810609,16
8499,Merge pull request #1 from tensorflow/master,JiangKui007,2cd62f6c,Merge pull request #842 from tae-jun/patch-1,0.629940788348712,18
8499,Merge pull request #1 from tensorflow/master,JiangKui007,513998a3,Merge pull request #888 from laurent-dinh/master,0.6681531047810609,14
8499,Merge pull request #1 from tensorflow/master,JiangKui007,9bec9e8f,Merge pull request #882 from cshallue/master,0.7142857142857142,11
8499,Merge pull request #1 from tensorflow/master,JiangKui007,250debf2,Merge pull request #881 from cshallue/master,0.7142857142857142,10
8499,Merge pull request #1 from tensorflow/master,JiangKui007,2fa6057a,Merge pull request #875 from tensorflow/fix-word2vec-g++-5,0.5976143046671968,20
8499,Merge pull request #1 from tensorflow/master,JiangKui007,09e0cdcc,Merge pull request #873 from tensorflow/add-arguments,0.6681531047810609,14
8499,Merge pull request #1 from tensorflow/master,JiangKui007,fc1c9b1e,Merge pull request #864 from tensorflow/fix-xent,0.6681531047810609,10
8499,Merge pull request #1 from tensorflow/master,JiangKui007,3d5365fb,Merge pull request #854 from tensorflow/tutorials-README,0.6681531047810609,17
8499,Merge pull request #1 from tensorflow/master,JiangKui007,17514064,Merge pull request #834 from BoyuanJiang/patch-2,0.5345224838248487,20
8499,Merge pull request #1 from tensorflow/master,JiangKui007,bfa1bb1b,Merge pull request #823 from tensorflow/rnn-translate-python3,0.629940788348712,20
8499,Merge pull request #1 from tensorflow/master,JiangKui007,a8ab7347,Merge pull request #822 from tensorflow/alphabetize-readme,0.6681531047810609,17
8499,Merge pull request #1 from tensorflow/master,JiangKui007,19098449,Merge pull request #721 from yutkin/patch-1,0.6681531047810609,18
8499,Merge pull request #1 from tensorflow/master,JiangKui007,e54582dd,Merge pull request #807 from yjmade/patch-1,0.6681531047810609,19
8499,Merge pull request #1 from tensorflow/master,JiangKui007,beb13322,Merge pull request #818 from arokem/patch-1,0.6681531047810609,17
8499,Merge pull request #1 from tensorflow/master,JiangKui007,061142a0,Merge pull request #800 from panyx0718/master,0.7142857142857142,12
8499,Merge pull request #1 from tensorflow/master,JiangKui007,12f279d6,Merge pull request #731 from tensorflow/move-models,0.6681531047810609,11
8499,Merge pull request #1 from tensorflow/master,JiangKui007,e81ff571,Merge pull request #688 from arvind2505/master,0.7142857142857142,13
8499,Merge pull request #1 from tensorflow/master,JiangKui007,6c875697,Merge pull request #727 from ispirmustafa/master,0.7142857142857142,15
8499,Merge pull request #1 from tensorflow/master,JiangKui007,a533325c,Merge pull request #725 from pranay360/master,0.7142857142857142,13
8499,Merge pull request #1 from tensorflow/master,JiangKui007,821d3da7,Merge pull request #722 from cshallue/master,0.7142857142857142,11
8499,Merge pull request #1 from tensorflow/master,JiangKui007,a83ef502,Merge pull request #718 from cshallue/master,0.7142857142857142,10
8499,Merge pull request #1 from tensorflow/master,JiangKui007,4bcbe8e1,Merge pull request #683 from arvind2505/master,0.7142857142857142,13
8499,Merge pull request #1 from tensorflow/master,JiangKui007,33c4e784,Merge pull request #661 from AlexeyKurakin/master,0.7142857142857142,13
8499,Merge pull request #1 from tensorflow/master,JiangKui007,9a80d49e,Merge pull request #654 from nickj-google/master,0.6681531047810609,14
8499,Merge pull request #1 from tensorflow/master,JiangKui007,ffe51b30,Merge pull request #647 from AlexeyKurakin/master,0.7142857142857142,14
8499,Merge pull request #1 from tensorflow/master,JiangKui007,19c5dde1,Merge pull request #635 from cshallue/master,0.7142857142857142,11
8499,Merge pull request #1 from tensorflow/master,JiangKui007,e5cae330,Merge pull request #625 from legel/master,0.7142857142857142,11
8499,Merge pull request #1 from tensorflow/master,JiangKui007,25f0b6bd,Merge pull request #617 from panyx0718/master,0.7142857142857142,11
8499,Merge pull request #1 from tensorflow/master,JiangKui007,59bf50a8,Merge pull request #612 from panyx0718/master,0.7142857142857142,11
8499,Merge pull request #1 from tensorflow/master,JiangKui007,8505222e,Merge pull request #611 from panyx0718/master,0.7142857142857142,11
8499,Merge pull request #1 from tensorflow/master,JiangKui007,9ec7946e,Merge pull request #521 from theraysmith/master,0.7142857142857142,11
8499,Merge pull request #1 from tensorflow/master,JiangKui007,8cca18b0,Merge pull request #605 from npapernot/master,0.7142857142857142,11
8499,Merge pull request #1 from tensorflow/master,JiangKui007,0dea688a,Merge pull request #565 from npapernot/master,0.7142857142857142,11
8499,Merge pull request #1 from tensorflow/master,JiangKui007,9b023de8,Merge pull request #601 from panyx0718/master,0.7142857142857142,11
8499,Merge pull request #1 from tensorflow/master,JiangKui007,354025b0,Merge pull request #592 from panyx0718/master,0.7142857142857142,12
8499,Merge pull request #1 from tensorflow/master,JiangKui007,199db00e,Merge pull request #510 from nickj-google/master,0.6681531047810609,13
8499,Merge pull request #1 from tensorflow/master,JiangKui007,c9c4981d,Merge pull request #586 from panyx0718/master,0.7142857142857142,12
8499,Merge pull request #1 from tensorflow/master,JiangKui007,515bde38,Merge pull request #554 from chishaxie/master,0.7142857142857142,12
8499,Merge pull request #1 from tensorflow/master,JiangKui007,b4cb2454,Merge pull request #567 from panyx0718/master,0.7142857142857142,12
8499,Merge pull request #1 from tensorflow/master,JiangKui007,31559b69,Merge pull request #556 from rohitgirdhar/slim_bug_tf11,0.5714285714285714,25
8499,Merge pull request #1 from tensorflow/master,JiangKui007,1e982561,Merge pull request #242 from iepathos/patch-1,0.6681531047810609,17
8499,Merge pull request #1 from tensorflow/master,JiangKui007,1d6cf66c,Merge pull request #96 from gecece/patch-2,0.5345224838248487,17
8499,Merge pull request #1 from tensorflow/master,JiangKui007,c5ac91b4,Merge pull request #547 from wwxcab/master,0.7142857142857142,13
8499,Merge pull request #1 from tensorflow/master,JiangKui007,7582858d,Merge pull request #404 from danieljl/add-inception-v4,0.5039526306789696,25
8499,Merge pull request #1 from tensorflow/master,JiangKui007,d197af61,Merge pull request #279 from hidesuke/refactor,0.5714285714285714,17
8499,Merge pull request #1 from tensorflow/master,JiangKui007,a21e46da,Merge pull request #563 from j-min/master,0.6681531047810609,13
8499,Merge pull request #1 from tensorflow/master,JiangKui007,77080ad1,Merge pull request #503 from jonasrauber/patch,0.5714285714285714,16
8499,Merge pull request #1 from tensorflow/master,JiangKui007,1fc268ca,Merge pull request #542 from jart/broken-link,0.5345224838248487,19
8499,Merge pull request #1 from tensorflow/master,JiangKui007,7498acc6,Merge pull request #377 from kaiix/textsum-multigpu,0.5345224838248487,23
8499,Merge pull request #1 from tensorflow/master,JiangKui007,0f904081,Merge pull request #543 from jart/rollback-open,0.5345224838248487,18
8499,Merge pull request #1 from tensorflow/master,JiangKui007,43dad800,Merge pull request #511 from cbfinn/master,0.7142857142857142,11
8499,Merge pull request #1 from tensorflow/master,JiangKui007,2390974a,Merge pull request #485 from cshallue/gfile,0.5714285714285714,16
8499,Merge pull request #1 from tensorflow/master,JiangKui007,2cbd3375,Merge pull request #483 from cshallue/writer,0.5714285714285714,14
8499,Merge pull request #1 from tensorflow/master,JiangKui007,3bdc3253,Merge pull request #482 from cshallue/unzip,0.5714285714285714,17
8499,Merge pull request #1 from tensorflow/master,JiangKui007,7e9b9830,Merge pull request #481 from cshallue/readme,0.5714285714285714,15
8499,Merge pull request #1 from tensorflow/master,JiangKui007,19d80b98,Merge pull request #379 from panyx0718/master,0.7142857142857142,12
8499,Merge pull request #1 from tensorflow/master,JiangKui007,f98c5ded,Merge pull request #449 from chenliu0831/master,0.7142857142857142,12
8499,Merge pull request #1 from tensorflow/master,JiangKui007,c5bb0543,Merge pull request #448 from cshallue/master,0.7142857142857142,11
8499,Merge pull request #1 from tensorflow/master,JiangKui007,85ccd4a3,Merge pull request #445 from cshallue/master,0.7142857142857142,11
8499,Merge pull request #1 from tensorflow/master,JiangKui007,71f239fd,Merge pull request #441 from cshallue/bazel-path,0.5345224838248487,19
8499,Merge pull request #1 from tensorflow/master,JiangKui007,42037654,Merge pull request #439 from cshallue/im2txt-readme,0.5345224838248487,21
8499,Merge pull request #1 from tensorflow/master,JiangKui007,a9133ae9,Merge pull request #286 from liusiqi43/patch-1,0.6681531047810609,18
8499,Merge pull request #1 from tensorflow/master,JiangKui007,6436cfb7,Merge pull request #410 from panyx0718/models/lm_1b,0.5345224838248487,21
8499,Merge pull request #1 from tensorflow/master,JiangKui007,537b7eb6,Merge pull request #409 from panyx0718/models/lm_1b,0.5345224838248487,22
8499,Merge pull request #1 from tensorflow/master,JiangKui007,e8d1a483,Merge pull request #401 from cshallue/master,0.7142857142857142,10
8499,Merge pull request #1 from tensorflow/master,JiangKui007,cdaa9b23,Merge pull request #355 from mfigurnov/refactor-precision,0.5345224838248487,26
8499,Merge pull request #1 from tensorflow/master,JiangKui007,ef57c2fc,Merge pull request #354 from mfigurnov/cost-bugfix,0.5345224838248487,20
8499,Merge pull request #1 from tensorflow/master,JiangKui007,761c59c4,Merge pull request #369 from nathansilberman/master,0.7142857142857142,15
8499,Merge pull request #1 from tensorflow/master,JiangKui007,8284fe12,Merge pull request #368 from nathansilberman/master,0.7142857142857142,15
8499,Merge pull request #1 from tensorflow/master,JiangKui007,ba5c96c2,Merge pull request #366 from nathansilberman/master,0.7142857142857142,15
8499,Merge pull request #1 from tensorflow/master,JiangKui007,a5594334,Merge pull request #347 from peterjliu/master,0.7142857142857142,10
8499,Merge pull request #1 from tensorflow/master,JiangKui007,d17aeb61,Merge pull request #338 from kis2u/master,0.7142857142857142,12
8499,Merge pull request #1 from tensorflow/master,JiangKui007,5655c705,Merge pull request #300 from panyx0718/models-textsum,0.5345224838248487,22
8499,Merge pull request #1 from tensorflow/master,JiangKui007,fb41088f,Merge pull request #310 from arne-cl/patch-1,0.629940788348712,16
8499,Merge pull request #1 from tensorflow/master,JiangKui007,0a40f8d5,Merge pull request #275 from Anthony-Tatowicz/patch-1,0.629940788348712,21
8499,Merge pull request #1 from tensorflow/master,JiangKui007,65b23f98,Merge pull request #237 from chan1/patch-3,0.5345224838248487,19
8499,Merge pull request #1 from tensorflow/master,JiangKui007,05630a75,Merge pull request #232 from lukelafountaine/master,0.7142857142857142,16
8499,Merge pull request #1 from tensorflow/master,JiangKui007,fb1e92ad,Merge pull request #200 from DrewNF/master,0.7142857142857142,12
8499,Merge pull request #1 from tensorflow/master,JiangKui007,da719454,Merge pull request #224 from chan1/patch-2,0.5345224838248487,19
8499,Merge pull request #1 from tensorflow/master,JiangKui007,05057f97,Merge pull request #217 from tensorflow/sguada-patch-2,0.629940788348712,14
8499,Merge pull request #1 from tensorflow/master,JiangKui007,d523161e,Merge pull request #189 from orionr/neuralgpu-update-docs,0.5039526306789696,25
8499,Merge pull request #1 from tensorflow/master,JiangKui007,4bc7e2c5,Merge pull request #89 from flipace/flipace-patch-1,0.5698028822981898,22
8499,Merge pull request #1 from tensorflow/master,JiangKui007,c956a073,Merge pull request #83 from n-kats/patch-1,0.629940788348712,17
8499,Merge pull request #1 from tensorflow/master,JiangKui007,3e1e2589,Merge pull request #64 from xenyal/master,0.7142857142857142,9
8499,Merge pull request #1 from tensorflow/master,JiangKui007,9a1dfdf2,Merge pull request #43 from mrry/newslim,0.5714285714285714,17
8499,Merge pull request #1 from tensorflow/master,JiangKui007,c74897b0,Merge pull request #42 from tensorflow/sguada-patch-1,0.7559289460184544,14
8499,Merge pull request #1 from tensorflow/master,JiangKui007,044a5f5b,Merge pull request #41 from jmchen-g/master,0.6681531047810609,11
8499,Merge pull request #1 from tensorflow/master,JiangKui007,c3d18895,Merge pull request #40 from jmchen-g/master,0.6681531047810609,12
8499,Merge pull request #1 from tensorflow/master,JiangKui007,d2c7a37b,Merge pull request #39 from orionr/fix-nonzero-typeerror,0.5039526306789696,24
8499,Merge pull request #1 from tensorflow/master,JiangKui007,6406a152,Merge pull request #35 from daviddao/master,0.7142857142857142,11
8499,Merge pull request #1 from tensorflow/master,JiangKui007,30004531,Merge pull request #36 from argszero/patch-1,0.6681531047810609,16
8499,Merge pull request #1 from tensorflow/master,JiangKui007,1493624e,Merge pull request #33 from ffmpbgrnn/master,0.7142857142857142,12
8499,Merge pull request #1 from tensorflow/master,JiangKui007,d51fdd20,Merge pull request #30 from swlsw/master,0.7142857142857142,9
8499,Merge pull request #1 from tensorflow/master,JiangKui007,10aca5f4,Merge pull request #31 from graphaelli/inception-doc-links,0.5039526306789696,28
8499,Merge pull request #1 from tensorflow/master,JiangKui007,1d1b3408,Merge pull request #28 from LiberiFatali/master,0.7142857142857142,13
8499,Merge pull request #1 from tensorflow/master,JiangKui007,97ecee9e,Merge pull request #29 from swlsw/master,0.7142857142857142,9
8499,Merge pull request #1 from tensorflow/master,JiangKui007,54817481,Merge pull request #26 from daviddao/master,0.7142857142857142,11
8499,Merge pull request #1 from tensorflow/master,JiangKui007,2ac5f73c,Merge pull request #24 from snurkabill/autoencoders,0.5714285714285714,21
8499,Merge pull request #1 from tensorflow/master,JiangKui007,38079f01,Merge pull request #21 from LiberiFatali/patch-1,0.6681531047810609,18
8499,Merge pull request #1 from tensorflow/master,JiangKui007,a894b6e8,Merge pull request #1 from snurkabill/autoencoders,0.7142857142857142,19
8499,Merge pull request #1 from tensorflow/master,JiangKui007,d6359be1,Merge pull request #20 from fangweili/master,0.7142857142857142,10
8499,Merge pull request #1 from tensorflow/master,JiangKui007,b0e1389c,Merge pull request #12 from credentiality/patch-1,0.6681531047810609,18
8499,Merge pull request #1 from tensorflow/master,JiangKui007,c646928d,Merge pull request #14 from moonboots/master,0.7142857142857142,10
8499,Merge pull request #1 from tensorflow/master,JiangKui007,c3589c2a,Merge pull request #9 from tvogels/master,0.7142857142857142,8
8499,Merge pull request #1 from tensorflow/master,JiangKui007,9a5dcf8c,Merge pull request #10 from keveman/master,0.7142857142857142,10
8499,Merge pull request #1 from tensorflow/master,JiangKui007,1a69aaa9,Merge pull request #6 from waterson/master,0.7142857142857142,9
8499,Merge pull request #1 from tensorflow/master,JiangKui007,eb7389e4,Merge pull request #5 from tensorflow/inception,0.7142857142857142,9
8499,Merge pull request #1 from tensorflow/master,JiangKui007,1ecaf090,Merge pull request #4 from tensorflow/swivel,0.7142857142857142,6
8489,Updating cifar download links,shekkizh,fd34f711,Updating cifar download links (#8489),0.8944271909999159,8
8484,Open source MnasFPN,pkulzc,8518d053,Open source MnasFPN and minor fixes to OD API (#8484),0.5477225575051661,34
8484,Open source MnasFPN,pkulzc,12f9403f,Open source checkpoint conversion tool.,0.5163977794943222,25
8483,Small update to DELF training README.,andrefaraujo,c4e7d734,README update for DELG training (#9112),0.5000000000000001,16
8483,Small update to DELF training README.,andrefaraujo,04c0409c,Update to the DELF training README (#8759),0.6172133998483676,19
8483,Small update to DELF training README.,andrefaraujo,0fc994b6,Small update to DELF training README. (#8483),0.9258200997725514,8
8483,Small update to DELF training README.,andrefaraujo,62ed862e,Small edit to DELF README (#6704),0.6666666666666667,19
8483,Small update to DELF training README.,andrefaraujo,9f3d5bcc,Small polishing changes to DELF code.,0.5000000000000001,29
8480,Opensource MnasFPN in Object Detection API,pkulzc,a4944a57,Add Tensorflow Object Detection API. (#1561),0.5000000000000001,27
8447,Added skimage troubleshooting,Noezor,1784a826,Added skimage troubleshooting (#8447),0.8660254037844387,8
8435,tf.compat.v1.name_scope to tf.name_scope,ayushmankumar7,60cbe4e4,compat.v1.name_scope to tf.name_scope,0.9594032236002469,3
8435,tf.compat.v1.name_scope to tf.name_scope,ayushmankumar7,a5c96853,Fixed tf.compat.v1 bug,0.5393598899705937,33
8435,tf.compat.v1.name_scope to tf.name_scope,ayushmankumar7,6765b16d,change tf.to_int32 to tf.cast (#6359),0.502518907629606,31
8435,tf.compat.v1.name_scope to tf.name_scope,ayushmankumar7,91a59c78,Explicitly pass values kwarg to tf.name_scope (#5922),0.5330017908890261,33
8435,tf.compat.v1.name_scope to tf.name_scope,ayushmankumar7,3f74c7b4,"Convert tf.op_scope to tf.name_scope, plus a few other 1.0 upgrade changes",0.5276448530110863,50
8435,tf.compat.v1.name_scope to tf.name_scope,ayushmankumar7,31f1af58,Changed deprecated tf.initialize_all_variables() to tf.global_variables_initializer(),0.502518907629606,65
8435,tf.compat.v1.name_scope to tf.name_scope,ayushmankumar7,320545f0,Update tf.concat_v2 to tf.concat,0.5330017908890261,29
8435,tf.compat.v1.name_scope to tf.name_scope,ayushmankumar7,e5079c83,Update inception model based on tf API changes: replace tf.op_scope with tf.name_scope and tf.variable_op_scope with tf.variable_scope; fix the order of arguments for tf.concat; replace tf.mul with tf.multiply.,0.5482304134858554,176
8320,"""ncf_test.py"" failed.",ayushmankumar7,503cc99c,Fix context_rcnn_meta_arch_tf1_test.py failed test,0.5163977794943222,33
8293,tf.compat.v1.train.AdamOptimizer() to tf.keras.optimizers.Adam,ayushmankumar7,60cbe4e4,compat.v1.name_scope to tf.name_scope,0.5103103630798287,37
8293,tf.compat.v1.train.AdamOptimizer() to tf.keras.optimizers.Adam,ayushmankumar7,62abe403,AdamOptimizer() to Adam(),0.5000000000000001,41
8293,tf.compat.v1.train.AdamOptimizer() to tf.keras.optimizers.Adam,ayushmankumar7,a5c96853,Fixed tf.compat.v1 bug,0.5163977794943222,54
8293,tf.compat.v1.train.AdamOptimizer() to tf.keras.optimizers.Adam,ayushmankumar7,320545f0,Update tf.concat_v2 to tf.concat,0.5103103630798287,48
8291,ModuleNotFoundError: No module named 'official',Eshan-Agarwal,20f31bf6,"fix ""No module named 'official.utils.logs'"" for deep_speech (#8687)",0.5656854249492379,57
8289,tf.compat.v1.logging should be implemented with tf.get_logger(),ayushmankumar7,2986bcaf,replace tf.compat.v1.logging with absl.logging for deep_speech (#9222),0.5604485383178051,47
8289,tf.compat.v1.logging should be implemented with tf.get_logger(),ayushmankumar7,7b91ccb1,"Replace tf.to_float, tf.to_int with tf.cast",0.5400617248673217,47
8289,tf.compat.v1.logging should be implemented with tf.get_logger(),ayushmankumar7,b548c7fd,"Replace tf.to_float, tf.to_int with tf.cast",0.5400617248673217,47
8289,tf.compat.v1.logging should be implemented with tf.get_logger(),ayushmankumar7,3043566d,tf.compat.v1.logging implemented with absl,0.7637626158259734,24
8289,tf.compat.v1.logging should be implemented with tf.get_logger(),ayushmankumar7,a5c96853,Fixed tf.compat.v1 bug,0.5163977794943222,54
8289,tf.compat.v1.logging should be implemented with tf.get_logger(),ayushmankumar7,e5079c83,Update inception model based on tf API changes: replace tf.op_scope with tf.name_scope and tf.variable_op_scope with tf.variable_scope; fix the order of arguments for tf.concat; replace tf.mul with tf.multiply.,0.5540512513438142,176
8201,ModuleNotFoundError: No module named 'official',ayushmankumar7,20f31bf6,"fix ""No module named 'official.utils.logs'"" for deep_speech (#8687)",0.5656854249492379,57
8200,GPU Support for official models detection ,weichen456,803b2540,Add setup.py for official models.,0.5000000000000001,21
8111,Error in installation instructions for DELF,tjennz12,b03da6ec,Add in instructions for TFDS for classifier_trainer.,0.5443310539518174,38
8063,Fix bug of class DenseEinsum,ZhuBaohe,281d1757,Fix bug introduced.,0.5163977794943222,19
8038,"Update VGGish README for new path, soundfile",dpwe,f4baddb3,Update README.,0.5345224838248487,31
8038,"Update VGGish README for new path, soundfile",dpwe,8b479cc7,"Update VGGish README for new path, soundfile (#8038)",0.9354143466934852,8
8038,"Update VGGish README for new path, soundfile",dpwe,76c0ac54,Update README,0.5345224838248487,31
8038,"Update VGGish README for new path, soundfile",dpwe,e1219803,Update README,0.5345224838248487,31
8025,AttributeError:module 'tensorflow.image' has no attribute 'resize' ,frw511,bf51d434,fix module object has no attribute NodeDef for tensorflow 0.11 (#572),0.5103103630798287,61
8000,Fix multi-scale prediction bug in model.py,JasonLiTW,6fb5646f,Fix multi scale prediction bug (#8000),0.7216878364870323,12
8000,Fix multi-scale prediction bug in model.py,JasonLiTW,5105ce71,Fix bug in gym_wrapper.,0.5303300858899106,31
7917,RuntimeError when trying to use the functional API.,christk1,1a8e8e4c,Updates to clarify when to use the -D_GLIBCXX_USE_CXX11_ABI=0 flag,0.5103103630798287,51
7899,model save,cillayue,ae3b0a67,#7532 Adding model save support for Sentiment Analysis model (#7715),0.6123724356957945,58
7899,model save,cillayue,1b8c0ee8,Properly save/restore flags in model tests,0.5345224838248487,34
7884,Fixed tf.compat.v1 bug,miraliahmadli,3043566d,tf.compat.v1.logging implemented with absl,0.5070925528371099,34
7884,Fixed tf.compat.v1 bug,miraliahmadli,a5c96853,Fixed tf.compat.v1 bug,0.9999999999999998,0
7826, tf.image.resize,Evoluange,7772cb1d,Use tf.image.resize_with_crop_or_pad (#6632),0.5163977794943222,28
7826, tf.image.resize,Evoluange,2cc4b2e2,"Adding image = tf.cast(image, tf.float32)",0.6963106238227914,31
7826, tf.image.resize,Evoluange,253ca4ab,fix resize image throughout,0.5773502691896258,20
7800,Merged commit includes the following changes:,marksandler2,b8172302,Merged commit includes the following changes: (#8834),0.9258200997725514,8
7800,Merged commit includes the following changes:,marksandler2,b06f0c6b,Merged commit includes the following changes: (#8832),0.9258200997725514,8
7800,Merged commit includes the following changes:,marksandler2,5245161c,Merged commit includes the following changes: (#8830),0.9258200997725514,8
7800,Merged commit includes the following changes:,marksandler2,c9eb3554,Merged commit includes the following changes: (#8829),0.9258200997725514,8
7800,Merged commit includes the following changes:,marksandler2,0ad4922f,Merged commit includes the following changes: (#8809),0.9258200997725514,8
7800,Merged commit includes the following changes:,marksandler2,52bb4ab1,Merged commit includes the following changes: (#8803),0.9258200997725514,8
7800,Merged commit includes the following changes:,marksandler2,36e786dc,Merged commit includes the following changes: (#8779),0.9258200997725514,8
7800,Merged commit includes the following changes:,marksandler2,e6017471,Merged commit includes the following changes: (#8761),0.9258200997725514,8
7800,Merged commit includes the following changes:,marksandler2,0e57630c,Merged commit includes the following changes: (#8755),0.9258200997725514,8
7800,Merged commit includes the following changes:,marksandler2,df89d3e0,Merged commit includes the following changes: (#8753),0.9258200997725514,8
7800,Merged commit includes the following changes:,marksandler2,68d983b9,Merged commit includes the following changes: (#8742),0.9258200997725514,8
7800,Merged commit includes the following changes:,marksandler2,6ef140dc,Merged commit includes the following changes: (#8741),0.9258200997725514,8
7800,Merged commit includes the following changes:,marksandler2,a555f1b0,Merged commit includes the following changes: (#8740),0.9258200997725514,8
7800,Merged commit includes the following changes:,marksandler2,0f0c7745,Merged commit includes the following changes: (#8739),0.9258200997725514,8
7800,Merged commit includes the following changes:,marksandler2,e0dade52,Merged commit includes the following changes: (#8728),0.9258200997725514,8
7800,Merged commit includes the following changes:,marksandler2,4a0b3e4b,Merged commit includes the following changes: (#8235),0.9258200997725514,8
7800,Merged commit includes the following changes:,marksandler2,d4eedbb9,Merged commit includes the following changes: (#8077),0.9258200997725514,8
7800,Merged commit includes the following changes:,marksandler2,b968a6ce,Merged commit includes the following changes: (#7800),0.9258200997725514,8
7800,Merged commit includes the following changes:,marksandler2,377c5285,Merged commit includes the following changes: (#7798),0.9258200997725514,8
7800,Merged commit includes the following changes:,marksandler2,ba87e2c6,Merged commit includes the following changes: (#7797),0.9258200997725514,8
7800,Merged commit includes the following changes:,marksandler2,6766e6dd,Merged commit includes the following changes: (#7690),0.9258200997725514,8
7800,Merged commit includes the following changes:,marksandler2,886d7bc9,Merged commit includes the following changes: (#7470),0.9258200997725514,8
7800,Merged commit includes the following changes:,marksandler2,e36934b3,Merged commit includes the following changes: (#7431),0.9258200997725514,8
7800,Merged commit includes the following changes:,marksandler2,03b4a0af,Merged commit includes the following changes: (#7430),0.9258200997725514,8
7800,Merged commit includes the following changes:,marksandler2,3a14837d,Merged commit includes the following changes: (#7429),0.9258200997725514,8
7800,Merged commit includes the following changes:,marksandler2,e38d570e,Merged commit includes the following changes: (#7404),0.9258200997725514,8
7800,Merged commit includes the following changes:,marksandler2,45b708d4,Merged commit includes the following changes: (#7398),0.9258200997725514,8
7800,Merged commit includes the following changes:,marksandler2,8625efd8,Merged commit includes the following changes: (#7393),0.9258200997725514,8
7800,Merged commit includes the following changes:,marksandler2,8384b05d,Merged commit includes the following changes: (#7385),0.9258200997725514,8
7800,Merged commit includes the following changes:,marksandler2,6b586a91,Merged commit includes the following changes: (#7370),0.9258200997725514,8
7800,Merged commit includes the following changes:,marksandler2,23c0017f,Merged commit includes the following changes: (#7368),0.9258200997725514,8
7800,Merged commit includes the following changes:,marksandler2,1921a3b5,Merged commit includes the following changes: (#7365),0.9258200997725514,8
7800,Merged commit includes the following changes:,marksandler2,13e7c85d,Merged commit includes the following changes: (#7358),0.9258200997725514,8
7800,Merged commit includes the following changes:,marksandler2,aee49bbd,Merged commit includes the following changes: (#7357),0.9258200997725514,8
7800,Merged commit includes the following changes:,marksandler2,dc4c5f1a,Merged commit includes the following changes: (#7354),0.9258200997725514,8
7800,Merged commit includes the following changes:,marksandler2,c92a7e16,Merged commit includes the following changes: (#7347),0.9258200997725514,8
7800,Merged commit includes the following changes:,marksandler2,1b089751,Merged commit includes the following changes: (#7346),0.9258200997725514,8
7800,Merged commit includes the following changes:,marksandler2,443461cc,Merged commit includes the following changes: (#7325),0.9258200997725514,8
7800,Merged commit includes the following changes:,marksandler2,aad41340,Merged commit includes the following changes: (#7324),0.9258200997725514,8
7800,Merged commit includes the following changes:,marksandler2,d65af7d8,Merged commit includes the following changes: (#7323),0.9258200997725514,8
7800,Merged commit includes the following changes:,marksandler2,803f833c,Merged commit includes the following changes: (#7322),0.9258200997725514,8
7800,Merged commit includes the following changes:,marksandler2,8c7a0e75,Merged commit includes the following changes: (#7309),0.9258200997725514,8
7800,Merged commit includes the following changes:,marksandler2,745a06a9,Merged commit includes the following changes: (#7307),0.9258200997725514,8
7800,Merged commit includes the following changes:,marksandler2,53e3adb8,Merged commit includes the following changes: (#7301),0.9258200997725514,8
7800,Merged commit includes the following changes:,marksandler2,3c5330d8,Merged commit includes the following changes: (#7298),0.9258200997725514,8
7800,Merged commit includes the following changes:,marksandler2,ab8febd4,Merged commit includes the following changes: (#7289),0.9258200997725514,8
7800,Merged commit includes the following changes:,marksandler2,64d6c094,Merged commit includes the following changes: (#7281),0.9258200997725514,8
7800,Merged commit includes the following changes:,marksandler2,1fc839bc,Merged commit includes the following changes: (#7277),0.9258200997725514,8
7800,Merged commit includes the following changes:,marksandler2,6f47c378,Merged commit includes the following changes: (#7264),0.9258200997725514,8
7800,Merged commit includes the following changes:,marksandler2,c5a4978d,Merged commit includes the following changes: (#7263),0.9258200997725514,8
7800,Merged commit includes the following changes:,marksandler2,32fadf00,Merged commit includes the following changes: (#7255),0.9258200997725514,8
7800,Merged commit includes the following changes:,marksandler2,1fb34e76,Merged commit includes the following changes: (#7252),0.9258200997725514,8
7800,Merged commit includes the following changes:,marksandler2,3b9025d5, Merged commit includes the following changes: (#7250),0.9258200997725514,9
7800,Merged commit includes the following changes:,marksandler2,b7221961, Merged commit includes the following changes:  (#7249),0.9258200997725514,10
7800,Merged commit includes the following changes:,marksandler2,e21dcdd0,Merged commit includes the following changes: (#7221),0.9258200997725514,8
7800,Merged commit includes the following changes:,marksandler2,66d00a87,Merged commit includes the following changes: (#7220),0.9258200997725514,8
7800,Merged commit includes the following changes:,marksandler2,dc8c6ce1,Merged commit includes the following changes: (#7209),0.9258200997725514,8
7800,Merged commit includes the following changes:,marksandler2,13feba3c,Merged commit includes the following changes: (#7191),0.9258200997725514,8
7800,Merged commit includes the following changes:,marksandler2,5175b7e6,Merged commit includes the following changes: (#7141),0.9258200997725514,8
7800,Merged commit includes the following changes:,marksandler2,5afa9569,Merged commit includes the following changes: (#7119),0.9258200997725514,8
7800,Merged commit includes the following changes:,marksandler2,76995053,Merged commit includes the following changes: (#7116),0.9258200997725514,8
7800,Merged commit includes the following changes:,marksandler2,a156e203,Merged commit includes the following changes: (#7100),0.9258200997725514,8
7800,Merged commit includes the following changes:,marksandler2,240623ac,Merged commit includes the following changes: (#7093),0.9258200997725514,8
7800,Merged commit includes the following changes:,marksandler2,1636acc9,Merged commit includes the following changes: (#7068),0.9258200997725514,8
7800,Merged commit includes the following changes:,marksandler2,e0e6d981,Merged commit includes the following changes: (#7060),0.9258200997725514,8
7800,Merged commit includes the following changes:,marksandler2,a1c47f28,Merged commit includes the following changes: (#7049),0.9258200997725514,8
7800,Merged commit includes the following changes:,marksandler2,dfcaed77,Merged commit includes the following changes: (#7039),0.9258200997725514,8
7800,Merged commit includes the following changes:,marksandler2,3eb7cbbc,Merged commit includes the following changes: (#7013),0.9258200997725514,8
7800,Merged commit includes the following changes:,marksandler2,ce03903f,Merged commit includes the following changes: (#6998),0.9258200997725514,8
7800,Merged commit includes the following changes:,marksandler2,e7b4d364,Merged commit includes the following changes: (#6993),0.9258200997725514,8
7800,Merged commit includes the following changes:,marksandler2,f2eb1701,Merged commit includes the following changes: (#6992),0.9258200997725514,8
7800,Merged commit includes the following changes:,marksandler2,bc557d14,Merged commit includes the following changes: (#6969),0.9258200997725514,8
7800,Merged commit includes the following changes:,marksandler2,51289259,Merged commit includes the following changes: (#6963),0.9258200997725514,8
7800,Merged commit includes the following changes:,marksandler2,fbdbe12b,Merged commit includes the following changes: (#6952),0.9258200997725514,8
7800,Merged commit includes the following changes:,marksandler2,9bbf8015,Merged commit includes the following changes: (#6932),0.9258200997725514,8
7800,Merged commit includes the following changes:,marksandler2,f42fddee,Merged commit includes the following changes: (#6931),0.9258200997725514,8
7800,Merged commit includes the following changes:,marksandler2,15db2195,Merged commit includes the following changes: (#6926),0.9258200997725514,8
7800,Merged commit includes the following changes:,marksandler2,d76e39e7,Merged commit includes the following changes: (#6921),0.9258200997725514,8
7800,Merged commit includes the following changes:,marksandler2,7af3bd91,Merged commit includes the following changes: (#6898),0.9258200997725514,8
7800,Merged commit includes the following changes:,marksandler2,6fc642d4,Merged commit includes the following changes: (#6885),0.9258200997725514,8
7800,Merged commit includes the following changes:,marksandler2,fa10031d,Merged commit includes the following changes: (#6880),0.9258200997725514,8
7800,Merged commit includes the following changes:,marksandler2,7f9db598,Merged commit includes the following changes: (#6879),0.9258200997725514,8
7800,Merged commit includes the following changes:,marksandler2,f06b5716,Merged commit includes the following changes: (#6863),0.9258200997725514,8
7800,Merged commit includes the following changes:,marksandler2,85bdf764,Merged commit includes the following changes: (#6856),0.9258200997725514,8
7800,Merged commit includes the following changes:,marksandler2,30d14a96,Merged commit includes the following changes: (#6847),0.9258200997725514,8
7800,Merged commit includes the following changes:,marksandler2,58856e2b,Merged commit includes the following changes: (#6726),0.9258200997725514,8
7800,Merged commit includes the following changes:,marksandler2,47d6c66e,Merged commit includes the following changes: (#6407),0.9258200997725514,8
7800,Merged commit includes the following changes:,marksandler2,05584085,Merged commit includes the following changes: (#6315),0.9258200997725514,8
7800,Merged commit includes the following changes:,marksandler2,dcf52aab,Merged commit includes the following changes: (#6062),0.9258200997725514,8
7800,Merged commit includes the following changes:,marksandler2,a1337e01,Merged commit includes the following changes: 223075771  by lzc:,0.8164965809277261,19
7800,Merged commit includes the following changes:,marksandler2,2c680af3,Merged commit includes the following changes: 223150784  by Sergio Guadarrama:,0.7745966692414834,33
7800,Merged commit includes the following changes:,marksandler2,85dd5fa4,Merged commit includes the following changes: 204489224  by Zhichao Lu:,0.7745966692414834,26
7800,Merged commit includes the following changes:,marksandler2,9fce9c64,Merged commit includes the following changes: 199348852  by Zhichao Lu:,0.7745966692414834,26
7800,Merged commit includes the following changes:,marksandler2,324d6dc3,Merged commit includes the following changes: 196161788  by Zhichao Lu:,0.7745966692414834,26
7800,Merged commit includes the following changes:,marksandler2,63054210,Merged commit includes the following changes: 195269567  by Zhichao Lu:,0.7745966692414834,26
7800,Merged commit includes the following changes:,marksandler2,6b72b5cd,Merged commit includes the following changes: 191649512  by Zhichao Lu:,0.7745966692414834,26
7800,Merged commit includes the following changes:,marksandler2,78d5f8f8,Merged commit includes the following changes: 187187978  by Zhichao Lu:,0.7745966692414834,26
7800,Merged commit includes the following changes:,marksandler2,1efe98bb,Merged commit includes the following changes: 185215255  by Zhichao Lu:,0.7745966692414834,26
7800,Merged commit includes the following changes:,marksandler2,7a9934df,Merged commit includes the following changes: 184048729  by Zhichao Lu:,0.7745966692414834,26
7769,[deeplab] The eval.py and vis.py not working ,gachiemchiep,f98f000a,Update create_pascal_tf_record.py and create_pet_tf_record.py,0.5330017908890261,46
7689,Minor Download bug in tensorflow_datasets,Nodice,d4557be2,Minor bug fixes,0.5163977794943222,28
7602,Port BERT Tutorial Notebook to TF2.0?,bwindsor22,d0f21f25,Port shakespeare benchmark to TF2,0.5070925528371099,23
7587,Fix bug in ptb_word_lm.py,gyojir,45542535,Fix mobile_bert_encoder_test.py,0.5163977794943222,20
7587,Fix bug in ptb_word_lm.py,gyojir,090c7149,Fix typo in retinanet_model.py,0.5999999999999999,16
7587,Fix bug in ptb_word_lm.py,gyojir,281d1757,Fix bug introduced.,0.5163977794943222,12
7587,Fix bug in ptb_word_lm.py,gyojir,c59cf48d,Fix typo in train.py (#7805),0.5477225575051661,20
7587,Fix bug in ptb_word_lm.py,gyojir,0faa2ff3,Fix checkpoint path in bert_benchmark.py.,0.5477225575051661,26
7587,Fix bug in ptb_word_lm.py,gyojir,0734276a,Fix mnist_test.py,0.5163977794943222,15
7587,Fix bug in ptb_word_lm.py,gyojir,c3bf4a79,Fix typo in utils/flags/_conventions.py,0.5070925528371099,25
7587,Fix bug in ptb_word_lm.py,gyojir,7acce35d,Fix bug in test dataset generation,0.5477225575051661,22
7587,Fix bug in ptb_word_lm.py,gyojir,b1188d03,Fix transformer_main.py.,0.5163977794943222,18
7587,Fix bug in ptb_word_lm.py,gyojir,9b7b64be,Fix bug in dataset reader. (#6871),0.5477225575051661,20
7587,Fix bug in ptb_word_lm.py,gyojir,f0e10716,Fix docstrings in data_preprocessing.py. (#4976),0.5477225575051661,33
7587,Fix bug in ptb_word_lm.py,gyojir,80eb727a,Fix typo in iris_data.py,0.5999999999999999,14
7587,Fix bug in ptb_word_lm.py,gyojir,2ed6b9d9,Fix wide_deep_test.py,0.5163977794943222,17
7587,Fix bug in ptb_word_lm.py,gyojir,99566f81,Fix wrong reference in ptb_word_lm.py,0.7302967433402214,14
7587,Fix bug in ptb_word_lm.py,gyojir,5105ce71,Fix bug in gym_wrapper.,0.6708203932499369,11
7587,Fix bug in ptb_word_lm.py,gyojir,bf65145d,Fix a bug in create_pet_tf_record.py related to mask creation.,0.5656854249492379,43
7587,Fix bug in ptb_word_lm.py,gyojir,ba98bc47,Update ptb_word_lm.py,0.5163977794943222,10
7587,Fix bug in ptb_word_lm.py,gyojir,f8e16db8,Fix bug in inception instructions (#322),0.5477225575051661,26
7470,Merged commit includes the following changes:,yongzhe2160,b8172302,Merged commit includes the following changes: (#8834),0.9258200997725514,8
7470,Merged commit includes the following changes:,yongzhe2160,b06f0c6b,Merged commit includes the following changes: (#8832),0.9258200997725514,8
7470,Merged commit includes the following changes:,yongzhe2160,5245161c,Merged commit includes the following changes: (#8830),0.9258200997725514,8
7470,Merged commit includes the following changes:,yongzhe2160,c9eb3554,Merged commit includes the following changes: (#8829),0.9258200997725514,8
7470,Merged commit includes the following changes:,yongzhe2160,0ad4922f,Merged commit includes the following changes: (#8809),0.9258200997725514,8
7470,Merged commit includes the following changes:,yongzhe2160,52bb4ab1,Merged commit includes the following changes: (#8803),0.9258200997725514,8
7470,Merged commit includes the following changes:,yongzhe2160,36e786dc,Merged commit includes the following changes: (#8779),0.9258200997725514,8
7470,Merged commit includes the following changes:,yongzhe2160,e6017471,Merged commit includes the following changes: (#8761),0.9258200997725514,8
7470,Merged commit includes the following changes:,yongzhe2160,0e57630c,Merged commit includes the following changes: (#8755),0.9258200997725514,8
7470,Merged commit includes the following changes:,yongzhe2160,df89d3e0,Merged commit includes the following changes: (#8753),0.9258200997725514,8
7470,Merged commit includes the following changes:,yongzhe2160,68d983b9,Merged commit includes the following changes: (#8742),0.9258200997725514,8
7470,Merged commit includes the following changes:,yongzhe2160,6ef140dc,Merged commit includes the following changes: (#8741),0.9258200997725514,8
7470,Merged commit includes the following changes:,yongzhe2160,a555f1b0,Merged commit includes the following changes: (#8740),0.9258200997725514,8
7470,Merged commit includes the following changes:,yongzhe2160,0f0c7745,Merged commit includes the following changes: (#8739),0.9258200997725514,8
7470,Merged commit includes the following changes:,yongzhe2160,e0dade52,Merged commit includes the following changes: (#8728),0.9258200997725514,8
7470,Merged commit includes the following changes:,yongzhe2160,4a0b3e4b,Merged commit includes the following changes: (#8235),0.9258200997725514,8
7470,Merged commit includes the following changes:,yongzhe2160,d4eedbb9,Merged commit includes the following changes: (#8077),0.9258200997725514,8
7470,Merged commit includes the following changes:,yongzhe2160,b968a6ce,Merged commit includes the following changes: (#7800),0.9258200997725514,8
7470,Merged commit includes the following changes:,yongzhe2160,377c5285,Merged commit includes the following changes: (#7798),0.9258200997725514,8
7470,Merged commit includes the following changes:,yongzhe2160,ba87e2c6,Merged commit includes the following changes: (#7797),0.9258200997725514,8
7470,Merged commit includes the following changes:,yongzhe2160,6766e6dd,Merged commit includes the following changes: (#7690),0.9258200997725514,8
7470,Merged commit includes the following changes:,yongzhe2160,886d7bc9,Merged commit includes the following changes: (#7470),0.9258200997725514,8
7470,Merged commit includes the following changes:,yongzhe2160,e36934b3,Merged commit includes the following changes: (#7431),0.9258200997725514,8
7470,Merged commit includes the following changes:,yongzhe2160,03b4a0af,Merged commit includes the following changes: (#7430),0.9258200997725514,8
7470,Merged commit includes the following changes:,yongzhe2160,3a14837d,Merged commit includes the following changes: (#7429),0.9258200997725514,8
7470,Merged commit includes the following changes:,yongzhe2160,e38d570e,Merged commit includes the following changes: (#7404),0.9258200997725514,8
7470,Merged commit includes the following changes:,yongzhe2160,45b708d4,Merged commit includes the following changes: (#7398),0.9258200997725514,8
7470,Merged commit includes the following changes:,yongzhe2160,8625efd8,Merged commit includes the following changes: (#7393),0.9258200997725514,8
7470,Merged commit includes the following changes:,yongzhe2160,8384b05d,Merged commit includes the following changes: (#7385),0.9258200997725514,8
7470,Merged commit includes the following changes:,yongzhe2160,6b586a91,Merged commit includes the following changes: (#7370),0.9258200997725514,8
7470,Merged commit includes the following changes:,yongzhe2160,23c0017f,Merged commit includes the following changes: (#7368),0.9258200997725514,8
7470,Merged commit includes the following changes:,yongzhe2160,1921a3b5,Merged commit includes the following changes: (#7365),0.9258200997725514,8
7470,Merged commit includes the following changes:,yongzhe2160,13e7c85d,Merged commit includes the following changes: (#7358),0.9258200997725514,8
7470,Merged commit includes the following changes:,yongzhe2160,aee49bbd,Merged commit includes the following changes: (#7357),0.9258200997725514,8
7470,Merged commit includes the following changes:,yongzhe2160,dc4c5f1a,Merged commit includes the following changes: (#7354),0.9258200997725514,8
7470,Merged commit includes the following changes:,yongzhe2160,c92a7e16,Merged commit includes the following changes: (#7347),0.9258200997725514,8
7470,Merged commit includes the following changes:,yongzhe2160,1b089751,Merged commit includes the following changes: (#7346),0.9258200997725514,8
7470,Merged commit includes the following changes:,yongzhe2160,443461cc,Merged commit includes the following changes: (#7325),0.9258200997725514,8
7470,Merged commit includes the following changes:,yongzhe2160,aad41340,Merged commit includes the following changes: (#7324),0.9258200997725514,8
7470,Merged commit includes the following changes:,yongzhe2160,d65af7d8,Merged commit includes the following changes: (#7323),0.9258200997725514,8
7470,Merged commit includes the following changes:,yongzhe2160,803f833c,Merged commit includes the following changes: (#7322),0.9258200997725514,8
7470,Merged commit includes the following changes:,yongzhe2160,8c7a0e75,Merged commit includes the following changes: (#7309),0.9258200997725514,8
7470,Merged commit includes the following changes:,yongzhe2160,745a06a9,Merged commit includes the following changes: (#7307),0.9258200997725514,8
7470,Merged commit includes the following changes:,yongzhe2160,53e3adb8,Merged commit includes the following changes: (#7301),0.9258200997725514,8
7470,Merged commit includes the following changes:,yongzhe2160,3c5330d8,Merged commit includes the following changes: (#7298),0.9258200997725514,8
7470,Merged commit includes the following changes:,yongzhe2160,ab8febd4,Merged commit includes the following changes: (#7289),0.9258200997725514,8
7470,Merged commit includes the following changes:,yongzhe2160,64d6c094,Merged commit includes the following changes: (#7281),0.9258200997725514,8
7470,Merged commit includes the following changes:,yongzhe2160,1fc839bc,Merged commit includes the following changes: (#7277),0.9258200997725514,8
7470,Merged commit includes the following changes:,yongzhe2160,6f47c378,Merged commit includes the following changes: (#7264),0.9258200997725514,8
7470,Merged commit includes the following changes:,yongzhe2160,c5a4978d,Merged commit includes the following changes: (#7263),0.9258200997725514,8
7470,Merged commit includes the following changes:,yongzhe2160,32fadf00,Merged commit includes the following changes: (#7255),0.9258200997725514,8
7470,Merged commit includes the following changes:,yongzhe2160,1fb34e76,Merged commit includes the following changes: (#7252),0.9258200997725514,8
7470,Merged commit includes the following changes:,yongzhe2160,3b9025d5, Merged commit includes the following changes: (#7250),0.9258200997725514,9
7470,Merged commit includes the following changes:,yongzhe2160,b7221961, Merged commit includes the following changes:  (#7249),0.9258200997725514,10
7470,Merged commit includes the following changes:,yongzhe2160,e21dcdd0,Merged commit includes the following changes: (#7221),0.9258200997725514,8
7470,Merged commit includes the following changes:,yongzhe2160,66d00a87,Merged commit includes the following changes: (#7220),0.9258200997725514,8
7470,Merged commit includes the following changes:,yongzhe2160,dc8c6ce1,Merged commit includes the following changes: (#7209),0.9258200997725514,8
7470,Merged commit includes the following changes:,yongzhe2160,13feba3c,Merged commit includes the following changes: (#7191),0.9258200997725514,8
7470,Merged commit includes the following changes:,yongzhe2160,5175b7e6,Merged commit includes the following changes: (#7141),0.9258200997725514,8
7470,Merged commit includes the following changes:,yongzhe2160,5afa9569,Merged commit includes the following changes: (#7119),0.9258200997725514,8
7470,Merged commit includes the following changes:,yongzhe2160,76995053,Merged commit includes the following changes: (#7116),0.9258200997725514,8
7470,Merged commit includes the following changes:,yongzhe2160,a156e203,Merged commit includes the following changes: (#7100),0.9258200997725514,8
7470,Merged commit includes the following changes:,yongzhe2160,240623ac,Merged commit includes the following changes: (#7093),0.9258200997725514,8
7470,Merged commit includes the following changes:,yongzhe2160,1636acc9,Merged commit includes the following changes: (#7068),0.9258200997725514,8
7470,Merged commit includes the following changes:,yongzhe2160,e0e6d981,Merged commit includes the following changes: (#7060),0.9258200997725514,8
7470,Merged commit includes the following changes:,yongzhe2160,a1c47f28,Merged commit includes the following changes: (#7049),0.9258200997725514,8
7470,Merged commit includes the following changes:,yongzhe2160,dfcaed77,Merged commit includes the following changes: (#7039),0.9258200997725514,8
7470,Merged commit includes the following changes:,yongzhe2160,3eb7cbbc,Merged commit includes the following changes: (#7013),0.9258200997725514,8
7470,Merged commit includes the following changes:,yongzhe2160,ce03903f,Merged commit includes the following changes: (#6998),0.9258200997725514,8
7470,Merged commit includes the following changes:,yongzhe2160,e7b4d364,Merged commit includes the following changes: (#6993),0.9258200997725514,8
7470,Merged commit includes the following changes:,yongzhe2160,f2eb1701,Merged commit includes the following changes: (#6992),0.9258200997725514,8
7470,Merged commit includes the following changes:,yongzhe2160,bc557d14,Merged commit includes the following changes: (#6969),0.9258200997725514,8
7470,Merged commit includes the following changes:,yongzhe2160,51289259,Merged commit includes the following changes: (#6963),0.9258200997725514,8
7470,Merged commit includes the following changes:,yongzhe2160,fbdbe12b,Merged commit includes the following changes: (#6952),0.9258200997725514,8
7470,Merged commit includes the following changes:,yongzhe2160,9bbf8015,Merged commit includes the following changes: (#6932),0.9258200997725514,8
7470,Merged commit includes the following changes:,yongzhe2160,f42fddee,Merged commit includes the following changes: (#6931),0.9258200997725514,8
7470,Merged commit includes the following changes:,yongzhe2160,15db2195,Merged commit includes the following changes: (#6926),0.9258200997725514,8
7470,Merged commit includes the following changes:,yongzhe2160,d76e39e7,Merged commit includes the following changes: (#6921),0.9258200997725514,8
7470,Merged commit includes the following changes:,yongzhe2160,7af3bd91,Merged commit includes the following changes: (#6898),0.9258200997725514,8
7470,Merged commit includes the following changes:,yongzhe2160,6fc642d4,Merged commit includes the following changes: (#6885),0.9258200997725514,8
7470,Merged commit includes the following changes:,yongzhe2160,fa10031d,Merged commit includes the following changes: (#6880),0.9258200997725514,8
7470,Merged commit includes the following changes:,yongzhe2160,7f9db598,Merged commit includes the following changes: (#6879),0.9258200997725514,8
7470,Merged commit includes the following changes:,yongzhe2160,f06b5716,Merged commit includes the following changes: (#6863),0.9258200997725514,8
7470,Merged commit includes the following changes:,yongzhe2160,85bdf764,Merged commit includes the following changes: (#6856),0.9258200997725514,8
7470,Merged commit includes the following changes:,yongzhe2160,30d14a96,Merged commit includes the following changes: (#6847),0.9258200997725514,8
7470,Merged commit includes the following changes:,yongzhe2160,58856e2b,Merged commit includes the following changes: (#6726),0.9258200997725514,8
7470,Merged commit includes the following changes:,yongzhe2160,47d6c66e,Merged commit includes the following changes: (#6407),0.9258200997725514,8
7470,Merged commit includes the following changes:,yongzhe2160,05584085,Merged commit includes the following changes: (#6315),0.9258200997725514,8
7470,Merged commit includes the following changes:,yongzhe2160,dcf52aab,Merged commit includes the following changes: (#6062),0.9258200997725514,8
7470,Merged commit includes the following changes:,yongzhe2160,a1337e01,Merged commit includes the following changes: 223075771  by lzc:,0.8164965809277261,19
7470,Merged commit includes the following changes:,yongzhe2160,2c680af3,Merged commit includes the following changes: 223150784  by Sergio Guadarrama:,0.7745966692414834,33
7470,Merged commit includes the following changes:,yongzhe2160,85dd5fa4,Merged commit includes the following changes: 204489224  by Zhichao Lu:,0.7745966692414834,26
7470,Merged commit includes the following changes:,yongzhe2160,9fce9c64,Merged commit includes the following changes: 199348852  by Zhichao Lu:,0.7745966692414834,26
7470,Merged commit includes the following changes:,yongzhe2160,324d6dc3,Merged commit includes the following changes: 196161788  by Zhichao Lu:,0.7745966692414834,26
7470,Merged commit includes the following changes:,yongzhe2160,63054210,Merged commit includes the following changes: 195269567  by Zhichao Lu:,0.7745966692414834,26
7470,Merged commit includes the following changes:,yongzhe2160,6b72b5cd,Merged commit includes the following changes: 191649512  by Zhichao Lu:,0.7745966692414834,26
7470,Merged commit includes the following changes:,yongzhe2160,78d5f8f8,Merged commit includes the following changes: 187187978  by Zhichao Lu:,0.7745966692414834,26
7470,Merged commit includes the following changes:,yongzhe2160,1efe98bb,Merged commit includes the following changes: 185215255  by Zhichao Lu:,0.7745966692414834,26
7470,Merged commit includes the following changes:,yongzhe2160,7a9934df,Merged commit includes the following changes: 184048729  by Zhichao Lu:,0.7745966692414834,26
7435,Remove 8xGPU XLA tests.  They are not supported yet.,tfboyd,01d28a37,Remove 8xGPU XLA tests.  They are not supported yet. (#7435),0.9486832980505138,8
7308,Merged commit includes the following changes:,saberkun,b8172302,Merged commit includes the following changes: (#8834),0.9258200997725514,8
7308,Merged commit includes the following changes:,saberkun,b06f0c6b,Merged commit includes the following changes: (#8832),0.9258200997725514,8
7308,Merged commit includes the following changes:,saberkun,5245161c,Merged commit includes the following changes: (#8830),0.9258200997725514,8
7308,Merged commit includes the following changes:,saberkun,c9eb3554,Merged commit includes the following changes: (#8829),0.9258200997725514,8
7308,Merged commit includes the following changes:,saberkun,0ad4922f,Merged commit includes the following changes: (#8809),0.9258200997725514,8
7308,Merged commit includes the following changes:,saberkun,52bb4ab1,Merged commit includes the following changes: (#8803),0.9258200997725514,8
7308,Merged commit includes the following changes:,saberkun,36e786dc,Merged commit includes the following changes: (#8779),0.9258200997725514,8
7308,Merged commit includes the following changes:,saberkun,e6017471,Merged commit includes the following changes: (#8761),0.9258200997725514,8
7308,Merged commit includes the following changes:,saberkun,0e57630c,Merged commit includes the following changes: (#8755),0.9258200997725514,8
7308,Merged commit includes the following changes:,saberkun,df89d3e0,Merged commit includes the following changes: (#8753),0.9258200997725514,8
7308,Merged commit includes the following changes:,saberkun,68d983b9,Merged commit includes the following changes: (#8742),0.9258200997725514,8
7308,Merged commit includes the following changes:,saberkun,6ef140dc,Merged commit includes the following changes: (#8741),0.9258200997725514,8
7308,Merged commit includes the following changes:,saberkun,a555f1b0,Merged commit includes the following changes: (#8740),0.9258200997725514,8
7308,Merged commit includes the following changes:,saberkun,0f0c7745,Merged commit includes the following changes: (#8739),0.9258200997725514,8
7308,Merged commit includes the following changes:,saberkun,e0dade52,Merged commit includes the following changes: (#8728),0.9258200997725514,8
7308,Merged commit includes the following changes:,saberkun,4a0b3e4b,Merged commit includes the following changes: (#8235),0.9258200997725514,8
7308,Merged commit includes the following changes:,saberkun,d4eedbb9,Merged commit includes the following changes: (#8077),0.9258200997725514,8
7308,Merged commit includes the following changes:,saberkun,b968a6ce,Merged commit includes the following changes: (#7800),0.9258200997725514,8
7308,Merged commit includes the following changes:,saberkun,377c5285,Merged commit includes the following changes: (#7798),0.9258200997725514,8
7308,Merged commit includes the following changes:,saberkun,ba87e2c6,Merged commit includes the following changes: (#7797),0.9258200997725514,8
7308,Merged commit includes the following changes:,saberkun,6766e6dd,Merged commit includes the following changes: (#7690),0.9258200997725514,8
7308,Merged commit includes the following changes:,saberkun,886d7bc9,Merged commit includes the following changes: (#7470),0.9258200997725514,8
7308,Merged commit includes the following changes:,saberkun,e36934b3,Merged commit includes the following changes: (#7431),0.9258200997725514,8
7308,Merged commit includes the following changes:,saberkun,03b4a0af,Merged commit includes the following changes: (#7430),0.9258200997725514,8
7308,Merged commit includes the following changes:,saberkun,3a14837d,Merged commit includes the following changes: (#7429),0.9258200997725514,8
7308,Merged commit includes the following changes:,saberkun,e38d570e,Merged commit includes the following changes: (#7404),0.9258200997725514,8
7308,Merged commit includes the following changes:,saberkun,45b708d4,Merged commit includes the following changes: (#7398),0.9258200997725514,8
7308,Merged commit includes the following changes:,saberkun,8625efd8,Merged commit includes the following changes: (#7393),0.9258200997725514,8
7308,Merged commit includes the following changes:,saberkun,8384b05d,Merged commit includes the following changes: (#7385),0.9258200997725514,8
7308,Merged commit includes the following changes:,saberkun,6b586a91,Merged commit includes the following changes: (#7370),0.9258200997725514,8
7308,Merged commit includes the following changes:,saberkun,23c0017f,Merged commit includes the following changes: (#7368),0.9258200997725514,8
7308,Merged commit includes the following changes:,saberkun,1921a3b5,Merged commit includes the following changes: (#7365),0.9258200997725514,8
7308,Merged commit includes the following changes:,saberkun,13e7c85d,Merged commit includes the following changes: (#7358),0.9258200997725514,8
7308,Merged commit includes the following changes:,saberkun,aee49bbd,Merged commit includes the following changes: (#7357),0.9258200997725514,8
7308,Merged commit includes the following changes:,saberkun,dc4c5f1a,Merged commit includes the following changes: (#7354),0.9258200997725514,8
7308,Merged commit includes the following changes:,saberkun,c92a7e16,Merged commit includes the following changes: (#7347),0.9258200997725514,8
7308,Merged commit includes the following changes:,saberkun,1b089751,Merged commit includes the following changes: (#7346),0.9258200997725514,8
7308,Merged commit includes the following changes:,saberkun,443461cc,Merged commit includes the following changes: (#7325),0.9258200997725514,8
7308,Merged commit includes the following changes:,saberkun,aad41340,Merged commit includes the following changes: (#7324),0.9258200997725514,8
7308,Merged commit includes the following changes:,saberkun,d65af7d8,Merged commit includes the following changes: (#7323),0.9258200997725514,8
7308,Merged commit includes the following changes:,saberkun,803f833c,Merged commit includes the following changes: (#7322),0.9258200997725514,8
7308,Merged commit includes the following changes:,saberkun,8c7a0e75,Merged commit includes the following changes: (#7309),0.9258200997725514,8
7308,Merged commit includes the following changes:,saberkun,745a06a9,Merged commit includes the following changes: (#7307),0.9258200997725514,8
7308,Merged commit includes the following changes:,saberkun,53e3adb8,Merged commit includes the following changes: (#7301),0.9258200997725514,8
7308,Merged commit includes the following changes:,saberkun,3c5330d8,Merged commit includes the following changes: (#7298),0.9258200997725514,8
7308,Merged commit includes the following changes:,saberkun,ab8febd4,Merged commit includes the following changes: (#7289),0.9258200997725514,8
7308,Merged commit includes the following changes:,saberkun,64d6c094,Merged commit includes the following changes: (#7281),0.9258200997725514,8
7308,Merged commit includes the following changes:,saberkun,1fc839bc,Merged commit includes the following changes: (#7277),0.9258200997725514,8
7308,Merged commit includes the following changes:,saberkun,6f47c378,Merged commit includes the following changes: (#7264),0.9258200997725514,8
7308,Merged commit includes the following changes:,saberkun,c5a4978d,Merged commit includes the following changes: (#7263),0.9258200997725514,8
7308,Merged commit includes the following changes:,saberkun,32fadf00,Merged commit includes the following changes: (#7255),0.9258200997725514,8
7308,Merged commit includes the following changes:,saberkun,1fb34e76,Merged commit includes the following changes: (#7252),0.9258200997725514,8
7308,Merged commit includes the following changes:,saberkun,3b9025d5, Merged commit includes the following changes: (#7250),0.9258200997725514,9
7308,Merged commit includes the following changes:,saberkun,b7221961, Merged commit includes the following changes:  (#7249),0.9258200997725514,10
7308,Merged commit includes the following changes:,saberkun,e21dcdd0,Merged commit includes the following changes: (#7221),0.9258200997725514,8
7308,Merged commit includes the following changes:,saberkun,66d00a87,Merged commit includes the following changes: (#7220),0.9258200997725514,8
7308,Merged commit includes the following changes:,saberkun,dc8c6ce1,Merged commit includes the following changes: (#7209),0.9258200997725514,8
7308,Merged commit includes the following changes:,saberkun,13feba3c,Merged commit includes the following changes: (#7191),0.9258200997725514,8
7308,Merged commit includes the following changes:,saberkun,5175b7e6,Merged commit includes the following changes: (#7141),0.9258200997725514,8
7308,Merged commit includes the following changes:,saberkun,5afa9569,Merged commit includes the following changes: (#7119),0.9258200997725514,8
7308,Merged commit includes the following changes:,saberkun,76995053,Merged commit includes the following changes: (#7116),0.9258200997725514,8
7308,Merged commit includes the following changes:,saberkun,a156e203,Merged commit includes the following changes: (#7100),0.9258200997725514,8
7308,Merged commit includes the following changes:,saberkun,240623ac,Merged commit includes the following changes: (#7093),0.9258200997725514,8
7308,Merged commit includes the following changes:,saberkun,1636acc9,Merged commit includes the following changes: (#7068),0.9258200997725514,8
7308,Merged commit includes the following changes:,saberkun,e0e6d981,Merged commit includes the following changes: (#7060),0.9258200997725514,8
7308,Merged commit includes the following changes:,saberkun,a1c47f28,Merged commit includes the following changes: (#7049),0.9258200997725514,8
7308,Merged commit includes the following changes:,saberkun,dfcaed77,Merged commit includes the following changes: (#7039),0.9258200997725514,8
7308,Merged commit includes the following changes:,saberkun,3eb7cbbc,Merged commit includes the following changes: (#7013),0.9258200997725514,8
7308,Merged commit includes the following changes:,saberkun,ce03903f,Merged commit includes the following changes: (#6998),0.9258200997725514,8
7308,Merged commit includes the following changes:,saberkun,e7b4d364,Merged commit includes the following changes: (#6993),0.9258200997725514,8
7308,Merged commit includes the following changes:,saberkun,f2eb1701,Merged commit includes the following changes: (#6992),0.9258200997725514,8
7308,Merged commit includes the following changes:,saberkun,bc557d14,Merged commit includes the following changes: (#6969),0.9258200997725514,8
7308,Merged commit includes the following changes:,saberkun,51289259,Merged commit includes the following changes: (#6963),0.9258200997725514,8
7308,Merged commit includes the following changes:,saberkun,fbdbe12b,Merged commit includes the following changes: (#6952),0.9258200997725514,8
7308,Merged commit includes the following changes:,saberkun,9bbf8015,Merged commit includes the following changes: (#6932),0.9258200997725514,8
7308,Merged commit includes the following changes:,saberkun,f42fddee,Merged commit includes the following changes: (#6931),0.9258200997725514,8
7308,Merged commit includes the following changes:,saberkun,15db2195,Merged commit includes the following changes: (#6926),0.9258200997725514,8
7308,Merged commit includes the following changes:,saberkun,d76e39e7,Merged commit includes the following changes: (#6921),0.9258200997725514,8
7308,Merged commit includes the following changes:,saberkun,7af3bd91,Merged commit includes the following changes: (#6898),0.9258200997725514,8
7308,Merged commit includes the following changes:,saberkun,6fc642d4,Merged commit includes the following changes: (#6885),0.9258200997725514,8
7308,Merged commit includes the following changes:,saberkun,fa10031d,Merged commit includes the following changes: (#6880),0.9258200997725514,8
7308,Merged commit includes the following changes:,saberkun,7f9db598,Merged commit includes the following changes: (#6879),0.9258200997725514,8
7308,Merged commit includes the following changes:,saberkun,f06b5716,Merged commit includes the following changes: (#6863),0.9258200997725514,8
7308,Merged commit includes the following changes:,saberkun,85bdf764,Merged commit includes the following changes: (#6856),0.9258200997725514,8
7308,Merged commit includes the following changes:,saberkun,30d14a96,Merged commit includes the following changes: (#6847),0.9258200997725514,8
7308,Merged commit includes the following changes:,saberkun,58856e2b,Merged commit includes the following changes: (#6726),0.9258200997725514,8
7308,Merged commit includes the following changes:,saberkun,47d6c66e,Merged commit includes the following changes: (#6407),0.9258200997725514,8
7308,Merged commit includes the following changes:,saberkun,05584085,Merged commit includes the following changes: (#6315),0.9258200997725514,8
7308,Merged commit includes the following changes:,saberkun,dcf52aab,Merged commit includes the following changes: (#6062),0.9258200997725514,8
7308,Merged commit includes the following changes:,saberkun,a1337e01,Merged commit includes the following changes: 223075771  by lzc:,0.8164965809277261,19
7308,Merged commit includes the following changes:,saberkun,2c680af3,Merged commit includes the following changes: 223150784  by Sergio Guadarrama:,0.7745966692414834,33
7308,Merged commit includes the following changes:,saberkun,85dd5fa4,Merged commit includes the following changes: 204489224  by Zhichao Lu:,0.7745966692414834,26
7308,Merged commit includes the following changes:,saberkun,9fce9c64,Merged commit includes the following changes: 199348852  by Zhichao Lu:,0.7745966692414834,26
7308,Merged commit includes the following changes:,saberkun,324d6dc3,Merged commit includes the following changes: 196161788  by Zhichao Lu:,0.7745966692414834,26
7308,Merged commit includes the following changes:,saberkun,63054210,Merged commit includes the following changes: 195269567  by Zhichao Lu:,0.7745966692414834,26
7308,Merged commit includes the following changes:,saberkun,6b72b5cd,Merged commit includes the following changes: 191649512  by Zhichao Lu:,0.7745966692414834,26
7308,Merged commit includes the following changes:,saberkun,78d5f8f8,Merged commit includes the following changes: 187187978  by Zhichao Lu:,0.7745966692414834,26
7308,Merged commit includes the following changes:,saberkun,1efe98bb,Merged commit includes the following changes: 185215255  by Zhichao Lu:,0.7745966692414834,26
7308,Merged commit includes the following changes:,saberkun,7a9934df,Merged commit includes the following changes: 184048729  by Zhichao Lu:,0.7745966692414834,26
7277,Merged commit includes the following changes:,saberkun,b8172302,Merged commit includes the following changes: (#8834),0.9258200997725514,8
7277,Merged commit includes the following changes:,saberkun,b06f0c6b,Merged commit includes the following changes: (#8832),0.9258200997725514,8
7277,Merged commit includes the following changes:,saberkun,5245161c,Merged commit includes the following changes: (#8830),0.9258200997725514,8
7277,Merged commit includes the following changes:,saberkun,c9eb3554,Merged commit includes the following changes: (#8829),0.9258200997725514,8
7277,Merged commit includes the following changes:,saberkun,0ad4922f,Merged commit includes the following changes: (#8809),0.9258200997725514,8
7277,Merged commit includes the following changes:,saberkun,52bb4ab1,Merged commit includes the following changes: (#8803),0.9258200997725514,8
7277,Merged commit includes the following changes:,saberkun,36e786dc,Merged commit includes the following changes: (#8779),0.9258200997725514,8
7277,Merged commit includes the following changes:,saberkun,e6017471,Merged commit includes the following changes: (#8761),0.9258200997725514,8
7277,Merged commit includes the following changes:,saberkun,0e57630c,Merged commit includes the following changes: (#8755),0.9258200997725514,8
7277,Merged commit includes the following changes:,saberkun,df89d3e0,Merged commit includes the following changes: (#8753),0.9258200997725514,8
7277,Merged commit includes the following changes:,saberkun,68d983b9,Merged commit includes the following changes: (#8742),0.9258200997725514,8
7277,Merged commit includes the following changes:,saberkun,6ef140dc,Merged commit includes the following changes: (#8741),0.9258200997725514,8
7277,Merged commit includes the following changes:,saberkun,a555f1b0,Merged commit includes the following changes: (#8740),0.9258200997725514,8
7277,Merged commit includes the following changes:,saberkun,0f0c7745,Merged commit includes the following changes: (#8739),0.9258200997725514,8
7277,Merged commit includes the following changes:,saberkun,e0dade52,Merged commit includes the following changes: (#8728),0.9258200997725514,8
7277,Merged commit includes the following changes:,saberkun,4a0b3e4b,Merged commit includes the following changes: (#8235),0.9258200997725514,8
7277,Merged commit includes the following changes:,saberkun,d4eedbb9,Merged commit includes the following changes: (#8077),0.9258200997725514,8
7277,Merged commit includes the following changes:,saberkun,b968a6ce,Merged commit includes the following changes: (#7800),0.9258200997725514,8
7277,Merged commit includes the following changes:,saberkun,377c5285,Merged commit includes the following changes: (#7798),0.9258200997725514,8
7277,Merged commit includes the following changes:,saberkun,ba87e2c6,Merged commit includes the following changes: (#7797),0.9258200997725514,8
7277,Merged commit includes the following changes:,saberkun,6766e6dd,Merged commit includes the following changes: (#7690),0.9258200997725514,8
7277,Merged commit includes the following changes:,saberkun,886d7bc9,Merged commit includes the following changes: (#7470),0.9258200997725514,8
7277,Merged commit includes the following changes:,saberkun,e36934b3,Merged commit includes the following changes: (#7431),0.9258200997725514,8
7277,Merged commit includes the following changes:,saberkun,03b4a0af,Merged commit includes the following changes: (#7430),0.9258200997725514,8
7277,Merged commit includes the following changes:,saberkun,3a14837d,Merged commit includes the following changes: (#7429),0.9258200997725514,8
7277,Merged commit includes the following changes:,saberkun,e38d570e,Merged commit includes the following changes: (#7404),0.9258200997725514,8
7277,Merged commit includes the following changes:,saberkun,45b708d4,Merged commit includes the following changes: (#7398),0.9258200997725514,8
7277,Merged commit includes the following changes:,saberkun,8625efd8,Merged commit includes the following changes: (#7393),0.9258200997725514,8
7277,Merged commit includes the following changes:,saberkun,8384b05d,Merged commit includes the following changes: (#7385),0.9258200997725514,8
7277,Merged commit includes the following changes:,saberkun,6b586a91,Merged commit includes the following changes: (#7370),0.9258200997725514,8
7277,Merged commit includes the following changes:,saberkun,23c0017f,Merged commit includes the following changes: (#7368),0.9258200997725514,8
7277,Merged commit includes the following changes:,saberkun,1921a3b5,Merged commit includes the following changes: (#7365),0.9258200997725514,8
7277,Merged commit includes the following changes:,saberkun,13e7c85d,Merged commit includes the following changes: (#7358),0.9258200997725514,8
7277,Merged commit includes the following changes:,saberkun,aee49bbd,Merged commit includes the following changes: (#7357),0.9258200997725514,8
7277,Merged commit includes the following changes:,saberkun,dc4c5f1a,Merged commit includes the following changes: (#7354),0.9258200997725514,8
7277,Merged commit includes the following changes:,saberkun,c92a7e16,Merged commit includes the following changes: (#7347),0.9258200997725514,8
7277,Merged commit includes the following changes:,saberkun,1b089751,Merged commit includes the following changes: (#7346),0.9258200997725514,8
7277,Merged commit includes the following changes:,saberkun,443461cc,Merged commit includes the following changes: (#7325),0.9258200997725514,8
7277,Merged commit includes the following changes:,saberkun,aad41340,Merged commit includes the following changes: (#7324),0.9258200997725514,8
7277,Merged commit includes the following changes:,saberkun,d65af7d8,Merged commit includes the following changes: (#7323),0.9258200997725514,8
7277,Merged commit includes the following changes:,saberkun,803f833c,Merged commit includes the following changes: (#7322),0.9258200997725514,8
7277,Merged commit includes the following changes:,saberkun,8c7a0e75,Merged commit includes the following changes: (#7309),0.9258200997725514,8
7277,Merged commit includes the following changes:,saberkun,745a06a9,Merged commit includes the following changes: (#7307),0.9258200997725514,8
7277,Merged commit includes the following changes:,saberkun,53e3adb8,Merged commit includes the following changes: (#7301),0.9258200997725514,8
7277,Merged commit includes the following changes:,saberkun,3c5330d8,Merged commit includes the following changes: (#7298),0.9258200997725514,8
7277,Merged commit includes the following changes:,saberkun,ab8febd4,Merged commit includes the following changes: (#7289),0.9258200997725514,8
7277,Merged commit includes the following changes:,saberkun,64d6c094,Merged commit includes the following changes: (#7281),0.9258200997725514,8
7277,Merged commit includes the following changes:,saberkun,1fc839bc,Merged commit includes the following changes: (#7277),0.9258200997725514,8
7277,Merged commit includes the following changes:,saberkun,6f47c378,Merged commit includes the following changes: (#7264),0.9258200997725514,8
7277,Merged commit includes the following changes:,saberkun,c5a4978d,Merged commit includes the following changes: (#7263),0.9258200997725514,8
7277,Merged commit includes the following changes:,saberkun,32fadf00,Merged commit includes the following changes: (#7255),0.9258200997725514,8
7277,Merged commit includes the following changes:,saberkun,1fb34e76,Merged commit includes the following changes: (#7252),0.9258200997725514,8
7277,Merged commit includes the following changes:,saberkun,3b9025d5, Merged commit includes the following changes: (#7250),0.9258200997725514,9
7277,Merged commit includes the following changes:,saberkun,b7221961, Merged commit includes the following changes:  (#7249),0.9258200997725514,10
7277,Merged commit includes the following changes:,saberkun,e21dcdd0,Merged commit includes the following changes: (#7221),0.9258200997725514,8
7277,Merged commit includes the following changes:,saberkun,66d00a87,Merged commit includes the following changes: (#7220),0.9258200997725514,8
7277,Merged commit includes the following changes:,saberkun,dc8c6ce1,Merged commit includes the following changes: (#7209),0.9258200997725514,8
7277,Merged commit includes the following changes:,saberkun,13feba3c,Merged commit includes the following changes: (#7191),0.9258200997725514,8
7277,Merged commit includes the following changes:,saberkun,5175b7e6,Merged commit includes the following changes: (#7141),0.9258200997725514,8
7277,Merged commit includes the following changes:,saberkun,5afa9569,Merged commit includes the following changes: (#7119),0.9258200997725514,8
7277,Merged commit includes the following changes:,saberkun,76995053,Merged commit includes the following changes: (#7116),0.9258200997725514,8
7277,Merged commit includes the following changes:,saberkun,a156e203,Merged commit includes the following changes: (#7100),0.9258200997725514,8
7277,Merged commit includes the following changes:,saberkun,240623ac,Merged commit includes the following changes: (#7093),0.9258200997725514,8
7277,Merged commit includes the following changes:,saberkun,1636acc9,Merged commit includes the following changes: (#7068),0.9258200997725514,8
7277,Merged commit includes the following changes:,saberkun,e0e6d981,Merged commit includes the following changes: (#7060),0.9258200997725514,8
7277,Merged commit includes the following changes:,saberkun,a1c47f28,Merged commit includes the following changes: (#7049),0.9258200997725514,8
7277,Merged commit includes the following changes:,saberkun,dfcaed77,Merged commit includes the following changes: (#7039),0.9258200997725514,8
7277,Merged commit includes the following changes:,saberkun,3eb7cbbc,Merged commit includes the following changes: (#7013),0.9258200997725514,8
7277,Merged commit includes the following changes:,saberkun,ce03903f,Merged commit includes the following changes: (#6998),0.9258200997725514,8
7277,Merged commit includes the following changes:,saberkun,e7b4d364,Merged commit includes the following changes: (#6993),0.9258200997725514,8
7277,Merged commit includes the following changes:,saberkun,f2eb1701,Merged commit includes the following changes: (#6992),0.9258200997725514,8
7277,Merged commit includes the following changes:,saberkun,bc557d14,Merged commit includes the following changes: (#6969),0.9258200997725514,8
7277,Merged commit includes the following changes:,saberkun,51289259,Merged commit includes the following changes: (#6963),0.9258200997725514,8
7277,Merged commit includes the following changes:,saberkun,fbdbe12b,Merged commit includes the following changes: (#6952),0.9258200997725514,8
7277,Merged commit includes the following changes:,saberkun,9bbf8015,Merged commit includes the following changes: (#6932),0.9258200997725514,8
7277,Merged commit includes the following changes:,saberkun,f42fddee,Merged commit includes the following changes: (#6931),0.9258200997725514,8
7277,Merged commit includes the following changes:,saberkun,15db2195,Merged commit includes the following changes: (#6926),0.9258200997725514,8
7277,Merged commit includes the following changes:,saberkun,d76e39e7,Merged commit includes the following changes: (#6921),0.9258200997725514,8
7277,Merged commit includes the following changes:,saberkun,7af3bd91,Merged commit includes the following changes: (#6898),0.9258200997725514,8
7277,Merged commit includes the following changes:,saberkun,6fc642d4,Merged commit includes the following changes: (#6885),0.9258200997725514,8
7277,Merged commit includes the following changes:,saberkun,fa10031d,Merged commit includes the following changes: (#6880),0.9258200997725514,8
7277,Merged commit includes the following changes:,saberkun,7f9db598,Merged commit includes the following changes: (#6879),0.9258200997725514,8
7277,Merged commit includes the following changes:,saberkun,f06b5716,Merged commit includes the following changes: (#6863),0.9258200997725514,8
7277,Merged commit includes the following changes:,saberkun,85bdf764,Merged commit includes the following changes: (#6856),0.9258200997725514,8
7277,Merged commit includes the following changes:,saberkun,30d14a96,Merged commit includes the following changes: (#6847),0.9258200997725514,8
7277,Merged commit includes the following changes:,saberkun,58856e2b,Merged commit includes the following changes: (#6726),0.9258200997725514,8
7277,Merged commit includes the following changes:,saberkun,47d6c66e,Merged commit includes the following changes: (#6407),0.9258200997725514,8
7277,Merged commit includes the following changes:,saberkun,05584085,Merged commit includes the following changes: (#6315),0.9258200997725514,8
7277,Merged commit includes the following changes:,saberkun,dcf52aab,Merged commit includes the following changes: (#6062),0.9258200997725514,8
7277,Merged commit includes the following changes:,saberkun,a1337e01,Merged commit includes the following changes: 223075771  by lzc:,0.8164965809277261,19
7277,Merged commit includes the following changes:,saberkun,2c680af3,Merged commit includes the following changes: 223150784  by Sergio Guadarrama:,0.7745966692414834,33
7277,Merged commit includes the following changes:,saberkun,85dd5fa4,Merged commit includes the following changes: 204489224  by Zhichao Lu:,0.7745966692414834,26
7277,Merged commit includes the following changes:,saberkun,9fce9c64,Merged commit includes the following changes: 199348852  by Zhichao Lu:,0.7745966692414834,26
7277,Merged commit includes the following changes:,saberkun,324d6dc3,Merged commit includes the following changes: 196161788  by Zhichao Lu:,0.7745966692414834,26
7277,Merged commit includes the following changes:,saberkun,63054210,Merged commit includes the following changes: 195269567  by Zhichao Lu:,0.7745966692414834,26
7277,Merged commit includes the following changes:,saberkun,6b72b5cd,Merged commit includes the following changes: 191649512  by Zhichao Lu:,0.7745966692414834,26
7277,Merged commit includes the following changes:,saberkun,78d5f8f8,Merged commit includes the following changes: 187187978  by Zhichao Lu:,0.7745966692414834,26
7277,Merged commit includes the following changes:,saberkun,1efe98bb,Merged commit includes the following changes: 185215255  by Zhichao Lu:,0.7745966692414834,26
7277,Merged commit includes the following changes:,saberkun,7a9934df,Merged commit includes the following changes: 184048729  by Zhichao Lu:,0.7745966692414834,26
7268,Add a simple signal-based Python callstack sampler for debugging,zongweiz,830a17ec,Add a simple signal-based Python callstack sampler for debugging,0.9999999999999998,0
7250, Merged commit includes the following changes:,yongzhe2160,b8172302,Merged commit includes the following changes: (#8834),0.9258200997725514,9
7250, Merged commit includes the following changes:,yongzhe2160,b06f0c6b,Merged commit includes the following changes: (#8832),0.9258200997725514,9
7250, Merged commit includes the following changes:,yongzhe2160,5245161c,Merged commit includes the following changes: (#8830),0.9258200997725514,9
7250, Merged commit includes the following changes:,yongzhe2160,c9eb3554,Merged commit includes the following changes: (#8829),0.9258200997725514,9
7250, Merged commit includes the following changes:,yongzhe2160,0ad4922f,Merged commit includes the following changes: (#8809),0.9258200997725514,9
7250, Merged commit includes the following changes:,yongzhe2160,52bb4ab1,Merged commit includes the following changes: (#8803),0.9258200997725514,9
7250, Merged commit includes the following changes:,yongzhe2160,36e786dc,Merged commit includes the following changes: (#8779),0.9258200997725514,9
7250, Merged commit includes the following changes:,yongzhe2160,e6017471,Merged commit includes the following changes: (#8761),0.9258200997725514,9
7250, Merged commit includes the following changes:,yongzhe2160,0e57630c,Merged commit includes the following changes: (#8755),0.9258200997725514,9
7250, Merged commit includes the following changes:,yongzhe2160,df89d3e0,Merged commit includes the following changes: (#8753),0.9258200997725514,9
7250, Merged commit includes the following changes:,yongzhe2160,68d983b9,Merged commit includes the following changes: (#8742),0.9258200997725514,9
7250, Merged commit includes the following changes:,yongzhe2160,6ef140dc,Merged commit includes the following changes: (#8741),0.9258200997725514,9
7250, Merged commit includes the following changes:,yongzhe2160,a555f1b0,Merged commit includes the following changes: (#8740),0.9258200997725514,9
7250, Merged commit includes the following changes:,yongzhe2160,0f0c7745,Merged commit includes the following changes: (#8739),0.9258200997725514,9
7250, Merged commit includes the following changes:,yongzhe2160,e0dade52,Merged commit includes the following changes: (#8728),0.9258200997725514,9
7250, Merged commit includes the following changes:,yongzhe2160,4a0b3e4b,Merged commit includes the following changes: (#8235),0.9258200997725514,9
7250, Merged commit includes the following changes:,yongzhe2160,d4eedbb9,Merged commit includes the following changes: (#8077),0.9258200997725514,9
7250, Merged commit includes the following changes:,yongzhe2160,b968a6ce,Merged commit includes the following changes: (#7800),0.9258200997725514,9
7250, Merged commit includes the following changes:,yongzhe2160,377c5285,Merged commit includes the following changes: (#7798),0.9258200997725514,9
7250, Merged commit includes the following changes:,yongzhe2160,ba87e2c6,Merged commit includes the following changes: (#7797),0.9258200997725514,9
7250, Merged commit includes the following changes:,yongzhe2160,6766e6dd,Merged commit includes the following changes: (#7690),0.9258200997725514,9
7250, Merged commit includes the following changes:,yongzhe2160,886d7bc9,Merged commit includes the following changes: (#7470),0.9258200997725514,9
7250, Merged commit includes the following changes:,yongzhe2160,e36934b3,Merged commit includes the following changes: (#7431),0.9258200997725514,9
7250, Merged commit includes the following changes:,yongzhe2160,03b4a0af,Merged commit includes the following changes: (#7430),0.9258200997725514,9
7250, Merged commit includes the following changes:,yongzhe2160,3a14837d,Merged commit includes the following changes: (#7429),0.9258200997725514,9
7250, Merged commit includes the following changes:,yongzhe2160,e38d570e,Merged commit includes the following changes: (#7404),0.9258200997725514,9
7250, Merged commit includes the following changes:,yongzhe2160,45b708d4,Merged commit includes the following changes: (#7398),0.9258200997725514,9
7250, Merged commit includes the following changes:,yongzhe2160,8625efd8,Merged commit includes the following changes: (#7393),0.9258200997725514,9
7250, Merged commit includes the following changes:,yongzhe2160,8384b05d,Merged commit includes the following changes: (#7385),0.9258200997725514,9
7250, Merged commit includes the following changes:,yongzhe2160,6b586a91,Merged commit includes the following changes: (#7370),0.9258200997725514,9
7250, Merged commit includes the following changes:,yongzhe2160,23c0017f,Merged commit includes the following changes: (#7368),0.9258200997725514,9
7250, Merged commit includes the following changes:,yongzhe2160,1921a3b5,Merged commit includes the following changes: (#7365),0.9258200997725514,9
7250, Merged commit includes the following changes:,yongzhe2160,13e7c85d,Merged commit includes the following changes: (#7358),0.9258200997725514,9
7250, Merged commit includes the following changes:,yongzhe2160,aee49bbd,Merged commit includes the following changes: (#7357),0.9258200997725514,9
7250, Merged commit includes the following changes:,yongzhe2160,dc4c5f1a,Merged commit includes the following changes: (#7354),0.9258200997725514,9
7250, Merged commit includes the following changes:,yongzhe2160,c92a7e16,Merged commit includes the following changes: (#7347),0.9258200997725514,9
7250, Merged commit includes the following changes:,yongzhe2160,1b089751,Merged commit includes the following changes: (#7346),0.9258200997725514,9
7250, Merged commit includes the following changes:,yongzhe2160,443461cc,Merged commit includes the following changes: (#7325),0.9258200997725514,9
7250, Merged commit includes the following changes:,yongzhe2160,aad41340,Merged commit includes the following changes: (#7324),0.9258200997725514,9
7250, Merged commit includes the following changes:,yongzhe2160,d65af7d8,Merged commit includes the following changes: (#7323),0.9258200997725514,9
7250, Merged commit includes the following changes:,yongzhe2160,803f833c,Merged commit includes the following changes: (#7322),0.9258200997725514,9
7250, Merged commit includes the following changes:,yongzhe2160,8c7a0e75,Merged commit includes the following changes: (#7309),0.9258200997725514,9
7250, Merged commit includes the following changes:,yongzhe2160,745a06a9,Merged commit includes the following changes: (#7307),0.9258200997725514,9
7250, Merged commit includes the following changes:,yongzhe2160,53e3adb8,Merged commit includes the following changes: (#7301),0.9258200997725514,9
7250, Merged commit includes the following changes:,yongzhe2160,3c5330d8,Merged commit includes the following changes: (#7298),0.9258200997725514,9
7250, Merged commit includes the following changes:,yongzhe2160,ab8febd4,Merged commit includes the following changes: (#7289),0.9258200997725514,9
7250, Merged commit includes the following changes:,yongzhe2160,64d6c094,Merged commit includes the following changes: (#7281),0.9258200997725514,9
7250, Merged commit includes the following changes:,yongzhe2160,1fc839bc,Merged commit includes the following changes: (#7277),0.9258200997725514,9
7250, Merged commit includes the following changes:,yongzhe2160,6f47c378,Merged commit includes the following changes: (#7264),0.9258200997725514,9
7250, Merged commit includes the following changes:,yongzhe2160,c5a4978d,Merged commit includes the following changes: (#7263),0.9258200997725514,9
7250, Merged commit includes the following changes:,yongzhe2160,32fadf00,Merged commit includes the following changes: (#7255),0.9258200997725514,9
7250, Merged commit includes the following changes:,yongzhe2160,1fb34e76,Merged commit includes the following changes: (#7252),0.9258200997725514,9
7250, Merged commit includes the following changes:,yongzhe2160,3b9025d5, Merged commit includes the following changes: (#7250),0.9258200997725514,8
7250, Merged commit includes the following changes:,yongzhe2160,b7221961, Merged commit includes the following changes:  (#7249),0.9258200997725514,9
7250, Merged commit includes the following changes:,yongzhe2160,e21dcdd0,Merged commit includes the following changes: (#7221),0.9258200997725514,9
7250, Merged commit includes the following changes:,yongzhe2160,66d00a87,Merged commit includes the following changes: (#7220),0.9258200997725514,9
7250, Merged commit includes the following changes:,yongzhe2160,dc8c6ce1,Merged commit includes the following changes: (#7209),0.9258200997725514,9
7250, Merged commit includes the following changes:,yongzhe2160,13feba3c,Merged commit includes the following changes: (#7191),0.9258200997725514,9
7250, Merged commit includes the following changes:,yongzhe2160,5175b7e6,Merged commit includes the following changes: (#7141),0.9258200997725514,9
7250, Merged commit includes the following changes:,yongzhe2160,5afa9569,Merged commit includes the following changes: (#7119),0.9258200997725514,9
7250, Merged commit includes the following changes:,yongzhe2160,76995053,Merged commit includes the following changes: (#7116),0.9258200997725514,9
7250, Merged commit includes the following changes:,yongzhe2160,a156e203,Merged commit includes the following changes: (#7100),0.9258200997725514,9
7250, Merged commit includes the following changes:,yongzhe2160,240623ac,Merged commit includes the following changes: (#7093),0.9258200997725514,9
7250, Merged commit includes the following changes:,yongzhe2160,1636acc9,Merged commit includes the following changes: (#7068),0.9258200997725514,9
7250, Merged commit includes the following changes:,yongzhe2160,e0e6d981,Merged commit includes the following changes: (#7060),0.9258200997725514,9
7250, Merged commit includes the following changes:,yongzhe2160,a1c47f28,Merged commit includes the following changes: (#7049),0.9258200997725514,9
7250, Merged commit includes the following changes:,yongzhe2160,dfcaed77,Merged commit includes the following changes: (#7039),0.9258200997725514,9
7250, Merged commit includes the following changes:,yongzhe2160,3eb7cbbc,Merged commit includes the following changes: (#7013),0.9258200997725514,9
7250, Merged commit includes the following changes:,yongzhe2160,ce03903f,Merged commit includes the following changes: (#6998),0.9258200997725514,9
7250, Merged commit includes the following changes:,yongzhe2160,e7b4d364,Merged commit includes the following changes: (#6993),0.9258200997725514,9
7250, Merged commit includes the following changes:,yongzhe2160,f2eb1701,Merged commit includes the following changes: (#6992),0.9258200997725514,9
7250, Merged commit includes the following changes:,yongzhe2160,bc557d14,Merged commit includes the following changes: (#6969),0.9258200997725514,9
7250, Merged commit includes the following changes:,yongzhe2160,51289259,Merged commit includes the following changes: (#6963),0.9258200997725514,9
7250, Merged commit includes the following changes:,yongzhe2160,fbdbe12b,Merged commit includes the following changes: (#6952),0.9258200997725514,9
7250, Merged commit includes the following changes:,yongzhe2160,9bbf8015,Merged commit includes the following changes: (#6932),0.9258200997725514,9
7250, Merged commit includes the following changes:,yongzhe2160,f42fddee,Merged commit includes the following changes: (#6931),0.9258200997725514,9
7250, Merged commit includes the following changes:,yongzhe2160,15db2195,Merged commit includes the following changes: (#6926),0.9258200997725514,9
7250, Merged commit includes the following changes:,yongzhe2160,d76e39e7,Merged commit includes the following changes: (#6921),0.9258200997725514,9
7250, Merged commit includes the following changes:,yongzhe2160,7af3bd91,Merged commit includes the following changes: (#6898),0.9258200997725514,9
7250, Merged commit includes the following changes:,yongzhe2160,6fc642d4,Merged commit includes the following changes: (#6885),0.9258200997725514,9
7250, Merged commit includes the following changes:,yongzhe2160,fa10031d,Merged commit includes the following changes: (#6880),0.9258200997725514,9
7250, Merged commit includes the following changes:,yongzhe2160,7f9db598,Merged commit includes the following changes: (#6879),0.9258200997725514,9
7250, Merged commit includes the following changes:,yongzhe2160,f06b5716,Merged commit includes the following changes: (#6863),0.9258200997725514,9
7250, Merged commit includes the following changes:,yongzhe2160,85bdf764,Merged commit includes the following changes: (#6856),0.9258200997725514,9
7250, Merged commit includes the following changes:,yongzhe2160,30d14a96,Merged commit includes the following changes: (#6847),0.9258200997725514,9
7250, Merged commit includes the following changes:,yongzhe2160,58856e2b,Merged commit includes the following changes: (#6726),0.9258200997725514,9
7250, Merged commit includes the following changes:,yongzhe2160,47d6c66e,Merged commit includes the following changes: (#6407),0.9258200997725514,9
7250, Merged commit includes the following changes:,yongzhe2160,05584085,Merged commit includes the following changes: (#6315),0.9258200997725514,9
7250, Merged commit includes the following changes:,yongzhe2160,dcf52aab,Merged commit includes the following changes: (#6062),0.9258200997725514,9
7250, Merged commit includes the following changes:,yongzhe2160,a1337e01,Merged commit includes the following changes: 223075771  by lzc:,0.8164965809277261,20
7250, Merged commit includes the following changes:,yongzhe2160,2c680af3,Merged commit includes the following changes: 223150784  by Sergio Guadarrama:,0.7745966692414834,34
7250, Merged commit includes the following changes:,yongzhe2160,85dd5fa4,Merged commit includes the following changes: 204489224  by Zhichao Lu:,0.7745966692414834,27
7250, Merged commit includes the following changes:,yongzhe2160,9fce9c64,Merged commit includes the following changes: 199348852  by Zhichao Lu:,0.7745966692414834,27
7250, Merged commit includes the following changes:,yongzhe2160,324d6dc3,Merged commit includes the following changes: 196161788  by Zhichao Lu:,0.7745966692414834,27
7250, Merged commit includes the following changes:,yongzhe2160,63054210,Merged commit includes the following changes: 195269567  by Zhichao Lu:,0.7745966692414834,27
7250, Merged commit includes the following changes:,yongzhe2160,6b72b5cd,Merged commit includes the following changes: 191649512  by Zhichao Lu:,0.7745966692414834,27
7250, Merged commit includes the following changes:,yongzhe2160,78d5f8f8,Merged commit includes the following changes: 187187978  by Zhichao Lu:,0.7745966692414834,27
7250, Merged commit includes the following changes:,yongzhe2160,1efe98bb,Merged commit includes the following changes: 185215255  by Zhichao Lu:,0.7745966692414834,27
7250, Merged commit includes the following changes:,yongzhe2160,7a9934df,Merged commit includes the following changes: 184048729  by Zhichao Lu:,0.7745966692414834,27
7249, Merged commit includes the following changes: ,yongzhe2160,b8172302,Merged commit includes the following changes: (#8834),0.9258200997725514,8
7249, Merged commit includes the following changes: ,yongzhe2160,b06f0c6b,Merged commit includes the following changes: (#8832),0.9258200997725514,8
7249, Merged commit includes the following changes: ,yongzhe2160,5245161c,Merged commit includes the following changes: (#8830),0.9258200997725514,8
7249, Merged commit includes the following changes: ,yongzhe2160,c9eb3554,Merged commit includes the following changes: (#8829),0.9258200997725514,8
7249, Merged commit includes the following changes: ,yongzhe2160,0ad4922f,Merged commit includes the following changes: (#8809),0.9258200997725514,8
7249, Merged commit includes the following changes: ,yongzhe2160,52bb4ab1,Merged commit includes the following changes: (#8803),0.9258200997725514,8
7249, Merged commit includes the following changes: ,yongzhe2160,36e786dc,Merged commit includes the following changes: (#8779),0.9258200997725514,8
7249, Merged commit includes the following changes: ,yongzhe2160,e6017471,Merged commit includes the following changes: (#8761),0.9258200997725514,8
7249, Merged commit includes the following changes: ,yongzhe2160,0e57630c,Merged commit includes the following changes: (#8755),0.9258200997725514,8
7249, Merged commit includes the following changes: ,yongzhe2160,df89d3e0,Merged commit includes the following changes: (#8753),0.9258200997725514,8
7249, Merged commit includes the following changes: ,yongzhe2160,68d983b9,Merged commit includes the following changes: (#8742),0.9258200997725514,8
7249, Merged commit includes the following changes: ,yongzhe2160,6ef140dc,Merged commit includes the following changes: (#8741),0.9258200997725514,8
7249, Merged commit includes the following changes: ,yongzhe2160,a555f1b0,Merged commit includes the following changes: (#8740),0.9258200997725514,8
7249, Merged commit includes the following changes: ,yongzhe2160,0f0c7745,Merged commit includes the following changes: (#8739),0.9258200997725514,8
7249, Merged commit includes the following changes: ,yongzhe2160,e0dade52,Merged commit includes the following changes: (#8728),0.9258200997725514,8
7249, Merged commit includes the following changes: ,yongzhe2160,4a0b3e4b,Merged commit includes the following changes: (#8235),0.9258200997725514,8
7249, Merged commit includes the following changes: ,yongzhe2160,d4eedbb9,Merged commit includes the following changes: (#8077),0.9258200997725514,8
7249, Merged commit includes the following changes: ,yongzhe2160,b968a6ce,Merged commit includes the following changes: (#7800),0.9258200997725514,8
7249, Merged commit includes the following changes: ,yongzhe2160,377c5285,Merged commit includes the following changes: (#7798),0.9258200997725514,8
7249, Merged commit includes the following changes: ,yongzhe2160,ba87e2c6,Merged commit includes the following changes: (#7797),0.9258200997725514,8
7249, Merged commit includes the following changes: ,yongzhe2160,6766e6dd,Merged commit includes the following changes: (#7690),0.9258200997725514,8
7249, Merged commit includes the following changes: ,yongzhe2160,886d7bc9,Merged commit includes the following changes: (#7470),0.9258200997725514,8
7249, Merged commit includes the following changes: ,yongzhe2160,e36934b3,Merged commit includes the following changes: (#7431),0.9258200997725514,8
7249, Merged commit includes the following changes: ,yongzhe2160,03b4a0af,Merged commit includes the following changes: (#7430),0.9258200997725514,8
7249, Merged commit includes the following changes: ,yongzhe2160,3a14837d,Merged commit includes the following changes: (#7429),0.9258200997725514,8
7249, Merged commit includes the following changes: ,yongzhe2160,e38d570e,Merged commit includes the following changes: (#7404),0.9258200997725514,8
7249, Merged commit includes the following changes: ,yongzhe2160,45b708d4,Merged commit includes the following changes: (#7398),0.9258200997725514,8
7249, Merged commit includes the following changes: ,yongzhe2160,8625efd8,Merged commit includes the following changes: (#7393),0.9258200997725514,8
7249, Merged commit includes the following changes: ,yongzhe2160,8384b05d,Merged commit includes the following changes: (#7385),0.9258200997725514,8
7249, Merged commit includes the following changes: ,yongzhe2160,6b586a91,Merged commit includes the following changes: (#7370),0.9258200997725514,8
7249, Merged commit includes the following changes: ,yongzhe2160,23c0017f,Merged commit includes the following changes: (#7368),0.9258200997725514,8
7249, Merged commit includes the following changes: ,yongzhe2160,1921a3b5,Merged commit includes the following changes: (#7365),0.9258200997725514,8
7249, Merged commit includes the following changes: ,yongzhe2160,13e7c85d,Merged commit includes the following changes: (#7358),0.9258200997725514,8
7249, Merged commit includes the following changes: ,yongzhe2160,aee49bbd,Merged commit includes the following changes: (#7357),0.9258200997725514,8
7249, Merged commit includes the following changes: ,yongzhe2160,dc4c5f1a,Merged commit includes the following changes: (#7354),0.9258200997725514,8
7249, Merged commit includes the following changes: ,yongzhe2160,c92a7e16,Merged commit includes the following changes: (#7347),0.9258200997725514,8
7249, Merged commit includes the following changes: ,yongzhe2160,1b089751,Merged commit includes the following changes: (#7346),0.9258200997725514,8
7249, Merged commit includes the following changes: ,yongzhe2160,443461cc,Merged commit includes the following changes: (#7325),0.9258200997725514,8
7249, Merged commit includes the following changes: ,yongzhe2160,aad41340,Merged commit includes the following changes: (#7324),0.9258200997725514,8
7249, Merged commit includes the following changes: ,yongzhe2160,d65af7d8,Merged commit includes the following changes: (#7323),0.9258200997725514,8
7249, Merged commit includes the following changes: ,yongzhe2160,803f833c,Merged commit includes the following changes: (#7322),0.9258200997725514,8
7249, Merged commit includes the following changes: ,yongzhe2160,8c7a0e75,Merged commit includes the following changes: (#7309),0.9258200997725514,8
7249, Merged commit includes the following changes: ,yongzhe2160,745a06a9,Merged commit includes the following changes: (#7307),0.9258200997725514,8
7249, Merged commit includes the following changes: ,yongzhe2160,53e3adb8,Merged commit includes the following changes: (#7301),0.9258200997725514,8
7249, Merged commit includes the following changes: ,yongzhe2160,3c5330d8,Merged commit includes the following changes: (#7298),0.9258200997725514,8
7249, Merged commit includes the following changes: ,yongzhe2160,ab8febd4,Merged commit includes the following changes: (#7289),0.9258200997725514,8
7249, Merged commit includes the following changes: ,yongzhe2160,64d6c094,Merged commit includes the following changes: (#7281),0.9258200997725514,8
7249, Merged commit includes the following changes: ,yongzhe2160,1fc839bc,Merged commit includes the following changes: (#7277),0.9258200997725514,8
7249, Merged commit includes the following changes: ,yongzhe2160,6f47c378,Merged commit includes the following changes: (#7264),0.9258200997725514,8
7249, Merged commit includes the following changes: ,yongzhe2160,c5a4978d,Merged commit includes the following changes: (#7263),0.9258200997725514,8
7249, Merged commit includes the following changes: ,yongzhe2160,32fadf00,Merged commit includes the following changes: (#7255),0.9258200997725514,8
7249, Merged commit includes the following changes: ,yongzhe2160,1fb34e76,Merged commit includes the following changes: (#7252),0.9258200997725514,8
7249, Merged commit includes the following changes: ,yongzhe2160,3b9025d5, Merged commit includes the following changes: (#7250),0.9258200997725514,7
7249, Merged commit includes the following changes: ,yongzhe2160,b7221961, Merged commit includes the following changes:  (#7249),0.9258200997725514,8
7249, Merged commit includes the following changes: ,yongzhe2160,e21dcdd0,Merged commit includes the following changes: (#7221),0.9258200997725514,8
7249, Merged commit includes the following changes: ,yongzhe2160,66d00a87,Merged commit includes the following changes: (#7220),0.9258200997725514,8
7249, Merged commit includes the following changes: ,yongzhe2160,dc8c6ce1,Merged commit includes the following changes: (#7209),0.9258200997725514,8
7249, Merged commit includes the following changes: ,yongzhe2160,13feba3c,Merged commit includes the following changes: (#7191),0.9258200997725514,8
7249, Merged commit includes the following changes: ,yongzhe2160,5175b7e6,Merged commit includes the following changes: (#7141),0.9258200997725514,8
7249, Merged commit includes the following changes: ,yongzhe2160,5afa9569,Merged commit includes the following changes: (#7119),0.9258200997725514,8
7249, Merged commit includes the following changes: ,yongzhe2160,76995053,Merged commit includes the following changes: (#7116),0.9258200997725514,8
7249, Merged commit includes the following changes: ,yongzhe2160,a156e203,Merged commit includes the following changes: (#7100),0.9258200997725514,8
7249, Merged commit includes the following changes: ,yongzhe2160,240623ac,Merged commit includes the following changes: (#7093),0.9258200997725514,8
7249, Merged commit includes the following changes: ,yongzhe2160,1636acc9,Merged commit includes the following changes: (#7068),0.9258200997725514,8
7249, Merged commit includes the following changes: ,yongzhe2160,e0e6d981,Merged commit includes the following changes: (#7060),0.9258200997725514,8
7249, Merged commit includes the following changes: ,yongzhe2160,a1c47f28,Merged commit includes the following changes: (#7049),0.9258200997725514,8
7249, Merged commit includes the following changes: ,yongzhe2160,dfcaed77,Merged commit includes the following changes: (#7039),0.9258200997725514,8
7249, Merged commit includes the following changes: ,yongzhe2160,3eb7cbbc,Merged commit includes the following changes: (#7013),0.9258200997725514,8
7249, Merged commit includes the following changes: ,yongzhe2160,ce03903f,Merged commit includes the following changes: (#6998),0.9258200997725514,8
7249, Merged commit includes the following changes: ,yongzhe2160,e7b4d364,Merged commit includes the following changes: (#6993),0.9258200997725514,8
7249, Merged commit includes the following changes: ,yongzhe2160,f2eb1701,Merged commit includes the following changes: (#6992),0.9258200997725514,8
7249, Merged commit includes the following changes: ,yongzhe2160,bc557d14,Merged commit includes the following changes: (#6969),0.9258200997725514,8
7249, Merged commit includes the following changes: ,yongzhe2160,51289259,Merged commit includes the following changes: (#6963),0.9258200997725514,8
7249, Merged commit includes the following changes: ,yongzhe2160,fbdbe12b,Merged commit includes the following changes: (#6952),0.9258200997725514,8
7249, Merged commit includes the following changes: ,yongzhe2160,9bbf8015,Merged commit includes the following changes: (#6932),0.9258200997725514,8
7249, Merged commit includes the following changes: ,yongzhe2160,f42fddee,Merged commit includes the following changes: (#6931),0.9258200997725514,8
7249, Merged commit includes the following changes: ,yongzhe2160,15db2195,Merged commit includes the following changes: (#6926),0.9258200997725514,8
7249, Merged commit includes the following changes: ,yongzhe2160,d76e39e7,Merged commit includes the following changes: (#6921),0.9258200997725514,8
7249, Merged commit includes the following changes: ,yongzhe2160,7af3bd91,Merged commit includes the following changes: (#6898),0.9258200997725514,8
7249, Merged commit includes the following changes: ,yongzhe2160,6fc642d4,Merged commit includes the following changes: (#6885),0.9258200997725514,8
7249, Merged commit includes the following changes: ,yongzhe2160,fa10031d,Merged commit includes the following changes: (#6880),0.9258200997725514,8
7249, Merged commit includes the following changes: ,yongzhe2160,7f9db598,Merged commit includes the following changes: (#6879),0.9258200997725514,8
7249, Merged commit includes the following changes: ,yongzhe2160,f06b5716,Merged commit includes the following changes: (#6863),0.9258200997725514,8
7249, Merged commit includes the following changes: ,yongzhe2160,85bdf764,Merged commit includes the following changes: (#6856),0.9258200997725514,8
7249, Merged commit includes the following changes: ,yongzhe2160,30d14a96,Merged commit includes the following changes: (#6847),0.9258200997725514,8
7249, Merged commit includes the following changes: ,yongzhe2160,58856e2b,Merged commit includes the following changes: (#6726),0.9258200997725514,8
7249, Merged commit includes the following changes: ,yongzhe2160,47d6c66e,Merged commit includes the following changes: (#6407),0.9258200997725514,8
7249, Merged commit includes the following changes: ,yongzhe2160,05584085,Merged commit includes the following changes: (#6315),0.9258200997725514,8
7249, Merged commit includes the following changes: ,yongzhe2160,dcf52aab,Merged commit includes the following changes: (#6062),0.9258200997725514,8
7249, Merged commit includes the following changes: ,yongzhe2160,a1337e01,Merged commit includes the following changes: 223075771  by lzc:,0.8164965809277261,19
7249, Merged commit includes the following changes: ,yongzhe2160,2c680af3,Merged commit includes the following changes: 223150784  by Sergio Guadarrama:,0.7745966692414834,33
7249, Merged commit includes the following changes: ,yongzhe2160,85dd5fa4,Merged commit includes the following changes: 204489224  by Zhichao Lu:,0.7745966692414834,26
7249, Merged commit includes the following changes: ,yongzhe2160,9fce9c64,Merged commit includes the following changes: 199348852  by Zhichao Lu:,0.7745966692414834,26
7249, Merged commit includes the following changes: ,yongzhe2160,324d6dc3,Merged commit includes the following changes: 196161788  by Zhichao Lu:,0.7745966692414834,26
7249, Merged commit includes the following changes: ,yongzhe2160,63054210,Merged commit includes the following changes: 195269567  by Zhichao Lu:,0.7745966692414834,26
7249, Merged commit includes the following changes: ,yongzhe2160,6b72b5cd,Merged commit includes the following changes: 191649512  by Zhichao Lu:,0.7745966692414834,26
7249, Merged commit includes the following changes: ,yongzhe2160,78d5f8f8,Merged commit includes the following changes: 187187978  by Zhichao Lu:,0.7745966692414834,26
7249, Merged commit includes the following changes: ,yongzhe2160,1efe98bb,Merged commit includes the following changes: 185215255  by Zhichao Lu:,0.7745966692414834,26
7249, Merged commit includes the following changes: ,yongzhe2160,7a9934df,Merged commit includes the following changes: 184048729  by Zhichao Lu:,0.7745966692414834,26
7216,CIFAR-10 tutorial for multi-GPU fails because full shape isn't passed to prefetch_queue,chrismattmann,97a87f9c,Fix for TF-models #7216: CIFAR-10 tutorial for multi-GPU fails because full shape isn't passed to prefetch_queue contributed by mattmann. (#7217),0.8101914936669333,58
7129,no module name tensorflow,TamEmbedded,dd03f167,Mute no-name-in-module,0.6708203932499369,19
7093,Merged commit includes the following changes:,saberkun,b8172302,Merged commit includes the following changes: (#8834),0.9258200997725514,8
7093,Merged commit includes the following changes:,saberkun,b06f0c6b,Merged commit includes the following changes: (#8832),0.9258200997725514,8
7093,Merged commit includes the following changes:,saberkun,5245161c,Merged commit includes the following changes: (#8830),0.9258200997725514,8
7093,Merged commit includes the following changes:,saberkun,c9eb3554,Merged commit includes the following changes: (#8829),0.9258200997725514,8
7093,Merged commit includes the following changes:,saberkun,0ad4922f,Merged commit includes the following changes: (#8809),0.9258200997725514,8
7093,Merged commit includes the following changes:,saberkun,52bb4ab1,Merged commit includes the following changes: (#8803),0.9258200997725514,8
7093,Merged commit includes the following changes:,saberkun,36e786dc,Merged commit includes the following changes: (#8779),0.9258200997725514,8
7093,Merged commit includes the following changes:,saberkun,e6017471,Merged commit includes the following changes: (#8761),0.9258200997725514,8
7093,Merged commit includes the following changes:,saberkun,0e57630c,Merged commit includes the following changes: (#8755),0.9258200997725514,8
7093,Merged commit includes the following changes:,saberkun,df89d3e0,Merged commit includes the following changes: (#8753),0.9258200997725514,8
7093,Merged commit includes the following changes:,saberkun,68d983b9,Merged commit includes the following changes: (#8742),0.9258200997725514,8
7093,Merged commit includes the following changes:,saberkun,6ef140dc,Merged commit includes the following changes: (#8741),0.9258200997725514,8
7093,Merged commit includes the following changes:,saberkun,a555f1b0,Merged commit includes the following changes: (#8740),0.9258200997725514,8
7093,Merged commit includes the following changes:,saberkun,0f0c7745,Merged commit includes the following changes: (#8739),0.9258200997725514,8
7093,Merged commit includes the following changes:,saberkun,e0dade52,Merged commit includes the following changes: (#8728),0.9258200997725514,8
7093,Merged commit includes the following changes:,saberkun,4a0b3e4b,Merged commit includes the following changes: (#8235),0.9258200997725514,8
7093,Merged commit includes the following changes:,saberkun,d4eedbb9,Merged commit includes the following changes: (#8077),0.9258200997725514,8
7093,Merged commit includes the following changes:,saberkun,b968a6ce,Merged commit includes the following changes: (#7800),0.9258200997725514,8
7093,Merged commit includes the following changes:,saberkun,377c5285,Merged commit includes the following changes: (#7798),0.9258200997725514,8
7093,Merged commit includes the following changes:,saberkun,ba87e2c6,Merged commit includes the following changes: (#7797),0.9258200997725514,8
7093,Merged commit includes the following changes:,saberkun,6766e6dd,Merged commit includes the following changes: (#7690),0.9258200997725514,8
7093,Merged commit includes the following changes:,saberkun,886d7bc9,Merged commit includes the following changes: (#7470),0.9258200997725514,8
7093,Merged commit includes the following changes:,saberkun,e36934b3,Merged commit includes the following changes: (#7431),0.9258200997725514,8
7093,Merged commit includes the following changes:,saberkun,03b4a0af,Merged commit includes the following changes: (#7430),0.9258200997725514,8
7093,Merged commit includes the following changes:,saberkun,3a14837d,Merged commit includes the following changes: (#7429),0.9258200997725514,8
7093,Merged commit includes the following changes:,saberkun,e38d570e,Merged commit includes the following changes: (#7404),0.9258200997725514,8
7093,Merged commit includes the following changes:,saberkun,45b708d4,Merged commit includes the following changes: (#7398),0.9258200997725514,8
7093,Merged commit includes the following changes:,saberkun,8625efd8,Merged commit includes the following changes: (#7393),0.9258200997725514,8
7093,Merged commit includes the following changes:,saberkun,8384b05d,Merged commit includes the following changes: (#7385),0.9258200997725514,8
7093,Merged commit includes the following changes:,saberkun,6b586a91,Merged commit includes the following changes: (#7370),0.9258200997725514,8
7093,Merged commit includes the following changes:,saberkun,23c0017f,Merged commit includes the following changes: (#7368),0.9258200997725514,8
7093,Merged commit includes the following changes:,saberkun,1921a3b5,Merged commit includes the following changes: (#7365),0.9258200997725514,8
7093,Merged commit includes the following changes:,saberkun,13e7c85d,Merged commit includes the following changes: (#7358),0.9258200997725514,8
7093,Merged commit includes the following changes:,saberkun,aee49bbd,Merged commit includes the following changes: (#7357),0.9258200997725514,8
7093,Merged commit includes the following changes:,saberkun,dc4c5f1a,Merged commit includes the following changes: (#7354),0.9258200997725514,8
7093,Merged commit includes the following changes:,saberkun,c92a7e16,Merged commit includes the following changes: (#7347),0.9258200997725514,8
7093,Merged commit includes the following changes:,saberkun,1b089751,Merged commit includes the following changes: (#7346),0.9258200997725514,8
7093,Merged commit includes the following changes:,saberkun,443461cc,Merged commit includes the following changes: (#7325),0.9258200997725514,8
7093,Merged commit includes the following changes:,saberkun,aad41340,Merged commit includes the following changes: (#7324),0.9258200997725514,8
7093,Merged commit includes the following changes:,saberkun,d65af7d8,Merged commit includes the following changes: (#7323),0.9258200997725514,8
7093,Merged commit includes the following changes:,saberkun,803f833c,Merged commit includes the following changes: (#7322),0.9258200997725514,8
7093,Merged commit includes the following changes:,saberkun,8c7a0e75,Merged commit includes the following changes: (#7309),0.9258200997725514,8
7093,Merged commit includes the following changes:,saberkun,745a06a9,Merged commit includes the following changes: (#7307),0.9258200997725514,8
7093,Merged commit includes the following changes:,saberkun,53e3adb8,Merged commit includes the following changes: (#7301),0.9258200997725514,8
7093,Merged commit includes the following changes:,saberkun,3c5330d8,Merged commit includes the following changes: (#7298),0.9258200997725514,8
7093,Merged commit includes the following changes:,saberkun,ab8febd4,Merged commit includes the following changes: (#7289),0.9258200997725514,8
7093,Merged commit includes the following changes:,saberkun,64d6c094,Merged commit includes the following changes: (#7281),0.9258200997725514,8
7093,Merged commit includes the following changes:,saberkun,1fc839bc,Merged commit includes the following changes: (#7277),0.9258200997725514,8
7093,Merged commit includes the following changes:,saberkun,6f47c378,Merged commit includes the following changes: (#7264),0.9258200997725514,8
7093,Merged commit includes the following changes:,saberkun,c5a4978d,Merged commit includes the following changes: (#7263),0.9258200997725514,8
7093,Merged commit includes the following changes:,saberkun,32fadf00,Merged commit includes the following changes: (#7255),0.9258200997725514,8
7093,Merged commit includes the following changes:,saberkun,1fb34e76,Merged commit includes the following changes: (#7252),0.9258200997725514,8
7093,Merged commit includes the following changes:,saberkun,3b9025d5, Merged commit includes the following changes: (#7250),0.9258200997725514,9
7093,Merged commit includes the following changes:,saberkun,b7221961, Merged commit includes the following changes:  (#7249),0.9258200997725514,10
7093,Merged commit includes the following changes:,saberkun,e21dcdd0,Merged commit includes the following changes: (#7221),0.9258200997725514,8
7093,Merged commit includes the following changes:,saberkun,66d00a87,Merged commit includes the following changes: (#7220),0.9258200997725514,8
7093,Merged commit includes the following changes:,saberkun,dc8c6ce1,Merged commit includes the following changes: (#7209),0.9258200997725514,8
7093,Merged commit includes the following changes:,saberkun,13feba3c,Merged commit includes the following changes: (#7191),0.9258200997725514,8
7093,Merged commit includes the following changes:,saberkun,5175b7e6,Merged commit includes the following changes: (#7141),0.9258200997725514,8
7093,Merged commit includes the following changes:,saberkun,5afa9569,Merged commit includes the following changes: (#7119),0.9258200997725514,8
7093,Merged commit includes the following changes:,saberkun,76995053,Merged commit includes the following changes: (#7116),0.9258200997725514,8
7093,Merged commit includes the following changes:,saberkun,a156e203,Merged commit includes the following changes: (#7100),0.9258200997725514,8
7093,Merged commit includes the following changes:,saberkun,240623ac,Merged commit includes the following changes: (#7093),0.9258200997725514,8
7093,Merged commit includes the following changes:,saberkun,1636acc9,Merged commit includes the following changes: (#7068),0.9258200997725514,8
7093,Merged commit includes the following changes:,saberkun,e0e6d981,Merged commit includes the following changes: (#7060),0.9258200997725514,8
7093,Merged commit includes the following changes:,saberkun,a1c47f28,Merged commit includes the following changes: (#7049),0.9258200997725514,8
7093,Merged commit includes the following changes:,saberkun,dfcaed77,Merged commit includes the following changes: (#7039),0.9258200997725514,8
7093,Merged commit includes the following changes:,saberkun,3eb7cbbc,Merged commit includes the following changes: (#7013),0.9258200997725514,8
7093,Merged commit includes the following changes:,saberkun,ce03903f,Merged commit includes the following changes: (#6998),0.9258200997725514,8
7093,Merged commit includes the following changes:,saberkun,e7b4d364,Merged commit includes the following changes: (#6993),0.9258200997725514,8
7093,Merged commit includes the following changes:,saberkun,f2eb1701,Merged commit includes the following changes: (#6992),0.9258200997725514,8
7093,Merged commit includes the following changes:,saberkun,bc557d14,Merged commit includes the following changes: (#6969),0.9258200997725514,8
7093,Merged commit includes the following changes:,saberkun,51289259,Merged commit includes the following changes: (#6963),0.9258200997725514,8
7093,Merged commit includes the following changes:,saberkun,fbdbe12b,Merged commit includes the following changes: (#6952),0.9258200997725514,8
7093,Merged commit includes the following changes:,saberkun,9bbf8015,Merged commit includes the following changes: (#6932),0.9258200997725514,8
7093,Merged commit includes the following changes:,saberkun,f42fddee,Merged commit includes the following changes: (#6931),0.9258200997725514,8
7093,Merged commit includes the following changes:,saberkun,15db2195,Merged commit includes the following changes: (#6926),0.9258200997725514,8
7093,Merged commit includes the following changes:,saberkun,d76e39e7,Merged commit includes the following changes: (#6921),0.9258200997725514,8
7093,Merged commit includes the following changes:,saberkun,7af3bd91,Merged commit includes the following changes: (#6898),0.9258200997725514,8
7093,Merged commit includes the following changes:,saberkun,6fc642d4,Merged commit includes the following changes: (#6885),0.9258200997725514,8
7093,Merged commit includes the following changes:,saberkun,fa10031d,Merged commit includes the following changes: (#6880),0.9258200997725514,8
7093,Merged commit includes the following changes:,saberkun,7f9db598,Merged commit includes the following changes: (#6879),0.9258200997725514,8
7093,Merged commit includes the following changes:,saberkun,f06b5716,Merged commit includes the following changes: (#6863),0.9258200997725514,8
7093,Merged commit includes the following changes:,saberkun,85bdf764,Merged commit includes the following changes: (#6856),0.9258200997725514,8
7093,Merged commit includes the following changes:,saberkun,30d14a96,Merged commit includes the following changes: (#6847),0.9258200997725514,8
7093,Merged commit includes the following changes:,saberkun,58856e2b,Merged commit includes the following changes: (#6726),0.9258200997725514,8
7093,Merged commit includes the following changes:,saberkun,47d6c66e,Merged commit includes the following changes: (#6407),0.9258200997725514,8
7093,Merged commit includes the following changes:,saberkun,05584085,Merged commit includes the following changes: (#6315),0.9258200997725514,8
7093,Merged commit includes the following changes:,saberkun,dcf52aab,Merged commit includes the following changes: (#6062),0.9258200997725514,8
7093,Merged commit includes the following changes:,saberkun,a1337e01,Merged commit includes the following changes: 223075771  by lzc:,0.8164965809277261,19
7093,Merged commit includes the following changes:,saberkun,2c680af3,Merged commit includes the following changes: 223150784  by Sergio Guadarrama:,0.7745966692414834,33
7093,Merged commit includes the following changes:,saberkun,85dd5fa4,Merged commit includes the following changes: 204489224  by Zhichao Lu:,0.7745966692414834,26
7093,Merged commit includes the following changes:,saberkun,9fce9c64,Merged commit includes the following changes: 199348852  by Zhichao Lu:,0.7745966692414834,26
7093,Merged commit includes the following changes:,saberkun,324d6dc3,Merged commit includes the following changes: 196161788  by Zhichao Lu:,0.7745966692414834,26
7093,Merged commit includes the following changes:,saberkun,63054210,Merged commit includes the following changes: 195269567  by Zhichao Lu:,0.7745966692414834,26
7093,Merged commit includes the following changes:,saberkun,6b72b5cd,Merged commit includes the following changes: 191649512  by Zhichao Lu:,0.7745966692414834,26
7093,Merged commit includes the following changes:,saberkun,78d5f8f8,Merged commit includes the following changes: 187187978  by Zhichao Lu:,0.7745966692414834,26
7093,Merged commit includes the following changes:,saberkun,1efe98bb,Merged commit includes the following changes: 185215255  by Zhichao Lu:,0.7745966692414834,26
7093,Merged commit includes the following changes:,saberkun,7a9934df,Merged commit includes the following changes: 184048729  by Zhichao Lu:,0.7745966692414834,26
7036,AttributeError: module 'tensorflow' has no attribute 'contrib',ssable,bf51d434,fix module object has no attribute NodeDef for tensorflow 0.11 (#572),0.545544725589981,56
7010,my output keras model is channel first? ,hackeritchy,c4969f7c,change keras model output format,0.5070925528371099,24
6994,How to create tfrecords to train lstm based object detection?,ghost,07ae5c96,Minor fixes to object detection.,0.5163977794943222,36
6986,AttributeError: module 'tensorflow' has no attribute 'batch_gather',fudemin1,bf51d434,fix module object has no attribute NodeDef for tensorflow 0.11 (#572),0.545544725589981,57
6970,transformer/v2,maggiezha,8b18491b,transformer v2: fix gfile reading,0.6324555320336759,20
6951,Do not use XLA in warmup tests,haoyuz,824ff2d6,Do not expose --max_train_steps in models that do not use it.,0.5241424183609592,42
6951,Do not use XLA in warmup tests,haoyuz,dcdc45bd,Do not use XLA in warmup tests (#6951),0.9354143466934852,8
6951,Do not use XLA in warmup tests,haoyuz,fe1a9089,Do not use bias in conv2d layers in Keras ResNet model (#6017),0.5050762722761054,41
6928,Bug fix of cifar10_eval.py,youngleox,cad067d8,Bug fix of cifar10_eval.py (#6928),0.9128709291752769,8
6871, Fix bug in dataset reader.,MarvinTeichmann,281d1757,Fix bug introduced.,0.5163977794943222,13
6871, Fix bug in dataset reader.,MarvinTeichmann,7acce35d,Fix bug in test dataset generation,0.7302967433402214,14
6871, Fix bug in dataset reader.,MarvinTeichmann,9b7b64be,Fix bug in dataset reader. (#6871),0.9128709291752769,9
6871, Fix bug in dataset reader.,MarvinTeichmann,7c5c0148,Fix typo in dataset. (#4624),0.5999999999999999,13
6871, Fix bug in dataset reader.,MarvinTeichmann,8e0f8ae5,Fix imports in dataset utilities.,0.5999999999999999,16
6871, Fix bug in dataset reader.,MarvinTeichmann,5105ce71,Fix bug in gym_wrapper.,0.6708203932499369,12
6871, Fix bug in dataset reader.,MarvinTeichmann,f8e16db8,Fix bug in inception instructions (#322),0.5477225575051661,27
6749,How to modify the proportion of loss to make the localization and the objectness more important in faster rcnn,tdf1995,ad7755c8,Add link to the paper and the Tratz dataset (#3745),0.5,83
6749,How to modify the proportion of loss to make the localization and the objectness more important in faster rcnn,tdf1995,ea791e00,Adding the team to the CODEOWNERS (#3898),0.5132002392796673,92
6749,How to modify the proportion of loss to make the localization and the objectness more important in faster rcnn,tdf1995,307f1f77,Modify the preprocessor proto and preprocessor_builder to match the arguments of the ssd_random_crop_pad_fixed_aspect_ratio preprocessor method.,0.5216720300383333,106
6749,How to modify the proportion of loss to make the localization and the objectness more important in faster rcnn,tdf1995,cc12b7ac,Move the README to the main directory,0.5132002392796673,86
6749,How to modify the proportion of loss to make the localization and the objectness more important in faster rcnn,tdf1995,c09f0ccf,Move the README to the main directory,0.5132002392796673,86
6749,How to modify the proportion of loss to make the localization and the objectness more important in faster rcnn,tdf1995,ea97e5c3,Change the train and validation shards to the correct amounts,0.5,79
6749,How to modify the proportion of loss to make the localization and the objectness more important in faster rcnn,tdf1995,0d1b00b1,Swivel: move the rest of the ops to GPU,0.5222329678670935,86
6749,How to modify the proportion of loss to make the localization and the objectness more important in faster rcnn,tdf1995,e2ecda2c,Updated the cifar10 model to match the internal version and to be compatible with the latest version of TensorFlow,0.5360562674188974,80
6737,Merged commit includes the following changes:,lzr-google,b8172302,Merged commit includes the following changes: (#8834),0.9258200997725514,8
6737,Merged commit includes the following changes:,lzr-google,b06f0c6b,Merged commit includes the following changes: (#8832),0.9258200997725514,8
6737,Merged commit includes the following changes:,lzr-google,5245161c,Merged commit includes the following changes: (#8830),0.9258200997725514,8
6737,Merged commit includes the following changes:,lzr-google,c9eb3554,Merged commit includes the following changes: (#8829),0.9258200997725514,8
6737,Merged commit includes the following changes:,lzr-google,0ad4922f,Merged commit includes the following changes: (#8809),0.9258200997725514,8
6737,Merged commit includes the following changes:,lzr-google,52bb4ab1,Merged commit includes the following changes: (#8803),0.9258200997725514,8
6737,Merged commit includes the following changes:,lzr-google,36e786dc,Merged commit includes the following changes: (#8779),0.9258200997725514,8
6737,Merged commit includes the following changes:,lzr-google,e6017471,Merged commit includes the following changes: (#8761),0.9258200997725514,8
6737,Merged commit includes the following changes:,lzr-google,0e57630c,Merged commit includes the following changes: (#8755),0.9258200997725514,8
6737,Merged commit includes the following changes:,lzr-google,df89d3e0,Merged commit includes the following changes: (#8753),0.9258200997725514,8
6737,Merged commit includes the following changes:,lzr-google,68d983b9,Merged commit includes the following changes: (#8742),0.9258200997725514,8
6737,Merged commit includes the following changes:,lzr-google,6ef140dc,Merged commit includes the following changes: (#8741),0.9258200997725514,8
6737,Merged commit includes the following changes:,lzr-google,a555f1b0,Merged commit includes the following changes: (#8740),0.9258200997725514,8
6737,Merged commit includes the following changes:,lzr-google,0f0c7745,Merged commit includes the following changes: (#8739),0.9258200997725514,8
6737,Merged commit includes the following changes:,lzr-google,e0dade52,Merged commit includes the following changes: (#8728),0.9258200997725514,8
6737,Merged commit includes the following changes:,lzr-google,4a0b3e4b,Merged commit includes the following changes: (#8235),0.9258200997725514,8
6737,Merged commit includes the following changes:,lzr-google,d4eedbb9,Merged commit includes the following changes: (#8077),0.9258200997725514,8
6737,Merged commit includes the following changes:,lzr-google,b968a6ce,Merged commit includes the following changes: (#7800),0.9258200997725514,8
6737,Merged commit includes the following changes:,lzr-google,377c5285,Merged commit includes the following changes: (#7798),0.9258200997725514,8
6737,Merged commit includes the following changes:,lzr-google,ba87e2c6,Merged commit includes the following changes: (#7797),0.9258200997725514,8
6737,Merged commit includes the following changes:,lzr-google,6766e6dd,Merged commit includes the following changes: (#7690),0.9258200997725514,8
6737,Merged commit includes the following changes:,lzr-google,886d7bc9,Merged commit includes the following changes: (#7470),0.9258200997725514,8
6737,Merged commit includes the following changes:,lzr-google,e36934b3,Merged commit includes the following changes: (#7431),0.9258200997725514,8
6737,Merged commit includes the following changes:,lzr-google,03b4a0af,Merged commit includes the following changes: (#7430),0.9258200997725514,8
6737,Merged commit includes the following changes:,lzr-google,3a14837d,Merged commit includes the following changes: (#7429),0.9258200997725514,8
6737,Merged commit includes the following changes:,lzr-google,e38d570e,Merged commit includes the following changes: (#7404),0.9258200997725514,8
6737,Merged commit includes the following changes:,lzr-google,45b708d4,Merged commit includes the following changes: (#7398),0.9258200997725514,8
6737,Merged commit includes the following changes:,lzr-google,8625efd8,Merged commit includes the following changes: (#7393),0.9258200997725514,8
6737,Merged commit includes the following changes:,lzr-google,8384b05d,Merged commit includes the following changes: (#7385),0.9258200997725514,8
6737,Merged commit includes the following changes:,lzr-google,6b586a91,Merged commit includes the following changes: (#7370),0.9258200997725514,8
6737,Merged commit includes the following changes:,lzr-google,23c0017f,Merged commit includes the following changes: (#7368),0.9258200997725514,8
6737,Merged commit includes the following changes:,lzr-google,1921a3b5,Merged commit includes the following changes: (#7365),0.9258200997725514,8
6737,Merged commit includes the following changes:,lzr-google,13e7c85d,Merged commit includes the following changes: (#7358),0.9258200997725514,8
6737,Merged commit includes the following changes:,lzr-google,aee49bbd,Merged commit includes the following changes: (#7357),0.9258200997725514,8
6737,Merged commit includes the following changes:,lzr-google,dc4c5f1a,Merged commit includes the following changes: (#7354),0.9258200997725514,8
6737,Merged commit includes the following changes:,lzr-google,c92a7e16,Merged commit includes the following changes: (#7347),0.9258200997725514,8
6737,Merged commit includes the following changes:,lzr-google,1b089751,Merged commit includes the following changes: (#7346),0.9258200997725514,8
6737,Merged commit includes the following changes:,lzr-google,443461cc,Merged commit includes the following changes: (#7325),0.9258200997725514,8
6737,Merged commit includes the following changes:,lzr-google,aad41340,Merged commit includes the following changes: (#7324),0.9258200997725514,8
6737,Merged commit includes the following changes:,lzr-google,d65af7d8,Merged commit includes the following changes: (#7323),0.9258200997725514,8
6737,Merged commit includes the following changes:,lzr-google,803f833c,Merged commit includes the following changes: (#7322),0.9258200997725514,8
6737,Merged commit includes the following changes:,lzr-google,8c7a0e75,Merged commit includes the following changes: (#7309),0.9258200997725514,8
6737,Merged commit includes the following changes:,lzr-google,745a06a9,Merged commit includes the following changes: (#7307),0.9258200997725514,8
6737,Merged commit includes the following changes:,lzr-google,53e3adb8,Merged commit includes the following changes: (#7301),0.9258200997725514,8
6737,Merged commit includes the following changes:,lzr-google,3c5330d8,Merged commit includes the following changes: (#7298),0.9258200997725514,8
6737,Merged commit includes the following changes:,lzr-google,ab8febd4,Merged commit includes the following changes: (#7289),0.9258200997725514,8
6737,Merged commit includes the following changes:,lzr-google,64d6c094,Merged commit includes the following changes: (#7281),0.9258200997725514,8
6737,Merged commit includes the following changes:,lzr-google,1fc839bc,Merged commit includes the following changes: (#7277),0.9258200997725514,8
6737,Merged commit includes the following changes:,lzr-google,6f47c378,Merged commit includes the following changes: (#7264),0.9258200997725514,8
6737,Merged commit includes the following changes:,lzr-google,c5a4978d,Merged commit includes the following changes: (#7263),0.9258200997725514,8
6737,Merged commit includes the following changes:,lzr-google,32fadf00,Merged commit includes the following changes: (#7255),0.9258200997725514,8
6737,Merged commit includes the following changes:,lzr-google,1fb34e76,Merged commit includes the following changes: (#7252),0.9258200997725514,8
6737,Merged commit includes the following changes:,lzr-google,3b9025d5, Merged commit includes the following changes: (#7250),0.9258200997725514,9
6737,Merged commit includes the following changes:,lzr-google,b7221961, Merged commit includes the following changes:  (#7249),0.9258200997725514,10
6737,Merged commit includes the following changes:,lzr-google,e21dcdd0,Merged commit includes the following changes: (#7221),0.9258200997725514,8
6737,Merged commit includes the following changes:,lzr-google,66d00a87,Merged commit includes the following changes: (#7220),0.9258200997725514,8
6737,Merged commit includes the following changes:,lzr-google,dc8c6ce1,Merged commit includes the following changes: (#7209),0.9258200997725514,8
6737,Merged commit includes the following changes:,lzr-google,13feba3c,Merged commit includes the following changes: (#7191),0.9258200997725514,8
6737,Merged commit includes the following changes:,lzr-google,5175b7e6,Merged commit includes the following changes: (#7141),0.9258200997725514,8
6737,Merged commit includes the following changes:,lzr-google,5afa9569,Merged commit includes the following changes: (#7119),0.9258200997725514,8
6737,Merged commit includes the following changes:,lzr-google,76995053,Merged commit includes the following changes: (#7116),0.9258200997725514,8
6737,Merged commit includes the following changes:,lzr-google,a156e203,Merged commit includes the following changes: (#7100),0.9258200997725514,8
6737,Merged commit includes the following changes:,lzr-google,240623ac,Merged commit includes the following changes: (#7093),0.9258200997725514,8
6737,Merged commit includes the following changes:,lzr-google,1636acc9,Merged commit includes the following changes: (#7068),0.9258200997725514,8
6737,Merged commit includes the following changes:,lzr-google,e0e6d981,Merged commit includes the following changes: (#7060),0.9258200997725514,8
6737,Merged commit includes the following changes:,lzr-google,a1c47f28,Merged commit includes the following changes: (#7049),0.9258200997725514,8
6737,Merged commit includes the following changes:,lzr-google,dfcaed77,Merged commit includes the following changes: (#7039),0.9258200997725514,8
6737,Merged commit includes the following changes:,lzr-google,3eb7cbbc,Merged commit includes the following changes: (#7013),0.9258200997725514,8
6737,Merged commit includes the following changes:,lzr-google,ce03903f,Merged commit includes the following changes: (#6998),0.9258200997725514,8
6737,Merged commit includes the following changes:,lzr-google,e7b4d364,Merged commit includes the following changes: (#6993),0.9258200997725514,8
6737,Merged commit includes the following changes:,lzr-google,f2eb1701,Merged commit includes the following changes: (#6992),0.9258200997725514,8
6737,Merged commit includes the following changes:,lzr-google,bc557d14,Merged commit includes the following changes: (#6969),0.9258200997725514,8
6737,Merged commit includes the following changes:,lzr-google,51289259,Merged commit includes the following changes: (#6963),0.9258200997725514,8
6737,Merged commit includes the following changes:,lzr-google,fbdbe12b,Merged commit includes the following changes: (#6952),0.9258200997725514,8
6737,Merged commit includes the following changes:,lzr-google,9bbf8015,Merged commit includes the following changes: (#6932),0.9258200997725514,8
6737,Merged commit includes the following changes:,lzr-google,f42fddee,Merged commit includes the following changes: (#6931),0.9258200997725514,8
6737,Merged commit includes the following changes:,lzr-google,15db2195,Merged commit includes the following changes: (#6926),0.9258200997725514,8
6737,Merged commit includes the following changes:,lzr-google,d76e39e7,Merged commit includes the following changes: (#6921),0.9258200997725514,8
6737,Merged commit includes the following changes:,lzr-google,7af3bd91,Merged commit includes the following changes: (#6898),0.9258200997725514,8
6737,Merged commit includes the following changes:,lzr-google,6fc642d4,Merged commit includes the following changes: (#6885),0.9258200997725514,8
6737,Merged commit includes the following changes:,lzr-google,fa10031d,Merged commit includes the following changes: (#6880),0.9258200997725514,8
6737,Merged commit includes the following changes:,lzr-google,7f9db598,Merged commit includes the following changes: (#6879),0.9258200997725514,8
6737,Merged commit includes the following changes:,lzr-google,f06b5716,Merged commit includes the following changes: (#6863),0.9258200997725514,8
6737,Merged commit includes the following changes:,lzr-google,85bdf764,Merged commit includes the following changes: (#6856),0.9258200997725514,8
6737,Merged commit includes the following changes:,lzr-google,30d14a96,Merged commit includes the following changes: (#6847),0.9258200997725514,8
6737,Merged commit includes the following changes:,lzr-google,58856e2b,Merged commit includes the following changes: (#6726),0.9258200997725514,8
6737,Merged commit includes the following changes:,lzr-google,47d6c66e,Merged commit includes the following changes: (#6407),0.9258200997725514,8
6737,Merged commit includes the following changes:,lzr-google,05584085,Merged commit includes the following changes: (#6315),0.9258200997725514,8
6737,Merged commit includes the following changes:,lzr-google,dcf52aab,Merged commit includes the following changes: (#6062),0.9258200997725514,8
6737,Merged commit includes the following changes:,lzr-google,a1337e01,Merged commit includes the following changes: 223075771  by lzc:,0.8164965809277261,19
6737,Merged commit includes the following changes:,lzr-google,2c680af3,Merged commit includes the following changes: 223150784  by Sergio Guadarrama:,0.7745966692414834,33
6737,Merged commit includes the following changes:,lzr-google,85dd5fa4,Merged commit includes the following changes: 204489224  by Zhichao Lu:,0.7745966692414834,26
6737,Merged commit includes the following changes:,lzr-google,9fce9c64,Merged commit includes the following changes: 199348852  by Zhichao Lu:,0.7745966692414834,26
6737,Merged commit includes the following changes:,lzr-google,324d6dc3,Merged commit includes the following changes: 196161788  by Zhichao Lu:,0.7745966692414834,26
6737,Merged commit includes the following changes:,lzr-google,63054210,Merged commit includes the following changes: 195269567  by Zhichao Lu:,0.7745966692414834,26
6737,Merged commit includes the following changes:,lzr-google,6b72b5cd,Merged commit includes the following changes: 191649512  by Zhichao Lu:,0.7745966692414834,26
6737,Merged commit includes the following changes:,lzr-google,78d5f8f8,Merged commit includes the following changes: 187187978  by Zhichao Lu:,0.7745966692414834,26
6737,Merged commit includes the following changes:,lzr-google,1efe98bb,Merged commit includes the following changes: 185215255  by Zhichao Lu:,0.7745966692414834,26
6737,Merged commit includes the following changes:,lzr-google,7a9934df,Merged commit includes the following changes: 184048729  by Zhichao Lu:,0.7745966692414834,26
6695,bug fix,seemuch,b152ed9c,fix,0.7071067811865475,4
6695,bug fix,seemuch,13078601,fix bug,0.9999999999999998,6
6695,bug fix,seemuch,dabfc27b,fix,0.7071067811865475,4
6695,bug fix,seemuch,980d176a,fix,0.7071067811865475,4
6695,bug fix,seemuch,5f71a455,fix,0.7071067811865475,4
6695,bug fix,seemuch,a6797285,fix,0.7071067811865475,4
6695,bug fix,seemuch,3564e7ca,fix,0.7071067811865475,4
6695,bug fix,seemuch,70cb8516,fix,0.7071067811865475,4
6695,bug fix,seemuch,55db4add,fix,0.7071067811865475,4
6695,bug fix,seemuch,416081c3,fix,0.7071067811865475,4
6695,bug fix,seemuch,8718de2a,fix,0.7071067811865475,4
6695,bug fix,seemuch,94886747,"fix bug finally??!!""",0.8164965809277259,14
6695,bug fix,seemuch,35c1908f,"fix earlier bug, need to test still",0.5345224838248487,30
6695,bug fix,seemuch,26e24e21,fix,0.7071067811865475,4
6695,bug fix,seemuch,40ea6deb,fix,0.7071067811865475,4
6695,bug fix,seemuch,e6b7e0ad,fix,0.7071067811865475,4
6695,bug fix,seemuch,a9eaf98e,struct2depth inference.py bug fix (#7342),0.5773502691896258,34
6695,bug fix,seemuch,0f6f656f,bug fix (#6695),0.8164965809277259,8
6695,bug fix,seemuch,b9e30b11,bug fix,0.9999999999999998,0
6695,bug fix,seemuch,6b673d03,bug fix,0.9999999999999998,0
6695,bug fix,seemuch,08ad2455,bug fix and python3 compatability,0.6324555320336759,26
6695,bug fix,seemuch,7cb88e17,minor bug fix,0.8164965809277259,6
6695,bug fix,seemuch,7a210706,fix,0.7071067811865475,4
6695,bug fix,seemuch,89f5e4e0,bug fix for failing demo,0.6324555320336759,17
6695,bug fix,seemuch,bc061e9e,fix eval_training_data bug,0.8164965809277259,24
6649,'module' object has no attribute 'GraphDef',haydariashik,bf51d434,fix module object has no attribute NodeDef for tensorflow 0.11 (#572),0.5892556509887896,37
6600,how to use tf.feature_column with tf.keras.Model,wendongqu,7b91ccb1,"Replace tf.to_float, tf.to_int with tf.cast",0.5640760748177662,33
6600,how to use tf.feature_column with tf.keras.Model,wendongqu,b548c7fd,"Replace tf.to_float, tf.to_int with tf.cast",0.5640760748177662,33
6600,how to use tf.feature_column with tf.keras.Model,wendongqu,1b3b2839,no need to use `tf.keras.backend` ops. Just use equivalent tf.* ops,0.5533715710928597,47
6600,how to use tf.feature_column with tf.keras.Model,wendongqu,8f6e2547,use tf.keras.losses instead of tf.losses,0.5222329678670935,35
6600,how to use tf.feature_column with tf.keras.Model,wendongqu,6765b16d,change tf.to_int32 to tf.cast (#6359),0.502518907629606,36
6600,how to use tf.feature_column with tf.keras.Model,wendongqu,31f1af58,Changed deprecated tf.initialize_all_variables() to tf.global_variables_initializer(),0.502518907629606,65
6600,how to use tf.feature_column with tf.keras.Model,wendongqu,320545f0,Update tf.concat_v2 to tf.concat,0.5330017908890261,35
6600,how to use tf.feature_column with tf.keras.Model,wendongqu,e5079c83,Update inception model based on tf API changes: replace tf.op_scope with tf.name_scope and tf.variable_op_scope with tf.variable_scope; fix the order of arguments for tf.concat; replace tf.mul with tf.multiply.,0.578687658679514,176
6599,"Recent DELF updates, including initial Detect-to-Retrieve code",andrefaraujo,61793e67,"Recent DELF updates, including initial Detect-to-Retrieve code (#6599)",0.9486832980505138,8
6510,Fix Resnet XLA with multi-GPUs,rxsang,6dea4846,Fix Resnet XLA with multi-GPUs (#6510),0.9258200997725514,8
6429,mask rcnn,roger1993,59393a8d,Imports the mask-rcnn config.,0.6324555320336759,21
6356,deeplab,heiheiya,34a3581c,add edgetpu deeplab (#8352),0.5,20
6336,Failed to run wide and deep models,Leslie-Fang,9cc7eac1,"Add End-to-end tests for wide deep, and fix ""wide"" and ""deep"" configurations. (#3798)",0.5773502691896257,61
6272,Release models trained on Open Images Dataset V4 and minor refactors and fixes.,pkulzc,32e7d660,"Open Images Challenge 2018 tools, minor fixes and refactors. (#4661)",0.5715476066494082,56
6264,Ask for instructions on setting weight for unbalance dataset,Eavis,b03da6ec,Add in instructions for TFDS for classifier_trainer.,0.502518907629606,37
6198,"How to add layer to the pre-trained model for retrain? I know it is very easy to add a layer in CAFFE(just change prototxt formate file), how to do it in tensorflow?",peterpaniff,c173bd9b,"Changes to ""Learning to Remember..."" to make it runnable in Python3.5",0.5132002392796674,130
6168,input/output change,ilous12,c4969f7c,change keras model output format,0.5163977794943222,24
6152,How to add a new class to the existing model,HarshaPaladugu,2e82b882,Adding the option to clip lstm states to a range.,0.5000000000000001,38
6152,How to add a new class to the existing model,HarshaPaladugu,f7ee285d,move to a new place,0.5163977794943222,31
6139,how to find the co-ordinates of the bounding box ?,kalpalathika,0d1b00b1,Swivel: move the rest of the ops to GPU,0.5222329678670935,33
6118,Possible bug in adversarial_text ,prashantbudania,5105ce71,Fix bug in gym_wrapper.,0.5,21
5956,fix bug in replay_buffer.py,yogurfrul,13078601,fix bug,0.6324555320336759,20
5956,fix bug in replay_buffer.py,yogurfrul,94886747,"fix bug finally??!!""",0.5163977794943222,16
5956,fix bug in replay_buffer.py,yogurfrul,55f3f240,Update replay_buffer.py,0.5163977794943222,10
5956,fix bug in replay_buffer.py,yogurfrul,a9eaf98e,struct2depth inference.py bug fix (#7342),0.5477225575051661,32
5956,fix bug in replay_buffer.py,yogurfrul,0f6f656f,bug fix (#6695),0.5163977794943222,22
5956,fix bug in replay_buffer.py,yogurfrul,b9e30b11,bug fix,0.6324555320336759,22
5956,fix bug in replay_buffer.py,yogurfrul,6b673d03,bug fix,0.6324555320336759,22
5956,fix bug in replay_buffer.py,yogurfrul,7cb88e17,minor bug fix,0.5163977794943222,22
5956,fix bug in replay_buffer.py,yogurfrul,2d7a0d6a,fix batch_size in transformer_main.py (#4897),0.5477225575051661,32
5956,fix bug in replay_buffer.py,yogurfrul,bc061e9e,fix eval_training_data bug,0.5163977794943222,22
5898,First sequence is not a list,asd463644535,1aaab0b7,"lr_schedule is a more reasonable name. It is a callable, not a function.",0.5345224838248488,54
5895,Use distutils.version.StrictVersion for version comparisons,jianchao-li,c45213c9,Use distutils.version.StrictVersion for version comparisons,1.0,0
5869,from google3.pyglib import logging,zyxcambridge,f92fd5f3,CogMap: import logging,0.5163977794943222,16
5869,from google3.pyglib import logging,zyxcambridge,4bbf1ff1,Remove `import google3` from slim nets.,0.5477225575051661,32
5841,word2vec: AttributeError: 'module' object has no attribute 'get_compile_flags',tech509201941,bf51d434,fix module object has no attribute NodeDef for tensorflow 0.11 (#572),0.5103103630798287,56
5699,Fix bug in dataset.py when batch_size==max_length.,oscartackstrom,7acce35d,Fix bug in test dataset generation,0.5773502691896258,30
5699,Fix bug in dataset.py when batch_size==max_length.,oscartackstrom,9b7b64be,Fix bug in dataset reader. (#6871),0.5773502691896258,28
5699,Fix bug in dataset.py when batch_size==max_length.,oscartackstrom,5105ce71,Fix bug in gym_wrapper.,0.5303300858899106,34
5648,Fix minor bug in images/sec calculation.,reedwm,d6117ed1,Fix minor bug in NCF data creation cleanup code.,0.5039526306789696,25
5648,Fix minor bug in images/sec calculation.,reedwm,5105ce71,Fix bug in gym_wrapper.,0.5669467095138409,26
5564,Update model_lib.py,1453042287,ea8cc8cf,Update faster_rcnn_resnet_v1_fpn_keras_feature_extractor.py,0.6666666666666667,47
5564,Update model_lib.py,1453042287,42bb922c,Update generate_embedding_data.py,0.6666666666666667,20
5564,Update model_lib.py,1453042287,b9a87a52,Update agent.py (#8722),0.5773502691896258,16
5564,Update model_lib.py,1453042287,28a18f7f,Update maskrcnn_parser.py,0.6666666666666667,13
5564,Update model_lib.py,1453042287,c87c3965,Update deep_speech.py (#8694),0.5773502691896258,18
5564,Update model_lib.py,1453042287,8fadb6ed,Update VariationalAutoencoder.py (#5049),0.5773502691896258,28
5564,Update model_lib.py,1453042287,55f3f240,Update replay_buffer.py,0.6666666666666667,12
5564,Update model_lib.py,1453042287,2e21c80e,Update beam_search_v1.py,0.6666666666666667,12
5564,Update model_lib.py,1453042287,ef6cb209,Update beam_search.py,0.6666666666666667,10
5564,Update model_lib.py,1453042287,98672351,Update distribution_utils.py (#6615),0.5773502691896258,24
5564,Update model_lib.py,1453042287,a76cd3ac,Update imagenet_preprocessing.py (#6291),0.5773502691896258,26
5564,Update model_lib.py,1453042287,d32d957a,Update tensorrt.py (#6034),0.5773502691896258,17
5564,Update model_lib.py,1453042287,df122b10,Update distribution_utils.py (#5628),0.5773502691896258,24
5564,Update model_lib.py,1453042287,2066a146,Update data_download.py (#5674),0.5773502691896258,19
5564,Update model_lib.py,1453042287,c5dbd487,Update distribution_utils.py,0.6666666666666667,16
5564,Update model_lib.py,1453042287,9cc4cec8,Update logger.py,0.6666666666666667,8
5564,Update model_lib.py,1453042287,ea7009d4,Update logger.py,0.6666666666666667,8
5564,Update model_lib.py,1453042287,381d88f6,Update logger.py,0.6666666666666667,8
5564,Update model_lib.py,1453042287,8b768f90,Update resnet_model.py (#5077),0.5773502691896258,18
5564,Update model_lib.py,1453042287,ef84dca1,Update learning_schedules.py,0.6666666666666667,16
5564,Update model_lib.py,1453042287,8dba5924,Update export_tflite_ssd_graph_lib.py,0.6666666666666667,21
5564,Update model_lib.py,1453042287,220b7e0c,Update export_tflite_ssd_graph.py,0.6666666666666667,20
5564,Update model_lib.py,1453042287,e225b20a,Update segmentation_dataset.py,0.6666666666666667,17
5564,Update model_lib.py,1453042287,f98f000a,Update create_pascal_tf_record.py and create_pet_tf_record.py,0.6123724356957945,47
5564,Update model_lib.py,1453042287,1cf0a85b,Update create_pascal_tf_record.py,0.6666666666666667,20
5564,Update model_lib.py,1453042287,39b7dcf9,Update build_imagenet_data.py,0.6666666666666667,16
5564,Update model_lib.py,1453042287,32b96851,Update generate_cifar10_tfrecords.py,0.6666666666666667,23
5564,Update model_lib.py,1453042287,6ab25864,Update build_imagenet_data.py (#3112),0.5773502691896258,24
5564,Update model_lib.py,1453042287,688143ed,Update blog_custom_estimators.py,0.6666666666666667,19
5564,Update model_lib.py,1453042287,1679377f,Update wide_deep.py,0.6666666666666667,7
5564,Update model_lib.py,1453042287,5e2f2295,Update eval_image_classifier.py (#2807),0.5773502691896258,25
5564,Update model_lib.py,1453042287,91c8f5d4,Update blog_estimators_dataset.py,0.6666666666666667,20
5564,Update model_lib.py,1453042287,3d4d30a0,Update nasnet_utils.py,0.6666666666666667,9
5564,Update model_lib.py,1453042287,28d37e7a,Update cifar10_main.py,0.6666666666666667,10
5564,Update model_lib.py,1453042287,570ac4c4,Update cifar10_main.py,0.6666666666666667,10
5564,Update model_lib.py,1453042287,289a2f99,Update AdditiveGaussianNoiseAutoencoderRunner.py,0.6666666666666667,35
5564,Update model_lib.py,1453042287,4215b489,Update AutoencoderRunner.py,0.6666666666666667,14
5564,Update model_lib.py,1453042287,9a9a6643,Update VariationalAutoencoderRunner.py,0.6666666666666667,25
5564,Update model_lib.py,1453042287,c541d653,Update AdditiveGaussianNoiseAutoencoderRunner.py,0.6666666666666667,35
5564,Update model_lib.py,1453042287,d9b01e52,Update AutoencoderRunner.py,0.6666666666666667,14
5564,Update model_lib.py,1453042287,d3a17074,Update MaskingNoiseAutoencoderRunner.py,0.6666666666666667,26
5564,Update model_lib.py,1453042287,f45c591c,Update VariationalAutoencoderRunner.py,0.6666666666666667,25
5564,Update model_lib.py,1453042287,a7dd1e29,Update cifar10_input.py,0.6666666666666667,12
5564,Update model_lib.py,1453042287,7e0016c5,Update inception_resnet_v2.py (#1555),0.5773502691896258,25
5564,Update model_lib.py,1453042287,0ce70bdd,Update resnet_model.py,0.6666666666666667,10
5564,Update model_lib.py,1453042287,a3711c9f,Update inception_preprocessing.py,0.6666666666666667,20
5564,Update model_lib.py,1453042287,0d5f3137,Update lm_1b_eval.py,0.6666666666666667,9
5564,Update model_lib.py,1453042287,d6787c0f,Update model.py,0.6666666666666667,4
5564,Update model_lib.py,1453042287,dac6755b,Update cifar10.py,0.6666666666666667,9
5564,Update model_lib.py,1453042287,f4161b6f,Update vgsl_model.py,0.6666666666666667,9
5564,Update model_lib.py,1453042287,9e9aa5d1,Update deep_cnn.py,0.6666666666666667,7
5564,Update model_lib.py,1453042287,84a32a8c,Update cifar10.py,0.6666666666666667,9
5564,Update model_lib.py,1453042287,ba3cb317,Update losses.py,0.6666666666666667,8
5564,Update model_lib.py,1453042287,bda41af1,Update cluttered_mnist.py,0.6666666666666667,12
5564,Update model_lib.py,1453042287,9997b250,Update build_image_data.py,0.6666666666666667,14
5564,Update model_lib.py,1453042287,ba98bc47,Update ptb_word_lm.py,0.6666666666666667,10
5564,Update model_lib.py,1453042287,edd4ba11,Update word2vec.py,0.6666666666666667,8
5564,Update model_lib.py,1453042287,75d3de64,Update cifar10_multi_gpu_train.py,0.6666666666666667,20
5564,Update model_lib.py,1453042287,d1baa18c,Update cifar10_input.py,0.6666666666666667,12
5564,Update model_lib.py,1453042287,62cea658,Update cifar10.py,0.6666666666666667,9
5564,Update model_lib.py,1453042287,f1e8ff7c,Update data.py,0.6666666666666667,8
5564,Update model_lib.py,1453042287,e46ec602,Update inception_resnet_v2.py,0.6666666666666667,17
5564,Update model_lib.py,1453042287,dd0671b7,Update ops.py,0.6666666666666667,8
5564,Update model_lib.py,1453042287,851f28a4,Update inception_train.py,0.6666666666666667,12
5472,bug fix and python3 compatability,JonathanJuhl,13078601,fix bug,0.6324555320336759,28
5472,bug fix and python3 compatability,JonathanJuhl,94886747,"fix bug finally??!!""",0.5163977794943222,26
5472,bug fix and python3 compatability,JonathanJuhl,0f6f656f,bug fix (#6695),0.5163977794943222,25
5472,bug fix and python3 compatability,JonathanJuhl,b9e30b11,bug fix,0.6324555320336759,26
5472,bug fix and python3 compatability,JonathanJuhl,6b673d03,bug fix,0.6324555320336759,26
5472,bug fix and python3 compatability,JonathanJuhl,08ad2455,bug fix and python3 compatability,0.9999999999999998,0
5472,bug fix and python3 compatability,JonathanJuhl,7cb88e17,minor bug fix,0.5163977794943222,28
5472,bug fix and python3 compatability,JonathanJuhl,bc061e9e,fix eval_training_data bug,0.5163977794943222,25
5308,mask rcnn,hlw787075497,59393a8d,Imports the mask-rcnn config.,0.6324555320336759,21
5289,"Release iNaturalist Species-trained models, refactor of evaluation, box predictor for object detection.",pkulzc,99256cf4,"Release iNaturalist Species-trained models, refactor of evaluation, box predictor for object detection. (#5289)",0.9636241116594316,8
5267,Tensorflow GPU not using GPU,magick2,dab1517e,Allow using a single GPU,0.5070925528371099,17
5213,resume training for object detection,junweima,31ae57eb,Minor fixes for object detection (#5613),0.5477225575051661,21
5213,resume training for object detection,junweima,1f484095,Minor fixes for object detection.,0.5999999999999999,14
5213,resume training for object detection,junweima,001a2a61,Internal changes for object detection. (#3656),0.5477225575051661,22
5213,resume training for object detection,junweima,edbf38b3,fix exporting model doc for object detection,0.5070925528371099,20
5183,Fix bug on distributed training in mnist using MirroredStrategy API,parkjaeman,6a0dda1f,Fix bug on distributed training in mnist using MirroredStrategy API (#5183),0.9534625892455924,8
5065,Open Inference graph file as a binary file,yukoba,b6866caa,Read code file data as binary,0.5163977794943223,27
5058,minor bug fix,raymond-yuan,b152ed9c,fix,0.5773502691896258,10
5058,minor bug fix,raymond-yuan,13078601,fix bug,0.8164965809277259,8
5058,minor bug fix,raymond-yuan,dabfc27b,fix,0.5773502691896258,10
5058,minor bug fix,raymond-yuan,980d176a,fix,0.5773502691896258,10
5058,minor bug fix,raymond-yuan,5f71a455,fix,0.5773502691896258,10
5058,minor bug fix,raymond-yuan,a6797285,fix,0.5773502691896258,10
5058,minor bug fix,raymond-yuan,3564e7ca,fix,0.5773502691896258,10
5058,minor bug fix,raymond-yuan,70cb8516,fix,0.5773502691896258,10
5058,minor bug fix,raymond-yuan,55db4add,fix,0.5773502691896258,10
5058,minor bug fix,raymond-yuan,416081c3,fix,0.5773502691896258,10
5058,minor bug fix,raymond-yuan,8718de2a,fix,0.5773502691896258,10
5058,minor bug fix,raymond-yuan,94886747,"fix bug finally??!!""",0.6666666666666667,14
5058,minor bug fix,raymond-yuan,26e24e21,fix,0.5773502691896258,10
5058,minor bug fix,raymond-yuan,40ea6deb,fix,0.5773502691896258,10
5058,minor bug fix,raymond-yuan,e6b7e0ad,fix,0.5773502691896258,10
5058,minor bug fix,raymond-yuan,d5722dcd,minor fix to comments,0.5773502691896258,14
5058,minor bug fix,raymond-yuan,0f6f656f,bug fix (#6695),0.6666666666666667,14
5058,minor bug fix,raymond-yuan,b9e30b11,bug fix,0.8164965809277259,6
5058,minor bug fix,raymond-yuan,6b673d03,bug fix,0.8164965809277259,6
5058,minor bug fix,raymond-yuan,08ad2455,bug fix and python3 compatability,0.5163977794943222,28
5058,minor bug fix,raymond-yuan,7cb88e17,minor bug fix,1.0000000000000002,0
5058,minor bug fix,raymond-yuan,7a210706,fix,0.5773502691896258,10
5058,minor bug fix,raymond-yuan,5444724e,Mscoco download script minor fix.,0.5163977794943222,25
5058,minor bug fix,raymond-yuan,7bfa87ea,minor fix,0.8164965809277259,4
5058,minor bug fix,raymond-yuan,89f5e4e0,bug fix for failing demo,0.5163977794943222,18
5058,minor bug fix,raymond-yuan,bc061e9e,fix eval_training_data bug,0.6666666666666667,22
5058,minor bug fix,raymond-yuan,745d568a,minor spelling fix,0.6666666666666667,7
5015,fix a bug,GeneralLi95,b152ed9c,fix,0.5773502691896258,6
5015,fix a bug,GeneralLi95,13078601,fix bug,0.8164965809277259,2
5015,fix a bug,GeneralLi95,dabfc27b,fix,0.5773502691896258,6
5015,fix a bug,GeneralLi95,980d176a,fix,0.5773502691896258,6
5015,fix a bug,GeneralLi95,5f71a455,fix,0.5773502691896258,6
5015,fix a bug,GeneralLi95,a6797285,fix,0.5773502691896258,6
5015,fix a bug,GeneralLi95,3564e7ca,fix,0.5773502691896258,6
5015,fix a bug,GeneralLi95,70cb8516,fix,0.5773502691896258,6
5015,fix a bug,GeneralLi95,55db4add,fix,0.5773502691896258,6
5015,fix a bug,GeneralLi95,416081c3,fix,0.5773502691896258,6
5015,fix a bug,GeneralLi95,8718de2a,fix,0.5773502691896258,6
5015,fix a bug,GeneralLi95,94886747,"fix bug finally??!!""",0.6666666666666667,15
5015,fix a bug,GeneralLi95,26e24e21,fix,0.5773502691896258,6
5015,fix a bug,GeneralLi95,40ea6deb,fix,0.5773502691896258,6
5015,fix a bug,GeneralLi95,e6b7e0ad,fix,0.5773502691896258,6
5015,fix a bug,GeneralLi95,0f6f656f,bug fix (#6695),0.6666666666666667,11
5015,fix a bug,GeneralLi95,b9e30b11,bug fix,0.8164965809277259,8
5015,fix a bug,GeneralLi95,6b673d03,bug fix,0.8164965809277259,8
5015,fix a bug,GeneralLi95,08ad2455,bug fix and python3 compatability,0.5163977794943222,26
5015,fix a bug,GeneralLi95,7cb88e17,minor bug fix,0.6666666666666667,8
5015,fix a bug,GeneralLi95,7a210706,fix,0.5773502691896258,6
5015,fix a bug,GeneralLi95,89f5e4e0,bug fix for failing demo,0.5163977794943222,18
5015,fix a bug,GeneralLi95,bc061e9e,fix eval_training_data bug,0.6666666666666667,17
4989,Fix bug where data_async_generation.py would freeze.,reedwm,58037d2c,Fix bug where data_async_generation.py would freeze. (#4989),0.9354143466934852,8
4987,Bug fix: change dict.iteritems() to dict.items(),TwistedHardware,e2ea9eb4,Bug fix: change dict.iteritems() to dict.items(),0.9999999999999998,0
4987,Bug fix: change dict.iteritems() to dict.items(),TwistedHardware,b5574d2a,Replace dict.iteritems() with dict.items() for Python3 compatibility,0.5720775535473553,42
4822,Fixed minor bug in STEVE which sometimes prevented resuming experiments.,buckman-google,c1da1ae5,Fixed minor bug in STEVE which sometimes prevented resuming experiments.,0.9999999999999998,0
4784,Loss -> Accuracy,rrrutledge,3aa19ac8,Loss -> Accuracy,0.9999999999999998,0
4662,[vid2depth] tiny readme typos,kalanityL,120758d6,readme,0.5,23
4662,[vid2depth] tiny readme typos,kalanityL,6c9e79a9,typos,0.5,24
4601,where can i get the tutorial for understanding how flatbuffermodel is being used in the code ?,bajajyukta7,cd5e9b7c,Fix a bug in the im2txt code where the Saver is created before the optimizer.,0.5143444998736398,70
4559,"train a textsum model : a bytes-like object is required, not 'str' ",ConnieTong,1aaab0b7,"lr_schedule is a more reasonable name. It is a callable, not a function.",0.524890659167824,52
4477,BugFix: python3 compatability,dori-reichmann,08ad2455,bug fix and python3 compatability,0.5163977794943222,7
4451,about the transformer,rgwt123,89cc856f,Fix the transformer link,0.5773502691896258,10
4438,feature request : accuracy metrics in train.py/eval.py in object_detection module ,DharaBagadia,e1799db4,base_config.py in modeling/,0.5,65
4438,feature request : accuracy metrics in train.py/eval.py in object_detection module ,DharaBagadia,6d1d918f,base_config.py in modeling/,0.5,65
4438,feature request : accuracy metrics in train.py/eval.py in object_detection module ,DharaBagadia,c59cf48d,Fix typo in train.py (#7805),0.5103103630798288,66
4438,feature request : accuracy metrics in train.py/eval.py in object_detection module ,DharaBagadia,3616ab28,refactor config parsing in train.py binaries and use functions in utils/config_utils.py instead.,0.5161854012087639,75
4416,Remove drop remainder from ResNet pipeline. (temporary),robieta,3d2f8959,remove drop remainder from resnet pipeline. (#4416),0.5714285714285714,12
4377,Make boosted_trees Garden-official,yhliang2018,191d99a7,Make boosted_trees Garden-official (#4377),0.8944271909999159,8
4358,Properly assign dataset in the second resnet prefetch call,robieta,3a624c29,properly assign dataset in the second prefetch call (#4358),0.7777777777777778,16
4354,Potential bug in resnet_run_loop dataset code,ed-alertedh,7acce35d,Fix bug in test dataset generation,0.5000000000000001,29
4354,Potential bug in resnet_run_loop dataset code,ed-alertedh,9b7b64be,Fix bug in dataset reader. (#6871),0.5000000000000001,33
4228,not available to use,adityaparida,3db5347d,Allow to not use next sentence labels in pretraining.,0.5,42
4228,not available to use,adityaparida,0c0860ed,Add option to not use estimator. (#5623),0.5669467095138409,32
4228,not available to use,adityaparida,d0b6a34b,mnist_eager to use GPU if not specified otherwise (#4216),0.5,48
4228,not available to use,adityaparida,28f1b92a,use curl not wget to fetch flower data,0.5303300858899106,30
4228,not available to use,adityaparida,8c798f47,Rename metric to not use illegal symbol @,0.5669467095138409,33
4224,Fix bugs in object detection docs,xiaoyongzhu,55259ca9,Fix typo in object detection export_graph example usage (#8089),0.5443310539518174,36
4224,Fix bugs in object detection docs,xiaoyongzhu,81756675,Fix typo in docs,0.6123724356957946,20
4224,Fix bugs in object detection docs,xiaoyongzhu,8a317572,Fix indentation in obj detection tutorial,0.5000000000000001,21
4224,Fix bugs in object detection docs,xiaoyongzhu,0566f6fc,Fix link in object detection's README,0.6172133998483676,12
4224,Fix bugs in object detection docs,xiaoyongzhu,0f12d4a4,Fix Bazel incantations in docs,0.5477225575051661,19
4205,Fixed Bug regarding tfrecord shuffling in object_detection,vladpaunescu,e04280eb,Fixed Bug regarding tfrecord shuffling in object_detection,0.9999999999999999,0
4157,Internal changes to object detection.,pkulzc,b8013664,Internal changes.,0.6324555320336759,20
4157,Internal changes to object detection.,pkulzc,3335e25d,Internal changes.,0.6324555320336759,20
4157,Internal changes to object detection.,pkulzc,0069c932,Internal changes,0.6324555320336759,21
4157,Internal changes to object detection.,pkulzc,062f044d,Internal changes,0.6324555320336759,21
4157,Internal changes to object detection.,pkulzc,8b510f95,Internal changes.,0.6324555320336759,20
4157,Internal changes to object detection.,pkulzc,f4e3d87b,Internal changes.,0.6324555320336759,20
4157,Internal changes to object detection.,pkulzc,242229af,Internal changes,0.6324555320336759,21
4157,Internal changes to object detection.,pkulzc,bbdc9810,Internal changes.,0.6324555320336759,20
4157,Internal changes to object detection.,pkulzc,edcb2146,Internal changes.,0.6324555320336759,20
4157,Internal changes to object detection.,pkulzc,b16447b4,Internal changes.,0.6324555320336759,20
4157,Internal changes to object detection.,pkulzc,01748b24,Internal changes.,0.6324555320336759,20
4157,Internal changes to object detection.,pkulzc,242ad38d,Internal changes.,0.6324555320336759,20
4157,Internal changes to object detection.,pkulzc,3991a54f,Internal changes.,0.6324555320336759,20
4157,Internal changes to object detection.,pkulzc,8861a624,Internal changes.,0.6324555320336759,20
4157,Internal changes to object detection.,pkulzc,ad1a37c9,Internal changes.,0.6324555320336759,20
4157,Internal changes to object detection.,pkulzc,505f554c,Internal changes to slim and object detection (#4100),0.7905694150420948,17
4157,Internal changes to object detection.,pkulzc,001a2a61,Internal changes for object detection. (#3656),0.7302967433402214,10
4157,Internal changes to object detection.,pkulzc,07ae5c96,Minor fixes to object detection.,0.5999999999999999,12
4126,fix import errors and type error in numpy for the PATE implementation,npapernot,cf60559f,fix import errors,0.5000000000000001,52
4123,Increase minimum TF version for DEFINE_enum and rename variable mappings for change to RNN variable names.,a-dai,30580a35,Increase minimum TF version for DEFINE_enum and rename variable mappings for change to RNN variable names. (#4123),0.9759000729485332,8
4075,ionary to object,dduarte-odoogap,07ae5c96,Minor fixes to object detection.,0.5163977794943222,20
3777,Bug fix on flag name in wide_deep.py,nkconnor,1730eed4,Bug fix on flag name in wide_deep.py (#3777),0.9428090415820632,8
3724,mnist_tpu.py errors,hyoo,4cdd9721,Typo fix for mnist_tpu.py,0.5163977794943222,20
3724,mnist_tpu.py errors,hyoo,5ec4c759,Fix mnist_tpu.py which was giving unknown shape errors,0.5773502691896257,35
3692,fix bugs in Python 3.X,ewanlee,a804f4db,fix bugs in Python 3.X,1.0000000000000002,0
3525,fix bug when user specifies input_shape,gfphoenix78,13078601,fix bug,0.5773502691896258,32
3525,fix bug when user specifies input_shape,gfphoenix78,b9e30b11,bug fix,0.5773502691896258,33
3525,fix bug when user specifies input_shape,gfphoenix78,6b673d03,bug fix,0.5773502691896258,33
3524, fix bug when user specifies input_shape,gfphoenix,13078601,fix bug,0.5773502691896258,33
3524, fix bug when user specifies input_shape,gfphoenix,b9e30b11,bug fix,0.5773502691896258,34
3524, fix bug when user specifies input_shape,gfphoenix,6b673d03,bug fix,0.5773502691896258,34
3477,autoencoder: bugfix in initialization,swaroopgj,0a2312b8,bugfix,0.5,31
3477,autoencoder: bugfix in initialization,swaroopgj,3f7d667e,Bugfix for initialization in autoencoder. (#3477),0.6123724356957946,40
3427,Tensorflow Object Detection API Detects Old Classes as My Custom Object,mstferis,a4944a57,Add Tensorflow Object Detection API. (#1561),0.5661385170722979,43
3356,bugs in faster_rcnn_meta_arch_test_lib.py,Shirhe-Lyh,e1799db4,base_config.py in modeling/,0.5,32
3356,bugs in faster_rcnn_meta_arch_test_lib.py,Shirhe-Lyh,6d1d918f,base_config.py in modeling/,0.5,32
3267,small bug fix in exporter.py,frostell,98516e54,small fix,0.5773502691896258,19
3267,small bug fix in exporter.py,frostell,13078601,fix bug,0.5773502691896258,24
3267,small bug fix in exporter.py,frostell,a9eaf98e,struct2depth inference.py bug fix (#7342),0.5000000000000001,35
3267,small bug fix in exporter.py,frostell,b9e30b11,bug fix,0.5773502691896258,21
3267,small bug fix in exporter.py,frostell,6b673d03,bug fix,0.5773502691896258,21
3267,small bug fix in exporter.py,frostell,2d7a0d6a,fix batch_size in transformer_main.py (#4897),0.5000000000000001,33
3208,Fix minor bug in resnet_v2,amlankar,294579ca,Fix minor typos.,0.5163977794943222,15
3208,Fix minor bug in resnet_v2,amlankar,d6117ed1,Fix minor bug in NCF data creation cleanup code.,0.5962847939999439,27
3208,Fix minor bug in resnet_v2,amlankar,281d1757,Fix bug introduced.,0.5163977794943222,15
3208,Fix minor bug in resnet_v2,amlankar,7acce35d,Fix bug in test dataset generation,0.5477225575051661,23
3208,Fix minor bug in resnet_v2,amlankar,9b7b64be,Fix bug in dataset reader. (#6871),0.5477225575051661,25
3208,Fix minor bug in resnet_v2,amlankar,7cb88e17,minor bug fix,0.5163977794943222,16
3208,Fix minor bug in resnet_v2,amlankar,5105ce71,Fix bug in gym_wrapper.,0.6708203932499369,18
3208,Fix minor bug in resnet_v2,amlankar,f8e16db8,Fix bug in inception instructions (#322),0.5477225575051661,28
3140,Fix bug in gym_wrapper.,ashaw596,2af9696b,Fix total block num bug in tf2 efficientnet.,0.5303300858899106,31
3140,Fix bug in gym_wrapper.,ashaw596,295b3b4f,Fix get_config() in ReZeroTransformer.,0.5,24
3140,Fix bug in gym_wrapper.,ashaw596,b55c9da0,Fix lr in callback,0.5,14
3140,Fix bug in gym_wrapper.,ashaw596,d6117ed1,Fix minor bug in NCF data creation cleanup code.,0.5,33
3140,Fix bug in gym_wrapper.,ashaw596,281d1757,Fix bug introduced.,0.5773502691896258,11
3140,Fix bug in gym_wrapper.,ashaw596,7acce35d,Fix bug in test dataset generation,0.6123724356957946,20
3140,Fix bug in gym_wrapper.,ashaw596,9b7b64be,Fix bug in dataset reader. (#6871),0.6123724356957946,19
3140,Fix bug in gym_wrapper.,ashaw596,81756675,Fix typo in docs,0.5,16
3140,Fix bug in gym_wrapper.,ashaw596,5105ce71,Fix bug in gym_wrapper.,1.0,0
3140,Fix bug in gym_wrapper.,ashaw596,f8e16db8,Fix bug in inception instructions (#322),0.6123724356957946,28
3122,[blog_estimators_dataset.py] bug fix for failing demo,timmolter,13078601,fix bug,0.5345224838248487,48
3122,[blog_estimators_dataset.py] bug fix for failing demo,timmolter,b9e30b11,bug fix,0.5345224838248487,46
3122,[blog_estimators_dataset.py] bug fix for failing demo,timmolter,6b673d03,bug fix,0.5345224838248487,46
3122,[blog_estimators_dataset.py] bug fix for failing demo,timmolter,4cdd9721,Typo fix for mnist_tpu.py,0.5070925528371099,42
3122,[blog_estimators_dataset.py] bug fix for failing demo,timmolter,89f5e4e0,bug fix for failing demo,0.8451542547285165,29
3103,from six.moves import xrange,cclauss,6daba3b4,Merge pull request #3702 from cclauss/from-six.moves-import-xrange-yet-again,0.6928203230275508,50
3103,from six.moves import xrange,cclauss,cd850550,from six.moves import xrange (en masse) YET AGAIN,0.7453559924999299,21
3103,from six.moves import xrange,cclauss,e029542a,Merge pull request #3520 from cclauss/from-six.moves-import-xrange-again,0.7171371656006361,46
3103,from six.moves import xrange,cclauss,ffb8041e,from six.moves import xrange (en masse) AGAIN,0.7905694150420948,17
3103,from six.moves import xrange,cclauss,d90d5280,Merge pull request #3206 from cclauss/from-six.moves-import-xrange,0.7442084075352507,40
3103,from six.moves import xrange,cclauss,848cc592,from six.moves import xrange (en masse),0.8451542547285165,11
3103,from six.moves import xrange,cclauss,f893da6d,Fix xrange import,0.5163977794943222,18
3103,from six.moves import xrange,cclauss,6e0e8c51,Transformer:  from six.moves import xrange for,0.8451542547285165,18
3103,from six.moves import xrange,cclauss,58cb61b5,Compression: from six.moves import xrange for Python 3,0.7453559924999299,26
3103,from six.moves import xrange,cclauss,86d26fb1,from six.moves import xrange for,0.9128709291752769,4
3103,from six.moves import xrange,cclauss,58fb6d7e,Adv_Txt: from six.moves import xrange for Python 3 (#2177),0.7071067811865475,30
3103,from six.moves import xrange,cclauss,b6ebdd69,from six.moves import range for Python 3,0.6324555320336759,14
3103,from six.moves import xrange,cclauss,c5326615,Import xrange directly from six.moves for lm_1b,0.6324555320336759,33
3009,Fix a bug in create_pet_tf_record.py related to mask creation.,derekjchow,bf65145d,Fix a bug in create_pet_tf_record.py related to mask creation.,0.9999999999999998,0
3007,fix eval_training_data bug,jzhugithub,b152ed9c,fix,0.5773502691896258,23
3007,fix eval_training_data bug,jzhugithub,13078601,fix bug,0.8164965809277259,19
3007,fix eval_training_data bug,jzhugithub,dabfc27b,fix,0.5773502691896258,23
3007,fix eval_training_data bug,jzhugithub,980d176a,fix,0.5773502691896258,23
3007,fix eval_training_data bug,jzhugithub,5f71a455,fix,0.5773502691896258,23
3007,fix eval_training_data bug,jzhugithub,a6797285,fix,0.5773502691896258,23
3007,fix eval_training_data bug,jzhugithub,3564e7ca,fix,0.5773502691896258,23
3007,fix eval_training_data bug,jzhugithub,70cb8516,fix,0.5773502691896258,23
3007,fix eval_training_data bug,jzhugithub,55db4add,fix,0.5773502691896258,23
3007,fix eval_training_data bug,jzhugithub,416081c3,fix,0.5773502691896258,23
3007,fix eval_training_data bug,jzhugithub,8718de2a,fix,0.5773502691896258,23
3007,fix eval_training_data bug,jzhugithub,94886747,"fix bug finally??!!""",0.6666666666666667,20
3007,fix eval_training_data bug,jzhugithub,26e24e21,fix,0.5773502691896258,23
3007,fix eval_training_data bug,jzhugithub,40ea6deb,fix,0.5773502691896258,23
3007,fix eval_training_data bug,jzhugithub,e6b7e0ad,fix,0.5773502691896258,23
3007,fix eval_training_data bug,jzhugithub,0f6f656f,bug fix (#6695),0.6666666666666667,24
3007,fix eval_training_data bug,jzhugithub,b9e30b11,bug fix,0.8164965809277259,24
3007,fix eval_training_data bug,jzhugithub,6b673d03,bug fix,0.8164965809277259,24
3007,fix eval_training_data bug,jzhugithub,08ad2455,bug fix and python3 compatability,0.5163977794943222,25
3007,fix eval_training_data bug,jzhugithub,7cb88e17,minor bug fix,0.6666666666666667,22
3007,fix eval_training_data bug,jzhugithub,7a210706,fix,0.5773502691896258,23
3007,fix eval_training_data bug,jzhugithub,89f5e4e0,bug fix for failing demo,0.5163977794943222,20
3007,fix eval_training_data bug,jzhugithub,bc061e9e,fix eval_training_data bug,1.0000000000000002,0
2937, export_inference_graph.py,Zhangxu0501,c0ece9cc,"Move data pre-processing related files (classifier_data_lib.py, create_finetuning_data.py, create_pretraining_data.py, squad_lib.py, squad_lib_sp.py) to data folder.",0.5521576303742327,144
2882,Swivel: Force bufsz to be the square of shard_size? ,tomahawklin,0d1b00b1,Swivel: move the rest of the ops to GPU,0.502518907629606,32
2807,Update eval_image_classifier.py default batch_size from 100 to 50 to avoid bug.,BarretZoph,31f7f41b,Update the timestamp to default to UTC. (#4040),0.50709255283711,55
2702,Flaky official/wide_deep/wide_deep_test.py,tombstone,2ed6b9d9,Fix wide_deep_test.py,0.5163977794943222,23
2702,Flaky official/wide_deep/wide_deep_test.py,tombstone,1679377f,Update wide_deep.py,0.5163977794943222,28
2624,Updates to exporter modules.,tombstone,d73569c5,exporter,0.5,20
2624,Updates to exporter modules.,tombstone,7f6313ce,Updates to kepler_spline.py.,0.5,14
2624,Updates to exporter modules.,tombstone,a97304d5,Updates to adversarial_text model,0.5,16
2562,Fix GRU cell bug,hamsungho,281d1757,Fix bug introduced.,0.5773502691896258,13
2562,Fix GRU cell bug,hamsungho,554bb86f,Fix eager gpu cell,0.5,13
2562,Fix GRU cell bug,hamsungho,5105ce71,Fix bug in gym_wrapper.,0.5,18
2550,SVM for classification for object detection ,mbenami,31ae57eb,Minor fixes for object detection (#5613),0.5773502691896258,23
2550,SVM for classification for object detection ,mbenami,1f484095,Minor fixes for object detection.,0.6324555320336759,17
2550,SVM for classification for object detection ,mbenami,001a2a61,Internal changes for object detection. (#3656),0.5773502691896258,27
2550,SVM for classification for object detection ,mbenami,7d921c12,"Add option for when there is only one label for classification, for speed. (The case for the standard datasets).",0.5715005715008572,81
2550,SVM for classification for object detection ,mbenami,edbf38b3,fix exporting model doc for object detection,0.5345224838248487,21
2372,A bug in object detection?,gauss-clb,e55685d7,Remove extra comma in object detection notebook.,0.5070925528371099,27
2372,A bug in object detection?,gauss-clb,0566f6fc,Fix link in object detection's README,0.5070925528371099,16
2299,BUG: Fix inception imagenet download script,scottclowe,c7df5a3d,BUG: Fix inception imagenet download script (#2299),0.9258200997725514,8
2259,bugfix for rnn tutorial on Python3,skwbc,812bc2e7,bugfix for rnn tutorial on Python3,1.0000000000000002,0
2251,Bugfix for missing function rotator_metrics in models/ptn,xcyan,70097a35,bugfix for missing function rotator_metrics (#2251),0.5773502691896258,14
2214,Object Detection API anchorwise_output config,irmowan,420a7253,Refactor tests for Object Detection API. (#8688),0.5070925528371099,40
2214,Object Detection API anchorwise_output config,irmowan,a4944a57,Add Tensorflow Object Detection API. (#1561),0.5477225575051661,40
2050,LFADS: Fixing alignment bias bug,djoshea,b13d6e51,LFADS: Fixing alignment bias bug,0.9999999999999998,0
2041,Fixing bug #2040,mari-linhares,b13d6e51,LFADS: Fixing alignment bias bug,0.5163977794943222,23
2041,Fixing bug #2040,mari-linhares,34af79db,Fixing the initialization/loading bug.,0.5163977794943222,30
1873,Fix preprocessing bugs,hjp709394,eb4b727d,Fix bugs for multilevel_native_crop_and_resize,0.5773502691896258,38
1872,Fix augmentation bugs,hjp709394,eb4b727d,Fix bugs for multilevel_native_crop_and_resize,0.5773502691896258,32
1822,Fix CDNA transformation bug and speed up its implementation.,alexlee-gk,90f63a1e,Fix CDNA transformation bug and speed up its implementation.,1.0,0
1707,Cast regularization parameters to float.,jch1,c4ba26b4,Cast regularization parameters to float. (#1707),0.9128709291752769,8
1706,Cast regularization parameters to float.,jch1,c4ba26b4,Cast regularization parameters to float. (#1707),0.9128709291752769,8
1705,Cast regularization parameters to float.,jch1,c4ba26b4,Cast regularization parameters to float. (#1707),0.9128709291752769,8
1558,Fixing the initialization/loading bug.,mbz,34af79db,Fixing the initialization/loading bug.,0.9999999999999998,0
1548,Fix a small bug of Python3 compatibility in tutorial example /rnn/ptb,ngovanmao,286bacf2,Fix a small bug of Python3 compatibility in tutorial example /rnn/ptb,1.0000000000000002,0
1447,resnet_v1 and v2 segmentation bugs from 7e2435e resolved,ahundt,cb4a4853,resnet_v2.py segmentation bugs from 7e2435e resolved,0.6681531047810609,8
1447,resnet_v1 and v2 segmentation bugs from 7e2435e resolved,ahundt,7818c255,resnet_v1 segmentation bugs from 7e2435e resolved,0.8660254037844387,7
1436,[slim] Python 3 support,pokey,2bb1baad,slim Python 3 compatibility: cPickle and str/bytes (#1534),0.5,43
1436,[slim] Python 3 support,pokey,2335c9fc,Python 3 support for some inception scripts,0.5669467095138409,34
1406,DOC: document bash use for resnet,stsievert,214ecc79,DOC: document bash use for resnet,1.0000000000000002,0
1275,tf.concat BUG,Google1234,320545f0,Update tf.concat_v2 to tf.concat,0.6123724356957945,22
1275,tf.concat BUG,Google1234,e5079c83,Update inception model based on tf API changes: replace tf.op_scope with tf.name_scope and tf.variable_op_scope with tf.variable_scope; fix the order of arguments for tf.concat; replace tf.mul with tf.multiply.,0.524890659167824,200
1247,README.md warning on extra background class added by build_image_data.py,jimmyyentran,c766ef27,update warning on extra background class added by build_image_data.py,0.8581163303210331,9
1226,"Revert ""fixed a bug in sampled_loss(), made compatible for 0.12.0""",nealwu,79d2ecb1,"Revert ""fixed a bug in sampled_loss(), made compatible for 0.12.0""",1.0,0
1226,"Revert ""fixed a bug in sampled_loss(), made compatible for 0.12.0""",nealwu,a38bf8d7,"fixed a bug in sampled_loss(), made compatible for 0.12.0",0.9636241116594316,9
1037,im2txt: Why is the initial learning rate so high (2.0)?,danieljl,746a927c,Setting the initial learning rate.,0.5393598899705937,26
982,"fixed a bug in sampled_loss(), made compatible for 0.12.0",arvind385801,79d2ecb1,"Revert ""fixed a bug in sampled_loss(), made compatible for 0.12.0""",0.9636241116594316,9
982,"fixed a bug in sampled_loss(), made compatible for 0.12.0",arvind385801,a38bf8d7,"fixed a bug in sampled_loss(), made compatible for 0.12.0",1.0000000000000002,0
960,Corrections and explanations for the updated Neural GPU model.,lukaszkaiser,a046ec81,Corrections and explanations for the updated Neural GPU model.,1.0,0
905,Remove dated Bazel docs in syntaxnet,jart,0f12d4a4,Fix Bazel incantations in docs,0.5477225575051661,27
905,Remove dated Bazel docs in syntaxnet,jart,be37e9db,Remove dated Bazel docs in syntaxnet (#905),0.9258200997725514,7
905,Remove dated Bazel docs in syntaxnet,jart,ccc0b7a2,Upgrade Bazel in syntaxnet Dockerfile,0.5477225575051661,26
901,cifar10_multi_gpu_train.py,weigei123,c0ece9cc,"Move data pre-processing related files (classifier_data_lib.py, create_finetuning_data.py, create_pretraining_data.py, squad_lib.py, squad_lib_sp.py) to data folder.",0.5521576303742327,146
901,cifar10_multi_gpu_train.py,weigei123,75d3de64,Update cifar10_multi_gpu_train.py,0.8164965809277259,7
785,tf.contrib.deprecated elimination bugfix for tf version 12,mrphoenix13,1f6b3d7d,Changing tf.contrib.data to tf.data for release of tf 1.4,0.5263613559678152,45
785,tf.contrib.deprecated elimination bugfix for tf version 12,mrphoenix13,31f1af58,Changed deprecated tf.initialize_all_variables() to tf.global_variables_initializer(),0.502518907629606,63
785,tf.contrib.deprecated elimination bugfix for tf version 12,mrphoenix13,e5079c83,Update inception model based on tf API changes: replace tf.op_scope with tf.name_scope and tf.variable_op_scope with tf.variable_scope; fix the order of arguments for tf.concat; replace tf.mul with tf.multiply.,0.5177731682921968,176
784,tf.contrib.deprecated methods is eliminated in tf version 0.12,mrphoenix13,49292f34,tf.contrib.data -> tf.data in mnist,0.5017452060042545,39
656,Fix ValueError when processing bbox in XML annotation file,xionghc,c924285b,fixed ValueError when processing bbox in XML annotation file,0.8888888888888888,3
448,Fix bug caused by signature change of resize_images().,cshallue,f63a80ae,Fix regressions caused by a previous change,0.5345224838248487,39
448,Fix bug caused by signature change of resize_images().,cshallue,1e16f101,Fix bug caused by signature change of resize_images().,0.9999999999999998,0
445,Fix a bug in the im2txt code where the Saver is created before the optimizer,cshallue,d7ce4e89,Fix the links,0.5039526306789697,67
445,Fix a bug in the im2txt code where the Saver is created before the optimizer,cshallue,cd5e9b7c,Fix a bug in the im2txt code where the Saver is created before the optimizer.,1.0,1
441,Add Bazel workspace name to fix bug in relative path of shell scripts.,cshallue,c778f4ad,Add Bazel workspace name to fix bug in relative path of shell scripts.,1.0000000000000002,0
441,Add Bazel workspace name to fix bug in relative path of shell scripts.,cshallue,c0bc7c31,"Revert ""Fix bug in relative path of shell scripts built with bazel.""",0.5604485383178051,44
441,Add Bazel workspace name to fix bug in relative path of shell scripts.,cshallue,3e3a4b50,"Revert ""Add Bazel workspace name to fix bug in relative path of shell scripts.""",0.9636241116594316,9
441,Add Bazel workspace name to fix bug in relative path of shell scripts.,cshallue,a704458a,Add Bazel workspace name to fix bug in relative path of shell scripts.,1.0000000000000002,0
441,Add Bazel workspace name to fix bug in relative path of shell scripts.,cshallue,091d6e4a,Fix bug in relative path of shell scripts built with bazel.,0.5853694070049636,46
416,Fix bug in relative path of shell scripts built with bazel.,cshallue,c778f4ad,Add Bazel workspace name to fix bug in relative path of shell scripts.,0.5853694070049636,46
416,Fix bug in relative path of shell scripts built with bazel.,cshallue,c0bc7c31,"Revert ""Fix bug in relative path of shell scripts built with bazel.""",0.9574271077563381,9
416,Fix bug in relative path of shell scripts built with bazel.,cshallue,3e3a4b50,"Revert ""Add Bazel workspace name to fix bug in relative path of shell scripts.""",0.5640760748177662,55
416,Fix bug in relative path of shell scripts built with bazel.,cshallue,a704458a,Add Bazel workspace name to fix bug in relative path of shell scripts.,0.5853694070049636,46
416,Fix bug in relative path of shell scripts built with bazel.,cshallue,091d6e4a,Fix bug in relative path of shell scripts built with bazel.,1.0,0
364,Full code refactor and added all networks,nathansilberman,65fad62d,Full code refactor and added all networks,0.9999999999999999,0
322,Fix bug in inception instructions,aselle,20a0716c,Fix flags in the instructions.,0.5999999999999999,13
322,Fix bug in inception instructions,aselle,281d1757,Fix bug introduced.,0.5163977794943222,19
322,Fix bug in inception instructions,aselle,7acce35d,Fix bug in test dataset generation,0.5477225575051661,18
322,Fix bug in inception instructions,aselle,9b7b64be,Fix bug in dataset reader. (#6871),0.5477225575051661,22
322,Fix bug in inception instructions,aselle,5105ce71,Fix bug in gym_wrapper.,0.6708203932499369,21
322,Fix bug in inception instructions,aselle,fa32bb5f,Fix the inception link in resnet (#2431),0.5070925528371099,24
322,Fix bug in inception instructions,aselle,2f09f78b,Fix broken link in inception readme,0.5477225575051661,21
322,Fix bug in inception instructions,aselle,f8e16db8,Fix bug in inception instructions (#322),0.9128709291752769,7
322,Fix bug in inception instructions,aselle,148a15fb,Fix Typo in inception/README.md (#49),0.5070925528371099,20
322,Fix bug in inception instructions,aselle,c17a8c07,Fix typo in inception/README.md,0.5477225575051661,17
322,Fix bug in inception instructions,aselle,f9e702d4,Fix Typos in inception/README.md,0.5477225575051661,18
254,Fixed bug test failed on parser_trainer_test,tinh1115,7bbf3113,Fixed bug test failed on parser_trainer_test,1.0000000000000002,0
155,Fix bug in transformer model: Changed the examples to specify the output size,elezar,89cc856f,Fix the transformer link,0.5163977794943222,58
155,Fix bug in transformer model: Changed the examples to specify the output size,elezar,cd5e9b7c,Fix a bug in the im2txt code where the Saver is created before the optimizer.,0.50709255283711,46
155,Fix bug in transformer model: Changed the examples to specify the output size,elezar,eec79382,Fix bug in transformer model: Changed the examples to specify the output size (#155),0.9682458365518541,7
105,Update Tensorflow Submodule to newest version,Brok-Bucholtz,c059e0b2,Update version string to 1.4.,0.5000000000000001,30
