CommitID,File Name,Class Name,DIT,NOC,isParallelInheritanceHiearchy,Index of File In Folder,Index of Bug Fixed Commit In File,Number of Files In Folder,Folder
414065770,/Users/neda/Desktop/workspace/BadSmells/util/Python/scikit-learn/discriminant_analysis/discriminant_analysis@62d205980@Sat Feb 2 19:35:06 2019 +0530.py,QuadraticDiscriminantAnalysis,2,0,False,38,40,62,/Users/neda/Desktop/workspace/BadSmells/util/Python/scikit-learn/discriminant_analysis/discriminant_analysis
414065770,/Users/neda/Desktop/workspace/BadSmells/util/Python/scikit-learn/discriminant_analysis/discriminant_analysis@415fd83db@Wed Feb 27 10:10:01 2019 +0100.py,QuadraticDiscriminantAnalysis,2,0,False,39,40,62,/Users/neda/Desktop/workspace/BadSmells/util/Python/scikit-learn/discriminant_analysis/discriminant_analysis
414065770,/Users/neda/Desktop/workspace/BadSmells/util/Python/scikit-learn/discriminant_analysis/discriminant_analysis@414065770@Thu Mar 7 16:44:17 2019 +0000.py,QuadraticDiscriminantAnalysis,2,0,False,40,40,62,/Users/neda/Desktop/workspace/BadSmells/util/Python/scikit-learn/discriminant_analysis/discriminant_analysis
a99078063,/Users/neda/Desktop/workspace/BadSmells/util/Python/scikit-learn/base/base@560c6c7c1@Wed Dec 1 11:18:04 2010 +0100.py,LinearModel,2,7,True,121,123,1073,/Users/neda/Desktop/workspace/BadSmells/util/Python/scikit-learn/base/base
a99078063,/Users/neda/Desktop/workspace/BadSmells/util/Python/scikit-learn/base/base@560c6c7c1@Wed Dec 1 11:18:04 2010 +0100.py,LinearRegression,3,0,False,121,123,1073,/Users/neda/Desktop/workspace/BadSmells/util/Python/scikit-learn/base/base
a99078063,/Users/neda/Desktop/workspace/BadSmells/util/Python/scikit-learn/base/base@560c6c7c1@Wed Dec 1 11:18:04 2010 +0100.py,BaseSGD,2,2,False,121,123,1073,/Users/neda/Desktop/workspace/BadSmells/util/Python/scikit-learn/base/base
a99078063,/Users/neda/Desktop/workspace/BadSmells/util/Python/scikit-learn/base/base@560c6c7c1@Wed Dec 1 11:18:04 2010 +0100.py,BaseSGDClassifier,3,1,False,121,123,1073,/Users/neda/Desktop/workspace/BadSmells/util/Python/scikit-learn/base/base
a99078063,/Users/neda/Desktop/workspace/BadSmells/util/Python/scikit-learn/base/base@560c6c7c1@Wed Dec 1 11:18:04 2010 +0100.py,BaseSGDRegressor,3,1,False,121,123,1073,/Users/neda/Desktop/workspace/BadSmells/util/Python/scikit-learn/base/base
a99078063,/Users/neda/Desktop/workspace/BadSmells/util/Python/scikit-learn/base/base@4cffab4e8@Thu Dec 2 15:23:56 2010 +0100.py,LinearModel,2,7,True,122,123,1073,/Users/neda/Desktop/workspace/BadSmells/util/Python/scikit-learn/base/base
a99078063,/Users/neda/Desktop/workspace/BadSmells/util/Python/scikit-learn/base/base@4cffab4e8@Thu Dec 2 15:23:56 2010 +0100.py,LinearRegression,3,0,False,122,123,1073,/Users/neda/Desktop/workspace/BadSmells/util/Python/scikit-learn/base/base
a99078063,/Users/neda/Desktop/workspace/BadSmells/util/Python/scikit-learn/base/base@4cffab4e8@Thu Dec 2 15:23:56 2010 +0100.py,BaseSGD,2,2,False,122,123,1073,/Users/neda/Desktop/workspace/BadSmells/util/Python/scikit-learn/base/base
a99078063,/Users/neda/Desktop/workspace/BadSmells/util/Python/scikit-learn/base/base@4cffab4e8@Thu Dec 2 15:23:56 2010 +0100.py,BaseSGDClassifier,3,1,False,122,123,1073,/Users/neda/Desktop/workspace/BadSmells/util/Python/scikit-learn/base/base
a99078063,/Users/neda/Desktop/workspace/BadSmells/util/Python/scikit-learn/base/base@4cffab4e8@Thu Dec 2 15:23:56 2010 +0100.py,BaseSGDRegressor,3,1,False,122,123,1073,/Users/neda/Desktop/workspace/BadSmells/util/Python/scikit-learn/base/base
a99078063,/Users/neda/Desktop/workspace/BadSmells/util/Python/scikit-learn/base/base@a99078063@Fri Dec 3 11:25:43 2010 +0100.py,LinearModel,2,7,True,123,123,1073,/Users/neda/Desktop/workspace/BadSmells/util/Python/scikit-learn/base/base
a99078063,/Users/neda/Desktop/workspace/BadSmells/util/Python/scikit-learn/base/base@a99078063@Fri Dec 3 11:25:43 2010 +0100.py,LinearRegression,3,0,False,123,123,1073,/Users/neda/Desktop/workspace/BadSmells/util/Python/scikit-learn/base/base
a99078063,/Users/neda/Desktop/workspace/BadSmells/util/Python/scikit-learn/base/base@a99078063@Fri Dec 3 11:25:43 2010 +0100.py,BaseSGD,2,2,False,123,123,1073,/Users/neda/Desktop/workspace/BadSmells/util/Python/scikit-learn/base/base
a99078063,/Users/neda/Desktop/workspace/BadSmells/util/Python/scikit-learn/base/base@a99078063@Fri Dec 3 11:25:43 2010 +0100.py,BaseSGDClassifier,3,1,False,123,123,1073,/Users/neda/Desktop/workspace/BadSmells/util/Python/scikit-learn/base/base
a99078063,/Users/neda/Desktop/workspace/BadSmells/util/Python/scikit-learn/base/base@a99078063@Fri Dec 3 11:25:43 2010 +0100.py,BaseSGDRegressor,3,1,False,123,123,1073,/Users/neda/Desktop/workspace/BadSmells/util/Python/scikit-learn/base/base
819d8ef8b,/Users/neda/Desktop/workspace/BadSmells/util/Python/scikit-learn/dbscan_/dbscan_@9b8fd0b0d@Sat Aug 18 17:57:10 2018 +0800.py,DBSCAN,2,0,False,89,91,101,/Users/neda/Desktop/workspace/BadSmells/util/Python/scikit-learn/dbscan_/dbscan_
819d8ef8b,/Users/neda/Desktop/workspace/BadSmells/util/Python/scikit-learn/dbscan_/dbscan_@40dd0bf6b@Mon Sep 3 16:05:59 2018 +0800.py,DBSCAN,2,0,False,90,91,101,/Users/neda/Desktop/workspace/BadSmells/util/Python/scikit-learn/dbscan_/dbscan_
819d8ef8b,/Users/neda/Desktop/workspace/BadSmells/util/Python/scikit-learn/dbscan_/dbscan_@819d8ef8b@Fri Sep 28 16:22:12 2018 +0200.py,DBSCAN,2,0,False,91,91,101,/Users/neda/Desktop/workspace/BadSmells/util/Python/scikit-learn/dbscan_/dbscan_
cc2fbeddf,/Users/neda/Desktop/workspace/BadSmells/util/Python/scikit-learn/gradient_boosting/gradient_boosting@97958c174@Fri Nov 15 05:02:38 2019 -0500.py,BaseHistGradientBoosting,2,0,False,387,389,417,/Users/neda/Desktop/workspace/BadSmells/util/Python/scikit-learn/gradient_boosting/gradient_boosting
cc2fbeddf,/Users/neda/Desktop/workspace/BadSmells/util/Python/scikit-learn/gradient_boosting/gradient_boosting@97958c174@Fri Nov 15 05:02:38 2019 -0500.py,HistGradientBoostingRegressor,2,0,False,387,389,417,/Users/neda/Desktop/workspace/BadSmells/util/Python/scikit-learn/gradient_boosting/gradient_boosting
cc2fbeddf,/Users/neda/Desktop/workspace/BadSmells/util/Python/scikit-learn/gradient_boosting/gradient_boosting@1c546cd9b@Wed Nov 20 16:03:25 2019 -0500.py,BaseHistGradientBoosting,2,0,False,388,389,417,/Users/neda/Desktop/workspace/BadSmells/util/Python/scikit-learn/gradient_boosting/gradient_boosting
cc2fbeddf,/Users/neda/Desktop/workspace/BadSmells/util/Python/scikit-learn/gradient_boosting/gradient_boosting@1c546cd9b@Wed Nov 20 16:03:25 2019 -0500.py,HistGradientBoostingRegressor,2,0,False,388,389,417,/Users/neda/Desktop/workspace/BadSmells/util/Python/scikit-learn/gradient_boosting/gradient_boosting
cc2fbeddf,/Users/neda/Desktop/workspace/BadSmells/util/Python/scikit-learn/gradient_boosting/gradient_boosting@cc2fbeddf@Tue Jan 28 23:37:43 2020 +0530.py,BaseHistGradientBoosting,2,0,False,389,389,417,/Users/neda/Desktop/workspace/BadSmells/util/Python/scikit-learn/gradient_boosting/gradient_boosting
cc2fbeddf,/Users/neda/Desktop/workspace/BadSmells/util/Python/scikit-learn/gradient_boosting/gradient_boosting@cc2fbeddf@Tue Jan 28 23:37:43 2020 +0530.py,HistGradientBoostingRegressor,2,0,False,389,389,417,/Users/neda/Desktop/workspace/BadSmells/util/Python/scikit-learn/gradient_boosting/gradient_boosting
925a017c8,/Users/neda/Desktop/workspace/BadSmells/util/Python/scikit-learn/text/text@1c41368ba@Tue Jun 6 16:34:47 2017 +0200.py,VectorizerMixin,1,0,False,267,269,340,/Users/neda/Desktop/workspace/BadSmells/util/Python/scikit-learn/text/text
925a017c8,/Users/neda/Desktop/workspace/BadSmells/util/Python/scikit-learn/text/text@1c41368ba@Tue Jun 6 16:34:47 2017 +0200.py,HashingVectorizer,2,0,False,267,269,340,/Users/neda/Desktop/workspace/BadSmells/util/Python/scikit-learn/text/text
925a017c8,/Users/neda/Desktop/workspace/BadSmells/util/Python/scikit-learn/text/text@1c41368ba@Tue Jun 6 16:34:47 2017 +0200.py,CountVectorizer,2,1,False,267,269,340,/Users/neda/Desktop/workspace/BadSmells/util/Python/scikit-learn/text/text
925a017c8,/Users/neda/Desktop/workspace/BadSmells/util/Python/scikit-learn/text/text@1c41368ba@Tue Jun 6 16:34:47 2017 +0200.py,TfidfTransformer,2,0,False,267,269,340,/Users/neda/Desktop/workspace/BadSmells/util/Python/scikit-learn/text/text
925a017c8,/Users/neda/Desktop/workspace/BadSmells/util/Python/scikit-learn/text/text@1c41368ba@Tue Jun 6 16:34:47 2017 +0200.py,TfidfVectorizer,3,0,False,267,269,340,/Users/neda/Desktop/workspace/BadSmells/util/Python/scikit-learn/text/text
925a017c8,/Users/neda/Desktop/workspace/BadSmells/util/Python/scikit-learn/text/text@657922058@Wed Jun 7 08:06:06 2017 -0700.py,VectorizerMixin,1,0,False,268,269,340,/Users/neda/Desktop/workspace/BadSmells/util/Python/scikit-learn/text/text
925a017c8,/Users/neda/Desktop/workspace/BadSmells/util/Python/scikit-learn/text/text@657922058@Wed Jun 7 08:06:06 2017 -0700.py,HashingVectorizer,2,0,False,268,269,340,/Users/neda/Desktop/workspace/BadSmells/util/Python/scikit-learn/text/text
925a017c8,/Users/neda/Desktop/workspace/BadSmells/util/Python/scikit-learn/text/text@657922058@Wed Jun 7 08:06:06 2017 -0700.py,CountVectorizer,2,1,False,268,269,340,/Users/neda/Desktop/workspace/BadSmells/util/Python/scikit-learn/text/text
925a017c8,/Users/neda/Desktop/workspace/BadSmells/util/Python/scikit-learn/text/text@657922058@Wed Jun 7 08:06:06 2017 -0700.py,TfidfTransformer,2,0,False,268,269,340,/Users/neda/Desktop/workspace/BadSmells/util/Python/scikit-learn/text/text
925a017c8,/Users/neda/Desktop/workspace/BadSmells/util/Python/scikit-learn/text/text@657922058@Wed Jun 7 08:06:06 2017 -0700.py,TfidfVectorizer,3,0,False,268,269,340,/Users/neda/Desktop/workspace/BadSmells/util/Python/scikit-learn/text/text
925a017c8,/Users/neda/Desktop/workspace/BadSmells/util/Python/scikit-learn/text/text@925a017c8@Thu Jun 8 13:35:01 2017 +0200.py,VectorizerMixin,1,0,False,269,269,340,/Users/neda/Desktop/workspace/BadSmells/util/Python/scikit-learn/text/text
925a017c8,/Users/neda/Desktop/workspace/BadSmells/util/Python/scikit-learn/text/text@925a017c8@Thu Jun 8 13:35:01 2017 +0200.py,HashingVectorizer,2,0,False,269,269,340,/Users/neda/Desktop/workspace/BadSmells/util/Python/scikit-learn/text/text
925a017c8,/Users/neda/Desktop/workspace/BadSmells/util/Python/scikit-learn/text/text@925a017c8@Thu Jun 8 13:35:01 2017 +0200.py,CountVectorizer,2,1,False,269,269,340,/Users/neda/Desktop/workspace/BadSmells/util/Python/scikit-learn/text/text
925a017c8,/Users/neda/Desktop/workspace/BadSmells/util/Python/scikit-learn/text/text@925a017c8@Thu Jun 8 13:35:01 2017 +0200.py,TfidfTransformer,2,0,False,269,269,340,/Users/neda/Desktop/workspace/BadSmells/util/Python/scikit-learn/text/text
925a017c8,/Users/neda/Desktop/workspace/BadSmells/util/Python/scikit-learn/text/text@925a017c8@Thu Jun 8 13:35:01 2017 +0200.py,TfidfVectorizer,3,0,False,269,269,340,/Users/neda/Desktop/workspace/BadSmells/util/Python/scikit-learn/text/text
7b7960ef8,/Users/neda/Desktop/workspace/BadSmells/util/Python/scikit-learn/_split/_split@0cdd91d8e@Mon Jul 10 18:22:00 2017 +1000.py,BaseCrossValidator,3,6,True,45,47,119,/Users/neda/Desktop/workspace/BadSmells/util/Python/scikit-learn/_split/_split
7b7960ef8,/Users/neda/Desktop/workspace/BadSmells/util/Python/scikit-learn/_split/_split@0cdd91d8e@Mon Jul 10 18:22:00 2017 +1000.py,LeaveOneOut,4,0,True,45,47,119,/Users/neda/Desktop/workspace/BadSmells/util/Python/scikit-learn/_split/_split
7b7960ef8,/Users/neda/Desktop/workspace/BadSmells/util/Python/scikit-learn/_split/_split@0cdd91d8e@Mon Jul 10 18:22:00 2017 +1000.py,LeavePOut,4,0,True,45,47,119,/Users/neda/Desktop/workspace/BadSmells/util/Python/scikit-learn/_split/_split
7b7960ef8,/Users/neda/Desktop/workspace/BadSmells/util/Python/scikit-learn/_split/_split@0cdd91d8e@Mon Jul 10 18:22:00 2017 +1000.py,_BaseKFold,3,5,True,45,47,119,/Users/neda/Desktop/workspace/BadSmells/util/Python/scikit-learn/_split/_split
7b7960ef8,/Users/neda/Desktop/workspace/BadSmells/util/Python/scikit-learn/_split/_split@0cdd91d8e@Mon Jul 10 18:22:00 2017 +1000.py,KFold,4,0,True,45,47,119,/Users/neda/Desktop/workspace/BadSmells/util/Python/scikit-learn/_split/_split
7b7960ef8,/Users/neda/Desktop/workspace/BadSmells/util/Python/scikit-learn/_split/_split@0cdd91d8e@Mon Jul 10 18:22:00 2017 +1000.py,GroupKFold,4,0,True,45,47,119,/Users/neda/Desktop/workspace/BadSmells/util/Python/scikit-learn/_split/_split
7b7960ef8,/Users/neda/Desktop/workspace/BadSmells/util/Python/scikit-learn/_split/_split@0cdd91d8e@Mon Jul 10 18:22:00 2017 +1000.py,StratifiedKFold,4,0,True,45,47,119,/Users/neda/Desktop/workspace/BadSmells/util/Python/scikit-learn/_split/_split
7b7960ef8,/Users/neda/Desktop/workspace/BadSmells/util/Python/scikit-learn/_split/_split@0cdd91d8e@Mon Jul 10 18:22:00 2017 +1000.py,TimeSeriesSplit,4,0,True,45,47,119,/Users/neda/Desktop/workspace/BadSmells/util/Python/scikit-learn/_split/_split
7b7960ef8,/Users/neda/Desktop/workspace/BadSmells/util/Python/scikit-learn/_split/_split@0cdd91d8e@Mon Jul 10 18:22:00 2017 +1000.py,LeaveOneGroupOut,4,0,True,45,47,119,/Users/neda/Desktop/workspace/BadSmells/util/Python/scikit-learn/_split/_split
7b7960ef8,/Users/neda/Desktop/workspace/BadSmells/util/Python/scikit-learn/_split/_split@0cdd91d8e@Mon Jul 10 18:22:00 2017 +1000.py,LeavePGroupsOut,4,0,True,45,47,119,/Users/neda/Desktop/workspace/BadSmells/util/Python/scikit-learn/_split/_split
7b7960ef8,/Users/neda/Desktop/workspace/BadSmells/util/Python/scikit-learn/_split/_split@0cdd91d8e@Mon Jul 10 18:22:00 2017 +1000.py,_RepeatedSplits,3,2,False,45,47,119,/Users/neda/Desktop/workspace/BadSmells/util/Python/scikit-learn/_split/_split
7b7960ef8,/Users/neda/Desktop/workspace/BadSmells/util/Python/scikit-learn/_split/_split@0cdd91d8e@Mon Jul 10 18:22:00 2017 +1000.py,RepeatedKFold,4,0,True,45,47,119,/Users/neda/Desktop/workspace/BadSmells/util/Python/scikit-learn/_split/_split
7b7960ef8,/Users/neda/Desktop/workspace/BadSmells/util/Python/scikit-learn/_split/_split@0cdd91d8e@Mon Jul 10 18:22:00 2017 +1000.py,RepeatedStratifiedKFold,4,0,True,45,47,119,/Users/neda/Desktop/workspace/BadSmells/util/Python/scikit-learn/_split/_split
7b7960ef8,/Users/neda/Desktop/workspace/BadSmells/util/Python/scikit-learn/_split/_split@0cdd91d8e@Mon Jul 10 18:22:00 2017 +1000.py,BaseShuffleSplit,3,2,False,45,47,119,/Users/neda/Desktop/workspace/BadSmells/util/Python/scikit-learn/_split/_split
7b7960ef8,/Users/neda/Desktop/workspace/BadSmells/util/Python/scikit-learn/_split/_split@0cdd91d8e@Mon Jul 10 18:22:00 2017 +1000.py,ShuffleSplit,4,2,True,45,47,119,/Users/neda/Desktop/workspace/BadSmells/util/Python/scikit-learn/_split/_split
7b7960ef8,/Users/neda/Desktop/workspace/BadSmells/util/Python/scikit-learn/_split/_split@0cdd91d8e@Mon Jul 10 18:22:00 2017 +1000.py,GroupShuffleSplit,5,0,True,45,47,119,/Users/neda/Desktop/workspace/BadSmells/util/Python/scikit-learn/_split/_split
7b7960ef8,/Users/neda/Desktop/workspace/BadSmells/util/Python/scikit-learn/_split/_split@0cdd91d8e@Mon Jul 10 18:22:00 2017 +1000.py,StratifiedShuffleSplit,4,0,True,45,47,119,/Users/neda/Desktop/workspace/BadSmells/util/Python/scikit-learn/_split/_split
7b7960ef8,/Users/neda/Desktop/workspace/BadSmells/util/Python/scikit-learn/_split/_split@0cdd91d8e@Mon Jul 10 18:22:00 2017 +1000.py,PredefinedSplit,4,0,True,45,47,119,/Users/neda/Desktop/workspace/BadSmells/util/Python/scikit-learn/_split/_split
7b7960ef8,/Users/neda/Desktop/workspace/BadSmells/util/Python/scikit-learn/_split/_split@0cdd91d8e@Mon Jul 10 18:22:00 2017 +1000.py,_CVIterableWrapper,4,0,True,45,47,119,/Users/neda/Desktop/workspace/BadSmells/util/Python/scikit-learn/_split/_split
7b7960ef8,/Users/neda/Desktop/workspace/BadSmells/util/Python/scikit-learn/_split/_split@75d6005fe@Sun Jul 16 17:58:59 2017 -0500.py,BaseCrossValidator,3,6,True,46,47,119,/Users/neda/Desktop/workspace/BadSmells/util/Python/scikit-learn/_split/_split
7b7960ef8,/Users/neda/Desktop/workspace/BadSmells/util/Python/scikit-learn/_split/_split@75d6005fe@Sun Jul 16 17:58:59 2017 -0500.py,LeaveOneOut,4,0,True,46,47,119,/Users/neda/Desktop/workspace/BadSmells/util/Python/scikit-learn/_split/_split
7b7960ef8,/Users/neda/Desktop/workspace/BadSmells/util/Python/scikit-learn/_split/_split@75d6005fe@Sun Jul 16 17:58:59 2017 -0500.py,LeavePOut,4,0,True,46,47,119,/Users/neda/Desktop/workspace/BadSmells/util/Python/scikit-learn/_split/_split
7b7960ef8,/Users/neda/Desktop/workspace/BadSmells/util/Python/scikit-learn/_split/_split@75d6005fe@Sun Jul 16 17:58:59 2017 -0500.py,_BaseKFold,3,5,True,46,47,119,/Users/neda/Desktop/workspace/BadSmells/util/Python/scikit-learn/_split/_split
7b7960ef8,/Users/neda/Desktop/workspace/BadSmells/util/Python/scikit-learn/_split/_split@75d6005fe@Sun Jul 16 17:58:59 2017 -0500.py,KFold,4,0,True,46,47,119,/Users/neda/Desktop/workspace/BadSmells/util/Python/scikit-learn/_split/_split
7b7960ef8,/Users/neda/Desktop/workspace/BadSmells/util/Python/scikit-learn/_split/_split@75d6005fe@Sun Jul 16 17:58:59 2017 -0500.py,GroupKFold,4,0,True,46,47,119,/Users/neda/Desktop/workspace/BadSmells/util/Python/scikit-learn/_split/_split
7b7960ef8,/Users/neda/Desktop/workspace/BadSmells/util/Python/scikit-learn/_split/_split@75d6005fe@Sun Jul 16 17:58:59 2017 -0500.py,StratifiedKFold,4,0,True,46,47,119,/Users/neda/Desktop/workspace/BadSmells/util/Python/scikit-learn/_split/_split
7b7960ef8,/Users/neda/Desktop/workspace/BadSmells/util/Python/scikit-learn/_split/_split@75d6005fe@Sun Jul 16 17:58:59 2017 -0500.py,TimeSeriesSplit,4,0,True,46,47,119,/Users/neda/Desktop/workspace/BadSmells/util/Python/scikit-learn/_split/_split
7b7960ef8,/Users/neda/Desktop/workspace/BadSmells/util/Python/scikit-learn/_split/_split@75d6005fe@Sun Jul 16 17:58:59 2017 -0500.py,LeaveOneGroupOut,4,0,True,46,47,119,/Users/neda/Desktop/workspace/BadSmells/util/Python/scikit-learn/_split/_split
7b7960ef8,/Users/neda/Desktop/workspace/BadSmells/util/Python/scikit-learn/_split/_split@75d6005fe@Sun Jul 16 17:58:59 2017 -0500.py,LeavePGroupsOut,4,0,True,46,47,119,/Users/neda/Desktop/workspace/BadSmells/util/Python/scikit-learn/_split/_split
7b7960ef8,/Users/neda/Desktop/workspace/BadSmells/util/Python/scikit-learn/_split/_split@75d6005fe@Sun Jul 16 17:58:59 2017 -0500.py,_RepeatedSplits,3,2,False,46,47,119,/Users/neda/Desktop/workspace/BadSmells/util/Python/scikit-learn/_split/_split
7b7960ef8,/Users/neda/Desktop/workspace/BadSmells/util/Python/scikit-learn/_split/_split@75d6005fe@Sun Jul 16 17:58:59 2017 -0500.py,RepeatedKFold,4,0,True,46,47,119,/Users/neda/Desktop/workspace/BadSmells/util/Python/scikit-learn/_split/_split
7b7960ef8,/Users/neda/Desktop/workspace/BadSmells/util/Python/scikit-learn/_split/_split@75d6005fe@Sun Jul 16 17:58:59 2017 -0500.py,RepeatedStratifiedKFold,4,0,True,46,47,119,/Users/neda/Desktop/workspace/BadSmells/util/Python/scikit-learn/_split/_split
7b7960ef8,/Users/neda/Desktop/workspace/BadSmells/util/Python/scikit-learn/_split/_split@75d6005fe@Sun Jul 16 17:58:59 2017 -0500.py,BaseShuffleSplit,3,2,False,46,47,119,/Users/neda/Desktop/workspace/BadSmells/util/Python/scikit-learn/_split/_split
7b7960ef8,/Users/neda/Desktop/workspace/BadSmells/util/Python/scikit-learn/_split/_split@75d6005fe@Sun Jul 16 17:58:59 2017 -0500.py,ShuffleSplit,4,2,True,46,47,119,/Users/neda/Desktop/workspace/BadSmells/util/Python/scikit-learn/_split/_split
7b7960ef8,/Users/neda/Desktop/workspace/BadSmells/util/Python/scikit-learn/_split/_split@75d6005fe@Sun Jul 16 17:58:59 2017 -0500.py,GroupShuffleSplit,5,0,True,46,47,119,/Users/neda/Desktop/workspace/BadSmells/util/Python/scikit-learn/_split/_split
7b7960ef8,/Users/neda/Desktop/workspace/BadSmells/util/Python/scikit-learn/_split/_split@75d6005fe@Sun Jul 16 17:58:59 2017 -0500.py,StratifiedShuffleSplit,4,0,True,46,47,119,/Users/neda/Desktop/workspace/BadSmells/util/Python/scikit-learn/_split/_split
7b7960ef8,/Users/neda/Desktop/workspace/BadSmells/util/Python/scikit-learn/_split/_split@75d6005fe@Sun Jul 16 17:58:59 2017 -0500.py,PredefinedSplit,4,0,True,46,47,119,/Users/neda/Desktop/workspace/BadSmells/util/Python/scikit-learn/_split/_split
7b7960ef8,/Users/neda/Desktop/workspace/BadSmells/util/Python/scikit-learn/_split/_split@75d6005fe@Sun Jul 16 17:58:59 2017 -0500.py,_CVIterableWrapper,4,0,True,46,47,119,/Users/neda/Desktop/workspace/BadSmells/util/Python/scikit-learn/_split/_split
7b7960ef8,/Users/neda/Desktop/workspace/BadSmells/util/Python/scikit-learn/_split/_split@7b7960ef8@Tue Jul 18 18:25:27 2017 -0500.py,BaseCrossValidator,3,6,True,47,47,119,/Users/neda/Desktop/workspace/BadSmells/util/Python/scikit-learn/_split/_split
7b7960ef8,/Users/neda/Desktop/workspace/BadSmells/util/Python/scikit-learn/_split/_split@7b7960ef8@Tue Jul 18 18:25:27 2017 -0500.py,LeaveOneOut,4,0,True,47,47,119,/Users/neda/Desktop/workspace/BadSmells/util/Python/scikit-learn/_split/_split
7b7960ef8,/Users/neda/Desktop/workspace/BadSmells/util/Python/scikit-learn/_split/_split@7b7960ef8@Tue Jul 18 18:25:27 2017 -0500.py,LeavePOut,4,0,True,47,47,119,/Users/neda/Desktop/workspace/BadSmells/util/Python/scikit-learn/_split/_split
7b7960ef8,/Users/neda/Desktop/workspace/BadSmells/util/Python/scikit-learn/_split/_split@7b7960ef8@Tue Jul 18 18:25:27 2017 -0500.py,_BaseKFold,3,5,True,47,47,119,/Users/neda/Desktop/workspace/BadSmells/util/Python/scikit-learn/_split/_split
7b7960ef8,/Users/neda/Desktop/workspace/BadSmells/util/Python/scikit-learn/_split/_split@7b7960ef8@Tue Jul 18 18:25:27 2017 -0500.py,KFold,4,0,True,47,47,119,/Users/neda/Desktop/workspace/BadSmells/util/Python/scikit-learn/_split/_split
7b7960ef8,/Users/neda/Desktop/workspace/BadSmells/util/Python/scikit-learn/_split/_split@7b7960ef8@Tue Jul 18 18:25:27 2017 -0500.py,GroupKFold,4,0,True,47,47,119,/Users/neda/Desktop/workspace/BadSmells/util/Python/scikit-learn/_split/_split
7b7960ef8,/Users/neda/Desktop/workspace/BadSmells/util/Python/scikit-learn/_split/_split@7b7960ef8@Tue Jul 18 18:25:27 2017 -0500.py,StratifiedKFold,4,0,True,47,47,119,/Users/neda/Desktop/workspace/BadSmells/util/Python/scikit-learn/_split/_split
7b7960ef8,/Users/neda/Desktop/workspace/BadSmells/util/Python/scikit-learn/_split/_split@7b7960ef8@Tue Jul 18 18:25:27 2017 -0500.py,TimeSeriesSplit,4,0,True,47,47,119,/Users/neda/Desktop/workspace/BadSmells/util/Python/scikit-learn/_split/_split
7b7960ef8,/Users/neda/Desktop/workspace/BadSmells/util/Python/scikit-learn/_split/_split@7b7960ef8@Tue Jul 18 18:25:27 2017 -0500.py,LeaveOneGroupOut,4,0,True,47,47,119,/Users/neda/Desktop/workspace/BadSmells/util/Python/scikit-learn/_split/_split
7b7960ef8,/Users/neda/Desktop/workspace/BadSmells/util/Python/scikit-learn/_split/_split@7b7960ef8@Tue Jul 18 18:25:27 2017 -0500.py,LeavePGroupsOut,4,0,True,47,47,119,/Users/neda/Desktop/workspace/BadSmells/util/Python/scikit-learn/_split/_split
7b7960ef8,/Users/neda/Desktop/workspace/BadSmells/util/Python/scikit-learn/_split/_split@7b7960ef8@Tue Jul 18 18:25:27 2017 -0500.py,_RepeatedSplits,3,2,False,47,47,119,/Users/neda/Desktop/workspace/BadSmells/util/Python/scikit-learn/_split/_split
7b7960ef8,/Users/neda/Desktop/workspace/BadSmells/util/Python/scikit-learn/_split/_split@7b7960ef8@Tue Jul 18 18:25:27 2017 -0500.py,RepeatedKFold,4,0,True,47,47,119,/Users/neda/Desktop/workspace/BadSmells/util/Python/scikit-learn/_split/_split
7b7960ef8,/Users/neda/Desktop/workspace/BadSmells/util/Python/scikit-learn/_split/_split@7b7960ef8@Tue Jul 18 18:25:27 2017 -0500.py,RepeatedStratifiedKFold,4,0,True,47,47,119,/Users/neda/Desktop/workspace/BadSmells/util/Python/scikit-learn/_split/_split
7b7960ef8,/Users/neda/Desktop/workspace/BadSmells/util/Python/scikit-learn/_split/_split@7b7960ef8@Tue Jul 18 18:25:27 2017 -0500.py,BaseShuffleSplit,3,2,False,47,47,119,/Users/neda/Desktop/workspace/BadSmells/util/Python/scikit-learn/_split/_split
7b7960ef8,/Users/neda/Desktop/workspace/BadSmells/util/Python/scikit-learn/_split/_split@7b7960ef8@Tue Jul 18 18:25:27 2017 -0500.py,ShuffleSplit,4,2,True,47,47,119,/Users/neda/Desktop/workspace/BadSmells/util/Python/scikit-learn/_split/_split
7b7960ef8,/Users/neda/Desktop/workspace/BadSmells/util/Python/scikit-learn/_split/_split@7b7960ef8@Tue Jul 18 18:25:27 2017 -0500.py,GroupShuffleSplit,5,0,True,47,47,119,/Users/neda/Desktop/workspace/BadSmells/util/Python/scikit-learn/_split/_split
7b7960ef8,/Users/neda/Desktop/workspace/BadSmells/util/Python/scikit-learn/_split/_split@7b7960ef8@Tue Jul 18 18:25:27 2017 -0500.py,StratifiedShuffleSplit,4,0,True,47,47,119,/Users/neda/Desktop/workspace/BadSmells/util/Python/scikit-learn/_split/_split
7b7960ef8,/Users/neda/Desktop/workspace/BadSmells/util/Python/scikit-learn/_split/_split@7b7960ef8@Tue Jul 18 18:25:27 2017 -0500.py,PredefinedSplit,4,0,True,47,47,119,/Users/neda/Desktop/workspace/BadSmells/util/Python/scikit-learn/_split/_split
7b7960ef8,/Users/neda/Desktop/workspace/BadSmells/util/Python/scikit-learn/_split/_split@7b7960ef8@Tue Jul 18 18:25:27 2017 -0500.py,_CVIterableWrapper,4,0,True,47,47,119,/Users/neda/Desktop/workspace/BadSmells/util/Python/scikit-learn/_split/_split
ac7081c51,/Users/neda/Desktop/workspace/BadSmells/util/Python/scikit-learn/roc_curve/roc_curve@d847557e1@Wed Nov 6 22:59:54 2019 -0500.py,RocCurveDisplay,1,0,False,5,7,18,/Users/neda/Desktop/workspace/BadSmells/util/Python/scikit-learn/roc_curve/roc_curve
ac7081c51,/Users/neda/Desktop/workspace/BadSmells/util/Python/scikit-learn/roc_curve/roc_curve@968252dfb@Sun Nov 10 18:54:35 2019 -0800.py,RocCurveDisplay,1,0,False,6,7,18,/Users/neda/Desktop/workspace/BadSmells/util/Python/scikit-learn/roc_curve/roc_curve
ac7081c51,/Users/neda/Desktop/workspace/BadSmells/util/Python/scikit-learn/roc_curve/roc_curve@ac7081c51@Tue Nov 12 11:46:38 2019 -0600.py,RocCurveDisplay,1,0,False,7,7,18,/Users/neda/Desktop/workspace/BadSmells/util/Python/scikit-learn/roc_curve/roc_curve
94dc28092,/Users/neda/Desktop/workspace/BadSmells/util/Python/scikit-learn/memory/memory@b9d0a7602@Sun Dec 18 00:12:22 2011 +0100.py,JobLibCollisionWarning,2,0,False,8,10,34,/Users/neda/Desktop/workspace/BadSmells/util/Python/scikit-learn/memory/memory
94dc28092,/Users/neda/Desktop/workspace/BadSmells/util/Python/scikit-learn/memory/memory@b9d0a7602@Sun Dec 18 00:12:22 2011 +0100.py,MemorizedFunc,2,0,False,8,10,34,/Users/neda/Desktop/workspace/BadSmells/util/Python/scikit-learn/memory/memory
94dc28092,/Users/neda/Desktop/workspace/BadSmells/util/Python/scikit-learn/memory/memory@b9d0a7602@Sun Dec 18 00:12:22 2011 +0100.py,Memory,2,0,False,8,10,34,/Users/neda/Desktop/workspace/BadSmells/util/Python/scikit-learn/memory/memory
94dc28092,/Users/neda/Desktop/workspace/BadSmells/util/Python/scikit-learn/memory/memory@7719b37eb@Wed Dec 28 11:28:09 2011 +0100.py,JobLibCollisionWarning,2,0,False,9,10,34,/Users/neda/Desktop/workspace/BadSmells/util/Python/scikit-learn/memory/memory
94dc28092,/Users/neda/Desktop/workspace/BadSmells/util/Python/scikit-learn/memory/memory@7719b37eb@Wed Dec 28 11:28:09 2011 +0100.py,MemorizedFunc,2,0,False,9,10,34,/Users/neda/Desktop/workspace/BadSmells/util/Python/scikit-learn/memory/memory
94dc28092,/Users/neda/Desktop/workspace/BadSmells/util/Python/scikit-learn/memory/memory@7719b37eb@Wed Dec 28 11:28:09 2011 +0100.py,Memory,2,0,False,9,10,34,/Users/neda/Desktop/workspace/BadSmells/util/Python/scikit-learn/memory/memory
94dc28092,/Users/neda/Desktop/workspace/BadSmells/util/Python/scikit-learn/memory/memory@94dc28092@Tue Feb 7 17:10:50 2012 +0100.py,JobLibCollisionWarning,2,0,False,10,10,34,/Users/neda/Desktop/workspace/BadSmells/util/Python/scikit-learn/memory/memory
94dc28092,/Users/neda/Desktop/workspace/BadSmells/util/Python/scikit-learn/memory/memory@94dc28092@Tue Feb 7 17:10:50 2012 +0100.py,MemorizedFunc,2,0,False,10,10,34,/Users/neda/Desktop/workspace/BadSmells/util/Python/scikit-learn/memory/memory
94dc28092,/Users/neda/Desktop/workspace/BadSmells/util/Python/scikit-learn/memory/memory@94dc28092@Tue Feb 7 17:10:50 2012 +0100.py,Memory,2,0,False,10,10,34,/Users/neda/Desktop/workspace/BadSmells/util/Python/scikit-learn/memory/memory
32d1236f4,/Users/neda/Desktop/workspace/BadSmells/util/Python/scikit-learn/weight_boosting/weight_boosting@0485ada58@Mon Dec 7 10:13:40 2015 -0800.py,BaseWeightBoosting,3,2,False,144,146,174,/Users/neda/Desktop/workspace/BadSmells/util/Python/scikit-learn/weight_boosting/weight_boosting
32d1236f4,/Users/neda/Desktop/workspace/BadSmells/util/Python/scikit-learn/weight_boosting/weight_boosting@0485ada58@Mon Dec 7 10:13:40 2015 -0800.py,AdaBoostClassifier,4,0,True,144,146,174,/Users/neda/Desktop/workspace/BadSmells/util/Python/scikit-learn/weight_boosting/weight_boosting
32d1236f4,/Users/neda/Desktop/workspace/BadSmells/util/Python/scikit-learn/weight_boosting/weight_boosting@0485ada58@Mon Dec 7 10:13:40 2015 -0800.py,AdaBoostRegressor,4,0,True,144,146,174,/Users/neda/Desktop/workspace/BadSmells/util/Python/scikit-learn/weight_boosting/weight_boosting
32d1236f4,/Users/neda/Desktop/workspace/BadSmells/util/Python/scikit-learn/weight_boosting/weight_boosting@d2aaf0f4b@Thu Mar 31 17:25:31 2016 -0700.py,BaseWeightBoosting,3,2,False,145,146,174,/Users/neda/Desktop/workspace/BadSmells/util/Python/scikit-learn/weight_boosting/weight_boosting
32d1236f4,/Users/neda/Desktop/workspace/BadSmells/util/Python/scikit-learn/weight_boosting/weight_boosting@d2aaf0f4b@Thu Mar 31 17:25:31 2016 -0700.py,AdaBoostClassifier,4,0,True,145,146,174,/Users/neda/Desktop/workspace/BadSmells/util/Python/scikit-learn/weight_boosting/weight_boosting
32d1236f4,/Users/neda/Desktop/workspace/BadSmells/util/Python/scikit-learn/weight_boosting/weight_boosting@d2aaf0f4b@Thu Mar 31 17:25:31 2016 -0700.py,AdaBoostRegressor,4,0,True,145,146,174,/Users/neda/Desktop/workspace/BadSmells/util/Python/scikit-learn/weight_boosting/weight_boosting
32d1236f4,/Users/neda/Desktop/workspace/BadSmells/util/Python/scikit-learn/weight_boosting/weight_boosting@32d1236f4@Fri Sep 23 17:00:32 2016 +1000.py,BaseWeightBoosting,3,2,False,146,146,174,/Users/neda/Desktop/workspace/BadSmells/util/Python/scikit-learn/weight_boosting/weight_boosting
32d1236f4,/Users/neda/Desktop/workspace/BadSmells/util/Python/scikit-learn/weight_boosting/weight_boosting@32d1236f4@Fri Sep 23 17:00:32 2016 +1000.py,AdaBoostClassifier,4,0,True,146,146,174,/Users/neda/Desktop/workspace/BadSmells/util/Python/scikit-learn/weight_boosting/weight_boosting
32d1236f4,/Users/neda/Desktop/workspace/BadSmells/util/Python/scikit-learn/weight_boosting/weight_boosting@32d1236f4@Fri Sep 23 17:00:32 2016 +1000.py,AdaBoostRegressor,4,0,True,146,146,174,/Users/neda/Desktop/workspace/BadSmells/util/Python/scikit-learn/weight_boosting/weight_boosting
9d1c72321,/Users/neda/Desktop/workspace/BadSmells/util/Python/scikit-learn/k_means_/k_means_@4ccfe0634@Mon Jul 14 20:55:27 2014 +0200.py,KMeans,2,1,False,275,277,377,/Users/neda/Desktop/workspace/BadSmells/util/Python/scikit-learn/k_means_/k_means_
9d1c72321,/Users/neda/Desktop/workspace/BadSmells/util/Python/scikit-learn/k_means_/k_means_@4ccfe0634@Mon Jul 14 20:55:27 2014 +0200.py,MiniBatchKMeans,3,0,False,275,277,377,/Users/neda/Desktop/workspace/BadSmells/util/Python/scikit-learn/k_means_/k_means_
9d1c72321,/Users/neda/Desktop/workspace/BadSmells/util/Python/scikit-learn/k_means_/k_means_@45aa83313@Mon Jul 14 21:14:26 2014 +0200.py,KMeans,2,1,False,276,277,377,/Users/neda/Desktop/workspace/BadSmells/util/Python/scikit-learn/k_means_/k_means_
9d1c72321,/Users/neda/Desktop/workspace/BadSmells/util/Python/scikit-learn/k_means_/k_means_@45aa83313@Mon Jul 14 21:14:26 2014 +0200.py,MiniBatchKMeans,3,0,False,276,277,377,/Users/neda/Desktop/workspace/BadSmells/util/Python/scikit-learn/k_means_/k_means_
9d1c72321,/Users/neda/Desktop/workspace/BadSmells/util/Python/scikit-learn/k_means_/k_means_@9d1c72321@Mon Jul 14 22:31:19 2014 +0200.py,KMeans,2,1,False,277,277,377,/Users/neda/Desktop/workspace/BadSmells/util/Python/scikit-learn/k_means_/k_means_
9d1c72321,/Users/neda/Desktop/workspace/BadSmells/util/Python/scikit-learn/k_means_/k_means_@9d1c72321@Mon Jul 14 22:31:19 2014 +0200.py,MiniBatchKMeans,3,0,False,277,277,377,/Users/neda/Desktop/workspace/BadSmells/util/Python/scikit-learn/k_means_/k_means_
ac7081c51,/Users/neda/Desktop/workspace/BadSmells/util/Python/scikit-learn/precision_recall_curve/precision_recall_curve@ac7081c51@Tue Nov 12 11:46:38 2019 -0600.py,PrecisionRecallDisplay,1,0,False,0,0,15,/Users/neda/Desktop/workspace/BadSmells/util/Python/scikit-learn/precision_recall_curve/precision_recall_curve
b580ad5df,/Users/neda/Desktop/workspace/BadSmells/util/Python/scikit-learn/grower/grower@54e6c720d@Tue May 28 18:52:09 2019 -0400.py,TreeNode,1,0,False,2,4,12,/Users/neda/Desktop/workspace/BadSmells/util/Python/scikit-learn/grower/grower
b580ad5df,/Users/neda/Desktop/workspace/BadSmells/util/Python/scikit-learn/grower/grower@54e6c720d@Tue May 28 18:52:09 2019 -0400.py,TreeGrower,1,0,False,2,4,12,/Users/neda/Desktop/workspace/BadSmells/util/Python/scikit-learn/grower/grower
b580ad5df,/Users/neda/Desktop/workspace/BadSmells/util/Python/scikit-learn/grower/grower@6675c9e34@Tue Jun 4 11:25:26 2019 -0400.py,TreeNode,1,0,False,3,4,12,/Users/neda/Desktop/workspace/BadSmells/util/Python/scikit-learn/grower/grower
b580ad5df,/Users/neda/Desktop/workspace/BadSmells/util/Python/scikit-learn/grower/grower@6675c9e34@Tue Jun 4 11:25:26 2019 -0400.py,TreeGrower,1,0,False,3,4,12,/Users/neda/Desktop/workspace/BadSmells/util/Python/scikit-learn/grower/grower
b580ad5df,/Users/neda/Desktop/workspace/BadSmells/util/Python/scikit-learn/grower/grower@b580ad5df@Thu Jun 13 16:36:42 2019 -0400.py,TreeNode,1,0,False,4,4,12,/Users/neda/Desktop/workspace/BadSmells/util/Python/scikit-learn/grower/grower
b580ad5df,/Users/neda/Desktop/workspace/BadSmells/util/Python/scikit-learn/grower/grower@b580ad5df@Thu Jun 13 16:36:42 2019 -0400.py,TreeGrower,1,0,False,4,4,12,/Users/neda/Desktop/workspace/BadSmells/util/Python/scikit-learn/grower/grower
4ab99c75b,/Users/neda/Desktop/workspace/BadSmells/util/Python/scikit-learn/fixes/fixes@e5bf61eee@Wed Nov 23 23:11:04 2016 +0100.py,MaskedArray,3,0,False,93,95,130,/Users/neda/Desktop/workspace/BadSmells/util/Python/scikit-learn/fixes/fixes
4ab99c75b,/Users/neda/Desktop/workspace/BadSmells/util/Python/scikit-learn/fixes/fixes@1f278e1c2@Mon Dec 5 17:22:26 2016 +0800.py,MaskedArray,3,0,False,94,95,130,/Users/neda/Desktop/workspace/BadSmells/util/Python/scikit-learn/fixes/fixes
4ab99c75b,/Users/neda/Desktop/workspace/BadSmells/util/Python/scikit-learn/fixes/fixes@4ab99c75b@Tue Mar 14 11:50:23 2017 -0400.py,MaskedArray,3,0,False,95,95,130,/Users/neda/Desktop/workspace/BadSmells/util/Python/scikit-learn/fixes/fixes
b6015fb9f,/Users/neda/Desktop/workspace/BadSmells/util/Python/scikit-learn/online_em/online_em@8ccb80733@Tue Jan 5 15:21:10 2010 +0000.py,OnGmmError,2,0,False,0,2,10,/Users/neda/Desktop/workspace/BadSmells/util/Python/scikit-learn/online_em/online_em
b6015fb9f,/Users/neda/Desktop/workspace/BadSmells/util/Python/scikit-learn/online_em/online_em@8ccb80733@Tue Jan 5 15:21:10 2010 +0000.py,OnGmmParamError,1,0,False,0,2,10,/Users/neda/Desktop/workspace/BadSmells/util/Python/scikit-learn/online_em/online_em
b6015fb9f,/Users/neda/Desktop/workspace/BadSmells/util/Python/scikit-learn/online_em/online_em@8ccb80733@Tue Jan 5 15:21:10 2010 +0000.py,OnGMM,3,0,False,0,2,10,/Users/neda/Desktop/workspace/BadSmells/util/Python/scikit-learn/online_em/online_em
b6015fb9f,/Users/neda/Desktop/workspace/BadSmells/util/Python/scikit-learn/online_em/online_em@fb4ef887b@Tue Jan 5 15:24:49 2010 +0000.py,OnGmmError,2,0,False,1,2,10,/Users/neda/Desktop/workspace/BadSmells/util/Python/scikit-learn/online_em/online_em
b6015fb9f,/Users/neda/Desktop/workspace/BadSmells/util/Python/scikit-learn/online_em/online_em@fb4ef887b@Tue Jan 5 15:24:49 2010 +0000.py,OnGmmParamError,1,0,False,1,2,10,/Users/neda/Desktop/workspace/BadSmells/util/Python/scikit-learn/online_em/online_em
b6015fb9f,/Users/neda/Desktop/workspace/BadSmells/util/Python/scikit-learn/online_em/online_em@fb4ef887b@Tue Jan 5 15:24:49 2010 +0000.py,OnGMM,3,0,False,1,2,10,/Users/neda/Desktop/workspace/BadSmells/util/Python/scikit-learn/online_em/online_em
b6015fb9f,/Users/neda/Desktop/workspace/BadSmells/util/Python/scikit-learn/online_em/online_em@b6015fb9f@Tue Jan 5 15:25:43 2010 +0000.py,OnGmmError,2,0,False,2,2,10,/Users/neda/Desktop/workspace/BadSmells/util/Python/scikit-learn/online_em/online_em
b6015fb9f,/Users/neda/Desktop/workspace/BadSmells/util/Python/scikit-learn/online_em/online_em@b6015fb9f@Tue Jan 5 15:25:43 2010 +0000.py,OnGmmParamError,1,0,False,2,2,10,/Users/neda/Desktop/workspace/BadSmells/util/Python/scikit-learn/online_em/online_em
b6015fb9f,/Users/neda/Desktop/workspace/BadSmells/util/Python/scikit-learn/online_em/online_em@b6015fb9f@Tue Jan 5 15:25:43 2010 +0000.py,OnGMM,3,0,False,2,2,10,/Users/neda/Desktop/workspace/BadSmells/util/Python/scikit-learn/online_em/online_em
fead69a4a,/Users/neda/Desktop/workspace/BadSmells/util/Python/scikit-learn/coordinate_descent/coordinate_descent@d89c21501@Thu Mar 19 16:26:36 2015 -0400.py,ElasticNet,4,1,True,303,305,398,/Users/neda/Desktop/workspace/BadSmells/util/Python/scikit-learn/coordinate_descent/coordinate_descent
fead69a4a,/Users/neda/Desktop/workspace/BadSmells/util/Python/scikit-learn/coordinate_descent/coordinate_descent@d89c21501@Thu Mar 19 16:26:36 2015 -0400.py,Lasso,5,1,True,303,305,398,/Users/neda/Desktop/workspace/BadSmells/util/Python/scikit-learn/coordinate_descent/coordinate_descent
fead69a4a,/Users/neda/Desktop/workspace/BadSmells/util/Python/scikit-learn/coordinate_descent/coordinate_descent@d89c21501@Thu Mar 19 16:26:36 2015 -0400.py,LinearModelCV,3,4,False,303,305,398,/Users/neda/Desktop/workspace/BadSmells/util/Python/scikit-learn/coordinate_descent/coordinate_descent
fead69a4a,/Users/neda/Desktop/workspace/BadSmells/util/Python/scikit-learn/coordinate_descent/coordinate_descent@d89c21501@Thu Mar 19 16:26:36 2015 -0400.py,LassoCV,4,0,True,303,305,398,/Users/neda/Desktop/workspace/BadSmells/util/Python/scikit-learn/coordinate_descent/coordinate_descent
fead69a4a,/Users/neda/Desktop/workspace/BadSmells/util/Python/scikit-learn/coordinate_descent/coordinate_descent@d89c21501@Thu Mar 19 16:26:36 2015 -0400.py,ElasticNetCV,4,0,True,303,305,398,/Users/neda/Desktop/workspace/BadSmells/util/Python/scikit-learn/coordinate_descent/coordinate_descent
fead69a4a,/Users/neda/Desktop/workspace/BadSmells/util/Python/scikit-learn/coordinate_descent/coordinate_descent@d89c21501@Thu Mar 19 16:26:36 2015 -0400.py,MultiTaskElasticNet,6,1,True,303,305,398,/Users/neda/Desktop/workspace/BadSmells/util/Python/scikit-learn/coordinate_descent/coordinate_descent
fead69a4a,/Users/neda/Desktop/workspace/BadSmells/util/Python/scikit-learn/coordinate_descent/coordinate_descent@d89c21501@Thu Mar 19 16:26:36 2015 -0400.py,MultiTaskLasso,7,0,True,303,305,398,/Users/neda/Desktop/workspace/BadSmells/util/Python/scikit-learn/coordinate_descent/coordinate_descent
fead69a4a,/Users/neda/Desktop/workspace/BadSmells/util/Python/scikit-learn/coordinate_descent/coordinate_descent@d89c21501@Thu Mar 19 16:26:36 2015 -0400.py,MultiTaskElasticNetCV,4,0,True,303,305,398,/Users/neda/Desktop/workspace/BadSmells/util/Python/scikit-learn/coordinate_descent/coordinate_descent
fead69a4a,/Users/neda/Desktop/workspace/BadSmells/util/Python/scikit-learn/coordinate_descent/coordinate_descent@d89c21501@Thu Mar 19 16:26:36 2015 -0400.py,MultiTaskLassoCV,4,0,True,303,305,398,/Users/neda/Desktop/workspace/BadSmells/util/Python/scikit-learn/coordinate_descent/coordinate_descent
fead69a4a,/Users/neda/Desktop/workspace/BadSmells/util/Python/scikit-learn/coordinate_descent/coordinate_descent@188fb1196@Wed Apr 1 10:24:58 2015 -0400.py,ElasticNet,4,1,True,304,305,398,/Users/neda/Desktop/workspace/BadSmells/util/Python/scikit-learn/coordinate_descent/coordinate_descent
fead69a4a,/Users/neda/Desktop/workspace/BadSmells/util/Python/scikit-learn/coordinate_descent/coordinate_descent@188fb1196@Wed Apr 1 10:24:58 2015 -0400.py,Lasso,5,1,True,304,305,398,/Users/neda/Desktop/workspace/BadSmells/util/Python/scikit-learn/coordinate_descent/coordinate_descent
fead69a4a,/Users/neda/Desktop/workspace/BadSmells/util/Python/scikit-learn/coordinate_descent/coordinate_descent@188fb1196@Wed Apr 1 10:24:58 2015 -0400.py,LinearModelCV,3,4,False,304,305,398,/Users/neda/Desktop/workspace/BadSmells/util/Python/scikit-learn/coordinate_descent/coordinate_descent
fead69a4a,/Users/neda/Desktop/workspace/BadSmells/util/Python/scikit-learn/coordinate_descent/coordinate_descent@188fb1196@Wed Apr 1 10:24:58 2015 -0400.py,LassoCV,4,0,True,304,305,398,/Users/neda/Desktop/workspace/BadSmells/util/Python/scikit-learn/coordinate_descent/coordinate_descent
fead69a4a,/Users/neda/Desktop/workspace/BadSmells/util/Python/scikit-learn/coordinate_descent/coordinate_descent@188fb1196@Wed Apr 1 10:24:58 2015 -0400.py,ElasticNetCV,4,0,True,304,305,398,/Users/neda/Desktop/workspace/BadSmells/util/Python/scikit-learn/coordinate_descent/coordinate_descent
fead69a4a,/Users/neda/Desktop/workspace/BadSmells/util/Python/scikit-learn/coordinate_descent/coordinate_descent@188fb1196@Wed Apr 1 10:24:58 2015 -0400.py,MultiTaskElasticNet,6,1,True,304,305,398,/Users/neda/Desktop/workspace/BadSmells/util/Python/scikit-learn/coordinate_descent/coordinate_descent
fead69a4a,/Users/neda/Desktop/workspace/BadSmells/util/Python/scikit-learn/coordinate_descent/coordinate_descent@188fb1196@Wed Apr 1 10:24:58 2015 -0400.py,MultiTaskLasso,7,0,True,304,305,398,/Users/neda/Desktop/workspace/BadSmells/util/Python/scikit-learn/coordinate_descent/coordinate_descent
fead69a4a,/Users/neda/Desktop/workspace/BadSmells/util/Python/scikit-learn/coordinate_descent/coordinate_descent@188fb1196@Wed Apr 1 10:24:58 2015 -0400.py,MultiTaskElasticNetCV,4,0,True,304,305,398,/Users/neda/Desktop/workspace/BadSmells/util/Python/scikit-learn/coordinate_descent/coordinate_descent
fead69a4a,/Users/neda/Desktop/workspace/BadSmells/util/Python/scikit-learn/coordinate_descent/coordinate_descent@188fb1196@Wed Apr 1 10:24:58 2015 -0400.py,MultiTaskLassoCV,4,0,True,304,305,398,/Users/neda/Desktop/workspace/BadSmells/util/Python/scikit-learn/coordinate_descent/coordinate_descent
fead69a4a,/Users/neda/Desktop/workspace/BadSmells/util/Python/scikit-learn/coordinate_descent/coordinate_descent@fead69a4a@Wed May 27 14:19:00 2015 +0200.py,ElasticNet,4,1,True,305,305,398,/Users/neda/Desktop/workspace/BadSmells/util/Python/scikit-learn/coordinate_descent/coordinate_descent
fead69a4a,/Users/neda/Desktop/workspace/BadSmells/util/Python/scikit-learn/coordinate_descent/coordinate_descent@fead69a4a@Wed May 27 14:19:00 2015 +0200.py,Lasso,5,1,True,305,305,398,/Users/neda/Desktop/workspace/BadSmells/util/Python/scikit-learn/coordinate_descent/coordinate_descent
fead69a4a,/Users/neda/Desktop/workspace/BadSmells/util/Python/scikit-learn/coordinate_descent/coordinate_descent@fead69a4a@Wed May 27 14:19:00 2015 +0200.py,LinearModelCV,3,4,False,305,305,398,/Users/neda/Desktop/workspace/BadSmells/util/Python/scikit-learn/coordinate_descent/coordinate_descent
fead69a4a,/Users/neda/Desktop/workspace/BadSmells/util/Python/scikit-learn/coordinate_descent/coordinate_descent@fead69a4a@Wed May 27 14:19:00 2015 +0200.py,LassoCV,4,0,True,305,305,398,/Users/neda/Desktop/workspace/BadSmells/util/Python/scikit-learn/coordinate_descent/coordinate_descent
fead69a4a,/Users/neda/Desktop/workspace/BadSmells/util/Python/scikit-learn/coordinate_descent/coordinate_descent@fead69a4a@Wed May 27 14:19:00 2015 +0200.py,ElasticNetCV,4,0,True,305,305,398,/Users/neda/Desktop/workspace/BadSmells/util/Python/scikit-learn/coordinate_descent/coordinate_descent
fead69a4a,/Users/neda/Desktop/workspace/BadSmells/util/Python/scikit-learn/coordinate_descent/coordinate_descent@fead69a4a@Wed May 27 14:19:00 2015 +0200.py,MultiTaskElasticNet,6,1,True,305,305,398,/Users/neda/Desktop/workspace/BadSmells/util/Python/scikit-learn/coordinate_descent/coordinate_descent
fead69a4a,/Users/neda/Desktop/workspace/BadSmells/util/Python/scikit-learn/coordinate_descent/coordinate_descent@fead69a4a@Wed May 27 14:19:00 2015 +0200.py,MultiTaskLasso,7,0,True,305,305,398,/Users/neda/Desktop/workspace/BadSmells/util/Python/scikit-learn/coordinate_descent/coordinate_descent
fead69a4a,/Users/neda/Desktop/workspace/BadSmells/util/Python/scikit-learn/coordinate_descent/coordinate_descent@fead69a4a@Wed May 27 14:19:00 2015 +0200.py,MultiTaskElasticNetCV,4,0,True,305,305,398,/Users/neda/Desktop/workspace/BadSmells/util/Python/scikit-learn/coordinate_descent/coordinate_descent
fead69a4a,/Users/neda/Desktop/workspace/BadSmells/util/Python/scikit-learn/coordinate_descent/coordinate_descent@fead69a4a@Wed May 27 14:19:00 2015 +0200.py,MultiTaskLassoCV,4,0,True,305,305,398,/Users/neda/Desktop/workspace/BadSmells/util/Python/scikit-learn/coordinate_descent/coordinate_descent
e324fdd28,/Users/neda/Desktop/workspace/BadSmells/util/Python/scikit-learn/t_sne/t_sne@b3bdb0896@Mon Jul 28 19:04:59 2014 +1000.py,TSNE,2,0,False,30,32,88,/Users/neda/Desktop/workspace/BadSmells/util/Python/scikit-learn/t_sne/t_sne
e324fdd28,/Users/neda/Desktop/workspace/BadSmells/util/Python/scikit-learn/t_sne/t_sne@0bdaecd6f@Tue Aug 5 13:55:48 2014 +0200.py,TSNE,2,0,False,31,32,88,/Users/neda/Desktop/workspace/BadSmells/util/Python/scikit-learn/t_sne/t_sne
e324fdd28,/Users/neda/Desktop/workspace/BadSmells/util/Python/scikit-learn/t_sne/t_sne@e324fdd28@Thu Aug 14 12:43:55 2014 +0200.py,TSNE,2,0,False,32,32,88,/Users/neda/Desktop/workspace/BadSmells/util/Python/scikit-learn/t_sne/t_sne
6a01e8967,/Users/neda/Desktop/workspace/BadSmells/util/Python/scikit-learn/online_lda/online_lda@9b5610415@Thu Sep 22 08:11:38 2016 +0200.py,LatentDirichletAllocation,2,0,False,38,40,76,/Users/neda/Desktop/workspace/BadSmells/util/Python/scikit-learn/online_lda/online_lda
6a01e8967,/Users/neda/Desktop/workspace/BadSmells/util/Python/scikit-learn/online_lda/online_lda@44acb3367@Mon Oct 10 11:01:05 2016 +0200.py,LatentDirichletAllocation,2,0,False,39,40,76,/Users/neda/Desktop/workspace/BadSmells/util/Python/scikit-learn/online_lda/online_lda
6a01e8967,/Users/neda/Desktop/workspace/BadSmells/util/Python/scikit-learn/online_lda/online_lda@6a01e8967@Mon Dec 19 22:20:08 2016 -0600.py,LatentDirichletAllocation,2,0,False,40,40,76,/Users/neda/Desktop/workspace/BadSmells/util/Python/scikit-learn/online_lda/online_lda
102620f8d,/Users/neda/Desktop/workspace/BadSmells/util/Python/scikit-learn/base/base@45dc891c9@Tue Sep 26 18:13:15 2017 +0200.py,BaseLibSVM,3,3,False,928,930,1073,/Users/neda/Desktop/workspace/BadSmells/util/Python/scikit-learn/base/base
102620f8d,/Users/neda/Desktop/workspace/BadSmells/util/Python/scikit-learn/base/base@45dc891c9@Tue Sep 26 18:13:15 2017 +0200.py,BaseSVC,3,2,False,928,930,1073,/Users/neda/Desktop/workspace/BadSmells/util/Python/scikit-learn/base/base
102620f8d,/Users/neda/Desktop/workspace/BadSmells/util/Python/scikit-learn/base/base@75763cfe7@Wed Oct 18 17:40:44 2017 -0400.py,BaseEstimator,1,81,True,929,930,1073,/Users/neda/Desktop/workspace/BadSmells/util/Python/scikit-learn/base/base
102620f8d,/Users/neda/Desktop/workspace/BadSmells/util/Python/scikit-learn/base/base@75763cfe7@Wed Oct 18 17:40:44 2017 -0400.py,ClassifierMixin,1,1,False,929,930,1073,/Users/neda/Desktop/workspace/BadSmells/util/Python/scikit-learn/base/base
102620f8d,/Users/neda/Desktop/workspace/BadSmells/util/Python/scikit-learn/base/base@75763cfe7@Wed Oct 18 17:40:44 2017 -0400.py,RegressorMixin,1,0,False,929,930,1073,/Users/neda/Desktop/workspace/BadSmells/util/Python/scikit-learn/base/base
102620f8d,/Users/neda/Desktop/workspace/BadSmells/util/Python/scikit-learn/base/base@75763cfe7@Wed Oct 18 17:40:44 2017 -0400.py,ClusterMixin,1,0,False,929,930,1073,/Users/neda/Desktop/workspace/BadSmells/util/Python/scikit-learn/base/base
102620f8d,/Users/neda/Desktop/workspace/BadSmells/util/Python/scikit-learn/base/base@75763cfe7@Wed Oct 18 17:40:44 2017 -0400.py,BiclusterMixin,1,0,False,929,930,1073,/Users/neda/Desktop/workspace/BadSmells/util/Python/scikit-learn/base/base
102620f8d,/Users/neda/Desktop/workspace/BadSmells/util/Python/scikit-learn/base/base@75763cfe7@Wed Oct 18 17:40:44 2017 -0400.py,TransformerMixin,1,2,False,929,930,1073,/Users/neda/Desktop/workspace/BadSmells/util/Python/scikit-learn/base/base
102620f8d,/Users/neda/Desktop/workspace/BadSmells/util/Python/scikit-learn/base/base@75763cfe7@Wed Oct 18 17:40:44 2017 -0400.py,DensityMixin,1,0,False,929,930,1073,/Users/neda/Desktop/workspace/BadSmells/util/Python/scikit-learn/base/base
102620f8d,/Users/neda/Desktop/workspace/BadSmells/util/Python/scikit-learn/base/base@75763cfe7@Wed Oct 18 17:40:44 2017 -0400.py,MetaEstimatorMixin,1,0,False,929,930,1073,/Users/neda/Desktop/workspace/BadSmells/util/Python/scikit-learn/base/base
102620f8d,/Users/neda/Desktop/workspace/BadSmells/util/Python/scikit-learn/base/base@102620f8d@Thu Oct 26 00:23:41 2017 +1100.py,BaseEstimator,1,81,True,930,930,1073,/Users/neda/Desktop/workspace/BadSmells/util/Python/scikit-learn/base/base
102620f8d,/Users/neda/Desktop/workspace/BadSmells/util/Python/scikit-learn/base/base@102620f8d@Thu Oct 26 00:23:41 2017 +1100.py,ClassifierMixin,1,1,False,930,930,1073,/Users/neda/Desktop/workspace/BadSmells/util/Python/scikit-learn/base/base
102620f8d,/Users/neda/Desktop/workspace/BadSmells/util/Python/scikit-learn/base/base@102620f8d@Thu Oct 26 00:23:41 2017 +1100.py,RegressorMixin,1,0,False,930,930,1073,/Users/neda/Desktop/workspace/BadSmells/util/Python/scikit-learn/base/base
102620f8d,/Users/neda/Desktop/workspace/BadSmells/util/Python/scikit-learn/base/base@102620f8d@Thu Oct 26 00:23:41 2017 +1100.py,ClusterMixin,1,0,False,930,930,1073,/Users/neda/Desktop/workspace/BadSmells/util/Python/scikit-learn/base/base
102620f8d,/Users/neda/Desktop/workspace/BadSmells/util/Python/scikit-learn/base/base@102620f8d@Thu Oct 26 00:23:41 2017 +1100.py,BiclusterMixin,1,0,False,930,930,1073,/Users/neda/Desktop/workspace/BadSmells/util/Python/scikit-learn/base/base
102620f8d,/Users/neda/Desktop/workspace/BadSmells/util/Python/scikit-learn/base/base@102620f8d@Thu Oct 26 00:23:41 2017 +1100.py,TransformerMixin,1,2,False,930,930,1073,/Users/neda/Desktop/workspace/BadSmells/util/Python/scikit-learn/base/base
102620f8d,/Users/neda/Desktop/workspace/BadSmells/util/Python/scikit-learn/base/base@102620f8d@Thu Oct 26 00:23:41 2017 +1100.py,DensityMixin,1,0,False,930,930,1073,/Users/neda/Desktop/workspace/BadSmells/util/Python/scikit-learn/base/base
102620f8d,/Users/neda/Desktop/workspace/BadSmells/util/Python/scikit-learn/base/base@102620f8d@Thu Oct 26 00:23:41 2017 +1100.py,MetaEstimatorMixin,1,0,False,930,930,1073,/Users/neda/Desktop/workspace/BadSmells/util/Python/scikit-learn/base/base
94dc28092,/Users/neda/Desktop/workspace/BadSmells/util/Python/scikit-learn/numpy_pickle/numpy_pickle@54fcfc2da@Sat Jan 7 16:37:02 2012 +0100.py,NDArrayWrapper,1,1,False,10,12,33,/Users/neda/Desktop/workspace/BadSmells/util/Python/scikit-learn/numpy_pickle/numpy_pickle
94dc28092,/Users/neda/Desktop/workspace/BadSmells/util/Python/scikit-learn/numpy_pickle/numpy_pickle@54fcfc2da@Sat Jan 7 16:37:02 2012 +0100.py,ZNDArrayWrapper,2,0,False,10,12,33,/Users/neda/Desktop/workspace/BadSmells/util/Python/scikit-learn/numpy_pickle/numpy_pickle
94dc28092,/Users/neda/Desktop/workspace/BadSmells/util/Python/scikit-learn/numpy_pickle/numpy_pickle@54fcfc2da@Sat Jan 7 16:37:02 2012 +0100.py,NumpyPickler,3,0,False,10,12,33,/Users/neda/Desktop/workspace/BadSmells/util/Python/scikit-learn/numpy_pickle/numpy_pickle
94dc28092,/Users/neda/Desktop/workspace/BadSmells/util/Python/scikit-learn/numpy_pickle/numpy_pickle@54fcfc2da@Sat Jan 7 16:37:02 2012 +0100.py,NumpyUnpickler,2,1,False,10,12,33,/Users/neda/Desktop/workspace/BadSmells/util/Python/scikit-learn/numpy_pickle/numpy_pickle
94dc28092,/Users/neda/Desktop/workspace/BadSmells/util/Python/scikit-learn/numpy_pickle/numpy_pickle@54fcfc2da@Sat Jan 7 16:37:02 2012 +0100.py,ZipNumpyUnpickler,3,0,False,10,12,33,/Users/neda/Desktop/workspace/BadSmells/util/Python/scikit-learn/numpy_pickle/numpy_pickle
94dc28092,/Users/neda/Desktop/workspace/BadSmells/util/Python/scikit-learn/numpy_pickle/numpy_pickle@b9340e4f2@Sat Jan 7 18:01:45 2012 +0100.py,NDArrayWrapper,1,1,False,11,12,33,/Users/neda/Desktop/workspace/BadSmells/util/Python/scikit-learn/numpy_pickle/numpy_pickle
94dc28092,/Users/neda/Desktop/workspace/BadSmells/util/Python/scikit-learn/numpy_pickle/numpy_pickle@b9340e4f2@Sat Jan 7 18:01:45 2012 +0100.py,ZNDArrayWrapper,2,0,False,11,12,33,/Users/neda/Desktop/workspace/BadSmells/util/Python/scikit-learn/numpy_pickle/numpy_pickle
94dc28092,/Users/neda/Desktop/workspace/BadSmells/util/Python/scikit-learn/numpy_pickle/numpy_pickle@b9340e4f2@Sat Jan 7 18:01:45 2012 +0100.py,NumpyPickler,3,0,False,11,12,33,/Users/neda/Desktop/workspace/BadSmells/util/Python/scikit-learn/numpy_pickle/numpy_pickle
94dc28092,/Users/neda/Desktop/workspace/BadSmells/util/Python/scikit-learn/numpy_pickle/numpy_pickle@b9340e4f2@Sat Jan 7 18:01:45 2012 +0100.py,NumpyUnpickler,2,1,False,11,12,33,/Users/neda/Desktop/workspace/BadSmells/util/Python/scikit-learn/numpy_pickle/numpy_pickle
94dc28092,/Users/neda/Desktop/workspace/BadSmells/util/Python/scikit-learn/numpy_pickle/numpy_pickle@b9340e4f2@Sat Jan 7 18:01:45 2012 +0100.py,ZipNumpyUnpickler,3,0,False,11,12,33,/Users/neda/Desktop/workspace/BadSmells/util/Python/scikit-learn/numpy_pickle/numpy_pickle
94dc28092,/Users/neda/Desktop/workspace/BadSmells/util/Python/scikit-learn/numpy_pickle/numpy_pickle@94dc28092@Tue Feb 7 17:10:50 2012 +0100.py,NDArrayWrapper,1,1,False,12,12,33,/Users/neda/Desktop/workspace/BadSmells/util/Python/scikit-learn/numpy_pickle/numpy_pickle
94dc28092,/Users/neda/Desktop/workspace/BadSmells/util/Python/scikit-learn/numpy_pickle/numpy_pickle@94dc28092@Tue Feb 7 17:10:50 2012 +0100.py,ZNDArrayWrapper,2,0,False,12,12,33,/Users/neda/Desktop/workspace/BadSmells/util/Python/scikit-learn/numpy_pickle/numpy_pickle
94dc28092,/Users/neda/Desktop/workspace/BadSmells/util/Python/scikit-learn/numpy_pickle/numpy_pickle@94dc28092@Tue Feb 7 17:10:50 2012 +0100.py,NumpyPickler,3,0,False,12,12,33,/Users/neda/Desktop/workspace/BadSmells/util/Python/scikit-learn/numpy_pickle/numpy_pickle
94dc28092,/Users/neda/Desktop/workspace/BadSmells/util/Python/scikit-learn/numpy_pickle/numpy_pickle@94dc28092@Tue Feb 7 17:10:50 2012 +0100.py,NumpyUnpickler,2,1,False,12,12,33,/Users/neda/Desktop/workspace/BadSmells/util/Python/scikit-learn/numpy_pickle/numpy_pickle
94dc28092,/Users/neda/Desktop/workspace/BadSmells/util/Python/scikit-learn/numpy_pickle/numpy_pickle@94dc28092@Tue Feb 7 17:10:50 2012 +0100.py,ZipNumpyUnpickler,3,0,False,12,12,33,/Users/neda/Desktop/workspace/BadSmells/util/Python/scikit-learn/numpy_pickle/numpy_pickle
29ed16883,/Users/neda/Desktop/workspace/BadSmells/util/Python/scikit-learn/stochastic_gradient/stochastic_gradient@58723f6ad@Tue Jan 22 22:42:12 2013 +0100.py,BaseSGD,2,2,False,148,150,312,/Users/neda/Desktop/workspace/BadSmells/util/Python/scikit-learn/stochastic_gradient/stochastic_gradient
29ed16883,/Users/neda/Desktop/workspace/BadSmells/util/Python/scikit-learn/stochastic_gradient/stochastic_gradient@58723f6ad@Tue Jan 22 22:42:12 2013 +0100.py,BaseSGDClassifier,3,3,False,148,150,312,/Users/neda/Desktop/workspace/BadSmells/util/Python/scikit-learn/stochastic_gradient/stochastic_gradient
29ed16883,/Users/neda/Desktop/workspace/BadSmells/util/Python/scikit-learn/stochastic_gradient/stochastic_gradient@58723f6ad@Tue Jan 22 22:42:12 2013 +0100.py,SGDClassifier,4,0,True,148,150,312,/Users/neda/Desktop/workspace/BadSmells/util/Python/scikit-learn/stochastic_gradient/stochastic_gradient
29ed16883,/Users/neda/Desktop/workspace/BadSmells/util/Python/scikit-learn/stochastic_gradient/stochastic_gradient@58723f6ad@Tue Jan 22 22:42:12 2013 +0100.py,BaseSGDRegressor,3,2,False,148,150,312,/Users/neda/Desktop/workspace/BadSmells/util/Python/scikit-learn/stochastic_gradient/stochastic_gradient
29ed16883,/Users/neda/Desktop/workspace/BadSmells/util/Python/scikit-learn/stochastic_gradient/stochastic_gradient@58723f6ad@Tue Jan 22 22:42:12 2013 +0100.py,SGDRegressor,4,0,True,148,150,312,/Users/neda/Desktop/workspace/BadSmells/util/Python/scikit-learn/stochastic_gradient/stochastic_gradient
29ed16883,/Users/neda/Desktop/workspace/BadSmells/util/Python/scikit-learn/stochastic_gradient/stochastic_gradient@6bf4c90c5@Fri Feb 22 16:58:22 2013 +0100.py,BaseSGD,2,2,False,149,150,312,/Users/neda/Desktop/workspace/BadSmells/util/Python/scikit-learn/stochastic_gradient/stochastic_gradient
29ed16883,/Users/neda/Desktop/workspace/BadSmells/util/Python/scikit-learn/stochastic_gradient/stochastic_gradient@6bf4c90c5@Fri Feb 22 16:58:22 2013 +0100.py,BaseSGDClassifier,3,3,False,149,150,312,/Users/neda/Desktop/workspace/BadSmells/util/Python/scikit-learn/stochastic_gradient/stochastic_gradient
29ed16883,/Users/neda/Desktop/workspace/BadSmells/util/Python/scikit-learn/stochastic_gradient/stochastic_gradient@6bf4c90c5@Fri Feb 22 16:58:22 2013 +0100.py,SGDClassifier,4,0,True,149,150,312,/Users/neda/Desktop/workspace/BadSmells/util/Python/scikit-learn/stochastic_gradient/stochastic_gradient
29ed16883,/Users/neda/Desktop/workspace/BadSmells/util/Python/scikit-learn/stochastic_gradient/stochastic_gradient@6bf4c90c5@Fri Feb 22 16:58:22 2013 +0100.py,BaseSGDRegressor,3,2,False,149,150,312,/Users/neda/Desktop/workspace/BadSmells/util/Python/scikit-learn/stochastic_gradient/stochastic_gradient
29ed16883,/Users/neda/Desktop/workspace/BadSmells/util/Python/scikit-learn/stochastic_gradient/stochastic_gradient@6bf4c90c5@Fri Feb 22 16:58:22 2013 +0100.py,SGDRegressor,4,0,True,149,150,312,/Users/neda/Desktop/workspace/BadSmells/util/Python/scikit-learn/stochastic_gradient/stochastic_gradient
29ed16883,/Users/neda/Desktop/workspace/BadSmells/util/Python/scikit-learn/stochastic_gradient/stochastic_gradient@29ed16883@Fri Mar 8 17:29:44 2013 +0100.py,BaseSGD,2,2,False,150,150,312,/Users/neda/Desktop/workspace/BadSmells/util/Python/scikit-learn/stochastic_gradient/stochastic_gradient
29ed16883,/Users/neda/Desktop/workspace/BadSmells/util/Python/scikit-learn/stochastic_gradient/stochastic_gradient@29ed16883@Fri Mar 8 17:29:44 2013 +0100.py,BaseSGDClassifier,3,3,False,150,150,312,/Users/neda/Desktop/workspace/BadSmells/util/Python/scikit-learn/stochastic_gradient/stochastic_gradient
29ed16883,/Users/neda/Desktop/workspace/BadSmells/util/Python/scikit-learn/stochastic_gradient/stochastic_gradient@29ed16883@Fri Mar 8 17:29:44 2013 +0100.py,SGDClassifier,4,0,True,150,150,312,/Users/neda/Desktop/workspace/BadSmells/util/Python/scikit-learn/stochastic_gradient/stochastic_gradient
29ed16883,/Users/neda/Desktop/workspace/BadSmells/util/Python/scikit-learn/stochastic_gradient/stochastic_gradient@29ed16883@Fri Mar 8 17:29:44 2013 +0100.py,BaseSGDRegressor,3,2,False,150,150,312,/Users/neda/Desktop/workspace/BadSmells/util/Python/scikit-learn/stochastic_gradient/stochastic_gradient
29ed16883,/Users/neda/Desktop/workspace/BadSmells/util/Python/scikit-learn/stochastic_gradient/stochastic_gradient@29ed16883@Fri Mar 8 17:29:44 2013 +0100.py,SGDRegressor,4,0,True,150,150,312,/Users/neda/Desktop/workspace/BadSmells/util/Python/scikit-learn/stochastic_gradient/stochastic_gradient
73d3f03cf,/Users/neda/Desktop/workspace/BadSmells/util/Python/scikit-learn/_split/_split@9a12555e6@Sun Sep 11 19:14:41 2016 +0200.py,BaseCrossValidator,3,6,True,23,25,119,/Users/neda/Desktop/workspace/BadSmells/util/Python/scikit-learn/_split/_split
73d3f03cf,/Users/neda/Desktop/workspace/BadSmells/util/Python/scikit-learn/_split/_split@9a12555e6@Sun Sep 11 19:14:41 2016 +0200.py,LeaveOneOut,4,0,True,23,25,119,/Users/neda/Desktop/workspace/BadSmells/util/Python/scikit-learn/_split/_split
73d3f03cf,/Users/neda/Desktop/workspace/BadSmells/util/Python/scikit-learn/_split/_split@9a12555e6@Sun Sep 11 19:14:41 2016 +0200.py,LeavePOut,4,0,True,23,25,119,/Users/neda/Desktop/workspace/BadSmells/util/Python/scikit-learn/_split/_split
73d3f03cf,/Users/neda/Desktop/workspace/BadSmells/util/Python/scikit-learn/_split/_split@9a12555e6@Sun Sep 11 19:14:41 2016 +0200.py,_BaseKFold,3,5,True,23,25,119,/Users/neda/Desktop/workspace/BadSmells/util/Python/scikit-learn/_split/_split
73d3f03cf,/Users/neda/Desktop/workspace/BadSmells/util/Python/scikit-learn/_split/_split@9a12555e6@Sun Sep 11 19:14:41 2016 +0200.py,KFold,4,0,True,23,25,119,/Users/neda/Desktop/workspace/BadSmells/util/Python/scikit-learn/_split/_split
73d3f03cf,/Users/neda/Desktop/workspace/BadSmells/util/Python/scikit-learn/_split/_split@9a12555e6@Sun Sep 11 19:14:41 2016 +0200.py,GroupKFold,4,0,True,23,25,119,/Users/neda/Desktop/workspace/BadSmells/util/Python/scikit-learn/_split/_split
73d3f03cf,/Users/neda/Desktop/workspace/BadSmells/util/Python/scikit-learn/_split/_split@9a12555e6@Sun Sep 11 19:14:41 2016 +0200.py,StratifiedKFold,4,0,True,23,25,119,/Users/neda/Desktop/workspace/BadSmells/util/Python/scikit-learn/_split/_split
73d3f03cf,/Users/neda/Desktop/workspace/BadSmells/util/Python/scikit-learn/_split/_split@9a12555e6@Sun Sep 11 19:14:41 2016 +0200.py,TimeSeriesSplit,4,0,True,23,25,119,/Users/neda/Desktop/workspace/BadSmells/util/Python/scikit-learn/_split/_split
73d3f03cf,/Users/neda/Desktop/workspace/BadSmells/util/Python/scikit-learn/_split/_split@9a12555e6@Sun Sep 11 19:14:41 2016 +0200.py,LeaveOneGroupOut,4,0,True,23,25,119,/Users/neda/Desktop/workspace/BadSmells/util/Python/scikit-learn/_split/_split
73d3f03cf,/Users/neda/Desktop/workspace/BadSmells/util/Python/scikit-learn/_split/_split@9a12555e6@Sun Sep 11 19:14:41 2016 +0200.py,LeavePGroupsOut,4,0,True,23,25,119,/Users/neda/Desktop/workspace/BadSmells/util/Python/scikit-learn/_split/_split
73d3f03cf,/Users/neda/Desktop/workspace/BadSmells/util/Python/scikit-learn/_split/_split@9a12555e6@Sun Sep 11 19:14:41 2016 +0200.py,BaseShuffleSplit,3,2,False,23,25,119,/Users/neda/Desktop/workspace/BadSmells/util/Python/scikit-learn/_split/_split
73d3f03cf,/Users/neda/Desktop/workspace/BadSmells/util/Python/scikit-learn/_split/_split@9a12555e6@Sun Sep 11 19:14:41 2016 +0200.py,ShuffleSplit,4,2,True,23,25,119,/Users/neda/Desktop/workspace/BadSmells/util/Python/scikit-learn/_split/_split
73d3f03cf,/Users/neda/Desktop/workspace/BadSmells/util/Python/scikit-learn/_split/_split@9a12555e6@Sun Sep 11 19:14:41 2016 +0200.py,GroupShuffleSplit,5,0,True,23,25,119,/Users/neda/Desktop/workspace/BadSmells/util/Python/scikit-learn/_split/_split
73d3f03cf,/Users/neda/Desktop/workspace/BadSmells/util/Python/scikit-learn/_split/_split@9a12555e6@Sun Sep 11 19:14:41 2016 +0200.py,StratifiedShuffleSplit,4,0,True,23,25,119,/Users/neda/Desktop/workspace/BadSmells/util/Python/scikit-learn/_split/_split
73d3f03cf,/Users/neda/Desktop/workspace/BadSmells/util/Python/scikit-learn/_split/_split@9a12555e6@Sun Sep 11 19:14:41 2016 +0200.py,PredefinedSplit,4,0,True,23,25,119,/Users/neda/Desktop/workspace/BadSmells/util/Python/scikit-learn/_split/_split
73d3f03cf,/Users/neda/Desktop/workspace/BadSmells/util/Python/scikit-learn/_split/_split@9a12555e6@Sun Sep 11 19:14:41 2016 +0200.py,_CVIterableWrapper,4,0,True,23,25,119,/Users/neda/Desktop/workspace/BadSmells/util/Python/scikit-learn/_split/_split
73d3f03cf,/Users/neda/Desktop/workspace/BadSmells/util/Python/scikit-learn/_split/_split@54b0e4bf6@Tue Sep 20 07:46:45 2016 -0400.py,BaseCrossValidator,3,6,True,24,25,119,/Users/neda/Desktop/workspace/BadSmells/util/Python/scikit-learn/_split/_split
73d3f03cf,/Users/neda/Desktop/workspace/BadSmells/util/Python/scikit-learn/_split/_split@54b0e4bf6@Tue Sep 20 07:46:45 2016 -0400.py,LeaveOneOut,4,0,True,24,25,119,/Users/neda/Desktop/workspace/BadSmells/util/Python/scikit-learn/_split/_split
73d3f03cf,/Users/neda/Desktop/workspace/BadSmells/util/Python/scikit-learn/_split/_split@54b0e4bf6@Tue Sep 20 07:46:45 2016 -0400.py,LeavePOut,4,0,True,24,25,119,/Users/neda/Desktop/workspace/BadSmells/util/Python/scikit-learn/_split/_split
73d3f03cf,/Users/neda/Desktop/workspace/BadSmells/util/Python/scikit-learn/_split/_split@54b0e4bf6@Tue Sep 20 07:46:45 2016 -0400.py,_BaseKFold,3,5,True,24,25,119,/Users/neda/Desktop/workspace/BadSmells/util/Python/scikit-learn/_split/_split
73d3f03cf,/Users/neda/Desktop/workspace/BadSmells/util/Python/scikit-learn/_split/_split@54b0e4bf6@Tue Sep 20 07:46:45 2016 -0400.py,KFold,4,0,True,24,25,119,/Users/neda/Desktop/workspace/BadSmells/util/Python/scikit-learn/_split/_split
73d3f03cf,/Users/neda/Desktop/workspace/BadSmells/util/Python/scikit-learn/_split/_split@54b0e4bf6@Tue Sep 20 07:46:45 2016 -0400.py,GroupKFold,4,0,True,24,25,119,/Users/neda/Desktop/workspace/BadSmells/util/Python/scikit-learn/_split/_split
73d3f03cf,/Users/neda/Desktop/workspace/BadSmells/util/Python/scikit-learn/_split/_split@54b0e4bf6@Tue Sep 20 07:46:45 2016 -0400.py,StratifiedKFold,4,0,True,24,25,119,/Users/neda/Desktop/workspace/BadSmells/util/Python/scikit-learn/_split/_split
73d3f03cf,/Users/neda/Desktop/workspace/BadSmells/util/Python/scikit-learn/_split/_split@54b0e4bf6@Tue Sep 20 07:46:45 2016 -0400.py,TimeSeriesSplit,4,0,True,24,25,119,/Users/neda/Desktop/workspace/BadSmells/util/Python/scikit-learn/_split/_split
73d3f03cf,/Users/neda/Desktop/workspace/BadSmells/util/Python/scikit-learn/_split/_split@54b0e4bf6@Tue Sep 20 07:46:45 2016 -0400.py,LeaveOneGroupOut,4,0,True,24,25,119,/Users/neda/Desktop/workspace/BadSmells/util/Python/scikit-learn/_split/_split
73d3f03cf,/Users/neda/Desktop/workspace/BadSmells/util/Python/scikit-learn/_split/_split@54b0e4bf6@Tue Sep 20 07:46:45 2016 -0400.py,LeavePGroupsOut,4,0,True,24,25,119,/Users/neda/Desktop/workspace/BadSmells/util/Python/scikit-learn/_split/_split
73d3f03cf,/Users/neda/Desktop/workspace/BadSmells/util/Python/scikit-learn/_split/_split@54b0e4bf6@Tue Sep 20 07:46:45 2016 -0400.py,BaseShuffleSplit,3,2,False,24,25,119,/Users/neda/Desktop/workspace/BadSmells/util/Python/scikit-learn/_split/_split
73d3f03cf,/Users/neda/Desktop/workspace/BadSmells/util/Python/scikit-learn/_split/_split@54b0e4bf6@Tue Sep 20 07:46:45 2016 -0400.py,ShuffleSplit,4,2,True,24,25,119,/Users/neda/Desktop/workspace/BadSmells/util/Python/scikit-learn/_split/_split
73d3f03cf,/Users/neda/Desktop/workspace/BadSmells/util/Python/scikit-learn/_split/_split@54b0e4bf6@Tue Sep 20 07:46:45 2016 -0400.py,GroupShuffleSplit,5,0,True,24,25,119,/Users/neda/Desktop/workspace/BadSmells/util/Python/scikit-learn/_split/_split
73d3f03cf,/Users/neda/Desktop/workspace/BadSmells/util/Python/scikit-learn/_split/_split@54b0e4bf6@Tue Sep 20 07:46:45 2016 -0400.py,StratifiedShuffleSplit,4,0,True,24,25,119,/Users/neda/Desktop/workspace/BadSmells/util/Python/scikit-learn/_split/_split
73d3f03cf,/Users/neda/Desktop/workspace/BadSmells/util/Python/scikit-learn/_split/_split@54b0e4bf6@Tue Sep 20 07:46:45 2016 -0400.py,PredefinedSplit,4,0,True,24,25,119,/Users/neda/Desktop/workspace/BadSmells/util/Python/scikit-learn/_split/_split
73d3f03cf,/Users/neda/Desktop/workspace/BadSmells/util/Python/scikit-learn/_split/_split@54b0e4bf6@Tue Sep 20 07:46:45 2016 -0400.py,_CVIterableWrapper,4,0,True,24,25,119,/Users/neda/Desktop/workspace/BadSmells/util/Python/scikit-learn/_split/_split
73d3f03cf,/Users/neda/Desktop/workspace/BadSmells/util/Python/scikit-learn/_split/_split@73d3f03cf@Tue Oct 25 08:42:39 2016 -0700.py,BaseCrossValidator,3,6,True,25,25,119,/Users/neda/Desktop/workspace/BadSmells/util/Python/scikit-learn/_split/_split
73d3f03cf,/Users/neda/Desktop/workspace/BadSmells/util/Python/scikit-learn/_split/_split@73d3f03cf@Tue Oct 25 08:42:39 2016 -0700.py,LeaveOneOut,4,0,True,25,25,119,/Users/neda/Desktop/workspace/BadSmells/util/Python/scikit-learn/_split/_split
73d3f03cf,/Users/neda/Desktop/workspace/BadSmells/util/Python/scikit-learn/_split/_split@73d3f03cf@Tue Oct 25 08:42:39 2016 -0700.py,LeavePOut,4,0,True,25,25,119,/Users/neda/Desktop/workspace/BadSmells/util/Python/scikit-learn/_split/_split
73d3f03cf,/Users/neda/Desktop/workspace/BadSmells/util/Python/scikit-learn/_split/_split@73d3f03cf@Tue Oct 25 08:42:39 2016 -0700.py,_BaseKFold,3,5,True,25,25,119,/Users/neda/Desktop/workspace/BadSmells/util/Python/scikit-learn/_split/_split
73d3f03cf,/Users/neda/Desktop/workspace/BadSmells/util/Python/scikit-learn/_split/_split@73d3f03cf@Tue Oct 25 08:42:39 2016 -0700.py,KFold,4,0,True,25,25,119,/Users/neda/Desktop/workspace/BadSmells/util/Python/scikit-learn/_split/_split
73d3f03cf,/Users/neda/Desktop/workspace/BadSmells/util/Python/scikit-learn/_split/_split@73d3f03cf@Tue Oct 25 08:42:39 2016 -0700.py,GroupKFold,4,0,True,25,25,119,/Users/neda/Desktop/workspace/BadSmells/util/Python/scikit-learn/_split/_split
73d3f03cf,/Users/neda/Desktop/workspace/BadSmells/util/Python/scikit-learn/_split/_split@73d3f03cf@Tue Oct 25 08:42:39 2016 -0700.py,StratifiedKFold,4,0,True,25,25,119,/Users/neda/Desktop/workspace/BadSmells/util/Python/scikit-learn/_split/_split
73d3f03cf,/Users/neda/Desktop/workspace/BadSmells/util/Python/scikit-learn/_split/_split@73d3f03cf@Tue Oct 25 08:42:39 2016 -0700.py,TimeSeriesSplit,4,0,True,25,25,119,/Users/neda/Desktop/workspace/BadSmells/util/Python/scikit-learn/_split/_split
73d3f03cf,/Users/neda/Desktop/workspace/BadSmells/util/Python/scikit-learn/_split/_split@73d3f03cf@Tue Oct 25 08:42:39 2016 -0700.py,LeaveOneGroupOut,4,0,True,25,25,119,/Users/neda/Desktop/workspace/BadSmells/util/Python/scikit-learn/_split/_split
73d3f03cf,/Users/neda/Desktop/workspace/BadSmells/util/Python/scikit-learn/_split/_split@73d3f03cf@Tue Oct 25 08:42:39 2016 -0700.py,LeavePGroupsOut,4,0,True,25,25,119,/Users/neda/Desktop/workspace/BadSmells/util/Python/scikit-learn/_split/_split
73d3f03cf,/Users/neda/Desktop/workspace/BadSmells/util/Python/scikit-learn/_split/_split@73d3f03cf@Tue Oct 25 08:42:39 2016 -0700.py,BaseShuffleSplit,3,2,False,25,25,119,/Users/neda/Desktop/workspace/BadSmells/util/Python/scikit-learn/_split/_split
73d3f03cf,/Users/neda/Desktop/workspace/BadSmells/util/Python/scikit-learn/_split/_split@73d3f03cf@Tue Oct 25 08:42:39 2016 -0700.py,ShuffleSplit,4,2,True,25,25,119,/Users/neda/Desktop/workspace/BadSmells/util/Python/scikit-learn/_split/_split
73d3f03cf,/Users/neda/Desktop/workspace/BadSmells/util/Python/scikit-learn/_split/_split@73d3f03cf@Tue Oct 25 08:42:39 2016 -0700.py,GroupShuffleSplit,5,0,True,25,25,119,/Users/neda/Desktop/workspace/BadSmells/util/Python/scikit-learn/_split/_split
73d3f03cf,/Users/neda/Desktop/workspace/BadSmells/util/Python/scikit-learn/_split/_split@73d3f03cf@Tue Oct 25 08:42:39 2016 -0700.py,StratifiedShuffleSplit,4,0,True,25,25,119,/Users/neda/Desktop/workspace/BadSmells/util/Python/scikit-learn/_split/_split
73d3f03cf,/Users/neda/Desktop/workspace/BadSmells/util/Python/scikit-learn/_split/_split@73d3f03cf@Tue Oct 25 08:42:39 2016 -0700.py,PredefinedSplit,4,0,True,25,25,119,/Users/neda/Desktop/workspace/BadSmells/util/Python/scikit-learn/_split/_split
73d3f03cf,/Users/neda/Desktop/workspace/BadSmells/util/Python/scikit-learn/_split/_split@73d3f03cf@Tue Oct 25 08:42:39 2016 -0700.py,_CVIterableWrapper,4,0,True,25,25,119,/Users/neda/Desktop/workspace/BadSmells/util/Python/scikit-learn/_split/_split
b6015fb9f,/Users/neda/Desktop/workspace/BadSmells/util/Python/scikit-learn/setup/setup@2d0a200a4@Tue Jan 5 15:18:47 2010 +0000.py,SetupOption,1,0,False,4,6,505,/Users/neda/Desktop/workspace/BadSmells/util/Python/scikit-learn/setup/setup
fb65a0a4b,/Users/neda/Desktop/workspace/BadSmells/util/Python/scikit-learn/weight_boosting/weight_boosting@fa5987385@Mon Oct 17 06:49:23 2016 -0700.py,BaseWeightBoosting,3,2,False,147,149,174,/Users/neda/Desktop/workspace/BadSmells/util/Python/scikit-learn/weight_boosting/weight_boosting
fb65a0a4b,/Users/neda/Desktop/workspace/BadSmells/util/Python/scikit-learn/weight_boosting/weight_boosting@fa5987385@Mon Oct 17 06:49:23 2016 -0700.py,AdaBoostClassifier,4,0,True,147,149,174,/Users/neda/Desktop/workspace/BadSmells/util/Python/scikit-learn/weight_boosting/weight_boosting
fb65a0a4b,/Users/neda/Desktop/workspace/BadSmells/util/Python/scikit-learn/weight_boosting/weight_boosting@fa5987385@Mon Oct 17 06:49:23 2016 -0700.py,AdaBoostRegressor,4,0,True,147,149,174,/Users/neda/Desktop/workspace/BadSmells/util/Python/scikit-learn/weight_boosting/weight_boosting
fb65a0a4b,/Users/neda/Desktop/workspace/BadSmells/util/Python/scikit-learn/weight_boosting/weight_boosting@04b67e2bc@Sat Dec 3 15:56:22 2016 -0500.py,BaseWeightBoosting,3,2,False,148,149,174,/Users/neda/Desktop/workspace/BadSmells/util/Python/scikit-learn/weight_boosting/weight_boosting
fb65a0a4b,/Users/neda/Desktop/workspace/BadSmells/util/Python/scikit-learn/weight_boosting/weight_boosting@04b67e2bc@Sat Dec 3 15:56:22 2016 -0500.py,AdaBoostClassifier,4,0,True,148,149,174,/Users/neda/Desktop/workspace/BadSmells/util/Python/scikit-learn/weight_boosting/weight_boosting
fb65a0a4b,/Users/neda/Desktop/workspace/BadSmells/util/Python/scikit-learn/weight_boosting/weight_boosting@04b67e2bc@Sat Dec 3 15:56:22 2016 -0500.py,AdaBoostRegressor,4,0,True,148,149,174,/Users/neda/Desktop/workspace/BadSmells/util/Python/scikit-learn/weight_boosting/weight_boosting
fb65a0a4b,/Users/neda/Desktop/workspace/BadSmells/util/Python/scikit-learn/weight_boosting/weight_boosting@fb65a0a4b@Mon Feb 20 22:06:39 2017 +0100.py,BaseWeightBoosting,3,2,False,149,149,174,/Users/neda/Desktop/workspace/BadSmells/util/Python/scikit-learn/weight_boosting/weight_boosting
fb65a0a4b,/Users/neda/Desktop/workspace/BadSmells/util/Python/scikit-learn/weight_boosting/weight_boosting@fb65a0a4b@Mon Feb 20 22:06:39 2017 +0100.py,AdaBoostClassifier,4,0,True,149,149,174,/Users/neda/Desktop/workspace/BadSmells/util/Python/scikit-learn/weight_boosting/weight_boosting
fb65a0a4b,/Users/neda/Desktop/workspace/BadSmells/util/Python/scikit-learn/weight_boosting/weight_boosting@fb65a0a4b@Mon Feb 20 22:06:39 2017 +0100.py,AdaBoostRegressor,4,0,True,149,149,174,/Users/neda/Desktop/workspace/BadSmells/util/Python/scikit-learn/weight_boosting/weight_boosting
946fddec7,/Users/neda/Desktop/workspace/BadSmells/util/Python/scikit-learn/fixes/fixes@75d3f29e7@Fri Mar 20 13:57:18 2020 +0100.py,loguniform,3,0,False,123,125,130,/Users/neda/Desktop/workspace/BadSmells/util/Python/scikit-learn/fixes/fixes
946fddec7,/Users/neda/Desktop/workspace/BadSmells/util/Python/scikit-learn/fixes/fixes@5a4340834@Mon Mar 30 15:41:05 2020 +0200.py,loguniform,3,0,False,124,125,130,/Users/neda/Desktop/workspace/BadSmells/util/Python/scikit-learn/fixes/fixes
946fddec7,/Users/neda/Desktop/workspace/BadSmells/util/Python/scikit-learn/fixes/fixes@946fddec7@Thu Apr 23 10:19:45 2020 -0400.py,loguniform,3,0,False,125,125,130,/Users/neda/Desktop/workspace/BadSmells/util/Python/scikit-learn/fixes/fixes
a99078063,/Users/neda/Desktop/workspace/BadSmells/util/Python/scikit-learn/stochastic_gradient/stochastic_gradient@9df6c7f6d@Thu Dec 2 11:14:02 2010 +0100.py,SGDClassifier,4,0,True,0,1,312,/Users/neda/Desktop/workspace/BadSmells/util/Python/scikit-learn/stochastic_gradient/stochastic_gradient
a99078063,/Users/neda/Desktop/workspace/BadSmells/util/Python/scikit-learn/stochastic_gradient/stochastic_gradient@9df6c7f6d@Thu Dec 2 11:14:02 2010 +0100.py,SGDRegressor,4,0,True,0,1,312,/Users/neda/Desktop/workspace/BadSmells/util/Python/scikit-learn/stochastic_gradient/stochastic_gradient
a99078063,/Users/neda/Desktop/workspace/BadSmells/util/Python/scikit-learn/stochastic_gradient/stochastic_gradient@a99078063@Fri Dec 3 11:25:43 2010 +0100.py,SGDClassifier,4,0,True,1,1,312,/Users/neda/Desktop/workspace/BadSmells/util/Python/scikit-learn/stochastic_gradient/stochastic_gradient
a99078063,/Users/neda/Desktop/workspace/BadSmells/util/Python/scikit-learn/stochastic_gradient/stochastic_gradient@a99078063@Fri Dec 3 11:25:43 2010 +0100.py,SGDRegressor,4,0,True,1,1,312,/Users/neda/Desktop/workspace/BadSmells/util/Python/scikit-learn/stochastic_gradient/stochastic_gradient
32d1236f4,/Users/neda/Desktop/workspace/BadSmells/util/Python/scikit-learn/bagging/bagging@e8a8a6751@Wed Mar 16 00:11:00 2016 +0100.py,BaseBagging,3,3,False,50,52,86,/Users/neda/Desktop/workspace/BadSmells/util/Python/scikit-learn/bagging/bagging
32d1236f4,/Users/neda/Desktop/workspace/BadSmells/util/Python/scikit-learn/bagging/bagging@e8a8a6751@Wed Mar 16 00:11:00 2016 +0100.py,BaggingClassifier,4,0,True,50,52,86,/Users/neda/Desktop/workspace/BadSmells/util/Python/scikit-learn/bagging/bagging
32d1236f4,/Users/neda/Desktop/workspace/BadSmells/util/Python/scikit-learn/bagging/bagging@e8a8a6751@Wed Mar 16 00:11:00 2016 +0100.py,BaggingRegressor,4,0,True,50,52,86,/Users/neda/Desktop/workspace/BadSmells/util/Python/scikit-learn/bagging/bagging
32d1236f4,/Users/neda/Desktop/workspace/BadSmells/util/Python/scikit-learn/bagging/bagging@277b05871@Mon Aug 22 23:59:32 2016 -0700.py,BaseBagging,3,3,False,51,52,86,/Users/neda/Desktop/workspace/BadSmells/util/Python/scikit-learn/bagging/bagging
32d1236f4,/Users/neda/Desktop/workspace/BadSmells/util/Python/scikit-learn/bagging/bagging@277b05871@Mon Aug 22 23:59:32 2016 -0700.py,BaggingClassifier,4,0,True,51,52,86,/Users/neda/Desktop/workspace/BadSmells/util/Python/scikit-learn/bagging/bagging
32d1236f4,/Users/neda/Desktop/workspace/BadSmells/util/Python/scikit-learn/bagging/bagging@277b05871@Mon Aug 22 23:59:32 2016 -0700.py,BaggingRegressor,4,0,True,51,52,86,/Users/neda/Desktop/workspace/BadSmells/util/Python/scikit-learn/bagging/bagging
32d1236f4,/Users/neda/Desktop/workspace/BadSmells/util/Python/scikit-learn/bagging/bagging@32d1236f4@Fri Sep 23 17:00:32 2016 +1000.py,BaseBagging,3,3,False,52,52,86,/Users/neda/Desktop/workspace/BadSmells/util/Python/scikit-learn/bagging/bagging
32d1236f4,/Users/neda/Desktop/workspace/BadSmells/util/Python/scikit-learn/bagging/bagging@32d1236f4@Fri Sep 23 17:00:32 2016 +1000.py,BaggingClassifier,4,0,True,52,52,86,/Users/neda/Desktop/workspace/BadSmells/util/Python/scikit-learn/bagging/bagging
32d1236f4,/Users/neda/Desktop/workspace/BadSmells/util/Python/scikit-learn/bagging/bagging@32d1236f4@Fri Sep 23 17:00:32 2016 +1000.py,BaggingRegressor,4,0,True,52,52,86,/Users/neda/Desktop/workspace/BadSmells/util/Python/scikit-learn/bagging/bagging
b0c03d128,/Users/neda/Desktop/workspace/BadSmells/util/Python/scikit-learn/_dict_learning/_dict_learning@03f8a2ec1@Wed Jun 17 10:55:20 2020 -0700.py,SparseCodingMixin,2,3,False,11,13,20,/Users/neda/Desktop/workspace/BadSmells/util/Python/scikit-learn/_dict_learning/_dict_learning
b0c03d128,/Users/neda/Desktop/workspace/BadSmells/util/Python/scikit-learn/_dict_learning/_dict_learning@03f8a2ec1@Wed Jun 17 10:55:20 2020 -0700.py,SparseCoder,3,0,False,11,13,20,/Users/neda/Desktop/workspace/BadSmells/util/Python/scikit-learn/_dict_learning/_dict_learning
b0c03d128,/Users/neda/Desktop/workspace/BadSmells/util/Python/scikit-learn/_dict_learning/_dict_learning@03f8a2ec1@Wed Jun 17 10:55:20 2020 -0700.py,DictionaryLearning,3,0,False,11,13,20,/Users/neda/Desktop/workspace/BadSmells/util/Python/scikit-learn/_dict_learning/_dict_learning
b0c03d128,/Users/neda/Desktop/workspace/BadSmells/util/Python/scikit-learn/_dict_learning/_dict_learning@03f8a2ec1@Wed Jun 17 10:55:20 2020 -0700.py,MiniBatchDictionaryLearning,3,0,False,11,13,20,/Users/neda/Desktop/workspace/BadSmells/util/Python/scikit-learn/_dict_learning/_dict_learning
b0c03d128,/Users/neda/Desktop/workspace/BadSmells/util/Python/scikit-learn/_dict_learning/_dict_learning@9ea4edd97@Wed Jun 24 11:13:21 2020 +0200.py,SparseCodingMixin,2,3,False,12,13,20,/Users/neda/Desktop/workspace/BadSmells/util/Python/scikit-learn/_dict_learning/_dict_learning
b0c03d128,/Users/neda/Desktop/workspace/BadSmells/util/Python/scikit-learn/_dict_learning/_dict_learning@9ea4edd97@Wed Jun 24 11:13:21 2020 +0200.py,SparseCoder,3,0,False,12,13,20,/Users/neda/Desktop/workspace/BadSmells/util/Python/scikit-learn/_dict_learning/_dict_learning
b0c03d128,/Users/neda/Desktop/workspace/BadSmells/util/Python/scikit-learn/_dict_learning/_dict_learning@9ea4edd97@Wed Jun 24 11:13:21 2020 +0200.py,DictionaryLearning,3,0,False,12,13,20,/Users/neda/Desktop/workspace/BadSmells/util/Python/scikit-learn/_dict_learning/_dict_learning
b0c03d128,/Users/neda/Desktop/workspace/BadSmells/util/Python/scikit-learn/_dict_learning/_dict_learning@9ea4edd97@Wed Jun 24 11:13:21 2020 +0200.py,MiniBatchDictionaryLearning,3,0,False,12,13,20,/Users/neda/Desktop/workspace/BadSmells/util/Python/scikit-learn/_dict_learning/_dict_learning
b0c03d128,/Users/neda/Desktop/workspace/BadSmells/util/Python/scikit-learn/_dict_learning/_dict_learning@b0c03d128@Thu Jun 25 23:05:19 2020 +0200.py,_BaseSparseCoding,2,3,False,13,13,20,/Users/neda/Desktop/workspace/BadSmells/util/Python/scikit-learn/_dict_learning/_dict_learning
b0c03d128,/Users/neda/Desktop/workspace/BadSmells/util/Python/scikit-learn/_dict_learning/_dict_learning@b0c03d128@Thu Jun 25 23:05:19 2020 +0200.py,SparseCoder,3,0,False,13,13,20,/Users/neda/Desktop/workspace/BadSmells/util/Python/scikit-learn/_dict_learning/_dict_learning
b0c03d128,/Users/neda/Desktop/workspace/BadSmells/util/Python/scikit-learn/_dict_learning/_dict_learning@b0c03d128@Thu Jun 25 23:05:19 2020 +0200.py,DictionaryLearning,3,0,False,13,13,20,/Users/neda/Desktop/workspace/BadSmells/util/Python/scikit-learn/_dict_learning/_dict_learning
b0c03d128,/Users/neda/Desktop/workspace/BadSmells/util/Python/scikit-learn/_dict_learning/_dict_learning@b0c03d128@Thu Jun 25 23:05:19 2020 +0200.py,MiniBatchDictionaryLearning,3,0,False,13,13,20,/Users/neda/Desktop/workspace/BadSmells/util/Python/scikit-learn/_dict_learning/_dict_learning
94dc28092,/Users/neda/Desktop/workspace/BadSmells/util/Python/scikit-learn/logger/logger@78dd8b562@Tue Sep 6 23:12:26 2011 +0200.py,Logger,1,3,False,6,8,20,/Users/neda/Desktop/workspace/BadSmells/util/Python/scikit-learn/logger/logger
94dc28092,/Users/neda/Desktop/workspace/BadSmells/util/Python/scikit-learn/logger/logger@78dd8b562@Tue Sep 6 23:12:26 2011 +0200.py,PrintTime,1,0,False,6,8,20,/Users/neda/Desktop/workspace/BadSmells/util/Python/scikit-learn/logger/logger
94dc28092,/Users/neda/Desktop/workspace/BadSmells/util/Python/scikit-learn/logger/logger@b9d0a7602@Sun Dec 18 00:12:22 2011 +0100.py,Logger,1,3,False,7,8,20,/Users/neda/Desktop/workspace/BadSmells/util/Python/scikit-learn/logger/logger
94dc28092,/Users/neda/Desktop/workspace/BadSmells/util/Python/scikit-learn/logger/logger@b9d0a7602@Sun Dec 18 00:12:22 2011 +0100.py,PrintTime,1,0,False,7,8,20,/Users/neda/Desktop/workspace/BadSmells/util/Python/scikit-learn/logger/logger
94dc28092,/Users/neda/Desktop/workspace/BadSmells/util/Python/scikit-learn/logger/logger@94dc28092@Tue Feb 7 17:10:50 2012 +0100.py,Logger,1,3,False,8,8,20,/Users/neda/Desktop/workspace/BadSmells/util/Python/scikit-learn/logger/logger
94dc28092,/Users/neda/Desktop/workspace/BadSmells/util/Python/scikit-learn/logger/logger@94dc28092@Tue Feb 7 17:10:50 2012 +0100.py,PrintTime,1,0,False,8,8,20,/Users/neda/Desktop/workspace/BadSmells/util/Python/scikit-learn/logger/logger
576775d6d,/Users/neda/Desktop/workspace/BadSmells/util/Python/scikit-learn/_mds/_mds@973ec69d5@Sun Aug 2 21:57:23 2020 +0200.py,MDS,2,0,False,5,7,10,/Users/neda/Desktop/workspace/BadSmells/util/Python/scikit-learn/_mds/_mds
576775d6d,/Users/neda/Desktop/workspace/BadSmells/util/Python/scikit-learn/_mds/_mds@8ff1a9380@Sun Aug 23 09:29:04 2020 +0200.py,MDS,2,0,False,6,7,10,/Users/neda/Desktop/workspace/BadSmells/util/Python/scikit-learn/_mds/_mds
576775d6d,/Users/neda/Desktop/workspace/BadSmells/util/Python/scikit-learn/_mds/_mds@576775d6d@Fri Aug 28 06:26:08 2020 -0400.py,MDS,2,0,False,7,7,10,/Users/neda/Desktop/workspace/BadSmells/util/Python/scikit-learn/_mds/_mds
19c8af6d6,/Users/neda/Desktop/workspace/BadSmells/util/Python/scikit-learn/scorer/scorer@0e3bb17e6@Fri Feb 8 13:13:34 2019 +0100.py,_BaseScorer,2,3,False,78,80,93,/Users/neda/Desktop/workspace/BadSmells/util/Python/scikit-learn/scorer/scorer
19c8af6d6,/Users/neda/Desktop/workspace/BadSmells/util/Python/scikit-learn/scorer/scorer@0e3bb17e6@Fri Feb 8 13:13:34 2019 +0100.py,_PredictScorer,3,0,False,78,80,93,/Users/neda/Desktop/workspace/BadSmells/util/Python/scikit-learn/scorer/scorer
19c8af6d6,/Users/neda/Desktop/workspace/BadSmells/util/Python/scikit-learn/scorer/scorer@0e3bb17e6@Fri Feb 8 13:13:34 2019 +0100.py,_ProbaScorer,3,0,False,78,80,93,/Users/neda/Desktop/workspace/BadSmells/util/Python/scikit-learn/scorer/scorer
19c8af6d6,/Users/neda/Desktop/workspace/BadSmells/util/Python/scikit-learn/scorer/scorer@0e3bb17e6@Fri Feb 8 13:13:34 2019 +0100.py,_ThresholdScorer,3,0,False,78,80,93,/Users/neda/Desktop/workspace/BadSmells/util/Python/scikit-learn/scorer/scorer
19c8af6d6,/Users/neda/Desktop/workspace/BadSmells/util/Python/scikit-learn/scorer/scorer@8a4cb4871@Thu Feb 28 11:49:50 2019 +0200.py,_BaseScorer,2,3,False,79,80,93,/Users/neda/Desktop/workspace/BadSmells/util/Python/scikit-learn/scorer/scorer
19c8af6d6,/Users/neda/Desktop/workspace/BadSmells/util/Python/scikit-learn/scorer/scorer@8a4cb4871@Thu Feb 28 11:49:50 2019 +0200.py,_PredictScorer,3,0,False,79,80,93,/Users/neda/Desktop/workspace/BadSmells/util/Python/scikit-learn/scorer/scorer
19c8af6d6,/Users/neda/Desktop/workspace/BadSmells/util/Python/scikit-learn/scorer/scorer@8a4cb4871@Thu Feb 28 11:49:50 2019 +0200.py,_ProbaScorer,3,0,False,79,80,93,/Users/neda/Desktop/workspace/BadSmells/util/Python/scikit-learn/scorer/scorer
19c8af6d6,/Users/neda/Desktop/workspace/BadSmells/util/Python/scikit-learn/scorer/scorer@8a4cb4871@Thu Feb 28 11:49:50 2019 +0200.py,_ThresholdScorer,3,0,False,79,80,93,/Users/neda/Desktop/workspace/BadSmells/util/Python/scikit-learn/scorer/scorer
19c8af6d6,/Users/neda/Desktop/workspace/BadSmells/util/Python/scikit-learn/scorer/scorer@19c8af6d6@Wed Mar 13 23:59:08 2019 +1100.py,_BaseScorer,2,3,False,80,80,93,/Users/neda/Desktop/workspace/BadSmells/util/Python/scikit-learn/scorer/scorer
19c8af6d6,/Users/neda/Desktop/workspace/BadSmells/util/Python/scikit-learn/scorer/scorer@19c8af6d6@Wed Mar 13 23:59:08 2019 +1100.py,_PredictScorer,3,0,False,80,80,93,/Users/neda/Desktop/workspace/BadSmells/util/Python/scikit-learn/scorer/scorer
19c8af6d6,/Users/neda/Desktop/workspace/BadSmells/util/Python/scikit-learn/scorer/scorer@19c8af6d6@Wed Mar 13 23:59:08 2019 +1100.py,_ProbaScorer,3,0,False,80,80,93,/Users/neda/Desktop/workspace/BadSmells/util/Python/scikit-learn/scorer/scorer
19c8af6d6,/Users/neda/Desktop/workspace/BadSmells/util/Python/scikit-learn/scorer/scorer@19c8af6d6@Wed Mar 13 23:59:08 2019 +1100.py,_ThresholdScorer,3,0,False,80,80,93,/Users/neda/Desktop/workspace/BadSmells/util/Python/scikit-learn/scorer/scorer
e3423b989,/Users/neda/Desktop/workspace/BadSmells/util/Python/scikit-learn/gpc/gpc@403b5f141@Sat Mar 7 20:10:07 2015 +0100.py,GaussianProcessClassifier,2,0,False,8,10,62,/Users/neda/Desktop/workspace/BadSmells/util/Python/scikit-learn/gpc/gpc
e3423b989,/Users/neda/Desktop/workspace/BadSmells/util/Python/scikit-learn/gpc/gpc@2feb6e02c@Sun Mar 8 11:06:53 2015 +0100.py,GaussianProcessClassifier,2,0,False,9,10,62,/Users/neda/Desktop/workspace/BadSmells/util/Python/scikit-learn/gpc/gpc
e3423b989,/Users/neda/Desktop/workspace/BadSmells/util/Python/scikit-learn/gpc/gpc@e3423b989@Sun Mar 8 18:43:28 2015 +0100.py,GaussianProcessClassifier,2,0,False,10,10,62,/Users/neda/Desktop/workspace/BadSmells/util/Python/scikit-learn/gpc/gpc
0dc22798e,/Users/neda/Desktop/workspace/BadSmells/util/Python/scikit-learn/label_propagation/label_propagation@070093ed7@Wed Sep 21 13:00:24 2016 +0200.py,LabelPropagation,2,0,False,96,98,115,/Users/neda/Desktop/workspace/BadSmells/util/Python/scikit-learn/label_propagation/label_propagation
0dc22798e,/Users/neda/Desktop/workspace/BadSmells/util/Python/scikit-learn/label_propagation/label_propagation@070093ed7@Wed Sep 21 13:00:24 2016 +0200.py,LabelSpreading,2,0,False,96,98,115,/Users/neda/Desktop/workspace/BadSmells/util/Python/scikit-learn/label_propagation/label_propagation
0dc22798e,/Users/neda/Desktop/workspace/BadSmells/util/Python/scikit-learn/label_propagation/label_propagation@738053e65@Fri Jun 9 16:23:55 2017 +0200.py,LabelPropagation,2,0,False,97,98,115,/Users/neda/Desktop/workspace/BadSmells/util/Python/scikit-learn/label_propagation/label_propagation
0dc22798e,/Users/neda/Desktop/workspace/BadSmells/util/Python/scikit-learn/label_propagation/label_propagation@738053e65@Fri Jun 9 16:23:55 2017 +0200.py,LabelSpreading,2,0,False,97,98,115,/Users/neda/Desktop/workspace/BadSmells/util/Python/scikit-learn/label_propagation/label_propagation
0dc22798e,/Users/neda/Desktop/workspace/BadSmells/util/Python/scikit-learn/label_propagation/label_propagation@0dc22798e@Tue Jul 4 00:20:52 2017 +0200.py,LabelPropagation,2,0,False,98,98,115,/Users/neda/Desktop/workspace/BadSmells/util/Python/scikit-learn/label_propagation/label_propagation
0dc22798e,/Users/neda/Desktop/workspace/BadSmells/util/Python/scikit-learn/label_propagation/label_propagation@0dc22798e@Tue Jul 4 00:20:52 2017 +0200.py,LabelSpreading,2,0,False,98,98,115,/Users/neda/Desktop/workspace/BadSmells/util/Python/scikit-learn/label_propagation/label_propagation
12c577fef,/Users/neda/Desktop/workspace/BadSmells/util/Python/scikit-learn/bagging/bagging@b7267f0ab@Thu Apr 7 23:34:16 2011 -0700.py,Bagged,3,0,False,0,1,86,/Users/neda/Desktop/workspace/BadSmells/util/Python/scikit-learn/bagging/bagging
12c577fef,/Users/neda/Desktop/workspace/BadSmells/util/Python/scikit-learn/bagging/bagging@12c577fef@Fri Apr 8 00:49:36 2011 -0700.py,Bagged,3,0,False,1,1,86,/Users/neda/Desktop/workspace/BadSmells/util/Python/scikit-learn/bagging/bagging
4f3c60c82,/Users/neda/Desktop/workspace/BadSmells/util/Python/scikit-learn/iforest/iforest@c77003caf@Sun Oct 30 18:07:50 2016 -0700.py,IsolationForest,4,0,True,25,27,62,/Users/neda/Desktop/workspace/BadSmells/util/Python/scikit-learn/iforest/iforest
4f3c60c82,/Users/neda/Desktop/workspace/BadSmells/util/Python/scikit-learn/iforest/iforest@5c4b1bb23@Fri Dec 9 12:43:38 2016 -0500.py,IsolationForest,4,0,True,26,27,62,/Users/neda/Desktop/workspace/BadSmells/util/Python/scikit-learn/iforest/iforest
4f3c60c82,/Users/neda/Desktop/workspace/BadSmells/util/Python/scikit-learn/iforest/iforest@4f3c60c82@Tue Dec 27 16:53:04 2016 +0530.py,IsolationForest,4,0,True,27,27,62,/Users/neda/Desktop/workspace/BadSmells/util/Python/scikit-learn/iforest/iforest
b580ad5df,/Users/neda/Desktop/workspace/BadSmells/util/Python/scikit-learn/estimator_checks/estimator_checks@8fe89ea52@Thu Jun 13 12:00:44 2019 +0200.py,NotAnArray,1,0,False,211,213,286,/Users/neda/Desktop/workspace/BadSmells/util/Python/scikit-learn/estimator_checks/estimator_checks
b580ad5df,/Users/neda/Desktop/workspace/BadSmells/util/Python/scikit-learn/estimator_checks/estimator_checks@76ce7c5b6@Thu Jun 13 18:06:01 2019 +0200.py,NotAnArray,1,0,False,212,213,286,/Users/neda/Desktop/workspace/BadSmells/util/Python/scikit-learn/estimator_checks/estimator_checks
b580ad5df,/Users/neda/Desktop/workspace/BadSmells/util/Python/scikit-learn/estimator_checks/estimator_checks@b580ad5df@Thu Jun 13 16:36:42 2019 -0400.py,NotAnArray,1,0,False,213,213,286,/Users/neda/Desktop/workspace/BadSmells/util/Python/scikit-learn/estimator_checks/estimator_checks
ee3e61754,/Users/neda/Desktop/workspace/BadSmells/util/Python/scikit-learn/univariate_selection/univariate_selection@9539c0c00@Sun Jul 31 17:35:19 2016 +1000.py,_BaseFilter,2,6,True,126,128,144,/Users/neda/Desktop/workspace/BadSmells/util/Python/scikit-learn/univariate_selection/univariate_selection
ee3e61754,/Users/neda/Desktop/workspace/BadSmells/util/Python/scikit-learn/univariate_selection/univariate_selection@9539c0c00@Sun Jul 31 17:35:19 2016 +1000.py,SelectPercentile,3,0,False,126,128,144,/Users/neda/Desktop/workspace/BadSmells/util/Python/scikit-learn/univariate_selection/univariate_selection
ee3e61754,/Users/neda/Desktop/workspace/BadSmells/util/Python/scikit-learn/univariate_selection/univariate_selection@9539c0c00@Sun Jul 31 17:35:19 2016 +1000.py,SelectKBest,3,0,False,126,128,144,/Users/neda/Desktop/workspace/BadSmells/util/Python/scikit-learn/univariate_selection/univariate_selection
ee3e61754,/Users/neda/Desktop/workspace/BadSmells/util/Python/scikit-learn/univariate_selection/univariate_selection@9539c0c00@Sun Jul 31 17:35:19 2016 +1000.py,SelectFpr,3,0,False,126,128,144,/Users/neda/Desktop/workspace/BadSmells/util/Python/scikit-learn/univariate_selection/univariate_selection
ee3e61754,/Users/neda/Desktop/workspace/BadSmells/util/Python/scikit-learn/univariate_selection/univariate_selection@9539c0c00@Sun Jul 31 17:35:19 2016 +1000.py,SelectFdr,3,0,False,126,128,144,/Users/neda/Desktop/workspace/BadSmells/util/Python/scikit-learn/univariate_selection/univariate_selection
ee3e61754,/Users/neda/Desktop/workspace/BadSmells/util/Python/scikit-learn/univariate_selection/univariate_selection@9539c0c00@Sun Jul 31 17:35:19 2016 +1000.py,SelectFwe,3,0,False,126,128,144,/Users/neda/Desktop/workspace/BadSmells/util/Python/scikit-learn/univariate_selection/univariate_selection
ee3e61754,/Users/neda/Desktop/workspace/BadSmells/util/Python/scikit-learn/univariate_selection/univariate_selection@9539c0c00@Sun Jul 31 17:35:19 2016 +1000.py,GenericUnivariateSelect,3,0,False,126,128,144,/Users/neda/Desktop/workspace/BadSmells/util/Python/scikit-learn/univariate_selection/univariate_selection
ee3e61754,/Users/neda/Desktop/workspace/BadSmells/util/Python/scikit-learn/univariate_selection/univariate_selection@2caa1445f@Thu Oct 20 10:06:32 2016 +0800.py,_BaseFilter,2,6,True,127,128,144,/Users/neda/Desktop/workspace/BadSmells/util/Python/scikit-learn/univariate_selection/univariate_selection
ee3e61754,/Users/neda/Desktop/workspace/BadSmells/util/Python/scikit-learn/univariate_selection/univariate_selection@2caa1445f@Thu Oct 20 10:06:32 2016 +0800.py,SelectPercentile,3,0,False,127,128,144,/Users/neda/Desktop/workspace/BadSmells/util/Python/scikit-learn/univariate_selection/univariate_selection
ee3e61754,/Users/neda/Desktop/workspace/BadSmells/util/Python/scikit-learn/univariate_selection/univariate_selection@2caa1445f@Thu Oct 20 10:06:32 2016 +0800.py,SelectKBest,3,0,False,127,128,144,/Users/neda/Desktop/workspace/BadSmells/util/Python/scikit-learn/univariate_selection/univariate_selection
ee3e61754,/Users/neda/Desktop/workspace/BadSmells/util/Python/scikit-learn/univariate_selection/univariate_selection@2caa1445f@Thu Oct 20 10:06:32 2016 +0800.py,SelectFpr,3,0,False,127,128,144,/Users/neda/Desktop/workspace/BadSmells/util/Python/scikit-learn/univariate_selection/univariate_selection
ee3e61754,/Users/neda/Desktop/workspace/BadSmells/util/Python/scikit-learn/univariate_selection/univariate_selection@2caa1445f@Thu Oct 20 10:06:32 2016 +0800.py,SelectFdr,3,0,False,127,128,144,/Users/neda/Desktop/workspace/BadSmells/util/Python/scikit-learn/univariate_selection/univariate_selection
ee3e61754,/Users/neda/Desktop/workspace/BadSmells/util/Python/scikit-learn/univariate_selection/univariate_selection@2caa1445f@Thu Oct 20 10:06:32 2016 +0800.py,SelectFwe,3,0,False,127,128,144,/Users/neda/Desktop/workspace/BadSmells/util/Python/scikit-learn/univariate_selection/univariate_selection
ee3e61754,/Users/neda/Desktop/workspace/BadSmells/util/Python/scikit-learn/univariate_selection/univariate_selection@2caa1445f@Thu Oct 20 10:06:32 2016 +0800.py,GenericUnivariateSelect,3,0,False,127,128,144,/Users/neda/Desktop/workspace/BadSmells/util/Python/scikit-learn/univariate_selection/univariate_selection
ee3e61754,/Users/neda/Desktop/workspace/BadSmells/util/Python/scikit-learn/univariate_selection/univariate_selection@ee3e61754@Thu Oct 20 22:38:23 2016 +0530.py,_BaseFilter,2,6,True,128,128,144,/Users/neda/Desktop/workspace/BadSmells/util/Python/scikit-learn/univariate_selection/univariate_selection
ee3e61754,/Users/neda/Desktop/workspace/BadSmells/util/Python/scikit-learn/univariate_selection/univariate_selection@ee3e61754@Thu Oct 20 22:38:23 2016 +0530.py,SelectPercentile,3,0,False,128,128,144,/Users/neda/Desktop/workspace/BadSmells/util/Python/scikit-learn/univariate_selection/univariate_selection
ee3e61754,/Users/neda/Desktop/workspace/BadSmells/util/Python/scikit-learn/univariate_selection/univariate_selection@ee3e61754@Thu Oct 20 22:38:23 2016 +0530.py,SelectKBest,3,0,False,128,128,144,/Users/neda/Desktop/workspace/BadSmells/util/Python/scikit-learn/univariate_selection/univariate_selection
ee3e61754,/Users/neda/Desktop/workspace/BadSmells/util/Python/scikit-learn/univariate_selection/univariate_selection@ee3e61754@Thu Oct 20 22:38:23 2016 +0530.py,SelectFpr,3,0,False,128,128,144,/Users/neda/Desktop/workspace/BadSmells/util/Python/scikit-learn/univariate_selection/univariate_selection
ee3e61754,/Users/neda/Desktop/workspace/BadSmells/util/Python/scikit-learn/univariate_selection/univariate_selection@ee3e61754@Thu Oct 20 22:38:23 2016 +0530.py,SelectFdr,3,0,False,128,128,144,/Users/neda/Desktop/workspace/BadSmells/util/Python/scikit-learn/univariate_selection/univariate_selection
ee3e61754,/Users/neda/Desktop/workspace/BadSmells/util/Python/scikit-learn/univariate_selection/univariate_selection@ee3e61754@Thu Oct 20 22:38:23 2016 +0530.py,SelectFwe,3,0,False,128,128,144,/Users/neda/Desktop/workspace/BadSmells/util/Python/scikit-learn/univariate_selection/univariate_selection
ee3e61754,/Users/neda/Desktop/workspace/BadSmells/util/Python/scikit-learn/univariate_selection/univariate_selection@ee3e61754@Thu Oct 20 22:38:23 2016 +0530.py,GenericUnivariateSelect,3,0,False,128,128,144,/Users/neda/Desktop/workspace/BadSmells/util/Python/scikit-learn/univariate_selection/univariate_selection
32d1236f4,/Users/neda/Desktop/workspace/BadSmells/util/Python/scikit-learn/base/base@a86fd7f5e@Sat Sep 10 15:41:52 2016 +0200.py,BaseMixture,3,2,False,879,881,1073,/Users/neda/Desktop/workspace/BadSmells/util/Python/scikit-learn/base/base
32d1236f4,/Users/neda/Desktop/workspace/BadSmells/util/Python/scikit-learn/base/base@54b0e4bf6@Tue Sep 20 07:46:45 2016 -0400.py,BaseLibSVM,3,3,False,880,881,1073,/Users/neda/Desktop/workspace/BadSmells/util/Python/scikit-learn/base/base
32d1236f4,/Users/neda/Desktop/workspace/BadSmells/util/Python/scikit-learn/base/base@54b0e4bf6@Tue Sep 20 07:46:45 2016 -0400.py,BaseSVC,3,2,False,880,881,1073,/Users/neda/Desktop/workspace/BadSmells/util/Python/scikit-learn/base/base
32d1236f4,/Users/neda/Desktop/workspace/BadSmells/util/Python/scikit-learn/base/base@32d1236f4@Fri Sep 23 17:00:32 2016 +1000.py,BaseEnsemble,2,0,False,881,881,1073,/Users/neda/Desktop/workspace/BadSmells/util/Python/scikit-learn/base/base
32d1236f4,/Users/neda/Desktop/workspace/BadSmells/util/Python/scikit-learn/forest/forest@0e1fd12d1@Wed Aug 17 05:57:05 2016 +0800.py,ForestRegressor,3,2,False,280,282,347,/Users/neda/Desktop/workspace/BadSmells/util/Python/scikit-learn/forest/forest
32d1236f4,/Users/neda/Desktop/workspace/BadSmells/util/Python/scikit-learn/forest/forest@0e1fd12d1@Wed Aug 17 05:57:05 2016 +0800.py,RandomForestClassifier,2,0,False,280,282,347,/Users/neda/Desktop/workspace/BadSmells/util/Python/scikit-learn/forest/forest
32d1236f4,/Users/neda/Desktop/workspace/BadSmells/util/Python/scikit-learn/forest/forest@0e1fd12d1@Wed Aug 17 05:57:05 2016 +0800.py,RandomForestRegressor,4,0,True,280,282,347,/Users/neda/Desktop/workspace/BadSmells/util/Python/scikit-learn/forest/forest
32d1236f4,/Users/neda/Desktop/workspace/BadSmells/util/Python/scikit-learn/forest/forest@0e1fd12d1@Wed Aug 17 05:57:05 2016 +0800.py,ExtraTreesClassifier,2,0,False,280,282,347,/Users/neda/Desktop/workspace/BadSmells/util/Python/scikit-learn/forest/forest
32d1236f4,/Users/neda/Desktop/workspace/BadSmells/util/Python/scikit-learn/forest/forest@0e1fd12d1@Wed Aug 17 05:57:05 2016 +0800.py,ExtraTreesRegressor,4,0,True,280,282,347,/Users/neda/Desktop/workspace/BadSmells/util/Python/scikit-learn/forest/forest
32d1236f4,/Users/neda/Desktop/workspace/BadSmells/util/Python/scikit-learn/forest/forest@0e1fd12d1@Wed Aug 17 05:57:05 2016 +0800.py,RandomTreesEmbedding,2,0,False,280,282,347,/Users/neda/Desktop/workspace/BadSmells/util/Python/scikit-learn/forest/forest
32d1236f4,/Users/neda/Desktop/workspace/BadSmells/util/Python/scikit-learn/forest/forest@7f4d279dc@Sun Aug 28 10:23:05 2016 -0700.py,ForestRegressor,3,2,False,281,282,347,/Users/neda/Desktop/workspace/BadSmells/util/Python/scikit-learn/forest/forest
32d1236f4,/Users/neda/Desktop/workspace/BadSmells/util/Python/scikit-learn/forest/forest@7f4d279dc@Sun Aug 28 10:23:05 2016 -0700.py,RandomForestClassifier,2,0,False,281,282,347,/Users/neda/Desktop/workspace/BadSmells/util/Python/scikit-learn/forest/forest
32d1236f4,/Users/neda/Desktop/workspace/BadSmells/util/Python/scikit-learn/forest/forest@7f4d279dc@Sun Aug 28 10:23:05 2016 -0700.py,RandomForestRegressor,4,0,True,281,282,347,/Users/neda/Desktop/workspace/BadSmells/util/Python/scikit-learn/forest/forest
32d1236f4,/Users/neda/Desktop/workspace/BadSmells/util/Python/scikit-learn/forest/forest@7f4d279dc@Sun Aug 28 10:23:05 2016 -0700.py,ExtraTreesClassifier,2,0,False,281,282,347,/Users/neda/Desktop/workspace/BadSmells/util/Python/scikit-learn/forest/forest
32d1236f4,/Users/neda/Desktop/workspace/BadSmells/util/Python/scikit-learn/forest/forest@7f4d279dc@Sun Aug 28 10:23:05 2016 -0700.py,ExtraTreesRegressor,4,0,True,281,282,347,/Users/neda/Desktop/workspace/BadSmells/util/Python/scikit-learn/forest/forest
32d1236f4,/Users/neda/Desktop/workspace/BadSmells/util/Python/scikit-learn/forest/forest@7f4d279dc@Sun Aug 28 10:23:05 2016 -0700.py,RandomTreesEmbedding,2,0,False,281,282,347,/Users/neda/Desktop/workspace/BadSmells/util/Python/scikit-learn/forest/forest
32d1236f4,/Users/neda/Desktop/workspace/BadSmells/util/Python/scikit-learn/forest/forest@32d1236f4@Fri Sep 23 17:00:32 2016 +1000.py,ForestRegressor,3,2,False,282,282,347,/Users/neda/Desktop/workspace/BadSmells/util/Python/scikit-learn/forest/forest
32d1236f4,/Users/neda/Desktop/workspace/BadSmells/util/Python/scikit-learn/forest/forest@32d1236f4@Fri Sep 23 17:00:32 2016 +1000.py,RandomForestClassifier,2,0,False,282,282,347,/Users/neda/Desktop/workspace/BadSmells/util/Python/scikit-learn/forest/forest
32d1236f4,/Users/neda/Desktop/workspace/BadSmells/util/Python/scikit-learn/forest/forest@32d1236f4@Fri Sep 23 17:00:32 2016 +1000.py,RandomForestRegressor,4,0,True,282,282,347,/Users/neda/Desktop/workspace/BadSmells/util/Python/scikit-learn/forest/forest
32d1236f4,/Users/neda/Desktop/workspace/BadSmells/util/Python/scikit-learn/forest/forest@32d1236f4@Fri Sep 23 17:00:32 2016 +1000.py,ExtraTreesClassifier,2,0,False,282,282,347,/Users/neda/Desktop/workspace/BadSmells/util/Python/scikit-learn/forest/forest
32d1236f4,/Users/neda/Desktop/workspace/BadSmells/util/Python/scikit-learn/forest/forest@32d1236f4@Fri Sep 23 17:00:32 2016 +1000.py,ExtraTreesRegressor,4,0,True,282,282,347,/Users/neda/Desktop/workspace/BadSmells/util/Python/scikit-learn/forest/forest
32d1236f4,/Users/neda/Desktop/workspace/BadSmells/util/Python/scikit-learn/forest/forest@32d1236f4@Fri Sep 23 17:00:32 2016 +1000.py,RandomTreesEmbedding,2,0,False,282,282,347,/Users/neda/Desktop/workspace/BadSmells/util/Python/scikit-learn/forest/forest
1fe00b589,/Users/neda/Desktop/workspace/BadSmells/util/Python/scikit-learn/base/base@301076e77@Wed Apr 17 12:45:14 2019 -0400.py,BaseEstimator,1,94,True,1006,1007,1073,/Users/neda/Desktop/workspace/BadSmells/util/Python/scikit-learn/base/base
1fe00b589,/Users/neda/Desktop/workspace/BadSmells/util/Python/scikit-learn/base/base@301076e77@Wed Apr 17 12:45:14 2019 -0400.py,ClassifierMixin,1,1,False,1006,1007,1073,/Users/neda/Desktop/workspace/BadSmells/util/Python/scikit-learn/base/base
1fe00b589,/Users/neda/Desktop/workspace/BadSmells/util/Python/scikit-learn/base/base@301076e77@Wed Apr 17 12:45:14 2019 -0400.py,RegressorMixin,1,0,False,1006,1007,1073,/Users/neda/Desktop/workspace/BadSmells/util/Python/scikit-learn/base/base
1fe00b589,/Users/neda/Desktop/workspace/BadSmells/util/Python/scikit-learn/base/base@301076e77@Wed Apr 17 12:45:14 2019 -0400.py,ClusterMixin,1,0,False,1006,1007,1073,/Users/neda/Desktop/workspace/BadSmells/util/Python/scikit-learn/base/base
1fe00b589,/Users/neda/Desktop/workspace/BadSmells/util/Python/scikit-learn/base/base@301076e77@Wed Apr 17 12:45:14 2019 -0400.py,BiclusterMixin,1,0,False,1006,1007,1073,/Users/neda/Desktop/workspace/BadSmells/util/Python/scikit-learn/base/base
1fe00b589,/Users/neda/Desktop/workspace/BadSmells/util/Python/scikit-learn/base/base@301076e77@Wed Apr 17 12:45:14 2019 -0400.py,TransformerMixin,1,3,False,1006,1007,1073,/Users/neda/Desktop/workspace/BadSmells/util/Python/scikit-learn/base/base
1fe00b589,/Users/neda/Desktop/workspace/BadSmells/util/Python/scikit-learn/base/base@301076e77@Wed Apr 17 12:45:14 2019 -0400.py,DensityMixin,1,1,False,1006,1007,1073,/Users/neda/Desktop/workspace/BadSmells/util/Python/scikit-learn/base/base
1fe00b589,/Users/neda/Desktop/workspace/BadSmells/util/Python/scikit-learn/base/base@301076e77@Wed Apr 17 12:45:14 2019 -0400.py,OutlierMixin,1,0,False,1006,1007,1073,/Users/neda/Desktop/workspace/BadSmells/util/Python/scikit-learn/base/base
1fe00b589,/Users/neda/Desktop/workspace/BadSmells/util/Python/scikit-learn/base/base@301076e77@Wed Apr 17 12:45:14 2019 -0400.py,MetaEstimatorMixin,1,0,False,1006,1007,1073,/Users/neda/Desktop/workspace/BadSmells/util/Python/scikit-learn/base/base
1fe00b589,/Users/neda/Desktop/workspace/BadSmells/util/Python/scikit-learn/base/base@301076e77@Wed Apr 17 12:45:14 2019 -0400.py,MultiOutputMixin,1,0,False,1006,1007,1073,/Users/neda/Desktop/workspace/BadSmells/util/Python/scikit-learn/base/base
1fe00b589,/Users/neda/Desktop/workspace/BadSmells/util/Python/scikit-learn/base/base@301076e77@Wed Apr 17 12:45:14 2019 -0400.py,_UnstableArchMixin,1,0,False,1006,1007,1073,/Users/neda/Desktop/workspace/BadSmells/util/Python/scikit-learn/base/base
1fe00b589,/Users/neda/Desktop/workspace/BadSmells/util/Python/scikit-learn/base/base@1fe00b589@Thu Apr 18 05:15:41 2019 -0400.py,BaseEstimator,1,94,True,1007,1007,1073,/Users/neda/Desktop/workspace/BadSmells/util/Python/scikit-learn/base/base
1fe00b589,/Users/neda/Desktop/workspace/BadSmells/util/Python/scikit-learn/base/base@1fe00b589@Thu Apr 18 05:15:41 2019 -0400.py,ClassifierMixin,1,1,False,1007,1007,1073,/Users/neda/Desktop/workspace/BadSmells/util/Python/scikit-learn/base/base
1fe00b589,/Users/neda/Desktop/workspace/BadSmells/util/Python/scikit-learn/base/base@1fe00b589@Thu Apr 18 05:15:41 2019 -0400.py,RegressorMixin,1,0,False,1007,1007,1073,/Users/neda/Desktop/workspace/BadSmells/util/Python/scikit-learn/base/base
1fe00b589,/Users/neda/Desktop/workspace/BadSmells/util/Python/scikit-learn/base/base@1fe00b589@Thu Apr 18 05:15:41 2019 -0400.py,ClusterMixin,1,0,False,1007,1007,1073,/Users/neda/Desktop/workspace/BadSmells/util/Python/scikit-learn/base/base
1fe00b589,/Users/neda/Desktop/workspace/BadSmells/util/Python/scikit-learn/base/base@1fe00b589@Thu Apr 18 05:15:41 2019 -0400.py,BiclusterMixin,1,0,False,1007,1007,1073,/Users/neda/Desktop/workspace/BadSmells/util/Python/scikit-learn/base/base
1fe00b589,/Users/neda/Desktop/workspace/BadSmells/util/Python/scikit-learn/base/base@1fe00b589@Thu Apr 18 05:15:41 2019 -0400.py,TransformerMixin,1,3,False,1007,1007,1073,/Users/neda/Desktop/workspace/BadSmells/util/Python/scikit-learn/base/base
1fe00b589,/Users/neda/Desktop/workspace/BadSmells/util/Python/scikit-learn/base/base@1fe00b589@Thu Apr 18 05:15:41 2019 -0400.py,DensityMixin,1,1,False,1007,1007,1073,/Users/neda/Desktop/workspace/BadSmells/util/Python/scikit-learn/base/base
1fe00b589,/Users/neda/Desktop/workspace/BadSmells/util/Python/scikit-learn/base/base@1fe00b589@Thu Apr 18 05:15:41 2019 -0400.py,OutlierMixin,1,0,False,1007,1007,1073,/Users/neda/Desktop/workspace/BadSmells/util/Python/scikit-learn/base/base
1fe00b589,/Users/neda/Desktop/workspace/BadSmells/util/Python/scikit-learn/base/base@1fe00b589@Thu Apr 18 05:15:41 2019 -0400.py,MetaEstimatorMixin,1,0,False,1007,1007,1073,/Users/neda/Desktop/workspace/BadSmells/util/Python/scikit-learn/base/base
1fe00b589,/Users/neda/Desktop/workspace/BadSmells/util/Python/scikit-learn/base/base@1fe00b589@Thu Apr 18 05:15:41 2019 -0400.py,MultiOutputMixin,1,0,False,1007,1007,1073,/Users/neda/Desktop/workspace/BadSmells/util/Python/scikit-learn/base/base
1fe00b589,/Users/neda/Desktop/workspace/BadSmells/util/Python/scikit-learn/base/base@1fe00b589@Thu Apr 18 05:15:41 2019 -0400.py,_UnstableArchMixin,1,0,False,1007,1007,1073,/Users/neda/Desktop/workspace/BadSmells/util/Python/scikit-learn/base/base
d1f0d1917,/Users/neda/Desktop/workspace/BadSmells/util/Python/scikit-learn/_stacking/_stacking@ee2508ce4@Wed Apr 29 18:31:58 2020 -0400.py,StackingClassifier,2,0,False,15,17,20,/Users/neda/Desktop/workspace/BadSmells/util/Python/scikit-learn/_stacking/_stacking
d1f0d1917,/Users/neda/Desktop/workspace/BadSmells/util/Python/scikit-learn/_stacking/_stacking@ee2508ce4@Wed Apr 29 18:31:58 2020 -0400.py,StackingRegressor,2,0,False,15,17,20,/Users/neda/Desktop/workspace/BadSmells/util/Python/scikit-learn/_stacking/_stacking
d1f0d1917,/Users/neda/Desktop/workspace/BadSmells/util/Python/scikit-learn/_stacking/_stacking@324d3b59e@Sat Jun 6 13:51:07 2020 -0700.py,StackingClassifier,2,0,False,16,17,20,/Users/neda/Desktop/workspace/BadSmells/util/Python/scikit-learn/_stacking/_stacking
d1f0d1917,/Users/neda/Desktop/workspace/BadSmells/util/Python/scikit-learn/_stacking/_stacking@324d3b59e@Sat Jun 6 13:51:07 2020 -0700.py,StackingRegressor,2,0,False,16,17,20,/Users/neda/Desktop/workspace/BadSmells/util/Python/scikit-learn/_stacking/_stacking
d1f0d1917,/Users/neda/Desktop/workspace/BadSmells/util/Python/scikit-learn/_stacking/_stacking@d1f0d1917@Thu Jul 9 05:31:04 2020 -0400.py,StackingClassifier,2,0,False,17,17,20,/Users/neda/Desktop/workspace/BadSmells/util/Python/scikit-learn/_stacking/_stacking
d1f0d1917,/Users/neda/Desktop/workspace/BadSmells/util/Python/scikit-learn/_stacking/_stacking@d1f0d1917@Thu Jul 9 05:31:04 2020 -0400.py,StackingRegressor,2,0,False,17,17,20,/Users/neda/Desktop/workspace/BadSmells/util/Python/scikit-learn/_stacking/_stacking
94dc28092,/Users/neda/Desktop/workspace/BadSmells/util/Python/scikit-learn/parallel/parallel@54fcfc2da@Sat Jan 7 16:37:02 2012 +0100.py,WorkerInterrupt,2,0,False,13,15,48,/Users/neda/Desktop/workspace/BadSmells/util/Python/scikit-learn/parallel/parallel
94dc28092,/Users/neda/Desktop/workspace/BadSmells/util/Python/scikit-learn/parallel/parallel@54fcfc2da@Sat Jan 7 16:37:02 2012 +0100.py,SafeFunction,1,0,False,13,15,48,/Users/neda/Desktop/workspace/BadSmells/util/Python/scikit-learn/parallel/parallel
94dc28092,/Users/neda/Desktop/workspace/BadSmells/util/Python/scikit-learn/parallel/parallel@54fcfc2da@Sat Jan 7 16:37:02 2012 +0100.py,ImmediateApply,1,0,False,13,15,48,/Users/neda/Desktop/workspace/BadSmells/util/Python/scikit-learn/parallel/parallel
94dc28092,/Users/neda/Desktop/workspace/BadSmells/util/Python/scikit-learn/parallel/parallel@54fcfc2da@Sat Jan 7 16:37:02 2012 +0100.py,CallBack,1,0,False,13,15,48,/Users/neda/Desktop/workspace/BadSmells/util/Python/scikit-learn/parallel/parallel
94dc28092,/Users/neda/Desktop/workspace/BadSmells/util/Python/scikit-learn/parallel/parallel@54fcfc2da@Sat Jan 7 16:37:02 2012 +0100.py,Parallel,2,0,False,13,15,48,/Users/neda/Desktop/workspace/BadSmells/util/Python/scikit-learn/parallel/parallel
94dc28092,/Users/neda/Desktop/workspace/BadSmells/util/Python/scikit-learn/parallel/parallel@b9340e4f2@Sat Jan 7 18:01:45 2012 +0100.py,WorkerInterrupt,2,0,False,14,15,48,/Users/neda/Desktop/workspace/BadSmells/util/Python/scikit-learn/parallel/parallel
94dc28092,/Users/neda/Desktop/workspace/BadSmells/util/Python/scikit-learn/parallel/parallel@b9340e4f2@Sat Jan 7 18:01:45 2012 +0100.py,SafeFunction,1,0,False,14,15,48,/Users/neda/Desktop/workspace/BadSmells/util/Python/scikit-learn/parallel/parallel
94dc28092,/Users/neda/Desktop/workspace/BadSmells/util/Python/scikit-learn/parallel/parallel@b9340e4f2@Sat Jan 7 18:01:45 2012 +0100.py,ImmediateApply,1,0,False,14,15,48,/Users/neda/Desktop/workspace/BadSmells/util/Python/scikit-learn/parallel/parallel
94dc28092,/Users/neda/Desktop/workspace/BadSmells/util/Python/scikit-learn/parallel/parallel@b9340e4f2@Sat Jan 7 18:01:45 2012 +0100.py,CallBack,1,0,False,14,15,48,/Users/neda/Desktop/workspace/BadSmells/util/Python/scikit-learn/parallel/parallel
94dc28092,/Users/neda/Desktop/workspace/BadSmells/util/Python/scikit-learn/parallel/parallel@b9340e4f2@Sat Jan 7 18:01:45 2012 +0100.py,Parallel,2,0,False,14,15,48,/Users/neda/Desktop/workspace/BadSmells/util/Python/scikit-learn/parallel/parallel
94dc28092,/Users/neda/Desktop/workspace/BadSmells/util/Python/scikit-learn/parallel/parallel@94dc28092@Tue Feb 7 17:10:50 2012 +0100.py,WorkerInterrupt,2,0,False,15,15,48,/Users/neda/Desktop/workspace/BadSmells/util/Python/scikit-learn/parallel/parallel
94dc28092,/Users/neda/Desktop/workspace/BadSmells/util/Python/scikit-learn/parallel/parallel@94dc28092@Tue Feb 7 17:10:50 2012 +0100.py,SafeFunction,1,0,False,15,15,48,/Users/neda/Desktop/workspace/BadSmells/util/Python/scikit-learn/parallel/parallel
94dc28092,/Users/neda/Desktop/workspace/BadSmells/util/Python/scikit-learn/parallel/parallel@94dc28092@Tue Feb 7 17:10:50 2012 +0100.py,ImmediateApply,1,0,False,15,15,48,/Users/neda/Desktop/workspace/BadSmells/util/Python/scikit-learn/parallel/parallel
94dc28092,/Users/neda/Desktop/workspace/BadSmells/util/Python/scikit-learn/parallel/parallel@94dc28092@Tue Feb 7 17:10:50 2012 +0100.py,CallBack,1,0,False,15,15,48,/Users/neda/Desktop/workspace/BadSmells/util/Python/scikit-learn/parallel/parallel
94dc28092,/Users/neda/Desktop/workspace/BadSmells/util/Python/scikit-learn/parallel/parallel@94dc28092@Tue Feb 7 17:10:50 2012 +0100.py,Parallel,2,0,False,15,15,48,/Users/neda/Desktop/workspace/BadSmells/util/Python/scikit-learn/parallel/parallel
90607f166,/Users/neda/Desktop/workspace/BadSmells/util/Python/scikit-learn/nearest_centroid/nearest_centroid@9551ec85e@Wed Oct 5 23:01:12 2016 -0400.py,NearestCentroid,2,0,False,40,42,51,/Users/neda/Desktop/workspace/BadSmells/util/Python/scikit-learn/nearest_centroid/nearest_centroid
90607f166,/Users/neda/Desktop/workspace/BadSmells/util/Python/scikit-learn/nearest_centroid/nearest_centroid@4397e7ec6@Thu May 18 23:22:10 2017 -0400.py,NearestCentroid,2,0,False,41,42,51,/Users/neda/Desktop/workspace/BadSmells/util/Python/scikit-learn/nearest_centroid/nearest_centroid
90607f166,/Users/neda/Desktop/workspace/BadSmells/util/Python/scikit-learn/nearest_centroid/nearest_centroid@90607f166@Wed Jul 26 02:45:21 2017 +0800.py,NearestCentroid,2,0,False,42,42,51,/Users/neda/Desktop/workspace/BadSmells/util/Python/scikit-learn/nearest_centroid/nearest_centroid
0cffdfa61,/Users/neda/Desktop/workspace/BadSmells/util/Python/scikit-learn/gmm/gmm@89e073515@Sun Jul 17 15:11:49 2016 -0500.py,_GMMBase,2,2,False,185,187,199,/Users/neda/Desktop/workspace/BadSmells/util/Python/scikit-learn/gmm/gmm
0cffdfa61,/Users/neda/Desktop/workspace/BadSmells/util/Python/scikit-learn/gmm/gmm@89e073515@Sun Jul 17 15:11:49 2016 -0500.py,GMM,3,0,False,185,187,199,/Users/neda/Desktop/workspace/BadSmells/util/Python/scikit-learn/gmm/gmm
0cffdfa61,/Users/neda/Desktop/workspace/BadSmells/util/Python/scikit-learn/gmm/gmm@e4b837cc6@Fri Jul 29 19:29:26 2016 -0500.py,_GMMBase,2,2,False,186,187,199,/Users/neda/Desktop/workspace/BadSmells/util/Python/scikit-learn/gmm/gmm
0cffdfa61,/Users/neda/Desktop/workspace/BadSmells/util/Python/scikit-learn/gmm/gmm@e4b837cc6@Fri Jul 29 19:29:26 2016 -0500.py,GMM,3,0,False,186,187,199,/Users/neda/Desktop/workspace/BadSmells/util/Python/scikit-learn/gmm/gmm
0cffdfa61,/Users/neda/Desktop/workspace/BadSmells/util/Python/scikit-learn/gmm/gmm@0cffdfa61@Fri Aug 12 11:04:55 2016 +0300.py,_GMMBase,2,2,False,187,187,199,/Users/neda/Desktop/workspace/BadSmells/util/Python/scikit-learn/gmm/gmm
0cffdfa61,/Users/neda/Desktop/workspace/BadSmells/util/Python/scikit-learn/gmm/gmm@0cffdfa61@Fri Aug 12 11:04:55 2016 +0300.py,GMM,3,0,False,187,187,199,/Users/neda/Desktop/workspace/BadSmells/util/Python/scikit-learn/gmm/gmm
b6015fb9f,/Users/neda/Desktop/workspace/BadSmells/util/Python/scikit-learn/_c_densities/_c_densities@2d0a200a4@Tue Jan 5 15:18:47 2010 +0000.py,DenError,2,0,False,0,1,4,/Users/neda/Desktop/workspace/BadSmells/util/Python/scikit-learn/_c_densities/_c_densities
b6015fb9f,/Users/neda/Desktop/workspace/BadSmells/util/Python/scikit-learn/_c_densities/_c_densities@b6015fb9f@Tue Jan 5 15:25:43 2010 +0000.py,DenError,2,0,False,1,1,4,/Users/neda/Desktop/workspace/BadSmells/util/Python/scikit-learn/_c_densities/_c_densities
19d6d925e,/Users/neda/Desktop/workspace/BadSmells/util/Python/scikit-learn/data/data@f89356577@Sat Aug 13 11:32:16 2016 +0300.py,MinMaxScaler,2,0,False,112,114,202,/Users/neda/Desktop/workspace/BadSmells/util/Python/scikit-learn/data/data
19d6d925e,/Users/neda/Desktop/workspace/BadSmells/util/Python/scikit-learn/data/data@f89356577@Sat Aug 13 11:32:16 2016 +0300.py,StandardScaler,2,0,False,112,114,202,/Users/neda/Desktop/workspace/BadSmells/util/Python/scikit-learn/data/data
19d6d925e,/Users/neda/Desktop/workspace/BadSmells/util/Python/scikit-learn/data/data@f89356577@Sat Aug 13 11:32:16 2016 +0300.py,MaxAbsScaler,2,0,False,112,114,202,/Users/neda/Desktop/workspace/BadSmells/util/Python/scikit-learn/data/data
19d6d925e,/Users/neda/Desktop/workspace/BadSmells/util/Python/scikit-learn/data/data@f89356577@Sat Aug 13 11:32:16 2016 +0300.py,RobustScaler,2,0,False,112,114,202,/Users/neda/Desktop/workspace/BadSmells/util/Python/scikit-learn/data/data
19d6d925e,/Users/neda/Desktop/workspace/BadSmells/util/Python/scikit-learn/data/data@f89356577@Sat Aug 13 11:32:16 2016 +0300.py,PolynomialFeatures,2,0,False,112,114,202,/Users/neda/Desktop/workspace/BadSmells/util/Python/scikit-learn/data/data
19d6d925e,/Users/neda/Desktop/workspace/BadSmells/util/Python/scikit-learn/data/data@f89356577@Sat Aug 13 11:32:16 2016 +0300.py,Normalizer,2,0,False,112,114,202,/Users/neda/Desktop/workspace/BadSmells/util/Python/scikit-learn/data/data
19d6d925e,/Users/neda/Desktop/workspace/BadSmells/util/Python/scikit-learn/data/data@f89356577@Sat Aug 13 11:32:16 2016 +0300.py,Binarizer,2,0,False,112,114,202,/Users/neda/Desktop/workspace/BadSmells/util/Python/scikit-learn/data/data
19d6d925e,/Users/neda/Desktop/workspace/BadSmells/util/Python/scikit-learn/data/data@f89356577@Sat Aug 13 11:32:16 2016 +0300.py,KernelCenterer,2,0,False,112,114,202,/Users/neda/Desktop/workspace/BadSmells/util/Python/scikit-learn/data/data
19d6d925e,/Users/neda/Desktop/workspace/BadSmells/util/Python/scikit-learn/data/data@f89356577@Sat Aug 13 11:32:16 2016 +0300.py,OneHotEncoder,2,0,False,112,114,202,/Users/neda/Desktop/workspace/BadSmells/util/Python/scikit-learn/data/data
19d6d925e,/Users/neda/Desktop/workspace/BadSmells/util/Python/scikit-learn/data/data@02806e978@Sat Aug 13 10:58:49 2016 +0200.py,MinMaxScaler,2,0,False,113,114,202,/Users/neda/Desktop/workspace/BadSmells/util/Python/scikit-learn/data/data
19d6d925e,/Users/neda/Desktop/workspace/BadSmells/util/Python/scikit-learn/data/data@02806e978@Sat Aug 13 10:58:49 2016 +0200.py,StandardScaler,2,0,False,113,114,202,/Users/neda/Desktop/workspace/BadSmells/util/Python/scikit-learn/data/data
19d6d925e,/Users/neda/Desktop/workspace/BadSmells/util/Python/scikit-learn/data/data@02806e978@Sat Aug 13 10:58:49 2016 +0200.py,MaxAbsScaler,2,0,False,113,114,202,/Users/neda/Desktop/workspace/BadSmells/util/Python/scikit-learn/data/data
19d6d925e,/Users/neda/Desktop/workspace/BadSmells/util/Python/scikit-learn/data/data@02806e978@Sat Aug 13 10:58:49 2016 +0200.py,RobustScaler,2,0,False,113,114,202,/Users/neda/Desktop/workspace/BadSmells/util/Python/scikit-learn/data/data
19d6d925e,/Users/neda/Desktop/workspace/BadSmells/util/Python/scikit-learn/data/data@02806e978@Sat Aug 13 10:58:49 2016 +0200.py,PolynomialFeatures,2,0,False,113,114,202,/Users/neda/Desktop/workspace/BadSmells/util/Python/scikit-learn/data/data
19d6d925e,/Users/neda/Desktop/workspace/BadSmells/util/Python/scikit-learn/data/data@02806e978@Sat Aug 13 10:58:49 2016 +0200.py,Normalizer,2,0,False,113,114,202,/Users/neda/Desktop/workspace/BadSmells/util/Python/scikit-learn/data/data
19d6d925e,/Users/neda/Desktop/workspace/BadSmells/util/Python/scikit-learn/data/data@02806e978@Sat Aug 13 10:58:49 2016 +0200.py,Binarizer,2,0,False,113,114,202,/Users/neda/Desktop/workspace/BadSmells/util/Python/scikit-learn/data/data
19d6d925e,/Users/neda/Desktop/workspace/BadSmells/util/Python/scikit-learn/data/data@02806e978@Sat Aug 13 10:58:49 2016 +0200.py,KernelCenterer,2,0,False,113,114,202,/Users/neda/Desktop/workspace/BadSmells/util/Python/scikit-learn/data/data
19d6d925e,/Users/neda/Desktop/workspace/BadSmells/util/Python/scikit-learn/data/data@02806e978@Sat Aug 13 10:58:49 2016 +0200.py,OneHotEncoder,2,0,False,113,114,202,/Users/neda/Desktop/workspace/BadSmells/util/Python/scikit-learn/data/data
19d6d925e,/Users/neda/Desktop/workspace/BadSmells/util/Python/scikit-learn/data/data@19d6d925e@Thu Aug 18 06:47:00 2016 -0300.py,MinMaxScaler,2,0,False,114,114,202,/Users/neda/Desktop/workspace/BadSmells/util/Python/scikit-learn/data/data
19d6d925e,/Users/neda/Desktop/workspace/BadSmells/util/Python/scikit-learn/data/data@19d6d925e@Thu Aug 18 06:47:00 2016 -0300.py,StandardScaler,2,0,False,114,114,202,/Users/neda/Desktop/workspace/BadSmells/util/Python/scikit-learn/data/data
19d6d925e,/Users/neda/Desktop/workspace/BadSmells/util/Python/scikit-learn/data/data@19d6d925e@Thu Aug 18 06:47:00 2016 -0300.py,MaxAbsScaler,2,0,False,114,114,202,/Users/neda/Desktop/workspace/BadSmells/util/Python/scikit-learn/data/data
19d6d925e,/Users/neda/Desktop/workspace/BadSmells/util/Python/scikit-learn/data/data@19d6d925e@Thu Aug 18 06:47:00 2016 -0300.py,RobustScaler,2,0,False,114,114,202,/Users/neda/Desktop/workspace/BadSmells/util/Python/scikit-learn/data/data
19d6d925e,/Users/neda/Desktop/workspace/BadSmells/util/Python/scikit-learn/data/data@19d6d925e@Thu Aug 18 06:47:00 2016 -0300.py,PolynomialFeatures,2,0,False,114,114,202,/Users/neda/Desktop/workspace/BadSmells/util/Python/scikit-learn/data/data
19d6d925e,/Users/neda/Desktop/workspace/BadSmells/util/Python/scikit-learn/data/data@19d6d925e@Thu Aug 18 06:47:00 2016 -0300.py,Normalizer,2,0,False,114,114,202,/Users/neda/Desktop/workspace/BadSmells/util/Python/scikit-learn/data/data
19d6d925e,/Users/neda/Desktop/workspace/BadSmells/util/Python/scikit-learn/data/data@19d6d925e@Thu Aug 18 06:47:00 2016 -0300.py,Binarizer,2,0,False,114,114,202,/Users/neda/Desktop/workspace/BadSmells/util/Python/scikit-learn/data/data
19d6d925e,/Users/neda/Desktop/workspace/BadSmells/util/Python/scikit-learn/data/data@19d6d925e@Thu Aug 18 06:47:00 2016 -0300.py,KernelCenterer,2,0,False,114,114,202,/Users/neda/Desktop/workspace/BadSmells/util/Python/scikit-learn/data/data
19d6d925e,/Users/neda/Desktop/workspace/BadSmells/util/Python/scikit-learn/data/data@19d6d925e@Thu Aug 18 06:47:00 2016 -0300.py,OneHotEncoder,2,0,False,114,114,202,/Users/neda/Desktop/workspace/BadSmells/util/Python/scikit-learn/data/data
4ab99c75b,/Users/neda/Desktop/workspace/BadSmells/util/Python/scikit-learn/iforest/iforest@5c4b1bb23@Fri Dec 9 12:43:38 2016 -0500.py,IsolationForest,4,0,True,26,28,62,/Users/neda/Desktop/workspace/BadSmells/util/Python/scikit-learn/iforest/iforest
4ab99c75b,/Users/neda/Desktop/workspace/BadSmells/util/Python/scikit-learn/iforest/iforest@4f3c60c82@Tue Dec 27 16:53:04 2016 +0530.py,IsolationForest,4,0,True,27,28,62,/Users/neda/Desktop/workspace/BadSmells/util/Python/scikit-learn/iforest/iforest
4ab99c75b,/Users/neda/Desktop/workspace/BadSmells/util/Python/scikit-learn/iforest/iforest@4ab99c75b@Tue Mar 14 11:50:23 2017 -0400.py,IsolationForest,4,0,True,28,28,62,/Users/neda/Desktop/workspace/BadSmells/util/Python/scikit-learn/iforest/iforest
31a4691d7,/Users/neda/Desktop/workspace/BadSmells/util/Python/scikit-learn/_split/_split@234d25677@Wed Aug 24 21:15:38 2016 +0800.py,BaseCrossValidator,3,6,True,20,22,119,/Users/neda/Desktop/workspace/BadSmells/util/Python/scikit-learn/_split/_split
31a4691d7,/Users/neda/Desktop/workspace/BadSmells/util/Python/scikit-learn/_split/_split@234d25677@Wed Aug 24 21:15:38 2016 +0800.py,LeaveOneOut,4,0,True,20,22,119,/Users/neda/Desktop/workspace/BadSmells/util/Python/scikit-learn/_split/_split
31a4691d7,/Users/neda/Desktop/workspace/BadSmells/util/Python/scikit-learn/_split/_split@234d25677@Wed Aug 24 21:15:38 2016 +0800.py,LeavePOut,4,0,True,20,22,119,/Users/neda/Desktop/workspace/BadSmells/util/Python/scikit-learn/_split/_split
31a4691d7,/Users/neda/Desktop/workspace/BadSmells/util/Python/scikit-learn/_split/_split@234d25677@Wed Aug 24 21:15:38 2016 +0800.py,_BaseKFold,3,4,False,20,22,119,/Users/neda/Desktop/workspace/BadSmells/util/Python/scikit-learn/_split/_split
31a4691d7,/Users/neda/Desktop/workspace/BadSmells/util/Python/scikit-learn/_split/_split@234d25677@Wed Aug 24 21:15:38 2016 +0800.py,KFold,4,0,True,20,22,119,/Users/neda/Desktop/workspace/BadSmells/util/Python/scikit-learn/_split/_split
31a4691d7,/Users/neda/Desktop/workspace/BadSmells/util/Python/scikit-learn/_split/_split@234d25677@Wed Aug 24 21:15:38 2016 +0800.py,LabelKFold,4,0,True,20,22,119,/Users/neda/Desktop/workspace/BadSmells/util/Python/scikit-learn/_split/_split
31a4691d7,/Users/neda/Desktop/workspace/BadSmells/util/Python/scikit-learn/_split/_split@234d25677@Wed Aug 24 21:15:38 2016 +0800.py,StratifiedKFold,4,0,True,20,22,119,/Users/neda/Desktop/workspace/BadSmells/util/Python/scikit-learn/_split/_split
31a4691d7,/Users/neda/Desktop/workspace/BadSmells/util/Python/scikit-learn/_split/_split@234d25677@Wed Aug 24 21:15:38 2016 +0800.py,TimeSeriesCV,4,0,True,20,22,119,/Users/neda/Desktop/workspace/BadSmells/util/Python/scikit-learn/_split/_split
31a4691d7,/Users/neda/Desktop/workspace/BadSmells/util/Python/scikit-learn/_split/_split@234d25677@Wed Aug 24 21:15:38 2016 +0800.py,LeaveOneLabelOut,4,0,True,20,22,119,/Users/neda/Desktop/workspace/BadSmells/util/Python/scikit-learn/_split/_split
31a4691d7,/Users/neda/Desktop/workspace/BadSmells/util/Python/scikit-learn/_split/_split@234d25677@Wed Aug 24 21:15:38 2016 +0800.py,LeavePLabelOut,4,0,True,20,22,119,/Users/neda/Desktop/workspace/BadSmells/util/Python/scikit-learn/_split/_split
31a4691d7,/Users/neda/Desktop/workspace/BadSmells/util/Python/scikit-learn/_split/_split@234d25677@Wed Aug 24 21:15:38 2016 +0800.py,BaseShuffleSplit,3,2,False,20,22,119,/Users/neda/Desktop/workspace/BadSmells/util/Python/scikit-learn/_split/_split
31a4691d7,/Users/neda/Desktop/workspace/BadSmells/util/Python/scikit-learn/_split/_split@234d25677@Wed Aug 24 21:15:38 2016 +0800.py,ShuffleSplit,4,1,True,20,22,119,/Users/neda/Desktop/workspace/BadSmells/util/Python/scikit-learn/_split/_split
31a4691d7,/Users/neda/Desktop/workspace/BadSmells/util/Python/scikit-learn/_split/_split@234d25677@Wed Aug 24 21:15:38 2016 +0800.py,LabelShuffleSplit,5,0,True,20,22,119,/Users/neda/Desktop/workspace/BadSmells/util/Python/scikit-learn/_split/_split
31a4691d7,/Users/neda/Desktop/workspace/BadSmells/util/Python/scikit-learn/_split/_split@234d25677@Wed Aug 24 21:15:38 2016 +0800.py,StratifiedShuffleSplit,4,0,True,20,22,119,/Users/neda/Desktop/workspace/BadSmells/util/Python/scikit-learn/_split/_split
31a4691d7,/Users/neda/Desktop/workspace/BadSmells/util/Python/scikit-learn/_split/_split@234d25677@Wed Aug 24 21:15:38 2016 +0800.py,PredefinedSplit,4,0,True,20,22,119,/Users/neda/Desktop/workspace/BadSmells/util/Python/scikit-learn/_split/_split
31a4691d7,/Users/neda/Desktop/workspace/BadSmells/util/Python/scikit-learn/_split/_split@234d25677@Wed Aug 24 21:15:38 2016 +0800.py,_CVIterableWrapper,4,0,True,20,22,119,/Users/neda/Desktop/workspace/BadSmells/util/Python/scikit-learn/_split/_split
31a4691d7,/Users/neda/Desktop/workspace/BadSmells/util/Python/scikit-learn/_split/_split@a7d748b1d@Fri Aug 26 10:34:33 2016 +0800.py,BaseCrossValidator,3,6,True,21,22,119,/Users/neda/Desktop/workspace/BadSmells/util/Python/scikit-learn/_split/_split
31a4691d7,/Users/neda/Desktop/workspace/BadSmells/util/Python/scikit-learn/_split/_split@a7d748b1d@Fri Aug 26 10:34:33 2016 +0800.py,LeaveOneOut,4,0,True,21,22,119,/Users/neda/Desktop/workspace/BadSmells/util/Python/scikit-learn/_split/_split
31a4691d7,/Users/neda/Desktop/workspace/BadSmells/util/Python/scikit-learn/_split/_split@a7d748b1d@Fri Aug 26 10:34:33 2016 +0800.py,LeavePOut,4,0,True,21,22,119,/Users/neda/Desktop/workspace/BadSmells/util/Python/scikit-learn/_split/_split
31a4691d7,/Users/neda/Desktop/workspace/BadSmells/util/Python/scikit-learn/_split/_split@a7d748b1d@Fri Aug 26 10:34:33 2016 +0800.py,_BaseKFold,3,4,False,21,22,119,/Users/neda/Desktop/workspace/BadSmells/util/Python/scikit-learn/_split/_split
31a4691d7,/Users/neda/Desktop/workspace/BadSmells/util/Python/scikit-learn/_split/_split@a7d748b1d@Fri Aug 26 10:34:33 2016 +0800.py,KFold,4,0,True,21,22,119,/Users/neda/Desktop/workspace/BadSmells/util/Python/scikit-learn/_split/_split
31a4691d7,/Users/neda/Desktop/workspace/BadSmells/util/Python/scikit-learn/_split/_split@a7d748b1d@Fri Aug 26 10:34:33 2016 +0800.py,LabelKFold,4,0,True,21,22,119,/Users/neda/Desktop/workspace/BadSmells/util/Python/scikit-learn/_split/_split
31a4691d7,/Users/neda/Desktop/workspace/BadSmells/util/Python/scikit-learn/_split/_split@a7d748b1d@Fri Aug 26 10:34:33 2016 +0800.py,StratifiedKFold,4,0,True,21,22,119,/Users/neda/Desktop/workspace/BadSmells/util/Python/scikit-learn/_split/_split
31a4691d7,/Users/neda/Desktop/workspace/BadSmells/util/Python/scikit-learn/_split/_split@a7d748b1d@Fri Aug 26 10:34:33 2016 +0800.py,TimeSeriesSplit,4,0,True,21,22,119,/Users/neda/Desktop/workspace/BadSmells/util/Python/scikit-learn/_split/_split
31a4691d7,/Users/neda/Desktop/workspace/BadSmells/util/Python/scikit-learn/_split/_split@a7d748b1d@Fri Aug 26 10:34:33 2016 +0800.py,LeaveOneLabelOut,4,0,True,21,22,119,/Users/neda/Desktop/workspace/BadSmells/util/Python/scikit-learn/_split/_split
31a4691d7,/Users/neda/Desktop/workspace/BadSmells/util/Python/scikit-learn/_split/_split@a7d748b1d@Fri Aug 26 10:34:33 2016 +0800.py,LeavePLabelOut,4,0,True,21,22,119,/Users/neda/Desktop/workspace/BadSmells/util/Python/scikit-learn/_split/_split
31a4691d7,/Users/neda/Desktop/workspace/BadSmells/util/Python/scikit-learn/_split/_split@a7d748b1d@Fri Aug 26 10:34:33 2016 +0800.py,BaseShuffleSplit,3,2,False,21,22,119,/Users/neda/Desktop/workspace/BadSmells/util/Python/scikit-learn/_split/_split
31a4691d7,/Users/neda/Desktop/workspace/BadSmells/util/Python/scikit-learn/_split/_split@a7d748b1d@Fri Aug 26 10:34:33 2016 +0800.py,ShuffleSplit,4,1,True,21,22,119,/Users/neda/Desktop/workspace/BadSmells/util/Python/scikit-learn/_split/_split
31a4691d7,/Users/neda/Desktop/workspace/BadSmells/util/Python/scikit-learn/_split/_split@a7d748b1d@Fri Aug 26 10:34:33 2016 +0800.py,LabelShuffleSplit,5,0,True,21,22,119,/Users/neda/Desktop/workspace/BadSmells/util/Python/scikit-learn/_split/_split
31a4691d7,/Users/neda/Desktop/workspace/BadSmells/util/Python/scikit-learn/_split/_split@a7d748b1d@Fri Aug 26 10:34:33 2016 +0800.py,StratifiedShuffleSplit,4,0,True,21,22,119,/Users/neda/Desktop/workspace/BadSmells/util/Python/scikit-learn/_split/_split
31a4691d7,/Users/neda/Desktop/workspace/BadSmells/util/Python/scikit-learn/_split/_split@a7d748b1d@Fri Aug 26 10:34:33 2016 +0800.py,PredefinedSplit,4,0,True,21,22,119,/Users/neda/Desktop/workspace/BadSmells/util/Python/scikit-learn/_split/_split
31a4691d7,/Users/neda/Desktop/workspace/BadSmells/util/Python/scikit-learn/_split/_split@a7d748b1d@Fri Aug 26 10:34:33 2016 +0800.py,_CVIterableWrapper,4,0,True,21,22,119,/Users/neda/Desktop/workspace/BadSmells/util/Python/scikit-learn/_split/_split
31a4691d7,/Users/neda/Desktop/workspace/BadSmells/util/Python/scikit-learn/_split/_split@31a4691d7@Fri Sep 9 13:00:49 2016 -0400.py,BaseCrossValidator,3,6,True,22,22,119,/Users/neda/Desktop/workspace/BadSmells/util/Python/scikit-learn/_split/_split
31a4691d7,/Users/neda/Desktop/workspace/BadSmells/util/Python/scikit-learn/_split/_split@31a4691d7@Fri Sep 9 13:00:49 2016 -0400.py,LeaveOneOut,4,0,True,22,22,119,/Users/neda/Desktop/workspace/BadSmells/util/Python/scikit-learn/_split/_split
31a4691d7,/Users/neda/Desktop/workspace/BadSmells/util/Python/scikit-learn/_split/_split@31a4691d7@Fri Sep 9 13:00:49 2016 -0400.py,LeavePOut,4,0,True,22,22,119,/Users/neda/Desktop/workspace/BadSmells/util/Python/scikit-learn/_split/_split
31a4691d7,/Users/neda/Desktop/workspace/BadSmells/util/Python/scikit-learn/_split/_split@31a4691d7@Fri Sep 9 13:00:49 2016 -0400.py,_BaseKFold,3,4,False,22,22,119,/Users/neda/Desktop/workspace/BadSmells/util/Python/scikit-learn/_split/_split
31a4691d7,/Users/neda/Desktop/workspace/BadSmells/util/Python/scikit-learn/_split/_split@31a4691d7@Fri Sep 9 13:00:49 2016 -0400.py,KFold,4,0,True,22,22,119,/Users/neda/Desktop/workspace/BadSmells/util/Python/scikit-learn/_split/_split
31a4691d7,/Users/neda/Desktop/workspace/BadSmells/util/Python/scikit-learn/_split/_split@31a4691d7@Fri Sep 9 13:00:49 2016 -0400.py,LabelKFold,4,0,True,22,22,119,/Users/neda/Desktop/workspace/BadSmells/util/Python/scikit-learn/_split/_split
31a4691d7,/Users/neda/Desktop/workspace/BadSmells/util/Python/scikit-learn/_split/_split@31a4691d7@Fri Sep 9 13:00:49 2016 -0400.py,StratifiedKFold,4,0,True,22,22,119,/Users/neda/Desktop/workspace/BadSmells/util/Python/scikit-learn/_split/_split
31a4691d7,/Users/neda/Desktop/workspace/BadSmells/util/Python/scikit-learn/_split/_split@31a4691d7@Fri Sep 9 13:00:49 2016 -0400.py,TimeSeriesSplit,4,0,True,22,22,119,/Users/neda/Desktop/workspace/BadSmells/util/Python/scikit-learn/_split/_split
31a4691d7,/Users/neda/Desktop/workspace/BadSmells/util/Python/scikit-learn/_split/_split@31a4691d7@Fri Sep 9 13:00:49 2016 -0400.py,LeaveOneLabelOut,4,0,True,22,22,119,/Users/neda/Desktop/workspace/BadSmells/util/Python/scikit-learn/_split/_split
31a4691d7,/Users/neda/Desktop/workspace/BadSmells/util/Python/scikit-learn/_split/_split@31a4691d7@Fri Sep 9 13:00:49 2016 -0400.py,LeavePLabelOut,4,0,True,22,22,119,/Users/neda/Desktop/workspace/BadSmells/util/Python/scikit-learn/_split/_split
31a4691d7,/Users/neda/Desktop/workspace/BadSmells/util/Python/scikit-learn/_split/_split@31a4691d7@Fri Sep 9 13:00:49 2016 -0400.py,BaseShuffleSplit,3,2,False,22,22,119,/Users/neda/Desktop/workspace/BadSmells/util/Python/scikit-learn/_split/_split
31a4691d7,/Users/neda/Desktop/workspace/BadSmells/util/Python/scikit-learn/_split/_split@31a4691d7@Fri Sep 9 13:00:49 2016 -0400.py,ShuffleSplit,4,1,True,22,22,119,/Users/neda/Desktop/workspace/BadSmells/util/Python/scikit-learn/_split/_split
31a4691d7,/Users/neda/Desktop/workspace/BadSmells/util/Python/scikit-learn/_split/_split@31a4691d7@Fri Sep 9 13:00:49 2016 -0400.py,LabelShuffleSplit,5,0,True,22,22,119,/Users/neda/Desktop/workspace/BadSmells/util/Python/scikit-learn/_split/_split
31a4691d7,/Users/neda/Desktop/workspace/BadSmells/util/Python/scikit-learn/_split/_split@31a4691d7@Fri Sep 9 13:00:49 2016 -0400.py,StratifiedShuffleSplit,4,0,True,22,22,119,/Users/neda/Desktop/workspace/BadSmells/util/Python/scikit-learn/_split/_split
31a4691d7,/Users/neda/Desktop/workspace/BadSmells/util/Python/scikit-learn/_split/_split@31a4691d7@Fri Sep 9 13:00:49 2016 -0400.py,PredefinedSplit,4,0,True,22,22,119,/Users/neda/Desktop/workspace/BadSmells/util/Python/scikit-learn/_split/_split
31a4691d7,/Users/neda/Desktop/workspace/BadSmells/util/Python/scikit-learn/_split/_split@31a4691d7@Fri Sep 9 13:00:49 2016 -0400.py,_CVIterableWrapper,4,0,True,22,22,119,/Users/neda/Desktop/workspace/BadSmells/util/Python/scikit-learn/_split/_split
2cd1220eb,/Users/neda/Desktop/workspace/BadSmells/util/Python/scikit-learn/dbscan_/dbscan_@e4b837cc6@Fri Jul 29 19:29:26 2016 -0500.py,DBSCAN,2,0,False,76,78,101,/Users/neda/Desktop/workspace/BadSmells/util/Python/scikit-learn/dbscan_/dbscan_
2cd1220eb,/Users/neda/Desktop/workspace/BadSmells/util/Python/scikit-learn/dbscan_/dbscan_@543b05677@Mon Jan 2 04:39:36 2017 -0800.py,DBSCAN,2,0,False,77,78,101,/Users/neda/Desktop/workspace/BadSmells/util/Python/scikit-learn/dbscan_/dbscan_
2cd1220eb,/Users/neda/Desktop/workspace/BadSmells/util/Python/scikit-learn/dbscan_/dbscan_@2cd1220eb@Thu Feb 23 15:59:16 2017 +0530.py,DBSCAN,2,0,False,78,78,101,/Users/neda/Desktop/workspace/BadSmells/util/Python/scikit-learn/dbscan_/dbscan_
9667ff292,/Users/neda/Desktop/workspace/BadSmells/util/Python/scikit-learn/from_model/from_model@3a106fc79@Mon Sep 26 03:48:04 2016 +0900.py,_LearntSelectorMixin,2,0,False,20,22,34,/Users/neda/Desktop/workspace/BadSmells/util/Python/scikit-learn/from_model/from_model
9667ff292,/Users/neda/Desktop/workspace/BadSmells/util/Python/scikit-learn/from_model/from_model@3a106fc79@Mon Sep 26 03:48:04 2016 +0900.py,SelectFromModel,2,0,False,20,22,34,/Users/neda/Desktop/workspace/BadSmells/util/Python/scikit-learn/from_model/from_model
9667ff292,/Users/neda/Desktop/workspace/BadSmells/util/Python/scikit-learn/from_model/from_model@74a9756fa@Mon Oct 24 20:01:49 2016 +0200.py,_LearntSelectorMixin,2,0,False,21,22,34,/Users/neda/Desktop/workspace/BadSmells/util/Python/scikit-learn/from_model/from_model
9667ff292,/Users/neda/Desktop/workspace/BadSmells/util/Python/scikit-learn/from_model/from_model@74a9756fa@Mon Oct 24 20:01:49 2016 +0200.py,SelectFromModel,2,0,False,21,22,34,/Users/neda/Desktop/workspace/BadSmells/util/Python/scikit-learn/from_model/from_model
9667ff292,/Users/neda/Desktop/workspace/BadSmells/util/Python/scikit-learn/from_model/from_model@9667ff292@Wed Nov 9 14:34:04 2016 -0500.py,_LearntSelectorMixin,2,0,False,22,22,34,/Users/neda/Desktop/workspace/BadSmells/util/Python/scikit-learn/from_model/from_model
9667ff292,/Users/neda/Desktop/workspace/BadSmells/util/Python/scikit-learn/from_model/from_model@9667ff292@Wed Nov 9 14:34:04 2016 -0500.py,SelectFromModel,2,0,False,22,22,34,/Users/neda/Desktop/workspace/BadSmells/util/Python/scikit-learn/from_model/from_model
946fddec7,/Users/neda/Desktop/workspace/BadSmells/util/Python/scikit-learn/_bayes/_bayes@438bb3a43@Tue Mar 10 17:01:51 2020 -0600.py,BayesianRidge,2,0,False,2,4,7,/Users/neda/Desktop/workspace/BadSmells/util/Python/scikit-learn/_bayes/_bayes
946fddec7,/Users/neda/Desktop/workspace/BadSmells/util/Python/scikit-learn/_bayes/_bayes@438bb3a43@Tue Mar 10 17:01:51 2020 -0600.py,ARDRegression,2,0,False,2,4,7,/Users/neda/Desktop/workspace/BadSmells/util/Python/scikit-learn/_bayes/_bayes
946fddec7,/Users/neda/Desktop/workspace/BadSmells/util/Python/scikit-learn/_bayes/_bayes@dc0cc6e9b@Sun Apr 19 22:58:47 2020 +0200.py,BayesianRidge,2,0,False,3,4,7,/Users/neda/Desktop/workspace/BadSmells/util/Python/scikit-learn/_bayes/_bayes
946fddec7,/Users/neda/Desktop/workspace/BadSmells/util/Python/scikit-learn/_bayes/_bayes@dc0cc6e9b@Sun Apr 19 22:58:47 2020 +0200.py,ARDRegression,2,0,False,3,4,7,/Users/neda/Desktop/workspace/BadSmells/util/Python/scikit-learn/_bayes/_bayes
946fddec7,/Users/neda/Desktop/workspace/BadSmells/util/Python/scikit-learn/_bayes/_bayes@946fddec7@Thu Apr 23 10:19:45 2020 -0400.py,BayesianRidge,2,0,False,4,4,7,/Users/neda/Desktop/workspace/BadSmells/util/Python/scikit-learn/_bayes/_bayes
946fddec7,/Users/neda/Desktop/workspace/BadSmells/util/Python/scikit-learn/_bayes/_bayes@946fddec7@Thu Apr 23 10:19:45 2020 -0400.py,ARDRegression,2,0,False,4,4,7,/Users/neda/Desktop/workspace/BadSmells/util/Python/scikit-learn/_bayes/_bayes
aae87002b,/Users/neda/Desktop/workspace/BadSmells/util/Python/scikit-learn/pipeline/pipeline@6f74a7cfa@Mon May 8 00:08:59 2017 +0200.py,Pipeline,4,0,True,117,119,182,/Users/neda/Desktop/workspace/BadSmells/util/Python/scikit-learn/pipeline/pipeline
aae87002b,/Users/neda/Desktop/workspace/BadSmells/util/Python/scikit-learn/pipeline/pipeline@6f74a7cfa@Mon May 8 00:08:59 2017 +0200.py,FeatureUnion,4,0,True,117,119,182,/Users/neda/Desktop/workspace/BadSmells/util/Python/scikit-learn/pipeline/pipeline
aae87002b,/Users/neda/Desktop/workspace/BadSmells/util/Python/scikit-learn/pipeline/pipeline@4c33ea2ee@Wed May 17 14:51:16 2017 +0200.py,Pipeline,4,0,True,118,119,182,/Users/neda/Desktop/workspace/BadSmells/util/Python/scikit-learn/pipeline/pipeline
aae87002b,/Users/neda/Desktop/workspace/BadSmells/util/Python/scikit-learn/pipeline/pipeline@4c33ea2ee@Wed May 17 14:51:16 2017 +0200.py,FeatureUnion,4,0,True,118,119,182,/Users/neda/Desktop/workspace/BadSmells/util/Python/scikit-learn/pipeline/pipeline
aae87002b,/Users/neda/Desktop/workspace/BadSmells/util/Python/scikit-learn/pipeline/pipeline@aae87002b@Wed Aug 23 01:56:09 2017 +0200.py,Pipeline,4,0,True,119,119,182,/Users/neda/Desktop/workspace/BadSmells/util/Python/scikit-learn/pipeline/pipeline
aae87002b,/Users/neda/Desktop/workspace/BadSmells/util/Python/scikit-learn/pipeline/pipeline@aae87002b@Wed Aug 23 01:56:09 2017 +0200.py,FeatureUnion,4,0,True,119,119,182,/Users/neda/Desktop/workspace/BadSmells/util/Python/scikit-learn/pipeline/pipeline
06ac22d06,/Users/neda/Desktop/workspace/BadSmells/util/Python/scikit-learn/metaestimators/metaestimators@0b6308c27@Tue May 29 23:49:21 2018 +0200.py,_BaseComposition,3,4,False,14,16,23,/Users/neda/Desktop/workspace/BadSmells/util/Python/scikit-learn/metaestimators/metaestimators
06ac22d06,/Users/neda/Desktop/workspace/BadSmells/util/Python/scikit-learn/metaestimators/metaestimators@0b6308c27@Tue May 29 23:49:21 2018 +0200.py,_IffHasAttrDescriptor,1,0,False,14,16,23,/Users/neda/Desktop/workspace/BadSmells/util/Python/scikit-learn/metaestimators/metaestimators
06ac22d06,/Users/neda/Desktop/workspace/BadSmells/util/Python/scikit-learn/metaestimators/metaestimators@895dfd3f5@Tue Jun 26 09:27:47 2018 -0400.py,_BaseComposition,3,4,False,15,16,23,/Users/neda/Desktop/workspace/BadSmells/util/Python/scikit-learn/metaestimators/metaestimators
06ac22d06,/Users/neda/Desktop/workspace/BadSmells/util/Python/scikit-learn/metaestimators/metaestimators@895dfd3f5@Tue Jun 26 09:27:47 2018 -0400.py,_IffHasAttrDescriptor,1,0,False,15,16,23,/Users/neda/Desktop/workspace/BadSmells/util/Python/scikit-learn/metaestimators/metaestimators
06ac22d06,/Users/neda/Desktop/workspace/BadSmells/util/Python/scikit-learn/metaestimators/metaestimators@06ac22d06@Fri Jul 20 05:13:55 2018 -0400.py,_BaseComposition,3,4,False,16,16,23,/Users/neda/Desktop/workspace/BadSmells/util/Python/scikit-learn/metaestimators/metaestimators
06ac22d06,/Users/neda/Desktop/workspace/BadSmells/util/Python/scikit-learn/metaestimators/metaestimators@06ac22d06@Fri Jul 20 05:13:55 2018 -0400.py,_IffHasAttrDescriptor,1,0,False,16,16,23,/Users/neda/Desktop/workspace/BadSmells/util/Python/scikit-learn/metaestimators/metaestimators
1755b893d,/Users/neda/Desktop/workspace/BadSmells/util/Python/scikit-learn/rfe/rfe@48b82a6ff@Fri Nov 17 07:35:49 2017 -0800.py,RFE,2,1,False,117,119,142,/Users/neda/Desktop/workspace/BadSmells/util/Python/scikit-learn/rfe/rfe
1755b893d,/Users/neda/Desktop/workspace/BadSmells/util/Python/scikit-learn/rfe/rfe@48b82a6ff@Fri Nov 17 07:35:49 2017 -0800.py,RFECV,3,0,False,117,119,142,/Users/neda/Desktop/workspace/BadSmells/util/Python/scikit-learn/rfe/rfe
1755b893d,/Users/neda/Desktop/workspace/BadSmells/util/Python/scikit-learn/rfe/rfe@20661b501@Tue Mar 27 07:44:40 2018 +0200.py,RFE,2,1,False,118,119,142,/Users/neda/Desktop/workspace/BadSmells/util/Python/scikit-learn/rfe/rfe
1755b893d,/Users/neda/Desktop/workspace/BadSmells/util/Python/scikit-learn/rfe/rfe@20661b501@Tue Mar 27 07:44:40 2018 +0200.py,RFECV,3,0,False,118,119,142,/Users/neda/Desktop/workspace/BadSmells/util/Python/scikit-learn/rfe/rfe
1755b893d,/Users/neda/Desktop/workspace/BadSmells/util/Python/scikit-learn/rfe/rfe@1755b893d@Thu May 24 09:03:29 2018 -0700.py,RFE,2,1,False,119,119,142,/Users/neda/Desktop/workspace/BadSmells/util/Python/scikit-learn/rfe/rfe
1755b893d,/Users/neda/Desktop/workspace/BadSmells/util/Python/scikit-learn/rfe/rfe@1755b893d@Thu May 24 09:03:29 2018 -0700.py,RFECV,3,0,False,119,119,142,/Users/neda/Desktop/workspace/BadSmells/util/Python/scikit-learn/rfe/rfe
668a24c9e,/Users/neda/Desktop/workspace/BadSmells/util/Python/scikit-learn/bayes/bayes@349eaca07@Tue Nov 24 13:26:30 2015 +0100.py,BayesianRidge,4,0,True,74,76,99,/Users/neda/Desktop/workspace/BadSmells/util/Python/scikit-learn/bayes/bayes
668a24c9e,/Users/neda/Desktop/workspace/BadSmells/util/Python/scikit-learn/bayes/bayes@349eaca07@Tue Nov 24 13:26:30 2015 +0100.py,ARDRegression,4,0,True,74,76,99,/Users/neda/Desktop/workspace/BadSmells/util/Python/scikit-learn/bayes/bayes
668a24c9e,/Users/neda/Desktop/workspace/BadSmells/util/Python/scikit-learn/bayes/bayes@67a85b8ed@Thu Dec 1 07:52:18 2016 -0800.py,BayesianRidge,4,0,True,75,76,99,/Users/neda/Desktop/workspace/BadSmells/util/Python/scikit-learn/bayes/bayes
668a24c9e,/Users/neda/Desktop/workspace/BadSmells/util/Python/scikit-learn/bayes/bayes@67a85b8ed@Thu Dec 1 07:52:18 2016 -0800.py,ARDRegression,4,0,True,75,76,99,/Users/neda/Desktop/workspace/BadSmells/util/Python/scikit-learn/bayes/bayes
668a24c9e,/Users/neda/Desktop/workspace/BadSmells/util/Python/scikit-learn/bayes/bayes@668a24c9e@Thu Mar 16 05:22:58 2017 -0400.py,BayesianRidge,4,0,True,76,76,99,/Users/neda/Desktop/workspace/BadSmells/util/Python/scikit-learn/bayes/bayes
668a24c9e,/Users/neda/Desktop/workspace/BadSmells/util/Python/scikit-learn/bayes/bayes@668a24c9e@Thu Mar 16 05:22:58 2017 -0400.py,ARDRegression,4,0,True,76,76,99,/Users/neda/Desktop/workspace/BadSmells/util/Python/scikit-learn/bayes/bayes
aae87002b,/Users/neda/Desktop/workspace/BadSmells/util/Python/scikit-learn/metaestimators/metaestimators@194c231d4@Mon Apr 10 15:04:48 2017 -0400.py,_BaseComposition,3,3,False,9,11,23,/Users/neda/Desktop/workspace/BadSmells/util/Python/scikit-learn/metaestimators/metaestimators
aae87002b,/Users/neda/Desktop/workspace/BadSmells/util/Python/scikit-learn/metaestimators/metaestimators@194c231d4@Mon Apr 10 15:04:48 2017 -0400.py,_IffHasAttrDescriptor,1,0,False,9,11,23,/Users/neda/Desktop/workspace/BadSmells/util/Python/scikit-learn/metaestimators/metaestimators
aae87002b,/Users/neda/Desktop/workspace/BadSmells/util/Python/scikit-learn/metaestimators/metaestimators@b41329967@Thu Jun 29 01:34:19 2017 -0400.py,_BaseComposition,3,3,False,10,11,23,/Users/neda/Desktop/workspace/BadSmells/util/Python/scikit-learn/metaestimators/metaestimators
aae87002b,/Users/neda/Desktop/workspace/BadSmells/util/Python/scikit-learn/metaestimators/metaestimators@b41329967@Thu Jun 29 01:34:19 2017 -0400.py,_IffHasAttrDescriptor,1,0,False,10,11,23,/Users/neda/Desktop/workspace/BadSmells/util/Python/scikit-learn/metaestimators/metaestimators
aae87002b,/Users/neda/Desktop/workspace/BadSmells/util/Python/scikit-learn/metaestimators/metaestimators@aae87002b@Wed Aug 23 01:56:09 2017 +0200.py,_BaseComposition,3,3,False,11,11,23,/Users/neda/Desktop/workspace/BadSmells/util/Python/scikit-learn/metaestimators/metaestimators
aae87002b,/Users/neda/Desktop/workspace/BadSmells/util/Python/scikit-learn/metaestimators/metaestimators@aae87002b@Wed Aug 23 01:56:09 2017 +0200.py,_IffHasAttrDescriptor,1,0,False,11,11,23,/Users/neda/Desktop/workspace/BadSmells/util/Python/scikit-learn/metaestimators/metaestimators
dea7bbb2e,/Users/neda/Desktop/workspace/BadSmells/util/Python/scikit-learn/gmm/gmm@32eb8b57f@Fri Jul 26 16:22:36 2013 +0200.py,GMM,2,1,False,142,144,199,/Users/neda/Desktop/workspace/BadSmells/util/Python/scikit-learn/gmm/gmm
dea7bbb2e,/Users/neda/Desktop/workspace/BadSmells/util/Python/scikit-learn/gmm/gmm@2eddb1a29@Fri Aug 23 21:27:38 2013 -0400.py,GMM,2,1,False,143,144,199,/Users/neda/Desktop/workspace/BadSmells/util/Python/scikit-learn/gmm/gmm
dea7bbb2e,/Users/neda/Desktop/workspace/BadSmells/util/Python/scikit-learn/gmm/gmm@dea7bbb2e@Tue Nov 26 15:33:53 2013 +0100.py,GMM,2,1,False,144,144,199,/Users/neda/Desktop/workspace/BadSmells/util/Python/scikit-learn/gmm/gmm
b6941847d,/Users/neda/Desktop/workspace/BadSmells/util/Python/scikit-learn/voting_classifier/voting_classifier@aa4f75699@Fri Jul 22 03:36:28 2016 -0400.py,VotingClassifier,2,0,False,14,16,38,/Users/neda/Desktop/workspace/BadSmells/util/Python/scikit-learn/voting_classifier/voting_classifier
b6941847d,/Users/neda/Desktop/workspace/BadSmells/util/Python/scikit-learn/voting_classifier/voting_classifier@b3e122a0b@Fri Aug 26 07:41:21 2016 +0300.py,VotingClassifier,2,0,False,15,16,38,/Users/neda/Desktop/workspace/BadSmells/util/Python/scikit-learn/voting_classifier/voting_classifier
b6941847d,/Users/neda/Desktop/workspace/BadSmells/util/Python/scikit-learn/voting_classifier/voting_classifier@b6941847d@Wed Dec 7 20:25:51 2016 -0800.py,VotingClassifier,2,0,False,16,16,38,/Users/neda/Desktop/workspace/BadSmells/util/Python/scikit-learn/voting_classifier/voting_classifier
924a4661e,/Users/neda/Desktop/workspace/BadSmells/util/Python/scikit-learn/multiclass/multiclass@0d5d842d5@Tue Jun 20 12:42:29 2017 +1000.py,_ConstantPredictor,2,0,False,177,179,236,/Users/neda/Desktop/workspace/BadSmells/util/Python/scikit-learn/multiclass/multiclass
924a4661e,/Users/neda/Desktop/workspace/BadSmells/util/Python/scikit-learn/multiclass/multiclass@0d5d842d5@Tue Jun 20 12:42:29 2017 +1000.py,OneVsRestClassifier,2,0,False,177,179,236,/Users/neda/Desktop/workspace/BadSmells/util/Python/scikit-learn/multiclass/multiclass
924a4661e,/Users/neda/Desktop/workspace/BadSmells/util/Python/scikit-learn/multiclass/multiclass@0d5d842d5@Tue Jun 20 12:42:29 2017 +1000.py,OneVsOneClassifier,2,0,False,177,179,236,/Users/neda/Desktop/workspace/BadSmells/util/Python/scikit-learn/multiclass/multiclass
924a4661e,/Users/neda/Desktop/workspace/BadSmells/util/Python/scikit-learn/multiclass/multiclass@0d5d842d5@Tue Jun 20 12:42:29 2017 +1000.py,OutputCodeClassifier,2,0,False,177,179,236,/Users/neda/Desktop/workspace/BadSmells/util/Python/scikit-learn/multiclass/multiclass
924a4661e,/Users/neda/Desktop/workspace/BadSmells/util/Python/scikit-learn/multiclass/multiclass@4d37cf586@Wed Jul 5 17:44:06 2017 +1000.py,_ConstantPredictor,2,0,False,178,179,236,/Users/neda/Desktop/workspace/BadSmells/util/Python/scikit-learn/multiclass/multiclass
924a4661e,/Users/neda/Desktop/workspace/BadSmells/util/Python/scikit-learn/multiclass/multiclass@4d37cf586@Wed Jul 5 17:44:06 2017 +1000.py,OneVsRestClassifier,2,0,False,178,179,236,/Users/neda/Desktop/workspace/BadSmells/util/Python/scikit-learn/multiclass/multiclass
924a4661e,/Users/neda/Desktop/workspace/BadSmells/util/Python/scikit-learn/multiclass/multiclass@4d37cf586@Wed Jul 5 17:44:06 2017 +1000.py,OneVsOneClassifier,2,0,False,178,179,236,/Users/neda/Desktop/workspace/BadSmells/util/Python/scikit-learn/multiclass/multiclass
924a4661e,/Users/neda/Desktop/workspace/BadSmells/util/Python/scikit-learn/multiclass/multiclass@4d37cf586@Wed Jul 5 17:44:06 2017 +1000.py,OutputCodeClassifier,2,0,False,178,179,236,/Users/neda/Desktop/workspace/BadSmells/util/Python/scikit-learn/multiclass/multiclass
924a4661e,/Users/neda/Desktop/workspace/BadSmells/util/Python/scikit-learn/multiclass/multiclass@924a4661e@Fri Jul 14 03:18:04 2017 +0530.py,_ConstantPredictor,2,0,False,179,179,236,/Users/neda/Desktop/workspace/BadSmells/util/Python/scikit-learn/multiclass/multiclass
924a4661e,/Users/neda/Desktop/workspace/BadSmells/util/Python/scikit-learn/multiclass/multiclass@924a4661e@Fri Jul 14 03:18:04 2017 +0530.py,OneVsRestClassifier,2,0,False,179,179,236,/Users/neda/Desktop/workspace/BadSmells/util/Python/scikit-learn/multiclass/multiclass
924a4661e,/Users/neda/Desktop/workspace/BadSmells/util/Python/scikit-learn/multiclass/multiclass@924a4661e@Fri Jul 14 03:18:04 2017 +0530.py,OneVsOneClassifier,2,0,False,179,179,236,/Users/neda/Desktop/workspace/BadSmells/util/Python/scikit-learn/multiclass/multiclass
924a4661e,/Users/neda/Desktop/workspace/BadSmells/util/Python/scikit-learn/multiclass/multiclass@924a4661e@Fri Jul 14 03:18:04 2017 +0530.py,OutputCodeClassifier,2,0,False,179,179,236,/Users/neda/Desktop/workspace/BadSmells/util/Python/scikit-learn/multiclass/multiclass
5230382ae,/Users/neda/Desktop/workspace/BadSmells/util/Python/scikit-learn/least_angle/least_angle@9b25f5d37@Wed Jul 27 14:58:25 2016 -0600.py,Lars,4,2,True,218,220,269,/Users/neda/Desktop/workspace/BadSmells/util/Python/scikit-learn/least_angle/least_angle
5230382ae,/Users/neda/Desktop/workspace/BadSmells/util/Python/scikit-learn/least_angle/least_angle@9b25f5d37@Wed Jul 27 14:58:25 2016 -0600.py,LassoLars,5,1,True,218,220,269,/Users/neda/Desktop/workspace/BadSmells/util/Python/scikit-learn/least_angle/least_angle
5230382ae,/Users/neda/Desktop/workspace/BadSmells/util/Python/scikit-learn/least_angle/least_angle@9b25f5d37@Wed Jul 27 14:58:25 2016 -0600.py,LarsCV,5,1,True,218,220,269,/Users/neda/Desktop/workspace/BadSmells/util/Python/scikit-learn/least_angle/least_angle
5230382ae,/Users/neda/Desktop/workspace/BadSmells/util/Python/scikit-learn/least_angle/least_angle@9b25f5d37@Wed Jul 27 14:58:25 2016 -0600.py,LassoLarsCV,6,0,True,218,220,269,/Users/neda/Desktop/workspace/BadSmells/util/Python/scikit-learn/least_angle/least_angle
5230382ae,/Users/neda/Desktop/workspace/BadSmells/util/Python/scikit-learn/least_angle/least_angle@9b25f5d37@Wed Jul 27 14:58:25 2016 -0600.py,LassoLarsIC,6,0,True,218,220,269,/Users/neda/Desktop/workspace/BadSmells/util/Python/scikit-learn/least_angle/least_angle
5230382ae,/Users/neda/Desktop/workspace/BadSmells/util/Python/scikit-learn/least_angle/least_angle@cee48cdf8@Sat Oct 8 06:57:41 2016 +0530.py,Lars,4,2,True,219,220,269,/Users/neda/Desktop/workspace/BadSmells/util/Python/scikit-learn/least_angle/least_angle
5230382ae,/Users/neda/Desktop/workspace/BadSmells/util/Python/scikit-learn/least_angle/least_angle@cee48cdf8@Sat Oct 8 06:57:41 2016 +0530.py,LassoLars,5,1,True,219,220,269,/Users/neda/Desktop/workspace/BadSmells/util/Python/scikit-learn/least_angle/least_angle
5230382ae,/Users/neda/Desktop/workspace/BadSmells/util/Python/scikit-learn/least_angle/least_angle@cee48cdf8@Sat Oct 8 06:57:41 2016 +0530.py,LarsCV,5,1,True,219,220,269,/Users/neda/Desktop/workspace/BadSmells/util/Python/scikit-learn/least_angle/least_angle
5230382ae,/Users/neda/Desktop/workspace/BadSmells/util/Python/scikit-learn/least_angle/least_angle@cee48cdf8@Sat Oct 8 06:57:41 2016 +0530.py,LassoLarsCV,6,0,True,219,220,269,/Users/neda/Desktop/workspace/BadSmells/util/Python/scikit-learn/least_angle/least_angle
5230382ae,/Users/neda/Desktop/workspace/BadSmells/util/Python/scikit-learn/least_angle/least_angle@cee48cdf8@Sat Oct 8 06:57:41 2016 +0530.py,LassoLarsIC,6,0,True,219,220,269,/Users/neda/Desktop/workspace/BadSmells/util/Python/scikit-learn/least_angle/least_angle
5230382ae,/Users/neda/Desktop/workspace/BadSmells/util/Python/scikit-learn/least_angle/least_angle@5230382ae@Sat Nov 12 04:01:29 2016 +0100.py,Lars,4,2,True,220,220,269,/Users/neda/Desktop/workspace/BadSmells/util/Python/scikit-learn/least_angle/least_angle
5230382ae,/Users/neda/Desktop/workspace/BadSmells/util/Python/scikit-learn/least_angle/least_angle@5230382ae@Sat Nov 12 04:01:29 2016 +0100.py,LassoLars,5,1,True,220,220,269,/Users/neda/Desktop/workspace/BadSmells/util/Python/scikit-learn/least_angle/least_angle
5230382ae,/Users/neda/Desktop/workspace/BadSmells/util/Python/scikit-learn/least_angle/least_angle@5230382ae@Sat Nov 12 04:01:29 2016 +0100.py,LarsCV,5,1,True,220,220,269,/Users/neda/Desktop/workspace/BadSmells/util/Python/scikit-learn/least_angle/least_angle
5230382ae,/Users/neda/Desktop/workspace/BadSmells/util/Python/scikit-learn/least_angle/least_angle@5230382ae@Sat Nov 12 04:01:29 2016 +0100.py,LassoLarsCV,6,0,True,220,220,269,/Users/neda/Desktop/workspace/BadSmells/util/Python/scikit-learn/least_angle/least_angle
5230382ae,/Users/neda/Desktop/workspace/BadSmells/util/Python/scikit-learn/least_angle/least_angle@5230382ae@Sat Nov 12 04:01:29 2016 +0100.py,LassoLarsIC,6,0,True,220,220,269,/Users/neda/Desktop/workspace/BadSmells/util/Python/scikit-learn/least_angle/least_angle
b9692a6be,/Users/neda/Desktop/workspace/BadSmells/util/Python/scikit-learn/_kernel_pca/_kernel_pca@535ef5516@Tue Mar 10 09:52:47 2020 +0000.py,KernelPCA,2,0,False,3,5,14,/Users/neda/Desktop/workspace/BadSmells/util/Python/scikit-learn/_kernel_pca/_kernel_pca
b9692a6be,/Users/neda/Desktop/workspace/BadSmells/util/Python/scikit-learn/_kernel_pca/_kernel_pca@438bb3a43@Tue Mar 10 17:01:51 2020 -0600.py,KernelPCA,2,0,False,4,5,14,/Users/neda/Desktop/workspace/BadSmells/util/Python/scikit-learn/_kernel_pca/_kernel_pca
b9692a6be,/Users/neda/Desktop/workspace/BadSmells/util/Python/scikit-learn/_kernel_pca/_kernel_pca@b9692a6be@Thu Mar 19 16:15:10 2020 +0100.py,KernelPCA,2,0,False,5,5,14,/Users/neda/Desktop/workspace/BadSmells/util/Python/scikit-learn/_kernel_pca/_kernel_pca
c52b6e128,/Users/neda/Desktop/workspace/BadSmells/util/Python/scikit-learn/spectral_embedding_/spectral_embedding_@b8ab21496@Wed Jun 26 17:23:17 2019 +0200.py,SpectralEmbedding,2,0,False,55,57,60,/Users/neda/Desktop/workspace/BadSmells/util/Python/scikit-learn/spectral_embedding_/spectral_embedding_
c52b6e128,/Users/neda/Desktop/workspace/BadSmells/util/Python/scikit-learn/spectral_embedding_/spectral_embedding_@f5057f692@Thu Jul 25 11:27:35 2019 -0400.py,SpectralEmbedding,2,0,False,56,57,60,/Users/neda/Desktop/workspace/BadSmells/util/Python/scikit-learn/spectral_embedding_/spectral_embedding_
c52b6e128,/Users/neda/Desktop/workspace/BadSmells/util/Python/scikit-learn/spectral_embedding_/spectral_embedding_@c52b6e128@Thu Aug 29 05:09:10 2019 -0400.py,SpectralEmbedding,2,0,False,57,57,60,/Users/neda/Desktop/workspace/BadSmells/util/Python/scikit-learn/spectral_embedding_/spectral_embedding_
925a017c8,/Users/neda/Desktop/workspace/BadSmells/util/Python/scikit-learn/hashing/hashing@e0d501f31@Sun Jul 17 20:31:16 2016 +0200.py,_ConsistentSet,1,0,False,39,41,54,/Users/neda/Desktop/workspace/BadSmells/util/Python/scikit-learn/hashing/hashing
925a017c8,/Users/neda/Desktop/workspace/BadSmells/util/Python/scikit-learn/hashing/hashing@e0d501f31@Sun Jul 17 20:31:16 2016 +0200.py,_MyHash,1,0,False,39,41,54,/Users/neda/Desktop/workspace/BadSmells/util/Python/scikit-learn/hashing/hashing
925a017c8,/Users/neda/Desktop/workspace/BadSmells/util/Python/scikit-learn/hashing/hashing@e0d501f31@Sun Jul 17 20:31:16 2016 +0200.py,Hasher,2,1,False,39,41,54,/Users/neda/Desktop/workspace/BadSmells/util/Python/scikit-learn/hashing/hashing
925a017c8,/Users/neda/Desktop/workspace/BadSmells/util/Python/scikit-learn/hashing/hashing@e0d501f31@Sun Jul 17 20:31:16 2016 +0200.py,NumpyHasher,3,0,False,39,41,54,/Users/neda/Desktop/workspace/BadSmells/util/Python/scikit-learn/hashing/hashing
925a017c8,/Users/neda/Desktop/workspace/BadSmells/util/Python/scikit-learn/hashing/hashing@cee5a383b@Tue Mar 7 11:20:08 2017 +0100.py,_ConsistentSet,1,0,False,40,41,54,/Users/neda/Desktop/workspace/BadSmells/util/Python/scikit-learn/hashing/hashing
925a017c8,/Users/neda/Desktop/workspace/BadSmells/util/Python/scikit-learn/hashing/hashing@cee5a383b@Tue Mar 7 11:20:08 2017 +0100.py,_MyHash,1,0,False,40,41,54,/Users/neda/Desktop/workspace/BadSmells/util/Python/scikit-learn/hashing/hashing
925a017c8,/Users/neda/Desktop/workspace/BadSmells/util/Python/scikit-learn/hashing/hashing@cee5a383b@Tue Mar 7 11:20:08 2017 +0100.py,Hasher,2,1,False,40,41,54,/Users/neda/Desktop/workspace/BadSmells/util/Python/scikit-learn/hashing/hashing
925a017c8,/Users/neda/Desktop/workspace/BadSmells/util/Python/scikit-learn/hashing/hashing@cee5a383b@Tue Mar 7 11:20:08 2017 +0100.py,NumpyHasher,3,0,False,40,41,54,/Users/neda/Desktop/workspace/BadSmells/util/Python/scikit-learn/hashing/hashing
925a017c8,/Users/neda/Desktop/workspace/BadSmells/util/Python/scikit-learn/hashing/hashing@925a017c8@Thu Jun 8 13:35:01 2017 +0200.py,FeatureHasher,2,0,False,41,41,54,/Users/neda/Desktop/workspace/BadSmells/util/Python/scikit-learn/hashing/hashing
4493d3705,/Users/neda/Desktop/workspace/BadSmells/util/Python/scikit-learn/base/base@eb9fe80e5@Mon Feb 13 05:27:19 2017 -0800.py,Bunch,2,0,False,896,898,1073,/Users/neda/Desktop/workspace/BadSmells/util/Python/scikit-learn/base/base
4493d3705,/Users/neda/Desktop/workspace/BadSmells/util/Python/scikit-learn/base/base@8694278c0@Thu Feb 16 19:21:26 2017 +0100.py,_BasePCA,3,2,False,897,898,1073,/Users/neda/Desktop/workspace/BadSmells/util/Python/scikit-learn/base/base
4493d3705,/Users/neda/Desktop/workspace/BadSmells/util/Python/scikit-learn/base/base@4493d3705@Mon Feb 20 23:33:28 2017 +0100.py,BaseEstimator,1,86,True,898,898,1073,/Users/neda/Desktop/workspace/BadSmells/util/Python/scikit-learn/base/base
4493d3705,/Users/neda/Desktop/workspace/BadSmells/util/Python/scikit-learn/base/base@4493d3705@Mon Feb 20 23:33:28 2017 +0100.py,ClassifierMixin,1,2,False,898,898,1073,/Users/neda/Desktop/workspace/BadSmells/util/Python/scikit-learn/base/base
4493d3705,/Users/neda/Desktop/workspace/BadSmells/util/Python/scikit-learn/base/base@4493d3705@Mon Feb 20 23:33:28 2017 +0100.py,RegressorMixin,1,0,False,898,898,1073,/Users/neda/Desktop/workspace/BadSmells/util/Python/scikit-learn/base/base
4493d3705,/Users/neda/Desktop/workspace/BadSmells/util/Python/scikit-learn/base/base@4493d3705@Mon Feb 20 23:33:28 2017 +0100.py,ClusterMixin,1,0,False,898,898,1073,/Users/neda/Desktop/workspace/BadSmells/util/Python/scikit-learn/base/base
4493d3705,/Users/neda/Desktop/workspace/BadSmells/util/Python/scikit-learn/base/base@4493d3705@Mon Feb 20 23:33:28 2017 +0100.py,BiclusterMixin,1,0,False,898,898,1073,/Users/neda/Desktop/workspace/BadSmells/util/Python/scikit-learn/base/base
4493d3705,/Users/neda/Desktop/workspace/BadSmells/util/Python/scikit-learn/base/base@4493d3705@Mon Feb 20 23:33:28 2017 +0100.py,TransformerMixin,1,2,False,898,898,1073,/Users/neda/Desktop/workspace/BadSmells/util/Python/scikit-learn/base/base
4493d3705,/Users/neda/Desktop/workspace/BadSmells/util/Python/scikit-learn/base/base@4493d3705@Mon Feb 20 23:33:28 2017 +0100.py,DensityMixin,1,0,False,898,898,1073,/Users/neda/Desktop/workspace/BadSmells/util/Python/scikit-learn/base/base
4493d3705,/Users/neda/Desktop/workspace/BadSmells/util/Python/scikit-learn/base/base@4493d3705@Mon Feb 20 23:33:28 2017 +0100.py,MetaEstimatorMixin,1,0,False,898,898,1073,/Users/neda/Desktop/workspace/BadSmells/util/Python/scikit-learn/base/base
3619bd386,/Users/neda/Desktop/workspace/BadSmells/util/Python/scikit-learn/_search/_search@3dffa08e4@Mon Sep 12 20:35:32 2016 +0200.py,ParameterGrid,1,0,False,15,17,137,/Users/neda/Desktop/workspace/BadSmells/util/Python/scikit-learn/_search/_search
3619bd386,/Users/neda/Desktop/workspace/BadSmells/util/Python/scikit-learn/_search/_search@3dffa08e4@Mon Sep 12 20:35:32 2016 +0200.py,ParameterSampler,1,0,False,15,17,137,/Users/neda/Desktop/workspace/BadSmells/util/Python/scikit-learn/_search/_search
3619bd386,/Users/neda/Desktop/workspace/BadSmells/util/Python/scikit-learn/_search/_search@3dffa08e4@Mon Sep 12 20:35:32 2016 +0200.py,GridSearchCV,2,0,False,15,17,137,/Users/neda/Desktop/workspace/BadSmells/util/Python/scikit-learn/_search/_search
3619bd386,/Users/neda/Desktop/workspace/BadSmells/util/Python/scikit-learn/_search/_search@3dffa08e4@Mon Sep 12 20:35:32 2016 +0200.py,RandomizedSearchCV,2,0,False,15,17,137,/Users/neda/Desktop/workspace/BadSmells/util/Python/scikit-learn/_search/_search
3619bd386,/Users/neda/Desktop/workspace/BadSmells/util/Python/scikit-learn/_search/_search@b444cc9c6@Tue Sep 27 12:14:33 2016 +0200.py,ParameterGrid,1,0,False,16,17,137,/Users/neda/Desktop/workspace/BadSmells/util/Python/scikit-learn/_search/_search
3619bd386,/Users/neda/Desktop/workspace/BadSmells/util/Python/scikit-learn/_search/_search@b444cc9c6@Tue Sep 27 12:14:33 2016 +0200.py,ParameterSampler,1,0,False,16,17,137,/Users/neda/Desktop/workspace/BadSmells/util/Python/scikit-learn/_search/_search
3619bd386,/Users/neda/Desktop/workspace/BadSmells/util/Python/scikit-learn/_search/_search@b444cc9c6@Tue Sep 27 12:14:33 2016 +0200.py,GridSearchCV,2,0,False,16,17,137,/Users/neda/Desktop/workspace/BadSmells/util/Python/scikit-learn/_search/_search
3619bd386,/Users/neda/Desktop/workspace/BadSmells/util/Python/scikit-learn/_search/_search@b444cc9c6@Tue Sep 27 12:14:33 2016 +0200.py,RandomizedSearchCV,2,0,False,16,17,137,/Users/neda/Desktop/workspace/BadSmells/util/Python/scikit-learn/_search/_search
3619bd386,/Users/neda/Desktop/workspace/BadSmells/util/Python/scikit-learn/_search/_search@3619bd386@Fri Sep 30 05:53:25 2016 +0200.py,ParameterGrid,1,0,False,17,17,137,/Users/neda/Desktop/workspace/BadSmells/util/Python/scikit-learn/_search/_search
3619bd386,/Users/neda/Desktop/workspace/BadSmells/util/Python/scikit-learn/_search/_search@3619bd386@Fri Sep 30 05:53:25 2016 +0200.py,ParameterSampler,1,0,False,17,17,137,/Users/neda/Desktop/workspace/BadSmells/util/Python/scikit-learn/_search/_search
3619bd386,/Users/neda/Desktop/workspace/BadSmells/util/Python/scikit-learn/_search/_search@3619bd386@Fri Sep 30 05:53:25 2016 +0200.py,GridSearchCV,2,0,False,17,17,137,/Users/neda/Desktop/workspace/BadSmells/util/Python/scikit-learn/_search/_search
3619bd386,/Users/neda/Desktop/workspace/BadSmells/util/Python/scikit-learn/_search/_search@3619bd386@Fri Sep 30 05:53:25 2016 +0200.py,RandomizedSearchCV,2,0,False,17,17,137,/Users/neda/Desktop/workspace/BadSmells/util/Python/scikit-learn/_search/_search
e3423b989,/Users/neda/Desktop/workspace/BadSmells/util/Python/scikit-learn/kernels/kernels@a3abc0945@Sun Mar 8 15:11:34 2015 +0100.py,Kernel,3,9,True,20,22,90,/Users/neda/Desktop/workspace/BadSmells/util/Python/scikit-learn/kernels/kernels
e3423b989,/Users/neda/Desktop/workspace/BadSmells/util/Python/scikit-learn/kernels/kernels@a3abc0945@Sun Mar 8 15:11:34 2015 +0100.py,KernelOperator,4,2,True,20,22,90,/Users/neda/Desktop/workspace/BadSmells/util/Python/scikit-learn/kernels/kernels
e3423b989,/Users/neda/Desktop/workspace/BadSmells/util/Python/scikit-learn/kernels/kernels@a3abc0945@Sun Mar 8 15:11:34 2015 +0100.py,Sum,5,0,True,20,22,90,/Users/neda/Desktop/workspace/BadSmells/util/Python/scikit-learn/kernels/kernels
e3423b989,/Users/neda/Desktop/workspace/BadSmells/util/Python/scikit-learn/kernels/kernels@a3abc0945@Sun Mar 8 15:11:34 2015 +0100.py,Product,5,0,True,20,22,90,/Users/neda/Desktop/workspace/BadSmells/util/Python/scikit-learn/kernels/kernels
e3423b989,/Users/neda/Desktop/workspace/BadSmells/util/Python/scikit-learn/kernels/kernels@a3abc0945@Sun Mar 8 15:11:34 2015 +0100.py,Exponentiation,4,0,True,20,22,90,/Users/neda/Desktop/workspace/BadSmells/util/Python/scikit-learn/kernels/kernels
e3423b989,/Users/neda/Desktop/workspace/BadSmells/util/Python/scikit-learn/kernels/kernels@a3abc0945@Sun Mar 8 15:11:34 2015 +0100.py,ConstantKernel,4,0,True,20,22,90,/Users/neda/Desktop/workspace/BadSmells/util/Python/scikit-learn/kernels/kernels
e3423b989,/Users/neda/Desktop/workspace/BadSmells/util/Python/scikit-learn/kernels/kernels@a3abc0945@Sun Mar 8 15:11:34 2015 +0100.py,WhiteKernel,4,0,True,20,22,90,/Users/neda/Desktop/workspace/BadSmells/util/Python/scikit-learn/kernels/kernels
e3423b989,/Users/neda/Desktop/workspace/BadSmells/util/Python/scikit-learn/kernels/kernels@a3abc0945@Sun Mar 8 15:11:34 2015 +0100.py,RBF,4,0,True,20,22,90,/Users/neda/Desktop/workspace/BadSmells/util/Python/scikit-learn/kernels/kernels
e3423b989,/Users/neda/Desktop/workspace/BadSmells/util/Python/scikit-learn/kernels/kernels@a3abc0945@Sun Mar 8 15:11:34 2015 +0100.py,RationalQuadratic,4,0,True,20,22,90,/Users/neda/Desktop/workspace/BadSmells/util/Python/scikit-learn/kernels/kernels
e3423b989,/Users/neda/Desktop/workspace/BadSmells/util/Python/scikit-learn/kernels/kernels@a3abc0945@Sun Mar 8 15:11:34 2015 +0100.py,ExpSineSquared,4,0,True,20,22,90,/Users/neda/Desktop/workspace/BadSmells/util/Python/scikit-learn/kernels/kernels
e3423b989,/Users/neda/Desktop/workspace/BadSmells/util/Python/scikit-learn/kernels/kernels@a3abc0945@Sun Mar 8 15:11:34 2015 +0100.py,DotProduct,4,0,True,20,22,90,/Users/neda/Desktop/workspace/BadSmells/util/Python/scikit-learn/kernels/kernels
e3423b989,/Users/neda/Desktop/workspace/BadSmells/util/Python/scikit-learn/kernels/kernels@a3abc0945@Sun Mar 8 15:11:34 2015 +0100.py,PairwiseKernel,4,0,True,20,22,90,/Users/neda/Desktop/workspace/BadSmells/util/Python/scikit-learn/kernels/kernels
e3423b989,/Users/neda/Desktop/workspace/BadSmells/util/Python/scikit-learn/kernels/kernels@91b5739a4@Sun Mar 8 16:29:54 2015 +0100.py,Kernel,3,9,True,21,22,90,/Users/neda/Desktop/workspace/BadSmells/util/Python/scikit-learn/kernels/kernels
e3423b989,/Users/neda/Desktop/workspace/BadSmells/util/Python/scikit-learn/kernels/kernels@91b5739a4@Sun Mar 8 16:29:54 2015 +0100.py,KernelOperator,4,2,True,21,22,90,/Users/neda/Desktop/workspace/BadSmells/util/Python/scikit-learn/kernels/kernels
e3423b989,/Users/neda/Desktop/workspace/BadSmells/util/Python/scikit-learn/kernels/kernels@91b5739a4@Sun Mar 8 16:29:54 2015 +0100.py,Sum,5,0,True,21,22,90,/Users/neda/Desktop/workspace/BadSmells/util/Python/scikit-learn/kernels/kernels
e3423b989,/Users/neda/Desktop/workspace/BadSmells/util/Python/scikit-learn/kernels/kernels@91b5739a4@Sun Mar 8 16:29:54 2015 +0100.py,Product,5,0,True,21,22,90,/Users/neda/Desktop/workspace/BadSmells/util/Python/scikit-learn/kernels/kernels
e3423b989,/Users/neda/Desktop/workspace/BadSmells/util/Python/scikit-learn/kernels/kernels@91b5739a4@Sun Mar 8 16:29:54 2015 +0100.py,Exponentiation,4,0,True,21,22,90,/Users/neda/Desktop/workspace/BadSmells/util/Python/scikit-learn/kernels/kernels
e3423b989,/Users/neda/Desktop/workspace/BadSmells/util/Python/scikit-learn/kernels/kernels@91b5739a4@Sun Mar 8 16:29:54 2015 +0100.py,ConstantKernel,4,0,True,21,22,90,/Users/neda/Desktop/workspace/BadSmells/util/Python/scikit-learn/kernels/kernels
e3423b989,/Users/neda/Desktop/workspace/BadSmells/util/Python/scikit-learn/kernels/kernels@91b5739a4@Sun Mar 8 16:29:54 2015 +0100.py,WhiteKernel,4,0,True,21,22,90,/Users/neda/Desktop/workspace/BadSmells/util/Python/scikit-learn/kernels/kernels
e3423b989,/Users/neda/Desktop/workspace/BadSmells/util/Python/scikit-learn/kernels/kernels@91b5739a4@Sun Mar 8 16:29:54 2015 +0100.py,RBF,4,0,True,21,22,90,/Users/neda/Desktop/workspace/BadSmells/util/Python/scikit-learn/kernels/kernels
e3423b989,/Users/neda/Desktop/workspace/BadSmells/util/Python/scikit-learn/kernels/kernels@91b5739a4@Sun Mar 8 16:29:54 2015 +0100.py,RationalQuadratic,4,0,True,21,22,90,/Users/neda/Desktop/workspace/BadSmells/util/Python/scikit-learn/kernels/kernels
e3423b989,/Users/neda/Desktop/workspace/BadSmells/util/Python/scikit-learn/kernels/kernels@91b5739a4@Sun Mar 8 16:29:54 2015 +0100.py,ExpSineSquared,4,0,True,21,22,90,/Users/neda/Desktop/workspace/BadSmells/util/Python/scikit-learn/kernels/kernels
e3423b989,/Users/neda/Desktop/workspace/BadSmells/util/Python/scikit-learn/kernels/kernels@91b5739a4@Sun Mar 8 16:29:54 2015 +0100.py,DotProduct,4,0,True,21,22,90,/Users/neda/Desktop/workspace/BadSmells/util/Python/scikit-learn/kernels/kernels
e3423b989,/Users/neda/Desktop/workspace/BadSmells/util/Python/scikit-learn/kernels/kernels@91b5739a4@Sun Mar 8 16:29:54 2015 +0100.py,PairwiseKernel,4,0,True,21,22,90,/Users/neda/Desktop/workspace/BadSmells/util/Python/scikit-learn/kernels/kernels
e3423b989,/Users/neda/Desktop/workspace/BadSmells/util/Python/scikit-learn/kernels/kernels@e3423b989@Sun Mar 8 18:43:28 2015 +0100.py,Kernel,3,9,True,22,22,90,/Users/neda/Desktop/workspace/BadSmells/util/Python/scikit-learn/kernels/kernels
e3423b989,/Users/neda/Desktop/workspace/BadSmells/util/Python/scikit-learn/kernels/kernels@e3423b989@Sun Mar 8 18:43:28 2015 +0100.py,KernelOperator,4,2,True,22,22,90,/Users/neda/Desktop/workspace/BadSmells/util/Python/scikit-learn/kernels/kernels
e3423b989,/Users/neda/Desktop/workspace/BadSmells/util/Python/scikit-learn/kernels/kernels@e3423b989@Sun Mar 8 18:43:28 2015 +0100.py,Sum,5,0,True,22,22,90,/Users/neda/Desktop/workspace/BadSmells/util/Python/scikit-learn/kernels/kernels
e3423b989,/Users/neda/Desktop/workspace/BadSmells/util/Python/scikit-learn/kernels/kernels@e3423b989@Sun Mar 8 18:43:28 2015 +0100.py,Product,5,0,True,22,22,90,/Users/neda/Desktop/workspace/BadSmells/util/Python/scikit-learn/kernels/kernels
e3423b989,/Users/neda/Desktop/workspace/BadSmells/util/Python/scikit-learn/kernels/kernels@e3423b989@Sun Mar 8 18:43:28 2015 +0100.py,Exponentiation,4,0,True,22,22,90,/Users/neda/Desktop/workspace/BadSmells/util/Python/scikit-learn/kernels/kernels
e3423b989,/Users/neda/Desktop/workspace/BadSmells/util/Python/scikit-learn/kernels/kernels@e3423b989@Sun Mar 8 18:43:28 2015 +0100.py,ConstantKernel,4,0,True,22,22,90,/Users/neda/Desktop/workspace/BadSmells/util/Python/scikit-learn/kernels/kernels
e3423b989,/Users/neda/Desktop/workspace/BadSmells/util/Python/scikit-learn/kernels/kernels@e3423b989@Sun Mar 8 18:43:28 2015 +0100.py,WhiteKernel,4,0,True,22,22,90,/Users/neda/Desktop/workspace/BadSmells/util/Python/scikit-learn/kernels/kernels
e3423b989,/Users/neda/Desktop/workspace/BadSmells/util/Python/scikit-learn/kernels/kernels@e3423b989@Sun Mar 8 18:43:28 2015 +0100.py,RBF,4,0,True,22,22,90,/Users/neda/Desktop/workspace/BadSmells/util/Python/scikit-learn/kernels/kernels
e3423b989,/Users/neda/Desktop/workspace/BadSmells/util/Python/scikit-learn/kernels/kernels@e3423b989@Sun Mar 8 18:43:28 2015 +0100.py,RationalQuadratic,4,0,True,22,22,90,/Users/neda/Desktop/workspace/BadSmells/util/Python/scikit-learn/kernels/kernels
e3423b989,/Users/neda/Desktop/workspace/BadSmells/util/Python/scikit-learn/kernels/kernels@e3423b989@Sun Mar 8 18:43:28 2015 +0100.py,ExpSineSquared,4,0,True,22,22,90,/Users/neda/Desktop/workspace/BadSmells/util/Python/scikit-learn/kernels/kernels
e3423b989,/Users/neda/Desktop/workspace/BadSmells/util/Python/scikit-learn/kernels/kernels@e3423b989@Sun Mar 8 18:43:28 2015 +0100.py,DotProduct,4,0,True,22,22,90,/Users/neda/Desktop/workspace/BadSmells/util/Python/scikit-learn/kernels/kernels
e3423b989,/Users/neda/Desktop/workspace/BadSmells/util/Python/scikit-learn/kernels/kernels@e3423b989@Sun Mar 8 18:43:28 2015 +0100.py,PairwiseKernel,4,0,True,22,22,90,/Users/neda/Desktop/workspace/BadSmells/util/Python/scikit-learn/kernels/kernels
cc2fbeddf,/Users/neda/Desktop/workspace/BadSmells/util/Python/scikit-learn/grower/grower@b580ad5df@Thu Jun 13 16:36:42 2019 -0400.py,TreeNode,1,0,False,4,6,12,/Users/neda/Desktop/workspace/BadSmells/util/Python/scikit-learn/grower/grower
cc2fbeddf,/Users/neda/Desktop/workspace/BadSmells/util/Python/scikit-learn/grower/grower@b580ad5df@Thu Jun 13 16:36:42 2019 -0400.py,TreeGrower,1,0,False,4,6,12,/Users/neda/Desktop/workspace/BadSmells/util/Python/scikit-learn/grower/grower
cc2fbeddf,/Users/neda/Desktop/workspace/BadSmells/util/Python/scikit-learn/grower/grower@4b6273b87@Wed Aug 21 05:22:00 2019 -0400.py,TreeNode,1,0,False,5,6,12,/Users/neda/Desktop/workspace/BadSmells/util/Python/scikit-learn/grower/grower
cc2fbeddf,/Users/neda/Desktop/workspace/BadSmells/util/Python/scikit-learn/grower/grower@4b6273b87@Wed Aug 21 05:22:00 2019 -0400.py,TreeGrower,1,0,False,5,6,12,/Users/neda/Desktop/workspace/BadSmells/util/Python/scikit-learn/grower/grower
cc2fbeddf,/Users/neda/Desktop/workspace/BadSmells/util/Python/scikit-learn/grower/grower@cc2fbeddf@Tue Jan 28 23:37:43 2020 +0530.py,TreeNode,1,0,False,6,6,12,/Users/neda/Desktop/workspace/BadSmells/util/Python/scikit-learn/grower/grower
cc2fbeddf,/Users/neda/Desktop/workspace/BadSmells/util/Python/scikit-learn/grower/grower@cc2fbeddf@Tue Jan 28 23:37:43 2020 +0530.py,TreeGrower,1,0,False,6,6,12,/Users/neda/Desktop/workspace/BadSmells/util/Python/scikit-learn/grower/grower
31a4691d7,/Users/neda/Desktop/workspace/BadSmells/util/Python/scikit-learn/cross_validation/cross_validation@24af423e8@Wed Aug 17 16:41:38 2016 -0700.py,_PartitionIterator,3,5,True,254,256,266,/Users/neda/Desktop/workspace/BadSmells/util/Python/scikit-learn/cross_validation/cross_validation
31a4691d7,/Users/neda/Desktop/workspace/BadSmells/util/Python/scikit-learn/cross_validation/cross_validation@24af423e8@Wed Aug 17 16:41:38 2016 -0700.py,LeaveOneOut,4,0,True,254,256,266,/Users/neda/Desktop/workspace/BadSmells/util/Python/scikit-learn/cross_validation/cross_validation
31a4691d7,/Users/neda/Desktop/workspace/BadSmells/util/Python/scikit-learn/cross_validation/cross_validation@24af423e8@Wed Aug 17 16:41:38 2016 -0700.py,LeavePOut,4,0,True,254,256,266,/Users/neda/Desktop/workspace/BadSmells/util/Python/scikit-learn/cross_validation/cross_validation
31a4691d7,/Users/neda/Desktop/workspace/BadSmells/util/Python/scikit-learn/cross_validation/cross_validation@24af423e8@Wed Aug 17 16:41:38 2016 -0700.py,_BaseKFold,3,3,False,254,256,266,/Users/neda/Desktop/workspace/BadSmells/util/Python/scikit-learn/cross_validation/cross_validation
31a4691d7,/Users/neda/Desktop/workspace/BadSmells/util/Python/scikit-learn/cross_validation/cross_validation@24af423e8@Wed Aug 17 16:41:38 2016 -0700.py,KFold,4,0,True,254,256,266,/Users/neda/Desktop/workspace/BadSmells/util/Python/scikit-learn/cross_validation/cross_validation
31a4691d7,/Users/neda/Desktop/workspace/BadSmells/util/Python/scikit-learn/cross_validation/cross_validation@24af423e8@Wed Aug 17 16:41:38 2016 -0700.py,LabelKFold,4,0,True,254,256,266,/Users/neda/Desktop/workspace/BadSmells/util/Python/scikit-learn/cross_validation/cross_validation
31a4691d7,/Users/neda/Desktop/workspace/BadSmells/util/Python/scikit-learn/cross_validation/cross_validation@24af423e8@Wed Aug 17 16:41:38 2016 -0700.py,StratifiedKFold,4,0,True,254,256,266,/Users/neda/Desktop/workspace/BadSmells/util/Python/scikit-learn/cross_validation/cross_validation
31a4691d7,/Users/neda/Desktop/workspace/BadSmells/util/Python/scikit-learn/cross_validation/cross_validation@24af423e8@Wed Aug 17 16:41:38 2016 -0700.py,LeaveOneLabelOut,4,0,True,254,256,266,/Users/neda/Desktop/workspace/BadSmells/util/Python/scikit-learn/cross_validation/cross_validation
31a4691d7,/Users/neda/Desktop/workspace/BadSmells/util/Python/scikit-learn/cross_validation/cross_validation@24af423e8@Wed Aug 17 16:41:38 2016 -0700.py,LeavePLabelOut,4,0,True,254,256,266,/Users/neda/Desktop/workspace/BadSmells/util/Python/scikit-learn/cross_validation/cross_validation
31a4691d7,/Users/neda/Desktop/workspace/BadSmells/util/Python/scikit-learn/cross_validation/cross_validation@24af423e8@Wed Aug 17 16:41:38 2016 -0700.py,BaseShuffleSplit,3,2,False,254,256,266,/Users/neda/Desktop/workspace/BadSmells/util/Python/scikit-learn/cross_validation/cross_validation
31a4691d7,/Users/neda/Desktop/workspace/BadSmells/util/Python/scikit-learn/cross_validation/cross_validation@24af423e8@Wed Aug 17 16:41:38 2016 -0700.py,ShuffleSplit,4,1,True,254,256,266,/Users/neda/Desktop/workspace/BadSmells/util/Python/scikit-learn/cross_validation/cross_validation
31a4691d7,/Users/neda/Desktop/workspace/BadSmells/util/Python/scikit-learn/cross_validation/cross_validation@24af423e8@Wed Aug 17 16:41:38 2016 -0700.py,StratifiedShuffleSplit,4,0,True,254,256,266,/Users/neda/Desktop/workspace/BadSmells/util/Python/scikit-learn/cross_validation/cross_validation
31a4691d7,/Users/neda/Desktop/workspace/BadSmells/util/Python/scikit-learn/cross_validation/cross_validation@24af423e8@Wed Aug 17 16:41:38 2016 -0700.py,PredefinedSplit,4,0,True,254,256,266,/Users/neda/Desktop/workspace/BadSmells/util/Python/scikit-learn/cross_validation/cross_validation
31a4691d7,/Users/neda/Desktop/workspace/BadSmells/util/Python/scikit-learn/cross_validation/cross_validation@24af423e8@Wed Aug 17 16:41:38 2016 -0700.py,LabelShuffleSplit,5,0,True,254,256,266,/Users/neda/Desktop/workspace/BadSmells/util/Python/scikit-learn/cross_validation/cross_validation
31a4691d7,/Users/neda/Desktop/workspace/BadSmells/util/Python/scikit-learn/cross_validation/cross_validation@07e0dd306@Wed Aug 17 16:58:08 2016 -0700.py,_PartitionIterator,3,5,True,255,256,266,/Users/neda/Desktop/workspace/BadSmells/util/Python/scikit-learn/cross_validation/cross_validation
31a4691d7,/Users/neda/Desktop/workspace/BadSmells/util/Python/scikit-learn/cross_validation/cross_validation@07e0dd306@Wed Aug 17 16:58:08 2016 -0700.py,LeaveOneOut,4,0,True,255,256,266,/Users/neda/Desktop/workspace/BadSmells/util/Python/scikit-learn/cross_validation/cross_validation
31a4691d7,/Users/neda/Desktop/workspace/BadSmells/util/Python/scikit-learn/cross_validation/cross_validation@07e0dd306@Wed Aug 17 16:58:08 2016 -0700.py,LeavePOut,4,0,True,255,256,266,/Users/neda/Desktop/workspace/BadSmells/util/Python/scikit-learn/cross_validation/cross_validation
31a4691d7,/Users/neda/Desktop/workspace/BadSmells/util/Python/scikit-learn/cross_validation/cross_validation@07e0dd306@Wed Aug 17 16:58:08 2016 -0700.py,_BaseKFold,3,3,False,255,256,266,/Users/neda/Desktop/workspace/BadSmells/util/Python/scikit-learn/cross_validation/cross_validation
31a4691d7,/Users/neda/Desktop/workspace/BadSmells/util/Python/scikit-learn/cross_validation/cross_validation@07e0dd306@Wed Aug 17 16:58:08 2016 -0700.py,KFold,4,0,True,255,256,266,/Users/neda/Desktop/workspace/BadSmells/util/Python/scikit-learn/cross_validation/cross_validation
31a4691d7,/Users/neda/Desktop/workspace/BadSmells/util/Python/scikit-learn/cross_validation/cross_validation@07e0dd306@Wed Aug 17 16:58:08 2016 -0700.py,LabelKFold,4,0,True,255,256,266,/Users/neda/Desktop/workspace/BadSmells/util/Python/scikit-learn/cross_validation/cross_validation
31a4691d7,/Users/neda/Desktop/workspace/BadSmells/util/Python/scikit-learn/cross_validation/cross_validation@07e0dd306@Wed Aug 17 16:58:08 2016 -0700.py,StratifiedKFold,4,0,True,255,256,266,/Users/neda/Desktop/workspace/BadSmells/util/Python/scikit-learn/cross_validation/cross_validation
31a4691d7,/Users/neda/Desktop/workspace/BadSmells/util/Python/scikit-learn/cross_validation/cross_validation@07e0dd306@Wed Aug 17 16:58:08 2016 -0700.py,LeaveOneLabelOut,4,0,True,255,256,266,/Users/neda/Desktop/workspace/BadSmells/util/Python/scikit-learn/cross_validation/cross_validation
31a4691d7,/Users/neda/Desktop/workspace/BadSmells/util/Python/scikit-learn/cross_validation/cross_validation@07e0dd306@Wed Aug 17 16:58:08 2016 -0700.py,LeavePLabelOut,4,0,True,255,256,266,/Users/neda/Desktop/workspace/BadSmells/util/Python/scikit-learn/cross_validation/cross_validation
31a4691d7,/Users/neda/Desktop/workspace/BadSmells/util/Python/scikit-learn/cross_validation/cross_validation@07e0dd306@Wed Aug 17 16:58:08 2016 -0700.py,BaseShuffleSplit,3,2,False,255,256,266,/Users/neda/Desktop/workspace/BadSmells/util/Python/scikit-learn/cross_validation/cross_validation
31a4691d7,/Users/neda/Desktop/workspace/BadSmells/util/Python/scikit-learn/cross_validation/cross_validation@07e0dd306@Wed Aug 17 16:58:08 2016 -0700.py,ShuffleSplit,4,1,True,255,256,266,/Users/neda/Desktop/workspace/BadSmells/util/Python/scikit-learn/cross_validation/cross_validation
31a4691d7,/Users/neda/Desktop/workspace/BadSmells/util/Python/scikit-learn/cross_validation/cross_validation@07e0dd306@Wed Aug 17 16:58:08 2016 -0700.py,StratifiedShuffleSplit,4,0,True,255,256,266,/Users/neda/Desktop/workspace/BadSmells/util/Python/scikit-learn/cross_validation/cross_validation
31a4691d7,/Users/neda/Desktop/workspace/BadSmells/util/Python/scikit-learn/cross_validation/cross_validation@07e0dd306@Wed Aug 17 16:58:08 2016 -0700.py,PredefinedSplit,4,0,True,255,256,266,/Users/neda/Desktop/workspace/BadSmells/util/Python/scikit-learn/cross_validation/cross_validation
31a4691d7,/Users/neda/Desktop/workspace/BadSmells/util/Python/scikit-learn/cross_validation/cross_validation@07e0dd306@Wed Aug 17 16:58:08 2016 -0700.py,LabelShuffleSplit,5,0,True,255,256,266,/Users/neda/Desktop/workspace/BadSmells/util/Python/scikit-learn/cross_validation/cross_validation
31a4691d7,/Users/neda/Desktop/workspace/BadSmells/util/Python/scikit-learn/cross_validation/cross_validation@31a4691d7@Fri Sep 9 13:00:49 2016 -0400.py,_PartitionIterator,3,5,True,256,256,266,/Users/neda/Desktop/workspace/BadSmells/util/Python/scikit-learn/cross_validation/cross_validation
31a4691d7,/Users/neda/Desktop/workspace/BadSmells/util/Python/scikit-learn/cross_validation/cross_validation@31a4691d7@Fri Sep 9 13:00:49 2016 -0400.py,LeaveOneOut,4,0,True,256,256,266,/Users/neda/Desktop/workspace/BadSmells/util/Python/scikit-learn/cross_validation/cross_validation
31a4691d7,/Users/neda/Desktop/workspace/BadSmells/util/Python/scikit-learn/cross_validation/cross_validation@31a4691d7@Fri Sep 9 13:00:49 2016 -0400.py,LeavePOut,4,0,True,256,256,266,/Users/neda/Desktop/workspace/BadSmells/util/Python/scikit-learn/cross_validation/cross_validation
31a4691d7,/Users/neda/Desktop/workspace/BadSmells/util/Python/scikit-learn/cross_validation/cross_validation@31a4691d7@Fri Sep 9 13:00:49 2016 -0400.py,_BaseKFold,3,4,False,256,256,266,/Users/neda/Desktop/workspace/BadSmells/util/Python/scikit-learn/cross_validation/cross_validation
31a4691d7,/Users/neda/Desktop/workspace/BadSmells/util/Python/scikit-learn/cross_validation/cross_validation@31a4691d7@Fri Sep 9 13:00:49 2016 -0400.py,KFold,4,0,True,256,256,266,/Users/neda/Desktop/workspace/BadSmells/util/Python/scikit-learn/cross_validation/cross_validation
31a4691d7,/Users/neda/Desktop/workspace/BadSmells/util/Python/scikit-learn/cross_validation/cross_validation@31a4691d7@Fri Sep 9 13:00:49 2016 -0400.py,LabelKFold,4,0,True,256,256,266,/Users/neda/Desktop/workspace/BadSmells/util/Python/scikit-learn/cross_validation/cross_validation
31a4691d7,/Users/neda/Desktop/workspace/BadSmells/util/Python/scikit-learn/cross_validation/cross_validation@31a4691d7@Fri Sep 9 13:00:49 2016 -0400.py,StratifiedKFold,4,0,True,256,256,266,/Users/neda/Desktop/workspace/BadSmells/util/Python/scikit-learn/cross_validation/cross_validation
31a4691d7,/Users/neda/Desktop/workspace/BadSmells/util/Python/scikit-learn/cross_validation/cross_validation@31a4691d7@Fri Sep 9 13:00:49 2016 -0400.py,LeaveOneLabelOut,4,0,True,256,256,266,/Users/neda/Desktop/workspace/BadSmells/util/Python/scikit-learn/cross_validation/cross_validation
31a4691d7,/Users/neda/Desktop/workspace/BadSmells/util/Python/scikit-learn/cross_validation/cross_validation@31a4691d7@Fri Sep 9 13:00:49 2016 -0400.py,LeavePLabelOut,4,0,True,256,256,266,/Users/neda/Desktop/workspace/BadSmells/util/Python/scikit-learn/cross_validation/cross_validation
31a4691d7,/Users/neda/Desktop/workspace/BadSmells/util/Python/scikit-learn/cross_validation/cross_validation@31a4691d7@Fri Sep 9 13:00:49 2016 -0400.py,BaseShuffleSplit,3,2,False,256,256,266,/Users/neda/Desktop/workspace/BadSmells/util/Python/scikit-learn/cross_validation/cross_validation
31a4691d7,/Users/neda/Desktop/workspace/BadSmells/util/Python/scikit-learn/cross_validation/cross_validation@31a4691d7@Fri Sep 9 13:00:49 2016 -0400.py,ShuffleSplit,4,1,True,256,256,266,/Users/neda/Desktop/workspace/BadSmells/util/Python/scikit-learn/cross_validation/cross_validation
31a4691d7,/Users/neda/Desktop/workspace/BadSmells/util/Python/scikit-learn/cross_validation/cross_validation@31a4691d7@Fri Sep 9 13:00:49 2016 -0400.py,StratifiedShuffleSplit,4,0,True,256,256,266,/Users/neda/Desktop/workspace/BadSmells/util/Python/scikit-learn/cross_validation/cross_validation
31a4691d7,/Users/neda/Desktop/workspace/BadSmells/util/Python/scikit-learn/cross_validation/cross_validation@31a4691d7@Fri Sep 9 13:00:49 2016 -0400.py,PredefinedSplit,4,0,True,256,256,266,/Users/neda/Desktop/workspace/BadSmells/util/Python/scikit-learn/cross_validation/cross_validation
31a4691d7,/Users/neda/Desktop/workspace/BadSmells/util/Python/scikit-learn/cross_validation/cross_validation@31a4691d7@Fri Sep 9 13:00:49 2016 -0400.py,LabelShuffleSplit,5,0,True,256,256,266,/Users/neda/Desktop/workspace/BadSmells/util/Python/scikit-learn/cross_validation/cross_validation
42073c2cc,/Users/neda/Desktop/workspace/BadSmells/util/Python/scikit-learn/nmf/nmf@bb3f93c8b@Tue Jan 29 16:12:21 2019 -0800.py,NMF,2,1,False,158,160,169,/Users/neda/Desktop/workspace/BadSmells/util/Python/scikit-learn/nmf/nmf
42073c2cc,/Users/neda/Desktop/workspace/BadSmells/util/Python/scikit-learn/nmf/nmf@62d205980@Sat Feb 2 19:35:06 2019 +0530.py,NMF,2,1,False,159,160,169,/Users/neda/Desktop/workspace/BadSmells/util/Python/scikit-learn/nmf/nmf
42073c2cc,/Users/neda/Desktop/workspace/BadSmells/util/Python/scikit-learn/nmf/nmf@42073c2cc@Tue Feb 12 17:44:39 2019 -0500.py,NMF,2,1,False,160,160,169,/Users/neda/Desktop/workspace/BadSmells/util/Python/scikit-learn/nmf/nmf
b429868d0,/Users/neda/Desktop/workspace/BadSmells/util/Python/scikit-learn/robust_covariance/robust_covariance@e3c9ae204@Thu Apr 6 02:43:21 2017 +0200.py,MinCovDet,3,0,False,63,65,81,/Users/neda/Desktop/workspace/BadSmells/util/Python/scikit-learn/robust_covariance/robust_covariance
b429868d0,/Users/neda/Desktop/workspace/BadSmells/util/Python/scikit-learn/robust_covariance/robust_covariance@bd0fc236e@Fri Jun 2 14:36:33 2017 -0700.py,MinCovDet,3,0,False,64,65,81,/Users/neda/Desktop/workspace/BadSmells/util/Python/scikit-learn/robust_covariance/robust_covariance
b429868d0,/Users/neda/Desktop/workspace/BadSmells/util/Python/scikit-learn/robust_covariance/robust_covariance@b429868d0@Thu Jun 8 03:51:48 2017 -0600.py,MinCovDet,3,0,False,65,65,81,/Users/neda/Desktop/workspace/BadSmells/util/Python/scikit-learn/robust_covariance/robust_covariance
3a48f0ab7,/Users/neda/Desktop/workspace/BadSmells/util/Python/scikit-learn/multiclass/multiclass@4d37cf586@Wed Jul 5 17:44:06 2017 +1000.py,_ConstantPredictor,2,0,False,178,180,236,/Users/neda/Desktop/workspace/BadSmells/util/Python/scikit-learn/multiclass/multiclass
3a48f0ab7,/Users/neda/Desktop/workspace/BadSmells/util/Python/scikit-learn/multiclass/multiclass@4d37cf586@Wed Jul 5 17:44:06 2017 +1000.py,OneVsRestClassifier,2,0,False,178,180,236,/Users/neda/Desktop/workspace/BadSmells/util/Python/scikit-learn/multiclass/multiclass
3a48f0ab7,/Users/neda/Desktop/workspace/BadSmells/util/Python/scikit-learn/multiclass/multiclass@4d37cf586@Wed Jul 5 17:44:06 2017 +1000.py,OneVsOneClassifier,2,0,False,178,180,236,/Users/neda/Desktop/workspace/BadSmells/util/Python/scikit-learn/multiclass/multiclass
3a48f0ab7,/Users/neda/Desktop/workspace/BadSmells/util/Python/scikit-learn/multiclass/multiclass@4d37cf586@Wed Jul 5 17:44:06 2017 +1000.py,OutputCodeClassifier,2,0,False,178,180,236,/Users/neda/Desktop/workspace/BadSmells/util/Python/scikit-learn/multiclass/multiclass
3a48f0ab7,/Users/neda/Desktop/workspace/BadSmells/util/Python/scikit-learn/multiclass/multiclass@924a4661e@Fri Jul 14 03:18:04 2017 +0530.py,_ConstantPredictor,2,0,False,179,180,236,/Users/neda/Desktop/workspace/BadSmells/util/Python/scikit-learn/multiclass/multiclass
3a48f0ab7,/Users/neda/Desktop/workspace/BadSmells/util/Python/scikit-learn/multiclass/multiclass@924a4661e@Fri Jul 14 03:18:04 2017 +0530.py,OneVsRestClassifier,2,0,False,179,180,236,/Users/neda/Desktop/workspace/BadSmells/util/Python/scikit-learn/multiclass/multiclass
3a48f0ab7,/Users/neda/Desktop/workspace/BadSmells/util/Python/scikit-learn/multiclass/multiclass@924a4661e@Fri Jul 14 03:18:04 2017 +0530.py,OneVsOneClassifier,2,0,False,179,180,236,/Users/neda/Desktop/workspace/BadSmells/util/Python/scikit-learn/multiclass/multiclass
3a48f0ab7,/Users/neda/Desktop/workspace/BadSmells/util/Python/scikit-learn/multiclass/multiclass@924a4661e@Fri Jul 14 03:18:04 2017 +0530.py,OutputCodeClassifier,2,0,False,179,180,236,/Users/neda/Desktop/workspace/BadSmells/util/Python/scikit-learn/multiclass/multiclass
57415c461,/Users/neda/Desktop/workspace/BadSmells/util/Python/scikit-learn/t_sne/t_sne@e3c9ae204@Thu Apr 6 02:43:21 2017 +0200.py,TSNE,2,0,False,57,59,88,/Users/neda/Desktop/workspace/BadSmells/util/Python/scikit-learn/t_sne/t_sne
57415c461,/Users/neda/Desktop/workspace/BadSmells/util/Python/scikit-learn/t_sne/t_sne@9e49be2c5@Sat May 6 10:09:55 2017 -0400.py,TSNE,2,0,False,58,59,88,/Users/neda/Desktop/workspace/BadSmells/util/Python/scikit-learn/t_sne/t_sne
57415c461,/Users/neda/Desktop/workspace/BadSmells/util/Python/scikit-learn/t_sne/t_sne@57415c461@Thu Jun 1 04:14:35 2017 -0700.py,TSNE,2,0,False,59,59,88,/Users/neda/Desktop/workspace/BadSmells/util/Python/scikit-learn/t_sne/t_sne
680a5b8a9,/Users/neda/Desktop/workspace/BadSmells/util/Python/scikit-learn/_split/_split@304c67cab@Wed Nov 2 00:39:57 2016 +1100.py,BaseCrossValidator,3,6,True,27,29,119,/Users/neda/Desktop/workspace/BadSmells/util/Python/scikit-learn/_split/_split
680a5b8a9,/Users/neda/Desktop/workspace/BadSmells/util/Python/scikit-learn/_split/_split@304c67cab@Wed Nov 2 00:39:57 2016 +1100.py,LeaveOneOut,4,0,True,27,29,119,/Users/neda/Desktop/workspace/BadSmells/util/Python/scikit-learn/_split/_split
680a5b8a9,/Users/neda/Desktop/workspace/BadSmells/util/Python/scikit-learn/_split/_split@304c67cab@Wed Nov 2 00:39:57 2016 +1100.py,LeavePOut,4,0,True,27,29,119,/Users/neda/Desktop/workspace/BadSmells/util/Python/scikit-learn/_split/_split
680a5b8a9,/Users/neda/Desktop/workspace/BadSmells/util/Python/scikit-learn/_split/_split@304c67cab@Wed Nov 2 00:39:57 2016 +1100.py,_BaseKFold,3,5,True,27,29,119,/Users/neda/Desktop/workspace/BadSmells/util/Python/scikit-learn/_split/_split
680a5b8a9,/Users/neda/Desktop/workspace/BadSmells/util/Python/scikit-learn/_split/_split@304c67cab@Wed Nov 2 00:39:57 2016 +1100.py,KFold,4,0,True,27,29,119,/Users/neda/Desktop/workspace/BadSmells/util/Python/scikit-learn/_split/_split
680a5b8a9,/Users/neda/Desktop/workspace/BadSmells/util/Python/scikit-learn/_split/_split@304c67cab@Wed Nov 2 00:39:57 2016 +1100.py,GroupKFold,4,0,True,27,29,119,/Users/neda/Desktop/workspace/BadSmells/util/Python/scikit-learn/_split/_split
680a5b8a9,/Users/neda/Desktop/workspace/BadSmells/util/Python/scikit-learn/_split/_split@304c67cab@Wed Nov 2 00:39:57 2016 +1100.py,StratifiedKFold,4,0,True,27,29,119,/Users/neda/Desktop/workspace/BadSmells/util/Python/scikit-learn/_split/_split
680a5b8a9,/Users/neda/Desktop/workspace/BadSmells/util/Python/scikit-learn/_split/_split@304c67cab@Wed Nov 2 00:39:57 2016 +1100.py,TimeSeriesSplit,4,0,True,27,29,119,/Users/neda/Desktop/workspace/BadSmells/util/Python/scikit-learn/_split/_split
680a5b8a9,/Users/neda/Desktop/workspace/BadSmells/util/Python/scikit-learn/_split/_split@304c67cab@Wed Nov 2 00:39:57 2016 +1100.py,LeaveOneGroupOut,4,0,True,27,29,119,/Users/neda/Desktop/workspace/BadSmells/util/Python/scikit-learn/_split/_split
680a5b8a9,/Users/neda/Desktop/workspace/BadSmells/util/Python/scikit-learn/_split/_split@304c67cab@Wed Nov 2 00:39:57 2016 +1100.py,LeavePGroupsOut,4,0,True,27,29,119,/Users/neda/Desktop/workspace/BadSmells/util/Python/scikit-learn/_split/_split
680a5b8a9,/Users/neda/Desktop/workspace/BadSmells/util/Python/scikit-learn/_split/_split@304c67cab@Wed Nov 2 00:39:57 2016 +1100.py,BaseShuffleSplit,3,2,False,27,29,119,/Users/neda/Desktop/workspace/BadSmells/util/Python/scikit-learn/_split/_split
680a5b8a9,/Users/neda/Desktop/workspace/BadSmells/util/Python/scikit-learn/_split/_split@304c67cab@Wed Nov 2 00:39:57 2016 +1100.py,ShuffleSplit,4,2,True,27,29,119,/Users/neda/Desktop/workspace/BadSmells/util/Python/scikit-learn/_split/_split
680a5b8a9,/Users/neda/Desktop/workspace/BadSmells/util/Python/scikit-learn/_split/_split@304c67cab@Wed Nov 2 00:39:57 2016 +1100.py,GroupShuffleSplit,5,0,True,27,29,119,/Users/neda/Desktop/workspace/BadSmells/util/Python/scikit-learn/_split/_split
680a5b8a9,/Users/neda/Desktop/workspace/BadSmells/util/Python/scikit-learn/_split/_split@304c67cab@Wed Nov 2 00:39:57 2016 +1100.py,StratifiedShuffleSplit,4,0,True,27,29,119,/Users/neda/Desktop/workspace/BadSmells/util/Python/scikit-learn/_split/_split
680a5b8a9,/Users/neda/Desktop/workspace/BadSmells/util/Python/scikit-learn/_split/_split@304c67cab@Wed Nov 2 00:39:57 2016 +1100.py,PredefinedSplit,4,0,True,27,29,119,/Users/neda/Desktop/workspace/BadSmells/util/Python/scikit-learn/_split/_split
680a5b8a9,/Users/neda/Desktop/workspace/BadSmells/util/Python/scikit-learn/_split/_split@304c67cab@Wed Nov 2 00:39:57 2016 +1100.py,_CVIterableWrapper,4,0,True,27,29,119,/Users/neda/Desktop/workspace/BadSmells/util/Python/scikit-learn/_split/_split
680a5b8a9,/Users/neda/Desktop/workspace/BadSmells/util/Python/scikit-learn/_split/_split@d7c956afc@Thu Nov 3 23:48:47 2016 +0100.py,BaseCrossValidator,3,6,True,28,29,119,/Users/neda/Desktop/workspace/BadSmells/util/Python/scikit-learn/_split/_split
680a5b8a9,/Users/neda/Desktop/workspace/BadSmells/util/Python/scikit-learn/_split/_split@d7c956afc@Thu Nov 3 23:48:47 2016 +0100.py,LeaveOneOut,4,0,True,28,29,119,/Users/neda/Desktop/workspace/BadSmells/util/Python/scikit-learn/_split/_split
680a5b8a9,/Users/neda/Desktop/workspace/BadSmells/util/Python/scikit-learn/_split/_split@d7c956afc@Thu Nov 3 23:48:47 2016 +0100.py,LeavePOut,4,0,True,28,29,119,/Users/neda/Desktop/workspace/BadSmells/util/Python/scikit-learn/_split/_split
680a5b8a9,/Users/neda/Desktop/workspace/BadSmells/util/Python/scikit-learn/_split/_split@d7c956afc@Thu Nov 3 23:48:47 2016 +0100.py,_BaseKFold,3,5,True,28,29,119,/Users/neda/Desktop/workspace/BadSmells/util/Python/scikit-learn/_split/_split
680a5b8a9,/Users/neda/Desktop/workspace/BadSmells/util/Python/scikit-learn/_split/_split@d7c956afc@Thu Nov 3 23:48:47 2016 +0100.py,KFold,4,0,True,28,29,119,/Users/neda/Desktop/workspace/BadSmells/util/Python/scikit-learn/_split/_split
680a5b8a9,/Users/neda/Desktop/workspace/BadSmells/util/Python/scikit-learn/_split/_split@d7c956afc@Thu Nov 3 23:48:47 2016 +0100.py,GroupKFold,4,0,True,28,29,119,/Users/neda/Desktop/workspace/BadSmells/util/Python/scikit-learn/_split/_split
680a5b8a9,/Users/neda/Desktop/workspace/BadSmells/util/Python/scikit-learn/_split/_split@d7c956afc@Thu Nov 3 23:48:47 2016 +0100.py,StratifiedKFold,4,0,True,28,29,119,/Users/neda/Desktop/workspace/BadSmells/util/Python/scikit-learn/_split/_split
680a5b8a9,/Users/neda/Desktop/workspace/BadSmells/util/Python/scikit-learn/_split/_split@d7c956afc@Thu Nov 3 23:48:47 2016 +0100.py,TimeSeriesSplit,4,0,True,28,29,119,/Users/neda/Desktop/workspace/BadSmells/util/Python/scikit-learn/_split/_split
680a5b8a9,/Users/neda/Desktop/workspace/BadSmells/util/Python/scikit-learn/_split/_split@d7c956afc@Thu Nov 3 23:48:47 2016 +0100.py,LeaveOneGroupOut,4,0,True,28,29,119,/Users/neda/Desktop/workspace/BadSmells/util/Python/scikit-learn/_split/_split
680a5b8a9,/Users/neda/Desktop/workspace/BadSmells/util/Python/scikit-learn/_split/_split@d7c956afc@Thu Nov 3 23:48:47 2016 +0100.py,LeavePGroupsOut,4,0,True,28,29,119,/Users/neda/Desktop/workspace/BadSmells/util/Python/scikit-learn/_split/_split
680a5b8a9,/Users/neda/Desktop/workspace/BadSmells/util/Python/scikit-learn/_split/_split@d7c956afc@Thu Nov 3 23:48:47 2016 +0100.py,BaseShuffleSplit,3,2,False,28,29,119,/Users/neda/Desktop/workspace/BadSmells/util/Python/scikit-learn/_split/_split
680a5b8a9,/Users/neda/Desktop/workspace/BadSmells/util/Python/scikit-learn/_split/_split@d7c956afc@Thu Nov 3 23:48:47 2016 +0100.py,ShuffleSplit,4,2,True,28,29,119,/Users/neda/Desktop/workspace/BadSmells/util/Python/scikit-learn/_split/_split
680a5b8a9,/Users/neda/Desktop/workspace/BadSmells/util/Python/scikit-learn/_split/_split@d7c956afc@Thu Nov 3 23:48:47 2016 +0100.py,GroupShuffleSplit,5,0,True,28,29,119,/Users/neda/Desktop/workspace/BadSmells/util/Python/scikit-learn/_split/_split
680a5b8a9,/Users/neda/Desktop/workspace/BadSmells/util/Python/scikit-learn/_split/_split@d7c956afc@Thu Nov 3 23:48:47 2016 +0100.py,StratifiedShuffleSplit,4,0,True,28,29,119,/Users/neda/Desktop/workspace/BadSmells/util/Python/scikit-learn/_split/_split
680a5b8a9,/Users/neda/Desktop/workspace/BadSmells/util/Python/scikit-learn/_split/_split@d7c956afc@Thu Nov 3 23:48:47 2016 +0100.py,PredefinedSplit,4,0,True,28,29,119,/Users/neda/Desktop/workspace/BadSmells/util/Python/scikit-learn/_split/_split
680a5b8a9,/Users/neda/Desktop/workspace/BadSmells/util/Python/scikit-learn/_split/_split@d7c956afc@Thu Nov 3 23:48:47 2016 +0100.py,_CVIterableWrapper,4,0,True,28,29,119,/Users/neda/Desktop/workspace/BadSmells/util/Python/scikit-learn/_split/_split
680a5b8a9,/Users/neda/Desktop/workspace/BadSmells/util/Python/scikit-learn/_split/_split@680a5b8a9@Tue Nov 15 11:25:41 2016 +0100.py,BaseCrossValidator,3,6,True,29,29,119,/Users/neda/Desktop/workspace/BadSmells/util/Python/scikit-learn/_split/_split
680a5b8a9,/Users/neda/Desktop/workspace/BadSmells/util/Python/scikit-learn/_split/_split@680a5b8a9@Tue Nov 15 11:25:41 2016 +0100.py,LeaveOneOut,4,0,True,29,29,119,/Users/neda/Desktop/workspace/BadSmells/util/Python/scikit-learn/_split/_split
680a5b8a9,/Users/neda/Desktop/workspace/BadSmells/util/Python/scikit-learn/_split/_split@680a5b8a9@Tue Nov 15 11:25:41 2016 +0100.py,LeavePOut,4,0,True,29,29,119,/Users/neda/Desktop/workspace/BadSmells/util/Python/scikit-learn/_split/_split
680a5b8a9,/Users/neda/Desktop/workspace/BadSmells/util/Python/scikit-learn/_split/_split@680a5b8a9@Tue Nov 15 11:25:41 2016 +0100.py,_BaseKFold,3,5,True,29,29,119,/Users/neda/Desktop/workspace/BadSmells/util/Python/scikit-learn/_split/_split
680a5b8a9,/Users/neda/Desktop/workspace/BadSmells/util/Python/scikit-learn/_split/_split@680a5b8a9@Tue Nov 15 11:25:41 2016 +0100.py,KFold,4,0,True,29,29,119,/Users/neda/Desktop/workspace/BadSmells/util/Python/scikit-learn/_split/_split
680a5b8a9,/Users/neda/Desktop/workspace/BadSmells/util/Python/scikit-learn/_split/_split@680a5b8a9@Tue Nov 15 11:25:41 2016 +0100.py,GroupKFold,4,0,True,29,29,119,/Users/neda/Desktop/workspace/BadSmells/util/Python/scikit-learn/_split/_split
680a5b8a9,/Users/neda/Desktop/workspace/BadSmells/util/Python/scikit-learn/_split/_split@680a5b8a9@Tue Nov 15 11:25:41 2016 +0100.py,StratifiedKFold,4,0,True,29,29,119,/Users/neda/Desktop/workspace/BadSmells/util/Python/scikit-learn/_split/_split
680a5b8a9,/Users/neda/Desktop/workspace/BadSmells/util/Python/scikit-learn/_split/_split@680a5b8a9@Tue Nov 15 11:25:41 2016 +0100.py,TimeSeriesSplit,4,0,True,29,29,119,/Users/neda/Desktop/workspace/BadSmells/util/Python/scikit-learn/_split/_split
680a5b8a9,/Users/neda/Desktop/workspace/BadSmells/util/Python/scikit-learn/_split/_split@680a5b8a9@Tue Nov 15 11:25:41 2016 +0100.py,LeaveOneGroupOut,4,0,True,29,29,119,/Users/neda/Desktop/workspace/BadSmells/util/Python/scikit-learn/_split/_split
680a5b8a9,/Users/neda/Desktop/workspace/BadSmells/util/Python/scikit-learn/_split/_split@680a5b8a9@Tue Nov 15 11:25:41 2016 +0100.py,LeavePGroupsOut,4,0,True,29,29,119,/Users/neda/Desktop/workspace/BadSmells/util/Python/scikit-learn/_split/_split
680a5b8a9,/Users/neda/Desktop/workspace/BadSmells/util/Python/scikit-learn/_split/_split@680a5b8a9@Tue Nov 15 11:25:41 2016 +0100.py,BaseShuffleSplit,3,2,False,29,29,119,/Users/neda/Desktop/workspace/BadSmells/util/Python/scikit-learn/_split/_split
680a5b8a9,/Users/neda/Desktop/workspace/BadSmells/util/Python/scikit-learn/_split/_split@680a5b8a9@Tue Nov 15 11:25:41 2016 +0100.py,ShuffleSplit,4,2,True,29,29,119,/Users/neda/Desktop/workspace/BadSmells/util/Python/scikit-learn/_split/_split
680a5b8a9,/Users/neda/Desktop/workspace/BadSmells/util/Python/scikit-learn/_split/_split@680a5b8a9@Tue Nov 15 11:25:41 2016 +0100.py,GroupShuffleSplit,5,0,True,29,29,119,/Users/neda/Desktop/workspace/BadSmells/util/Python/scikit-learn/_split/_split
680a5b8a9,/Users/neda/Desktop/workspace/BadSmells/util/Python/scikit-learn/_split/_split@680a5b8a9@Tue Nov 15 11:25:41 2016 +0100.py,StratifiedShuffleSplit,4,0,True,29,29,119,/Users/neda/Desktop/workspace/BadSmells/util/Python/scikit-learn/_split/_split
680a5b8a9,/Users/neda/Desktop/workspace/BadSmells/util/Python/scikit-learn/_split/_split@680a5b8a9@Tue Nov 15 11:25:41 2016 +0100.py,PredefinedSplit,4,0,True,29,29,119,/Users/neda/Desktop/workspace/BadSmells/util/Python/scikit-learn/_split/_split
680a5b8a9,/Users/neda/Desktop/workspace/BadSmells/util/Python/scikit-learn/_split/_split@680a5b8a9@Tue Nov 15 11:25:41 2016 +0100.py,_CVIterableWrapper,4,0,True,29,29,119,/Users/neda/Desktop/workspace/BadSmells/util/Python/scikit-learn/_split/_split
1701fcf55,/Users/neda/Desktop/workspace/BadSmells/util/Python/scikit-learn/t_sne/t_sne@8de1844c7@Tue Sep 26 01:38:07 2017 +0200.py,TSNE,2,0,False,65,67,88,/Users/neda/Desktop/workspace/BadSmells/util/Python/scikit-learn/t_sne/t_sne
1701fcf55,/Users/neda/Desktop/workspace/BadSmells/util/Python/scikit-learn/t_sne/t_sne@45dc891c9@Tue Sep 26 18:13:15 2017 +0200.py,TSNE,2,0,False,66,67,88,/Users/neda/Desktop/workspace/BadSmells/util/Python/scikit-learn/t_sne/t_sne
1701fcf55,/Users/neda/Desktop/workspace/BadSmells/util/Python/scikit-learn/t_sne/t_sne@1701fcf55@Mon Oct 2 23:39:25 2017 +0200.py,TSNE,2,0,False,67,67,88,/Users/neda/Desktop/workspace/BadSmells/util/Python/scikit-learn/t_sne/t_sne
e35f04020,/Users/neda/Desktop/workspace/BadSmells/util/Python/scikit-learn/_encoders/_encoders@ea58e27ac@Mon May 20 04:30:10 2019 +0200.py,_BaseEncoder,2,2,False,27,29,61,/Users/neda/Desktop/workspace/BadSmells/util/Python/scikit-learn/_encoders/_encoders
e35f04020,/Users/neda/Desktop/workspace/BadSmells/util/Python/scikit-learn/_encoders/_encoders@ea58e27ac@Mon May 20 04:30:10 2019 +0200.py,OneHotEncoder,3,0,False,27,29,61,/Users/neda/Desktop/workspace/BadSmells/util/Python/scikit-learn/_encoders/_encoders
e35f04020,/Users/neda/Desktop/workspace/BadSmells/util/Python/scikit-learn/_encoders/_encoders@ea58e27ac@Mon May 20 04:30:10 2019 +0200.py,OrdinalEncoder,3,0,False,27,29,61,/Users/neda/Desktop/workspace/BadSmells/util/Python/scikit-learn/_encoders/_encoders
e35f04020,/Users/neda/Desktop/workspace/BadSmells/util/Python/scikit-learn/_encoders/_encoders@911792b00@Tue May 21 19:43:41 2019 -0400.py,_BaseEncoder,2,2,False,28,29,61,/Users/neda/Desktop/workspace/BadSmells/util/Python/scikit-learn/_encoders/_encoders
e35f04020,/Users/neda/Desktop/workspace/BadSmells/util/Python/scikit-learn/_encoders/_encoders@911792b00@Tue May 21 19:43:41 2019 -0400.py,OneHotEncoder,3,0,False,28,29,61,/Users/neda/Desktop/workspace/BadSmells/util/Python/scikit-learn/_encoders/_encoders
e35f04020,/Users/neda/Desktop/workspace/BadSmells/util/Python/scikit-learn/_encoders/_encoders@911792b00@Tue May 21 19:43:41 2019 -0400.py,OrdinalEncoder,3,0,False,28,29,61,/Users/neda/Desktop/workspace/BadSmells/util/Python/scikit-learn/_encoders/_encoders
e35f04020,/Users/neda/Desktop/workspace/BadSmells/util/Python/scikit-learn/_encoders/_encoders@e35f04020@Thu May 23 13:39:39 2019 +0100.py,_BaseEncoder,2,2,False,29,29,61,/Users/neda/Desktop/workspace/BadSmells/util/Python/scikit-learn/_encoders/_encoders
e35f04020,/Users/neda/Desktop/workspace/BadSmells/util/Python/scikit-learn/_encoders/_encoders@e35f04020@Thu May 23 13:39:39 2019 +0100.py,OneHotEncoder,3,0,False,29,29,61,/Users/neda/Desktop/workspace/BadSmells/util/Python/scikit-learn/_encoders/_encoders
e35f04020,/Users/neda/Desktop/workspace/BadSmells/util/Python/scikit-learn/_encoders/_encoders@e35f04020@Thu May 23 13:39:39 2019 +0100.py,OrdinalEncoder,3,0,False,29,29,61,/Users/neda/Desktop/workspace/BadSmells/util/Python/scikit-learn/_encoders/_encoders
924a4661e,/Users/neda/Desktop/workspace/BadSmells/util/Python/scikit-learn/bagging/bagging@af412822a@Thu Jun 8 05:35:48 2017 -0400.py,BaseBagging,3,3,False,56,58,86,/Users/neda/Desktop/workspace/BadSmells/util/Python/scikit-learn/bagging/bagging
924a4661e,/Users/neda/Desktop/workspace/BadSmells/util/Python/scikit-learn/bagging/bagging@af412822a@Thu Jun 8 05:35:48 2017 -0400.py,BaggingClassifier,4,0,True,56,58,86,/Users/neda/Desktop/workspace/BadSmells/util/Python/scikit-learn/bagging/bagging
924a4661e,/Users/neda/Desktop/workspace/BadSmells/util/Python/scikit-learn/bagging/bagging@af412822a@Thu Jun 8 05:35:48 2017 -0400.py,BaggingRegressor,4,0,True,56,58,86,/Users/neda/Desktop/workspace/BadSmells/util/Python/scikit-learn/bagging/bagging
924a4661e,/Users/neda/Desktop/workspace/BadSmells/util/Python/scikit-learn/bagging/bagging@d69395f4f@Tue Jun 27 10:58:46 2017 +0900.py,BaseBagging,3,3,False,57,58,86,/Users/neda/Desktop/workspace/BadSmells/util/Python/scikit-learn/bagging/bagging
924a4661e,/Users/neda/Desktop/workspace/BadSmells/util/Python/scikit-learn/bagging/bagging@d69395f4f@Tue Jun 27 10:58:46 2017 +0900.py,BaggingClassifier,4,0,True,57,58,86,/Users/neda/Desktop/workspace/BadSmells/util/Python/scikit-learn/bagging/bagging
924a4661e,/Users/neda/Desktop/workspace/BadSmells/util/Python/scikit-learn/bagging/bagging@d69395f4f@Tue Jun 27 10:58:46 2017 +0900.py,BaggingRegressor,4,0,True,57,58,86,/Users/neda/Desktop/workspace/BadSmells/util/Python/scikit-learn/bagging/bagging
924a4661e,/Users/neda/Desktop/workspace/BadSmells/util/Python/scikit-learn/bagging/bagging@924a4661e@Fri Jul 14 03:18:04 2017 +0530.py,BaseBagging,3,3,False,58,58,86,/Users/neda/Desktop/workspace/BadSmells/util/Python/scikit-learn/bagging/bagging
924a4661e,/Users/neda/Desktop/workspace/BadSmells/util/Python/scikit-learn/bagging/bagging@924a4661e@Fri Jul 14 03:18:04 2017 +0530.py,BaggingClassifier,4,0,True,58,58,86,/Users/neda/Desktop/workspace/BadSmells/util/Python/scikit-learn/bagging/bagging
924a4661e,/Users/neda/Desktop/workspace/BadSmells/util/Python/scikit-learn/bagging/bagging@924a4661e@Fri Jul 14 03:18:04 2017 +0530.py,BaggingRegressor,4,0,True,58,58,86,/Users/neda/Desktop/workspace/BadSmells/util/Python/scikit-learn/bagging/bagging
e33e84dbf,/Users/neda/Desktop/workspace/BadSmells/util/Python/scikit-learn/plot_tomography_l1_reconstruction/plot_tomography_l1_reconstruction@13cc121b3@Fri Feb 3 19:51:03 2017 +0530.py,,1,0,False,10,12,17,/Users/neda/Desktop/workspace/BadSmells/util/Python/scikit-learn/plot_tomography_l1_reconstruction/plot_tomography_l1_reconstruction
e33e84dbf,/Users/neda/Desktop/workspace/BadSmells/util/Python/scikit-learn/plot_tomography_l1_reconstruction/plot_tomography_l1_reconstruction@b185c4e8f@Fri Jun 9 00:16:54 2017 +0200.py,,1,0,False,11,12,17,/Users/neda/Desktop/workspace/BadSmells/util/Python/scikit-learn/plot_tomography_l1_reconstruction/plot_tomography_l1_reconstruction
e33e84dbf,/Users/neda/Desktop/workspace/BadSmells/util/Python/scikit-learn/plot_tomography_l1_reconstruction/plot_tomography_l1_reconstruction@e33e84dbf@Sun Jul 23 07:41:49 2017 +0530.py,,1,0,False,12,12,17,/Users/neda/Desktop/workspace/BadSmells/util/Python/scikit-learn/plot_tomography_l1_reconstruction/plot_tomography_l1_reconstruction
94dc28092,/Users/neda/Desktop/workspace/BadSmells/util/Python/scikit-learn/hashing/hashing@b9d0a7602@Sun Dec 18 00:12:22 2011 +0100.py,Hasher,3,1,False,8,10,54,/Users/neda/Desktop/workspace/BadSmells/util/Python/scikit-learn/hashing/hashing
94dc28092,/Users/neda/Desktop/workspace/BadSmells/util/Python/scikit-learn/hashing/hashing@b9d0a7602@Sun Dec 18 00:12:22 2011 +0100.py,NumpyHasher,4,0,True,8,10,54,/Users/neda/Desktop/workspace/BadSmells/util/Python/scikit-learn/hashing/hashing
94dc28092,/Users/neda/Desktop/workspace/BadSmells/util/Python/scikit-learn/hashing/hashing@826443e90@Sun Dec 25 23:15:55 2011 +0100.py,Hasher,3,1,False,9,10,54,/Users/neda/Desktop/workspace/BadSmells/util/Python/scikit-learn/hashing/hashing
94dc28092,/Users/neda/Desktop/workspace/BadSmells/util/Python/scikit-learn/hashing/hashing@826443e90@Sun Dec 25 23:15:55 2011 +0100.py,NumpyHasher,4,0,True,9,10,54,/Users/neda/Desktop/workspace/BadSmells/util/Python/scikit-learn/hashing/hashing
94dc28092,/Users/neda/Desktop/workspace/BadSmells/util/Python/scikit-learn/hashing/hashing@94dc28092@Tue Feb 7 17:10:50 2012 +0100.py,Hasher,3,1,False,10,10,54,/Users/neda/Desktop/workspace/BadSmells/util/Python/scikit-learn/hashing/hashing
94dc28092,/Users/neda/Desktop/workspace/BadSmells/util/Python/scikit-learn/hashing/hashing@94dc28092@Tue Feb 7 17:10:50 2012 +0100.py,NumpyHasher,4,0,True,10,10,54,/Users/neda/Desktop/workspace/BadSmells/util/Python/scikit-learn/hashing/hashing
