CommitID,File Name,Class Name,DIT,IUR,Total IR,AUIR,AvgAUIR,isRefusedBequest,Index of File In Folder,Index of Bug Fixed Commit In File,Number of Files In Folder,Folder
29ed16883,/Users/neda/Documents/workspace5/DissertationProject/util/Python/scikit-learn/stochastic_gradient/stochastic_gradient@07c56d7cd@Tue Jan 22 19:35:12 2013 +0100.py,BaseSGD,2,1,7,0.14285714285714285,0.230816400580956,True,147,150,312,/Users/neda/Documents/workspace5/DissertationProject/util/Python/scikit-learn/stochastic_gradient/stochastic_gradient
29ed16883,/Users/neda/Documents/workspace5/DissertationProject/util/Python/scikit-learn/stochastic_gradient/stochastic_gradient@07c56d7cd@Tue Jan 22 19:35:12 2013 +0100.py,BaseSGDClassifier,3,17,30,0.5666666666666667,0.230816400580956,False,147,150,312,/Users/neda/Documents/workspace5/DissertationProject/util/Python/scikit-learn/stochastic_gradient/stochastic_gradient
29ed16883,/Users/neda/Documents/workspace5/DissertationProject/util/Python/scikit-learn/stochastic_gradient/stochastic_gradient@07c56d7cd@Tue Jan 22 19:35:12 2013 +0100.py,SGDClassifier,4,2,22,0.09090909090909091,0.230816400580956,True,147,150,312,/Users/neda/Documents/workspace5/DissertationProject/util/Python/scikit-learn/stochastic_gradient/stochastic_gradient
29ed16883,/Users/neda/Documents/workspace5/DissertationProject/util/Python/scikit-learn/stochastic_gradient/stochastic_gradient@07c56d7cd@Tue Jan 22 19:35:12 2013 +0100.py,BaseSGDRegressor,3,23,30,0.7666666666666667,0.230816400580956,False,147,150,312,/Users/neda/Documents/workspace5/DissertationProject/util/Python/scikit-learn/stochastic_gradient/stochastic_gradient
29ed16883,/Users/neda/Documents/workspace5/DissertationProject/util/Python/scikit-learn/stochastic_gradient/stochastic_gradient@07c56d7cd@Tue Jan 22 19:35:12 2013 +0100.py,SGDRegressor,4,0,22,0,0.230816400580956,True,147,150,312,/Users/neda/Documents/workspace5/DissertationProject/util/Python/scikit-learn/stochastic_gradient/stochastic_gradient
29ed16883,/Users/neda/Documents/workspace5/DissertationProject/util/Python/scikit-learn/stochastic_gradient/stochastic_gradient@58723f6ad@Tue Jan 22 22:42:12 2013 +0100.py,BaseSGD,2,1,7,0.14285714285714285,0.230816400580956,True,148,150,312,/Users/neda/Documents/workspace5/DissertationProject/util/Python/scikit-learn/stochastic_gradient/stochastic_gradient
29ed16883,/Users/neda/Documents/workspace5/DissertationProject/util/Python/scikit-learn/stochastic_gradient/stochastic_gradient@58723f6ad@Tue Jan 22 22:42:12 2013 +0100.py,BaseSGDClassifier,3,17,30,0.5666666666666667,0.230816400580956,False,148,150,312,/Users/neda/Documents/workspace5/DissertationProject/util/Python/scikit-learn/stochastic_gradient/stochastic_gradient
29ed16883,/Users/neda/Documents/workspace5/DissertationProject/util/Python/scikit-learn/stochastic_gradient/stochastic_gradient@58723f6ad@Tue Jan 22 22:42:12 2013 +0100.py,SGDClassifier,4,2,22,0.09090909090909091,0.230816400580956,True,148,150,312,/Users/neda/Documents/workspace5/DissertationProject/util/Python/scikit-learn/stochastic_gradient/stochastic_gradient
29ed16883,/Users/neda/Documents/workspace5/DissertationProject/util/Python/scikit-learn/stochastic_gradient/stochastic_gradient@58723f6ad@Tue Jan 22 22:42:12 2013 +0100.py,BaseSGDRegressor,3,23,30,0.7666666666666667,0.230816400580956,False,148,150,312,/Users/neda/Documents/workspace5/DissertationProject/util/Python/scikit-learn/stochastic_gradient/stochastic_gradient
29ed16883,/Users/neda/Documents/workspace5/DissertationProject/util/Python/scikit-learn/stochastic_gradient/stochastic_gradient@58723f6ad@Tue Jan 22 22:42:12 2013 +0100.py,SGDRegressor,4,0,22,0,0.230816400580956,True,148,150,312,/Users/neda/Documents/workspace5/DissertationProject/util/Python/scikit-learn/stochastic_gradient/stochastic_gradient
29ed16883,/Users/neda/Documents/workspace5/DissertationProject/util/Python/scikit-learn/stochastic_gradient/stochastic_gradient@6bf4c90c5@Fri Feb 22 16:58:22 2013 +0100.py,BaseSGD,2,1,7,0.14285714285714285,0.239095080338395,True,149,150,312,/Users/neda/Documents/workspace5/DissertationProject/util/Python/scikit-learn/stochastic_gradient/stochastic_gradient
29ed16883,/Users/neda/Documents/workspace5/DissertationProject/util/Python/scikit-learn/stochastic_gradient/stochastic_gradient@6bf4c90c5@Fri Feb 22 16:58:22 2013 +0100.py,BaseSGDClassifier,3,17,30,0.5666666666666667,0.239095080338395,False,149,150,312,/Users/neda/Documents/workspace5/DissertationProject/util/Python/scikit-learn/stochastic_gradient/stochastic_gradient
29ed16883,/Users/neda/Documents/workspace5/DissertationProject/util/Python/scikit-learn/stochastic_gradient/stochastic_gradient@6bf4c90c5@Fri Feb 22 16:58:22 2013 +0100.py,SGDClassifier,4,2,22,0.09090909090909091,0.239095080338395,True,149,150,312,/Users/neda/Documents/workspace5/DissertationProject/util/Python/scikit-learn/stochastic_gradient/stochastic_gradient
29ed16883,/Users/neda/Documents/workspace5/DissertationProject/util/Python/scikit-learn/stochastic_gradient/stochastic_gradient@6bf4c90c5@Fri Feb 22 16:58:22 2013 +0100.py,BaseSGDRegressor,3,23,30,0.7666666666666667,0.239095080338395,False,149,150,312,/Users/neda/Documents/workspace5/DissertationProject/util/Python/scikit-learn/stochastic_gradient/stochastic_gradient
29ed16883,/Users/neda/Documents/workspace5/DissertationProject/util/Python/scikit-learn/stochastic_gradient/stochastic_gradient@6bf4c90c5@Fri Feb 22 16:58:22 2013 +0100.py,SGDRegressor,4,0,22,0,0.239095080338395,True,149,150,312,/Users/neda/Documents/workspace5/DissertationProject/util/Python/scikit-learn/stochastic_gradient/stochastic_gradient
29ed16883,/Users/neda/Documents/workspace5/DissertationProject/util/Python/scikit-learn/stochastic_gradient/stochastic_gradient@29ed16883@Fri Mar 8 17:29:44 2013 +0100.py,BaseSGD,2,1,7,0.14285714285714285,0.23801510218130928,True,150,150,312,/Users/neda/Documents/workspace5/DissertationProject/util/Python/scikit-learn/stochastic_gradient/stochastic_gradient
29ed16883,/Users/neda/Documents/workspace5/DissertationProject/util/Python/scikit-learn/stochastic_gradient/stochastic_gradient@29ed16883@Fri Mar 8 17:29:44 2013 +0100.py,BaseSGDClassifier,3,17,30,0.5666666666666667,0.23801510218130928,False,150,150,312,/Users/neda/Documents/workspace5/DissertationProject/util/Python/scikit-learn/stochastic_gradient/stochastic_gradient
29ed16883,/Users/neda/Documents/workspace5/DissertationProject/util/Python/scikit-learn/stochastic_gradient/stochastic_gradient@29ed16883@Fri Mar 8 17:29:44 2013 +0100.py,SGDClassifier,4,2,22,0.09090909090909091,0.23801510218130928,True,150,150,312,/Users/neda/Documents/workspace5/DissertationProject/util/Python/scikit-learn/stochastic_gradient/stochastic_gradient
29ed16883,/Users/neda/Documents/workspace5/DissertationProject/util/Python/scikit-learn/stochastic_gradient/stochastic_gradient@29ed16883@Fri Mar 8 17:29:44 2013 +0100.py,BaseSGDRegressor,3,23,30,0.7666666666666667,0.23801510218130928,False,150,150,312,/Users/neda/Documents/workspace5/DissertationProject/util/Python/scikit-learn/stochastic_gradient/stochastic_gradient
29ed16883,/Users/neda/Documents/workspace5/DissertationProject/util/Python/scikit-learn/stochastic_gradient/stochastic_gradient@29ed16883@Fri Mar 8 17:29:44 2013 +0100.py,SGDRegressor,4,0,22,0,0.23801510218130928,True,150,150,312,/Users/neda/Documents/workspace5/DissertationProject/util/Python/scikit-learn/stochastic_gradient/stochastic_gradient
29ed16883,/Users/neda/Documents/workspace5/DissertationProject/util/Python/scikit-learn/stochastic_gradient/stochastic_gradient@f95dfe776@Fri Mar 15 12:37:16 2013 +0100.py,BaseSGD,2,1,7,0.14285714285714285,0.23806512218931247,True,151,150,312,/Users/neda/Documents/workspace5/DissertationProject/util/Python/scikit-learn/stochastic_gradient/stochastic_gradient
29ed16883,/Users/neda/Documents/workspace5/DissertationProject/util/Python/scikit-learn/stochastic_gradient/stochastic_gradient@f95dfe776@Fri Mar 15 12:37:16 2013 +0100.py,BaseSGDClassifier,3,17,30,0.5666666666666667,0.23806512218931247,False,151,150,312,/Users/neda/Documents/workspace5/DissertationProject/util/Python/scikit-learn/stochastic_gradient/stochastic_gradient
29ed16883,/Users/neda/Documents/workspace5/DissertationProject/util/Python/scikit-learn/stochastic_gradient/stochastic_gradient@f95dfe776@Fri Mar 15 12:37:16 2013 +0100.py,SGDClassifier,4,2,22,0.09090909090909091,0.23806512218931247,True,151,150,312,/Users/neda/Documents/workspace5/DissertationProject/util/Python/scikit-learn/stochastic_gradient/stochastic_gradient
29ed16883,/Users/neda/Documents/workspace5/DissertationProject/util/Python/scikit-learn/stochastic_gradient/stochastic_gradient@f95dfe776@Fri Mar 15 12:37:16 2013 +0100.py,BaseSGDRegressor,3,23,30,0.7666666666666667,0.23806512218931247,False,151,150,312,/Users/neda/Documents/workspace5/DissertationProject/util/Python/scikit-learn/stochastic_gradient/stochastic_gradient
29ed16883,/Users/neda/Documents/workspace5/DissertationProject/util/Python/scikit-learn/stochastic_gradient/stochastic_gradient@f95dfe776@Fri Mar 15 12:37:16 2013 +0100.py,SGDRegressor,4,0,22,0,0.23806512218931247,True,151,150,312,/Users/neda/Documents/workspace5/DissertationProject/util/Python/scikit-learn/stochastic_gradient/stochastic_gradient
e3423b989,/Users/neda/Documents/workspace5/DissertationProject/util/Python/scikit-learn/gpc/gpc@d0bc5dc35@Mon Mar 2 19:27:52 2015 +0100.py,GaussianProcessClassifier,2,0,6,0,0.2687356248014594,True,7,10,62,/Users/neda/Documents/workspace5/DissertationProject/util/Python/scikit-learn/gpc/gpc
e3423b989,/Users/neda/Documents/workspace5/DissertationProject/util/Python/scikit-learn/gpc/gpc@403b5f141@Sat Mar 7 20:10:07 2015 +0100.py,GaussianProcessClassifier,2,0,6,0,0.2687356248014594,True,8,10,62,/Users/neda/Documents/workspace5/DissertationProject/util/Python/scikit-learn/gpc/gpc
e3423b989,/Users/neda/Documents/workspace5/DissertationProject/util/Python/scikit-learn/gpc/gpc@2feb6e02c@Sun Mar 8 11:06:53 2015 +0100.py,GaussianProcessClassifier,2,0,6,0,0.2702375627859555,True,9,10,62,/Users/neda/Documents/workspace5/DissertationProject/util/Python/scikit-learn/gpc/gpc
e3423b989,/Users/neda/Documents/workspace5/DissertationProject/util/Python/scikit-learn/gpc/gpc@e3423b989@Sun Mar 8 18:43:28 2015 +0100.py,GaussianProcessClassifier,2,0,6,0,0.2708029261214023,True,10,10,62,/Users/neda/Documents/workspace5/DissertationProject/util/Python/scikit-learn/gpc/gpc
e3423b989,/Users/neda/Documents/workspace5/DissertationProject/util/Python/scikit-learn/gpc/gpc@3043a126a@Fri Mar 13 18:58:15 2015 +0100.py,GaussianProcessClassifier,2,0,6,0,0.2708029261214023,True,11,10,62,/Users/neda/Documents/workspace5/DissertationProject/util/Python/scikit-learn/gpc/gpc
57415c461,/Users/neda/Documents/workspace5/DissertationProject/util/Python/scikit-learn/t_sne/t_sne@38adb27bf@Thu Mar 23 23:11:16 2017 +1100.py,TSNE,2,0,9,0,0.27077885219211034,True,56,59,88,/Users/neda/Documents/workspace5/DissertationProject/util/Python/scikit-learn/t_sne/t_sne
57415c461,/Users/neda/Documents/workspace5/DissertationProject/util/Python/scikit-learn/t_sne/t_sne@e3c9ae204@Thu Apr 6 02:43:21 2017 +0200.py,TSNE,2,0,9,0,0.27118332159224584,True,57,59,88,/Users/neda/Documents/workspace5/DissertationProject/util/Python/scikit-learn/t_sne/t_sne
57415c461,/Users/neda/Documents/workspace5/DissertationProject/util/Python/scikit-learn/t_sne/t_sne@9e49be2c5@Sat May 6 10:09:55 2017 -0400.py,TSNE,2,0,9,0,0.27163713948227797,True,58,59,88,/Users/neda/Documents/workspace5/DissertationProject/util/Python/scikit-learn/t_sne/t_sne
57415c461,/Users/neda/Documents/workspace5/DissertationProject/util/Python/scikit-learn/t_sne/t_sne@57415c461@Thu Jun 1 04:14:35 2017 -0700.py,TSNE,2,0,9,0,0.27163713948227797,True,59,59,88,/Users/neda/Documents/workspace5/DissertationProject/util/Python/scikit-learn/t_sne/t_sne
57415c461,/Users/neda/Documents/workspace5/DissertationProject/util/Python/scikit-learn/t_sne/t_sne@657922058@Wed Jun 7 08:06:06 2017 -0700.py,TSNE,2,0,9,0,0.26745265615641656,True,60,59,88,/Users/neda/Documents/workspace5/DissertationProject/util/Python/scikit-learn/t_sne/t_sne
946fddec7,/Users/neda/Documents/workspace5/DissertationProject/util/Python/scikit-learn/_bayes/_bayes@d20563847@Sat Feb 29 09:05:11 2020 -0500.py,BayesianRidge,2,0,1,0,0.3236761281332135,True,1,4,7,/Users/neda/Documents/workspace5/DissertationProject/util/Python/scikit-learn/_bayes/_bayes
946fddec7,/Users/neda/Documents/workspace5/DissertationProject/util/Python/scikit-learn/_bayes/_bayes@d20563847@Sat Feb 29 09:05:11 2020 -0500.py,ARDRegression,2,0,1,0,0.3236761281332135,True,1,4,7,/Users/neda/Documents/workspace5/DissertationProject/util/Python/scikit-learn/_bayes/_bayes
946fddec7,/Users/neda/Documents/workspace5/DissertationProject/util/Python/scikit-learn/_bayes/_bayes@438bb3a43@Tue Mar 10 17:01:51 2020 -0600.py,BayesianRidge,2,0,1,0,0.32232087355747546,True,2,4,7,/Users/neda/Documents/workspace5/DissertationProject/util/Python/scikit-learn/_bayes/_bayes
946fddec7,/Users/neda/Documents/workspace5/DissertationProject/util/Python/scikit-learn/_bayes/_bayes@438bb3a43@Tue Mar 10 17:01:51 2020 -0600.py,ARDRegression,2,0,1,0,0.32232087355747546,True,2,4,7,/Users/neda/Documents/workspace5/DissertationProject/util/Python/scikit-learn/_bayes/_bayes
946fddec7,/Users/neda/Documents/workspace5/DissertationProject/util/Python/scikit-learn/_bayes/_bayes@dc0cc6e9b@Sun Apr 19 22:58:47 2020 +0200.py,BayesianRidge,2,0,1,0,0.3144006864747933,True,3,4,7,/Users/neda/Documents/workspace5/DissertationProject/util/Python/scikit-learn/_bayes/_bayes
946fddec7,/Users/neda/Documents/workspace5/DissertationProject/util/Python/scikit-learn/_bayes/_bayes@dc0cc6e9b@Sun Apr 19 22:58:47 2020 +0200.py,ARDRegression,2,0,1,0,0.3144006864747933,True,3,4,7,/Users/neda/Documents/workspace5/DissertationProject/util/Python/scikit-learn/_bayes/_bayes
946fddec7,/Users/neda/Documents/workspace5/DissertationProject/util/Python/scikit-learn/_bayes/_bayes@946fddec7@Thu Apr 23 10:19:45 2020 -0400.py,BayesianRidge,2,0,2,0,0.32098412214132355,True,4,4,7,/Users/neda/Documents/workspace5/DissertationProject/util/Python/scikit-learn/_bayes/_bayes
946fddec7,/Users/neda/Documents/workspace5/DissertationProject/util/Python/scikit-learn/_bayes/_bayes@946fddec7@Thu Apr 23 10:19:45 2020 -0400.py,ARDRegression,2,0,2,0,0.32098412214132355,True,4,4,7,/Users/neda/Documents/workspace5/DissertationProject/util/Python/scikit-learn/_bayes/_bayes
946fddec7,/Users/neda/Documents/workspace5/DissertationProject/util/Python/scikit-learn/_bayes/_bayes@00bc681e1@Tue Jun 16 14:14:13 2020 +0530.py,BayesianRidge,2,0,2,0,0.332187531660748,True,5,4,7,/Users/neda/Documents/workspace5/DissertationProject/util/Python/scikit-learn/_bayes/_bayes
946fddec7,/Users/neda/Documents/workspace5/DissertationProject/util/Python/scikit-learn/_bayes/_bayes@00bc681e1@Tue Jun 16 14:14:13 2020 +0530.py,ARDRegression,2,0,2,0,0.332187531660748,True,5,4,7,/Users/neda/Documents/workspace5/DissertationProject/util/Python/scikit-learn/_bayes/_bayes
4ab99c75b,/Users/neda/Documents/workspace5/DissertationProject/util/Python/scikit-learn/iforest/iforest@c77003caf@Sun Oct 30 18:07:50 2016 -0700.py,IsolationForest,4,7,26,0.2692307692307692,0.26649911034766227,False,25,28,62,/Users/neda/Documents/workspace5/DissertationProject/util/Python/scikit-learn/iforest/iforest
4ab99c75b,/Users/neda/Documents/workspace5/DissertationProject/util/Python/scikit-learn/iforest/iforest@5c4b1bb23@Fri Dec 9 12:43:38 2016 -0500.py,IsolationForest,4,7,26,0.2692307692307692,0.27052345978188835,True,26,28,62,/Users/neda/Documents/workspace5/DissertationProject/util/Python/scikit-learn/iforest/iforest
4ab99c75b,/Users/neda/Documents/workspace5/DissertationProject/util/Python/scikit-learn/iforest/iforest@4f3c60c82@Tue Dec 27 16:53:04 2016 +0530.py,IsolationForest,4,9,26,0.34615384615384615,0.2729510262640334,False,27,28,62,/Users/neda/Documents/workspace5/DissertationProject/util/Python/scikit-learn/iforest/iforest
4ab99c75b,/Users/neda/Documents/workspace5/DissertationProject/util/Python/scikit-learn/iforest/iforest@4ab99c75b@Tue Mar 14 11:50:23 2017 -0400.py,IsolationForest,4,9,26,0.34615384615384615,0.27077885219211034,False,28,28,62,/Users/neda/Documents/workspace5/DissertationProject/util/Python/scikit-learn/iforest/iforest
4ab99c75b,/Users/neda/Documents/workspace5/DissertationProject/util/Python/scikit-learn/iforest/iforest@5271a193c@Wed Jun 28 11:00:13 2017 -0400.py,IsolationForest,4,9,26,0.34615384615384615,0.26590799711649205,False,29,28,62,/Users/neda/Documents/workspace5/DissertationProject/util/Python/scikit-learn/iforest/iforest
5230382ae,/Users/neda/Documents/workspace5/DissertationProject/util/Python/scikit-learn/least_angle/least_angle@d9c9c01c7@Fri Jul 22 17:05:58 2016 +0200.py,Lars,4,4,8,0.5,0.26651576384240794,False,217,220,269,/Users/neda/Documents/workspace5/DissertationProject/util/Python/scikit-learn/least_angle/least_angle
5230382ae,/Users/neda/Documents/workspace5/DissertationProject/util/Python/scikit-learn/least_angle/least_angle@d9c9c01c7@Fri Jul 22 17:05:58 2016 +0200.py,LassoLars,5,11,19,0.5789473684210527,0.26651576384240794,False,217,220,269,/Users/neda/Documents/workspace5/DissertationProject/util/Python/scikit-learn/least_angle/least_angle
5230382ae,/Users/neda/Documents/workspace5/DissertationProject/util/Python/scikit-learn/least_angle/least_angle@d9c9c01c7@Fri Jul 22 17:05:58 2016 +0200.py,LarsCV,5,13,19,0.6842105263157895,0.26651576384240794,False,217,220,269,/Users/neda/Documents/workspace5/DissertationProject/util/Python/scikit-learn/least_angle/least_angle
5230382ae,/Users/neda/Documents/workspace5/DissertationProject/util/Python/scikit-learn/least_angle/least_angle@d9c9c01c7@Fri Jul 22 17:05:58 2016 +0200.py,LassoLarsCV,6,1,19,0.05263157894736842,0.26651576384240794,True,217,220,269,/Users/neda/Documents/workspace5/DissertationProject/util/Python/scikit-learn/least_angle/least_angle
5230382ae,/Users/neda/Documents/workspace5/DissertationProject/util/Python/scikit-learn/least_angle/least_angle@d9c9c01c7@Fri Jul 22 17:05:58 2016 +0200.py,LassoLarsIC,6,5,12,0.4166666666666667,0.26651576384240794,False,217,220,269,/Users/neda/Documents/workspace5/DissertationProject/util/Python/scikit-learn/least_angle/least_angle
5230382ae,/Users/neda/Documents/workspace5/DissertationProject/util/Python/scikit-learn/least_angle/least_angle@9b25f5d37@Wed Jul 27 14:58:25 2016 -0600.py,Lars,4,4,8,0.5,0.2664840266265552,False,218,220,269,/Users/neda/Documents/workspace5/DissertationProject/util/Python/scikit-learn/least_angle/least_angle
5230382ae,/Users/neda/Documents/workspace5/DissertationProject/util/Python/scikit-learn/least_angle/least_angle@9b25f5d37@Wed Jul 27 14:58:25 2016 -0600.py,LassoLars,5,11,19,0.5789473684210527,0.2664840266265552,False,218,220,269,/Users/neda/Documents/workspace5/DissertationProject/util/Python/scikit-learn/least_angle/least_angle
5230382ae,/Users/neda/Documents/workspace5/DissertationProject/util/Python/scikit-learn/least_angle/least_angle@9b25f5d37@Wed Jul 27 14:58:25 2016 -0600.py,LarsCV,5,13,19,0.6842105263157895,0.2664840266265552,False,218,220,269,/Users/neda/Documents/workspace5/DissertationProject/util/Python/scikit-learn/least_angle/least_angle
5230382ae,/Users/neda/Documents/workspace5/DissertationProject/util/Python/scikit-learn/least_angle/least_angle@9b25f5d37@Wed Jul 27 14:58:25 2016 -0600.py,LassoLarsCV,6,1,19,0.05263157894736842,0.2664840266265552,True,218,220,269,/Users/neda/Documents/workspace5/DissertationProject/util/Python/scikit-learn/least_angle/least_angle
5230382ae,/Users/neda/Documents/workspace5/DissertationProject/util/Python/scikit-learn/least_angle/least_angle@9b25f5d37@Wed Jul 27 14:58:25 2016 -0600.py,LassoLarsIC,6,5,12,0.4166666666666667,0.2664840266265552,False,218,220,269,/Users/neda/Documents/workspace5/DissertationProject/util/Python/scikit-learn/least_angle/least_angle
5230382ae,/Users/neda/Documents/workspace5/DissertationProject/util/Python/scikit-learn/least_angle/least_angle@cee48cdf8@Sat Oct 8 06:57:41 2016 +0530.py,Lars,4,4,8,0.5,0.2649591923737962,False,219,220,269,/Users/neda/Documents/workspace5/DissertationProject/util/Python/scikit-learn/least_angle/least_angle
5230382ae,/Users/neda/Documents/workspace5/DissertationProject/util/Python/scikit-learn/least_angle/least_angle@cee48cdf8@Sat Oct 8 06:57:41 2016 +0530.py,LassoLars,5,11,19,0.5789473684210527,0.2649591923737962,False,219,220,269,/Users/neda/Documents/workspace5/DissertationProject/util/Python/scikit-learn/least_angle/least_angle
5230382ae,/Users/neda/Documents/workspace5/DissertationProject/util/Python/scikit-learn/least_angle/least_angle@cee48cdf8@Sat Oct 8 06:57:41 2016 +0530.py,LarsCV,5,13,19,0.6842105263157895,0.2649591923737962,False,219,220,269,/Users/neda/Documents/workspace5/DissertationProject/util/Python/scikit-learn/least_angle/least_angle
5230382ae,/Users/neda/Documents/workspace5/DissertationProject/util/Python/scikit-learn/least_angle/least_angle@cee48cdf8@Sat Oct 8 06:57:41 2016 +0530.py,LassoLarsCV,6,1,20,0.05,0.2649591923737962,True,219,220,269,/Users/neda/Documents/workspace5/DissertationProject/util/Python/scikit-learn/least_angle/least_angle
5230382ae,/Users/neda/Documents/workspace5/DissertationProject/util/Python/scikit-learn/least_angle/least_angle@cee48cdf8@Sat Oct 8 06:57:41 2016 +0530.py,LassoLarsIC,6,5,12,0.4166666666666667,0.2649591923737962,False,219,220,269,/Users/neda/Documents/workspace5/DissertationProject/util/Python/scikit-learn/least_angle/least_angle
5230382ae,/Users/neda/Documents/workspace5/DissertationProject/util/Python/scikit-learn/least_angle/least_angle@5230382ae@Sat Nov 12 04:01:29 2016 +0100.py,Lars,4,4,8,0.5,0.26647233060060277,False,220,220,269,/Users/neda/Documents/workspace5/DissertationProject/util/Python/scikit-learn/least_angle/least_angle
5230382ae,/Users/neda/Documents/workspace5/DissertationProject/util/Python/scikit-learn/least_angle/least_angle@5230382ae@Sat Nov 12 04:01:29 2016 +0100.py,LassoLars,5,11,19,0.5789473684210527,0.26647233060060277,False,220,220,269,/Users/neda/Documents/workspace5/DissertationProject/util/Python/scikit-learn/least_angle/least_angle
5230382ae,/Users/neda/Documents/workspace5/DissertationProject/util/Python/scikit-learn/least_angle/least_angle@5230382ae@Sat Nov 12 04:01:29 2016 +0100.py,LarsCV,5,13,19,0.6842105263157895,0.26647233060060277,False,220,220,269,/Users/neda/Documents/workspace5/DissertationProject/util/Python/scikit-learn/least_angle/least_angle
5230382ae,/Users/neda/Documents/workspace5/DissertationProject/util/Python/scikit-learn/least_angle/least_angle@5230382ae@Sat Nov 12 04:01:29 2016 +0100.py,LassoLarsCV,6,1,20,0.05,0.26647233060060277,True,220,220,269,/Users/neda/Documents/workspace5/DissertationProject/util/Python/scikit-learn/least_angle/least_angle
5230382ae,/Users/neda/Documents/workspace5/DissertationProject/util/Python/scikit-learn/least_angle/least_angle@5230382ae@Sat Nov 12 04:01:29 2016 +0100.py,LassoLarsIC,6,5,12,0.4166666666666667,0.26647233060060277,False,220,220,269,/Users/neda/Documents/workspace5/DissertationProject/util/Python/scikit-learn/least_angle/least_angle
5230382ae,/Users/neda/Documents/workspace5/DissertationProject/util/Python/scikit-learn/least_angle/least_angle@8570622a4@Fri Nov 25 20:59:22 2016 +1100.py,Lars,4,4,8,0.5,0.2655438555810885,False,221,220,269,/Users/neda/Documents/workspace5/DissertationProject/util/Python/scikit-learn/least_angle/least_angle
5230382ae,/Users/neda/Documents/workspace5/DissertationProject/util/Python/scikit-learn/least_angle/least_angle@8570622a4@Fri Nov 25 20:59:22 2016 +1100.py,LassoLars,5,11,19,0.5789473684210527,0.2655438555810885,False,221,220,269,/Users/neda/Documents/workspace5/DissertationProject/util/Python/scikit-learn/least_angle/least_angle
5230382ae,/Users/neda/Documents/workspace5/DissertationProject/util/Python/scikit-learn/least_angle/least_angle@8570622a4@Fri Nov 25 20:59:22 2016 +1100.py,LarsCV,5,13,19,0.6842105263157895,0.2655438555810885,False,221,220,269,/Users/neda/Documents/workspace5/DissertationProject/util/Python/scikit-learn/least_angle/least_angle
5230382ae,/Users/neda/Documents/workspace5/DissertationProject/util/Python/scikit-learn/least_angle/least_angle@8570622a4@Fri Nov 25 20:59:22 2016 +1100.py,LassoLarsCV,6,1,20,0.05,0.2655438555810885,True,221,220,269,/Users/neda/Documents/workspace5/DissertationProject/util/Python/scikit-learn/least_angle/least_angle
5230382ae,/Users/neda/Documents/workspace5/DissertationProject/util/Python/scikit-learn/least_angle/least_angle@8570622a4@Fri Nov 25 20:59:22 2016 +1100.py,LassoLarsIC,6,5,12,0.4166666666666667,0.2655438555810885,False,221,220,269,/Users/neda/Documents/workspace5/DissertationProject/util/Python/scikit-learn/least_angle/least_angle
1701fcf55,/Users/neda/Documents/workspace5/DissertationProject/util/Python/scikit-learn/t_sne/t_sne@9ebdea2cf@Mon Sep 4 09:47:48 2017 +0200.py,TSNE,2,0,9,0,0.2694411577778067,True,64,67,88,/Users/neda/Documents/workspace5/DissertationProject/util/Python/scikit-learn/t_sne/t_sne
1701fcf55,/Users/neda/Documents/workspace5/DissertationProject/util/Python/scikit-learn/t_sne/t_sne@8de1844c7@Tue Sep 26 01:38:07 2017 +0200.py,TSNE,2,0,9,0,0.2695111857890112,True,65,67,88,/Users/neda/Documents/workspace5/DissertationProject/util/Python/scikit-learn/t_sne/t_sne
1701fcf55,/Users/neda/Documents/workspace5/DissertationProject/util/Python/scikit-learn/t_sne/t_sne@45dc891c9@Tue Sep 26 18:13:15 2017 +0200.py,TSNE,2,0,9,0,0.2695111857890112,True,66,67,88,/Users/neda/Documents/workspace5/DissertationProject/util/Python/scikit-learn/t_sne/t_sne
1701fcf55,/Users/neda/Documents/workspace5/DissertationProject/util/Python/scikit-learn/t_sne/t_sne@1701fcf55@Mon Oct 2 23:39:25 2017 +0200.py,TSNE,2,0,9,0,0.2695111857890112,True,67,67,88,/Users/neda/Documents/workspace5/DissertationProject/util/Python/scikit-learn/t_sne/t_sne
1701fcf55,/Users/neda/Documents/workspace5/DissertationProject/util/Python/scikit-learn/t_sne/t_sne@ceaa09ba2@Mon Oct 9 14:54:57 2017 +0100.py,TSNE,2,0,9,0,0.2696991557138232,True,68,67,88,/Users/neda/Documents/workspace5/DissertationProject/util/Python/scikit-learn/t_sne/t_sne
b6941847d,/Users/neda/Documents/workspace5/DissertationProject/util/Python/scikit-learn/voting_classifier/voting_classifier@7d2d9272d@Tue May 3 14:52:32 2016 +0200.py,VotingClassifier,2,1,6,0.16666666666666666,0.26737329653654623,True,13,16,38,/Users/neda/Documents/workspace5/DissertationProject/util/Python/scikit-learn/voting_classifier/voting_classifier
b6941847d,/Users/neda/Documents/workspace5/DissertationProject/util/Python/scikit-learn/voting_classifier/voting_classifier@aa4f75699@Fri Jul 22 03:36:28 2016 -0400.py,VotingClassifier,2,1,6,0.16666666666666666,0.26651576384240794,True,14,16,38,/Users/neda/Documents/workspace5/DissertationProject/util/Python/scikit-learn/voting_classifier/voting_classifier
b6941847d,/Users/neda/Documents/workspace5/DissertationProject/util/Python/scikit-learn/voting_classifier/voting_classifier@b3e122a0b@Fri Aug 26 07:41:21 2016 +0300.py,VotingClassifier,2,1,6,0.16666666666666666,0.2658377370719827,True,15,16,38,/Users/neda/Documents/workspace5/DissertationProject/util/Python/scikit-learn/voting_classifier/voting_classifier
b6941847d,/Users/neda/Documents/workspace5/DissertationProject/util/Python/scikit-learn/voting_classifier/voting_classifier@b6941847d@Wed Dec 7 20:25:51 2016 -0800.py,VotingClassifier,2,1,9,0.1111111111111111,0.2672860158598342,True,16,16,38,/Users/neda/Documents/workspace5/DissertationProject/util/Python/scikit-learn/voting_classifier/voting_classifier
1755b893d,/Users/neda/Documents/workspace5/DissertationProject/util/Python/scikit-learn/rfe/rfe@3d1b78654@Fri Oct 27 07:10:47 2017 -0400.py,RFE,2,0,9,0,0.2704134414281089,True,116,119,142,/Users/neda/Documents/workspace5/DissertationProject/util/Python/scikit-learn/rfe/rfe
1755b893d,/Users/neda/Documents/workspace5/DissertationProject/util/Python/scikit-learn/rfe/rfe@3d1b78654@Fri Oct 27 07:10:47 2017 -0400.py,RFECV,3,8,19,0.42105263157894735,0.2704134414281089,False,116,119,142,/Users/neda/Documents/workspace5/DissertationProject/util/Python/scikit-learn/rfe/rfe
1755b893d,/Users/neda/Documents/workspace5/DissertationProject/util/Python/scikit-learn/rfe/rfe@48b82a6ff@Fri Nov 17 07:35:49 2017 -0800.py,RFE,2,0,9,0,0.2704021343272496,True,117,119,142,/Users/neda/Documents/workspace5/DissertationProject/util/Python/scikit-learn/rfe/rfe
1755b893d,/Users/neda/Documents/workspace5/DissertationProject/util/Python/scikit-learn/rfe/rfe@48b82a6ff@Fri Nov 17 07:35:49 2017 -0800.py,RFECV,3,8,19,0.42105263157894735,0.2704021343272496,False,117,119,142,/Users/neda/Documents/workspace5/DissertationProject/util/Python/scikit-learn/rfe/rfe
1755b893d,/Users/neda/Documents/workspace5/DissertationProject/util/Python/scikit-learn/rfe/rfe@20661b501@Tue Mar 27 07:44:40 2018 +0200.py,RFE,2,0,9,0,0.2762806885637239,True,118,119,142,/Users/neda/Documents/workspace5/DissertationProject/util/Python/scikit-learn/rfe/rfe
1755b893d,/Users/neda/Documents/workspace5/DissertationProject/util/Python/scikit-learn/rfe/rfe@20661b501@Tue Mar 27 07:44:40 2018 +0200.py,RFECV,3,8,19,0.42105263157894735,0.2762806885637239,False,118,119,142,/Users/neda/Documents/workspace5/DissertationProject/util/Python/scikit-learn/rfe/rfe
1755b893d,/Users/neda/Documents/workspace5/DissertationProject/util/Python/scikit-learn/rfe/rfe@1755b893d@Thu May 24 09:03:29 2018 -0700.py,RFE,2,0,9,0,0.2755318183277598,True,119,119,142,/Users/neda/Documents/workspace5/DissertationProject/util/Python/scikit-learn/rfe/rfe
1755b893d,/Users/neda/Documents/workspace5/DissertationProject/util/Python/scikit-learn/rfe/rfe@1755b893d@Thu May 24 09:03:29 2018 -0700.py,RFECV,3,8,19,0.42105263157894735,0.2755318183277598,False,119,119,142,/Users/neda/Documents/workspace5/DissertationProject/util/Python/scikit-learn/rfe/rfe
1755b893d,/Users/neda/Documents/workspace5/DissertationProject/util/Python/scikit-learn/rfe/rfe@eec764923@Sun Jun 24 09:06:26 2018 -0400.py,RFE,2,0,9,0,0.28471124306045287,True,120,119,142,/Users/neda/Documents/workspace5/DissertationProject/util/Python/scikit-learn/rfe/rfe
1755b893d,/Users/neda/Documents/workspace5/DissertationProject/util/Python/scikit-learn/rfe/rfe@eec764923@Sun Jun 24 09:06:26 2018 -0400.py,RFECV,3,8,19,0.42105263157894735,0.28471124306045287,False,120,119,142,/Users/neda/Documents/workspace5/DissertationProject/util/Python/scikit-learn/rfe/rfe
dea7bbb2e,/Users/neda/Documents/workspace5/DissertationProject/util/Python/scikit-learn/gmm/gmm@63562b041@Mon Mar 18 17:39:47 2013 -0700.py,GMM,2,21,41,0.5121951219512195,0.23676535986013839,False,141,144,199,/Users/neda/Documents/workspace5/DissertationProject/util/Python/scikit-learn/gmm/gmm
dea7bbb2e,/Users/neda/Documents/workspace5/DissertationProject/util/Python/scikit-learn/gmm/gmm@32eb8b57f@Fri Jul 26 16:22:36 2013 +0200.py,GMM,2,23,42,0.5476190476190477,0.28178773556696624,False,142,144,199,/Users/neda/Documents/workspace5/DissertationProject/util/Python/scikit-learn/gmm/gmm
dea7bbb2e,/Users/neda/Documents/workspace5/DissertationProject/util/Python/scikit-learn/gmm/gmm@2eddb1a29@Fri Aug 23 21:27:38 2013 -0400.py,GMM,2,23,42,0.5476190476190477,0.28363418883373454,False,143,144,199,/Users/neda/Documents/workspace5/DissertationProject/util/Python/scikit-learn/gmm/gmm
dea7bbb2e,/Users/neda/Documents/workspace5/DissertationProject/util/Python/scikit-learn/gmm/gmm@dea7bbb2e@Tue Nov 26 15:33:53 2013 +0100.py,GMM,2,23,42,0.5476190476190477,0.2800865142429176,False,144,144,199,/Users/neda/Documents/workspace5/DissertationProject/util/Python/scikit-learn/gmm/gmm
dea7bbb2e,/Users/neda/Documents/workspace5/DissertationProject/util/Python/scikit-learn/gmm/gmm@23b3cc2eb@Sun Mar 2 15:15:39 2014 +0100.py,GMM,2,23,42,0.5476190476190477,0.2807293061073919,False,145,144,199,/Users/neda/Documents/workspace5/DissertationProject/util/Python/scikit-learn/gmm/gmm
414065770,/Users/neda/Documents/workspace5/DissertationProject/util/Python/scikit-learn/discriminant_analysis/discriminant_analysis@e0697b01a@Tue Jan 8 13:05:19 2019 +0530.py,QuadraticDiscriminantAnalysis,2,0,9,0,0.2894217305846929,True,37,40,62,/Users/neda/Documents/workspace5/DissertationProject/util/Python/scikit-learn/discriminant_analysis/discriminant_analysis
414065770,/Users/neda/Documents/workspace5/DissertationProject/util/Python/scikit-learn/discriminant_analysis/discriminant_analysis@62d205980@Sat Feb 2 19:35:06 2019 +0530.py,QuadraticDiscriminantAnalysis,2,0,9,0,0.3125016415034616,True,38,40,62,/Users/neda/Documents/workspace5/DissertationProject/util/Python/scikit-learn/discriminant_analysis/discriminant_analysis
414065770,/Users/neda/Documents/workspace5/DissertationProject/util/Python/scikit-learn/discriminant_analysis/discriminant_analysis@415fd83db@Wed Feb 27 10:10:01 2019 +0100.py,QuadraticDiscriminantAnalysis,2,0,10,0,0.31150286451438186,True,39,40,62,/Users/neda/Documents/workspace5/DissertationProject/util/Python/scikit-learn/discriminant_analysis/discriminant_analysis
414065770,/Users/neda/Documents/workspace5/DissertationProject/util/Python/scikit-learn/discriminant_analysis/discriminant_analysis@414065770@Thu Mar 7 16:44:17 2019 +0000.py,QuadraticDiscriminantAnalysis,2,0,10,0,0.3000606450748855,True,40,40,62,/Users/neda/Documents/workspace5/DissertationProject/util/Python/scikit-learn/discriminant_analysis/discriminant_analysis
414065770,/Users/neda/Documents/workspace5/DissertationProject/util/Python/scikit-learn/discriminant_analysis/discriminant_analysis@e7ca6236c@Wed May 1 09:29:49 2019 -0600.py,QuadraticDiscriminantAnalysis,2,0,10,0,0.286502330343195,True,41,40,62,/Users/neda/Documents/workspace5/DissertationProject/util/Python/scikit-learn/discriminant_analysis/discriminant_analysis
e3423b989,/Users/neda/Documents/workspace5/DissertationProject/util/Python/scikit-learn/kernels/kernels@2feb6e02c@Sun Mar 8 11:06:53 2015 +0100.py,Kernel,3,5,6,0.8333333333333334,0.2702375627859555,False,19,22,90,/Users/neda/Documents/workspace5/DissertationProject/util/Python/scikit-learn/kernels/kernels
e3423b989,/Users/neda/Documents/workspace5/DissertationProject/util/Python/scikit-learn/kernels/kernels@2feb6e02c@Sun Mar 8 11:06:53 2015 +0100.py,KernelOperator,4,8,20,0.4,0.2702375627859555,False,19,22,90,/Users/neda/Documents/workspace5/DissertationProject/util/Python/scikit-learn/kernels/kernels
e3423b989,/Users/neda/Documents/workspace5/DissertationProject/util/Python/scikit-learn/kernels/kernels@2feb6e02c@Sun Mar 8 11:06:53 2015 +0100.py,Sum,5,1,10,0.1,0.2702375627859555,True,19,22,90,/Users/neda/Documents/workspace5/DissertationProject/util/Python/scikit-learn/kernels/kernels
e3423b989,/Users/neda/Documents/workspace5/DissertationProject/util/Python/scikit-learn/kernels/kernels@2feb6e02c@Sun Mar 8 11:06:53 2015 +0100.py,Product,5,1,10,0.1,0.2702375627859555,True,19,22,90,/Users/neda/Documents/workspace5/DissertationProject/util/Python/scikit-learn/kernels/kernels
e3423b989,/Users/neda/Documents/workspace5/DissertationProject/util/Python/scikit-learn/kernels/kernels@2feb6e02c@Sun Mar 8 11:06:53 2015 +0100.py,ConstantKernel,4,2,20,0.1,0.2702375627859555,True,19,22,90,/Users/neda/Documents/workspace5/DissertationProject/util/Python/scikit-learn/kernels/kernels
e3423b989,/Users/neda/Documents/workspace5/DissertationProject/util/Python/scikit-learn/kernels/kernels@2feb6e02c@Sun Mar 8 11:06:53 2015 +0100.py,WhiteKernel,4,1,20,0.05,0.2702375627859555,True,19,22,90,/Users/neda/Documents/workspace5/DissertationProject/util/Python/scikit-learn/kernels/kernels
e3423b989,/Users/neda/Documents/workspace5/DissertationProject/util/Python/scikit-learn/kernels/kernels@2feb6e02c@Sun Mar 8 11:06:53 2015 +0100.py,RBF,4,0,6,0,0.2702375627859555,True,19,22,90,/Users/neda/Documents/workspace5/DissertationProject/util/Python/scikit-learn/kernels/kernels
e3423b989,/Users/neda/Documents/workspace5/DissertationProject/util/Python/scikit-learn/kernels/kernels@2feb6e02c@Sun Mar 8 11:06:53 2015 +0100.py,RationalQuadratic,4,2,20,0.1,0.2702375627859555,True,19,22,90,/Users/neda/Documents/workspace5/DissertationProject/util/Python/scikit-learn/kernels/kernels
e3423b989,/Users/neda/Documents/workspace5/DissertationProject/util/Python/scikit-learn/kernels/kernels@2feb6e02c@Sun Mar 8 11:06:53 2015 +0100.py,ExpSineSquared,4,2,20,0.1,0.2702375627859555,True,19,22,90,/Users/neda/Documents/workspace5/DissertationProject/util/Python/scikit-learn/kernels/kernels
e3423b989,/Users/neda/Documents/workspace5/DissertationProject/util/Python/scikit-learn/kernels/kernels@2feb6e02c@Sun Mar 8 11:06:53 2015 +0100.py,DotProduct,4,3,20,0.15,0.2702375627859555,True,19,22,90,/Users/neda/Documents/workspace5/DissertationProject/util/Python/scikit-learn/kernels/kernels
e3423b989,/Users/neda/Documents/workspace5/DissertationProject/util/Python/scikit-learn/kernels/kernels@2feb6e02c@Sun Mar 8 11:06:53 2015 +0100.py,PairwiseKernel,4,6,20,0.3,0.2702375627859555,False,19,22,90,/Users/neda/Documents/workspace5/DissertationProject/util/Python/scikit-learn/kernels/kernels
e3423b989,/Users/neda/Documents/workspace5/DissertationProject/util/Python/scikit-learn/kernels/kernels@a3abc0945@Sun Mar 8 15:11:34 2015 +0100.py,Kernel,3,5,6,0.8333333333333334,0.2708029261214023,False,20,22,90,/Users/neda/Documents/workspace5/DissertationProject/util/Python/scikit-learn/kernels/kernels
e3423b989,/Users/neda/Documents/workspace5/DissertationProject/util/Python/scikit-learn/kernels/kernels@a3abc0945@Sun Mar 8 15:11:34 2015 +0100.py,KernelOperator,4,8,21,0.38095238095238093,0.2708029261214023,False,20,22,90,/Users/neda/Documents/workspace5/DissertationProject/util/Python/scikit-learn/kernels/kernels
e3423b989,/Users/neda/Documents/workspace5/DissertationProject/util/Python/scikit-learn/kernels/kernels@a3abc0945@Sun Mar 8 15:11:34 2015 +0100.py,Sum,5,1,10,0.1,0.2708029261214023,True,20,22,90,/Users/neda/Documents/workspace5/DissertationProject/util/Python/scikit-learn/kernels/kernels
e3423b989,/Users/neda/Documents/workspace5/DissertationProject/util/Python/scikit-learn/kernels/kernels@a3abc0945@Sun Mar 8 15:11:34 2015 +0100.py,Product,5,1,10,0.1,0.2708029261214023,True,20,22,90,/Users/neda/Documents/workspace5/DissertationProject/util/Python/scikit-learn/kernels/kernels
e3423b989,/Users/neda/Documents/workspace5/DissertationProject/util/Python/scikit-learn/kernels/kernels@a3abc0945@Sun Mar 8 15:11:34 2015 +0100.py,Exponentiation,4,10,21,0.47619047619047616,0.2708029261214023,False,20,22,90,/Users/neda/Documents/workspace5/DissertationProject/util/Python/scikit-learn/kernels/kernels
e3423b989,/Users/neda/Documents/workspace5/DissertationProject/util/Python/scikit-learn/kernels/kernels@a3abc0945@Sun Mar 8 15:11:34 2015 +0100.py,ConstantKernel,4,2,21,0.09523809523809523,0.2708029261214023,True,20,22,90,/Users/neda/Documents/workspace5/DissertationProject/util/Python/scikit-learn/kernels/kernels
e3423b989,/Users/neda/Documents/workspace5/DissertationProject/util/Python/scikit-learn/kernels/kernels@a3abc0945@Sun Mar 8 15:11:34 2015 +0100.py,WhiteKernel,4,1,21,0.047619047619047616,0.2708029261214023,True,20,22,90,/Users/neda/Documents/workspace5/DissertationProject/util/Python/scikit-learn/kernels/kernels
e3423b989,/Users/neda/Documents/workspace5/DissertationProject/util/Python/scikit-learn/kernels/kernels@a3abc0945@Sun Mar 8 15:11:34 2015 +0100.py,RBF,4,0,6,0,0.2708029261214023,True,20,22,90,/Users/neda/Documents/workspace5/DissertationProject/util/Python/scikit-learn/kernels/kernels
e3423b989,/Users/neda/Documents/workspace5/DissertationProject/util/Python/scikit-learn/kernels/kernels@a3abc0945@Sun Mar 8 15:11:34 2015 +0100.py,RationalQuadratic,4,2,21,0.09523809523809523,0.2708029261214023,True,20,22,90,/Users/neda/Documents/workspace5/DissertationProject/util/Python/scikit-learn/kernels/kernels
e3423b989,/Users/neda/Documents/workspace5/DissertationProject/util/Python/scikit-learn/kernels/kernels@a3abc0945@Sun Mar 8 15:11:34 2015 +0100.py,ExpSineSquared,4,2,21,0.09523809523809523,0.2708029261214023,True,20,22,90,/Users/neda/Documents/workspace5/DissertationProject/util/Python/scikit-learn/kernels/kernels
e3423b989,/Users/neda/Documents/workspace5/DissertationProject/util/Python/scikit-learn/kernels/kernels@a3abc0945@Sun Mar 8 15:11:34 2015 +0100.py,DotProduct,4,3,21,0.14285714285714285,0.2708029261214023,True,20,22,90,/Users/neda/Documents/workspace5/DissertationProject/util/Python/scikit-learn/kernels/kernels
e3423b989,/Users/neda/Documents/workspace5/DissertationProject/util/Python/scikit-learn/kernels/kernels@a3abc0945@Sun Mar 8 15:11:34 2015 +0100.py,PairwiseKernel,4,6,21,0.2857142857142857,0.2708029261214023,False,20,22,90,/Users/neda/Documents/workspace5/DissertationProject/util/Python/scikit-learn/kernels/kernels
e3423b989,/Users/neda/Documents/workspace5/DissertationProject/util/Python/scikit-learn/kernels/kernels@91b5739a4@Sun Mar 8 16:29:54 2015 +0100.py,Kernel,3,5,6,0.8333333333333334,0.2708029261214023,False,21,22,90,/Users/neda/Documents/workspace5/DissertationProject/util/Python/scikit-learn/kernels/kernels
e3423b989,/Users/neda/Documents/workspace5/DissertationProject/util/Python/scikit-learn/kernels/kernels@91b5739a4@Sun Mar 8 16:29:54 2015 +0100.py,KernelOperator,4,8,21,0.38095238095238093,0.2708029261214023,False,21,22,90,/Users/neda/Documents/workspace5/DissertationProject/util/Python/scikit-learn/kernels/kernels
e3423b989,/Users/neda/Documents/workspace5/DissertationProject/util/Python/scikit-learn/kernels/kernels@91b5739a4@Sun Mar 8 16:29:54 2015 +0100.py,Sum,5,1,10,0.1,0.2708029261214023,True,21,22,90,/Users/neda/Documents/workspace5/DissertationProject/util/Python/scikit-learn/kernels/kernels
e3423b989,/Users/neda/Documents/workspace5/DissertationProject/util/Python/scikit-learn/kernels/kernels@91b5739a4@Sun Mar 8 16:29:54 2015 +0100.py,Product,5,1,10,0.1,0.2708029261214023,True,21,22,90,/Users/neda/Documents/workspace5/DissertationProject/util/Python/scikit-learn/kernels/kernels
e3423b989,/Users/neda/Documents/workspace5/DissertationProject/util/Python/scikit-learn/kernels/kernels@91b5739a4@Sun Mar 8 16:29:54 2015 +0100.py,Exponentiation,4,10,21,0.47619047619047616,0.2708029261214023,False,21,22,90,/Users/neda/Documents/workspace5/DissertationProject/util/Python/scikit-learn/kernels/kernels
e3423b989,/Users/neda/Documents/workspace5/DissertationProject/util/Python/scikit-learn/kernels/kernels@91b5739a4@Sun Mar 8 16:29:54 2015 +0100.py,ConstantKernel,4,2,21,0.09523809523809523,0.2708029261214023,True,21,22,90,/Users/neda/Documents/workspace5/DissertationProject/util/Python/scikit-learn/kernels/kernels
e3423b989,/Users/neda/Documents/workspace5/DissertationProject/util/Python/scikit-learn/kernels/kernels@91b5739a4@Sun Mar 8 16:29:54 2015 +0100.py,WhiteKernel,4,1,21,0.047619047619047616,0.2708029261214023,True,21,22,90,/Users/neda/Documents/workspace5/DissertationProject/util/Python/scikit-learn/kernels/kernels
e3423b989,/Users/neda/Documents/workspace5/DissertationProject/util/Python/scikit-learn/kernels/kernels@91b5739a4@Sun Mar 8 16:29:54 2015 +0100.py,RBF,4,0,6,0,0.2708029261214023,True,21,22,90,/Users/neda/Documents/workspace5/DissertationProject/util/Python/scikit-learn/kernels/kernels
e3423b989,/Users/neda/Documents/workspace5/DissertationProject/util/Python/scikit-learn/kernels/kernels@91b5739a4@Sun Mar 8 16:29:54 2015 +0100.py,RationalQuadratic,4,2,21,0.09523809523809523,0.2708029261214023,True,21,22,90,/Users/neda/Documents/workspace5/DissertationProject/util/Python/scikit-learn/kernels/kernels
e3423b989,/Users/neda/Documents/workspace5/DissertationProject/util/Python/scikit-learn/kernels/kernels@91b5739a4@Sun Mar 8 16:29:54 2015 +0100.py,ExpSineSquared,4,2,21,0.09523809523809523,0.2708029261214023,True,21,22,90,/Users/neda/Documents/workspace5/DissertationProject/util/Python/scikit-learn/kernels/kernels
e3423b989,/Users/neda/Documents/workspace5/DissertationProject/util/Python/scikit-learn/kernels/kernels@91b5739a4@Sun Mar 8 16:29:54 2015 +0100.py,DotProduct,4,3,21,0.14285714285714285,0.2708029261214023,True,21,22,90,/Users/neda/Documents/workspace5/DissertationProject/util/Python/scikit-learn/kernels/kernels
e3423b989,/Users/neda/Documents/workspace5/DissertationProject/util/Python/scikit-learn/kernels/kernels@91b5739a4@Sun Mar 8 16:29:54 2015 +0100.py,PairwiseKernel,4,6,21,0.2857142857142857,0.2708029261214023,False,21,22,90,/Users/neda/Documents/workspace5/DissertationProject/util/Python/scikit-learn/kernels/kernels
e3423b989,/Users/neda/Documents/workspace5/DissertationProject/util/Python/scikit-learn/kernels/kernels@e3423b989@Sun Mar 8 18:43:28 2015 +0100.py,Kernel,3,5,6,0.8333333333333334,0.2708029261214023,False,22,22,90,/Users/neda/Documents/workspace5/DissertationProject/util/Python/scikit-learn/kernels/kernels
e3423b989,/Users/neda/Documents/workspace5/DissertationProject/util/Python/scikit-learn/kernels/kernels@e3423b989@Sun Mar 8 18:43:28 2015 +0100.py,KernelOperator,4,8,21,0.38095238095238093,0.2708029261214023,False,22,22,90,/Users/neda/Documents/workspace5/DissertationProject/util/Python/scikit-learn/kernels/kernels
e3423b989,/Users/neda/Documents/workspace5/DissertationProject/util/Python/scikit-learn/kernels/kernels@e3423b989@Sun Mar 8 18:43:28 2015 +0100.py,Sum,5,1,10,0.1,0.2708029261214023,True,22,22,90,/Users/neda/Documents/workspace5/DissertationProject/util/Python/scikit-learn/kernels/kernels
e3423b989,/Users/neda/Documents/workspace5/DissertationProject/util/Python/scikit-learn/kernels/kernels@e3423b989@Sun Mar 8 18:43:28 2015 +0100.py,Product,5,1,10,0.1,0.2708029261214023,True,22,22,90,/Users/neda/Documents/workspace5/DissertationProject/util/Python/scikit-learn/kernels/kernels
e3423b989,/Users/neda/Documents/workspace5/DissertationProject/util/Python/scikit-learn/kernels/kernels@e3423b989@Sun Mar 8 18:43:28 2015 +0100.py,Exponentiation,4,10,21,0.47619047619047616,0.2708029261214023,False,22,22,90,/Users/neda/Documents/workspace5/DissertationProject/util/Python/scikit-learn/kernels/kernels
e3423b989,/Users/neda/Documents/workspace5/DissertationProject/util/Python/scikit-learn/kernels/kernels@e3423b989@Sun Mar 8 18:43:28 2015 +0100.py,ConstantKernel,4,2,21,0.09523809523809523,0.2708029261214023,True,22,22,90,/Users/neda/Documents/workspace5/DissertationProject/util/Python/scikit-learn/kernels/kernels
e3423b989,/Users/neda/Documents/workspace5/DissertationProject/util/Python/scikit-learn/kernels/kernels@e3423b989@Sun Mar 8 18:43:28 2015 +0100.py,WhiteKernel,4,1,21,0.047619047619047616,0.2708029261214023,True,22,22,90,/Users/neda/Documents/workspace5/DissertationProject/util/Python/scikit-learn/kernels/kernels
e3423b989,/Users/neda/Documents/workspace5/DissertationProject/util/Python/scikit-learn/kernels/kernels@e3423b989@Sun Mar 8 18:43:28 2015 +0100.py,RBF,4,0,6,0,0.2708029261214023,True,22,22,90,/Users/neda/Documents/workspace5/DissertationProject/util/Python/scikit-learn/kernels/kernels
e3423b989,/Users/neda/Documents/workspace5/DissertationProject/util/Python/scikit-learn/kernels/kernels@e3423b989@Sun Mar 8 18:43:28 2015 +0100.py,RationalQuadratic,4,2,21,0.09523809523809523,0.2708029261214023,True,22,22,90,/Users/neda/Documents/workspace5/DissertationProject/util/Python/scikit-learn/kernels/kernels
e3423b989,/Users/neda/Documents/workspace5/DissertationProject/util/Python/scikit-learn/kernels/kernels@e3423b989@Sun Mar 8 18:43:28 2015 +0100.py,ExpSineSquared,4,2,21,0.09523809523809523,0.2708029261214023,True,22,22,90,/Users/neda/Documents/workspace5/DissertationProject/util/Python/scikit-learn/kernels/kernels
e3423b989,/Users/neda/Documents/workspace5/DissertationProject/util/Python/scikit-learn/kernels/kernels@e3423b989@Sun Mar 8 18:43:28 2015 +0100.py,DotProduct,4,3,21,0.14285714285714285,0.2708029261214023,True,22,22,90,/Users/neda/Documents/workspace5/DissertationProject/util/Python/scikit-learn/kernels/kernels
e3423b989,/Users/neda/Documents/workspace5/DissertationProject/util/Python/scikit-learn/kernels/kernels@e3423b989@Sun Mar 8 18:43:28 2015 +0100.py,PairwiseKernel,4,6,21,0.2857142857142857,0.2708029261214023,False,22,22,90,/Users/neda/Documents/workspace5/DissertationProject/util/Python/scikit-learn/kernels/kernels
e3423b989,/Users/neda/Documents/workspace5/DissertationProject/util/Python/scikit-learn/kernels/kernels@0a23d9e60@Wed Mar 11 20:14:13 2015 +0100.py,Kernel,3,5,6,0.8333333333333334,0.2708029261214023,False,23,22,90,/Users/neda/Documents/workspace5/DissertationProject/util/Python/scikit-learn/kernels/kernels
e3423b989,/Users/neda/Documents/workspace5/DissertationProject/util/Python/scikit-learn/kernels/kernels@0a23d9e60@Wed Mar 11 20:14:13 2015 +0100.py,KernelOperator,4,8,21,0.38095238095238093,0.2708029261214023,False,23,22,90,/Users/neda/Documents/workspace5/DissertationProject/util/Python/scikit-learn/kernels/kernels
e3423b989,/Users/neda/Documents/workspace5/DissertationProject/util/Python/scikit-learn/kernels/kernels@0a23d9e60@Wed Mar 11 20:14:13 2015 +0100.py,Sum,5,1,10,0.1,0.2708029261214023,True,23,22,90,/Users/neda/Documents/workspace5/DissertationProject/util/Python/scikit-learn/kernels/kernels
e3423b989,/Users/neda/Documents/workspace5/DissertationProject/util/Python/scikit-learn/kernels/kernels@0a23d9e60@Wed Mar 11 20:14:13 2015 +0100.py,Product,5,1,10,0.1,0.2708029261214023,True,23,22,90,/Users/neda/Documents/workspace5/DissertationProject/util/Python/scikit-learn/kernels/kernels
e3423b989,/Users/neda/Documents/workspace5/DissertationProject/util/Python/scikit-learn/kernels/kernels@0a23d9e60@Wed Mar 11 20:14:13 2015 +0100.py,Exponentiation,4,10,21,0.47619047619047616,0.2708029261214023,False,23,22,90,/Users/neda/Documents/workspace5/DissertationProject/util/Python/scikit-learn/kernels/kernels
e3423b989,/Users/neda/Documents/workspace5/DissertationProject/util/Python/scikit-learn/kernels/kernels@0a23d9e60@Wed Mar 11 20:14:13 2015 +0100.py,ConstantKernel,4,2,21,0.09523809523809523,0.2708029261214023,True,23,22,90,/Users/neda/Documents/workspace5/DissertationProject/util/Python/scikit-learn/kernels/kernels
e3423b989,/Users/neda/Documents/workspace5/DissertationProject/util/Python/scikit-learn/kernels/kernels@0a23d9e60@Wed Mar 11 20:14:13 2015 +0100.py,WhiteKernel,4,1,21,0.047619047619047616,0.2708029261214023,True,23,22,90,/Users/neda/Documents/workspace5/DissertationProject/util/Python/scikit-learn/kernels/kernels
e3423b989,/Users/neda/Documents/workspace5/DissertationProject/util/Python/scikit-learn/kernels/kernels@0a23d9e60@Wed Mar 11 20:14:13 2015 +0100.py,RBF,4,0,6,0,0.2708029261214023,True,23,22,90,/Users/neda/Documents/workspace5/DissertationProject/util/Python/scikit-learn/kernels/kernels
e3423b989,/Users/neda/Documents/workspace5/DissertationProject/util/Python/scikit-learn/kernels/kernels@0a23d9e60@Wed Mar 11 20:14:13 2015 +0100.py,RationalQuadratic,4,2,21,0.09523809523809523,0.2708029261214023,True,23,22,90,/Users/neda/Documents/workspace5/DissertationProject/util/Python/scikit-learn/kernels/kernels
e3423b989,/Users/neda/Documents/workspace5/DissertationProject/util/Python/scikit-learn/kernels/kernels@0a23d9e60@Wed Mar 11 20:14:13 2015 +0100.py,ExpSineSquared,4,2,21,0.09523809523809523,0.2708029261214023,True,23,22,90,/Users/neda/Documents/workspace5/DissertationProject/util/Python/scikit-learn/kernels/kernels
e3423b989,/Users/neda/Documents/workspace5/DissertationProject/util/Python/scikit-learn/kernels/kernels@0a23d9e60@Wed Mar 11 20:14:13 2015 +0100.py,DotProduct,4,3,21,0.14285714285714285,0.2708029261214023,True,23,22,90,/Users/neda/Documents/workspace5/DissertationProject/util/Python/scikit-learn/kernels/kernels
e3423b989,/Users/neda/Documents/workspace5/DissertationProject/util/Python/scikit-learn/kernels/kernels@0a23d9e60@Wed Mar 11 20:14:13 2015 +0100.py,PairwiseKernel,4,6,21,0.2857142857142857,0.2708029261214023,False,23,22,90,/Users/neda/Documents/workspace5/DissertationProject/util/Python/scikit-learn/kernels/kernels
819d8ef8b,/Users/neda/Documents/workspace5/DissertationProject/util/Python/scikit-learn/dbscan_/dbscan_@40e6c43cb@Fri Aug 3 12:34:25 2018 +0200.py,DBSCAN,2,0,9,0,0.2980477202993202,True,88,91,101,/Users/neda/Documents/workspace5/DissertationProject/util/Python/scikit-learn/dbscan_/dbscan_
819d8ef8b,/Users/neda/Documents/workspace5/DissertationProject/util/Python/scikit-learn/dbscan_/dbscan_@9b8fd0b0d@Sat Aug 18 17:57:10 2018 +0800.py,DBSCAN,2,0,9,0,0.3016941029301209,True,89,91,101,/Users/neda/Documents/workspace5/DissertationProject/util/Python/scikit-learn/dbscan_/dbscan_
819d8ef8b,/Users/neda/Documents/workspace5/DissertationProject/util/Python/scikit-learn/dbscan_/dbscan_@40dd0bf6b@Mon Sep 3 16:05:59 2018 +0800.py,DBSCAN,2,0,9,0,0.3013491893368185,True,90,91,101,/Users/neda/Documents/workspace5/DissertationProject/util/Python/scikit-learn/dbscan_/dbscan_
819d8ef8b,/Users/neda/Documents/workspace5/DissertationProject/util/Python/scikit-learn/dbscan_/dbscan_@819d8ef8b@Fri Sep 28 16:22:12 2018 +0200.py,DBSCAN,2,0,9,0,0.2993783377817951,True,91,91,101,/Users/neda/Documents/workspace5/DissertationProject/util/Python/scikit-learn/dbscan_/dbscan_
819d8ef8b,/Users/neda/Documents/workspace5/DissertationProject/util/Python/scikit-learn/dbscan_/dbscan_@7ee321fe4@Mon Jan 14 10:24:52 2019 -0500.py,DBSCAN,2,0,9,0,0.31368989838761385,True,92,91,101,/Users/neda/Documents/workspace5/DissertationProject/util/Python/scikit-learn/dbscan_/dbscan_
b0c03d128,/Users/neda/Documents/workspace5/DissertationProject/util/Python/scikit-learn/_dict_learning/_dict_learning@11c670586@Mon Jun 15 15:50:35 2020 +0300.py,SparseCodingMixin,2,0,1,0,0.332187531660748,True,10,13,20,/Users/neda/Documents/workspace5/DissertationProject/util/Python/scikit-learn/_dict_learning/_dict_learning
b0c03d128,/Users/neda/Documents/workspace5/DissertationProject/util/Python/scikit-learn/_dict_learning/_dict_learning@11c670586@Mon Jun 15 15:50:35 2020 +0300.py,SparseCoder,3,2,11,0.18181818181818182,0.332187531660748,True,10,13,20,/Users/neda/Documents/workspace5/DissertationProject/util/Python/scikit-learn/_dict_learning/_dict_learning
b0c03d128,/Users/neda/Documents/workspace5/DissertationProject/util/Python/scikit-learn/_dict_learning/_dict_learning@11c670586@Mon Jun 15 15:50:35 2020 +0300.py,DictionaryLearning,3,6,11,0.5454545454545454,0.332187531660748,False,10,13,20,/Users/neda/Documents/workspace5/DissertationProject/util/Python/scikit-learn/_dict_learning/_dict_learning
b0c03d128,/Users/neda/Documents/workspace5/DissertationProject/util/Python/scikit-learn/_dict_learning/_dict_learning@11c670586@Mon Jun 15 15:50:35 2020 +0300.py,MiniBatchDictionaryLearning,3,7,11,0.6363636363636364,0.332187531660748,False,10,13,20,/Users/neda/Documents/workspace5/DissertationProject/util/Python/scikit-learn/_dict_learning/_dict_learning
b0c03d128,/Users/neda/Documents/workspace5/DissertationProject/util/Python/scikit-learn/_dict_learning/_dict_learning@03f8a2ec1@Wed Jun 17 10:55:20 2020 -0700.py,SparseCodingMixin,2,0,1,0,0.332187531660748,True,11,13,20,/Users/neda/Documents/workspace5/DissertationProject/util/Python/scikit-learn/_dict_learning/_dict_learning
b0c03d128,/Users/neda/Documents/workspace5/DissertationProject/util/Python/scikit-learn/_dict_learning/_dict_learning@03f8a2ec1@Wed Jun 17 10:55:20 2020 -0700.py,SparseCoder,3,2,11,0.18181818181818182,0.332187531660748,True,11,13,20,/Users/neda/Documents/workspace5/DissertationProject/util/Python/scikit-learn/_dict_learning/_dict_learning
b0c03d128,/Users/neda/Documents/workspace5/DissertationProject/util/Python/scikit-learn/_dict_learning/_dict_learning@03f8a2ec1@Wed Jun 17 10:55:20 2020 -0700.py,DictionaryLearning,3,6,11,0.5454545454545454,0.332187531660748,False,11,13,20,/Users/neda/Documents/workspace5/DissertationProject/util/Python/scikit-learn/_dict_learning/_dict_learning
b0c03d128,/Users/neda/Documents/workspace5/DissertationProject/util/Python/scikit-learn/_dict_learning/_dict_learning@03f8a2ec1@Wed Jun 17 10:55:20 2020 -0700.py,MiniBatchDictionaryLearning,3,7,11,0.6363636363636364,0.332187531660748,False,11,13,20,/Users/neda/Documents/workspace5/DissertationProject/util/Python/scikit-learn/_dict_learning/_dict_learning
b0c03d128,/Users/neda/Documents/workspace5/DissertationProject/util/Python/scikit-learn/_dict_learning/_dict_learning@9ea4edd97@Wed Jun 24 11:13:21 2020 +0200.py,SparseCodingMixin,2,0,1,0,0.3328500575406652,True,12,13,20,/Users/neda/Documents/workspace5/DissertationProject/util/Python/scikit-learn/_dict_learning/_dict_learning
b0c03d128,/Users/neda/Documents/workspace5/DissertationProject/util/Python/scikit-learn/_dict_learning/_dict_learning@9ea4edd97@Wed Jun 24 11:13:21 2020 +0200.py,SparseCoder,3,2,11,0.18181818181818182,0.3328500575406652,True,12,13,20,/Users/neda/Documents/workspace5/DissertationProject/util/Python/scikit-learn/_dict_learning/_dict_learning
b0c03d128,/Users/neda/Documents/workspace5/DissertationProject/util/Python/scikit-learn/_dict_learning/_dict_learning@9ea4edd97@Wed Jun 24 11:13:21 2020 +0200.py,DictionaryLearning,3,6,11,0.5454545454545454,0.3328500575406652,False,12,13,20,/Users/neda/Documents/workspace5/DissertationProject/util/Python/scikit-learn/_dict_learning/_dict_learning
b0c03d128,/Users/neda/Documents/workspace5/DissertationProject/util/Python/scikit-learn/_dict_learning/_dict_learning@9ea4edd97@Wed Jun 24 11:13:21 2020 +0200.py,MiniBatchDictionaryLearning,3,7,11,0.6363636363636364,0.3328500575406652,False,12,13,20,/Users/neda/Documents/workspace5/DissertationProject/util/Python/scikit-learn/_dict_learning/_dict_learning
ee3e61754,/Users/neda/Documents/workspace5/DissertationProject/util/Python/scikit-learn/univariate_selection/univariate_selection@1f76574b9@Wed Jun 1 14:26:25 2016 +0800.py,_BaseFilter,2,0,6,0,0.26737329653654623,True,125,128,144,/Users/neda/Documents/workspace5/DissertationProject/util/Python/scikit-learn/univariate_selection/univariate_selection
ee3e61754,/Users/neda/Documents/workspace5/DissertationProject/util/Python/scikit-learn/univariate_selection/univariate_selection@1f76574b9@Wed Jun 1 14:26:25 2016 +0800.py,SelectPercentile,3,3,6,0.5,0.26737329653654623,False,125,128,144,/Users/neda/Documents/workspace5/DissertationProject/util/Python/scikit-learn/univariate_selection/univariate_selection
ee3e61754,/Users/neda/Documents/workspace5/DissertationProject/util/Python/scikit-learn/univariate_selection/univariate_selection@1f76574b9@Wed Jun 1 14:26:25 2016 +0800.py,SelectKBest,3,3,6,0.5,0.26737329653654623,False,125,128,144,/Users/neda/Documents/workspace5/DissertationProject/util/Python/scikit-learn/univariate_selection/univariate_selection
ee3e61754,/Users/neda/Documents/workspace5/DissertationProject/util/Python/scikit-learn/univariate_selection/univariate_selection@1f76574b9@Wed Jun 1 14:26:25 2016 +0800.py,SelectFpr,3,2,6,0.3333333333333333,0.26737329653654623,False,125,128,144,/Users/neda/Documents/workspace5/DissertationProject/util/Python/scikit-learn/univariate_selection/univariate_selection
ee3e61754,/Users/neda/Documents/workspace5/DissertationProject/util/Python/scikit-learn/univariate_selection/univariate_selection@1f76574b9@Wed Jun 1 14:26:25 2016 +0800.py,SelectFdr,3,2,6,0.3333333333333333,0.26737329653654623,False,125,128,144,/Users/neda/Documents/workspace5/DissertationProject/util/Python/scikit-learn/univariate_selection/univariate_selection
ee3e61754,/Users/neda/Documents/workspace5/DissertationProject/util/Python/scikit-learn/univariate_selection/univariate_selection@1f76574b9@Wed Jun 1 14:26:25 2016 +0800.py,SelectFwe,3,2,6,0.3333333333333333,0.26737329653654623,False,125,128,144,/Users/neda/Documents/workspace5/DissertationProject/util/Python/scikit-learn/univariate_selection/univariate_selection
ee3e61754,/Users/neda/Documents/workspace5/DissertationProject/util/Python/scikit-learn/univariate_selection/univariate_selection@1f76574b9@Wed Jun 1 14:26:25 2016 +0800.py,GenericUnivariateSelect,3,4,6,0.6666666666666666,0.26737329653654623,False,125,128,144,/Users/neda/Documents/workspace5/DissertationProject/util/Python/scikit-learn/univariate_selection/univariate_selection
ee3e61754,/Users/neda/Documents/workspace5/DissertationProject/util/Python/scikit-learn/univariate_selection/univariate_selection@9539c0c00@Sun Jul 31 17:35:19 2016 +1000.py,_BaseFilter,2,0,6,0,0.2664840266265552,True,126,128,144,/Users/neda/Documents/workspace5/DissertationProject/util/Python/scikit-learn/univariate_selection/univariate_selection
ee3e61754,/Users/neda/Documents/workspace5/DissertationProject/util/Python/scikit-learn/univariate_selection/univariate_selection@9539c0c00@Sun Jul 31 17:35:19 2016 +1000.py,SelectPercentile,3,3,6,0.5,0.2664840266265552,False,126,128,144,/Users/neda/Documents/workspace5/DissertationProject/util/Python/scikit-learn/univariate_selection/univariate_selection
ee3e61754,/Users/neda/Documents/workspace5/DissertationProject/util/Python/scikit-learn/univariate_selection/univariate_selection@9539c0c00@Sun Jul 31 17:35:19 2016 +1000.py,SelectKBest,3,3,6,0.5,0.2664840266265552,False,126,128,144,/Users/neda/Documents/workspace5/DissertationProject/util/Python/scikit-learn/univariate_selection/univariate_selection
ee3e61754,/Users/neda/Documents/workspace5/DissertationProject/util/Python/scikit-learn/univariate_selection/univariate_selection@9539c0c00@Sun Jul 31 17:35:19 2016 +1000.py,SelectFpr,3,2,6,0.3333333333333333,0.2664840266265552,False,126,128,144,/Users/neda/Documents/workspace5/DissertationProject/util/Python/scikit-learn/univariate_selection/univariate_selection
ee3e61754,/Users/neda/Documents/workspace5/DissertationProject/util/Python/scikit-learn/univariate_selection/univariate_selection@9539c0c00@Sun Jul 31 17:35:19 2016 +1000.py,SelectFdr,3,2,6,0.3333333333333333,0.2664840266265552,False,126,128,144,/Users/neda/Documents/workspace5/DissertationProject/util/Python/scikit-learn/univariate_selection/univariate_selection
ee3e61754,/Users/neda/Documents/workspace5/DissertationProject/util/Python/scikit-learn/univariate_selection/univariate_selection@9539c0c00@Sun Jul 31 17:35:19 2016 +1000.py,SelectFwe,3,2,6,0.3333333333333333,0.2664840266265552,False,126,128,144,/Users/neda/Documents/workspace5/DissertationProject/util/Python/scikit-learn/univariate_selection/univariate_selection
ee3e61754,/Users/neda/Documents/workspace5/DissertationProject/util/Python/scikit-learn/univariate_selection/univariate_selection@9539c0c00@Sun Jul 31 17:35:19 2016 +1000.py,GenericUnivariateSelect,3,4,6,0.6666666666666666,0.2664840266265552,False,126,128,144,/Users/neda/Documents/workspace5/DissertationProject/util/Python/scikit-learn/univariate_selection/univariate_selection
ee3e61754,/Users/neda/Documents/workspace5/DissertationProject/util/Python/scikit-learn/univariate_selection/univariate_selection@2caa1445f@Thu Oct 20 10:06:32 2016 +0800.py,_BaseFilter,2,0,9,0,0.26754736423163505,True,127,128,144,/Users/neda/Documents/workspace5/DissertationProject/util/Python/scikit-learn/univariate_selection/univariate_selection
ee3e61754,/Users/neda/Documents/workspace5/DissertationProject/util/Python/scikit-learn/univariate_selection/univariate_selection@2caa1445f@Thu Oct 20 10:06:32 2016 +0800.py,SelectPercentile,3,3,6,0.5,0.26754736423163505,False,127,128,144,/Users/neda/Documents/workspace5/DissertationProject/util/Python/scikit-learn/univariate_selection/univariate_selection
ee3e61754,/Users/neda/Documents/workspace5/DissertationProject/util/Python/scikit-learn/univariate_selection/univariate_selection@2caa1445f@Thu Oct 20 10:06:32 2016 +0800.py,SelectKBest,3,3,6,0.5,0.26754736423163505,False,127,128,144,/Users/neda/Documents/workspace5/DissertationProject/util/Python/scikit-learn/univariate_selection/univariate_selection
ee3e61754,/Users/neda/Documents/workspace5/DissertationProject/util/Python/scikit-learn/univariate_selection/univariate_selection@2caa1445f@Thu Oct 20 10:06:32 2016 +0800.py,SelectFpr,3,2,6,0.3333333333333333,0.26754736423163505,False,127,128,144,/Users/neda/Documents/workspace5/DissertationProject/util/Python/scikit-learn/univariate_selection/univariate_selection
ee3e61754,/Users/neda/Documents/workspace5/DissertationProject/util/Python/scikit-learn/univariate_selection/univariate_selection@2caa1445f@Thu Oct 20 10:06:32 2016 +0800.py,SelectFdr,3,2,6,0.3333333333333333,0.26754736423163505,False,127,128,144,/Users/neda/Documents/workspace5/DissertationProject/util/Python/scikit-learn/univariate_selection/univariate_selection
ee3e61754,/Users/neda/Documents/workspace5/DissertationProject/util/Python/scikit-learn/univariate_selection/univariate_selection@2caa1445f@Thu Oct 20 10:06:32 2016 +0800.py,SelectFwe,3,2,6,0.3333333333333333,0.26754736423163505,False,127,128,144,/Users/neda/Documents/workspace5/DissertationProject/util/Python/scikit-learn/univariate_selection/univariate_selection
ee3e61754,/Users/neda/Documents/workspace5/DissertationProject/util/Python/scikit-learn/univariate_selection/univariate_selection@2caa1445f@Thu Oct 20 10:06:32 2016 +0800.py,GenericUnivariateSelect,3,4,6,0.6666666666666666,0.26754736423163505,False,127,128,144,/Users/neda/Documents/workspace5/DissertationProject/util/Python/scikit-learn/univariate_selection/univariate_selection
ee3e61754,/Users/neda/Documents/workspace5/DissertationProject/util/Python/scikit-learn/univariate_selection/univariate_selection@ee3e61754@Thu Oct 20 22:38:23 2016 +0530.py,_BaseFilter,2,0,9,0,0.26754736423163505,True,128,128,144,/Users/neda/Documents/workspace5/DissertationProject/util/Python/scikit-learn/univariate_selection/univariate_selection
ee3e61754,/Users/neda/Documents/workspace5/DissertationProject/util/Python/scikit-learn/univariate_selection/univariate_selection@ee3e61754@Thu Oct 20 22:38:23 2016 +0530.py,SelectPercentile,3,3,6,0.5,0.26754736423163505,False,128,128,144,/Users/neda/Documents/workspace5/DissertationProject/util/Python/scikit-learn/univariate_selection/univariate_selection
ee3e61754,/Users/neda/Documents/workspace5/DissertationProject/util/Python/scikit-learn/univariate_selection/univariate_selection@ee3e61754@Thu Oct 20 22:38:23 2016 +0530.py,SelectKBest,3,3,6,0.5,0.26754736423163505,False,128,128,144,/Users/neda/Documents/workspace5/DissertationProject/util/Python/scikit-learn/univariate_selection/univariate_selection
ee3e61754,/Users/neda/Documents/workspace5/DissertationProject/util/Python/scikit-learn/univariate_selection/univariate_selection@ee3e61754@Thu Oct 20 22:38:23 2016 +0530.py,SelectFpr,3,2,6,0.3333333333333333,0.26754736423163505,False,128,128,144,/Users/neda/Documents/workspace5/DissertationProject/util/Python/scikit-learn/univariate_selection/univariate_selection
ee3e61754,/Users/neda/Documents/workspace5/DissertationProject/util/Python/scikit-learn/univariate_selection/univariate_selection@ee3e61754@Thu Oct 20 22:38:23 2016 +0530.py,SelectFdr,3,2,6,0.3333333333333333,0.26754736423163505,False,128,128,144,/Users/neda/Documents/workspace5/DissertationProject/util/Python/scikit-learn/univariate_selection/univariate_selection
ee3e61754,/Users/neda/Documents/workspace5/DissertationProject/util/Python/scikit-learn/univariate_selection/univariate_selection@ee3e61754@Thu Oct 20 22:38:23 2016 +0530.py,SelectFwe,3,2,6,0.3333333333333333,0.26754736423163505,False,128,128,144,/Users/neda/Documents/workspace5/DissertationProject/util/Python/scikit-learn/univariate_selection/univariate_selection
ee3e61754,/Users/neda/Documents/workspace5/DissertationProject/util/Python/scikit-learn/univariate_selection/univariate_selection@ee3e61754@Thu Oct 20 22:38:23 2016 +0530.py,GenericUnivariateSelect,3,4,6,0.6666666666666666,0.26754736423163505,False,128,128,144,/Users/neda/Documents/workspace5/DissertationProject/util/Python/scikit-learn/univariate_selection/univariate_selection
ee3e61754,/Users/neda/Documents/workspace5/DissertationProject/util/Python/scikit-learn/univariate_selection/univariate_selection@456fb5697@Tue Dec 20 08:23:32 2016 -0500.py,_BaseFilter,2,0,9,0,0.2701691160541405,True,129,128,144,/Users/neda/Documents/workspace5/DissertationProject/util/Python/scikit-learn/univariate_selection/univariate_selection
ee3e61754,/Users/neda/Documents/workspace5/DissertationProject/util/Python/scikit-learn/univariate_selection/univariate_selection@456fb5697@Tue Dec 20 08:23:32 2016 -0500.py,SelectPercentile,3,3,6,0.5,0.2701691160541405,False,129,128,144,/Users/neda/Documents/workspace5/DissertationProject/util/Python/scikit-learn/univariate_selection/univariate_selection
ee3e61754,/Users/neda/Documents/workspace5/DissertationProject/util/Python/scikit-learn/univariate_selection/univariate_selection@456fb5697@Tue Dec 20 08:23:32 2016 -0500.py,SelectKBest,3,3,6,0.5,0.2701691160541405,False,129,128,144,/Users/neda/Documents/workspace5/DissertationProject/util/Python/scikit-learn/univariate_selection/univariate_selection
ee3e61754,/Users/neda/Documents/workspace5/DissertationProject/util/Python/scikit-learn/univariate_selection/univariate_selection@456fb5697@Tue Dec 20 08:23:32 2016 -0500.py,SelectFpr,3,2,6,0.3333333333333333,0.2701691160541405,False,129,128,144,/Users/neda/Documents/workspace5/DissertationProject/util/Python/scikit-learn/univariate_selection/univariate_selection
ee3e61754,/Users/neda/Documents/workspace5/DissertationProject/util/Python/scikit-learn/univariate_selection/univariate_selection@456fb5697@Tue Dec 20 08:23:32 2016 -0500.py,SelectFdr,3,2,6,0.3333333333333333,0.2701691160541405,False,129,128,144,/Users/neda/Documents/workspace5/DissertationProject/util/Python/scikit-learn/univariate_selection/univariate_selection
ee3e61754,/Users/neda/Documents/workspace5/DissertationProject/util/Python/scikit-learn/univariate_selection/univariate_selection@456fb5697@Tue Dec 20 08:23:32 2016 -0500.py,SelectFwe,3,2,6,0.3333333333333333,0.2701691160541405,False,129,128,144,/Users/neda/Documents/workspace5/DissertationProject/util/Python/scikit-learn/univariate_selection/univariate_selection
ee3e61754,/Users/neda/Documents/workspace5/DissertationProject/util/Python/scikit-learn/univariate_selection/univariate_selection@456fb5697@Tue Dec 20 08:23:32 2016 -0500.py,GenericUnivariateSelect,3,4,6,0.6666666666666666,0.2701691160541405,False,129,128,144,/Users/neda/Documents/workspace5/DissertationProject/util/Python/scikit-learn/univariate_selection/univariate_selection
9d1c72321,/Users/neda/Documents/workspace5/DissertationProject/util/Python/scikit-learn/k_means_/k_means_@40f8b4940@Mon Jul 14 20:41:35 2014 +0200.py,KMeans,2,0,6,0,0.2805927569514954,True,274,277,377,/Users/neda/Documents/workspace5/DissertationProject/util/Python/scikit-learn/k_means_/k_means_
9d1c72321,/Users/neda/Documents/workspace5/DissertationProject/util/Python/scikit-learn/k_means_/k_means_@40f8b4940@Mon Jul 14 20:41:35 2014 +0200.py,MiniBatchKMeans,3,13,23,0.5652173913043478,0.2805927569514954,False,274,277,377,/Users/neda/Documents/workspace5/DissertationProject/util/Python/scikit-learn/k_means_/k_means_
9d1c72321,/Users/neda/Documents/workspace5/DissertationProject/util/Python/scikit-learn/k_means_/k_means_@4ccfe0634@Mon Jul 14 20:55:27 2014 +0200.py,KMeans,2,0,6,0,0.2805927569514954,True,275,277,377,/Users/neda/Documents/workspace5/DissertationProject/util/Python/scikit-learn/k_means_/k_means_
9d1c72321,/Users/neda/Documents/workspace5/DissertationProject/util/Python/scikit-learn/k_means_/k_means_@4ccfe0634@Mon Jul 14 20:55:27 2014 +0200.py,MiniBatchKMeans,3,13,23,0.5652173913043478,0.2805927569514954,False,275,277,377,/Users/neda/Documents/workspace5/DissertationProject/util/Python/scikit-learn/k_means_/k_means_
9d1c72321,/Users/neda/Documents/workspace5/DissertationProject/util/Python/scikit-learn/k_means_/k_means_@45aa83313@Mon Jul 14 21:14:26 2014 +0200.py,KMeans,2,0,6,0,0.2805927569514954,True,276,277,377,/Users/neda/Documents/workspace5/DissertationProject/util/Python/scikit-learn/k_means_/k_means_
9d1c72321,/Users/neda/Documents/workspace5/DissertationProject/util/Python/scikit-learn/k_means_/k_means_@45aa83313@Mon Jul 14 21:14:26 2014 +0200.py,MiniBatchKMeans,3,13,23,0.5652173913043478,0.2805927569514954,False,276,277,377,/Users/neda/Documents/workspace5/DissertationProject/util/Python/scikit-learn/k_means_/k_means_
9d1c72321,/Users/neda/Documents/workspace5/DissertationProject/util/Python/scikit-learn/k_means_/k_means_@9d1c72321@Mon Jul 14 22:31:19 2014 +0200.py,KMeans,2,0,6,0,0.2805927569514954,True,277,277,377,/Users/neda/Documents/workspace5/DissertationProject/util/Python/scikit-learn/k_means_/k_means_
9d1c72321,/Users/neda/Documents/workspace5/DissertationProject/util/Python/scikit-learn/k_means_/k_means_@9d1c72321@Mon Jul 14 22:31:19 2014 +0200.py,MiniBatchKMeans,3,13,23,0.5652173913043478,0.2805927569514954,False,277,277,377,/Users/neda/Documents/workspace5/DissertationProject/util/Python/scikit-learn/k_means_/k_means_
9d1c72321,/Users/neda/Documents/workspace5/DissertationProject/util/Python/scikit-learn/k_means_/k_means_@be643c977@Mon Jul 14 23:39:43 2014 +0200.py,KMeans,2,0,6,0,0.2805927569514954,True,278,277,377,/Users/neda/Documents/workspace5/DissertationProject/util/Python/scikit-learn/k_means_/k_means_
9d1c72321,/Users/neda/Documents/workspace5/DissertationProject/util/Python/scikit-learn/k_means_/k_means_@be643c977@Mon Jul 14 23:39:43 2014 +0200.py,MiniBatchKMeans,3,13,23,0.5652173913043478,0.2805927569514954,False,278,277,377,/Users/neda/Documents/workspace5/DissertationProject/util/Python/scikit-learn/k_means_/k_means_
e35f04020,/Users/neda/Documents/workspace5/DissertationProject/util/Python/scikit-learn/_encoders/_encoders@83dca7eb1@Thu Apr 18 13:21:40 2019 -0400.py,_BaseEncoder,2,0,10,0,0.2866825014534392,True,26,29,61,/Users/neda/Documents/workspace5/DissertationProject/util/Python/scikit-learn/_encoders/_encoders
e35f04020,/Users/neda/Documents/workspace5/DissertationProject/util/Python/scikit-learn/_encoders/_encoders@83dca7eb1@Thu Apr 18 13:21:40 2019 -0400.py,OneHotEncoder,3,4,6,0.6666666666666666,0.2866825014534392,False,26,29,61,/Users/neda/Documents/workspace5/DissertationProject/util/Python/scikit-learn/_encoders/_encoders
e35f04020,/Users/neda/Documents/workspace5/DissertationProject/util/Python/scikit-learn/_encoders/_encoders@83dca7eb1@Thu Apr 18 13:21:40 2019 -0400.py,OrdinalEncoder,3,3,6,0.5,0.2866825014534392,False,26,29,61,/Users/neda/Documents/workspace5/DissertationProject/util/Python/scikit-learn/_encoders/_encoders
e35f04020,/Users/neda/Documents/workspace5/DissertationProject/util/Python/scikit-learn/_encoders/_encoders@ea58e27ac@Mon May 20 04:30:10 2019 +0200.py,_BaseEncoder,2,0,10,0,0.28901515453052207,True,27,29,61,/Users/neda/Documents/workspace5/DissertationProject/util/Python/scikit-learn/_encoders/_encoders
e35f04020,/Users/neda/Documents/workspace5/DissertationProject/util/Python/scikit-learn/_encoders/_encoders@ea58e27ac@Mon May 20 04:30:10 2019 +0200.py,OneHotEncoder,3,4,6,0.6666666666666666,0.28901515453052207,False,27,29,61,/Users/neda/Documents/workspace5/DissertationProject/util/Python/scikit-learn/_encoders/_encoders
e35f04020,/Users/neda/Documents/workspace5/DissertationProject/util/Python/scikit-learn/_encoders/_encoders@ea58e27ac@Mon May 20 04:30:10 2019 +0200.py,OrdinalEncoder,3,3,6,0.5,0.28901515453052207,False,27,29,61,/Users/neda/Documents/workspace5/DissertationProject/util/Python/scikit-learn/_encoders/_encoders
e35f04020,/Users/neda/Documents/workspace5/DissertationProject/util/Python/scikit-learn/_encoders/_encoders@911792b00@Tue May 21 19:43:41 2019 -0400.py,_BaseEncoder,2,0,10,0,0.28901515453052207,True,28,29,61,/Users/neda/Documents/workspace5/DissertationProject/util/Python/scikit-learn/_encoders/_encoders
e35f04020,/Users/neda/Documents/workspace5/DissertationProject/util/Python/scikit-learn/_encoders/_encoders@911792b00@Tue May 21 19:43:41 2019 -0400.py,OneHotEncoder,3,4,6,0.6666666666666666,0.28901515453052207,False,28,29,61,/Users/neda/Documents/workspace5/DissertationProject/util/Python/scikit-learn/_encoders/_encoders
e35f04020,/Users/neda/Documents/workspace5/DissertationProject/util/Python/scikit-learn/_encoders/_encoders@911792b00@Tue May 21 19:43:41 2019 -0400.py,OrdinalEncoder,3,3,6,0.5,0.28901515453052207,False,28,29,61,/Users/neda/Documents/workspace5/DissertationProject/util/Python/scikit-learn/_encoders/_encoders
e35f04020,/Users/neda/Documents/workspace5/DissertationProject/util/Python/scikit-learn/_encoders/_encoders@e35f04020@Thu May 23 13:39:39 2019 +0100.py,_BaseEncoder,2,0,10,0,0.28901515453052207,True,29,29,61,/Users/neda/Documents/workspace5/DissertationProject/util/Python/scikit-learn/_encoders/_encoders
e35f04020,/Users/neda/Documents/workspace5/DissertationProject/util/Python/scikit-learn/_encoders/_encoders@e35f04020@Thu May 23 13:39:39 2019 +0100.py,OneHotEncoder,3,4,6,0.6666666666666666,0.28901515453052207,False,29,29,61,/Users/neda/Documents/workspace5/DissertationProject/util/Python/scikit-learn/_encoders/_encoders
e35f04020,/Users/neda/Documents/workspace5/DissertationProject/util/Python/scikit-learn/_encoders/_encoders@e35f04020@Thu May 23 13:39:39 2019 +0100.py,OrdinalEncoder,3,3,6,0.5,0.28901515453052207,False,29,29,61,/Users/neda/Documents/workspace5/DissertationProject/util/Python/scikit-learn/_encoders/_encoders
e35f04020,/Users/neda/Documents/workspace5/DissertationProject/util/Python/scikit-learn/_encoders/_encoders@9ee164baa@Wed May 29 13:03:30 2019 +0200.py,_BaseEncoder,2,0,10,0,0.28972800319299935,True,30,29,61,/Users/neda/Documents/workspace5/DissertationProject/util/Python/scikit-learn/_encoders/_encoders
e35f04020,/Users/neda/Documents/workspace5/DissertationProject/util/Python/scikit-learn/_encoders/_encoders@9ee164baa@Wed May 29 13:03:30 2019 +0200.py,OneHotEncoder,3,4,6,0.6666666666666666,0.28972800319299935,False,30,29,61,/Users/neda/Documents/workspace5/DissertationProject/util/Python/scikit-learn/_encoders/_encoders
e35f04020,/Users/neda/Documents/workspace5/DissertationProject/util/Python/scikit-learn/_encoders/_encoders@9ee164baa@Wed May 29 13:03:30 2019 +0200.py,OrdinalEncoder,3,4,6,0.6666666666666666,0.28972800319299935,False,30,29,61,/Users/neda/Documents/workspace5/DissertationProject/util/Python/scikit-learn/_encoders/_encoders
e324fdd28,/Users/neda/Documents/workspace5/DissertationProject/util/Python/scikit-learn/t_sne/t_sne@c235c3b56@Sun Jul 20 15:31:28 2014 +0200.py,TSNE,2,0,6,0,0.28159648453763464,True,29,32,88,/Users/neda/Documents/workspace5/DissertationProject/util/Python/scikit-learn/t_sne/t_sne
e324fdd28,/Users/neda/Documents/workspace5/DissertationProject/util/Python/scikit-learn/t_sne/t_sne@b3bdb0896@Mon Jul 28 19:04:59 2014 +1000.py,TSNE,2,0,6,0,0.2806056403894376,True,30,32,88,/Users/neda/Documents/workspace5/DissertationProject/util/Python/scikit-learn/t_sne/t_sne
e324fdd28,/Users/neda/Documents/workspace5/DissertationProject/util/Python/scikit-learn/t_sne/t_sne@0bdaecd6f@Tue Aug 5 13:55:48 2014 +0200.py,TSNE,2,0,6,0,0.29079348884127776,True,31,32,88,/Users/neda/Documents/workspace5/DissertationProject/util/Python/scikit-learn/t_sne/t_sne
e324fdd28,/Users/neda/Documents/workspace5/DissertationProject/util/Python/scikit-learn/t_sne/t_sne@e324fdd28@Thu Aug 14 12:43:55 2014 +0200.py,TSNE,2,0,6,0,0.29079348884127776,True,32,32,88,/Users/neda/Documents/workspace5/DissertationProject/util/Python/scikit-learn/t_sne/t_sne
e324fdd28,/Users/neda/Documents/workspace5/DissertationProject/util/Python/scikit-learn/t_sne/t_sne@7b01c0b51@Tue Oct 21 08:00:01 2014 +0200.py,TSNE,2,0,6,0,0.29079348884127776,True,33,32,88,/Users/neda/Documents/workspace5/DissertationProject/util/Python/scikit-learn/t_sne/t_sne
a99078063,/Users/neda/Documents/workspace5/DissertationProject/util/Python/scikit-learn/base/base@560c6c7c1@Wed Dec 1 11:18:04 2010 +0100.py,LinearModel,2,10,9,1.1111111111111112,0.28458109841476986,False,121,123,1073,/Users/neda/Documents/workspace5/DissertationProject/util/Python/scikit-learn/base/base
a99078063,/Users/neda/Documents/workspace5/DissertationProject/util/Python/scikit-learn/base/base@560c6c7c1@Wed Dec 1 11:18:04 2010 +0100.py,LinearRegression,3,2,9,0.2222222222222222,0.28458109841476986,True,121,123,1073,/Users/neda/Documents/workspace5/DissertationProject/util/Python/scikit-learn/base/base
a99078063,/Users/neda/Documents/workspace5/DissertationProject/util/Python/scikit-learn/base/base@560c6c7c1@Wed Dec 1 11:18:04 2010 +0100.py,BaseSGD,2,0,7,0,0.28458109841476986,True,121,123,1073,/Users/neda/Documents/workspace5/DissertationProject/util/Python/scikit-learn/base/base
a99078063,/Users/neda/Documents/workspace5/DissertationProject/util/Python/scikit-learn/base/base@560c6c7c1@Wed Dec 1 11:18:04 2010 +0100.py,BaseSGDClassifier,3,3,13,0.23076923076923078,0.28458109841476986,True,121,123,1073,/Users/neda/Documents/workspace5/DissertationProject/util/Python/scikit-learn/base/base
a99078063,/Users/neda/Documents/workspace5/DissertationProject/util/Python/scikit-learn/base/base@560c6c7c1@Wed Dec 1 11:18:04 2010 +0100.py,BaseSGDRegressor,3,3,13,0.23076923076923078,0.28458109841476986,True,121,123,1073,/Users/neda/Documents/workspace5/DissertationProject/util/Python/scikit-learn/base/base
a99078063,/Users/neda/Documents/workspace5/DissertationProject/util/Python/scikit-learn/base/base@4cffab4e8@Thu Dec 2 15:23:56 2010 +0100.py,LinearModel,2,10,9,1.1111111111111112,0.279557837466819,False,122,123,1073,/Users/neda/Documents/workspace5/DissertationProject/util/Python/scikit-learn/base/base
a99078063,/Users/neda/Documents/workspace5/DissertationProject/util/Python/scikit-learn/base/base@4cffab4e8@Thu Dec 2 15:23:56 2010 +0100.py,LinearRegression,3,2,9,0.2222222222222222,0.279557837466819,True,122,123,1073,/Users/neda/Documents/workspace5/DissertationProject/util/Python/scikit-learn/base/base
a99078063,/Users/neda/Documents/workspace5/DissertationProject/util/Python/scikit-learn/base/base@4cffab4e8@Thu Dec 2 15:23:56 2010 +0100.py,BaseSGD,2,0,7,0,0.279557837466819,True,122,123,1073,/Users/neda/Documents/workspace5/DissertationProject/util/Python/scikit-learn/base/base
a99078063,/Users/neda/Documents/workspace5/DissertationProject/util/Python/scikit-learn/base/base@4cffab4e8@Thu Dec 2 15:23:56 2010 +0100.py,BaseSGDClassifier,3,3,13,0.23076923076923078,0.279557837466819,True,122,123,1073,/Users/neda/Documents/workspace5/DissertationProject/util/Python/scikit-learn/base/base
a99078063,/Users/neda/Documents/workspace5/DissertationProject/util/Python/scikit-learn/base/base@4cffab4e8@Thu Dec 2 15:23:56 2010 +0100.py,BaseSGDRegressor,3,3,13,0.23076923076923078,0.279557837466819,True,122,123,1073,/Users/neda/Documents/workspace5/DissertationProject/util/Python/scikit-learn/base/base
a99078063,/Users/neda/Documents/workspace5/DissertationProject/util/Python/scikit-learn/base/base@a99078063@Fri Dec 3 11:25:43 2010 +0100.py,LinearModel,2,10,9,1.1111111111111112,0.2850853000954421,False,123,123,1073,/Users/neda/Documents/workspace5/DissertationProject/util/Python/scikit-learn/base/base
a99078063,/Users/neda/Documents/workspace5/DissertationProject/util/Python/scikit-learn/base/base@a99078063@Fri Dec 3 11:25:43 2010 +0100.py,LinearRegression,3,2,9,0.2222222222222222,0.2850853000954421,True,123,123,1073,/Users/neda/Documents/workspace5/DissertationProject/util/Python/scikit-learn/base/base
a99078063,/Users/neda/Documents/workspace5/DissertationProject/util/Python/scikit-learn/base/base@a99078063@Fri Dec 3 11:25:43 2010 +0100.py,BaseSGD,2,0,7,0,0.2850853000954421,True,123,123,1073,/Users/neda/Documents/workspace5/DissertationProject/util/Python/scikit-learn/base/base
a99078063,/Users/neda/Documents/workspace5/DissertationProject/util/Python/scikit-learn/base/base@a99078063@Fri Dec 3 11:25:43 2010 +0100.py,BaseSGDClassifier,3,3,13,0.23076923076923078,0.2850853000954421,True,123,123,1073,/Users/neda/Documents/workspace5/DissertationProject/util/Python/scikit-learn/base/base
a99078063,/Users/neda/Documents/workspace5/DissertationProject/util/Python/scikit-learn/base/base@a99078063@Fri Dec 3 11:25:43 2010 +0100.py,BaseSGDRegressor,3,3,13,0.23076923076923078,0.2850853000954421,True,123,123,1073,/Users/neda/Documents/workspace5/DissertationProject/util/Python/scikit-learn/base/base
cc2fbeddf,/Users/neda/Documents/workspace5/DissertationProject/util/Python/scikit-learn/gradient_boosting/gradient_boosting@3ca653af1@Sun Nov 3 23:25:24 2019 -0800.py,BaseHistGradientBoosting,2,1,11,0.09090909090909091,0.31210791063596066,True,386,389,417,/Users/neda/Documents/workspace5/DissertationProject/util/Python/scikit-learn/gradient_boosting/gradient_boosting
cc2fbeddf,/Users/neda/Documents/workspace5/DissertationProject/util/Python/scikit-learn/gradient_boosting/gradient_boosting@3ca653af1@Sun Nov 3 23:25:24 2019 -0800.py,HistGradientBoostingRegressor,2,0,1,0,0.31210791063596066,True,386,389,417,/Users/neda/Documents/workspace5/DissertationProject/util/Python/scikit-learn/gradient_boosting/gradient_boosting
cc2fbeddf,/Users/neda/Documents/workspace5/DissertationProject/util/Python/scikit-learn/gradient_boosting/gradient_boosting@97958c174@Fri Nov 15 05:02:38 2019 -0500.py,BaseHistGradientBoosting,2,1,11,0.09090909090909091,0.31212862724903645,True,387,389,417,/Users/neda/Documents/workspace5/DissertationProject/util/Python/scikit-learn/gradient_boosting/gradient_boosting
cc2fbeddf,/Users/neda/Documents/workspace5/DissertationProject/util/Python/scikit-learn/gradient_boosting/gradient_boosting@97958c174@Fri Nov 15 05:02:38 2019 -0500.py,HistGradientBoostingRegressor,2,0,1,0,0.31212862724903645,True,387,389,417,/Users/neda/Documents/workspace5/DissertationProject/util/Python/scikit-learn/gradient_boosting/gradient_boosting
cc2fbeddf,/Users/neda/Documents/workspace5/DissertationProject/util/Python/scikit-learn/gradient_boosting/gradient_boosting@1c546cd9b@Wed Nov 20 16:03:25 2019 -0500.py,BaseHistGradientBoosting,2,1,11,0.09090909090909091,0.31606234130832506,True,388,389,417,/Users/neda/Documents/workspace5/DissertationProject/util/Python/scikit-learn/gradient_boosting/gradient_boosting
cc2fbeddf,/Users/neda/Documents/workspace5/DissertationProject/util/Python/scikit-learn/gradient_boosting/gradient_boosting@1c546cd9b@Wed Nov 20 16:03:25 2019 -0500.py,HistGradientBoostingRegressor,2,0,1,0,0.31606234130832506,True,388,389,417,/Users/neda/Documents/workspace5/DissertationProject/util/Python/scikit-learn/gradient_boosting/gradient_boosting
cc2fbeddf,/Users/neda/Documents/workspace5/DissertationProject/util/Python/scikit-learn/gradient_boosting/gradient_boosting@cc2fbeddf@Tue Jan 28 23:37:43 2020 +0530.py,BaseHistGradientBoosting,2,1,11,0.09090909090909091,0.3144075849967165,True,389,389,417,/Users/neda/Documents/workspace5/DissertationProject/util/Python/scikit-learn/gradient_boosting/gradient_boosting
cc2fbeddf,/Users/neda/Documents/workspace5/DissertationProject/util/Python/scikit-learn/gradient_boosting/gradient_boosting@cc2fbeddf@Tue Jan 28 23:37:43 2020 +0530.py,HistGradientBoostingRegressor,2,0,1,0,0.3144075849967165,True,389,389,417,/Users/neda/Documents/workspace5/DissertationProject/util/Python/scikit-learn/gradient_boosting/gradient_boosting
cc2fbeddf,/Users/neda/Documents/workspace5/DissertationProject/util/Python/scikit-learn/gradient_boosting/gradient_boosting@9c2d889d1@Thu Jan 30 17:06:05 2020 +0100.py,BaseHistGradientBoosting,2,1,11,0.09090909090909091,0.31438229798918094,True,390,389,417,/Users/neda/Documents/workspace5/DissertationProject/util/Python/scikit-learn/gradient_boosting/gradient_boosting
cc2fbeddf,/Users/neda/Documents/workspace5/DissertationProject/util/Python/scikit-learn/gradient_boosting/gradient_boosting@9c2d889d1@Thu Jan 30 17:06:05 2020 +0100.py,HistGradientBoostingRegressor,2,0,1,0,0.31438229798918094,True,390,389,417,/Users/neda/Documents/workspace5/DissertationProject/util/Python/scikit-learn/gradient_boosting/gradient_boosting
12c577fef,/Users/neda/Documents/workspace5/DissertationProject/util/Python/scikit-learn/bagging/bagging@b7267f0ab@Thu Apr 7 23:34:16 2011 -0700.py,Bagged,3,1,9,0.1111111111111111,0.2651147076212754,True,0,1,86,/Users/neda/Documents/workspace5/DissertationProject/util/Python/scikit-learn/bagging/bagging
12c577fef,/Users/neda/Documents/workspace5/DissertationProject/util/Python/scikit-learn/bagging/bagging@12c577fef@Fri Apr 8 00:49:36 2011 -0700.py,Bagged,3,1,9,0.1111111111111111,0.2651147076212754,True,1,1,86,/Users/neda/Documents/workspace5/DissertationProject/util/Python/scikit-learn/bagging/bagging
12c577fef,/Users/neda/Documents/workspace5/DissertationProject/util/Python/scikit-learn/bagging/bagging@f11ee125e@Sat Apr 9 20:04:30 2011 -0700.py,Bagged,3,1,9,0.1111111111111111,0.2651147076212754,True,2,1,86,/Users/neda/Documents/workspace5/DissertationProject/util/Python/scikit-learn/bagging/bagging
42073c2cc,/Users/neda/Documents/workspace5/DissertationProject/util/Python/scikit-learn/nmf/nmf@dad5c36c5@Thu Sep 13 02:01:43 2018 -0700.py,NMF,2,0,9,0,0.3009013613027836,True,157,160,169,/Users/neda/Documents/workspace5/DissertationProject/util/Python/scikit-learn/nmf/nmf
42073c2cc,/Users/neda/Documents/workspace5/DissertationProject/util/Python/scikit-learn/nmf/nmf@bb3f93c8b@Tue Jan 29 16:12:21 2019 -0800.py,NMF,2,0,9,0,0.3125016415034616,True,158,160,169,/Users/neda/Documents/workspace5/DissertationProject/util/Python/scikit-learn/nmf/nmf
42073c2cc,/Users/neda/Documents/workspace5/DissertationProject/util/Python/scikit-learn/nmf/nmf@62d205980@Sat Feb 2 19:35:06 2019 +0530.py,NMF,2,0,9,0,0.3125016415034616,True,159,160,169,/Users/neda/Documents/workspace5/DissertationProject/util/Python/scikit-learn/nmf/nmf
42073c2cc,/Users/neda/Documents/workspace5/DissertationProject/util/Python/scikit-learn/nmf/nmf@42073c2cc@Tue Feb 12 17:44:39 2019 -0500.py,NMF,2,0,9,0,0.3092786627435015,True,160,160,169,/Users/neda/Documents/workspace5/DissertationProject/util/Python/scikit-learn/nmf/nmf
42073c2cc,/Users/neda/Documents/workspace5/DissertationProject/util/Python/scikit-learn/nmf/nmf@2fc3a85b3@Thu Jun 13 01:24:59 2019 +0200.py,NMF,2,0,10,0,0.28988944975418757,True,161,160,169,/Users/neda/Documents/workspace5/DissertationProject/util/Python/scikit-learn/nmf/nmf
9667ff292,/Users/neda/Documents/workspace5/DissertationProject/util/Python/scikit-learn/from_model/from_model@62ad5fed9@Thu Sep 8 18:47:02 2016 +1000.py,_LearntSelectorMixin,2,0,1,0,0.2682760487482851,True,19,22,34,/Users/neda/Documents/workspace5/DissertationProject/util/Python/scikit-learn/from_model/from_model
9667ff292,/Users/neda/Documents/workspace5/DissertationProject/util/Python/scikit-learn/from_model/from_model@62ad5fed9@Thu Sep 8 18:47:02 2016 +1000.py,SelectFromModel,2,0,6,0,0.2682760487482851,True,19,22,34,/Users/neda/Documents/workspace5/DissertationProject/util/Python/scikit-learn/from_model/from_model
9667ff292,/Users/neda/Documents/workspace5/DissertationProject/util/Python/scikit-learn/from_model/from_model@3a106fc79@Mon Sep 26 03:48:04 2016 +0900.py,_LearntSelectorMixin,2,0,1,0,0.26496849123933464,True,20,22,34,/Users/neda/Documents/workspace5/DissertationProject/util/Python/scikit-learn/from_model/from_model
9667ff292,/Users/neda/Documents/workspace5/DissertationProject/util/Python/scikit-learn/from_model/from_model@3a106fc79@Mon Sep 26 03:48:04 2016 +0900.py,SelectFromModel,2,0,9,0,0.26496849123933464,True,20,22,34,/Users/neda/Documents/workspace5/DissertationProject/util/Python/scikit-learn/from_model/from_model
9667ff292,/Users/neda/Documents/workspace5/DissertationProject/util/Python/scikit-learn/from_model/from_model@74a9756fa@Mon Oct 24 20:01:49 2016 +0200.py,_LearntSelectorMixin,2,0,1,0,0.26754736423163505,True,21,22,34,/Users/neda/Documents/workspace5/DissertationProject/util/Python/scikit-learn/from_model/from_model
9667ff292,/Users/neda/Documents/workspace5/DissertationProject/util/Python/scikit-learn/from_model/from_model@74a9756fa@Mon Oct 24 20:01:49 2016 +0200.py,SelectFromModel,2,0,9,0,0.26754736423163505,True,21,22,34,/Users/neda/Documents/workspace5/DissertationProject/util/Python/scikit-learn/from_model/from_model
9667ff292,/Users/neda/Documents/workspace5/DissertationProject/util/Python/scikit-learn/from_model/from_model@9667ff292@Wed Nov 9 14:34:04 2016 -0500.py,_LearntSelectorMixin,2,0,1,0,0.26647233060060277,True,22,22,34,/Users/neda/Documents/workspace5/DissertationProject/util/Python/scikit-learn/from_model/from_model
9667ff292,/Users/neda/Documents/workspace5/DissertationProject/util/Python/scikit-learn/from_model/from_model@9667ff292@Wed Nov 9 14:34:04 2016 -0500.py,SelectFromModel,2,0,9,0,0.26647233060060277,True,22,22,34,/Users/neda/Documents/workspace5/DissertationProject/util/Python/scikit-learn/from_model/from_model
9667ff292,/Users/neda/Documents/workspace5/DissertationProject/util/Python/scikit-learn/from_model/from_model@5c4b1bb23@Fri Dec 9 12:43:38 2016 -0500.py,SelectFromModel,2,0,9,0,0.27052345978188835,True,23,22,34,/Users/neda/Documents/workspace5/DissertationProject/util/Python/scikit-learn/from_model/from_model
924a4661e,/Users/neda/Documents/workspace5/DissertationProject/util/Python/scikit-learn/multiclass/multiclass@b43c79163@Sat Jun 10 18:17:17 2017 +0200.py,_ConstantPredictor,2,0,9,0,0.266177996109445,True,176,179,236,/Users/neda/Documents/workspace5/DissertationProject/util/Python/scikit-learn/multiclass/multiclass
924a4661e,/Users/neda/Documents/workspace5/DissertationProject/util/Python/scikit-learn/multiclass/multiclass@b43c79163@Sat Jun 10 18:17:17 2017 +0200.py,OneVsRestClassifier,2,0,9,0,0.266177996109445,True,176,179,236,/Users/neda/Documents/workspace5/DissertationProject/util/Python/scikit-learn/multiclass/multiclass
924a4661e,/Users/neda/Documents/workspace5/DissertationProject/util/Python/scikit-learn/multiclass/multiclass@b43c79163@Sat Jun 10 18:17:17 2017 +0200.py,OneVsOneClassifier,2,0,9,0,0.266177996109445,True,176,179,236,/Users/neda/Documents/workspace5/DissertationProject/util/Python/scikit-learn/multiclass/multiclass
924a4661e,/Users/neda/Documents/workspace5/DissertationProject/util/Python/scikit-learn/multiclass/multiclass@b43c79163@Sat Jun 10 18:17:17 2017 +0200.py,OutputCodeClassifier,2,0,9,0,0.266177996109445,True,176,179,236,/Users/neda/Documents/workspace5/DissertationProject/util/Python/scikit-learn/multiclass/multiclass
924a4661e,/Users/neda/Documents/workspace5/DissertationProject/util/Python/scikit-learn/multiclass/multiclass@0d5d842d5@Tue Jun 20 12:42:29 2017 +1000.py,_ConstantPredictor,2,0,9,0,0.26581272772816233,True,177,179,236,/Users/neda/Documents/workspace5/DissertationProject/util/Python/scikit-learn/multiclass/multiclass
924a4661e,/Users/neda/Documents/workspace5/DissertationProject/util/Python/scikit-learn/multiclass/multiclass@0d5d842d5@Tue Jun 20 12:42:29 2017 +1000.py,OneVsRestClassifier,2,0,9,0,0.26581272772816233,True,177,179,236,/Users/neda/Documents/workspace5/DissertationProject/util/Python/scikit-learn/multiclass/multiclass
924a4661e,/Users/neda/Documents/workspace5/DissertationProject/util/Python/scikit-learn/multiclass/multiclass@0d5d842d5@Tue Jun 20 12:42:29 2017 +1000.py,OneVsOneClassifier,2,0,9,0,0.26581272772816233,True,177,179,236,/Users/neda/Documents/workspace5/DissertationProject/util/Python/scikit-learn/multiclass/multiclass
924a4661e,/Users/neda/Documents/workspace5/DissertationProject/util/Python/scikit-learn/multiclass/multiclass@0d5d842d5@Tue Jun 20 12:42:29 2017 +1000.py,OutputCodeClassifier,2,0,9,0,0.26581272772816233,True,177,179,236,/Users/neda/Documents/workspace5/DissertationProject/util/Python/scikit-learn/multiclass/multiclass
924a4661e,/Users/neda/Documents/workspace5/DissertationProject/util/Python/scikit-learn/multiclass/multiclass@4d37cf586@Wed Jul 5 17:44:06 2017 +1000.py,_ConstantPredictor,2,0,9,0,0.2632918411307479,True,178,179,236,/Users/neda/Documents/workspace5/DissertationProject/util/Python/scikit-learn/multiclass/multiclass
924a4661e,/Users/neda/Documents/workspace5/DissertationProject/util/Python/scikit-learn/multiclass/multiclass@4d37cf586@Wed Jul 5 17:44:06 2017 +1000.py,OneVsRestClassifier,2,0,9,0,0.2632918411307479,True,178,179,236,/Users/neda/Documents/workspace5/DissertationProject/util/Python/scikit-learn/multiclass/multiclass
924a4661e,/Users/neda/Documents/workspace5/DissertationProject/util/Python/scikit-learn/multiclass/multiclass@4d37cf586@Wed Jul 5 17:44:06 2017 +1000.py,OneVsOneClassifier,2,0,9,0,0.2632918411307479,True,178,179,236,/Users/neda/Documents/workspace5/DissertationProject/util/Python/scikit-learn/multiclass/multiclass
924a4661e,/Users/neda/Documents/workspace5/DissertationProject/util/Python/scikit-learn/multiclass/multiclass@4d37cf586@Wed Jul 5 17:44:06 2017 +1000.py,OutputCodeClassifier,2,0,9,0,0.2632918411307479,True,178,179,236,/Users/neda/Documents/workspace5/DissertationProject/util/Python/scikit-learn/multiclass/multiclass
924a4661e,/Users/neda/Documents/workspace5/DissertationProject/util/Python/scikit-learn/multiclass/multiclass@924a4661e@Fri Jul 14 03:18:04 2017 +0530.py,_ConstantPredictor,2,0,9,0,0.2658158189197433,True,179,179,236,/Users/neda/Documents/workspace5/DissertationProject/util/Python/scikit-learn/multiclass/multiclass
924a4661e,/Users/neda/Documents/workspace5/DissertationProject/util/Python/scikit-learn/multiclass/multiclass@924a4661e@Fri Jul 14 03:18:04 2017 +0530.py,OneVsRestClassifier,2,0,9,0,0.2658158189197433,True,179,179,236,/Users/neda/Documents/workspace5/DissertationProject/util/Python/scikit-learn/multiclass/multiclass
924a4661e,/Users/neda/Documents/workspace5/DissertationProject/util/Python/scikit-learn/multiclass/multiclass@924a4661e@Fri Jul 14 03:18:04 2017 +0530.py,OneVsOneClassifier,2,0,9,0,0.2658158189197433,True,179,179,236,/Users/neda/Documents/workspace5/DissertationProject/util/Python/scikit-learn/multiclass/multiclass
924a4661e,/Users/neda/Documents/workspace5/DissertationProject/util/Python/scikit-learn/multiclass/multiclass@924a4661e@Fri Jul 14 03:18:04 2017 +0530.py,OutputCodeClassifier,2,0,9,0,0.2658158189197433,True,179,179,236,/Users/neda/Documents/workspace5/DissertationProject/util/Python/scikit-learn/multiclass/multiclass
668a24c9e,/Users/neda/Documents/workspace5/DissertationProject/util/Python/scikit-learn/bayes/bayes@140a5acda@Mon Oct 19 15:59:59 2015 +0200.py,BayesianRidge,4,4,8,0.5,0.26240577473327664,False,73,76,99,/Users/neda/Documents/workspace5/DissertationProject/util/Python/scikit-learn/bayes/bayes
668a24c9e,/Users/neda/Documents/workspace5/DissertationProject/util/Python/scikit-learn/bayes/bayes@140a5acda@Mon Oct 19 15:59:59 2015 +0200.py,ARDRegression,4,4,8,0.5,0.26240577473327664,False,73,76,99,/Users/neda/Documents/workspace5/DissertationProject/util/Python/scikit-learn/bayes/bayes
668a24c9e,/Users/neda/Documents/workspace5/DissertationProject/util/Python/scikit-learn/bayes/bayes@349eaca07@Tue Nov 24 13:26:30 2015 +0100.py,BayesianRidge,4,4,8,0.5,0.26163241343946925,False,74,76,99,/Users/neda/Documents/workspace5/DissertationProject/util/Python/scikit-learn/bayes/bayes
668a24c9e,/Users/neda/Documents/workspace5/DissertationProject/util/Python/scikit-learn/bayes/bayes@349eaca07@Tue Nov 24 13:26:30 2015 +0100.py,ARDRegression,4,4,8,0.5,0.26163241343946925,False,74,76,99,/Users/neda/Documents/workspace5/DissertationProject/util/Python/scikit-learn/bayes/bayes
668a24c9e,/Users/neda/Documents/workspace5/DissertationProject/util/Python/scikit-learn/bayes/bayes@67a85b8ed@Thu Dec 1 07:52:18 2016 -0800.py,BayesianRidge,4,6,8,0.75,0.2672860158598342,False,75,76,99,/Users/neda/Documents/workspace5/DissertationProject/util/Python/scikit-learn/bayes/bayes
668a24c9e,/Users/neda/Documents/workspace5/DissertationProject/util/Python/scikit-learn/bayes/bayes@67a85b8ed@Thu Dec 1 07:52:18 2016 -0800.py,ARDRegression,4,6,8,0.75,0.2672860158598342,False,75,76,99,/Users/neda/Documents/workspace5/DissertationProject/util/Python/scikit-learn/bayes/bayes
668a24c9e,/Users/neda/Documents/workspace5/DissertationProject/util/Python/scikit-learn/bayes/bayes@668a24c9e@Thu Mar 16 05:22:58 2017 -0400.py,BayesianRidge,4,6,7,0.8571428571428571,0.27077885219211034,False,76,76,99,/Users/neda/Documents/workspace5/DissertationProject/util/Python/scikit-learn/bayes/bayes
668a24c9e,/Users/neda/Documents/workspace5/DissertationProject/util/Python/scikit-learn/bayes/bayes@668a24c9e@Thu Mar 16 05:22:58 2017 -0400.py,ARDRegression,4,6,7,0.8571428571428571,0.27077885219211034,False,76,76,99,/Users/neda/Documents/workspace5/DissertationProject/util/Python/scikit-learn/bayes/bayes
668a24c9e,/Users/neda/Documents/workspace5/DissertationProject/util/Python/scikit-learn/bayes/bayes@d196ea3cc@Thu Mar 30 02:19:21 2017 -0700.py,BayesianRidge,4,6,7,0.8571428571428571,0.27077885219211034,False,77,76,99,/Users/neda/Documents/workspace5/DissertationProject/util/Python/scikit-learn/bayes/bayes
668a24c9e,/Users/neda/Documents/workspace5/DissertationProject/util/Python/scikit-learn/bayes/bayes@d196ea3cc@Thu Mar 30 02:19:21 2017 -0700.py,ARDRegression,4,6,7,0.8571428571428571,0.27077885219211034,False,77,76,99,/Users/neda/Documents/workspace5/DissertationProject/util/Python/scikit-learn/bayes/bayes
925a017c8,/Users/neda/Documents/workspace5/DissertationProject/util/Python/scikit-learn/hashing/hashing@2e4aafd19@Fri Mar 4 10:41:12 2016 +0100.py,FeatureHasher,2,0,6,0,0.2632857533453757,True,38,41,54,/Users/neda/Documents/workspace5/DissertationProject/util/Python/scikit-learn/hashing/hashing
925a017c8,/Users/neda/Documents/workspace5/DissertationProject/util/Python/scikit-learn/hashing/hashing@925a017c8@Thu Jun 8 13:35:01 2017 +0200.py,FeatureHasher,2,0,9,0,0.26745265615641656,True,41,41,54,/Users/neda/Documents/workspace5/DissertationProject/util/Python/scikit-learn/hashing/hashing
925a017c8,/Users/neda/Documents/workspace5/DissertationProject/util/Python/scikit-learn/hashing/hashing@763d93b72@Thu Jun 22 23:24:12 2017 +0200.py,FeatureHasher,2,0,9,0,0.26581272772816233,True,42,41,54,/Users/neda/Documents/workspace5/DissertationProject/util/Python/scikit-learn/hashing/hashing
d1f0d1917,/Users/neda/Documents/workspace5/DissertationProject/util/Python/scikit-learn/_stacking/_stacking@97a6b0854@Tue Mar 31 21:35:37 2020 +0200.py,StackingClassifier,2,0,1,0,0.31464844053041946,True,14,17,20,/Users/neda/Documents/workspace5/DissertationProject/util/Python/scikit-learn/_stacking/_stacking
d1f0d1917,/Users/neda/Documents/workspace5/DissertationProject/util/Python/scikit-learn/_stacking/_stacking@97a6b0854@Tue Mar 31 21:35:37 2020 +0200.py,StackingRegressor,2,0,1,0,0.31464844053041946,True,14,17,20,/Users/neda/Documents/workspace5/DissertationProject/util/Python/scikit-learn/_stacking/_stacking
d1f0d1917,/Users/neda/Documents/workspace5/DissertationProject/util/Python/scikit-learn/_stacking/_stacking@ee2508ce4@Wed Apr 29 18:31:58 2020 -0400.py,StackingClassifier,2,0,2,0,0.3216231470984709,True,15,17,20,/Users/neda/Documents/workspace5/DissertationProject/util/Python/scikit-learn/_stacking/_stacking
d1f0d1917,/Users/neda/Documents/workspace5/DissertationProject/util/Python/scikit-learn/_stacking/_stacking@ee2508ce4@Wed Apr 29 18:31:58 2020 -0400.py,StackingRegressor,2,0,2,0,0.3216231470984709,True,15,17,20,/Users/neda/Documents/workspace5/DissertationProject/util/Python/scikit-learn/_stacking/_stacking
d1f0d1917,/Users/neda/Documents/workspace5/DissertationProject/util/Python/scikit-learn/_stacking/_stacking@324d3b59e@Sat Jun 6 13:51:07 2020 -0700.py,StackingClassifier,2,0,2,0,0.3319480629430184,True,16,17,20,/Users/neda/Documents/workspace5/DissertationProject/util/Python/scikit-learn/_stacking/_stacking
d1f0d1917,/Users/neda/Documents/workspace5/DissertationProject/util/Python/scikit-learn/_stacking/_stacking@324d3b59e@Sat Jun 6 13:51:07 2020 -0700.py,StackingRegressor,2,0,2,0,0.3319480629430184,True,16,17,20,/Users/neda/Documents/workspace5/DissertationProject/util/Python/scikit-learn/_stacking/_stacking
d1f0d1917,/Users/neda/Documents/workspace5/DissertationProject/util/Python/scikit-learn/_stacking/_stacking@d1f0d1917@Thu Jul 9 05:31:04 2020 -0400.py,StackingClassifier,2,0,2,0,0.3324557621112378,True,17,17,20,/Users/neda/Documents/workspace5/DissertationProject/util/Python/scikit-learn/_stacking/_stacking
d1f0d1917,/Users/neda/Documents/workspace5/DissertationProject/util/Python/scikit-learn/_stacking/_stacking@d1f0d1917@Thu Jul 9 05:31:04 2020 -0400.py,StackingRegressor,2,0,2,0,0.3324557621112378,True,17,17,20,/Users/neda/Documents/workspace5/DissertationProject/util/Python/scikit-learn/_stacking/_stacking
d1f0d1917,/Users/neda/Documents/workspace5/DissertationProject/util/Python/scikit-learn/_stacking/_stacking@06d6f8a9f@Mon Sep 21 10:59:42 2020 -0400.py,StackingClassifier,2,0,2,0,0.30848441462413895,True,18,17,20,/Users/neda/Documents/workspace5/DissertationProject/util/Python/scikit-learn/_stacking/_stacking
d1f0d1917,/Users/neda/Documents/workspace5/DissertationProject/util/Python/scikit-learn/_stacking/_stacking@06d6f8a9f@Mon Sep 21 10:59:42 2020 -0400.py,StackingRegressor,2,0,2,0,0.30848441462413895,True,18,17,20,/Users/neda/Documents/workspace5/DissertationProject/util/Python/scikit-learn/_stacking/_stacking
4f3c60c82,/Users/neda/Documents/workspace5/DissertationProject/util/Python/scikit-learn/iforest/iforest@5bb983013@Wed Sep 28 14:31:29 2016 -0400.py,IsolationForest,4,7,26,0.2692307692307692,0.26496849123933464,False,24,27,62,/Users/neda/Documents/workspace5/DissertationProject/util/Python/scikit-learn/iforest/iforest
4f3c60c82,/Users/neda/Documents/workspace5/DissertationProject/util/Python/scikit-learn/iforest/iforest@c77003caf@Sun Oct 30 18:07:50 2016 -0700.py,IsolationForest,4,7,26,0.2692307692307692,0.26649911034766227,False,25,27,62,/Users/neda/Documents/workspace5/DissertationProject/util/Python/scikit-learn/iforest/iforest
4f3c60c82,/Users/neda/Documents/workspace5/DissertationProject/util/Python/scikit-learn/iforest/iforest@5c4b1bb23@Fri Dec 9 12:43:38 2016 -0500.py,IsolationForest,4,7,26,0.2692307692307692,0.27052345978188835,True,26,27,62,/Users/neda/Documents/workspace5/DissertationProject/util/Python/scikit-learn/iforest/iforest
4f3c60c82,/Users/neda/Documents/workspace5/DissertationProject/util/Python/scikit-learn/iforest/iforest@4f3c60c82@Tue Dec 27 16:53:04 2016 +0530.py,IsolationForest,4,9,26,0.34615384615384615,0.2729510262640334,False,27,27,62,/Users/neda/Documents/workspace5/DissertationProject/util/Python/scikit-learn/iforest/iforest
4f3c60c82,/Users/neda/Documents/workspace5/DissertationProject/util/Python/scikit-learn/iforest/iforest@4ab99c75b@Tue Mar 14 11:50:23 2017 -0400.py,IsolationForest,4,9,26,0.34615384615384615,0.27077885219211034,False,28,27,62,/Users/neda/Documents/workspace5/DissertationProject/util/Python/scikit-learn/iforest/iforest
b9692a6be,/Users/neda/Documents/workspace5/DissertationProject/util/Python/scikit-learn/_kernel_pca/_kernel_pca@d20563847@Sat Feb 29 09:05:11 2020 -0500.py,KernelPCA,2,1,1,1.0,0.3236761281332135,False,2,5,14,/Users/neda/Documents/workspace5/DissertationProject/util/Python/scikit-learn/_kernel_pca/_kernel_pca
b9692a6be,/Users/neda/Documents/workspace5/DissertationProject/util/Python/scikit-learn/_kernel_pca/_kernel_pca@535ef5516@Tue Mar 10 09:52:47 2020 +0000.py,KernelPCA,2,1,1,1.0,0.32232087355747546,False,3,5,14,/Users/neda/Documents/workspace5/DissertationProject/util/Python/scikit-learn/_kernel_pca/_kernel_pca
b9692a6be,/Users/neda/Documents/workspace5/DissertationProject/util/Python/scikit-learn/_kernel_pca/_kernel_pca@438bb3a43@Tue Mar 10 17:01:51 2020 -0600.py,KernelPCA,2,1,1,1.0,0.32232087355747546,False,4,5,14,/Users/neda/Documents/workspace5/DissertationProject/util/Python/scikit-learn/_kernel_pca/_kernel_pca
b9692a6be,/Users/neda/Documents/workspace5/DissertationProject/util/Python/scikit-learn/_kernel_pca/_kernel_pca@b9692a6be@Thu Mar 19 16:15:10 2020 +0100.py,KernelPCA,2,1,1,1.0,0.32232087355747546,False,5,5,14,/Users/neda/Documents/workspace5/DissertationProject/util/Python/scikit-learn/_kernel_pca/_kernel_pca
b9692a6be,/Users/neda/Documents/workspace5/DissertationProject/util/Python/scikit-learn/_kernel_pca/_kernel_pca@d6d624db5@Tue Mar 31 10:28:36 2020 +0200.py,KernelPCA,2,1,1,1.0,0.31464844053041946,False,6,5,14,/Users/neda/Documents/workspace5/DissertationProject/util/Python/scikit-learn/_kernel_pca/_kernel_pca
576775d6d,/Users/neda/Documents/workspace5/DissertationProject/util/Python/scikit-learn/_mds/_mds@5b3a13c3a@Thu Jun 25 10:53:46 2020 +0200.py,MDS,2,1,17,0.058823529411764705,0.3328500575406652,True,4,7,10,/Users/neda/Documents/workspace5/DissertationProject/util/Python/scikit-learn/_mds/_mds
576775d6d,/Users/neda/Documents/workspace5/DissertationProject/util/Python/scikit-learn/_mds/_mds@973ec69d5@Sun Aug 2 21:57:23 2020 +0200.py,MDS,2,1,17,0.058823529411764705,0.3103521049791087,True,5,7,10,/Users/neda/Documents/workspace5/DissertationProject/util/Python/scikit-learn/_mds/_mds
576775d6d,/Users/neda/Documents/workspace5/DissertationProject/util/Python/scikit-learn/_mds/_mds@8ff1a9380@Sun Aug 23 09:29:04 2020 +0200.py,MDS,2,1,17,0.058823529411764705,0.3091566948456477,True,6,7,10,/Users/neda/Documents/workspace5/DissertationProject/util/Python/scikit-learn/_mds/_mds
576775d6d,/Users/neda/Documents/workspace5/DissertationProject/util/Python/scikit-learn/_mds/_mds@576775d6d@Fri Aug 28 06:26:08 2020 -0400.py,MDS,2,1,17,0.058823529411764705,0.31465120034015315,True,7,7,10,/Users/neda/Documents/workspace5/DissertationProject/util/Python/scikit-learn/_mds/_mds
576775d6d,/Users/neda/Documents/workspace5/DissertationProject/util/Python/scikit-learn/_mds/_mds@06d6f8a9f@Mon Sep 21 10:59:42 2020 -0400.py,MDS,2,1,17,0.058823529411764705,0.30848441462413895,True,8,7,10,/Users/neda/Documents/workspace5/DissertationProject/util/Python/scikit-learn/_mds/_mds
90607f166,/Users/neda/Documents/workspace5/DissertationProject/util/Python/scikit-learn/nearest_centroid/nearest_centroid@ca4c727e2@Fri Feb 26 10:16:28 2016 +0800.py,NearestCentroid,2,0,6,0,0.26240577473327664,True,39,42,51,/Users/neda/Documents/workspace5/DissertationProject/util/Python/scikit-learn/nearest_centroid/nearest_centroid
90607f166,/Users/neda/Documents/workspace5/DissertationProject/util/Python/scikit-learn/nearest_centroid/nearest_centroid@9551ec85e@Wed Oct 5 23:01:12 2016 -0400.py,NearestCentroid,2,0,9,0,0.26496849123933464,True,40,42,51,/Users/neda/Documents/workspace5/DissertationProject/util/Python/scikit-learn/nearest_centroid/nearest_centroid
90607f166,/Users/neda/Documents/workspace5/DissertationProject/util/Python/scikit-learn/nearest_centroid/nearest_centroid@4397e7ec6@Thu May 18 23:22:10 2017 -0400.py,NearestCentroid,2,0,9,0,0.27163713948227797,True,41,42,51,/Users/neda/Documents/workspace5/DissertationProject/util/Python/scikit-learn/nearest_centroid/nearest_centroid
90607f166,/Users/neda/Documents/workspace5/DissertationProject/util/Python/scikit-learn/nearest_centroid/nearest_centroid@90607f166@Wed Jul 26 02:45:21 2017 +0800.py,NearestCentroid,2,0,9,0,0.2647607639549843,True,42,42,51,/Users/neda/Documents/workspace5/DissertationProject/util/Python/scikit-learn/nearest_centroid/nearest_centroid
90607f166,/Users/neda/Documents/workspace5/DissertationProject/util/Python/scikit-learn/nearest_centroid/nearest_centroid@45dc891c9@Tue Sep 26 18:13:15 2017 +0200.py,NearestCentroid,2,0,9,0,0.2695111857890112,True,43,42,51,/Users/neda/Documents/workspace5/DissertationProject/util/Python/scikit-learn/nearest_centroid/nearest_centroid
3a48f0ab7,/Users/neda/Documents/workspace5/DissertationProject/util/Python/scikit-learn/multiclass/multiclass@0d5d842d5@Tue Jun 20 12:42:29 2017 +1000.py,_ConstantPredictor,2,0,9,0,0.26581272772816233,True,177,180,236,/Users/neda/Documents/workspace5/DissertationProject/util/Python/scikit-learn/multiclass/multiclass
3a48f0ab7,/Users/neda/Documents/workspace5/DissertationProject/util/Python/scikit-learn/multiclass/multiclass@0d5d842d5@Tue Jun 20 12:42:29 2017 +1000.py,OneVsRestClassifier,2,0,9,0,0.26581272772816233,True,177,180,236,/Users/neda/Documents/workspace5/DissertationProject/util/Python/scikit-learn/multiclass/multiclass
3a48f0ab7,/Users/neda/Documents/workspace5/DissertationProject/util/Python/scikit-learn/multiclass/multiclass@0d5d842d5@Tue Jun 20 12:42:29 2017 +1000.py,OneVsOneClassifier,2,0,9,0,0.26581272772816233,True,177,180,236,/Users/neda/Documents/workspace5/DissertationProject/util/Python/scikit-learn/multiclass/multiclass
3a48f0ab7,/Users/neda/Documents/workspace5/DissertationProject/util/Python/scikit-learn/multiclass/multiclass@0d5d842d5@Tue Jun 20 12:42:29 2017 +1000.py,OutputCodeClassifier,2,0,9,0,0.26581272772816233,True,177,180,236,/Users/neda/Documents/workspace5/DissertationProject/util/Python/scikit-learn/multiclass/multiclass
3a48f0ab7,/Users/neda/Documents/workspace5/DissertationProject/util/Python/scikit-learn/multiclass/multiclass@4d37cf586@Wed Jul 5 17:44:06 2017 +1000.py,_ConstantPredictor,2,0,9,0,0.2632918411307479,True,178,180,236,/Users/neda/Documents/workspace5/DissertationProject/util/Python/scikit-learn/multiclass/multiclass
3a48f0ab7,/Users/neda/Documents/workspace5/DissertationProject/util/Python/scikit-learn/multiclass/multiclass@4d37cf586@Wed Jul 5 17:44:06 2017 +1000.py,OneVsRestClassifier,2,0,9,0,0.2632918411307479,True,178,180,236,/Users/neda/Documents/workspace5/DissertationProject/util/Python/scikit-learn/multiclass/multiclass
3a48f0ab7,/Users/neda/Documents/workspace5/DissertationProject/util/Python/scikit-learn/multiclass/multiclass@4d37cf586@Wed Jul 5 17:44:06 2017 +1000.py,OneVsOneClassifier,2,0,9,0,0.2632918411307479,True,178,180,236,/Users/neda/Documents/workspace5/DissertationProject/util/Python/scikit-learn/multiclass/multiclass
3a48f0ab7,/Users/neda/Documents/workspace5/DissertationProject/util/Python/scikit-learn/multiclass/multiclass@4d37cf586@Wed Jul 5 17:44:06 2017 +1000.py,OutputCodeClassifier,2,0,9,0,0.2632918411307479,True,178,180,236,/Users/neda/Documents/workspace5/DissertationProject/util/Python/scikit-learn/multiclass/multiclass
3a48f0ab7,/Users/neda/Documents/workspace5/DissertationProject/util/Python/scikit-learn/multiclass/multiclass@924a4661e@Fri Jul 14 03:18:04 2017 +0530.py,_ConstantPredictor,2,0,9,0,0.2658158189197433,True,179,180,236,/Users/neda/Documents/workspace5/DissertationProject/util/Python/scikit-learn/multiclass/multiclass
3a48f0ab7,/Users/neda/Documents/workspace5/DissertationProject/util/Python/scikit-learn/multiclass/multiclass@924a4661e@Fri Jul 14 03:18:04 2017 +0530.py,OneVsRestClassifier,2,0,9,0,0.2658158189197433,True,179,180,236,/Users/neda/Documents/workspace5/DissertationProject/util/Python/scikit-learn/multiclass/multiclass
3a48f0ab7,/Users/neda/Documents/workspace5/DissertationProject/util/Python/scikit-learn/multiclass/multiclass@924a4661e@Fri Jul 14 03:18:04 2017 +0530.py,OneVsOneClassifier,2,0,9,0,0.2658158189197433,True,179,180,236,/Users/neda/Documents/workspace5/DissertationProject/util/Python/scikit-learn/multiclass/multiclass
3a48f0ab7,/Users/neda/Documents/workspace5/DissertationProject/util/Python/scikit-learn/multiclass/multiclass@924a4661e@Fri Jul 14 03:18:04 2017 +0530.py,OutputCodeClassifier,2,0,9,0,0.2658158189197433,True,179,180,236,/Users/neda/Documents/workspace5/DissertationProject/util/Python/scikit-learn/multiclass/multiclass
0cffdfa61,/Users/neda/Documents/workspace5/DissertationProject/util/Python/scikit-learn/gmm/gmm@0625e0384@Thu Apr 14 16:30:47 2016 +0200.py,_GMMBase,2,0,6,0,0.26764653124516086,True,184,187,199,/Users/neda/Documents/workspace5/DissertationProject/util/Python/scikit-learn/gmm/gmm
0cffdfa61,/Users/neda/Documents/workspace5/DissertationProject/util/Python/scikit-learn/gmm/gmm@0625e0384@Thu Apr 14 16:30:47 2016 +0200.py,GMM,3,1,32,0.03125,0.26764653124516086,True,184,187,199,/Users/neda/Documents/workspace5/DissertationProject/util/Python/scikit-learn/gmm/gmm
0cffdfa61,/Users/neda/Documents/workspace5/DissertationProject/util/Python/scikit-learn/gmm/gmm@89e073515@Sun Jul 17 15:11:49 2016 -0500.py,_GMMBase,2,0,6,0,0.26651576384240794,True,185,187,199,/Users/neda/Documents/workspace5/DissertationProject/util/Python/scikit-learn/gmm/gmm
0cffdfa61,/Users/neda/Documents/workspace5/DissertationProject/util/Python/scikit-learn/gmm/gmm@89e073515@Sun Jul 17 15:11:49 2016 -0500.py,GMM,3,1,32,0.03125,0.26651576384240794,True,185,187,199,/Users/neda/Documents/workspace5/DissertationProject/util/Python/scikit-learn/gmm/gmm
0cffdfa61,/Users/neda/Documents/workspace5/DissertationProject/util/Python/scikit-learn/gmm/gmm@e4b837cc6@Fri Jul 29 19:29:26 2016 -0500.py,_GMMBase,2,0,6,0,0.2664840266265552,True,186,187,199,/Users/neda/Documents/workspace5/DissertationProject/util/Python/scikit-learn/gmm/gmm
0cffdfa61,/Users/neda/Documents/workspace5/DissertationProject/util/Python/scikit-learn/gmm/gmm@e4b837cc6@Fri Jul 29 19:29:26 2016 -0500.py,GMM,3,1,32,0.03125,0.2664840266265552,True,186,187,199,/Users/neda/Documents/workspace5/DissertationProject/util/Python/scikit-learn/gmm/gmm
0cffdfa61,/Users/neda/Documents/workspace5/DissertationProject/util/Python/scikit-learn/gmm/gmm@0cffdfa61@Fri Aug 12 11:04:55 2016 +0300.py,_GMMBase,2,0,6,0,0.26566437257087155,True,187,187,199,/Users/neda/Documents/workspace5/DissertationProject/util/Python/scikit-learn/gmm/gmm
0cffdfa61,/Users/neda/Documents/workspace5/DissertationProject/util/Python/scikit-learn/gmm/gmm@0cffdfa61@Fri Aug 12 11:04:55 2016 +0300.py,GMM,3,1,32,0.03125,0.26566437257087155,True,187,187,199,/Users/neda/Documents/workspace5/DissertationProject/util/Python/scikit-learn/gmm/gmm
0cffdfa61,/Users/neda/Documents/workspace5/DissertationProject/util/Python/scikit-learn/gmm/gmm@a86fd7f5e@Sat Sep 10 15:41:52 2016 +0200.py,_GMMBase,2,0,9,0,0.265688561511675,True,188,187,199,/Users/neda/Documents/workspace5/DissertationProject/util/Python/scikit-learn/gmm/gmm
0cffdfa61,/Users/neda/Documents/workspace5/DissertationProject/util/Python/scikit-learn/gmm/gmm@a86fd7f5e@Sat Sep 10 15:41:52 2016 +0200.py,GMM,3,1,32,0.03125,0.265688561511675,True,188,187,199,/Users/neda/Documents/workspace5/DissertationProject/util/Python/scikit-learn/gmm/gmm
b429868d0,/Users/neda/Documents/workspace5/DissertationProject/util/Python/scikit-learn/robust_covariance/robust_covariance@f0121b7ba@Wed Sep 9 11:49:16 2015 -0400.py,MinCovDet,3,7,12,0.5833333333333334,0.27924254134289106,False,62,65,81,/Users/neda/Documents/workspace5/DissertationProject/util/Python/scikit-learn/robust_covariance/robust_covariance
b429868d0,/Users/neda/Documents/workspace5/DissertationProject/util/Python/scikit-learn/robust_covariance/robust_covariance@e3c9ae204@Thu Apr 6 02:43:21 2017 +0200.py,MinCovDet,3,7,12,0.5833333333333334,0.27118332159224584,False,63,65,81,/Users/neda/Documents/workspace5/DissertationProject/util/Python/scikit-learn/robust_covariance/robust_covariance
b429868d0,/Users/neda/Documents/workspace5/DissertationProject/util/Python/scikit-learn/robust_covariance/robust_covariance@bd0fc236e@Fri Jun 2 14:36:33 2017 -0700.py,MinCovDet,3,7,12,0.5833333333333334,0.2620075426917542,False,64,65,81,/Users/neda/Documents/workspace5/DissertationProject/util/Python/scikit-learn/robust_covariance/robust_covariance
b429868d0,/Users/neda/Documents/workspace5/DissertationProject/util/Python/scikit-learn/robust_covariance/robust_covariance@b429868d0@Thu Jun 8 03:51:48 2017 -0600.py,MinCovDet,3,7,12,0.5833333333333334,0.26745265615641656,False,65,65,81,/Users/neda/Documents/workspace5/DissertationProject/util/Python/scikit-learn/robust_covariance/robust_covariance
b429868d0,/Users/neda/Documents/workspace5/DissertationProject/util/Python/scikit-learn/robust_covariance/robust_covariance@e01ce02c0@Thu Jun 8 11:53:25 2017 +0200.py,MinCovDet,3,7,12,0.5833333333333334,0.26745265615641656,False,66,65,81,/Users/neda/Documents/workspace5/DissertationProject/util/Python/scikit-learn/robust_covariance/robust_covariance
c52b6e128,/Users/neda/Documents/workspace5/DissertationProject/util/Python/scikit-learn/spectral_embedding_/spectral_embedding_@612a04e4e@Sun May 5 08:05:58 2019 -0600.py,SpectralEmbedding,2,0,10,0,0.2864926810934242,True,54,57,60,/Users/neda/Documents/workspace5/DissertationProject/util/Python/scikit-learn/spectral_embedding_/spectral_embedding_
c52b6e128,/Users/neda/Documents/workspace5/DissertationProject/util/Python/scikit-learn/spectral_embedding_/spectral_embedding_@b8ab21496@Wed Jun 26 17:23:17 2019 +0200.py,SpectralEmbedding,2,0,10,0,0.29017186107301707,True,55,57,60,/Users/neda/Documents/workspace5/DissertationProject/util/Python/scikit-learn/spectral_embedding_/spectral_embedding_
c52b6e128,/Users/neda/Documents/workspace5/DissertationProject/util/Python/scikit-learn/spectral_embedding_/spectral_embedding_@f5057f692@Thu Jul 25 11:27:35 2019 -0400.py,SpectralEmbedding,2,0,10,0,0.29111362194763585,True,56,57,60,/Users/neda/Documents/workspace5/DissertationProject/util/Python/scikit-learn/spectral_embedding_/spectral_embedding_
c52b6e128,/Users/neda/Documents/workspace5/DissertationProject/util/Python/scikit-learn/spectral_embedding_/spectral_embedding_@c52b6e128@Thu Aug 29 05:09:10 2019 -0400.py,SpectralEmbedding,2,0,10,0,0.29087388353793464,True,57,57,60,/Users/neda/Documents/workspace5/DissertationProject/util/Python/scikit-learn/spectral_embedding_/spectral_embedding_
c52b6e128,/Users/neda/Documents/workspace5/DissertationProject/util/Python/scikit-learn/spectral_embedding_/spectral_embedding_@372092cfa@Thu Aug 29 08:16:37 2019 -0400.py,SpectralEmbedding,2,0,10,0,0.29087388353793464,True,58,57,60,/Users/neda/Documents/workspace5/DissertationProject/util/Python/scikit-learn/spectral_embedding_/spectral_embedding_
19d6d925e,/Users/neda/Documents/workspace5/DissertationProject/util/Python/scikit-learn/data/data@055bc4c00@Wed Jun 22 02:10:41 2016 -0600.py,MinMaxScaler,2,0,6,0,0.26737329653654623,True,111,114,202,/Users/neda/Documents/workspace5/DissertationProject/util/Python/scikit-learn/data/data
19d6d925e,/Users/neda/Documents/workspace5/DissertationProject/util/Python/scikit-learn/data/data@055bc4c00@Wed Jun 22 02:10:41 2016 -0600.py,StandardScaler,2,0,6,0,0.26737329653654623,True,111,114,202,/Users/neda/Documents/workspace5/DissertationProject/util/Python/scikit-learn/data/data
19d6d925e,/Users/neda/Documents/workspace5/DissertationProject/util/Python/scikit-learn/data/data@055bc4c00@Wed Jun 22 02:10:41 2016 -0600.py,MaxAbsScaler,2,0,6,0,0.26737329653654623,True,111,114,202,/Users/neda/Documents/workspace5/DissertationProject/util/Python/scikit-learn/data/data
19d6d925e,/Users/neda/Documents/workspace5/DissertationProject/util/Python/scikit-learn/data/data@055bc4c00@Wed Jun 22 02:10:41 2016 -0600.py,RobustScaler,2,0,6,0,0.26737329653654623,True,111,114,202,/Users/neda/Documents/workspace5/DissertationProject/util/Python/scikit-learn/data/data
19d6d925e,/Users/neda/Documents/workspace5/DissertationProject/util/Python/scikit-learn/data/data@055bc4c00@Wed Jun 22 02:10:41 2016 -0600.py,PolynomialFeatures,2,0,6,0,0.26737329653654623,True,111,114,202,/Users/neda/Documents/workspace5/DissertationProject/util/Python/scikit-learn/data/data
19d6d925e,/Users/neda/Documents/workspace5/DissertationProject/util/Python/scikit-learn/data/data@055bc4c00@Wed Jun 22 02:10:41 2016 -0600.py,Normalizer,2,0,6,0,0.26737329653654623,True,111,114,202,/Users/neda/Documents/workspace5/DissertationProject/util/Python/scikit-learn/data/data
19d6d925e,/Users/neda/Documents/workspace5/DissertationProject/util/Python/scikit-learn/data/data@055bc4c00@Wed Jun 22 02:10:41 2016 -0600.py,Binarizer,2,0,6,0,0.26737329653654623,True,111,114,202,/Users/neda/Documents/workspace5/DissertationProject/util/Python/scikit-learn/data/data
19d6d925e,/Users/neda/Documents/workspace5/DissertationProject/util/Python/scikit-learn/data/data@055bc4c00@Wed Jun 22 02:10:41 2016 -0600.py,KernelCenterer,2,0,6,0,0.26737329653654623,True,111,114,202,/Users/neda/Documents/workspace5/DissertationProject/util/Python/scikit-learn/data/data
19d6d925e,/Users/neda/Documents/workspace5/DissertationProject/util/Python/scikit-learn/data/data@055bc4c00@Wed Jun 22 02:10:41 2016 -0600.py,OneHotEncoder,2,0,6,0,0.26737329653654623,True,111,114,202,/Users/neda/Documents/workspace5/DissertationProject/util/Python/scikit-learn/data/data
19d6d925e,/Users/neda/Documents/workspace5/DissertationProject/util/Python/scikit-learn/data/data@f89356577@Sat Aug 13 11:32:16 2016 +0300.py,MinMaxScaler,2,0,6,0,0.26566437257087155,True,112,114,202,/Users/neda/Documents/workspace5/DissertationProject/util/Python/scikit-learn/data/data
19d6d925e,/Users/neda/Documents/workspace5/DissertationProject/util/Python/scikit-learn/data/data@f89356577@Sat Aug 13 11:32:16 2016 +0300.py,StandardScaler,2,0,6,0,0.26566437257087155,True,112,114,202,/Users/neda/Documents/workspace5/DissertationProject/util/Python/scikit-learn/data/data
19d6d925e,/Users/neda/Documents/workspace5/DissertationProject/util/Python/scikit-learn/data/data@f89356577@Sat Aug 13 11:32:16 2016 +0300.py,MaxAbsScaler,2,0,6,0,0.26566437257087155,True,112,114,202,/Users/neda/Documents/workspace5/DissertationProject/util/Python/scikit-learn/data/data
19d6d925e,/Users/neda/Documents/workspace5/DissertationProject/util/Python/scikit-learn/data/data@f89356577@Sat Aug 13 11:32:16 2016 +0300.py,RobustScaler,2,0,6,0,0.26566437257087155,True,112,114,202,/Users/neda/Documents/workspace5/DissertationProject/util/Python/scikit-learn/data/data
19d6d925e,/Users/neda/Documents/workspace5/DissertationProject/util/Python/scikit-learn/data/data@f89356577@Sat Aug 13 11:32:16 2016 +0300.py,PolynomialFeatures,2,0,6,0,0.26566437257087155,True,112,114,202,/Users/neda/Documents/workspace5/DissertationProject/util/Python/scikit-learn/data/data
19d6d925e,/Users/neda/Documents/workspace5/DissertationProject/util/Python/scikit-learn/data/data@f89356577@Sat Aug 13 11:32:16 2016 +0300.py,Normalizer,2,0,6,0,0.26566437257087155,True,112,114,202,/Users/neda/Documents/workspace5/DissertationProject/util/Python/scikit-learn/data/data
19d6d925e,/Users/neda/Documents/workspace5/DissertationProject/util/Python/scikit-learn/data/data@f89356577@Sat Aug 13 11:32:16 2016 +0300.py,Binarizer,2,0,6,0,0.26566437257087155,True,112,114,202,/Users/neda/Documents/workspace5/DissertationProject/util/Python/scikit-learn/data/data
19d6d925e,/Users/neda/Documents/workspace5/DissertationProject/util/Python/scikit-learn/data/data@f89356577@Sat Aug 13 11:32:16 2016 +0300.py,KernelCenterer,2,0,6,0,0.26566437257087155,True,112,114,202,/Users/neda/Documents/workspace5/DissertationProject/util/Python/scikit-learn/data/data
19d6d925e,/Users/neda/Documents/workspace5/DissertationProject/util/Python/scikit-learn/data/data@f89356577@Sat Aug 13 11:32:16 2016 +0300.py,OneHotEncoder,2,0,6,0,0.26566437257087155,True,112,114,202,/Users/neda/Documents/workspace5/DissertationProject/util/Python/scikit-learn/data/data
19d6d925e,/Users/neda/Documents/workspace5/DissertationProject/util/Python/scikit-learn/data/data@02806e978@Sat Aug 13 10:58:49 2016 +0200.py,MinMaxScaler,2,0,6,0,0.26566437257087155,True,113,114,202,/Users/neda/Documents/workspace5/DissertationProject/util/Python/scikit-learn/data/data
19d6d925e,/Users/neda/Documents/workspace5/DissertationProject/util/Python/scikit-learn/data/data@02806e978@Sat Aug 13 10:58:49 2016 +0200.py,StandardScaler,2,0,6,0,0.26566437257087155,True,113,114,202,/Users/neda/Documents/workspace5/DissertationProject/util/Python/scikit-learn/data/data
19d6d925e,/Users/neda/Documents/workspace5/DissertationProject/util/Python/scikit-learn/data/data@02806e978@Sat Aug 13 10:58:49 2016 +0200.py,MaxAbsScaler,2,0,6,0,0.26566437257087155,True,113,114,202,/Users/neda/Documents/workspace5/DissertationProject/util/Python/scikit-learn/data/data
19d6d925e,/Users/neda/Documents/workspace5/DissertationProject/util/Python/scikit-learn/data/data@02806e978@Sat Aug 13 10:58:49 2016 +0200.py,RobustScaler,2,0,6,0,0.26566437257087155,True,113,114,202,/Users/neda/Documents/workspace5/DissertationProject/util/Python/scikit-learn/data/data
19d6d925e,/Users/neda/Documents/workspace5/DissertationProject/util/Python/scikit-learn/data/data@02806e978@Sat Aug 13 10:58:49 2016 +0200.py,PolynomialFeatures,2,0,6,0,0.26566437257087155,True,113,114,202,/Users/neda/Documents/workspace5/DissertationProject/util/Python/scikit-learn/data/data
19d6d925e,/Users/neda/Documents/workspace5/DissertationProject/util/Python/scikit-learn/data/data@02806e978@Sat Aug 13 10:58:49 2016 +0200.py,Normalizer,2,0,6,0,0.26566437257087155,True,113,114,202,/Users/neda/Documents/workspace5/DissertationProject/util/Python/scikit-learn/data/data
19d6d925e,/Users/neda/Documents/workspace5/DissertationProject/util/Python/scikit-learn/data/data@02806e978@Sat Aug 13 10:58:49 2016 +0200.py,Binarizer,2,0,6,0,0.26566437257087155,True,113,114,202,/Users/neda/Documents/workspace5/DissertationProject/util/Python/scikit-learn/data/data
19d6d925e,/Users/neda/Documents/workspace5/DissertationProject/util/Python/scikit-learn/data/data@02806e978@Sat Aug 13 10:58:49 2016 +0200.py,KernelCenterer,2,0,6,0,0.26566437257087155,True,113,114,202,/Users/neda/Documents/workspace5/DissertationProject/util/Python/scikit-learn/data/data
19d6d925e,/Users/neda/Documents/workspace5/DissertationProject/util/Python/scikit-learn/data/data@02806e978@Sat Aug 13 10:58:49 2016 +0200.py,OneHotEncoder,2,0,6,0,0.26566437257087155,True,113,114,202,/Users/neda/Documents/workspace5/DissertationProject/util/Python/scikit-learn/data/data
19d6d925e,/Users/neda/Documents/workspace5/DissertationProject/util/Python/scikit-learn/data/data@19d6d925e@Thu Aug 18 06:47:00 2016 -0300.py,MinMaxScaler,2,0,6,0,0.26732762694760737,True,114,114,202,/Users/neda/Documents/workspace5/DissertationProject/util/Python/scikit-learn/data/data
19d6d925e,/Users/neda/Documents/workspace5/DissertationProject/util/Python/scikit-learn/data/data@19d6d925e@Thu Aug 18 06:47:00 2016 -0300.py,StandardScaler,2,0,6,0,0.26732762694760737,True,114,114,202,/Users/neda/Documents/workspace5/DissertationProject/util/Python/scikit-learn/data/data
19d6d925e,/Users/neda/Documents/workspace5/DissertationProject/util/Python/scikit-learn/data/data@19d6d925e@Thu Aug 18 06:47:00 2016 -0300.py,MaxAbsScaler,2,0,6,0,0.26732762694760737,True,114,114,202,/Users/neda/Documents/workspace5/DissertationProject/util/Python/scikit-learn/data/data
19d6d925e,/Users/neda/Documents/workspace5/DissertationProject/util/Python/scikit-learn/data/data@19d6d925e@Thu Aug 18 06:47:00 2016 -0300.py,RobustScaler,2,0,6,0,0.26732762694760737,True,114,114,202,/Users/neda/Documents/workspace5/DissertationProject/util/Python/scikit-learn/data/data
19d6d925e,/Users/neda/Documents/workspace5/DissertationProject/util/Python/scikit-learn/data/data@19d6d925e@Thu Aug 18 06:47:00 2016 -0300.py,PolynomialFeatures,2,0,6,0,0.26732762694760737,True,114,114,202,/Users/neda/Documents/workspace5/DissertationProject/util/Python/scikit-learn/data/data
19d6d925e,/Users/neda/Documents/workspace5/DissertationProject/util/Python/scikit-learn/data/data@19d6d925e@Thu Aug 18 06:47:00 2016 -0300.py,Normalizer,2,0,6,0,0.26732762694760737,True,114,114,202,/Users/neda/Documents/workspace5/DissertationProject/util/Python/scikit-learn/data/data
19d6d925e,/Users/neda/Documents/workspace5/DissertationProject/util/Python/scikit-learn/data/data@19d6d925e@Thu Aug 18 06:47:00 2016 -0300.py,Binarizer,2,0,6,0,0.26732762694760737,True,114,114,202,/Users/neda/Documents/workspace5/DissertationProject/util/Python/scikit-learn/data/data
19d6d925e,/Users/neda/Documents/workspace5/DissertationProject/util/Python/scikit-learn/data/data@19d6d925e@Thu Aug 18 06:47:00 2016 -0300.py,KernelCenterer,2,0,6,0,0.26732762694760737,True,114,114,202,/Users/neda/Documents/workspace5/DissertationProject/util/Python/scikit-learn/data/data
19d6d925e,/Users/neda/Documents/workspace5/DissertationProject/util/Python/scikit-learn/data/data@19d6d925e@Thu Aug 18 06:47:00 2016 -0300.py,OneHotEncoder,2,0,6,0,0.26732762694760737,True,114,114,202,/Users/neda/Documents/workspace5/DissertationProject/util/Python/scikit-learn/data/data
19d6d925e,/Users/neda/Documents/workspace5/DissertationProject/util/Python/scikit-learn/data/data@6972d6c15@Wed Sep 7 20:07:40 2016 -0400.py,MinMaxScaler,2,0,6,0,0.2682760487482851,True,115,114,202,/Users/neda/Documents/workspace5/DissertationProject/util/Python/scikit-learn/data/data
19d6d925e,/Users/neda/Documents/workspace5/DissertationProject/util/Python/scikit-learn/data/data@6972d6c15@Wed Sep 7 20:07:40 2016 -0400.py,StandardScaler,2,0,6,0,0.2682760487482851,True,115,114,202,/Users/neda/Documents/workspace5/DissertationProject/util/Python/scikit-learn/data/data
19d6d925e,/Users/neda/Documents/workspace5/DissertationProject/util/Python/scikit-learn/data/data@6972d6c15@Wed Sep 7 20:07:40 2016 -0400.py,MaxAbsScaler,2,0,6,0,0.2682760487482851,True,115,114,202,/Users/neda/Documents/workspace5/DissertationProject/util/Python/scikit-learn/data/data
19d6d925e,/Users/neda/Documents/workspace5/DissertationProject/util/Python/scikit-learn/data/data@6972d6c15@Wed Sep 7 20:07:40 2016 -0400.py,RobustScaler,2,0,6,0,0.2682760487482851,True,115,114,202,/Users/neda/Documents/workspace5/DissertationProject/util/Python/scikit-learn/data/data
19d6d925e,/Users/neda/Documents/workspace5/DissertationProject/util/Python/scikit-learn/data/data@6972d6c15@Wed Sep 7 20:07:40 2016 -0400.py,PolynomialFeatures,2,0,6,0,0.2682760487482851,True,115,114,202,/Users/neda/Documents/workspace5/DissertationProject/util/Python/scikit-learn/data/data
19d6d925e,/Users/neda/Documents/workspace5/DissertationProject/util/Python/scikit-learn/data/data@6972d6c15@Wed Sep 7 20:07:40 2016 -0400.py,Normalizer,2,0,6,0,0.2682760487482851,True,115,114,202,/Users/neda/Documents/workspace5/DissertationProject/util/Python/scikit-learn/data/data
19d6d925e,/Users/neda/Documents/workspace5/DissertationProject/util/Python/scikit-learn/data/data@6972d6c15@Wed Sep 7 20:07:40 2016 -0400.py,Binarizer,2,0,6,0,0.2682760487482851,True,115,114,202,/Users/neda/Documents/workspace5/DissertationProject/util/Python/scikit-learn/data/data
19d6d925e,/Users/neda/Documents/workspace5/DissertationProject/util/Python/scikit-learn/data/data@6972d6c15@Wed Sep 7 20:07:40 2016 -0400.py,KernelCenterer,2,0,6,0,0.2682760487482851,True,115,114,202,/Users/neda/Documents/workspace5/DissertationProject/util/Python/scikit-learn/data/data
19d6d925e,/Users/neda/Documents/workspace5/DissertationProject/util/Python/scikit-learn/data/data@6972d6c15@Wed Sep 7 20:07:40 2016 -0400.py,OneHotEncoder,2,0,6,0,0.2682760487482851,True,115,114,202,/Users/neda/Documents/workspace5/DissertationProject/util/Python/scikit-learn/data/data
a99078063,/Users/neda/Documents/workspace5/DissertationProject/util/Python/scikit-learn/stochastic_gradient/stochastic_gradient@9df6c7f6d@Thu Dec 2 11:14:02 2010 +0100.py,SGDClassifier,4,4,10,0.4,0.2850853000954421,False,0,1,312,/Users/neda/Documents/workspace5/DissertationProject/util/Python/scikit-learn/stochastic_gradient/stochastic_gradient
a99078063,/Users/neda/Documents/workspace5/DissertationProject/util/Python/scikit-learn/stochastic_gradient/stochastic_gradient@9df6c7f6d@Thu Dec 2 11:14:02 2010 +0100.py,SGDRegressor,4,2,7,0.2857142857142857,0.2850853000954421,False,0,1,312,/Users/neda/Documents/workspace5/DissertationProject/util/Python/scikit-learn/stochastic_gradient/stochastic_gradient
a99078063,/Users/neda/Documents/workspace5/DissertationProject/util/Python/scikit-learn/stochastic_gradient/stochastic_gradient@a99078063@Fri Dec 3 11:25:43 2010 +0100.py,SGDClassifier,4,4,10,0.4,0.2850853000954421,False,1,1,312,/Users/neda/Documents/workspace5/DissertationProject/util/Python/scikit-learn/stochastic_gradient/stochastic_gradient
a99078063,/Users/neda/Documents/workspace5/DissertationProject/util/Python/scikit-learn/stochastic_gradient/stochastic_gradient@a99078063@Fri Dec 3 11:25:43 2010 +0100.py,SGDRegressor,4,2,7,0.2857142857142857,0.2850853000954421,False,1,1,312,/Users/neda/Documents/workspace5/DissertationProject/util/Python/scikit-learn/stochastic_gradient/stochastic_gradient
a99078063,/Users/neda/Documents/workspace5/DissertationProject/util/Python/scikit-learn/stochastic_gradient/stochastic_gradient@19bca16d5@Fri Dec 17 15:05:04 2010 +0100.py,SGDClassifier,4,4,10,0.4,0.2923320535984032,False,2,1,312,/Users/neda/Documents/workspace5/DissertationProject/util/Python/scikit-learn/stochastic_gradient/stochastic_gradient
a99078063,/Users/neda/Documents/workspace5/DissertationProject/util/Python/scikit-learn/stochastic_gradient/stochastic_gradient@19bca16d5@Fri Dec 17 15:05:04 2010 +0100.py,SGDRegressor,4,2,7,0.2857142857142857,0.2923320535984032,True,2,1,312,/Users/neda/Documents/workspace5/DissertationProject/util/Python/scikit-learn/stochastic_gradient/stochastic_gradient
2cd1220eb,/Users/neda/Documents/workspace5/DissertationProject/util/Python/scikit-learn/dbscan_/dbscan_@95c4172db@Fri Jun 3 17:32:25 2016 +0800.py,DBSCAN,2,0,6,0,0.26737329653654623,True,75,78,101,/Users/neda/Documents/workspace5/DissertationProject/util/Python/scikit-learn/dbscan_/dbscan_
2cd1220eb,/Users/neda/Documents/workspace5/DissertationProject/util/Python/scikit-learn/dbscan_/dbscan_@e4b837cc6@Fri Jul 29 19:29:26 2016 -0500.py,DBSCAN,2,0,6,0,0.2664840266265552,True,76,78,101,/Users/neda/Documents/workspace5/DissertationProject/util/Python/scikit-learn/dbscan_/dbscan_
2cd1220eb,/Users/neda/Documents/workspace5/DissertationProject/util/Python/scikit-learn/dbscan_/dbscan_@543b05677@Mon Jan 2 04:39:36 2017 -0800.py,DBSCAN,2,0,9,0,0.2731077660759456,True,77,78,101,/Users/neda/Documents/workspace5/DissertationProject/util/Python/scikit-learn/dbscan_/dbscan_
2cd1220eb,/Users/neda/Documents/workspace5/DissertationProject/util/Python/scikit-learn/dbscan_/dbscan_@2cd1220eb@Thu Feb 23 15:59:16 2017 +0530.py,DBSCAN,2,0,9,0,0.27187334569215255,True,78,78,101,/Users/neda/Documents/workspace5/DissertationProject/util/Python/scikit-learn/dbscan_/dbscan_
2cd1220eb,/Users/neda/Documents/workspace5/DissertationProject/util/Python/scikit-learn/dbscan_/dbscan_@657922058@Wed Jun 7 08:06:06 2017 -0700.py,DBSCAN,2,0,9,0,0.26745265615641656,True,79,78,101,/Users/neda/Documents/workspace5/DissertationProject/util/Python/scikit-learn/dbscan_/dbscan_
4ab99c75b,/Users/neda/Documents/workspace5/DissertationProject/util/Python/scikit-learn/fixes/fixes@e5bf61eee@Wed Nov 23 23:11:04 2016 +0100.py,MaskedArray,3,2,2,1.0,0.2655438555810885,False,93,95,130,/Users/neda/Documents/workspace5/DissertationProject/util/Python/scikit-learn/fixes/fixes
4ab99c75b,/Users/neda/Documents/workspace5/DissertationProject/util/Python/scikit-learn/fixes/fixes@1f278e1c2@Mon Dec 5 17:22:26 2016 +0800.py,MaskedArray,3,2,2,1.0,0.2672860158598342,False,94,95,130,/Users/neda/Documents/workspace5/DissertationProject/util/Python/scikit-learn/fixes/fixes
4ab99c75b,/Users/neda/Documents/workspace5/DissertationProject/util/Python/scikit-learn/fixes/fixes@4ab99c75b@Tue Mar 14 11:50:23 2017 -0400.py,MaskedArray,3,2,2,1.0,0.27077885219211034,False,95,95,130,/Users/neda/Documents/workspace5/DissertationProject/util/Python/scikit-learn/fixes/fixes
4ab99c75b,/Users/neda/Documents/workspace5/DissertationProject/util/Python/scikit-learn/fixes/fixes@bd0fc236e@Fri Jun 2 14:36:33 2017 -0700.py,MaskedArray,3,2,2,1.0,0.2620075426917542,False,96,95,130,/Users/neda/Documents/workspace5/DissertationProject/util/Python/scikit-learn/fixes/fixes
32d1236f4,/Users/neda/Documents/workspace5/DissertationProject/util/Python/scikit-learn/base/base@32d1236f4@Fri Sep 23 17:00:32 2016 +1000.py,BaseEnsemble,2,0,9,0,0.26496849123933464,True,881,881,1073,/Users/neda/Documents/workspace5/DissertationProject/util/Python/scikit-learn/base/base
6a01e8967,/Users/neda/Documents/workspace5/DissertationProject/util/Python/scikit-learn/online_lda/online_lda@9b25f5d37@Wed Jul 27 14:58:25 2016 -0600.py,LatentDirichletAllocation,2,0,6,0,0.2664840266265552,True,37,40,76,/Users/neda/Documents/workspace5/DissertationProject/util/Python/scikit-learn/online_lda/online_lda
6a01e8967,/Users/neda/Documents/workspace5/DissertationProject/util/Python/scikit-learn/online_lda/online_lda@9b5610415@Thu Sep 22 08:11:38 2016 +0200.py,LatentDirichletAllocation,2,0,9,0,0.26551211722465673,True,38,40,76,/Users/neda/Documents/workspace5/DissertationProject/util/Python/scikit-learn/online_lda/online_lda
6a01e8967,/Users/neda/Documents/workspace5/DissertationProject/util/Python/scikit-learn/online_lda/online_lda@44acb3367@Mon Oct 10 11:01:05 2016 +0200.py,LatentDirichletAllocation,2,0,9,0,0.2649591923737962,True,39,40,76,/Users/neda/Documents/workspace5/DissertationProject/util/Python/scikit-learn/online_lda/online_lda
6a01e8967,/Users/neda/Documents/workspace5/DissertationProject/util/Python/scikit-learn/online_lda/online_lda@6a01e8967@Mon Dec 19 22:20:08 2016 -0600.py,LatentDirichletAllocation,2,0,9,0,0.2701691160541405,True,40,40,76,/Users/neda/Documents/workspace5/DissertationProject/util/Python/scikit-learn/online_lda/online_lda
6a01e8967,/Users/neda/Documents/workspace5/DissertationProject/util/Python/scikit-learn/online_lda/online_lda@e3c9ae204@Thu Apr 6 02:43:21 2017 +0200.py,LatentDirichletAllocation,2,0,9,0,0.27118332159224584,True,41,40,76,/Users/neda/Documents/workspace5/DissertationProject/util/Python/scikit-learn/online_lda/online_lda
