CommitID,File Name,Class Name,DIT,IUR,Total IR,AUIR,AvgAUIR,isRefusedBequest,Index of File In Folder,Index of Bug Fixed Commit In File,Number of Files In Folder,Folder
8e9c91ca9,/Users/neda/Documents/workspace4/DissertationProject/util/Python/numpy/bench_app/bench_app@02ae0e3ea@Mon Aug 24 19:40:19 2015 +0300.py,LaplaceInplace,2,0,1,0,0.28500712552100016,True,0,1,6,/Users/neda/Documents/workspace4/DissertationProject/util/Python/numpy/bench_app/bench_app
8e9c91ca9,/Users/neda/Documents/workspace4/DissertationProject/util/Python/numpy/bench_app/bench_app@02ae0e3ea@Mon Aug 24 19:40:19 2015 +0300.py,MaxesOfDots,2,0,1,0,0.28500712552100016,True,0,1,6,/Users/neda/Documents/workspace4/DissertationProject/util/Python/numpy/bench_app/bench_app
8e9c91ca9,/Users/neda/Documents/workspace4/DissertationProject/util/Python/numpy/bench_app/bench_app@8e9c91ca9@Sun Dec 6 01:08:43 2015 +0200.py,LaplaceInplace,2,0,1,0,0.2965587520866314,True,1,1,6,/Users/neda/Documents/workspace4/DissertationProject/util/Python/numpy/bench_app/bench_app
8e9c91ca9,/Users/neda/Documents/workspace4/DissertationProject/util/Python/numpy/bench_app/bench_app@8e9c91ca9@Sun Dec 6 01:08:43 2015 +0200.py,MaxesOfDots,2,0,1,0,0.2965587520866314,True,1,1,6,/Users/neda/Documents/workspace4/DissertationProject/util/Python/numpy/bench_app/bench_app
75666e3ab,/Users/neda/Documents/workspace4/DissertationProject/util/Python/numpy/setup/setup@c683a43a2@Mon Dec 22 19:52:14 2014 -0500.py,sdist_checked,3,0,3,0,0.3707660611934617,True,602,601,872,/Users/neda/Documents/workspace4/DissertationProject/util/Python/numpy/setup/setup
731514514,/Users/neda/Documents/workspace4/DissertationProject/util/Python/numpy/polynomial/polynomial@184ec593c@Wed Aug 29 13:18:47 2018 -0600.py,Polynomial,2,4,76,0.05263157894736842,0.2647091688634144,True,186,188,217,/Users/neda/Documents/workspace4/DissertationProject/util/Python/numpy/polynomial/polynomial
b53eb5d74,/Users/neda/Documents/workspace4/DissertationProject/util/Python/numpy/msvccompiler/msvccompiler@5ef26af92@Mon Sep 14 13:07:17 2015 -0500.py,MSVCCompiler,3,4,2,2.0,0.3711956112374606,False,0,1,8,/Users/neda/Documents/workspace4/DissertationProject/util/Python/numpy/msvccompiler/msvccompiler
b53eb5d74,/Users/neda/Documents/workspace4/DissertationProject/util/Python/numpy/msvccompiler/msvccompiler@b53eb5d74@Fri Oct 9 16:27:02 2015 -0700.py,MSVCCompiler,3,6,4,1.5,0.2992837194242407,False,1,1,8,/Users/neda/Documents/workspace4/DissertationProject/util/Python/numpy/msvccompiler/msvccompiler
b53eb5d74,/Users/neda/Documents/workspace4/DissertationProject/util/Python/numpy/msvccompiler/msvccompiler@cdb1b2b2a@Sat Oct 10 11:34:59 2015 -0600.py,MSVCCompiler,3,6,4,1.5,0.2992837194242407,False,2,1,8,/Users/neda/Documents/workspace4/DissertationProject/util/Python/numpy/msvccompiler/msvccompiler
5ba533b4b,/Users/neda/Documents/workspace4/DissertationProject/util/Python/numpy/standard_array_spec/standard_array_spec@3d616a2b4@Mon Jan 14 06:35:59 2002 +0000.py,array_specification,2,7,18,0.3888888888888889,0.36067746645053655,False,1,3,15,/Users/neda/Documents/workspace4/DissertationProject/util/Python/numpy/standard_array_spec/standard_array_spec
5ba533b4b,/Users/neda/Documents/workspace4/DissertationProject/util/Python/numpy/standard_array_spec/standard_array_spec@635ec7216@Thu Feb 14 21:22:22 2002 +0000.py,array_converter,2,7,18,0.3888888888888889,0.3553528060104147,False,2,3,15,/Users/neda/Documents/workspace4/DissertationProject/util/Python/numpy/standard_array_spec/standard_array_spec
5ba533b4b,/Users/neda/Documents/workspace4/DissertationProject/util/Python/numpy/standard_array_spec/standard_array_spec@5ba533b4b@Tue Feb 19 10:35:37 2002 +0000.py,array_converter,2,7,18,0.3888888888888889,0.31801005439139496,False,3,3,15,/Users/neda/Documents/workspace4/DissertationProject/util/Python/numpy/standard_array_spec/standard_array_spec
5ba533b4b,/Users/neda/Documents/workspace4/DissertationProject/util/Python/numpy/standard_array_spec/standard_array_spec@c117d3173@Wed Apr 3 03:41:30 2002 +0000.py,array_converter,2,7,18,0.3888888888888889,0.28184748818882543,False,4,3,15,/Users/neda/Documents/workspace4/DissertationProject/util/Python/numpy/standard_array_spec/standard_array_spec
3b49529e9,/Users/neda/Documents/workspace4/DissertationProject/util/Python/numpy/vast/vast@e706c7d92@Wed Jan 4 19:00:27 2006 +0000.py,VastFCompiler,4,7,15,0.4666666666666667,0.33958643779424164,False,0,1,15,/Users/neda/Documents/workspace4/DissertationProject/util/Python/numpy/vast/vast
3b49529e9,/Users/neda/Documents/workspace4/DissertationProject/util/Python/numpy/vast/vast@3b49529e9@Sat Jul 29 14:14:08 2006 +0000.py,VastFCompiler,4,6,17,0.35294117647058826,0.2678567450812538,False,1,1,15,/Users/neda/Documents/workspace4/DissertationProject/util/Python/numpy/vast/vast
3b49529e9,/Users/neda/Documents/workspace4/DissertationProject/util/Python/numpy/vast/vast@bb74b1f93@Tue Aug 1 00:07:42 2006 +0000.py,VastFCompiler,4,6,17,0.35294117647058826,0.3649189404433611,True,2,1,15,/Users/neda/Documents/workspace4/DissertationProject/util/Python/numpy/vast/vast
5ba533b4b,/Users/neda/Documents/workspace4/DissertationProject/util/Python/numpy/scalar_spec/scalar_spec@71100a2cf@Thu Feb 14 19:31:20 2002 +0000.py,scalar_specification,2,4,18,0.2222222222222222,0.35056375316925187,True,5,7,9,/Users/neda/Documents/workspace4/DissertationProject/util/Python/numpy/scalar_spec/scalar_spec
5ba533b4b,/Users/neda/Documents/workspace4/DissertationProject/util/Python/numpy/scalar_spec/scalar_spec@71100a2cf@Thu Feb 14 19:31:20 2002 +0000.py,int_specification,3,2,9,0.2222222222222222,0.35056375316925187,True,5,7,9,/Users/neda/Documents/workspace4/DissertationProject/util/Python/numpy/scalar_spec/scalar_spec
5ba533b4b,/Users/neda/Documents/workspace4/DissertationProject/util/Python/numpy/scalar_spec/scalar_spec@71100a2cf@Thu Feb 14 19:31:20 2002 +0000.py,float_specification,3,2,9,0.2222222222222222,0.35056375316925187,True,5,7,9,/Users/neda/Documents/workspace4/DissertationProject/util/Python/numpy/scalar_spec/scalar_spec
5ba533b4b,/Users/neda/Documents/workspace4/DissertationProject/util/Python/numpy/scalar_spec/scalar_spec@71100a2cf@Thu Feb 14 19:31:20 2002 +0000.py,complex_specification,3,2,9,0.2222222222222222,0.35056375316925187,True,5,7,9,/Users/neda/Documents/workspace4/DissertationProject/util/Python/numpy/scalar_spec/scalar_spec
5ba533b4b,/Users/neda/Documents/workspace4/DissertationProject/util/Python/numpy/scalar_spec/scalar_spec@635ec7216@Thu Feb 14 21:22:22 2002 +0000.py,scalar_converter,2,4,18,0.2222222222222222,0.3553528060104147,True,6,7,9,/Users/neda/Documents/workspace4/DissertationProject/util/Python/numpy/scalar_spec/scalar_spec
5ba533b4b,/Users/neda/Documents/workspace4/DissertationProject/util/Python/numpy/scalar_spec/scalar_spec@635ec7216@Thu Feb 14 21:22:22 2002 +0000.py,int_converter,3,2,9,0.2222222222222222,0.3553528060104147,True,6,7,9,/Users/neda/Documents/workspace4/DissertationProject/util/Python/numpy/scalar_spec/scalar_spec
5ba533b4b,/Users/neda/Documents/workspace4/DissertationProject/util/Python/numpy/scalar_spec/scalar_spec@635ec7216@Thu Feb 14 21:22:22 2002 +0000.py,float_converter,3,2,9,0.2222222222222222,0.3553528060104147,True,6,7,9,/Users/neda/Documents/workspace4/DissertationProject/util/Python/numpy/scalar_spec/scalar_spec
5ba533b4b,/Users/neda/Documents/workspace4/DissertationProject/util/Python/numpy/scalar_spec/scalar_spec@635ec7216@Thu Feb 14 21:22:22 2002 +0000.py,complex_converter,3,2,9,0.2222222222222222,0.3553528060104147,True,6,7,9,/Users/neda/Documents/workspace4/DissertationProject/util/Python/numpy/scalar_spec/scalar_spec
5ba533b4b,/Users/neda/Documents/workspace4/DissertationProject/util/Python/numpy/scalar_spec/scalar_spec@5ba533b4b@Tue Feb 19 10:35:37 2002 +0000.py,scalar_converter,2,4,18,0.2222222222222222,0.31801005439139496,True,7,7,9,/Users/neda/Documents/workspace4/DissertationProject/util/Python/numpy/scalar_spec/scalar_spec
5ba533b4b,/Users/neda/Documents/workspace4/DissertationProject/util/Python/numpy/scalar_spec/scalar_spec@5ba533b4b@Tue Feb 19 10:35:37 2002 +0000.py,int_converter,3,2,9,0.2222222222222222,0.31801005439139496,True,7,7,9,/Users/neda/Documents/workspace4/DissertationProject/util/Python/numpy/scalar_spec/scalar_spec
5ba533b4b,/Users/neda/Documents/workspace4/DissertationProject/util/Python/numpy/scalar_spec/scalar_spec@5ba533b4b@Tue Feb 19 10:35:37 2002 +0000.py,float_converter,3,2,9,0.2222222222222222,0.31801005439139496,True,7,7,9,/Users/neda/Documents/workspace4/DissertationProject/util/Python/numpy/scalar_spec/scalar_spec
5ba533b4b,/Users/neda/Documents/workspace4/DissertationProject/util/Python/numpy/scalar_spec/scalar_spec@5ba533b4b@Tue Feb 19 10:35:37 2002 +0000.py,complex_converter,3,2,9,0.2222222222222222,0.31801005439139496,True,7,7,9,/Users/neda/Documents/workspace4/DissertationProject/util/Python/numpy/scalar_spec/scalar_spec
5ba533b4b,/Users/neda/Documents/workspace4/DissertationProject/util/Python/numpy/scalar_spec/scalar_spec@c117d3173@Wed Apr 3 03:41:30 2002 +0000.py,scalar_converter,2,4,18,0.2222222222222222,0.28184748818882543,True,8,7,9,/Users/neda/Documents/workspace4/DissertationProject/util/Python/numpy/scalar_spec/scalar_spec
5ba533b4b,/Users/neda/Documents/workspace4/DissertationProject/util/Python/numpy/scalar_spec/scalar_spec@c117d3173@Wed Apr 3 03:41:30 2002 +0000.py,int_converter,3,2,9,0.2222222222222222,0.28184748818882543,True,8,7,9,/Users/neda/Documents/workspace4/DissertationProject/util/Python/numpy/scalar_spec/scalar_spec
5ba533b4b,/Users/neda/Documents/workspace4/DissertationProject/util/Python/numpy/scalar_spec/scalar_spec@c117d3173@Wed Apr 3 03:41:30 2002 +0000.py,float_converter,3,2,9,0.2222222222222222,0.28184748818882543,True,8,7,9,/Users/neda/Documents/workspace4/DissertationProject/util/Python/numpy/scalar_spec/scalar_spec
5ba533b4b,/Users/neda/Documents/workspace4/DissertationProject/util/Python/numpy/scalar_spec/scalar_spec@c117d3173@Wed Apr 3 03:41:30 2002 +0000.py,complex_converter,3,2,9,0.2222222222222222,0.28184748818882543,True,8,7,9,/Users/neda/Documents/workspace4/DissertationProject/util/Python/numpy/scalar_spec/scalar_spec
3c2603f1f,/Users/neda/Documents/workspace4/DissertationProject/util/Python/numpy/polytemplate/polytemplate@cdfe3b59b@Fri Jul 15 14:00:35 2011 -0600.py,$name,3,0,0,0,0.3539756177406037,True,20,22,35,/Users/neda/Documents/workspace4/DissertationProject/util/Python/numpy/polytemplate/polytemplate
3c2603f1f,/Users/neda/Documents/workspace4/DissertationProject/util/Python/numpy/polytemplate/polytemplate@a76c3339a@Thu Dec 22 17:27:47 2011 -0700.py,$name,3,0,0,0,0.3557737942988133,True,21,22,35,/Users/neda/Documents/workspace4/DissertationProject/util/Python/numpy/polytemplate/polytemplate
3c2603f1f,/Users/neda/Documents/workspace4/DissertationProject/util/Python/numpy/polytemplate/polytemplate@3c2603f1f@Sat Dec 24 16:08:22 2011 -0700.py,$name,3,0,0,0,0.3557737942988133,True,22,22,35,/Users/neda/Documents/workspace4/DissertationProject/util/Python/numpy/polytemplate/polytemplate
3c2603f1f,/Users/neda/Documents/workspace4/DissertationProject/util/Python/numpy/polytemplate/polytemplate@a0319da82@Sat Dec 31 22:21:01 2011 -0700.py,$name,3,0,0,0,0.3557737942988133,True,23,22,35,/Users/neda/Documents/workspace4/DissertationProject/util/Python/numpy/polytemplate/polytemplate
9bd836ac8,/Users/neda/Documents/workspace4/DissertationProject/util/Python/numpy/legendre/legendre@db0b231f1@Wed Sep 7 09:48:40 2016 +0200.py,Legendre,2,3,72,0.041666666666666664,0.3012412615805611,True,42,44,76,/Users/neda/Documents/workspace4/DissertationProject/util/Python/numpy/legendre/legendre
9bd836ac8,/Users/neda/Documents/workspace4/DissertationProject/util/Python/numpy/legendre/legendre@ec0e04694@Tue Dec 13 15:53:56 2016 -0700.py,Legendre,2,3,72,0.041666666666666664,0.3002454304729756,True,43,44,76,/Users/neda/Documents/workspace4/DissertationProject/util/Python/numpy/legendre/legendre
9bd836ac8,/Users/neda/Documents/workspace4/DissertationProject/util/Python/numpy/legendre/legendre@9bd836ac8@Wed Feb 1 16:11:03 2017 -0500.py,Legendre,2,3,72,0.041666666666666664,0.2970740081446953,True,44,44,76,/Users/neda/Documents/workspace4/DissertationProject/util/Python/numpy/legendre/legendre
9bd836ac8,/Users/neda/Documents/workspace4/DissertationProject/util/Python/numpy/legendre/legendre@370b6506f@Wed Feb 8 22:05:11 2017 +0000.py,Legendre,2,3,72,0.041666666666666664,0.2961251026215975,True,45,44,76,/Users/neda/Documents/workspace4/DissertationProject/util/Python/numpy/legendre/legendre
06da76c85,/Users/neda/Documents/workspace4/DissertationProject/util/Python/numpy/bench_reduce/bench_reduce@c0cf6170d@Mon Sep 24 11:43:10 2018 -0700.py,AddReduce,2,0,1,0,0.2610663821359362,True,4,5,8,/Users/neda/Documents/workspace4/DissertationProject/util/Python/numpy/bench_reduce/bench_reduce
06da76c85,/Users/neda/Documents/workspace4/DissertationProject/util/Python/numpy/bench_reduce/bench_reduce@c0cf6170d@Mon Sep 24 11:43:10 2018 -0700.py,AddReduceSeparate,2,0,1,0,0.2610663821359362,True,4,5,8,/Users/neda/Documents/workspace4/DissertationProject/util/Python/numpy/bench_reduce/bench_reduce
06da76c85,/Users/neda/Documents/workspace4/DissertationProject/util/Python/numpy/bench_reduce/bench_reduce@c0cf6170d@Mon Sep 24 11:43:10 2018 -0700.py,AnyAll,2,0,1,0,0.2610663821359362,True,4,5,8,/Users/neda/Documents/workspace4/DissertationProject/util/Python/numpy/bench_reduce/bench_reduce
06da76c85,/Users/neda/Documents/workspace4/DissertationProject/util/Python/numpy/bench_reduce/bench_reduce@c0cf6170d@Mon Sep 24 11:43:10 2018 -0700.py,MinMax,2,0,1,0,0.2610663821359362,True,4,5,8,/Users/neda/Documents/workspace4/DissertationProject/util/Python/numpy/bench_reduce/bench_reduce
06da76c85,/Users/neda/Documents/workspace4/DissertationProject/util/Python/numpy/bench_reduce/bench_reduce@c0cf6170d@Mon Sep 24 11:43:10 2018 -0700.py,SmallReduction,2,0,1,0,0.2610663821359362,True,4,5,8,/Users/neda/Documents/workspace4/DissertationProject/util/Python/numpy/bench_reduce/bench_reduce
06da76c85,/Users/neda/Documents/workspace4/DissertationProject/util/Python/numpy/bench_reduce/bench_reduce@06da76c85@Mon Feb 18 15:00:20 2019 -0800.py,AddReduce,2,0,1,0,0.2685694119372035,True,5,5,8,/Users/neda/Documents/workspace4/DissertationProject/util/Python/numpy/bench_reduce/bench_reduce
06da76c85,/Users/neda/Documents/workspace4/DissertationProject/util/Python/numpy/bench_reduce/bench_reduce@06da76c85@Mon Feb 18 15:00:20 2019 -0800.py,AddReduceSeparate,2,0,1,0,0.2685694119372035,True,5,5,8,/Users/neda/Documents/workspace4/DissertationProject/util/Python/numpy/bench_reduce/bench_reduce
06da76c85,/Users/neda/Documents/workspace4/DissertationProject/util/Python/numpy/bench_reduce/bench_reduce@06da76c85@Mon Feb 18 15:00:20 2019 -0800.py,AnyAll,2,0,1,0,0.2685694119372035,True,5,5,8,/Users/neda/Documents/workspace4/DissertationProject/util/Python/numpy/bench_reduce/bench_reduce
06da76c85,/Users/neda/Documents/workspace4/DissertationProject/util/Python/numpy/bench_reduce/bench_reduce@06da76c85@Mon Feb 18 15:00:20 2019 -0800.py,MinMax,2,0,1,0,0.2685694119372035,True,5,5,8,/Users/neda/Documents/workspace4/DissertationProject/util/Python/numpy/bench_reduce/bench_reduce
06da76c85,/Users/neda/Documents/workspace4/DissertationProject/util/Python/numpy/bench_reduce/bench_reduce@06da76c85@Mon Feb 18 15:00:20 2019 -0800.py,SmallReduction,2,0,1,0,0.2685694119372035,True,5,5,8,/Users/neda/Documents/workspace4/DissertationProject/util/Python/numpy/bench_reduce/bench_reduce
06da76c85,/Users/neda/Documents/workspace4/DissertationProject/util/Python/numpy/bench_reduce/bench_reduce@ed1e9659f@Tue Aug 27 04:36:38 2019 -0700.py,AddReduce,2,0,1,0,0.2573462561427115,True,6,5,8,/Users/neda/Documents/workspace4/DissertationProject/util/Python/numpy/bench_reduce/bench_reduce
06da76c85,/Users/neda/Documents/workspace4/DissertationProject/util/Python/numpy/bench_reduce/bench_reduce@ed1e9659f@Tue Aug 27 04:36:38 2019 -0700.py,AddReduceSeparate,2,0,1,0,0.2573462561427115,True,6,5,8,/Users/neda/Documents/workspace4/DissertationProject/util/Python/numpy/bench_reduce/bench_reduce
06da76c85,/Users/neda/Documents/workspace4/DissertationProject/util/Python/numpy/bench_reduce/bench_reduce@ed1e9659f@Tue Aug 27 04:36:38 2019 -0700.py,AnyAll,2,0,1,0,0.2573462561427115,True,6,5,8,/Users/neda/Documents/workspace4/DissertationProject/util/Python/numpy/bench_reduce/bench_reduce
06da76c85,/Users/neda/Documents/workspace4/DissertationProject/util/Python/numpy/bench_reduce/bench_reduce@ed1e9659f@Tue Aug 27 04:36:38 2019 -0700.py,MinMax,2,0,1,0,0.2573462561427115,True,6,5,8,/Users/neda/Documents/workspace4/DissertationProject/util/Python/numpy/bench_reduce/bench_reduce
06da76c85,/Users/neda/Documents/workspace4/DissertationProject/util/Python/numpy/bench_reduce/bench_reduce@ed1e9659f@Tue Aug 27 04:36:38 2019 -0700.py,SmallReduction,2,0,1,0,0.2573462561427115,True,6,5,8,/Users/neda/Documents/workspace4/DissertationProject/util/Python/numpy/bench_reduce/bench_reduce
14bdbe98a,/Users/neda/Documents/workspace4/DissertationProject/util/Python/numpy/numerictypes/numerictypes@17bf4ce82@Sat Oct 1 09:19:11 2005 +0000.py,_castdict,2,0,0,0,0.34225754845765005,True,6,8,167,/Users/neda/Documents/workspace4/DissertationProject/util/Python/numpy/numerictypes/numerictypes
14bdbe98a,/Users/neda/Documents/workspace4/DissertationProject/util/Python/numpy/numerictypes/numerictypes@fb0ceff29@Sun Oct 2 03:51:44 2005 +0000.py,_castdict,2,0,0,0,0.34225754845765005,True,7,8,167,/Users/neda/Documents/workspace4/DissertationProject/util/Python/numpy/numerictypes/numerictypes
14bdbe98a,/Users/neda/Documents/workspace4/DissertationProject/util/Python/numpy/numerictypes/numerictypes@14bdbe98a@Sat Oct 22 11:21:21 2005 +0000.py,_castdict,2,0,0,0,0.3435478710382952,True,8,8,167,/Users/neda/Documents/workspace4/DissertationProject/util/Python/numpy/numerictypes/numerictypes
14bdbe98a,/Users/neda/Documents/workspace4/DissertationProject/util/Python/numpy/numerictypes/numerictypes@a25e5da35@Thu Oct 27 09:08:19 2005 +0000.py,_castdict,2,0,0,0,0.3435478710382952,True,9,8,167,/Users/neda/Documents/workspace4/DissertationProject/util/Python/numpy/numerictypes/numerictypes
8bc4d4588,/Users/neda/Documents/workspace4/DissertationProject/util/Python/numpy/install/install@bb726ca19@Sat Apr 6 13:25:26 2013 -0600.py,install,2,1,4,0.25,0.363529235547394,True,13,15,18,/Users/neda/Documents/workspace4/DissertationProject/util/Python/numpy/install/install
8bc4d4588,/Users/neda/Documents/workspace4/DissertationProject/util/Python/numpy/install/install@fbd6510d5@Sun Aug 18 11:51:25 2013 -0600.py,install,2,1,4,0.25,0.36859084761030314,True,14,15,18,/Users/neda/Documents/workspace4/DissertationProject/util/Python/numpy/install/install
8bc4d4588,/Users/neda/Documents/workspace4/DissertationProject/util/Python/numpy/install/install@8bc4d4588@Sun May 4 06:18:21 2014 -0600.py,install,2,1,4,0.25,0.3679839180810459,True,15,15,18,/Users/neda/Documents/workspace4/DissertationProject/util/Python/numpy/install/install
8bc4d4588,/Users/neda/Documents/workspace4/DissertationProject/util/Python/numpy/install/install@73e6067c1@Thu Feb 28 00:45:55 2019 -0800.py,install,2,1,4,0.25,0.26498518475377786,True,16,15,18,/Users/neda/Documents/workspace4/DissertationProject/util/Python/numpy/install/install
d00fe700a,/Users/neda/Documents/workspace4/DissertationProject/util/Python/numpy/scons/scons@a3c5de258@Wed Sep 9 00:44:39 2009 +0000.py,scons,2,14,28,0.5,0.35694591626074373,False,52,54,70,/Users/neda/Documents/workspace4/DissertationProject/util/Python/numpy/scons/scons
d00fe700a,/Users/neda/Documents/workspace4/DissertationProject/util/Python/numpy/scons/scons@3ecba7e56@Wed Sep 9 00:45:52 2009 +0000.py,scons,2,14,28,0.5,0.35694591626074373,False,53,54,70,/Users/neda/Documents/workspace4/DissertationProject/util/Python/numpy/scons/scons
d00fe700a,/Users/neda/Documents/workspace4/DissertationProject/util/Python/numpy/scons/scons@d00fe700a@Wed Sep 9 00:47:03 2009 +0000.py,scons,2,14,28,0.5,0.35694591626074373,False,54,54,70,/Users/neda/Documents/workspace4/DissertationProject/util/Python/numpy/scons/scons
d00fe700a,/Users/neda/Documents/workspace4/DissertationProject/util/Python/numpy/scons/scons@2d078a143@Wed Sep 9 00:48:13 2009 +0000.py,scons,2,14,28,0.5,0.35694591626074373,False,55,54,70,/Users/neda/Documents/workspace4/DissertationProject/util/Python/numpy/scons/scons
a3afc2508,/Users/neda/Documents/workspace4/DissertationProject/util/Python/numpy/setup_common/setup_common@f4940fd00@Thu Jan 19 22:57:26 2017 +0100.py,MismatchCAPIWarning,2,0,0,0,0.3002454304729756,True,80,82,112,/Users/neda/Documents/workspace4/DissertationProject/util/Python/numpy/setup_common/setup_common
a3afc2508,/Users/neda/Documents/workspace4/DissertationProject/util/Python/numpy/setup_common/setup_common@270927fd8@Sat Feb 25 20:58:57 2017 +0100.py,MismatchCAPIWarning,2,0,0,0,0.2945330321773954,True,81,82,112,/Users/neda/Documents/workspace4/DissertationProject/util/Python/numpy/setup_common/setup_common
a3afc2508,/Users/neda/Documents/workspace4/DissertationProject/util/Python/numpy/setup_common/setup_common@a3afc2508@Wed May 10 11:01:08 2017 -0600.py,MismatchCAPIWarning,2,0,0,0,0.28867116574005297,True,82,82,112,/Users/neda/Documents/workspace4/DissertationProject/util/Python/numpy/setup_common/setup_common
a3afc2508,/Users/neda/Documents/workspace4/DissertationProject/util/Python/numpy/setup_common/setup_common@9ef80bfa2@Tue Nov 14 08:15:37 2017 -0700.py,MismatchCAPIWarning,2,0,0,0,0.2784786326121319,True,83,82,112,/Users/neda/Documents/workspace4/DissertationProject/util/Python/numpy/setup_common/setup_common
3d0634c33,/Users/neda/Documents/workspace4/DissertationProject/util/Python/numpy/matrix/matrix@21d16bd64@Sat Oct 8 05:22:32 2005 +0000.py,matrix,3,0,15,0,0.34225754845765005,True,13,15,47,/Users/neda/Documents/workspace4/DissertationProject/util/Python/numpy/matrix/matrix
3d0634c33,/Users/neda/Documents/workspace4/DissertationProject/util/Python/numpy/matrix/matrix@e8e5a126e@Wed Oct 12 02:34:31 2005 +0000.py,matrix,3,0,15,0,0.34225754845765005,True,14,15,47,/Users/neda/Documents/workspace4/DissertationProject/util/Python/numpy/matrix/matrix
3d0634c33,/Users/neda/Documents/workspace4/DissertationProject/util/Python/numpy/matrix/matrix@3d0634c33@Wed Oct 12 02:51:09 2005 +0000.py,matrix,3,0,15,0,0.34225754845765005,True,15,15,47,/Users/neda/Documents/workspace4/DissertationProject/util/Python/numpy/matrix/matrix
3d0634c33,/Users/neda/Documents/workspace4/DissertationProject/util/Python/numpy/matrix/matrix@2c6e23398@Thu Oct 13 23:39:44 2005 +0000.py,matrix,3,0,15,0,0.34225754845765005,True,16,15,47,/Users/neda/Documents/workspace4/DissertationProject/util/Python/numpy/matrix/matrix
c9833ef72,/Users/neda/Documents/workspace4/DissertationProject/util/Python/numpy/build_src/build_src@dfcf45c28@Thu Sep 29 22:49:01 2005 +0000.py,build_src,2,12,21,0.5714285714285714,0.34225754845765005,False,16,18,82,/Users/neda/Documents/workspace4/DissertationProject/util/Python/numpy/build_src/build_src
c9833ef72,/Users/neda/Documents/workspace4/DissertationProject/util/Python/numpy/build_src/build_src@7ee2b4372@Fri Sep 30 09:38:09 2005 +0000.py,build_src,2,12,21,0.5714285714285714,0.34225754845765005,False,17,18,82,/Users/neda/Documents/workspace4/DissertationProject/util/Python/numpy/build_src/build_src
c9833ef72,/Users/neda/Documents/workspace4/DissertationProject/util/Python/numpy/build_src/build_src@c9833ef72@Wed Oct 12 02:51:02 2005 +0000.py,build_src,2,12,21,0.5714285714285714,0.34225754845765005,False,18,18,82,/Users/neda/Documents/workspace4/DissertationProject/util/Python/numpy/build_src/build_src
c9833ef72,/Users/neda/Documents/workspace4/DissertationProject/util/Python/numpy/build_src/build_src@e706c7d92@Wed Jan 4 19:00:27 2006 +0000.py,build_src,2,12,21,0.5714285714285714,0.33958643779424164,False,19,18,82,/Users/neda/Documents/workspace4/DissertationProject/util/Python/numpy/build_src/build_src
ce9fea2c2,/Users/neda/Documents/workspace4/DissertationProject/util/Python/numpy/intel/intel@6d5ba6d15@Sun Dec 6 12:01:48 2009 +0000.py,BaseIntelFCompiler,3,1,72,0.013888888888888888,0.35978339106792473,True,28,30,57,/Users/neda/Documents/workspace4/DissertationProject/util/Python/numpy/intel/intel
ce9fea2c2,/Users/neda/Documents/workspace4/DissertationProject/util/Python/numpy/intel/intel@6d5ba6d15@Sun Dec 6 12:01:48 2009 +0000.py,IntelFCompiler,4,1,2,0.5,0.35978339106792473,False,28,30,57,/Users/neda/Documents/workspace4/DissertationProject/util/Python/numpy/intel/intel
ce9fea2c2,/Users/neda/Documents/workspace4/DissertationProject/util/Python/numpy/intel/intel@6d5ba6d15@Sun Dec 6 12:01:48 2009 +0000.py,IntelItaniumFCompiler,5,6,14,0.42857142857142855,0.35978339106792473,False,28,30,57,/Users/neda/Documents/workspace4/DissertationProject/util/Python/numpy/intel/intel
ce9fea2c2,/Users/neda/Documents/workspace4/DissertationProject/util/Python/numpy/intel/intel@6d5ba6d15@Sun Dec 6 12:01:48 2009 +0000.py,IntelEM64TFCompiler,5,7,14,0.5,0.35978339106792473,False,28,30,57,/Users/neda/Documents/workspace4/DissertationProject/util/Python/numpy/intel/intel
ce9fea2c2,/Users/neda/Documents/workspace4/DissertationProject/util/Python/numpy/intel/intel@6d5ba6d15@Sun Dec 6 12:01:48 2009 +0000.py,IntelVisualFCompiler,4,1,2,0.5,0.35978339106792473,False,28,30,57,/Users/neda/Documents/workspace4/DissertationProject/util/Python/numpy/intel/intel
ce9fea2c2,/Users/neda/Documents/workspace4/DissertationProject/util/Python/numpy/intel/intel@6d5ba6d15@Sun Dec 6 12:01:48 2009 +0000.py,IntelItaniumVisualFCompiler,5,6,16,0.375,0.35978339106792473,False,28,30,57,/Users/neda/Documents/workspace4/DissertationProject/util/Python/numpy/intel/intel
ce9fea2c2,/Users/neda/Documents/workspace4/DissertationProject/util/Python/numpy/intel/intel@786f77556@Sun Jan 24 23:11:57 2010 +0000.py,BaseIntelFCompiler,3,1,72,0.013888888888888888,0.3592065258933385,True,29,30,57,/Users/neda/Documents/workspace4/DissertationProject/util/Python/numpy/intel/intel
ce9fea2c2,/Users/neda/Documents/workspace4/DissertationProject/util/Python/numpy/intel/intel@786f77556@Sun Jan 24 23:11:57 2010 +0000.py,IntelFCompiler,4,1,2,0.5,0.3592065258933385,False,29,30,57,/Users/neda/Documents/workspace4/DissertationProject/util/Python/numpy/intel/intel
ce9fea2c2,/Users/neda/Documents/workspace4/DissertationProject/util/Python/numpy/intel/intel@786f77556@Sun Jan 24 23:11:57 2010 +0000.py,IntelItaniumFCompiler,5,6,14,0.42857142857142855,0.3592065258933385,False,29,30,57,/Users/neda/Documents/workspace4/DissertationProject/util/Python/numpy/intel/intel
ce9fea2c2,/Users/neda/Documents/workspace4/DissertationProject/util/Python/numpy/intel/intel@786f77556@Sun Jan 24 23:11:57 2010 +0000.py,IntelEM64TFCompiler,5,7,14,0.5,0.3592065258933385,False,29,30,57,/Users/neda/Documents/workspace4/DissertationProject/util/Python/numpy/intel/intel
ce9fea2c2,/Users/neda/Documents/workspace4/DissertationProject/util/Python/numpy/intel/intel@786f77556@Sun Jan 24 23:11:57 2010 +0000.py,IntelVisualFCompiler,4,2,2,1.0,0.3592065258933385,False,29,30,57,/Users/neda/Documents/workspace4/DissertationProject/util/Python/numpy/intel/intel
ce9fea2c2,/Users/neda/Documents/workspace4/DissertationProject/util/Python/numpy/intel/intel@786f77556@Sun Jan 24 23:11:57 2010 +0000.py,IntelItaniumVisualFCompiler,5,4,10,0.4,0.3592065258933385,False,29,30,57,/Users/neda/Documents/workspace4/DissertationProject/util/Python/numpy/intel/intel
ce9fea2c2,/Users/neda/Documents/workspace4/DissertationProject/util/Python/numpy/intel/intel@786f77556@Sun Jan 24 23:11:57 2010 +0000.py,IntelEM64VisualFCompiler,5,3,10,0.3,0.3592065258933385,True,29,30,57,/Users/neda/Documents/workspace4/DissertationProject/util/Python/numpy/intel/intel
ce9fea2c2,/Users/neda/Documents/workspace4/DissertationProject/util/Python/numpy/intel/intel@ce9fea2c2@Wed Mar 9 21:29:09 2011 +0800.py,BaseIntelFCompiler,3,1,72,0.013888888888888888,0.36527860934578493,True,30,30,57,/Users/neda/Documents/workspace4/DissertationProject/util/Python/numpy/intel/intel
ce9fea2c2,/Users/neda/Documents/workspace4/DissertationProject/util/Python/numpy/intel/intel@ce9fea2c2@Wed Mar 9 21:29:09 2011 +0800.py,IntelFCompiler,4,1,2,0.5,0.36527860934578493,False,30,30,57,/Users/neda/Documents/workspace4/DissertationProject/util/Python/numpy/intel/intel
ce9fea2c2,/Users/neda/Documents/workspace4/DissertationProject/util/Python/numpy/intel/intel@ce9fea2c2@Wed Mar 9 21:29:09 2011 +0800.py,IntelItaniumFCompiler,5,6,14,0.42857142857142855,0.36527860934578493,False,30,30,57,/Users/neda/Documents/workspace4/DissertationProject/util/Python/numpy/intel/intel
ce9fea2c2,/Users/neda/Documents/workspace4/DissertationProject/util/Python/numpy/intel/intel@ce9fea2c2@Wed Mar 9 21:29:09 2011 +0800.py,IntelEM64TFCompiler,5,7,14,0.5,0.36527860934578493,False,30,30,57,/Users/neda/Documents/workspace4/DissertationProject/util/Python/numpy/intel/intel
ce9fea2c2,/Users/neda/Documents/workspace4/DissertationProject/util/Python/numpy/intel/intel@ce9fea2c2@Wed Mar 9 21:29:09 2011 +0800.py,IntelVisualFCompiler,4,2,2,1.0,0.36527860934578493,False,30,30,57,/Users/neda/Documents/workspace4/DissertationProject/util/Python/numpy/intel/intel
ce9fea2c2,/Users/neda/Documents/workspace4/DissertationProject/util/Python/numpy/intel/intel@ce9fea2c2@Wed Mar 9 21:29:09 2011 +0800.py,IntelItaniumVisualFCompiler,5,4,10,0.4,0.36527860934578493,False,30,30,57,/Users/neda/Documents/workspace4/DissertationProject/util/Python/numpy/intel/intel
ce9fea2c2,/Users/neda/Documents/workspace4/DissertationProject/util/Python/numpy/intel/intel@ce9fea2c2@Wed Mar 9 21:29:09 2011 +0800.py,IntelEM64VisualFCompiler,5,3,10,0.3,0.36527860934578493,True,30,30,57,/Users/neda/Documents/workspace4/DissertationProject/util/Python/numpy/intel/intel
ce9fea2c2,/Users/neda/Documents/workspace4/DissertationProject/util/Python/numpy/intel/intel@9fc9db1df@Fri Apr 22 19:29:29 2011 +0200.py,BaseIntelFCompiler,3,1,72,0.013888888888888888,0.3539756177406037,True,31,30,57,/Users/neda/Documents/workspace4/DissertationProject/util/Python/numpy/intel/intel
ce9fea2c2,/Users/neda/Documents/workspace4/DissertationProject/util/Python/numpy/intel/intel@9fc9db1df@Fri Apr 22 19:29:29 2011 +0200.py,IntelFCompiler,4,1,2,0.5,0.3539756177406037,False,31,30,57,/Users/neda/Documents/workspace4/DissertationProject/util/Python/numpy/intel/intel
ce9fea2c2,/Users/neda/Documents/workspace4/DissertationProject/util/Python/numpy/intel/intel@9fc9db1df@Fri Apr 22 19:29:29 2011 +0200.py,IntelItaniumFCompiler,5,6,14,0.42857142857142855,0.3539756177406037,False,31,30,57,/Users/neda/Documents/workspace4/DissertationProject/util/Python/numpy/intel/intel
ce9fea2c2,/Users/neda/Documents/workspace4/DissertationProject/util/Python/numpy/intel/intel@9fc9db1df@Fri Apr 22 19:29:29 2011 +0200.py,IntelEM64TFCompiler,5,7,14,0.5,0.3539756177406037,False,31,30,57,/Users/neda/Documents/workspace4/DissertationProject/util/Python/numpy/intel/intel
ce9fea2c2,/Users/neda/Documents/workspace4/DissertationProject/util/Python/numpy/intel/intel@9fc9db1df@Fri Apr 22 19:29:29 2011 +0200.py,IntelVisualFCompiler,4,2,2,1.0,0.3539756177406037,False,31,30,57,/Users/neda/Documents/workspace4/DissertationProject/util/Python/numpy/intel/intel
ce9fea2c2,/Users/neda/Documents/workspace4/DissertationProject/util/Python/numpy/intel/intel@9fc9db1df@Fri Apr 22 19:29:29 2011 +0200.py,IntelItaniumVisualFCompiler,5,4,10,0.4,0.3539756177406037,False,31,30,57,/Users/neda/Documents/workspace4/DissertationProject/util/Python/numpy/intel/intel
ce9fea2c2,/Users/neda/Documents/workspace4/DissertationProject/util/Python/numpy/intel/intel@9fc9db1df@Fri Apr 22 19:29:29 2011 +0200.py,IntelEM64VisualFCompiler,5,3,10,0.3,0.3539756177406037,True,31,30,57,/Users/neda/Documents/workspace4/DissertationProject/util/Python/numpy/intel/intel
6cbd724f7,/Users/neda/Documents/workspace4/DissertationProject/util/Python/numpy/setup_common/setup_common@f96bb4198@Mon Jul 20 12:16:34 2015 +0100.py,MismatchCAPIWarning,2,0,0,0,0.34698693486824495,True,64,66,112,/Users/neda/Documents/workspace4/DissertationProject/util/Python/numpy/setup_common/setup_common
6cbd724f7,/Users/neda/Documents/workspace4/DissertationProject/util/Python/numpy/setup_common/setup_common@f5dff9fe5@Mon Aug 10 10:23:46 2015 -0600.py,MismatchCAPIWarning,2,0,0,0,0.34691562016063526,True,65,66,112,/Users/neda/Documents/workspace4/DissertationProject/util/Python/numpy/setup_common/setup_common
6cbd724f7,/Users/neda/Documents/workspace4/DissertationProject/util/Python/numpy/setup_common/setup_common@6cbd724f7@Wed Aug 12 17:46:14 2015 +0200.py,MismatchCAPIWarning,2,0,0,0,0.28500712552100016,True,66,66,112,/Users/neda/Documents/workspace4/DissertationProject/util/Python/numpy/setup_common/setup_common
6cbd724f7,/Users/neda/Documents/workspace4/DissertationProject/util/Python/numpy/setup_common/setup_common@904da7c20@Wed Nov 11 19:34:23 2015 +0100.py,MismatchCAPIWarning,2,0,0,0,0.29752322695703926,True,67,66,112,/Users/neda/Documents/workspace4/DissertationProject/util/Python/numpy/setup_common/setup_common
fee5ec41d,/Users/neda/Documents/workspace4/DissertationProject/util/Python/numpy/setup/setup@ae438c370@Fri Feb 20 01:11:02 2015 +0100.py,sdist_checked,3,0,3,0,0.35452813150615686,True,607,608,872,/Users/neda/Documents/workspace4/DissertationProject/util/Python/numpy/setup/setup
eba88392c,/Users/neda/Documents/workspace4/DissertationProject/util/Python/numpy/build_src/build_src@99835f47c@Tue Aug 4 17:36:35 2009 +0000.py,build_src,2,13,28,0.4642857142857143,0.35694591626074373,False,53,55,82,/Users/neda/Documents/workspace4/DissertationProject/util/Python/numpy/build_src/build_src
eba88392c,/Users/neda/Documents/workspace4/DissertationProject/util/Python/numpy/build_src/build_src@5b15eb7bb@Mon Sep 14 09:22:11 2009 +0000.py,build_src,2,13,28,0.4642857142857143,0.35694591626074373,False,54,55,82,/Users/neda/Documents/workspace4/DissertationProject/util/Python/numpy/build_src/build_src
eba88392c,/Users/neda/Documents/workspace4/DissertationProject/util/Python/numpy/build_src/build_src@eba88392c@Wed Sep 16 04:50:52 2009 +0000.py,build_src,2,13,28,0.4642857142857143,0.3567012978654404,False,55,55,82,/Users/neda/Documents/workspace4/DissertationProject/util/Python/numpy/build_src/build_src
eba88392c,/Users/neda/Documents/workspace4/DissertationProject/util/Python/numpy/build_src/build_src@cf934f7de@Thu Dec 3 15:56:47 2009 +0000.py,build_src,2,13,28,0.4642857142857143,0.3590031690947733,False,56,55,82,/Users/neda/Documents/workspace4/DissertationProject/util/Python/numpy/build_src/build_src
3b49529e9,/Users/neda/Documents/workspace4/DissertationProject/util/Python/numpy/gnu/gnu@b8783285f@Fri Jul 28 20:02:07 2006 +0000.py,GnuFCompiler,3,12,57,0.21052631578947367,0.2678567450812538,True,17,19,116,/Users/neda/Documents/workspace4/DissertationProject/util/Python/numpy/gnu/gnu
3b49529e9,/Users/neda/Documents/workspace4/DissertationProject/util/Python/numpy/gnu/gnu@b8783285f@Fri Jul 28 20:02:07 2006 +0000.py,Gnu95FCompiler,4,9,17,0.5294117647058824,0.2678567450812538,False,17,19,116,/Users/neda/Documents/workspace4/DissertationProject/util/Python/numpy/gnu/gnu
3b49529e9,/Users/neda/Documents/workspace4/DissertationProject/util/Python/numpy/gnu/gnu@d48ab365b@Fri Jul 28 21:19:31 2006 +0000.py,GnuFCompiler,3,10,40,0.25,0.3649189404433611,True,18,19,116,/Users/neda/Documents/workspace4/DissertationProject/util/Python/numpy/gnu/gnu
3b49529e9,/Users/neda/Documents/workspace4/DissertationProject/util/Python/numpy/gnu/gnu@d48ab365b@Fri Jul 28 21:19:31 2006 +0000.py,Gnu95FCompiler,4,9,17,0.5294117647058824,0.3649189404433611,False,18,19,116,/Users/neda/Documents/workspace4/DissertationProject/util/Python/numpy/gnu/gnu
3b49529e9,/Users/neda/Documents/workspace4/DissertationProject/util/Python/numpy/gnu/gnu@3b49529e9@Sat Jul 29 14:14:08 2006 +0000.py,GnuFCompiler,3,12,57,0.21052631578947367,0.2678567450812538,True,19,19,116,/Users/neda/Documents/workspace4/DissertationProject/util/Python/numpy/gnu/gnu
3b49529e9,/Users/neda/Documents/workspace4/DissertationProject/util/Python/numpy/gnu/gnu@3b49529e9@Sat Jul 29 14:14:08 2006 +0000.py,Gnu95FCompiler,4,9,17,0.5294117647058824,0.2678567450812538,False,19,19,116,/Users/neda/Documents/workspace4/DissertationProject/util/Python/numpy/gnu/gnu
3b49529e9,/Users/neda/Documents/workspace4/DissertationProject/util/Python/numpy/gnu/gnu@bb74b1f93@Tue Aug 1 00:07:42 2006 +0000.py,GnuFCompiler,3,10,40,0.25,0.3649189404433611,True,20,19,116,/Users/neda/Documents/workspace4/DissertationProject/util/Python/numpy/gnu/gnu
3b49529e9,/Users/neda/Documents/workspace4/DissertationProject/util/Python/numpy/gnu/gnu@bb74b1f93@Tue Aug 1 00:07:42 2006 +0000.py,Gnu95FCompiler,4,9,17,0.5294117647058824,0.3649189404433611,False,20,19,116,/Users/neda/Documents/workspace4/DissertationProject/util/Python/numpy/gnu/gnu
7978dd49b,/Users/neda/Documents/workspace4/DissertationProject/util/Python/numpy/setup/setup@054d93a45@Wed Nov 29 11:53:21 2017 -0700.py,sdist_checked,3,0,3,0,0.2807165735587379,True,687,689,872,/Users/neda/Documents/workspace4/DissertationProject/util/Python/numpy/setup/setup
7978dd49b,/Users/neda/Documents/workspace4/DissertationProject/util/Python/numpy/setup/setup@7978dd49b@Mon Dec 11 16:26:35 2017 -0700.py,sdist_checked,3,0,3,0,0.27815235463756166,True,689,689,872,/Users/neda/Documents/workspace4/DissertationProject/util/Python/numpy/setup/setup
9ae4fd025,/Users/neda/Documents/workspace4/DissertationProject/util/Python/numpy/_import_tools/_import_tools@a873580ec@Thu Mar 30 07:55:30 2006 +0000.py,PackageLoader,1,47,23,2.0434782608695654,0.3538220008601873,False,18,20,45,/Users/neda/Documents/workspace4/DissertationProject/util/Python/numpy/_import_tools/_import_tools
9ae4fd025,/Users/neda/Documents/workspace4/DissertationProject/util/Python/numpy/_import_tools/_import_tools@a873580ec@Thu Mar 30 07:55:30 2006 +0000.py,PackageLoaderDebug,2,2,23,0.08695652173913043,0.3538220008601873,True,18,20,45,/Users/neda/Documents/workspace4/DissertationProject/util/Python/numpy/_import_tools/_import_tools
9ae4fd025,/Users/neda/Documents/workspace4/DissertationProject/util/Python/numpy/_import_tools/_import_tools@1845b35c0@Thu Mar 30 09:21:33 2006 +0000.py,PackageLoader,1,47,23,2.0434782608695654,0.3538220008601873,False,19,20,45,/Users/neda/Documents/workspace4/DissertationProject/util/Python/numpy/_import_tools/_import_tools
9ae4fd025,/Users/neda/Documents/workspace4/DissertationProject/util/Python/numpy/_import_tools/_import_tools@1845b35c0@Thu Mar 30 09:21:33 2006 +0000.py,PackageLoaderDebug,2,2,23,0.08695652173913043,0.3538220008601873,True,19,20,45,/Users/neda/Documents/workspace4/DissertationProject/util/Python/numpy/_import_tools/_import_tools
9ae4fd025,/Users/neda/Documents/workspace4/DissertationProject/util/Python/numpy/_import_tools/_import_tools@9ae4fd025@Mon Sep 4 23:23:40 2006 +0000.py,PackageLoader,1,47,23,2.0434782608695654,0.2645140038750189,False,20,20,45,/Users/neda/Documents/workspace4/DissertationProject/util/Python/numpy/_import_tools/_import_tools
9ae4fd025,/Users/neda/Documents/workspace4/DissertationProject/util/Python/numpy/_import_tools/_import_tools@9ae4fd025@Mon Sep 4 23:23:40 2006 +0000.py,PackageLoaderDebug,2,2,23,0.08695652173913043,0.2645140038750189,True,20,20,45,/Users/neda/Documents/workspace4/DissertationProject/util/Python/numpy/_import_tools/_import_tools
9ae4fd025,/Users/neda/Documents/workspace4/DissertationProject/util/Python/numpy/_import_tools/_import_tools@f80ab5e1c@Sat Mar 31 22:56:19 2007 +0000.py,PackageLoader,1,47,23,2.0434782608695654,0.13810091230223595,False,21,20,45,/Users/neda/Documents/workspace4/DissertationProject/util/Python/numpy/_import_tools/_import_tools
9ae4fd025,/Users/neda/Documents/workspace4/DissertationProject/util/Python/numpy/_import_tools/_import_tools@f80ab5e1c@Sat Mar 31 22:56:19 2007 +0000.py,PackageLoaderDebug,2,2,23,0.08695652173913043,0.13810091230223595,True,21,20,45,/Users/neda/Documents/workspace4/DissertationProject/util/Python/numpy/_import_tools/_import_tools
b8b2a0e16,/Users/neda/Documents/workspace4/DissertationProject/util/Python/numpy/setup/setup@b8b2a0e16@Mon Mar 12 08:29:52 2018 +0000.py,sdist_checked,3,0,3,0,0.2780733834921609,True,718,718,872,/Users/neda/Documents/workspace4/DissertationProject/util/Python/numpy/setup/setup
39b7b08c7,/Users/neda/Documents/workspace4/DissertationProject/util/Python/numpy/setup_common/setup_common@de681b723@Wed Jan 28 09:33:48 2015 -0700.py,MismatchCAPIWarning,2,0,0,0,0.35452813150615686,True,59,61,112,/Users/neda/Documents/workspace4/DissertationProject/util/Python/numpy/setup_common/setup_common
39b7b08c7,/Users/neda/Documents/workspace4/DissertationProject/util/Python/numpy/setup_common/setup_common@3a4127bf5@Fri Jan 30 10:03:39 2015 -0700.py,MismatchCAPIWarning,2,0,0,0,0.35452813150615686,True,60,61,112,/Users/neda/Documents/workspace4/DissertationProject/util/Python/numpy/setup_common/setup_common
39b7b08c7,/Users/neda/Documents/workspace4/DissertationProject/util/Python/numpy/setup_common/setup_common@39b7b08c7@Sun Jun 21 17:12:32 2015 -0600.py,MismatchCAPIWarning,2,0,0,0,0.35171891360108376,True,61,61,112,/Users/neda/Documents/workspace4/DissertationProject/util/Python/numpy/setup_common/setup_common
39b7b08c7,/Users/neda/Documents/workspace4/DissertationProject/util/Python/numpy/setup_common/setup_common@8b3e9ae52@Sun Jul 5 11:47:29 2015 -0600.py,MismatchCAPIWarning,2,0,0,0,0.34698693486824495,True,62,61,112,/Users/neda/Documents/workspace4/DissertationProject/util/Python/numpy/setup_common/setup_common
b8e741c66,/Users/neda/Documents/workspace4/DissertationProject/util/Python/numpy/install_clib/install_clib@b8e741c66@Sun May 26 08:55:53 2019 +0300.py,install_clib,2,0,0,0,0.2624177658304235,True,7,7,9,/Users/neda/Documents/workspace4/DissertationProject/util/Python/numpy/install_clib/install_clib
b8e741c66,/Users/neda/Documents/workspace4/DissertationProject/util/Python/numpy/install_clib/install_clib@ed1e9659f@Tue Aug 27 04:36:38 2019 -0700.py,install_clib,2,0,0,0,0.2573462561427115,True,8,7,9,/Users/neda/Documents/workspace4/DissertationProject/util/Python/numpy/install_clib/install_clib
124c2aed2,/Users/neda/Documents/workspace4/DissertationProject/util/Python/numpy/scons/scons@3131612bc@Sun Jul 26 11:05:56 2009 +0000.py,scons,2,14,28,0.5,0.35711757829253554,False,38,40,70,/Users/neda/Documents/workspace4/DissertationProject/util/Python/numpy/scons/scons
124c2aed2,/Users/neda/Documents/workspace4/DissertationProject/util/Python/numpy/scons/scons@8f76e68c6@Sun Jul 26 11:06:27 2009 +0000.py,scons,2,14,28,0.5,0.35711757829253554,False,39,40,70,/Users/neda/Documents/workspace4/DissertationProject/util/Python/numpy/scons/scons
124c2aed2,/Users/neda/Documents/workspace4/DissertationProject/util/Python/numpy/scons/scons@124c2aed2@Sun Jul 26 11:06:55 2009 +0000.py,scons,2,14,28,0.5,0.35711757829253554,False,40,40,70,/Users/neda/Documents/workspace4/DissertationProject/util/Python/numpy/scons/scons
124c2aed2,/Users/neda/Documents/workspace4/DissertationProject/util/Python/numpy/scons/scons@8786936d6@Sun Jul 26 11:15:23 2009 +0000.py,scons,2,14,28,0.5,0.35694591626074373,False,41,40,70,/Users/neda/Documents/workspace4/DissertationProject/util/Python/numpy/scons/scons
761ba5dda,/Users/neda/Documents/workspace4/DissertationProject/util/Python/numpy/build_src/build_src@ff0822c48@Wed Aug 25 07:22:40 2010 +0000.py,build_src,2,13,28,0.4642857142857143,0.35932790662460934,False,58,60,82,/Users/neda/Documents/workspace4/DissertationProject/util/Python/numpy/build_src/build_src
761ba5dda,/Users/neda/Documents/workspace4/DissertationProject/util/Python/numpy/build_src/build_src@a1b13e177@Wed Aug 25 08:41:58 2010 +0000.py,build_src,2,13,28,0.4642857142857143,0.35932790662460934,False,59,60,82,/Users/neda/Documents/workspace4/DissertationProject/util/Python/numpy/build_src/build_src
761ba5dda,/Users/neda/Documents/workspace4/DissertationProject/util/Python/numpy/build_src/build_src@761ba5dda@Thu Dec 6 21:01:43 2012 -0800.py,build_src,2,13,28,0.4642857142857143,0.36480829138262105,False,60,60,82,/Users/neda/Documents/workspace4/DissertationProject/util/Python/numpy/build_src/build_src
761ba5dda,/Users/neda/Documents/workspace4/DissertationProject/util/Python/numpy/build_src/build_src@6aa264c4b@Wed Feb 27 13:26:58 2013 -0700.py,build_src,2,13,28,0.4642857142857143,0.363529235547394,False,61,60,82,/Users/neda/Documents/workspace4/DissertationProject/util/Python/numpy/build_src/build_src
8c663313d,/Users/neda/Documents/workspace4/DissertationProject/util/Python/numpy/compat/compat@a9a3a8cc1@Tue Mar 25 04:28:49 2008 +0000.py,Unpickler,2,2,2,1.0,0.14247101201957604,False,11,13,22,/Users/neda/Documents/workspace4/DissertationProject/util/Python/numpy/compat/compat
8c663313d,/Users/neda/Documents/workspace4/DissertationProject/util/Python/numpy/compat/compat@a9a3a8cc1@Tue Mar 25 04:28:49 2008 +0000.py,Pickler,2,2,2,1.0,0.14247101201957604,False,11,13,22,/Users/neda/Documents/workspace4/DissertationProject/util/Python/numpy/compat/compat
8c663313d,/Users/neda/Documents/workspace4/DissertationProject/util/Python/numpy/compat/compat@53cf422a4@Tue Mar 25 04:49:47 2008 +0000.py,Unpickler,2,2,2,1.0,0.14247101201957604,False,12,13,22,/Users/neda/Documents/workspace4/DissertationProject/util/Python/numpy/compat/compat
8c663313d,/Users/neda/Documents/workspace4/DissertationProject/util/Python/numpy/compat/compat@53cf422a4@Tue Mar 25 04:49:47 2008 +0000.py,Pickler,2,2,2,1.0,0.14247101201957604,False,12,13,22,/Users/neda/Documents/workspace4/DissertationProject/util/Python/numpy/compat/compat
8c663313d,/Users/neda/Documents/workspace4/DissertationProject/util/Python/numpy/compat/compat@8c663313d@Sun Apr 20 11:49:35 2008 +0000.py,Unpickler,2,2,2,1.0,0.14409187864726394,False,13,13,22,/Users/neda/Documents/workspace4/DissertationProject/util/Python/numpy/compat/compat
8c663313d,/Users/neda/Documents/workspace4/DissertationProject/util/Python/numpy/compat/compat@8c663313d@Sun Apr 20 11:49:35 2008 +0000.py,Pickler,2,2,2,1.0,0.14409187864726394,False,13,13,22,/Users/neda/Documents/workspace4/DissertationProject/util/Python/numpy/compat/compat
8c663313d,/Users/neda/Documents/workspace4/DissertationProject/util/Python/numpy/compat/compat@83eba775c@Sat Sep 13 18:10:48 2008 +0000.py,Unpickler,2,2,2,1.0,0.3842516684362922,False,14,13,22,/Users/neda/Documents/workspace4/DissertationProject/util/Python/numpy/compat/compat
8c663313d,/Users/neda/Documents/workspace4/DissertationProject/util/Python/numpy/compat/compat@83eba775c@Sat Sep 13 18:10:48 2008 +0000.py,Pickler,2,2,2,1.0,0.3842516684362922,False,14,13,22,/Users/neda/Documents/workspace4/DissertationProject/util/Python/numpy/compat/compat
6f5329fdf,/Users/neda/Documents/workspace4/DissertationProject/util/Python/numpy/setup/setup@99cbdbacc@Sat May 3 14:04:11 2014 -0700.py,sdist_checked,3,0,3,0,0.3679839180810459,True,573,574,872,/Users/neda/Documents/workspace4/DissertationProject/util/Python/numpy/setup/setup
6f5329fdf,/Users/neda/Documents/workspace4/DissertationProject/util/Python/numpy/setup/setup@6f5329fdf@Sun May 4 17:07:30 2014 -0600.py,sdist_checked,3,0,3,0,0.3679839180810459,True,574,574,872,/Users/neda/Documents/workspace4/DissertationProject/util/Python/numpy/setup/setup
696853112,/Users/neda/Documents/workspace4/DissertationProject/util/Python/numpy/absoft/absoft@f2db317c1@Fri Mar 10 21:19:42 2006 +0000.py,AbsoftFCompiler,3,20,56,0.35714285714285715,0.3604839142590139,True,4,6,23,/Users/neda/Documents/workspace4/DissertationProject/util/Python/numpy/absoft/absoft
696853112,/Users/neda/Documents/workspace4/DissertationProject/util/Python/numpy/absoft/absoft@bf57380ca@Fri Mar 10 21:31:27 2006 +0000.py,AbsoftFCompiler,3,20,56,0.35714285714285715,0.3604839142590139,True,5,6,23,/Users/neda/Documents/workspace4/DissertationProject/util/Python/numpy/absoft/absoft
696853112,/Users/neda/Documents/workspace4/DissertationProject/util/Python/numpy/absoft/absoft@696853112@Wed Apr 19 17:59:09 2006 +0000.py,AbsoftFCompiler,3,20,56,0.35714285714285715,0.35770778471276354,True,6,6,23,/Users/neda/Documents/workspace4/DissertationProject/util/Python/numpy/absoft/absoft
696853112,/Users/neda/Documents/workspace4/DissertationProject/util/Python/numpy/absoft/absoft@dbe851fdd@Wed Apr 19 19:20:04 2006 +0000.py,AbsoftFCompiler,3,20,56,0.35714285714285715,0.35770778471276354,True,7,6,23,/Users/neda/Documents/workspace4/DissertationProject/util/Python/numpy/absoft/absoft
786f77556,/Users/neda/Documents/workspace4/DissertationProject/util/Python/numpy/intel/intel@6d5ba6d15@Sun Dec 6 12:01:48 2009 +0000.py,BaseIntelFCompiler,3,1,72,0.013888888888888888,0.35978339106792473,True,28,29,57,/Users/neda/Documents/workspace4/DissertationProject/util/Python/numpy/intel/intel
786f77556,/Users/neda/Documents/workspace4/DissertationProject/util/Python/numpy/intel/intel@6d5ba6d15@Sun Dec 6 12:01:48 2009 +0000.py,IntelFCompiler,4,1,2,0.5,0.35978339106792473,False,28,29,57,/Users/neda/Documents/workspace4/DissertationProject/util/Python/numpy/intel/intel
786f77556,/Users/neda/Documents/workspace4/DissertationProject/util/Python/numpy/intel/intel@6d5ba6d15@Sun Dec 6 12:01:48 2009 +0000.py,IntelItaniumFCompiler,5,6,14,0.42857142857142855,0.35978339106792473,False,28,29,57,/Users/neda/Documents/workspace4/DissertationProject/util/Python/numpy/intel/intel
786f77556,/Users/neda/Documents/workspace4/DissertationProject/util/Python/numpy/intel/intel@6d5ba6d15@Sun Dec 6 12:01:48 2009 +0000.py,IntelEM64TFCompiler,5,7,14,0.5,0.35978339106792473,False,28,29,57,/Users/neda/Documents/workspace4/DissertationProject/util/Python/numpy/intel/intel
786f77556,/Users/neda/Documents/workspace4/DissertationProject/util/Python/numpy/intel/intel@6d5ba6d15@Sun Dec 6 12:01:48 2009 +0000.py,IntelVisualFCompiler,4,1,2,0.5,0.35978339106792473,False,28,29,57,/Users/neda/Documents/workspace4/DissertationProject/util/Python/numpy/intel/intel
786f77556,/Users/neda/Documents/workspace4/DissertationProject/util/Python/numpy/intel/intel@6d5ba6d15@Sun Dec 6 12:01:48 2009 +0000.py,IntelItaniumVisualFCompiler,5,6,16,0.375,0.35978339106792473,False,28,29,57,/Users/neda/Documents/workspace4/DissertationProject/util/Python/numpy/intel/intel
786f77556,/Users/neda/Documents/workspace4/DissertationProject/util/Python/numpy/intel/intel@786f77556@Sun Jan 24 23:11:57 2010 +0000.py,BaseIntelFCompiler,3,1,72,0.013888888888888888,0.3592065258933385,True,29,29,57,/Users/neda/Documents/workspace4/DissertationProject/util/Python/numpy/intel/intel
786f77556,/Users/neda/Documents/workspace4/DissertationProject/util/Python/numpy/intel/intel@786f77556@Sun Jan 24 23:11:57 2010 +0000.py,IntelFCompiler,4,1,2,0.5,0.3592065258933385,False,29,29,57,/Users/neda/Documents/workspace4/DissertationProject/util/Python/numpy/intel/intel
786f77556,/Users/neda/Documents/workspace4/DissertationProject/util/Python/numpy/intel/intel@786f77556@Sun Jan 24 23:11:57 2010 +0000.py,IntelItaniumFCompiler,5,6,14,0.42857142857142855,0.3592065258933385,False,29,29,57,/Users/neda/Documents/workspace4/DissertationProject/util/Python/numpy/intel/intel
786f77556,/Users/neda/Documents/workspace4/DissertationProject/util/Python/numpy/intel/intel@786f77556@Sun Jan 24 23:11:57 2010 +0000.py,IntelEM64TFCompiler,5,7,14,0.5,0.3592065258933385,False,29,29,57,/Users/neda/Documents/workspace4/DissertationProject/util/Python/numpy/intel/intel
786f77556,/Users/neda/Documents/workspace4/DissertationProject/util/Python/numpy/intel/intel@786f77556@Sun Jan 24 23:11:57 2010 +0000.py,IntelVisualFCompiler,4,2,2,1.0,0.3592065258933385,False,29,29,57,/Users/neda/Documents/workspace4/DissertationProject/util/Python/numpy/intel/intel
786f77556,/Users/neda/Documents/workspace4/DissertationProject/util/Python/numpy/intel/intel@786f77556@Sun Jan 24 23:11:57 2010 +0000.py,IntelItaniumVisualFCompiler,5,4,10,0.4,0.3592065258933385,False,29,29,57,/Users/neda/Documents/workspace4/DissertationProject/util/Python/numpy/intel/intel
786f77556,/Users/neda/Documents/workspace4/DissertationProject/util/Python/numpy/intel/intel@786f77556@Sun Jan 24 23:11:57 2010 +0000.py,IntelEM64VisualFCompiler,5,3,10,0.3,0.3592065258933385,True,29,29,57,/Users/neda/Documents/workspace4/DissertationProject/util/Python/numpy/intel/intel
786f77556,/Users/neda/Documents/workspace4/DissertationProject/util/Python/numpy/intel/intel@ce9fea2c2@Wed Mar 9 21:29:09 2011 +0800.py,BaseIntelFCompiler,3,1,72,0.013888888888888888,0.36527860934578493,True,30,29,57,/Users/neda/Documents/workspace4/DissertationProject/util/Python/numpy/intel/intel
786f77556,/Users/neda/Documents/workspace4/DissertationProject/util/Python/numpy/intel/intel@ce9fea2c2@Wed Mar 9 21:29:09 2011 +0800.py,IntelFCompiler,4,1,2,0.5,0.36527860934578493,False,30,29,57,/Users/neda/Documents/workspace4/DissertationProject/util/Python/numpy/intel/intel
786f77556,/Users/neda/Documents/workspace4/DissertationProject/util/Python/numpy/intel/intel@ce9fea2c2@Wed Mar 9 21:29:09 2011 +0800.py,IntelItaniumFCompiler,5,6,14,0.42857142857142855,0.36527860934578493,False,30,29,57,/Users/neda/Documents/workspace4/DissertationProject/util/Python/numpy/intel/intel
786f77556,/Users/neda/Documents/workspace4/DissertationProject/util/Python/numpy/intel/intel@ce9fea2c2@Wed Mar 9 21:29:09 2011 +0800.py,IntelEM64TFCompiler,5,7,14,0.5,0.36527860934578493,False,30,29,57,/Users/neda/Documents/workspace4/DissertationProject/util/Python/numpy/intel/intel
786f77556,/Users/neda/Documents/workspace4/DissertationProject/util/Python/numpy/intel/intel@ce9fea2c2@Wed Mar 9 21:29:09 2011 +0800.py,IntelVisualFCompiler,4,2,2,1.0,0.36527860934578493,False,30,29,57,/Users/neda/Documents/workspace4/DissertationProject/util/Python/numpy/intel/intel
786f77556,/Users/neda/Documents/workspace4/DissertationProject/util/Python/numpy/intel/intel@ce9fea2c2@Wed Mar 9 21:29:09 2011 +0800.py,IntelItaniumVisualFCompiler,5,4,10,0.4,0.36527860934578493,False,30,29,57,/Users/neda/Documents/workspace4/DissertationProject/util/Python/numpy/intel/intel
786f77556,/Users/neda/Documents/workspace4/DissertationProject/util/Python/numpy/intel/intel@ce9fea2c2@Wed Mar 9 21:29:09 2011 +0800.py,IntelEM64VisualFCompiler,5,3,10,0.3,0.36527860934578493,True,30,29,57,/Users/neda/Documents/workspace4/DissertationProject/util/Python/numpy/intel/intel
363d20930,/Users/neda/Documents/workspace4/DissertationProject/util/Python/numpy/scons/scons@70ed0f238@Fri Aug 8 04:33:45 2008 +0000.py,scons,2,14,27,0.5185185185185185,0.38720745050118677,False,27,29,70,/Users/neda/Documents/workspace4/DissertationProject/util/Python/numpy/scons/scons
363d20930,/Users/neda/Documents/workspace4/DissertationProject/util/Python/numpy/scons/scons@4db04374b@Sat Aug 9 23:55:01 2008 +0000.py,scons,2,14,27,0.5185185185185185,0.38720745050118677,False,28,29,70,/Users/neda/Documents/workspace4/DissertationProject/util/Python/numpy/scons/scons
363d20930,/Users/neda/Documents/workspace4/DissertationProject/util/Python/numpy/scons/scons@363d20930@Sun Aug 10 21:07:36 2008 +0000.py,scons,2,14,27,0.5185185185185185,0.38720745050118677,False,29,29,70,/Users/neda/Documents/workspace4/DissertationProject/util/Python/numpy/scons/scons
363d20930,/Users/neda/Documents/workspace4/DissertationProject/util/Python/numpy/scons/scons@46aaaa592@Wed Aug 13 19:59:21 2008 +0000.py,scons,2,14,27,0.5185185185185185,0.38720745050118677,False,30,29,70,/Users/neda/Documents/workspace4/DissertationProject/util/Python/numpy/scons/scons
f46278b11,/Users/neda/Documents/workspace4/DissertationProject/util/Python/numpy/gnu/gnu@ab4f82840@Fri Jul 15 08:20:21 2016 -0500.py,GnuFCompiler,3,12,74,0.16216216216216217,0.29695146384895355,True,89,91,116,/Users/neda/Documents/workspace4/DissertationProject/util/Python/numpy/gnu/gnu
f46278b11,/Users/neda/Documents/workspace4/DissertationProject/util/Python/numpy/gnu/gnu@ab4f82840@Fri Jul 15 08:20:21 2016 -0500.py,Gnu95FCompiler,4,17,18,0.9444444444444444,0.29695146384895355,False,89,91,116,/Users/neda/Documents/workspace4/DissertationProject/util/Python/numpy/gnu/gnu
f46278b11,/Users/neda/Documents/workspace4/DissertationProject/util/Python/numpy/gnu/gnu@b831444be@Mon Aug 29 23:20:16 2016 +0200.py,GnuFCompiler,3,12,74,0.16216216216216217,0.3029148241448975,True,90,91,116,/Users/neda/Documents/workspace4/DissertationProject/util/Python/numpy/gnu/gnu
f46278b11,/Users/neda/Documents/workspace4/DissertationProject/util/Python/numpy/gnu/gnu@b831444be@Mon Aug 29 23:20:16 2016 +0200.py,Gnu95FCompiler,4,17,18,0.9444444444444444,0.3029148241448975,False,90,91,116,/Users/neda/Documents/workspace4/DissertationProject/util/Python/numpy/gnu/gnu
f46278b11,/Users/neda/Documents/workspace4/DissertationProject/util/Python/numpy/gnu/gnu@f46278b11@Sun Sep 4 11:51:22 2016 +0200.py,GnuFCompiler,3,12,74,0.16216216216216217,0.3012412615805611,True,91,91,116,/Users/neda/Documents/workspace4/DissertationProject/util/Python/numpy/gnu/gnu
f46278b11,/Users/neda/Documents/workspace4/DissertationProject/util/Python/numpy/gnu/gnu@f46278b11@Sun Sep 4 11:51:22 2016 +0200.py,Gnu95FCompiler,4,17,18,0.9444444444444444,0.3012412615805611,False,91,91,116,/Users/neda/Documents/workspace4/DissertationProject/util/Python/numpy/gnu/gnu
f46278b11,/Users/neda/Documents/workspace4/DissertationProject/util/Python/numpy/gnu/gnu@7562de3a3@Sun Oct 2 22:56:02 2016 +1300.py,GnuFCompiler,3,12,74,0.16216216216216217,0.3002454304729756,True,92,91,116,/Users/neda/Documents/workspace4/DissertationProject/util/Python/numpy/gnu/gnu
f46278b11,/Users/neda/Documents/workspace4/DissertationProject/util/Python/numpy/gnu/gnu@7562de3a3@Sun Oct 2 22:56:02 2016 +1300.py,Gnu95FCompiler,4,17,18,0.9444444444444444,0.3002454304729756,False,92,91,116,/Users/neda/Documents/workspace4/DissertationProject/util/Python/numpy/gnu/gnu
8786936d6,/Users/neda/Documents/workspace4/DissertationProject/util/Python/numpy/scons/scons@8f76e68c6@Sun Jul 26 11:06:27 2009 +0000.py,scons,2,14,28,0.5,0.35711757829253554,False,39,41,70,/Users/neda/Documents/workspace4/DissertationProject/util/Python/numpy/scons/scons
8786936d6,/Users/neda/Documents/workspace4/DissertationProject/util/Python/numpy/scons/scons@124c2aed2@Sun Jul 26 11:06:55 2009 +0000.py,scons,2,14,28,0.5,0.35711757829253554,False,40,41,70,/Users/neda/Documents/workspace4/DissertationProject/util/Python/numpy/scons/scons
8786936d6,/Users/neda/Documents/workspace4/DissertationProject/util/Python/numpy/scons/scons@8786936d6@Sun Jul 26 11:15:23 2009 +0000.py,scons,2,14,28,0.5,0.35694591626074373,False,41,41,70,/Users/neda/Documents/workspace4/DissertationProject/util/Python/numpy/scons/scons
8786936d6,/Users/neda/Documents/workspace4/DissertationProject/util/Python/numpy/scons/scons@ae9596c78@Sun Jul 26 11:17:39 2009 +0000.py,scons,2,14,28,0.5,0.35694591626074373,False,42,41,70,/Users/neda/Documents/workspace4/DissertationProject/util/Python/numpy/scons/scons
d207bdd2f,/Users/neda/Documents/workspace4/DissertationProject/util/Python/numpy/chebyshev/chebyshev@83828f52b@Sat Jun 16 18:18:19 2018 +1200.py,Chebyshev,2,2,72,0.027777777777777776,0.27583446465499406,True,63,65,89,/Users/neda/Documents/workspace4/DissertationProject/util/Python/numpy/chebyshev/chebyshev
d207bdd2f,/Users/neda/Documents/workspace4/DissertationProject/util/Python/numpy/chebyshev/chebyshev@e6e60c02e@Fri Jul 6 22:12:02 2018 -0700.py,Chebyshev,2,2,76,0.02631578947368421,0.272724535059202,True,64,65,89,/Users/neda/Documents/workspace4/DissertationProject/util/Python/numpy/chebyshev/chebyshev
d207bdd2f,/Users/neda/Documents/workspace4/DissertationProject/util/Python/numpy/chebyshev/chebyshev@d207bdd2f@Sun Jul 8 16:10:30 2018 -0400.py,Chebyshev,2,2,72,0.027777777777777776,0.2724692117429368,True,65,65,89,/Users/neda/Documents/workspace4/DissertationProject/util/Python/numpy/chebyshev/chebyshev
d207bdd2f,/Users/neda/Documents/workspace4/DissertationProject/util/Python/numpy/chebyshev/chebyshev@d55a77520@Sun Aug 26 14:42:25 2018 -0600.py,Chebyshev,2,2,76,0.02631578947368421,0.2647091688634144,True,66,65,89,/Users/neda/Documents/workspace4/DissertationProject/util/Python/numpy/chebyshev/chebyshev
fc7afe0f1,/Users/neda/Documents/workspace4/DissertationProject/util/Python/numpy/polytemplate/polytemplate@6e7700513@Sun May 23 22:02:08 2010 +0000.py,$name,3,0,0,0,0.3619532946446557,True,10,12,35,/Users/neda/Documents/workspace4/DissertationProject/util/Python/numpy/polytemplate/polytemplate
fc7afe0f1,/Users/neda/Documents/workspace4/DissertationProject/util/Python/numpy/polytemplate/polytemplate@4ac790852@Sun May 23 22:02:11 2010 +0000.py,$name,3,0,0,0,0.3619532946446557,True,11,12,35,/Users/neda/Documents/workspace4/DissertationProject/util/Python/numpy/polytemplate/polytemplate
fc7afe0f1,/Users/neda/Documents/workspace4/DissertationProject/util/Python/numpy/polytemplate/polytemplate@fc7afe0f1@Sun May 23 22:02:13 2010 +0000.py,$name,3,0,0,0,0.3619532946446557,True,12,12,35,/Users/neda/Documents/workspace4/DissertationProject/util/Python/numpy/polytemplate/polytemplate
fc7afe0f1,/Users/neda/Documents/workspace4/DissertationProject/util/Python/numpy/polytemplate/polytemplate@0db76715c@Mon Jun 7 03:43:19 2010 +0000.py,$name,3,0,0,0,0.3619532946446557,True,13,12,35,/Users/neda/Documents/workspace4/DissertationProject/util/Python/numpy/polytemplate/polytemplate
1e40d58f9,/Users/neda/Documents/workspace4/DissertationProject/util/Python/numpy/compaq/compaq@e706c7d92@Wed Jan 4 19:00:27 2006 +0000.py,CompaqFCompiler,3,9,56,0.16071428571428573,0.33958643779424164,True,0,2,25,/Users/neda/Documents/workspace4/DissertationProject/util/Python/numpy/compaq/compaq
1e40d58f9,/Users/neda/Documents/workspace4/DissertationProject/util/Python/numpy/compaq/compaq@e706c7d92@Wed Jan 4 19:00:27 2006 +0000.py,CompaqVisualFCompiler,3,13,56,0.23214285714285715,0.33958643779424164,True,0,2,25,/Users/neda/Documents/workspace4/DissertationProject/util/Python/numpy/compaq/compaq
1e40d58f9,/Users/neda/Documents/workspace4/DissertationProject/util/Python/numpy/compaq/compaq@4776dffd4@Tue Mar 28 12:39:24 2006 +0000.py,CompaqFCompiler,3,9,56,0.16071428571428573,0.35381292645002405,True,1,2,25,/Users/neda/Documents/workspace4/DissertationProject/util/Python/numpy/compaq/compaq
1e40d58f9,/Users/neda/Documents/workspace4/DissertationProject/util/Python/numpy/compaq/compaq@4776dffd4@Tue Mar 28 12:39:24 2006 +0000.py,CompaqVisualFCompiler,3,13,56,0.23214285714285715,0.35381292645002405,True,1,2,25,/Users/neda/Documents/workspace4/DissertationProject/util/Python/numpy/compaq/compaq
1e40d58f9,/Users/neda/Documents/workspace4/DissertationProject/util/Python/numpy/compaq/compaq@1e40d58f9@Wed Jun 21 00:27:10 2006 +0000.py,CompaqFCompiler,3,10,57,0.17543859649122806,0.3390746140028197,True,2,2,25,/Users/neda/Documents/workspace4/DissertationProject/util/Python/numpy/compaq/compaq
1e40d58f9,/Users/neda/Documents/workspace4/DissertationProject/util/Python/numpy/compaq/compaq@1e40d58f9@Wed Jun 21 00:27:10 2006 +0000.py,CompaqVisualFCompiler,3,14,57,0.24561403508771928,0.3390746140028197,True,2,2,25,/Users/neda/Documents/workspace4/DissertationProject/util/Python/numpy/compaq/compaq
1e40d58f9,/Users/neda/Documents/workspace4/DissertationProject/util/Python/numpy/compaq/compaq@079b1d88a@Thu Aug 3 02:42:25 2006 +0000.py,CompaqFCompiler,3,10,63,0.15873015873015872,0.36267685175818515,True,3,2,25,/Users/neda/Documents/workspace4/DissertationProject/util/Python/numpy/compaq/compaq
1e40d58f9,/Users/neda/Documents/workspace4/DissertationProject/util/Python/numpy/compaq/compaq@079b1d88a@Thu Aug 3 02:42:25 2006 +0000.py,CompaqVisualFCompiler,3,14,63,0.2222222222222222,0.36267685175818515,True,3,2,25,/Users/neda/Documents/workspace4/DissertationProject/util/Python/numpy/compaq/compaq
c0479b232,/Users/neda/Documents/workspace4/DissertationProject/util/Python/numpy/sun/sun@5267b3e16@Fri May 25 11:41:16 2007 +0000.py,SunFCompiler,3,7,65,0.1076923076923077,0.13768568878433413,True,3,5,15,/Users/neda/Documents/workspace4/DissertationProject/util/Python/numpy/sun/sun
c0479b232,/Users/neda/Documents/workspace4/DissertationProject/util/Python/numpy/sun/sun@840bd64e6@Fri May 25 19:38:39 2007 +0000.py,SunFCompiler,3,4,29,0.13793103448275862,0.1374560676591906,False,4,5,15,/Users/neda/Documents/workspace4/DissertationProject/util/Python/numpy/sun/sun
c0479b232,/Users/neda/Documents/workspace4/DissertationProject/util/Python/numpy/sun/sun@c0479b232@Tue Nov 3 01:52:51 2009 +0000.py,SunFCompiler,3,8,71,0.11267605633802817,0.3545177127487659,True,5,5,15,/Users/neda/Documents/workspace4/DissertationProject/util/Python/numpy/sun/sun
c0479b232,/Users/neda/Documents/workspace4/DissertationProject/util/Python/numpy/sun/sun@bee85b21c@Thu Dec 3 15:57:50 2009 +0000.py,SunFCompiler,3,8,71,0.11267605633802817,0.3590031690947733,True,6,5,15,/Users/neda/Documents/workspace4/DissertationProject/util/Python/numpy/sun/sun
7562de3a3,/Users/neda/Documents/workspace4/DissertationProject/util/Python/numpy/gnu/gnu@b831444be@Mon Aug 29 23:20:16 2016 +0200.py,GnuFCompiler,3,12,74,0.16216216216216217,0.3029148241448975,True,90,92,116,/Users/neda/Documents/workspace4/DissertationProject/util/Python/numpy/gnu/gnu
7562de3a3,/Users/neda/Documents/workspace4/DissertationProject/util/Python/numpy/gnu/gnu@b831444be@Mon Aug 29 23:20:16 2016 +0200.py,Gnu95FCompiler,4,17,18,0.9444444444444444,0.3029148241448975,False,90,92,116,/Users/neda/Documents/workspace4/DissertationProject/util/Python/numpy/gnu/gnu
7562de3a3,/Users/neda/Documents/workspace4/DissertationProject/util/Python/numpy/gnu/gnu@f46278b11@Sun Sep 4 11:51:22 2016 +0200.py,GnuFCompiler,3,12,74,0.16216216216216217,0.3012412615805611,True,91,92,116,/Users/neda/Documents/workspace4/DissertationProject/util/Python/numpy/gnu/gnu
7562de3a3,/Users/neda/Documents/workspace4/DissertationProject/util/Python/numpy/gnu/gnu@f46278b11@Sun Sep 4 11:51:22 2016 +0200.py,Gnu95FCompiler,4,17,18,0.9444444444444444,0.3012412615805611,False,91,92,116,/Users/neda/Documents/workspace4/DissertationProject/util/Python/numpy/gnu/gnu
7562de3a3,/Users/neda/Documents/workspace4/DissertationProject/util/Python/numpy/gnu/gnu@7562de3a3@Sun Oct 2 22:56:02 2016 +1300.py,GnuFCompiler,3,12,74,0.16216216216216217,0.3002454304729756,True,92,92,116,/Users/neda/Documents/workspace4/DissertationProject/util/Python/numpy/gnu/gnu
7562de3a3,/Users/neda/Documents/workspace4/DissertationProject/util/Python/numpy/gnu/gnu@7562de3a3@Sun Oct 2 22:56:02 2016 +1300.py,Gnu95FCompiler,4,17,18,0.9444444444444444,0.3002454304729756,False,92,92,116,/Users/neda/Documents/workspace4/DissertationProject/util/Python/numpy/gnu/gnu
7562de3a3,/Users/neda/Documents/workspace4/DissertationProject/util/Python/numpy/gnu/gnu@ec0e04694@Tue Dec 13 15:53:56 2016 -0700.py,GnuFCompiler,3,12,74,0.16216216216216217,0.3002454304729756,True,93,92,116,/Users/neda/Documents/workspace4/DissertationProject/util/Python/numpy/gnu/gnu
7562de3a3,/Users/neda/Documents/workspace4/DissertationProject/util/Python/numpy/gnu/gnu@ec0e04694@Tue Dec 13 15:53:56 2016 -0700.py,Gnu95FCompiler,4,17,18,0.9444444444444444,0.3002454304729756,False,93,92,116,/Users/neda/Documents/workspace4/DissertationProject/util/Python/numpy/gnu/gnu
524abf2f4,/Users/neda/Documents/workspace4/DissertationProject/util/Python/numpy/hermite/hermite@ddbc31c2d@Sat Mar 16 20:38:50 2019 -0700.py,Hermite,4,4,64,0.0625,0.26407695687031096,True,64,66,74,/Users/neda/Documents/workspace4/DissertationProject/util/Python/numpy/hermite/hermite
524abf2f4,/Users/neda/Documents/workspace4/DissertationProject/util/Python/numpy/hermite/hermite@732d52a4c@Mon Apr 8 17:00:10 2019 -0600.py,Hermite,4,4,64,0.0625,0.26407695687031096,True,65,66,74,/Users/neda/Documents/workspace4/DissertationProject/util/Python/numpy/hermite/hermite
524abf2f4,/Users/neda/Documents/workspace4/DissertationProject/util/Python/numpy/hermite/hermite@524abf2f4@Sun Apr 14 21:59:26 2019 +0200.py,Hermite,4,4,64,0.0625,0.2640835859037095,True,66,66,74,/Users/neda/Documents/workspace4/DissertationProject/util/Python/numpy/hermite/hermite
524abf2f4,/Users/neda/Documents/workspace4/DissertationProject/util/Python/numpy/hermite/hermite@5343bc84b@Sun Apr 14 22:11:15 2019 +0200.py,Hermite,4,4,64,0.0625,0.2640835859037095,True,67,66,74,/Users/neda/Documents/workspace4/DissertationProject/util/Python/numpy/hermite/hermite
83015dfad,/Users/neda/Documents/workspace4/DissertationProject/util/Python/numpy/matrix/matrix@4a7ce9935@Tue Dec 6 01:43:36 2005 +0000.py,matrix,3,0,15,0,0.3349400843678148,True,29,31,47,/Users/neda/Documents/workspace4/DissertationProject/util/Python/numpy/matrix/matrix
83015dfad,/Users/neda/Documents/workspace4/DissertationProject/util/Python/numpy/matrix/matrix@9df62b0d2@Wed Dec 14 12:10:31 2005 +0000.py,matrix,3,0,15,0,0.33282021041611975,True,30,31,47,/Users/neda/Documents/workspace4/DissertationProject/util/Python/numpy/matrix/matrix
83015dfad,/Users/neda/Documents/workspace4/DissertationProject/util/Python/numpy/matrix/matrix@83015dfad@Fri Dec 16 09:49:56 2005 +0000.py,matrix,3,0,15,0,0.3294029137131422,True,31,31,47,/Users/neda/Documents/workspace4/DissertationProject/util/Python/numpy/matrix/matrix
83015dfad,/Users/neda/Documents/workspace4/DissertationProject/util/Python/numpy/matrix/matrix@5fa9528d9@Sun Dec 25 10:19:10 2005 +0000.py,matrix,3,0,15,0,0.30517194581103957,True,32,31,47,/Users/neda/Documents/workspace4/DissertationProject/util/Python/numpy/matrix/matrix
524abf2f4,/Users/neda/Documents/workspace4/DissertationProject/util/Python/numpy/hermite_e/hermite_e@ddbc31c2d@Sat Mar 16 20:38:50 2019 -0700.py,HermiteE,4,4,64,0.0625,0.26407695687031096,True,67,69,77,/Users/neda/Documents/workspace4/DissertationProject/util/Python/numpy/hermite_e/hermite_e
524abf2f4,/Users/neda/Documents/workspace4/DissertationProject/util/Python/numpy/hermite_e/hermite_e@732d52a4c@Mon Apr 8 17:00:10 2019 -0600.py,HermiteE,4,4,64,0.0625,0.26407695687031096,True,68,69,77,/Users/neda/Documents/workspace4/DissertationProject/util/Python/numpy/hermite_e/hermite_e
524abf2f4,/Users/neda/Documents/workspace4/DissertationProject/util/Python/numpy/hermite_e/hermite_e@524abf2f4@Sun Apr 14 21:59:26 2019 +0200.py,HermiteE,4,4,64,0.0625,0.2640835859037095,True,69,69,77,/Users/neda/Documents/workspace4/DissertationProject/util/Python/numpy/hermite_e/hermite_e
524abf2f4,/Users/neda/Documents/workspace4/DissertationProject/util/Python/numpy/hermite_e/hermite_e@5343bc84b@Sun Apr 14 22:11:15 2019 +0200.py,HermiteE,4,4,64,0.0625,0.2640835859037095,True,70,69,77,/Users/neda/Documents/workspace4/DissertationProject/util/Python/numpy/hermite_e/hermite_e
3122ee546,/Users/neda/Documents/workspace4/DissertationProject/util/Python/numpy/install/install@78de166d5@Sun Jul 26 11:03:58 2009 +0000.py,install,2,1,4,0.25,0.35711757829253554,True,7,9,18,/Users/neda/Documents/workspace4/DissertationProject/util/Python/numpy/install/install
3122ee546,/Users/neda/Documents/workspace4/DissertationProject/util/Python/numpy/install/install@3e3661d46@Sun Jul 26 11:07:26 2009 +0000.py,install,2,1,4,0.25,0.35711757829253554,True,8,9,18,/Users/neda/Documents/workspace4/DissertationProject/util/Python/numpy/install/install
3122ee546,/Users/neda/Documents/workspace4/DissertationProject/util/Python/numpy/install/install@3122ee546@Thu Nov 12 20:55:40 2009 +0000.py,install,2,1,4,0.25,0.3579190732929836,True,9,9,18,/Users/neda/Documents/workspace4/DissertationProject/util/Python/numpy/install/install
3122ee546,/Users/neda/Documents/workspace4/DissertationProject/util/Python/numpy/install/install@6aa264c4b@Wed Feb 27 13:26:58 2013 -0700.py,install,2,1,4,0.25,0.363529235547394,True,10,9,18,/Users/neda/Documents/workspace4/DissertationProject/util/Python/numpy/install/install
3122ee546,/Users/neda/Documents/workspace4/DissertationProject/util/Python/numpy/install_data/install_data@d419e6c49@Tue Mar 25 10:41:21 2003 +0000.py,install_data,2,1,1,1.0,0.36950460736709106,False,1,3,8,/Users/neda/Documents/workspace4/DissertationProject/util/Python/numpy/install_data/install_data
3122ee546,/Users/neda/Documents/workspace4/DissertationProject/util/Python/numpy/install_data/install_data@9e5252bd4@Thu Feb 2 03:28:25 2006 +0000.py,install_data,2,1,1,1.0,0.35645674008803296,False,2,3,8,/Users/neda/Documents/workspace4/DissertationProject/util/Python/numpy/install_data/install_data
3122ee546,/Users/neda/Documents/workspace4/DissertationProject/util/Python/numpy/install_data/install_data@3122ee546@Thu Nov 12 20:55:40 2009 +0000.py,install_data,2,3,2,1.5,0.3579190732929836,False,3,3,8,/Users/neda/Documents/workspace4/DissertationProject/util/Python/numpy/install_data/install_data
3122ee546,/Users/neda/Documents/workspace4/DissertationProject/util/Python/numpy/install_data/install_data@6aa264c4b@Wed Feb 27 13:26:58 2013 -0700.py,install_data,2,3,2,1.5,0.363529235547394,False,4,3,8,/Users/neda/Documents/workspace4/DissertationProject/util/Python/numpy/install_data/install_data
1fccdccf9,/Users/neda/Documents/workspace4/DissertationProject/util/Python/numpy/_dtype_ctypes/_dtype_ctypes@dc560bd3f@Fri Nov 9 10:30:21 2018 +0100.py,DummyStruct,3,0,0,0,0.25681293380916254,True,2,4,11,/Users/neda/Documents/workspace4/DissertationProject/util/Python/numpy/_dtype_ctypes/_dtype_ctypes
1fccdccf9,/Users/neda/Documents/workspace4/DissertationProject/util/Python/numpy/_dtype_ctypes/_dtype_ctypes@b64e418cc@Tue Nov 13 06:11:23 2018 -0700.py,DummyStruct,3,0,0,0,0.25681293380916254,True,3,4,11,/Users/neda/Documents/workspace4/DissertationProject/util/Python/numpy/_dtype_ctypes/_dtype_ctypes
1fccdccf9,/Users/neda/Documents/workspace4/DissertationProject/util/Python/numpy/_dtype_ctypes/_dtype_ctypes@1fccdccf9@Thu Nov 15 14:53:53 2018 +0100.py,DummyStruct,3,0,0,0,0.25681293380916254,True,4,4,11,/Users/neda/Documents/workspace4/DissertationProject/util/Python/numpy/_dtype_ctypes/_dtype_ctypes
1fccdccf9,/Users/neda/Documents/workspace4/DissertationProject/util/Python/numpy/_dtype_ctypes/_dtype_ctypes@1466e788a@Mon Nov 19 02:10:35 2018 +0100.py,DummyStruct,3,0,0,0,0.25681293380916254,True,5,4,11,/Users/neda/Documents/workspace4/DissertationProject/util/Python/numpy/_dtype_ctypes/_dtype_ctypes
435c72625,/Users/neda/Documents/workspace4/DissertationProject/util/Python/numpy/gnu/gnu@9dd7c7b8a@Sat Oct 16 22:18:54 2010 +0300.py,GnuFCompiler,3,12,72,0.16666666666666666,0.3634942200655966,True,66,68,116,/Users/neda/Documents/workspace4/DissertationProject/util/Python/numpy/gnu/gnu
435c72625,/Users/neda/Documents/workspace4/DissertationProject/util/Python/numpy/gnu/gnu@9dd7c7b8a@Sat Oct 16 22:18:54 2010 +0300.py,Gnu95FCompiler,4,5,17,0.29411764705882354,0.3634942200655966,True,66,68,116,/Users/neda/Documents/workspace4/DissertationProject/util/Python/numpy/gnu/gnu
435c72625,/Users/neda/Documents/workspace4/DissertationProject/util/Python/numpy/gnu/gnu@ba019417f@Sun Oct 17 16:52:59 2010 +0800.py,GnuFCompiler,3,12,72,0.16666666666666666,0.3634942200655966,True,67,68,116,/Users/neda/Documents/workspace4/DissertationProject/util/Python/numpy/gnu/gnu
435c72625,/Users/neda/Documents/workspace4/DissertationProject/util/Python/numpy/gnu/gnu@ba019417f@Sun Oct 17 16:52:59 2010 +0800.py,Gnu95FCompiler,4,5,17,0.29411764705882354,0.3634942200655966,True,67,68,116,/Users/neda/Documents/workspace4/DissertationProject/util/Python/numpy/gnu/gnu
435c72625,/Users/neda/Documents/workspace4/DissertationProject/util/Python/numpy/gnu/gnu@435c72625@Tue Oct 19 21:45:27 2010 +0800.py,GnuFCompiler,3,12,72,0.16666666666666666,0.3634942200655966,True,68,68,116,/Users/neda/Documents/workspace4/DissertationProject/util/Python/numpy/gnu/gnu
435c72625,/Users/neda/Documents/workspace4/DissertationProject/util/Python/numpy/gnu/gnu@435c72625@Tue Oct 19 21:45:27 2010 +0800.py,Gnu95FCompiler,4,5,17,0.29411764705882354,0.3634942200655966,True,68,68,116,/Users/neda/Documents/workspace4/DissertationProject/util/Python/numpy/gnu/gnu
435c72625,/Users/neda/Documents/workspace4/DissertationProject/util/Python/numpy/gnu/gnu@44381b83e@Sun Sep 16 16:05:52 2012 -0700.py,GnuFCompiler,3,12,74,0.16216216216216217,0.36409234364680576,True,69,68,116,/Users/neda/Documents/workspace4/DissertationProject/util/Python/numpy/gnu/gnu
435c72625,/Users/neda/Documents/workspace4/DissertationProject/util/Python/numpy/gnu/gnu@44381b83e@Sun Sep 16 16:05:52 2012 -0700.py,Gnu95FCompiler,4,17,17,1.0,0.36409234364680576,False,69,68,116,/Users/neda/Documents/workspace4/DissertationProject/util/Python/numpy/gnu/gnu
1f1e8f94e,/Users/neda/Documents/workspace4/DissertationProject/util/Python/numpy/setup/setup@6424fee34@Thu Apr 25 05:51:55 2019 -0700.py,sdist_checked,3,0,3,0,0.2640835859037095,True,776,777,872,/Users/neda/Documents/workspace4/DissertationProject/util/Python/numpy/setup/setup
1f1e8f94e,/Users/neda/Documents/workspace4/DissertationProject/util/Python/numpy/setup/setup@1f1e8f94e@Wed May 1 22:53:54 2019 -0400.py,sdist_checked,3,0,3,0,0.2636604328433582,True,777,777,872,/Users/neda/Documents/workspace4/DissertationProject/util/Python/numpy/setup/setup
3f82799ae,/Users/neda/Documents/workspace4/DissertationProject/util/Python/numpy/scons/scons@df327a92b@Fri Oct 3 06:50:32 2008 +0000.py,scons,2,14,27,0.5185185185185185,0.3842516684362922,False,34,36,70,/Users/neda/Documents/workspace4/DissertationProject/util/Python/numpy/scons/scons
3f82799ae,/Users/neda/Documents/workspace4/DissertationProject/util/Python/numpy/scons/scons@98f4cd292@Sat Oct 4 01:02:11 2008 +0000.py,scons,2,14,27,0.5185185185185185,0.3842516684362922,False,35,36,70,/Users/neda/Documents/workspace4/DissertationProject/util/Python/numpy/scons/scons
3f82799ae,/Users/neda/Documents/workspace4/DissertationProject/util/Python/numpy/scons/scons@3f82799ae@Fri Dec 26 12:16:45 2008 +0000.py,scons,2,14,27,0.5185185185185185,0.36761501696060533,False,36,36,70,/Users/neda/Documents/workspace4/DissertationProject/util/Python/numpy/scons/scons
3f82799ae,/Users/neda/Documents/workspace4/DissertationProject/util/Python/numpy/scons/scons@4418fa67d@Tue Apr 21 10:45:34 2009 +0000.py,scons,2,14,28,0.5,0.3699931549770413,False,37,36,70,/Users/neda/Documents/workspace4/DissertationProject/util/Python/numpy/scons/scons
a3afc2508,/Users/neda/Documents/workspace4/DissertationProject/util/Python/numpy/setup/setup@a3afc2508@Wed May 10 11:01:08 2017 -0600.py,sdist_checked,3,0,3,0,0.28867116574005297,True,676,676,872,/Users/neda/Documents/workspace4/DissertationProject/util/Python/numpy/setup/setup
3e58b8db5,/Users/neda/Documents/workspace4/DissertationProject/util/Python/numpy/setup_common/setup_common@20ec480ff@Mon Feb 15 23:13:16 2010 +0000.py,MismatchCAPIWarning,2,0,0,0,0.3595720229693619,True,21,23,112,/Users/neda/Documents/workspace4/DissertationProject/util/Python/numpy/setup_common/setup_common
3e58b8db5,/Users/neda/Documents/workspace4/DissertationProject/util/Python/numpy/setup_common/setup_common@3aef98e08@Mon Jul 19 08:49:50 2010 +0000.py,MismatchCAPIWarning,2,0,0,0,0.36103401127345547,True,22,23,112,/Users/neda/Documents/workspace4/DissertationProject/util/Python/numpy/setup_common/setup_common
3e58b8db5,/Users/neda/Documents/workspace4/DissertationProject/util/Python/numpy/setup_common/setup_common@3e58b8db5@Tue Jan 25 23:23:30 2011 -0800.py,MismatchCAPIWarning,2,0,0,0,0.36527860934578493,True,23,23,112,/Users/neda/Documents/workspace4/DissertationProject/util/Python/numpy/setup_common/setup_common
3e58b8db5,/Users/neda/Documents/workspace4/DissertationProject/util/Python/numpy/setup_common/setup_common@3882d65c4@Wed Mar 9 11:04:22 2011 +0800.py,MismatchCAPIWarning,2,0,0,0,0.36527860934578493,True,24,23,112,/Users/neda/Documents/workspace4/DissertationProject/util/Python/numpy/setup_common/setup_common
b33a5ee78,/Users/neda/Documents/workspace4/DissertationProject/util/Python/numpy/setup/setup@b33a5ee78@Sat Nov 5 13:48:30 2016 -0600.py,sdist_checked,3,0,3,0,0.3002454304729756,True,661,661,872,/Users/neda/Documents/workspace4/DissertationProject/util/Python/numpy/setup/setup
6deecb9e5,/Users/neda/Documents/workspace4/DissertationProject/util/Python/numpy/gnu/gnu@303c70466@Tue Apr 7 12:08:51 2020 +0300.py,GnuFCompiler,3,12,77,0.15584415584415584,0.24785030092482188,True,113,115,116,/Users/neda/Documents/workspace4/DissertationProject/util/Python/numpy/gnu/gnu
6deecb9e5,/Users/neda/Documents/workspace4/DissertationProject/util/Python/numpy/gnu/gnu@303c70466@Tue Apr 7 12:08:51 2020 +0300.py,Gnu95FCompiler,4,16,19,0.8421052631578947,0.24785030092482188,False,113,115,116,/Users/neda/Documents/workspace4/DissertationProject/util/Python/numpy/gnu/gnu
6deecb9e5,/Users/neda/Documents/workspace4/DissertationProject/util/Python/numpy/gnu/gnu@42281e952@Wed Apr 8 08:58:18 2020 +0300.py,GnuFCompiler,3,12,77,0.15584415584415584,0.24785030092482188,True,114,115,116,/Users/neda/Documents/workspace4/DissertationProject/util/Python/numpy/gnu/gnu
6deecb9e5,/Users/neda/Documents/workspace4/DissertationProject/util/Python/numpy/gnu/gnu@42281e952@Wed Apr 8 08:58:18 2020 +0300.py,Gnu95FCompiler,4,16,19,0.8421052631578947,0.24785030092482188,False,114,115,116,/Users/neda/Documents/workspace4/DissertationProject/util/Python/numpy/gnu/gnu
6deecb9e5,/Users/neda/Documents/workspace4/DissertationProject/util/Python/numpy/gnu/gnu@6deecb9e5@Mon Jun 1 12:29:32 2020 -0400.py,GnuFCompiler,3,12,77,0.15584415584415584,0.24595106490240945,True,115,115,116,/Users/neda/Documents/workspace4/DissertationProject/util/Python/numpy/gnu/gnu
6deecb9e5,/Users/neda/Documents/workspace4/DissertationProject/util/Python/numpy/gnu/gnu@6deecb9e5@Mon Jun 1 12:29:32 2020 -0400.py,Gnu95FCompiler,4,16,19,0.8421052631578947,0.24595106490240945,False,115,115,116,/Users/neda/Documents/workspace4/DissertationProject/util/Python/numpy/gnu/gnu
854f67f29,/Users/neda/Documents/workspace4/DissertationProject/util/Python/numpy/intel/intel@9fc9db1df@Fri Apr 22 19:29:29 2011 +0200.py,BaseIntelFCompiler,3,1,72,0.013888888888888888,0.3539756177406037,True,31,33,57,/Users/neda/Documents/workspace4/DissertationProject/util/Python/numpy/intel/intel
854f67f29,/Users/neda/Documents/workspace4/DissertationProject/util/Python/numpy/intel/intel@9fc9db1df@Fri Apr 22 19:29:29 2011 +0200.py,IntelFCompiler,4,1,2,0.5,0.3539756177406037,False,31,33,57,/Users/neda/Documents/workspace4/DissertationProject/util/Python/numpy/intel/intel
854f67f29,/Users/neda/Documents/workspace4/DissertationProject/util/Python/numpy/intel/intel@9fc9db1df@Fri Apr 22 19:29:29 2011 +0200.py,IntelItaniumFCompiler,5,6,14,0.42857142857142855,0.3539756177406037,False,31,33,57,/Users/neda/Documents/workspace4/DissertationProject/util/Python/numpy/intel/intel
854f67f29,/Users/neda/Documents/workspace4/DissertationProject/util/Python/numpy/intel/intel@9fc9db1df@Fri Apr 22 19:29:29 2011 +0200.py,IntelEM64TFCompiler,5,7,14,0.5,0.3539756177406037,False,31,33,57,/Users/neda/Documents/workspace4/DissertationProject/util/Python/numpy/intel/intel
854f67f29,/Users/neda/Documents/workspace4/DissertationProject/util/Python/numpy/intel/intel@9fc9db1df@Fri Apr 22 19:29:29 2011 +0200.py,IntelVisualFCompiler,4,2,2,1.0,0.3539756177406037,False,31,33,57,/Users/neda/Documents/workspace4/DissertationProject/util/Python/numpy/intel/intel
854f67f29,/Users/neda/Documents/workspace4/DissertationProject/util/Python/numpy/intel/intel@9fc9db1df@Fri Apr 22 19:29:29 2011 +0200.py,IntelItaniumVisualFCompiler,5,4,10,0.4,0.3539756177406037,False,31,33,57,/Users/neda/Documents/workspace4/DissertationProject/util/Python/numpy/intel/intel
854f67f29,/Users/neda/Documents/workspace4/DissertationProject/util/Python/numpy/intel/intel@9fc9db1df@Fri Apr 22 19:29:29 2011 +0200.py,IntelEM64VisualFCompiler,5,3,10,0.3,0.3539756177406037,True,31,33,57,/Users/neda/Documents/workspace4/DissertationProject/util/Python/numpy/intel/intel
854f67f29,/Users/neda/Documents/workspace4/DissertationProject/util/Python/numpy/intel/intel@1fa15b070@Wed May 30 23:40:21 2012 +0100.py,BaseIntelFCompiler,3,1,74,0.013513513513513514,0.358471552283903,True,32,33,57,/Users/neda/Documents/workspace4/DissertationProject/util/Python/numpy/intel/intel
854f67f29,/Users/neda/Documents/workspace4/DissertationProject/util/Python/numpy/intel/intel@1fa15b070@Wed May 30 23:40:21 2012 +0100.py,IntelFCompiler,4,1,2,0.5,0.358471552283903,False,32,33,57,/Users/neda/Documents/workspace4/DissertationProject/util/Python/numpy/intel/intel
854f67f29,/Users/neda/Documents/workspace4/DissertationProject/util/Python/numpy/intel/intel@1fa15b070@Wed May 30 23:40:21 2012 +0100.py,IntelItaniumFCompiler,5,6,14,0.42857142857142855,0.358471552283903,False,32,33,57,/Users/neda/Documents/workspace4/DissertationProject/util/Python/numpy/intel/intel
854f67f29,/Users/neda/Documents/workspace4/DissertationProject/util/Python/numpy/intel/intel@1fa15b070@Wed May 30 23:40:21 2012 +0100.py,IntelEM64TFCompiler,5,7,14,0.5,0.358471552283903,False,32,33,57,/Users/neda/Documents/workspace4/DissertationProject/util/Python/numpy/intel/intel
854f67f29,/Users/neda/Documents/workspace4/DissertationProject/util/Python/numpy/intel/intel@1fa15b070@Wed May 30 23:40:21 2012 +0100.py,IntelVisualFCompiler,4,2,2,1.0,0.358471552283903,False,32,33,57,/Users/neda/Documents/workspace4/DissertationProject/util/Python/numpy/intel/intel
854f67f29,/Users/neda/Documents/workspace4/DissertationProject/util/Python/numpy/intel/intel@1fa15b070@Wed May 30 23:40:21 2012 +0100.py,IntelItaniumVisualFCompiler,5,4,10,0.4,0.358471552283903,False,32,33,57,/Users/neda/Documents/workspace4/DissertationProject/util/Python/numpy/intel/intel
854f67f29,/Users/neda/Documents/workspace4/DissertationProject/util/Python/numpy/intel/intel@1fa15b070@Wed May 30 23:40:21 2012 +0100.py,IntelEM64VisualFCompiler,5,3,10,0.3,0.358471552283903,True,32,33,57,/Users/neda/Documents/workspace4/DissertationProject/util/Python/numpy/intel/intel
854f67f29,/Users/neda/Documents/workspace4/DissertationProject/util/Python/numpy/intel/intel@854f67f29@Sun Sep 9 09:33:29 2012 +0200.py,BaseIntelFCompiler,3,1,74,0.013513513513513514,0.35941762607765887,True,33,33,57,/Users/neda/Documents/workspace4/DissertationProject/util/Python/numpy/intel/intel
854f67f29,/Users/neda/Documents/workspace4/DissertationProject/util/Python/numpy/intel/intel@854f67f29@Sun Sep 9 09:33:29 2012 +0200.py,IntelFCompiler,4,1,2,0.5,0.35941762607765887,False,33,33,57,/Users/neda/Documents/workspace4/DissertationProject/util/Python/numpy/intel/intel
854f67f29,/Users/neda/Documents/workspace4/DissertationProject/util/Python/numpy/intel/intel@854f67f29@Sun Sep 9 09:33:29 2012 +0200.py,IntelItaniumFCompiler,5,6,14,0.42857142857142855,0.35941762607765887,False,33,33,57,/Users/neda/Documents/workspace4/DissertationProject/util/Python/numpy/intel/intel
854f67f29,/Users/neda/Documents/workspace4/DissertationProject/util/Python/numpy/intel/intel@854f67f29@Sun Sep 9 09:33:29 2012 +0200.py,IntelEM64TFCompiler,5,9,14,0.6428571428571429,0.35941762607765887,False,33,33,57,/Users/neda/Documents/workspace4/DissertationProject/util/Python/numpy/intel/intel
854f67f29,/Users/neda/Documents/workspace4/DissertationProject/util/Python/numpy/intel/intel@854f67f29@Sun Sep 9 09:33:29 2012 +0200.py,IntelVisualFCompiler,4,2,2,1.0,0.35941762607765887,False,33,33,57,/Users/neda/Documents/workspace4/DissertationProject/util/Python/numpy/intel/intel
854f67f29,/Users/neda/Documents/workspace4/DissertationProject/util/Python/numpy/intel/intel@854f67f29@Sun Sep 9 09:33:29 2012 +0200.py,IntelItaniumVisualFCompiler,5,4,10,0.4,0.35941762607765887,False,33,33,57,/Users/neda/Documents/workspace4/DissertationProject/util/Python/numpy/intel/intel
854f67f29,/Users/neda/Documents/workspace4/DissertationProject/util/Python/numpy/intel/intel@854f67f29@Sun Sep 9 09:33:29 2012 +0200.py,IntelEM64VisualFCompiler,5,3,10,0.3,0.35941762607765887,True,33,33,57,/Users/neda/Documents/workspace4/DissertationProject/util/Python/numpy/intel/intel
854f67f29,/Users/neda/Documents/workspace4/DissertationProject/util/Python/numpy/intel/intel@6aa264c4b@Wed Feb 27 13:26:58 2013 -0700.py,BaseIntelFCompiler,3,1,74,0.013513513513513514,0.363529235547394,True,34,33,57,/Users/neda/Documents/workspace4/DissertationProject/util/Python/numpy/intel/intel
854f67f29,/Users/neda/Documents/workspace4/DissertationProject/util/Python/numpy/intel/intel@6aa264c4b@Wed Feb 27 13:26:58 2013 -0700.py,IntelFCompiler,4,1,2,0.5,0.363529235547394,False,34,33,57,/Users/neda/Documents/workspace4/DissertationProject/util/Python/numpy/intel/intel
854f67f29,/Users/neda/Documents/workspace4/DissertationProject/util/Python/numpy/intel/intel@6aa264c4b@Wed Feb 27 13:26:58 2013 -0700.py,IntelItaniumFCompiler,5,6,14,0.42857142857142855,0.363529235547394,False,34,33,57,/Users/neda/Documents/workspace4/DissertationProject/util/Python/numpy/intel/intel
854f67f29,/Users/neda/Documents/workspace4/DissertationProject/util/Python/numpy/intel/intel@6aa264c4b@Wed Feb 27 13:26:58 2013 -0700.py,IntelEM64TFCompiler,5,9,14,0.6428571428571429,0.363529235547394,False,34,33,57,/Users/neda/Documents/workspace4/DissertationProject/util/Python/numpy/intel/intel
854f67f29,/Users/neda/Documents/workspace4/DissertationProject/util/Python/numpy/intel/intel@6aa264c4b@Wed Feb 27 13:26:58 2013 -0700.py,IntelVisualFCompiler,4,2,2,1.0,0.363529235547394,False,34,33,57,/Users/neda/Documents/workspace4/DissertationProject/util/Python/numpy/intel/intel
854f67f29,/Users/neda/Documents/workspace4/DissertationProject/util/Python/numpy/intel/intel@6aa264c4b@Wed Feb 27 13:26:58 2013 -0700.py,IntelItaniumVisualFCompiler,5,4,10,0.4,0.363529235547394,False,34,33,57,/Users/neda/Documents/workspace4/DissertationProject/util/Python/numpy/intel/intel
854f67f29,/Users/neda/Documents/workspace4/DissertationProject/util/Python/numpy/intel/intel@6aa264c4b@Wed Feb 27 13:26:58 2013 -0700.py,IntelEM64VisualFCompiler,5,3,10,0.3,0.363529235547394,True,34,33,57,/Users/neda/Documents/workspace4/DissertationProject/util/Python/numpy/intel/intel
54524cdce,/Users/neda/Documents/workspace4/DissertationProject/util/Python/numpy/docscrape_sphinx/docscrape_sphinx@3a5c5475b@Wed Apr 17 00:04:46 2013 -0600.py,SphinxDocString,2,29,25,1.16,0.363529235547394,False,14,16,18,/Users/neda/Documents/workspace4/DissertationProject/util/Python/numpy/docscrape_sphinx/docscrape_sphinx
54524cdce,/Users/neda/Documents/workspace4/DissertationProject/util/Python/numpy/docscrape_sphinx/docscrape_sphinx@3a5c5475b@Wed Apr 17 00:04:46 2013 -0600.py,SphinxFunctionDoc,3,2,21,0.09523809523809523,0.363529235547394,True,14,16,18,/Users/neda/Documents/workspace4/DissertationProject/util/Python/numpy/docscrape_sphinx/docscrape_sphinx
54524cdce,/Users/neda/Documents/workspace4/DissertationProject/util/Python/numpy/docscrape_sphinx/docscrape_sphinx@3a5c5475b@Wed Apr 17 00:04:46 2013 -0600.py,SphinxClassDoc,3,2,21,0.09523809523809523,0.363529235547394,True,14,16,18,/Users/neda/Documents/workspace4/DissertationProject/util/Python/numpy/docscrape_sphinx/docscrape_sphinx
54524cdce,/Users/neda/Documents/workspace4/DissertationProject/util/Python/numpy/docscrape_sphinx/docscrape_sphinx@3a5c5475b@Wed Apr 17 00:04:46 2013 -0600.py,SphinxObjDoc,3,3,21,0.14285714285714285,0.363529235547394,True,14,16,18,/Users/neda/Documents/workspace4/DissertationProject/util/Python/numpy/docscrape_sphinx/docscrape_sphinx
54524cdce,/Users/neda/Documents/workspace4/DissertationProject/util/Python/numpy/docscrape_sphinx/docscrape_sphinx@211154eb3@Wed Apr 17 18:27:54 2013 -0600.py,SphinxDocString,2,29,25,1.16,0.363529235547394,False,15,16,18,/Users/neda/Documents/workspace4/DissertationProject/util/Python/numpy/docscrape_sphinx/docscrape_sphinx
54524cdce,/Users/neda/Documents/workspace4/DissertationProject/util/Python/numpy/docscrape_sphinx/docscrape_sphinx@211154eb3@Wed Apr 17 18:27:54 2013 -0600.py,SphinxFunctionDoc,3,2,21,0.09523809523809523,0.363529235547394,True,15,16,18,/Users/neda/Documents/workspace4/DissertationProject/util/Python/numpy/docscrape_sphinx/docscrape_sphinx
54524cdce,/Users/neda/Documents/workspace4/DissertationProject/util/Python/numpy/docscrape_sphinx/docscrape_sphinx@211154eb3@Wed Apr 17 18:27:54 2013 -0600.py,SphinxClassDoc,3,2,21,0.09523809523809523,0.363529235547394,True,15,16,18,/Users/neda/Documents/workspace4/DissertationProject/util/Python/numpy/docscrape_sphinx/docscrape_sphinx
54524cdce,/Users/neda/Documents/workspace4/DissertationProject/util/Python/numpy/docscrape_sphinx/docscrape_sphinx@211154eb3@Wed Apr 17 18:27:54 2013 -0600.py,SphinxObjDoc,3,3,21,0.14285714285714285,0.363529235547394,True,15,16,18,/Users/neda/Documents/workspace4/DissertationProject/util/Python/numpy/docscrape_sphinx/docscrape_sphinx
54524cdce,/Users/neda/Documents/workspace4/DissertationProject/util/Python/numpy/docscrape_sphinx/docscrape_sphinx@54524cdce@Wed May 1 15:26:23 2013 +0300.py,SphinxDocString,2,29,25,1.16,0.3641959022140607,False,16,16,18,/Users/neda/Documents/workspace4/DissertationProject/util/Python/numpy/docscrape_sphinx/docscrape_sphinx
54524cdce,/Users/neda/Documents/workspace4/DissertationProject/util/Python/numpy/docscrape_sphinx/docscrape_sphinx@54524cdce@Wed May 1 15:26:23 2013 +0300.py,SphinxFunctionDoc,3,2,21,0.09523809523809523,0.3641959022140607,True,16,16,18,/Users/neda/Documents/workspace4/DissertationProject/util/Python/numpy/docscrape_sphinx/docscrape_sphinx
54524cdce,/Users/neda/Documents/workspace4/DissertationProject/util/Python/numpy/docscrape_sphinx/docscrape_sphinx@54524cdce@Wed May 1 15:26:23 2013 +0300.py,SphinxClassDoc,3,2,21,0.09523809523809523,0.3641959022140607,True,16,16,18,/Users/neda/Documents/workspace4/DissertationProject/util/Python/numpy/docscrape_sphinx/docscrape_sphinx
54524cdce,/Users/neda/Documents/workspace4/DissertationProject/util/Python/numpy/docscrape_sphinx/docscrape_sphinx@54524cdce@Wed May 1 15:26:23 2013 +0300.py,SphinxObjDoc,3,3,21,0.14285714285714285,0.3641959022140607,True,16,16,18,/Users/neda/Documents/workspace4/DissertationProject/util/Python/numpy/docscrape_sphinx/docscrape_sphinx
54524cdce,/Users/neda/Documents/workspace4/DissertationProject/util/Python/numpy/docscrape_sphinx/docscrape_sphinx@2241e6c36@Tue Jun 25 01:29:56 2013 -0400.py,SphinxDocString,2,34,25,1.36,0.3654282254463839,False,17,16,18,/Users/neda/Documents/workspace4/DissertationProject/util/Python/numpy/docscrape_sphinx/docscrape_sphinx
54524cdce,/Users/neda/Documents/workspace4/DissertationProject/util/Python/numpy/docscrape_sphinx/docscrape_sphinx@2241e6c36@Tue Jun 25 01:29:56 2013 -0400.py,SphinxFunctionDoc,3,2,22,0.09090909090909091,0.3654282254463839,True,17,16,18,/Users/neda/Documents/workspace4/DissertationProject/util/Python/numpy/docscrape_sphinx/docscrape_sphinx
54524cdce,/Users/neda/Documents/workspace4/DissertationProject/util/Python/numpy/docscrape_sphinx/docscrape_sphinx@2241e6c36@Tue Jun 25 01:29:56 2013 -0400.py,SphinxClassDoc,3,2,22,0.09090909090909091,0.3654282254463839,True,17,16,18,/Users/neda/Documents/workspace4/DissertationProject/util/Python/numpy/docscrape_sphinx/docscrape_sphinx
54524cdce,/Users/neda/Documents/workspace4/DissertationProject/util/Python/numpy/docscrape_sphinx/docscrape_sphinx@2241e6c36@Tue Jun 25 01:29:56 2013 -0400.py,SphinxObjDoc,3,3,22,0.13636363636363635,0.3654282254463839,True,17,16,18,/Users/neda/Documents/workspace4/DissertationProject/util/Python/numpy/docscrape_sphinx/docscrape_sphinx
49c5dc14a,/Users/neda/Documents/workspace4/DissertationProject/util/Python/numpy/gnu/gnu@90e79bd64@Thu Dec 3 16:03:01 2009 +0000.py,GnuFCompiler,3,12,71,0.16901408450704225,0.3590031690947733,True,61,63,116,/Users/neda/Documents/workspace4/DissertationProject/util/Python/numpy/gnu/gnu
49c5dc14a,/Users/neda/Documents/workspace4/DissertationProject/util/Python/numpy/gnu/gnu@90e79bd64@Thu Dec 3 16:03:01 2009 +0000.py,Gnu95FCompiler,4,5,16,0.3125,0.3590031690947733,True,61,63,116,/Users/neda/Documents/workspace4/DissertationProject/util/Python/numpy/gnu/gnu
49c5dc14a,/Users/neda/Documents/workspace4/DissertationProject/util/Python/numpy/gnu/gnu@8d24b14a7@Thu Dec 10 10:57:50 2009 +0000.py,GnuFCompiler,3,12,72,0.16666666666666666,0.35978339106792473,True,62,63,116,/Users/neda/Documents/workspace4/DissertationProject/util/Python/numpy/gnu/gnu
49c5dc14a,/Users/neda/Documents/workspace4/DissertationProject/util/Python/numpy/gnu/gnu@8d24b14a7@Thu Dec 10 10:57:50 2009 +0000.py,Gnu95FCompiler,4,5,16,0.3125,0.35978339106792473,True,62,63,116,/Users/neda/Documents/workspace4/DissertationProject/util/Python/numpy/gnu/gnu
49c5dc14a,/Users/neda/Documents/workspace4/DissertationProject/util/Python/numpy/gnu/gnu@49c5dc14a@Thu Feb 4 15:07:51 2010 +0000.py,GnuFCompiler,3,12,72,0.16666666666666666,0.3592065258933385,True,63,63,116,/Users/neda/Documents/workspace4/DissertationProject/util/Python/numpy/gnu/gnu
49c5dc14a,/Users/neda/Documents/workspace4/DissertationProject/util/Python/numpy/gnu/gnu@49c5dc14a@Thu Feb 4 15:07:51 2010 +0000.py,Gnu95FCompiler,4,5,16,0.3125,0.3592065258933385,True,63,63,116,/Users/neda/Documents/workspace4/DissertationProject/util/Python/numpy/gnu/gnu
49c5dc14a,/Users/neda/Documents/workspace4/DissertationProject/util/Python/numpy/gnu/gnu@e78645696@Wed Jun 2 14:54:52 2010 +0000.py,GnuFCompiler,3,12,72,0.16666666666666666,0.3619532946446557,True,64,63,116,/Users/neda/Documents/workspace4/DissertationProject/util/Python/numpy/gnu/gnu
49c5dc14a,/Users/neda/Documents/workspace4/DissertationProject/util/Python/numpy/gnu/gnu@e78645696@Wed Jun 2 14:54:52 2010 +0000.py,Gnu95FCompiler,4,5,16,0.3125,0.3619532946446557,True,64,63,116,/Users/neda/Documents/workspace4/DissertationProject/util/Python/numpy/gnu/gnu
54524cdce,/Users/neda/Documents/workspace4/DissertationProject/util/Python/numpy/traitsdoc/traitsdoc@d4b88c1db@Wed Mar 27 21:49:08 2013 -0600.py,SphinxTraitsDoc,4,1,2,0.5,0.363529235547394,False,4,6,7,/Users/neda/Documents/workspace4/DissertationProject/util/Python/numpy/traitsdoc/traitsdoc
54524cdce,/Users/neda/Documents/workspace4/DissertationProject/util/Python/numpy/traitsdoc/traitsdoc@bb726ca19@Sat Apr 6 13:25:26 2013 -0600.py,SphinxTraitsDoc,4,1,2,0.5,0.363529235547394,False,5,6,7,/Users/neda/Documents/workspace4/DissertationProject/util/Python/numpy/traitsdoc/traitsdoc
54524cdce,/Users/neda/Documents/workspace4/DissertationProject/util/Python/numpy/traitsdoc/traitsdoc@54524cdce@Wed May 1 15:26:23 2013 +0300.py,SphinxTraitsDoc,4,1,2,0.5,0.3641959022140607,False,6,6,7,/Users/neda/Documents/workspace4/DissertationProject/util/Python/numpy/traitsdoc/traitsdoc
05aa44d53,/Users/neda/Documents/workspace4/DissertationProject/util/Python/numpy/extras/extras@6bb3fc4e5@Mon Feb 6 11:51:40 2017 +0100.py,_fromnxfunction,1,5,4,1.25,0.2970740081446953,False,103,105,132,/Users/neda/Documents/workspace4/DissertationProject/util/Python/numpy/extras/extras
05aa44d53,/Users/neda/Documents/workspace4/DissertationProject/util/Python/numpy/extras/extras@6bb3fc4e5@Mon Feb 6 11:51:40 2017 +0100.py,_fromnxfunction_single,2,2,4,0.5,0.2970740081446953,False,103,105,132,/Users/neda/Documents/workspace4/DissertationProject/util/Python/numpy/extras/extras
05aa44d53,/Users/neda/Documents/workspace4/DissertationProject/util/Python/numpy/extras/extras@6bb3fc4e5@Mon Feb 6 11:51:40 2017 +0100.py,_fromnxfunction_seq,2,2,4,0.5,0.2970740081446953,False,103,105,132,/Users/neda/Documents/workspace4/DissertationProject/util/Python/numpy/extras/extras
05aa44d53,/Users/neda/Documents/workspace4/DissertationProject/util/Python/numpy/extras/extras@6bb3fc4e5@Mon Feb 6 11:51:40 2017 +0100.py,_fromnxfunction_args,2,2,4,0.5,0.2970740081446953,False,103,105,132,/Users/neda/Documents/workspace4/DissertationProject/util/Python/numpy/extras/extras
05aa44d53,/Users/neda/Documents/workspace4/DissertationProject/util/Python/numpy/extras/extras@6bb3fc4e5@Mon Feb 6 11:51:40 2017 +0100.py,_fromnxfunction_allargs,2,2,4,0.5,0.2970740081446953,False,103,105,132,/Users/neda/Documents/workspace4/DissertationProject/util/Python/numpy/extras/extras
05aa44d53,/Users/neda/Documents/workspace4/DissertationProject/util/Python/numpy/extras/extras@6bb3fc4e5@Mon Feb 6 11:51:40 2017 +0100.py,MAxisConcatenator,2,7,12,0.5833333333333334,0.2970740081446953,False,103,105,132,/Users/neda/Documents/workspace4/DissertationProject/util/Python/numpy/extras/extras
05aa44d53,/Users/neda/Documents/workspace4/DissertationProject/util/Python/numpy/extras/extras@6bb3fc4e5@Mon Feb 6 11:51:40 2017 +0100.py,mr_class,3,2,5,0.4,0.2970740081446953,False,103,105,132,/Users/neda/Documents/workspace4/DissertationProject/util/Python/numpy/extras/extras
05aa44d53,/Users/neda/Documents/workspace4/DissertationProject/util/Python/numpy/extras/extras@370b6506f@Wed Feb 8 22:05:11 2017 +0000.py,_fromnxfunction,1,5,4,1.25,0.2961251026215975,False,104,105,132,/Users/neda/Documents/workspace4/DissertationProject/util/Python/numpy/extras/extras
05aa44d53,/Users/neda/Documents/workspace4/DissertationProject/util/Python/numpy/extras/extras@370b6506f@Wed Feb 8 22:05:11 2017 +0000.py,_fromnxfunction_single,2,2,4,0.5,0.2961251026215975,False,104,105,132,/Users/neda/Documents/workspace4/DissertationProject/util/Python/numpy/extras/extras
05aa44d53,/Users/neda/Documents/workspace4/DissertationProject/util/Python/numpy/extras/extras@370b6506f@Wed Feb 8 22:05:11 2017 +0000.py,_fromnxfunction_seq,2,2,4,0.5,0.2961251026215975,False,104,105,132,/Users/neda/Documents/workspace4/DissertationProject/util/Python/numpy/extras/extras
05aa44d53,/Users/neda/Documents/workspace4/DissertationProject/util/Python/numpy/extras/extras@370b6506f@Wed Feb 8 22:05:11 2017 +0000.py,_fromnxfunction_args,2,2,4,0.5,0.2961251026215975,False,104,105,132,/Users/neda/Documents/workspace4/DissertationProject/util/Python/numpy/extras/extras
05aa44d53,/Users/neda/Documents/workspace4/DissertationProject/util/Python/numpy/extras/extras@370b6506f@Wed Feb 8 22:05:11 2017 +0000.py,_fromnxfunction_allargs,2,2,4,0.5,0.2961251026215975,False,104,105,132,/Users/neda/Documents/workspace4/DissertationProject/util/Python/numpy/extras/extras
05aa44d53,/Users/neda/Documents/workspace4/DissertationProject/util/Python/numpy/extras/extras@370b6506f@Wed Feb 8 22:05:11 2017 +0000.py,MAxisConcatenator,2,7,11,0.6363636363636364,0.2961251026215975,False,104,105,132,/Users/neda/Documents/workspace4/DissertationProject/util/Python/numpy/extras/extras
05aa44d53,/Users/neda/Documents/workspace4/DissertationProject/util/Python/numpy/extras/extras@370b6506f@Wed Feb 8 22:05:11 2017 +0000.py,mr_class,3,2,5,0.4,0.2961251026215975,False,104,105,132,/Users/neda/Documents/workspace4/DissertationProject/util/Python/numpy/extras/extras
05aa44d53,/Users/neda/Documents/workspace4/DissertationProject/util/Python/numpy/extras/extras@05aa44d53@Mon Feb 27 14:10:13 2017 +0100.py,_fromnxfunction,1,5,4,1.25,0.2945330321773954,False,105,105,132,/Users/neda/Documents/workspace4/DissertationProject/util/Python/numpy/extras/extras
05aa44d53,/Users/neda/Documents/workspace4/DissertationProject/util/Python/numpy/extras/extras@05aa44d53@Mon Feb 27 14:10:13 2017 +0100.py,_fromnxfunction_single,2,2,4,0.5,0.2945330321773954,False,105,105,132,/Users/neda/Documents/workspace4/DissertationProject/util/Python/numpy/extras/extras
05aa44d53,/Users/neda/Documents/workspace4/DissertationProject/util/Python/numpy/extras/extras@05aa44d53@Mon Feb 27 14:10:13 2017 +0100.py,_fromnxfunction_seq,2,2,4,0.5,0.2945330321773954,False,105,105,132,/Users/neda/Documents/workspace4/DissertationProject/util/Python/numpy/extras/extras
05aa44d53,/Users/neda/Documents/workspace4/DissertationProject/util/Python/numpy/extras/extras@05aa44d53@Mon Feb 27 14:10:13 2017 +0100.py,_fromnxfunction_args,2,2,4,0.5,0.2945330321773954,False,105,105,132,/Users/neda/Documents/workspace4/DissertationProject/util/Python/numpy/extras/extras
05aa44d53,/Users/neda/Documents/workspace4/DissertationProject/util/Python/numpy/extras/extras@05aa44d53@Mon Feb 27 14:10:13 2017 +0100.py,_fromnxfunction_allargs,2,2,4,0.5,0.2945330321773954,False,105,105,132,/Users/neda/Documents/workspace4/DissertationProject/util/Python/numpy/extras/extras
05aa44d53,/Users/neda/Documents/workspace4/DissertationProject/util/Python/numpy/extras/extras@05aa44d53@Mon Feb 27 14:10:13 2017 +0100.py,MAxisConcatenator,2,7,11,0.6363636363636364,0.2945330321773954,False,105,105,132,/Users/neda/Documents/workspace4/DissertationProject/util/Python/numpy/extras/extras
05aa44d53,/Users/neda/Documents/workspace4/DissertationProject/util/Python/numpy/extras/extras@05aa44d53@Mon Feb 27 14:10:13 2017 +0100.py,mr_class,3,2,5,0.4,0.2945330321773954,False,105,105,132,/Users/neda/Documents/workspace4/DissertationProject/util/Python/numpy/extras/extras
a13279edf,/Users/neda/Documents/workspace4/DissertationProject/util/Python/numpy/matrix/matrix@c2c4df30d@Tue Nov 22 09:58:52 2005 +0000.py,matrix,3,0,15,0,0.333724369548127,True,26,28,47,/Users/neda/Documents/workspace4/DissertationProject/util/Python/numpy/matrix/matrix
a13279edf,/Users/neda/Documents/workspace4/DissertationProject/util/Python/numpy/matrix/matrix@8dfbf5d48@Wed Nov 30 09:30:51 2005 +0000.py,matrix,3,0,15,0,0.3349400843678148,True,27,28,47,/Users/neda/Documents/workspace4/DissertationProject/util/Python/numpy/matrix/matrix
a13279edf,/Users/neda/Documents/workspace4/DissertationProject/util/Python/numpy/matrix/matrix@a13279edf@Mon Dec 5 20:58:31 2005 +0000.py,matrix,3,0,15,0,0.3349400843678148,True,28,28,47,/Users/neda/Documents/workspace4/DissertationProject/util/Python/numpy/matrix/matrix
a13279edf,/Users/neda/Documents/workspace4/DissertationProject/util/Python/numpy/matrix/matrix@4a7ce9935@Tue Dec 6 01:43:36 2005 +0000.py,matrix,3,0,15,0,0.3349400843678148,True,29,28,47,/Users/neda/Documents/workspace4/DissertationProject/util/Python/numpy/matrix/matrix
11a9b7104,/Users/neda/Documents/workspace4/DissertationProject/util/Python/numpy/setup/setup@ab5c6d01d@Sat Jan 16 15:21:23 2016 +0100.py,sdist_checked,3,0,3,0,0.2955934371398876,True,639,640,872,/Users/neda/Documents/workspace4/DissertationProject/util/Python/numpy/setup/setup
11a9b7104,/Users/neda/Documents/workspace4/DissertationProject/util/Python/numpy/setup/setup@11a9b7104@Tue Jan 19 19:53:20 2016 -0700.py,sdist_checked,3,0,3,0,0.2955934371398876,True,640,640,872,/Users/neda/Documents/workspace4/DissertationProject/util/Python/numpy/setup/setup
11a9b7104,/Users/neda/Documents/workspace4/DissertationProject/util/Python/numpy/setup/setup@7884a8c9f@Sat Jan 23 15:58:58 2016 +0100.py,sdist_checked,3,0,3,0,0.3012412615805611,True,641,640,872,/Users/neda/Documents/workspace4/DissertationProject/util/Python/numpy/setup/setup
a5b115b97,/Users/neda/Documents/workspace4/DissertationProject/util/Python/numpy/install/install@ba6c2ba95@Sat Jan 28 09:25:27 2006 +0000.py,install,2,1,4,0.25,0.3383958251439454,True,3,5,18,/Users/neda/Documents/workspace4/DissertationProject/util/Python/numpy/install/install
a5b115b97,/Users/neda/Documents/workspace4/DissertationProject/util/Python/numpy/install/install@9e5252bd4@Thu Feb 2 03:28:25 2006 +0000.py,install,2,1,4,0.25,0.35645674008803296,True,4,5,18,/Users/neda/Documents/workspace4/DissertationProject/util/Python/numpy/install/install
a5b115b97,/Users/neda/Documents/workspace4/DissertationProject/util/Python/numpy/install/install@a5b115b97@Fri Jun 9 09:54:34 2006 +0000.py,install,2,1,4,0.25,0.33677982388567584,True,5,5,18,/Users/neda/Documents/workspace4/DissertationProject/util/Python/numpy/install/install
a5b115b97,/Users/neda/Documents/workspace4/DissertationProject/util/Python/numpy/install/install@4abde4ab7@Thu Sep 18 21:48:57 2008 +0000.py,install,2,1,4,0.25,0.3842516684362922,True,6,5,18,/Users/neda/Documents/workspace4/DissertationProject/util/Python/numpy/install/install
4adf52ebd,/Users/neda/Documents/workspace4/DissertationProject/util/Python/numpy/setup/setup@4adf52ebd@Thu Dec 27 01:22:20 2018 +0100.py,sdist_checked,3,0,3,0,0.25775075687813315,True,765,765,872,/Users/neda/Documents/workspace4/DissertationProject/util/Python/numpy/setup/setup
0c70787c0,/Users/neda/Documents/workspace4/DissertationProject/util/Python/numpy/_dtype_ctypes/_dtype_ctypes@ecaa29b9c@Sun Nov 18 17:14:41 2018 -0800.py,DummyStruct,3,0,0,0,0.25681293380916254,True,6,8,11,/Users/neda/Documents/workspace4/DissertationProject/util/Python/numpy/_dtype_ctypes/_dtype_ctypes
0c70787c0,/Users/neda/Documents/workspace4/DissertationProject/util/Python/numpy/_dtype_ctypes/_dtype_ctypes@af9573905@Mon Nov 19 00:56:24 2018 -0800.py,DummyStruct,3,0,0,0,0.25681293380916254,True,7,8,11,/Users/neda/Documents/workspace4/DissertationProject/util/Python/numpy/_dtype_ctypes/_dtype_ctypes
0c70787c0,/Users/neda/Documents/workspace4/DissertationProject/util/Python/numpy/_dtype_ctypes/_dtype_ctypes@0c70787c0@Fri May 31 03:13:33 2019 -0400.py,DummyStruct,3,0,0,0,0.2602032699162427,True,8,8,11,/Users/neda/Documents/workspace4/DissertationProject/util/Python/numpy/_dtype_ctypes/_dtype_ctypes
0c70787c0,/Users/neda/Documents/workspace4/DissertationProject/util/Python/numpy/_dtype_ctypes/_dtype_ctypes@66cb824d8@Tue May 26 19:11:06 2020 +0100.py,DummyStruct,3,0,0,0,0.24785030092482188,True,9,8,11,/Users/neda/Documents/workspace4/DissertationProject/util/Python/numpy/_dtype_ctypes/_dtype_ctypes
b8783285f,/Users/neda/Documents/workspace4/DissertationProject/util/Python/numpy/gnu/gnu@5cb0f8bb2@Sat Apr 8 08:37:32 2006 +0000.py,GnuFCompiler,3,10,56,0.17857142857142858,0.35965413114405903,True,15,17,116,/Users/neda/Documents/workspace4/DissertationProject/util/Python/numpy/gnu/gnu
b8783285f,/Users/neda/Documents/workspace4/DissertationProject/util/Python/numpy/gnu/gnu@5cb0f8bb2@Sat Apr 8 08:37:32 2006 +0000.py,Gnu95FCompiler,4,8,15,0.5333333333333333,0.35965413114405903,False,15,17,116,/Users/neda/Documents/workspace4/DissertationProject/util/Python/numpy/gnu/gnu
b8783285f,/Users/neda/Documents/workspace4/DissertationProject/util/Python/numpy/gnu/gnu@79ab0f4ba@Tue Jun 6 20:04:32 2006 +0000.py,GnuFCompiler,3,11,57,0.19298245614035087,0.33253112119947315,True,16,17,116,/Users/neda/Documents/workspace4/DissertationProject/util/Python/numpy/gnu/gnu
b8783285f,/Users/neda/Documents/workspace4/DissertationProject/util/Python/numpy/gnu/gnu@79ab0f4ba@Tue Jun 6 20:04:32 2006 +0000.py,Gnu95FCompiler,4,8,15,0.5333333333333333,0.33253112119947315,False,16,17,116,/Users/neda/Documents/workspace4/DissertationProject/util/Python/numpy/gnu/gnu
b8783285f,/Users/neda/Documents/workspace4/DissertationProject/util/Python/numpy/gnu/gnu@b8783285f@Fri Jul 28 20:02:07 2006 +0000.py,GnuFCompiler,3,12,57,0.21052631578947367,0.2678567450812538,True,17,17,116,/Users/neda/Documents/workspace4/DissertationProject/util/Python/numpy/gnu/gnu
b8783285f,/Users/neda/Documents/workspace4/DissertationProject/util/Python/numpy/gnu/gnu@b8783285f@Fri Jul 28 20:02:07 2006 +0000.py,Gnu95FCompiler,4,9,17,0.5294117647058824,0.2678567450812538,False,17,17,116,/Users/neda/Documents/workspace4/DissertationProject/util/Python/numpy/gnu/gnu
b8783285f,/Users/neda/Documents/workspace4/DissertationProject/util/Python/numpy/gnu/gnu@d48ab365b@Fri Jul 28 21:19:31 2006 +0000.py,GnuFCompiler,3,10,40,0.25,0.3649189404433611,True,18,17,116,/Users/neda/Documents/workspace4/DissertationProject/util/Python/numpy/gnu/gnu
b8783285f,/Users/neda/Documents/workspace4/DissertationProject/util/Python/numpy/gnu/gnu@d48ab365b@Fri Jul 28 21:19:31 2006 +0000.py,Gnu95FCompiler,4,9,17,0.5294117647058824,0.3649189404433611,False,18,17,116,/Users/neda/Documents/workspace4/DissertationProject/util/Python/numpy/gnu/gnu
e7c1f8e78,/Users/neda/Documents/workspace4/DissertationProject/util/Python/numpy/build_src/build_src@73e6067c1@Thu Feb 28 00:45:55 2019 -0800.py,build_src,2,13,31,0.41935483870967744,0.26498518475377786,False,73,75,82,/Users/neda/Documents/workspace4/DissertationProject/util/Python/numpy/build_src/build_src
e7c1f8e78,/Users/neda/Documents/workspace4/DissertationProject/util/Python/numpy/build_src/build_src@78d269d84@Mon Jul 1 20:51:40 2019 +0200.py,build_src,2,13,31,0.41935483870967744,0.26343523838174543,False,74,75,82,/Users/neda/Documents/workspace4/DissertationProject/util/Python/numpy/build_src/build_src
e7c1f8e78,/Users/neda/Documents/workspace4/DissertationProject/util/Python/numpy/build_src/build_src@e7c1f8e78@Mon Aug 26 17:49:00 2019 +0300.py,build_src,2,13,31,0.41935483870967744,0.2641634760748806,False,75,75,82,/Users/neda/Documents/workspace4/DissertationProject/util/Python/numpy/build_src/build_src
e7c1f8e78,/Users/neda/Documents/workspace4/DissertationProject/util/Python/numpy/build_src/build_src@bd59cd437@Mon Aug 26 21:06:41 2019 +0300.py,build_src,2,13,31,0.41935483870967744,0.2641634760748806,False,76,75,82,/Users/neda/Documents/workspace4/DissertationProject/util/Python/numpy/build_src/build_src
e7c1f8e78,/Users/neda/Documents/workspace4/DissertationProject/util/Python/numpy/build/build@e7c1f8e78@Mon Aug 26 17:49:00 2019 +0300.py,build,2,13,10,1.3,0.2641634760748806,False,35,35,42,/Users/neda/Documents/workspace4/DissertationProject/util/Python/numpy/build/build
e7c1f8e78,/Users/neda/Documents/workspace4/DissertationProject/util/Python/numpy/build/build@bd59cd437@Mon Aug 26 21:06:41 2019 +0300.py,build,2,13,10,1.3,0.2641634760748806,False,36,35,42,/Users/neda/Documents/workspace4/DissertationProject/util/Python/numpy/build/build
9bd836ac8,/Users/neda/Documents/workspace4/DissertationProject/util/Python/numpy/hermite_e/hermite_e@db0b231f1@Wed Sep 7 09:48:40 2016 +0200.py,HermiteE,2,3,72,0.041666666666666664,0.3012412615805611,True,45,47,77,/Users/neda/Documents/workspace4/DissertationProject/util/Python/numpy/hermite_e/hermite_e
9bd836ac8,/Users/neda/Documents/workspace4/DissertationProject/util/Python/numpy/hermite_e/hermite_e@ec0e04694@Tue Dec 13 15:53:56 2016 -0700.py,HermiteE,2,3,72,0.041666666666666664,0.3002454304729756,True,46,47,77,/Users/neda/Documents/workspace4/DissertationProject/util/Python/numpy/hermite_e/hermite_e
9bd836ac8,/Users/neda/Documents/workspace4/DissertationProject/util/Python/numpy/hermite_e/hermite_e@9bd836ac8@Wed Feb 1 16:11:03 2017 -0500.py,HermiteE,2,3,72,0.041666666666666664,0.2970740081446953,True,47,47,77,/Users/neda/Documents/workspace4/DissertationProject/util/Python/numpy/hermite_e/hermite_e
9bd836ac8,/Users/neda/Documents/workspace4/DissertationProject/util/Python/numpy/hermite_e/hermite_e@370b6506f@Wed Feb 8 22:05:11 2017 +0000.py,HermiteE,2,3,72,0.041666666666666664,0.2961251026215975,True,48,47,77,/Users/neda/Documents/workspace4/DissertationProject/util/Python/numpy/hermite_e/hermite_e
a3aacd3cb,/Users/neda/Documents/workspace4/DissertationProject/util/Python/numpy/ibm/ibm@079b1d88a@Thu Aug 3 02:42:25 2006 +0000.py,IBMFCompiler,3,7,63,0.1111111111111111,0.36267685175818515,True,3,5,26,/Users/neda/Documents/workspace4/DissertationProject/util/Python/numpy/ibm/ibm
a3aacd3cb,/Users/neda/Documents/workspace4/DissertationProject/util/Python/numpy/ibm/ibm@a353043bc@Wed Feb 28 13:12:06 2007 +0000.py,IbmFCompiler,3,8,58,0.13793103448275862,0.1381266457041917,True,4,5,26,/Users/neda/Documents/workspace4/DissertationProject/util/Python/numpy/ibm/ibm
a3aacd3cb,/Users/neda/Documents/workspace4/DissertationProject/util/Python/numpy/ibm/ibm@a3aacd3cb@Wed Feb 28 18:32:18 2007 +0000.py,IbmFCompiler,3,7,58,0.1206896551724138,0.13810091230223595,True,5,5,26,/Users/neda/Documents/workspace4/DissertationProject/util/Python/numpy/ibm/ibm
a3aacd3cb,/Users/neda/Documents/workspace4/DissertationProject/util/Python/numpy/ibm/ibm@8fa176818@Fri Mar 2 16:49:00 2007 +0000.py,IbmFCompiler,3,7,58,0.1206896551724138,0.13810091230223595,True,6,5,26,/Users/neda/Documents/workspace4/DissertationProject/util/Python/numpy/ibm/ibm
54b68dda8,/Users/neda/Documents/workspace4/DissertationProject/util/Python/numpy/extras/extras@54b68dda8@Mon Jul 11 10:39:23 2016 -0400.py,_fromnxfunction,1,5,4,1.25,0.3029148241448975,False,94,94,132,/Users/neda/Documents/workspace4/DissertationProject/util/Python/numpy/extras/extras
54b68dda8,/Users/neda/Documents/workspace4/DissertationProject/util/Python/numpy/extras/extras@54b68dda8@Mon Jul 11 10:39:23 2016 -0400.py,_fromnxfunction_single,2,2,4,0.5,0.3029148241448975,False,94,94,132,/Users/neda/Documents/workspace4/DissertationProject/util/Python/numpy/extras/extras
54b68dda8,/Users/neda/Documents/workspace4/DissertationProject/util/Python/numpy/extras/extras@54b68dda8@Mon Jul 11 10:39:23 2016 -0400.py,_fromnxfunction_seq,2,2,4,0.5,0.3029148241448975,False,94,94,132,/Users/neda/Documents/workspace4/DissertationProject/util/Python/numpy/extras/extras
54b68dda8,/Users/neda/Documents/workspace4/DissertationProject/util/Python/numpy/extras/extras@54b68dda8@Mon Jul 11 10:39:23 2016 -0400.py,_fromnxfunction_args,2,2,4,0.5,0.3029148241448975,False,94,94,132,/Users/neda/Documents/workspace4/DissertationProject/util/Python/numpy/extras/extras
54b68dda8,/Users/neda/Documents/workspace4/DissertationProject/util/Python/numpy/extras/extras@54b68dda8@Mon Jul 11 10:39:23 2016 -0400.py,_fromnxfunction_allargs,2,2,4,0.5,0.3029148241448975,False,94,94,132,/Users/neda/Documents/workspace4/DissertationProject/util/Python/numpy/extras/extras
54b68dda8,/Users/neda/Documents/workspace4/DissertationProject/util/Python/numpy/extras/extras@54b68dda8@Mon Jul 11 10:39:23 2016 -0400.py,MAxisConcatenator,2,7,12,0.5833333333333334,0.3029148241448975,False,94,94,132,/Users/neda/Documents/workspace4/DissertationProject/util/Python/numpy/extras/extras
54b68dda8,/Users/neda/Documents/workspace4/DissertationProject/util/Python/numpy/extras/extras@54b68dda8@Mon Jul 11 10:39:23 2016 -0400.py,mr_class,3,2,5,0.4,0.3029148241448975,False,94,94,132,/Users/neda/Documents/workspace4/DissertationProject/util/Python/numpy/extras/extras
d6fd1be00,/Users/neda/Documents/workspace4/DissertationProject/util/Python/numpy/intelfcompiler/intelfcompiler@9760c22f6@Sat Mar 6 08:40:29 2004 +0000.py,IntelFCompiler,3,10,46,0.21739130434782608,0.35050479501459864,True,2,4,5,/Users/neda/Documents/workspace4/DissertationProject/util/Python/numpy/intelfcompiler/intelfcompiler
d6fd1be00,/Users/neda/Documents/workspace4/DissertationProject/util/Python/numpy/intelfcompiler/intelfcompiler@9760c22f6@Sat Mar 6 08:40:29 2004 +0000.py,IntelItaniumFCompiler,4,3,10,0.3,0.35050479501459864,True,2,4,5,/Users/neda/Documents/workspace4/DissertationProject/util/Python/numpy/intelfcompiler/intelfcompiler
d6fd1be00,/Users/neda/Documents/workspace4/DissertationProject/util/Python/numpy/intelfcompiler/intelfcompiler@9760c22f6@Sat Mar 6 08:40:29 2004 +0000.py,IntelVisualFCompiler,3,11,46,0.2391304347826087,0.35050479501459864,True,2,4,5,/Users/neda/Documents/workspace4/DissertationProject/util/Python/numpy/intelfcompiler/intelfcompiler
d6fd1be00,/Users/neda/Documents/workspace4/DissertationProject/util/Python/numpy/intelfcompiler/intelfcompiler@9760c22f6@Sat Mar 6 08:40:29 2004 +0000.py,IntelItaniumVisualFCompiler,4,5,15,0.3333333333333333,0.35050479501459864,True,2,4,5,/Users/neda/Documents/workspace4/DissertationProject/util/Python/numpy/intelfcompiler/intelfcompiler
d6fd1be00,/Users/neda/Documents/workspace4/DissertationProject/util/Python/numpy/intelfcompiler/intelfcompiler@4c0b54120@Wed Sep 1 08:43:38 2004 +0000.py,IntelFCompiler,3,11,47,0.23404255319148937,0.34288008215517296,True,3,4,5,/Users/neda/Documents/workspace4/DissertationProject/util/Python/numpy/intelfcompiler/intelfcompiler
d6fd1be00,/Users/neda/Documents/workspace4/DissertationProject/util/Python/numpy/intelfcompiler/intelfcompiler@4c0b54120@Wed Sep 1 08:43:38 2004 +0000.py,IntelItaniumFCompiler,4,3,11,0.2727272727272727,0.34288008215517296,True,3,4,5,/Users/neda/Documents/workspace4/DissertationProject/util/Python/numpy/intelfcompiler/intelfcompiler
d6fd1be00,/Users/neda/Documents/workspace4/DissertationProject/util/Python/numpy/intelfcompiler/intelfcompiler@4c0b54120@Wed Sep 1 08:43:38 2004 +0000.py,IntelVisualFCompiler,3,12,47,0.2553191489361702,0.34288008215517296,True,3,4,5,/Users/neda/Documents/workspace4/DissertationProject/util/Python/numpy/intelfcompiler/intelfcompiler
d6fd1be00,/Users/neda/Documents/workspace4/DissertationProject/util/Python/numpy/intelfcompiler/intelfcompiler@4c0b54120@Wed Sep 1 08:43:38 2004 +0000.py,IntelItaniumVisualFCompiler,4,5,16,0.3125,0.34288008215517296,True,3,4,5,/Users/neda/Documents/workspace4/DissertationProject/util/Python/numpy/intelfcompiler/intelfcompiler
d6fd1be00,/Users/neda/Documents/workspace4/DissertationProject/util/Python/numpy/intelfcompiler/intelfcompiler@d6fd1be00@Wed Sep 29 19:07:21 2004 +0000.py,IntelFCompiler,3,11,47,0.23404255319148937,0.34288008215517296,True,4,4,5,/Users/neda/Documents/workspace4/DissertationProject/util/Python/numpy/intelfcompiler/intelfcompiler
d6fd1be00,/Users/neda/Documents/workspace4/DissertationProject/util/Python/numpy/intelfcompiler/intelfcompiler@d6fd1be00@Wed Sep 29 19:07:21 2004 +0000.py,IntelItaniumFCompiler,4,3,11,0.2727272727272727,0.34288008215517296,True,4,4,5,/Users/neda/Documents/workspace4/DissertationProject/util/Python/numpy/intelfcompiler/intelfcompiler
d6fd1be00,/Users/neda/Documents/workspace4/DissertationProject/util/Python/numpy/intelfcompiler/intelfcompiler@d6fd1be00@Wed Sep 29 19:07:21 2004 +0000.py,IntelVisualFCompiler,3,12,47,0.2553191489361702,0.34288008215517296,True,4,4,5,/Users/neda/Documents/workspace4/DissertationProject/util/Python/numpy/intelfcompiler/intelfcompiler
d6fd1be00,/Users/neda/Documents/workspace4/DissertationProject/util/Python/numpy/intelfcompiler/intelfcompiler@d6fd1be00@Wed Sep 29 19:07:21 2004 +0000.py,IntelItaniumVisualFCompiler,4,5,16,0.3125,0.34288008215517296,True,4,4,5,/Users/neda/Documents/workspace4/DissertationProject/util/Python/numpy/intelfcompiler/intelfcompiler
2144aa713,/Users/neda/Documents/workspace4/DissertationProject/util/Python/numpy/extras/extras@44e086d21@Fri Dec 23 17:36:28 2016 -0500.py,_fromnxfunction,1,5,4,1.25,0.3002454304729756,False,100,102,132,/Users/neda/Documents/workspace4/DissertationProject/util/Python/numpy/extras/extras
2144aa713,/Users/neda/Documents/workspace4/DissertationProject/util/Python/numpy/extras/extras@44e086d21@Fri Dec 23 17:36:28 2016 -0500.py,_fromnxfunction_single,2,2,4,0.5,0.3002454304729756,False,100,102,132,/Users/neda/Documents/workspace4/DissertationProject/util/Python/numpy/extras/extras
2144aa713,/Users/neda/Documents/workspace4/DissertationProject/util/Python/numpy/extras/extras@44e086d21@Fri Dec 23 17:36:28 2016 -0500.py,_fromnxfunction_seq,2,2,4,0.5,0.3002454304729756,False,100,102,132,/Users/neda/Documents/workspace4/DissertationProject/util/Python/numpy/extras/extras
2144aa713,/Users/neda/Documents/workspace4/DissertationProject/util/Python/numpy/extras/extras@44e086d21@Fri Dec 23 17:36:28 2016 -0500.py,_fromnxfunction_args,2,2,4,0.5,0.3002454304729756,False,100,102,132,/Users/neda/Documents/workspace4/DissertationProject/util/Python/numpy/extras/extras
2144aa713,/Users/neda/Documents/workspace4/DissertationProject/util/Python/numpy/extras/extras@44e086d21@Fri Dec 23 17:36:28 2016 -0500.py,_fromnxfunction_allargs,2,2,4,0.5,0.3002454304729756,False,100,102,132,/Users/neda/Documents/workspace4/DissertationProject/util/Python/numpy/extras/extras
2144aa713,/Users/neda/Documents/workspace4/DissertationProject/util/Python/numpy/extras/extras@44e086d21@Fri Dec 23 17:36:28 2016 -0500.py,MAxisConcatenator,2,7,12,0.5833333333333334,0.3002454304729756,False,100,102,132,/Users/neda/Documents/workspace4/DissertationProject/util/Python/numpy/extras/extras
2144aa713,/Users/neda/Documents/workspace4/DissertationProject/util/Python/numpy/extras/extras@44e086d21@Fri Dec 23 17:36:28 2016 -0500.py,mr_class,3,2,5,0.4,0.3002454304729756,False,100,102,132,/Users/neda/Documents/workspace4/DissertationProject/util/Python/numpy/extras/extras
2144aa713,/Users/neda/Documents/workspace4/DissertationProject/util/Python/numpy/extras/extras@6d52633c9@Sat Dec 24 13:54:52 2016 +0100.py,_fromnxfunction,1,5,4,1.25,0.3002454304729756,False,101,102,132,/Users/neda/Documents/workspace4/DissertationProject/util/Python/numpy/extras/extras
2144aa713,/Users/neda/Documents/workspace4/DissertationProject/util/Python/numpy/extras/extras@6d52633c9@Sat Dec 24 13:54:52 2016 +0100.py,_fromnxfunction_single,2,2,4,0.5,0.3002454304729756,False,101,102,132,/Users/neda/Documents/workspace4/DissertationProject/util/Python/numpy/extras/extras
2144aa713,/Users/neda/Documents/workspace4/DissertationProject/util/Python/numpy/extras/extras@6d52633c9@Sat Dec 24 13:54:52 2016 +0100.py,_fromnxfunction_seq,2,2,4,0.5,0.3002454304729756,False,101,102,132,/Users/neda/Documents/workspace4/DissertationProject/util/Python/numpy/extras/extras
2144aa713,/Users/neda/Documents/workspace4/DissertationProject/util/Python/numpy/extras/extras@6d52633c9@Sat Dec 24 13:54:52 2016 +0100.py,_fromnxfunction_args,2,2,4,0.5,0.3002454304729756,False,101,102,132,/Users/neda/Documents/workspace4/DissertationProject/util/Python/numpy/extras/extras
2144aa713,/Users/neda/Documents/workspace4/DissertationProject/util/Python/numpy/extras/extras@6d52633c9@Sat Dec 24 13:54:52 2016 +0100.py,_fromnxfunction_allargs,2,2,4,0.5,0.3002454304729756,False,101,102,132,/Users/neda/Documents/workspace4/DissertationProject/util/Python/numpy/extras/extras
2144aa713,/Users/neda/Documents/workspace4/DissertationProject/util/Python/numpy/extras/extras@6d52633c9@Sat Dec 24 13:54:52 2016 +0100.py,MAxisConcatenator,2,7,12,0.5833333333333334,0.3002454304729756,False,101,102,132,/Users/neda/Documents/workspace4/DissertationProject/util/Python/numpy/extras/extras
2144aa713,/Users/neda/Documents/workspace4/DissertationProject/util/Python/numpy/extras/extras@6d52633c9@Sat Dec 24 13:54:52 2016 +0100.py,mr_class,3,2,5,0.4,0.3002454304729756,False,101,102,132,/Users/neda/Documents/workspace4/DissertationProject/util/Python/numpy/extras/extras
2144aa713,/Users/neda/Documents/workspace4/DissertationProject/util/Python/numpy/extras/extras@2144aa713@Tue Jan 17 13:04:44 2017 +0100.py,_fromnxfunction,1,5,4,1.25,0.3002454304729756,False,102,102,132,/Users/neda/Documents/workspace4/DissertationProject/util/Python/numpy/extras/extras
2144aa713,/Users/neda/Documents/workspace4/DissertationProject/util/Python/numpy/extras/extras@2144aa713@Tue Jan 17 13:04:44 2017 +0100.py,_fromnxfunction_single,2,2,4,0.5,0.3002454304729756,False,102,102,132,/Users/neda/Documents/workspace4/DissertationProject/util/Python/numpy/extras/extras
2144aa713,/Users/neda/Documents/workspace4/DissertationProject/util/Python/numpy/extras/extras@2144aa713@Tue Jan 17 13:04:44 2017 +0100.py,_fromnxfunction_seq,2,2,4,0.5,0.3002454304729756,False,102,102,132,/Users/neda/Documents/workspace4/DissertationProject/util/Python/numpy/extras/extras
2144aa713,/Users/neda/Documents/workspace4/DissertationProject/util/Python/numpy/extras/extras@2144aa713@Tue Jan 17 13:04:44 2017 +0100.py,_fromnxfunction_args,2,2,4,0.5,0.3002454304729756,False,102,102,132,/Users/neda/Documents/workspace4/DissertationProject/util/Python/numpy/extras/extras
2144aa713,/Users/neda/Documents/workspace4/DissertationProject/util/Python/numpy/extras/extras@2144aa713@Tue Jan 17 13:04:44 2017 +0100.py,_fromnxfunction_allargs,2,2,4,0.5,0.3002454304729756,False,102,102,132,/Users/neda/Documents/workspace4/DissertationProject/util/Python/numpy/extras/extras
2144aa713,/Users/neda/Documents/workspace4/DissertationProject/util/Python/numpy/extras/extras@2144aa713@Tue Jan 17 13:04:44 2017 +0100.py,MAxisConcatenator,2,7,12,0.5833333333333334,0.3002454304729756,False,102,102,132,/Users/neda/Documents/workspace4/DissertationProject/util/Python/numpy/extras/extras
2144aa713,/Users/neda/Documents/workspace4/DissertationProject/util/Python/numpy/extras/extras@2144aa713@Tue Jan 17 13:04:44 2017 +0100.py,mr_class,3,2,5,0.4,0.3002454304729756,False,102,102,132,/Users/neda/Documents/workspace4/DissertationProject/util/Python/numpy/extras/extras
2144aa713,/Users/neda/Documents/workspace4/DissertationProject/util/Python/numpy/extras/extras@6bb3fc4e5@Mon Feb 6 11:51:40 2017 +0100.py,_fromnxfunction,1,5,4,1.25,0.2970740081446953,False,103,102,132,/Users/neda/Documents/workspace4/DissertationProject/util/Python/numpy/extras/extras
2144aa713,/Users/neda/Documents/workspace4/DissertationProject/util/Python/numpy/extras/extras@6bb3fc4e5@Mon Feb 6 11:51:40 2017 +0100.py,_fromnxfunction_single,2,2,4,0.5,0.2970740081446953,False,103,102,132,/Users/neda/Documents/workspace4/DissertationProject/util/Python/numpy/extras/extras
2144aa713,/Users/neda/Documents/workspace4/DissertationProject/util/Python/numpy/extras/extras@6bb3fc4e5@Mon Feb 6 11:51:40 2017 +0100.py,_fromnxfunction_seq,2,2,4,0.5,0.2970740081446953,False,103,102,132,/Users/neda/Documents/workspace4/DissertationProject/util/Python/numpy/extras/extras
2144aa713,/Users/neda/Documents/workspace4/DissertationProject/util/Python/numpy/extras/extras@6bb3fc4e5@Mon Feb 6 11:51:40 2017 +0100.py,_fromnxfunction_args,2,2,4,0.5,0.2970740081446953,False,103,102,132,/Users/neda/Documents/workspace4/DissertationProject/util/Python/numpy/extras/extras
2144aa713,/Users/neda/Documents/workspace4/DissertationProject/util/Python/numpy/extras/extras@6bb3fc4e5@Mon Feb 6 11:51:40 2017 +0100.py,_fromnxfunction_allargs,2,2,4,0.5,0.2970740081446953,False,103,102,132,/Users/neda/Documents/workspace4/DissertationProject/util/Python/numpy/extras/extras
2144aa713,/Users/neda/Documents/workspace4/DissertationProject/util/Python/numpy/extras/extras@6bb3fc4e5@Mon Feb 6 11:51:40 2017 +0100.py,MAxisConcatenator,2,7,12,0.5833333333333334,0.2970740081446953,False,103,102,132,/Users/neda/Documents/workspace4/DissertationProject/util/Python/numpy/extras/extras
2144aa713,/Users/neda/Documents/workspace4/DissertationProject/util/Python/numpy/extras/extras@6bb3fc4e5@Mon Feb 6 11:51:40 2017 +0100.py,mr_class,3,2,5,0.4,0.2970740081446953,False,103,102,132,/Users/neda/Documents/workspace4/DissertationProject/util/Python/numpy/extras/extras
badf2901e,/Users/neda/Documents/workspace4/DissertationProject/util/Python/numpy/setup/setup@badf2901e@Fri Dec 7 14:16:26 2018 -0700.py,sdist_checked,3,0,3,0,0.25659492388764826,True,761,761,872,/Users/neda/Documents/workspace4/DissertationProject/util/Python/numpy/setup/setup
5af6880df,/Users/neda/Documents/workspace4/DissertationProject/util/Python/numpy/bench_random/bench_random@58c0e7285@Fri May 24 10:41:58 2019 +0100.py,Random,2,0,1,0,0.26141651426596796,True,9,11,20,/Users/neda/Documents/workspace4/DissertationProject/util/Python/numpy/bench_random/bench_random
5af6880df,/Users/neda/Documents/workspace4/DissertationProject/util/Python/numpy/bench_random/bench_random@58c0e7285@Fri May 24 10:41:58 2019 +0100.py,Shuffle,2,0,1,0,0.26141651426596796,True,9,11,20,/Users/neda/Documents/workspace4/DissertationProject/util/Python/numpy/bench_random/bench_random
5af6880df,/Users/neda/Documents/workspace4/DissertationProject/util/Python/numpy/bench_random/bench_random@58c0e7285@Fri May 24 10:41:58 2019 +0100.py,Randint,2,0,1,0,0.26141651426596796,True,9,11,20,/Users/neda/Documents/workspace4/DissertationProject/util/Python/numpy/bench_random/bench_random
5af6880df,/Users/neda/Documents/workspace4/DissertationProject/util/Python/numpy/bench_random/bench_random@58c0e7285@Fri May 24 10:41:58 2019 +0100.py,Randint_dtype,2,0,1,0,0.26141651426596796,True,9,11,20,/Users/neda/Documents/workspace4/DissertationProject/util/Python/numpy/bench_random/bench_random
5af6880df,/Users/neda/Documents/workspace4/DissertationProject/util/Python/numpy/bench_random/bench_random@58c0e7285@Fri May 24 10:41:58 2019 +0100.py,Permutation,2,0,1,0,0.26141651426596796,True,9,11,20,/Users/neda/Documents/workspace4/DissertationProject/util/Python/numpy/bench_random/bench_random
5af6880df,/Users/neda/Documents/workspace4/DissertationProject/util/Python/numpy/bench_random/bench_random@58c0e7285@Fri May 24 10:41:58 2019 +0100.py,RNG,2,0,1,0,0.26141651426596796,True,9,11,20,/Users/neda/Documents/workspace4/DissertationProject/util/Python/numpy/bench_random/bench_random
5af6880df,/Users/neda/Documents/workspace4/DissertationProject/util/Python/numpy/bench_random/bench_random@58c0e7285@Fri May 24 10:41:58 2019 +0100.py,Bounded,2,0,1,0,0.26141651426596796,True,9,11,20,/Users/neda/Documents/workspace4/DissertationProject/util/Python/numpy/bench_random/bench_random
5af6880df,/Users/neda/Documents/workspace4/DissertationProject/util/Python/numpy/bench_random/bench_random@23853d65e@Fri May 24 21:19:11 2019 +0100.py,Random,2,0,1,0,0.26141651426596796,True,10,11,20,/Users/neda/Documents/workspace4/DissertationProject/util/Python/numpy/bench_random/bench_random
5af6880df,/Users/neda/Documents/workspace4/DissertationProject/util/Python/numpy/bench_random/bench_random@23853d65e@Fri May 24 21:19:11 2019 +0100.py,Shuffle,2,0,1,0,0.26141651426596796,True,10,11,20,/Users/neda/Documents/workspace4/DissertationProject/util/Python/numpy/bench_random/bench_random
5af6880df,/Users/neda/Documents/workspace4/DissertationProject/util/Python/numpy/bench_random/bench_random@23853d65e@Fri May 24 21:19:11 2019 +0100.py,Randint,2,0,1,0,0.26141651426596796,True,10,11,20,/Users/neda/Documents/workspace4/DissertationProject/util/Python/numpy/bench_random/bench_random
5af6880df,/Users/neda/Documents/workspace4/DissertationProject/util/Python/numpy/bench_random/bench_random@23853d65e@Fri May 24 21:19:11 2019 +0100.py,Randint_dtype,2,0,1,0,0.26141651426596796,True,10,11,20,/Users/neda/Documents/workspace4/DissertationProject/util/Python/numpy/bench_random/bench_random
5af6880df,/Users/neda/Documents/workspace4/DissertationProject/util/Python/numpy/bench_random/bench_random@23853d65e@Fri May 24 21:19:11 2019 +0100.py,Permutation,2,0,1,0,0.26141651426596796,True,10,11,20,/Users/neda/Documents/workspace4/DissertationProject/util/Python/numpy/bench_random/bench_random
5af6880df,/Users/neda/Documents/workspace4/DissertationProject/util/Python/numpy/bench_random/bench_random@23853d65e@Fri May 24 21:19:11 2019 +0100.py,RNG,2,0,1,0,0.26141651426596796,True,10,11,20,/Users/neda/Documents/workspace4/DissertationProject/util/Python/numpy/bench_random/bench_random
5af6880df,/Users/neda/Documents/workspace4/DissertationProject/util/Python/numpy/bench_random/bench_random@23853d65e@Fri May 24 21:19:11 2019 +0100.py,Bounded,2,0,1,0,0.26141651426596796,True,10,11,20,/Users/neda/Documents/workspace4/DissertationProject/util/Python/numpy/bench_random/bench_random
5af6880df,/Users/neda/Documents/workspace4/DissertationProject/util/Python/numpy/bench_random/bench_random@5af6880df@Thu May 30 16:29:22 2019 +0300.py,Random,2,0,1,0,0.2602032699162427,True,11,11,20,/Users/neda/Documents/workspace4/DissertationProject/util/Python/numpy/bench_random/bench_random
5af6880df,/Users/neda/Documents/workspace4/DissertationProject/util/Python/numpy/bench_random/bench_random@5af6880df@Thu May 30 16:29:22 2019 +0300.py,Shuffle,2,0,1,0,0.2602032699162427,True,11,11,20,/Users/neda/Documents/workspace4/DissertationProject/util/Python/numpy/bench_random/bench_random
5af6880df,/Users/neda/Documents/workspace4/DissertationProject/util/Python/numpy/bench_random/bench_random@5af6880df@Thu May 30 16:29:22 2019 +0300.py,Randint,2,0,1,0,0.2602032699162427,True,11,11,20,/Users/neda/Documents/workspace4/DissertationProject/util/Python/numpy/bench_random/bench_random
5af6880df,/Users/neda/Documents/workspace4/DissertationProject/util/Python/numpy/bench_random/bench_random@5af6880df@Thu May 30 16:29:22 2019 +0300.py,Randint_dtype,2,0,1,0,0.2602032699162427,True,11,11,20,/Users/neda/Documents/workspace4/DissertationProject/util/Python/numpy/bench_random/bench_random
5af6880df,/Users/neda/Documents/workspace4/DissertationProject/util/Python/numpy/bench_random/bench_random@5af6880df@Thu May 30 16:29:22 2019 +0300.py,Permutation,2,0,1,0,0.2602032699162427,True,11,11,20,/Users/neda/Documents/workspace4/DissertationProject/util/Python/numpy/bench_random/bench_random
5af6880df,/Users/neda/Documents/workspace4/DissertationProject/util/Python/numpy/bench_random/bench_random@5af6880df@Thu May 30 16:29:22 2019 +0300.py,RNG,2,0,1,0,0.2602032699162427,True,11,11,20,/Users/neda/Documents/workspace4/DissertationProject/util/Python/numpy/bench_random/bench_random
5af6880df,/Users/neda/Documents/workspace4/DissertationProject/util/Python/numpy/bench_random/bench_random@5af6880df@Thu May 30 16:29:22 2019 +0300.py,Bounded,2,0,1,0,0.2602032699162427,True,11,11,20,/Users/neda/Documents/workspace4/DissertationProject/util/Python/numpy/bench_random/bench_random
5af6880df,/Users/neda/Documents/workspace4/DissertationProject/util/Python/numpy/bench_random/bench_random@91d345150@Sun Jun 16 11:37:34 2019 +0300.py,Random,2,0,1,0,0.26343523838174543,True,12,11,20,/Users/neda/Documents/workspace4/DissertationProject/util/Python/numpy/bench_random/bench_random
5af6880df,/Users/neda/Documents/workspace4/DissertationProject/util/Python/numpy/bench_random/bench_random@91d345150@Sun Jun 16 11:37:34 2019 +0300.py,Shuffle,2,0,1,0,0.26343523838174543,True,12,11,20,/Users/neda/Documents/workspace4/DissertationProject/util/Python/numpy/bench_random/bench_random
5af6880df,/Users/neda/Documents/workspace4/DissertationProject/util/Python/numpy/bench_random/bench_random@91d345150@Sun Jun 16 11:37:34 2019 +0300.py,Randint,2,0,1,0,0.26343523838174543,True,12,11,20,/Users/neda/Documents/workspace4/DissertationProject/util/Python/numpy/bench_random/bench_random
5af6880df,/Users/neda/Documents/workspace4/DissertationProject/util/Python/numpy/bench_random/bench_random@91d345150@Sun Jun 16 11:37:34 2019 +0300.py,Randint_dtype,2,0,1,0,0.26343523838174543,True,12,11,20,/Users/neda/Documents/workspace4/DissertationProject/util/Python/numpy/bench_random/bench_random
5af6880df,/Users/neda/Documents/workspace4/DissertationProject/util/Python/numpy/bench_random/bench_random@91d345150@Sun Jun 16 11:37:34 2019 +0300.py,Permutation,2,0,1,0,0.26343523838174543,True,12,11,20,/Users/neda/Documents/workspace4/DissertationProject/util/Python/numpy/bench_random/bench_random
5af6880df,/Users/neda/Documents/workspace4/DissertationProject/util/Python/numpy/bench_random/bench_random@91d345150@Sun Jun 16 11:37:34 2019 +0300.py,RNG,2,0,1,0,0.26343523838174543,True,12,11,20,/Users/neda/Documents/workspace4/DissertationProject/util/Python/numpy/bench_random/bench_random
5af6880df,/Users/neda/Documents/workspace4/DissertationProject/util/Python/numpy/bench_random/bench_random@91d345150@Sun Jun 16 11:37:34 2019 +0300.py,Bounded,2,0,1,0,0.26343523838174543,True,12,11,20,/Users/neda/Documents/workspace4/DissertationProject/util/Python/numpy/bench_random/bench_random
42281e952,/Users/neda/Documents/workspace4/DissertationProject/util/Python/numpy/gnu/gnu@07bf33fbf@Wed Feb 5 08:21:51 2020 +1300.py,GnuFCompiler,3,12,77,0.15584415584415584,0.25271578182948884,True,112,114,116,/Users/neda/Documents/workspace4/DissertationProject/util/Python/numpy/gnu/gnu
42281e952,/Users/neda/Documents/workspace4/DissertationProject/util/Python/numpy/gnu/gnu@07bf33fbf@Wed Feb 5 08:21:51 2020 +1300.py,Gnu95FCompiler,4,16,19,0.8421052631578947,0.25271578182948884,False,112,114,116,/Users/neda/Documents/workspace4/DissertationProject/util/Python/numpy/gnu/gnu
42281e952,/Users/neda/Documents/workspace4/DissertationProject/util/Python/numpy/gnu/gnu@303c70466@Tue Apr 7 12:08:51 2020 +0300.py,GnuFCompiler,3,12,77,0.15584415584415584,0.24785030092482188,True,113,114,116,/Users/neda/Documents/workspace4/DissertationProject/util/Python/numpy/gnu/gnu
42281e952,/Users/neda/Documents/workspace4/DissertationProject/util/Python/numpy/gnu/gnu@303c70466@Tue Apr 7 12:08:51 2020 +0300.py,Gnu95FCompiler,4,16,19,0.8421052631578947,0.24785030092482188,False,113,114,116,/Users/neda/Documents/workspace4/DissertationProject/util/Python/numpy/gnu/gnu
42281e952,/Users/neda/Documents/workspace4/DissertationProject/util/Python/numpy/gnu/gnu@42281e952@Wed Apr 8 08:58:18 2020 +0300.py,GnuFCompiler,3,12,77,0.15584415584415584,0.24785030092482188,True,114,114,116,/Users/neda/Documents/workspace4/DissertationProject/util/Python/numpy/gnu/gnu
42281e952,/Users/neda/Documents/workspace4/DissertationProject/util/Python/numpy/gnu/gnu@42281e952@Wed Apr 8 08:58:18 2020 +0300.py,Gnu95FCompiler,4,16,19,0.8421052631578947,0.24785030092482188,False,114,114,116,/Users/neda/Documents/workspace4/DissertationProject/util/Python/numpy/gnu/gnu
42281e952,/Users/neda/Documents/workspace4/DissertationProject/util/Python/numpy/gnu/gnu@6deecb9e5@Mon Jun 1 12:29:32 2020 -0400.py,GnuFCompiler,3,12,77,0.15584415584415584,0.24595106490240945,True,115,114,116,/Users/neda/Documents/workspace4/DissertationProject/util/Python/numpy/gnu/gnu
42281e952,/Users/neda/Documents/workspace4/DissertationProject/util/Python/numpy/gnu/gnu@6deecb9e5@Mon Jun 1 12:29:32 2020 -0400.py,Gnu95FCompiler,4,16,19,0.8421052631578947,0.24595106490240945,False,115,114,116,/Users/neda/Documents/workspace4/DissertationProject/util/Python/numpy/gnu/gnu
5ba533b4b,/Users/neda/Documents/workspace4/DissertationProject/util/Python/numpy/inline_tools/inline_tools@635ec7216@Thu Feb 14 21:22:22 2002 +0000.py,inline_ext_function,3,0,1,0,0.3553528060104147,True,5,7,16,/Users/neda/Documents/workspace4/DissertationProject/util/Python/numpy/inline_tools/inline_tools
5ba533b4b,/Users/neda/Documents/workspace4/DissertationProject/util/Python/numpy/inline_tools/inline_tools@635ec7216@Thu Feb 14 21:22:22 2002 +0000.py,inline_ext_module,2,3,21,0.14285714285714285,0.3553528060104147,True,5,7,16,/Users/neda/Documents/workspace4/DissertationProject/util/Python/numpy/inline_tools/inline_tools
5ba533b4b,/Users/neda/Documents/workspace4/DissertationProject/util/Python/numpy/inline_tools/inline_tools@280b6f215@Thu Feb 14 22:29:01 2002 +0000.py,inline_ext_function,3,0,1,0,0.35056375316925187,True,6,7,16,/Users/neda/Documents/workspace4/DissertationProject/util/Python/numpy/inline_tools/inline_tools
5ba533b4b,/Users/neda/Documents/workspace4/DissertationProject/util/Python/numpy/inline_tools/inline_tools@280b6f215@Thu Feb 14 22:29:01 2002 +0000.py,inline_ext_module,2,3,21,0.14285714285714285,0.35056375316925187,True,6,7,16,/Users/neda/Documents/workspace4/DissertationProject/util/Python/numpy/inline_tools/inline_tools
5ba533b4b,/Users/neda/Documents/workspace4/DissertationProject/util/Python/numpy/inline_tools/inline_tools@5ba533b4b@Tue Feb 19 10:35:37 2002 +0000.py,inline_ext_function,3,0,1,0,0.31801005439139496,True,7,7,16,/Users/neda/Documents/workspace4/DissertationProject/util/Python/numpy/inline_tools/inline_tools
5ba533b4b,/Users/neda/Documents/workspace4/DissertationProject/util/Python/numpy/inline_tools/inline_tools@5ba533b4b@Tue Feb 19 10:35:37 2002 +0000.py,inline_ext_module,2,3,21,0.14285714285714285,0.31801005439139496,True,7,7,16,/Users/neda/Documents/workspace4/DissertationProject/util/Python/numpy/inline_tools/inline_tools
5ba533b4b,/Users/neda/Documents/workspace4/DissertationProject/util/Python/numpy/inline_tools/inline_tools@c117d3173@Wed Apr 3 03:41:30 2002 +0000.py,inline_ext_function,3,0,1,0,0.28184748818882543,True,8,7,16,/Users/neda/Documents/workspace4/DissertationProject/util/Python/numpy/inline_tools/inline_tools
5ba533b4b,/Users/neda/Documents/workspace4/DissertationProject/util/Python/numpy/inline_tools/inline_tools@c117d3173@Wed Apr 3 03:41:30 2002 +0000.py,inline_ext_module,2,3,21,0.14285714285714285,0.28184748818882543,True,8,7,16,/Users/neda/Documents/workspace4/DissertationProject/util/Python/numpy/inline_tools/inline_tools
d64d62b76,/Users/neda/Documents/workspace4/DissertationProject/util/Python/numpy/setup/setup@4cd727420@Wed Jan 29 22:59:19 2014 +0100.py,sdist_checked,3,0,3,0,0.37979952710131726,True,567,566,872,/Users/neda/Documents/workspace4/DissertationProject/util/Python/numpy/setup/setup
3ce73b79d,/Users/neda/Documents/workspace4/DissertationProject/util/Python/numpy/_dtype_ctypes/_dtype_ctypes@9ca7cb17c@Tue Nov 6 12:17:23 2018 +0100.py,DummyStruct,3,0,0,0,0.25681293380916254,True,0,1,11,/Users/neda/Documents/workspace4/DissertationProject/util/Python/numpy/_dtype_ctypes/_dtype_ctypes
3ce73b79d,/Users/neda/Documents/workspace4/DissertationProject/util/Python/numpy/_dtype_ctypes/_dtype_ctypes@3ce73b79d@Thu Nov 8 21:52:32 2018 +0100.py,DummyStruct,3,0,0,0,0.25681293380916254,True,1,1,11,/Users/neda/Documents/workspace4/DissertationProject/util/Python/numpy/_dtype_ctypes/_dtype_ctypes
3ce73b79d,/Users/neda/Documents/workspace4/DissertationProject/util/Python/numpy/_dtype_ctypes/_dtype_ctypes@dc560bd3f@Fri Nov 9 10:30:21 2018 +0100.py,DummyStruct,3,0,0,0,0.25681293380916254,True,2,1,11,/Users/neda/Documents/workspace4/DissertationProject/util/Python/numpy/_dtype_ctypes/_dtype_ctypes
9ca7cb17c,/Users/neda/Documents/workspace4/DissertationProject/util/Python/numpy/_dtype_ctypes/_dtype_ctypes@9ca7cb17c@Tue Nov 6 12:17:23 2018 +0100.py,DummyStruct,3,0,0,0,0.25681293380916254,True,0,0,11,/Users/neda/Documents/workspace4/DissertationProject/util/Python/numpy/_dtype_ctypes/_dtype_ctypes
9ca7cb17c,/Users/neda/Documents/workspace4/DissertationProject/util/Python/numpy/_dtype_ctypes/_dtype_ctypes@3ce73b79d@Thu Nov 8 21:52:32 2018 +0100.py,DummyStruct,3,0,0,0,0.25681293380916254,True,1,0,11,/Users/neda/Documents/workspace4/DissertationProject/util/Python/numpy/_dtype_ctypes/_dtype_ctypes
6f1ad4ceb,/Users/neda/Documents/workspace4/DissertationProject/util/Python/numpy/setup_common/setup_common@3ab762705@Tue Jul 21 09:49:34 2009 +0000.py,MismatchCAPIWarning,2,0,0,0,0.35682183745317375,True,6,7,112,/Users/neda/Documents/workspace4/DissertationProject/util/Python/numpy/setup_common/setup_common
6f1ad4ceb,/Users/neda/Documents/workspace4/DissertationProject/util/Python/numpy/setup_common/setup_common@6f1ad4ceb@Tue Aug 25 08:00:39 2009 +0000.py,MismatchCAPIWarning,2,0,0,0,0.35694591626074373,True,7,7,112,/Users/neda/Documents/workspace4/DissertationProject/util/Python/numpy/setup_common/setup_common
6f1ad4ceb,/Users/neda/Documents/workspace4/DissertationProject/util/Python/numpy/setup_common/setup_common@a7cfefdb0@Wed Aug 26 02:25:18 2009 +0000.py,MismatchCAPIWarning,2,0,0,0,0.35694591626074373,True,8,7,112,/Users/neda/Documents/workspace4/DissertationProject/util/Python/numpy/setup_common/setup_common
d48ab365b,/Users/neda/Documents/workspace4/DissertationProject/util/Python/numpy/gnu/gnu@79ab0f4ba@Tue Jun 6 20:04:32 2006 +0000.py,GnuFCompiler,3,11,57,0.19298245614035087,0.33253112119947315,True,16,18,116,/Users/neda/Documents/workspace4/DissertationProject/util/Python/numpy/gnu/gnu
d48ab365b,/Users/neda/Documents/workspace4/DissertationProject/util/Python/numpy/gnu/gnu@79ab0f4ba@Tue Jun 6 20:04:32 2006 +0000.py,Gnu95FCompiler,4,8,15,0.5333333333333333,0.33253112119947315,False,16,18,116,/Users/neda/Documents/workspace4/DissertationProject/util/Python/numpy/gnu/gnu
d48ab365b,/Users/neda/Documents/workspace4/DissertationProject/util/Python/numpy/gnu/gnu@b8783285f@Fri Jul 28 20:02:07 2006 +0000.py,GnuFCompiler,3,12,57,0.21052631578947367,0.2678567450812538,True,17,18,116,/Users/neda/Documents/workspace4/DissertationProject/util/Python/numpy/gnu/gnu
d48ab365b,/Users/neda/Documents/workspace4/DissertationProject/util/Python/numpy/gnu/gnu@b8783285f@Fri Jul 28 20:02:07 2006 +0000.py,Gnu95FCompiler,4,9,17,0.5294117647058824,0.2678567450812538,False,17,18,116,/Users/neda/Documents/workspace4/DissertationProject/util/Python/numpy/gnu/gnu
d48ab365b,/Users/neda/Documents/workspace4/DissertationProject/util/Python/numpy/gnu/gnu@d48ab365b@Fri Jul 28 21:19:31 2006 +0000.py,GnuFCompiler,3,10,40,0.25,0.3649189404433611,True,18,18,116,/Users/neda/Documents/workspace4/DissertationProject/util/Python/numpy/gnu/gnu
d48ab365b,/Users/neda/Documents/workspace4/DissertationProject/util/Python/numpy/gnu/gnu@d48ab365b@Fri Jul 28 21:19:31 2006 +0000.py,Gnu95FCompiler,4,9,17,0.5294117647058824,0.3649189404433611,False,18,18,116,/Users/neda/Documents/workspace4/DissertationProject/util/Python/numpy/gnu/gnu
d48ab365b,/Users/neda/Documents/workspace4/DissertationProject/util/Python/numpy/gnu/gnu@3b49529e9@Sat Jul 29 14:14:08 2006 +0000.py,GnuFCompiler,3,12,57,0.21052631578947367,0.2678567450812538,True,19,18,116,/Users/neda/Documents/workspace4/DissertationProject/util/Python/numpy/gnu/gnu
d48ab365b,/Users/neda/Documents/workspace4/DissertationProject/util/Python/numpy/gnu/gnu@3b49529e9@Sat Jul 29 14:14:08 2006 +0000.py,Gnu95FCompiler,4,9,17,0.5294117647058824,0.2678567450812538,False,19,18,116,/Users/neda/Documents/workspace4/DissertationProject/util/Python/numpy/gnu/gnu
9ef80bfa2,/Users/neda/Documents/workspace4/DissertationProject/util/Python/numpy/setup_common/setup_common@270927fd8@Sat Feb 25 20:58:57 2017 +0100.py,MismatchCAPIWarning,2,0,0,0,0.2945330321773954,True,81,83,112,/Users/neda/Documents/workspace4/DissertationProject/util/Python/numpy/setup_common/setup_common
9ef80bfa2,/Users/neda/Documents/workspace4/DissertationProject/util/Python/numpy/setup_common/setup_common@a3afc2508@Wed May 10 11:01:08 2017 -0600.py,MismatchCAPIWarning,2,0,0,0,0.28867116574005297,True,82,83,112,/Users/neda/Documents/workspace4/DissertationProject/util/Python/numpy/setup_common/setup_common
9ef80bfa2,/Users/neda/Documents/workspace4/DissertationProject/util/Python/numpy/setup_common/setup_common@9ef80bfa2@Tue Nov 14 08:15:37 2017 -0700.py,MismatchCAPIWarning,2,0,0,0,0.2784786326121319,True,83,83,112,/Users/neda/Documents/workspace4/DissertationProject/util/Python/numpy/setup_common/setup_common
9ef80bfa2,/Users/neda/Documents/workspace4/DissertationProject/util/Python/numpy/setup_common/setup_common@362ea38c7@Tue Nov 28 16:41:06 2017 -0500.py,MismatchCAPIWarning,2,0,0,0,0.2807165735587379,True,84,83,112,/Users/neda/Documents/workspace4/DissertationProject/util/Python/numpy/setup_common/setup_common
524abf2f4,/Users/neda/Documents/workspace4/DissertationProject/util/Python/numpy/polynomial/polynomial@96cacd74e@Thu Mar 28 00:34:19 2019 -0600.py,Polynomial,4,4,64,0.0625,0.26407695687031096,True,202,204,217,/Users/neda/Documents/workspace4/DissertationProject/util/Python/numpy/polynomial/polynomial
524abf2f4,/Users/neda/Documents/workspace4/DissertationProject/util/Python/numpy/polynomial/polynomial@732d52a4c@Mon Apr 8 17:00:10 2019 -0600.py,Polynomial,4,4,64,0.0625,0.26407695687031096,True,203,204,217,/Users/neda/Documents/workspace4/DissertationProject/util/Python/numpy/polynomial/polynomial
524abf2f4,/Users/neda/Documents/workspace4/DissertationProject/util/Python/numpy/polynomial/polynomial@524abf2f4@Sun Apr 14 21:59:26 2019 +0200.py,Polynomial,4,4,64,0.0625,0.2640835859037095,True,204,204,217,/Users/neda/Documents/workspace4/DissertationProject/util/Python/numpy/polynomial/polynomial
af671c4aa,/Users/neda/Documents/workspace4/DissertationProject/util/Python/numpy/extras/extras@54b68dda8@Mon Jul 11 10:39:23 2016 -0400.py,_fromnxfunction,1,5,4,1.25,0.3029148241448975,False,94,95,132,/Users/neda/Documents/workspace4/DissertationProject/util/Python/numpy/extras/extras
af671c4aa,/Users/neda/Documents/workspace4/DissertationProject/util/Python/numpy/extras/extras@54b68dda8@Mon Jul 11 10:39:23 2016 -0400.py,_fromnxfunction_single,2,2,4,0.5,0.3029148241448975,False,94,95,132,/Users/neda/Documents/workspace4/DissertationProject/util/Python/numpy/extras/extras
af671c4aa,/Users/neda/Documents/workspace4/DissertationProject/util/Python/numpy/extras/extras@54b68dda8@Mon Jul 11 10:39:23 2016 -0400.py,_fromnxfunction_seq,2,2,4,0.5,0.3029148241448975,False,94,95,132,/Users/neda/Documents/workspace4/DissertationProject/util/Python/numpy/extras/extras
af671c4aa,/Users/neda/Documents/workspace4/DissertationProject/util/Python/numpy/extras/extras@54b68dda8@Mon Jul 11 10:39:23 2016 -0400.py,_fromnxfunction_args,2,2,4,0.5,0.3029148241448975,False,94,95,132,/Users/neda/Documents/workspace4/DissertationProject/util/Python/numpy/extras/extras
af671c4aa,/Users/neda/Documents/workspace4/DissertationProject/util/Python/numpy/extras/extras@54b68dda8@Mon Jul 11 10:39:23 2016 -0400.py,_fromnxfunction_allargs,2,2,4,0.5,0.3029148241448975,False,94,95,132,/Users/neda/Documents/workspace4/DissertationProject/util/Python/numpy/extras/extras
af671c4aa,/Users/neda/Documents/workspace4/DissertationProject/util/Python/numpy/extras/extras@54b68dda8@Mon Jul 11 10:39:23 2016 -0400.py,MAxisConcatenator,2,7,12,0.5833333333333334,0.3029148241448975,False,94,95,132,/Users/neda/Documents/workspace4/DissertationProject/util/Python/numpy/extras/extras
af671c4aa,/Users/neda/Documents/workspace4/DissertationProject/util/Python/numpy/extras/extras@54b68dda8@Mon Jul 11 10:39:23 2016 -0400.py,mr_class,3,2,5,0.4,0.3029148241448975,False,94,95,132,/Users/neda/Documents/workspace4/DissertationProject/util/Python/numpy/extras/extras
02d66ecd8,/Users/neda/Documents/workspace4/DissertationProject/util/Python/numpy/extras/extras@c31cc36a8@Sun Jan 5 00:53:30 2020 -0500.py,_fromnxfunction,1,5,4,1.25,0.26032320953426846,False,129,131,132,/Users/neda/Documents/workspace4/DissertationProject/util/Python/numpy/extras/extras
02d66ecd8,/Users/neda/Documents/workspace4/DissertationProject/util/Python/numpy/extras/extras@c31cc36a8@Sun Jan 5 00:53:30 2020 -0500.py,_fromnxfunction_single,2,2,4,0.5,0.26032320953426846,False,129,131,132,/Users/neda/Documents/workspace4/DissertationProject/util/Python/numpy/extras/extras
02d66ecd8,/Users/neda/Documents/workspace4/DissertationProject/util/Python/numpy/extras/extras@c31cc36a8@Sun Jan 5 00:53:30 2020 -0500.py,_fromnxfunction_seq,2,2,4,0.5,0.26032320953426846,False,129,131,132,/Users/neda/Documents/workspace4/DissertationProject/util/Python/numpy/extras/extras
02d66ecd8,/Users/neda/Documents/workspace4/DissertationProject/util/Python/numpy/extras/extras@c31cc36a8@Sun Jan 5 00:53:30 2020 -0500.py,_fromnxfunction_args,2,2,4,0.5,0.26032320953426846,False,129,131,132,/Users/neda/Documents/workspace4/DissertationProject/util/Python/numpy/extras/extras
02d66ecd8,/Users/neda/Documents/workspace4/DissertationProject/util/Python/numpy/extras/extras@c31cc36a8@Sun Jan 5 00:53:30 2020 -0500.py,_fromnxfunction_allargs,2,2,4,0.5,0.26032320953426846,False,129,131,132,/Users/neda/Documents/workspace4/DissertationProject/util/Python/numpy/extras/extras
02d66ecd8,/Users/neda/Documents/workspace4/DissertationProject/util/Python/numpy/extras/extras@c31cc36a8@Sun Jan 5 00:53:30 2020 -0500.py,MAxisConcatenator,2,2,9,0.2222222222222222,0.26032320953426846,True,129,131,132,/Users/neda/Documents/workspace4/DissertationProject/util/Python/numpy/extras/extras
02d66ecd8,/Users/neda/Documents/workspace4/DissertationProject/util/Python/numpy/extras/extras@c31cc36a8@Sun Jan 5 00:53:30 2020 -0500.py,mr_class,3,0,3,0,0.26032320953426846,True,129,131,132,/Users/neda/Documents/workspace4/DissertationProject/util/Python/numpy/extras/extras
02d66ecd8,/Users/neda/Documents/workspace4/DissertationProject/util/Python/numpy/extras/extras@6ee491785@Sat Apr 25 23:33:48 2020 +0800.py,_fromnxfunction,1,5,4,1.25,0.24785030092482188,False,130,131,132,/Users/neda/Documents/workspace4/DissertationProject/util/Python/numpy/extras/extras
02d66ecd8,/Users/neda/Documents/workspace4/DissertationProject/util/Python/numpy/extras/extras@6ee491785@Sat Apr 25 23:33:48 2020 +0800.py,_fromnxfunction_single,2,2,4,0.5,0.24785030092482188,False,130,131,132,/Users/neda/Documents/workspace4/DissertationProject/util/Python/numpy/extras/extras
02d66ecd8,/Users/neda/Documents/workspace4/DissertationProject/util/Python/numpy/extras/extras@6ee491785@Sat Apr 25 23:33:48 2020 +0800.py,_fromnxfunction_seq,2,2,4,0.5,0.24785030092482188,False,130,131,132,/Users/neda/Documents/workspace4/DissertationProject/util/Python/numpy/extras/extras
02d66ecd8,/Users/neda/Documents/workspace4/DissertationProject/util/Python/numpy/extras/extras@6ee491785@Sat Apr 25 23:33:48 2020 +0800.py,_fromnxfunction_args,2,2,4,0.5,0.24785030092482188,False,130,131,132,/Users/neda/Documents/workspace4/DissertationProject/util/Python/numpy/extras/extras
02d66ecd8,/Users/neda/Documents/workspace4/DissertationProject/util/Python/numpy/extras/extras@6ee491785@Sat Apr 25 23:33:48 2020 +0800.py,_fromnxfunction_allargs,2,2,4,0.5,0.24785030092482188,False,130,131,132,/Users/neda/Documents/workspace4/DissertationProject/util/Python/numpy/extras/extras
02d66ecd8,/Users/neda/Documents/workspace4/DissertationProject/util/Python/numpy/extras/extras@6ee491785@Sat Apr 25 23:33:48 2020 +0800.py,MAxisConcatenator,2,2,9,0.2222222222222222,0.24785030092482188,True,130,131,132,/Users/neda/Documents/workspace4/DissertationProject/util/Python/numpy/extras/extras
02d66ecd8,/Users/neda/Documents/workspace4/DissertationProject/util/Python/numpy/extras/extras@6ee491785@Sat Apr 25 23:33:48 2020 +0800.py,mr_class,3,0,3,0,0.24785030092482188,True,130,131,132,/Users/neda/Documents/workspace4/DissertationProject/util/Python/numpy/extras/extras
02d66ecd8,/Users/neda/Documents/workspace4/DissertationProject/util/Python/numpy/extras/extras@02d66ecd8@Thu Jun 11 21:41:32 2020 +0900.py,_fromnxfunction,1,5,4,1.25,0.24374483329102625,False,131,131,132,/Users/neda/Documents/workspace4/DissertationProject/util/Python/numpy/extras/extras
02d66ecd8,/Users/neda/Documents/workspace4/DissertationProject/util/Python/numpy/extras/extras@02d66ecd8@Thu Jun 11 21:41:32 2020 +0900.py,_fromnxfunction_single,2,2,4,0.5,0.24374483329102625,False,131,131,132,/Users/neda/Documents/workspace4/DissertationProject/util/Python/numpy/extras/extras
02d66ecd8,/Users/neda/Documents/workspace4/DissertationProject/util/Python/numpy/extras/extras@02d66ecd8@Thu Jun 11 21:41:32 2020 +0900.py,_fromnxfunction_seq,2,2,4,0.5,0.24374483329102625,False,131,131,132,/Users/neda/Documents/workspace4/DissertationProject/util/Python/numpy/extras/extras
02d66ecd8,/Users/neda/Documents/workspace4/DissertationProject/util/Python/numpy/extras/extras@02d66ecd8@Thu Jun 11 21:41:32 2020 +0900.py,_fromnxfunction_args,2,2,4,0.5,0.24374483329102625,False,131,131,132,/Users/neda/Documents/workspace4/DissertationProject/util/Python/numpy/extras/extras
02d66ecd8,/Users/neda/Documents/workspace4/DissertationProject/util/Python/numpy/extras/extras@02d66ecd8@Thu Jun 11 21:41:32 2020 +0900.py,_fromnxfunction_allargs,2,2,4,0.5,0.24374483329102625,False,131,131,132,/Users/neda/Documents/workspace4/DissertationProject/util/Python/numpy/extras/extras
02d66ecd8,/Users/neda/Documents/workspace4/DissertationProject/util/Python/numpy/extras/extras@02d66ecd8@Thu Jun 11 21:41:32 2020 +0900.py,MAxisConcatenator,2,2,9,0.2222222222222222,0.24374483329102625,True,131,131,132,/Users/neda/Documents/workspace4/DissertationProject/util/Python/numpy/extras/extras
02d66ecd8,/Users/neda/Documents/workspace4/DissertationProject/util/Python/numpy/extras/extras@02d66ecd8@Thu Jun 11 21:41:32 2020 +0900.py,mr_class,3,0,3,0,0.24374483329102625,True,131,131,132,/Users/neda/Documents/workspace4/DissertationProject/util/Python/numpy/extras/extras
51e9a0283,/Users/neda/Documents/workspace4/DissertationProject/util/Python/numpy/setup/setup@badf2901e@Fri Dec 7 14:16:26 2018 -0700.py,sdist_checked,3,0,3,0,0.25659492388764826,True,761,760,872,/Users/neda/Documents/workspace4/DissertationProject/util/Python/numpy/setup/setup
922442fe0,/Users/neda/Documents/workspace4/DissertationProject/util/Python/numpy/setup/setup@a3df126f1@Sat Oct 10 01:15:12 2015 +0200.py,sdist_checked,3,0,3,0,0.3052008791875543,True,629,630,872,/Users/neda/Documents/workspace4/DissertationProject/util/Python/numpy/setup/setup
922442fe0,/Users/neda/Documents/workspace4/DissertationProject/util/Python/numpy/setup/setup@922442fe0@Mon Oct 19 13:03:34 2015 -0700.py,sdist_checked,3,0,3,0,0.29752322695703926,True,630,630,872,/Users/neda/Documents/workspace4/DissertationProject/util/Python/numpy/setup/setup
9bd836ac8,/Users/neda/Documents/workspace4/DissertationProject/util/Python/numpy/hermite/hermite@db0b231f1@Wed Sep 7 09:48:40 2016 +0200.py,Hermite,2,3,72,0.041666666666666664,0.3012412615805611,True,42,44,74,/Users/neda/Documents/workspace4/DissertationProject/util/Python/numpy/hermite/hermite
9bd836ac8,/Users/neda/Documents/workspace4/DissertationProject/util/Python/numpy/hermite/hermite@ec0e04694@Tue Dec 13 15:53:56 2016 -0700.py,Hermite,2,3,72,0.041666666666666664,0.3002454304729756,True,43,44,74,/Users/neda/Documents/workspace4/DissertationProject/util/Python/numpy/hermite/hermite
9bd836ac8,/Users/neda/Documents/workspace4/DissertationProject/util/Python/numpy/hermite/hermite@9bd836ac8@Wed Feb 1 16:11:03 2017 -0500.py,Hermite,2,3,72,0.041666666666666664,0.2970740081446953,True,44,44,74,/Users/neda/Documents/workspace4/DissertationProject/util/Python/numpy/hermite/hermite
9bd836ac8,/Users/neda/Documents/workspace4/DissertationProject/util/Python/numpy/hermite/hermite@370b6506f@Wed Feb 8 22:05:11 2017 +0000.py,Hermite,2,3,72,0.041666666666666664,0.2961251026215975,True,45,44,74,/Users/neda/Documents/workspace4/DissertationProject/util/Python/numpy/hermite/hermite
0f23250d0,/Users/neda/Documents/workspace4/DissertationProject/util/Python/numpy/misc/misc@c6f48c8a0@Thu Aug 10 12:48:04 2006 +0000.py,Unpickler,2,2,2,1.0,0.26516111345224064,False,4,6,31,/Users/neda/Documents/workspace4/DissertationProject/util/Python/numpy/misc/misc
0f23250d0,/Users/neda/Documents/workspace4/DissertationProject/util/Python/numpy/misc/misc@c6f48c8a0@Thu Aug 10 12:48:04 2006 +0000.py,Pickler,2,2,2,1.0,0.26516111345224064,False,4,6,31,/Users/neda/Documents/workspace4/DissertationProject/util/Python/numpy/misc/misc
0f23250d0,/Users/neda/Documents/workspace4/DissertationProject/util/Python/numpy/misc/misc@01a0309ec@Sun Aug 13 07:15:52 2006 +0000.py,Unpickler,2,2,2,1.0,0.26516111345224064,False,5,6,31,/Users/neda/Documents/workspace4/DissertationProject/util/Python/numpy/misc/misc
0f23250d0,/Users/neda/Documents/workspace4/DissertationProject/util/Python/numpy/misc/misc@01a0309ec@Sun Aug 13 07:15:52 2006 +0000.py,Pickler,2,2,2,1.0,0.26516111345224064,False,5,6,31,/Users/neda/Documents/workspace4/DissertationProject/util/Python/numpy/misc/misc
0f23250d0,/Users/neda/Documents/workspace4/DissertationProject/util/Python/numpy/misc/misc@0f23250d0@Mon Aug 28 19:46:08 2006 +0000.py,Unpickler,2,2,2,1.0,0.2645140038750189,False,6,6,31,/Users/neda/Documents/workspace4/DissertationProject/util/Python/numpy/misc/misc
0f23250d0,/Users/neda/Documents/workspace4/DissertationProject/util/Python/numpy/misc/misc@0f23250d0@Mon Aug 28 19:46:08 2006 +0000.py,Pickler,2,2,2,1.0,0.2645140038750189,False,6,6,31,/Users/neda/Documents/workspace4/DissertationProject/util/Python/numpy/misc/misc
0f23250d0,/Users/neda/Documents/workspace4/DissertationProject/util/Python/numpy/misc/misc@310b6d0be@Fri Sep 22 19:42:43 2006 +0000.py,Unpickler,2,2,2,1.0,0.25498066244928436,False,7,6,31,/Users/neda/Documents/workspace4/DissertationProject/util/Python/numpy/misc/misc
0f23250d0,/Users/neda/Documents/workspace4/DissertationProject/util/Python/numpy/misc/misc@310b6d0be@Fri Sep 22 19:42:43 2006 +0000.py,Pickler,2,2,2,1.0,0.25498066244928436,False,7,6,31,/Users/neda/Documents/workspace4/DissertationProject/util/Python/numpy/misc/misc
5ba533b4b,/Users/neda/Documents/workspace4/DissertationProject/util/Python/numpy/common_spec/common_spec@958af342c@Thu Feb 14 08:17:04 2002 +0000.py,common_base_specification,2,2,18,0.1111111111111111,0.35056375316925187,True,5,7,9,/Users/neda/Documents/workspace4/DissertationProject/util/Python/numpy/common_spec/common_spec
5ba533b4b,/Users/neda/Documents/workspace4/DissertationProject/util/Python/numpy/common_spec/common_spec@958af342c@Thu Feb 14 08:17:04 2002 +0000.py,file_specification,3,1,5,0.2,0.35056375316925187,True,5,7,9,/Users/neda/Documents/workspace4/DissertationProject/util/Python/numpy/common_spec/common_spec
5ba533b4b,/Users/neda/Documents/workspace4/DissertationProject/util/Python/numpy/common_spec/common_spec@958af342c@Thu Feb 14 08:17:04 2002 +0000.py,callable_specification,3,1,5,0.2,0.35056375316925187,True,5,7,9,/Users/neda/Documents/workspace4/DissertationProject/util/Python/numpy/common_spec/common_spec
5ba533b4b,/Users/neda/Documents/workspace4/DissertationProject/util/Python/numpy/common_spec/common_spec@958af342c@Thu Feb 14 08:17:04 2002 +0000.py,instance_specification,3,1,5,0.2,0.35056375316925187,True,5,7,9,/Users/neda/Documents/workspace4/DissertationProject/util/Python/numpy/common_spec/common_spec
5ba533b4b,/Users/neda/Documents/workspace4/DissertationProject/util/Python/numpy/common_spec/common_spec@635ec7216@Thu Feb 14 21:22:22 2002 +0000.py,common_base_converter,2,2,18,0.1111111111111111,0.3553528060104147,True,6,7,9,/Users/neda/Documents/workspace4/DissertationProject/util/Python/numpy/common_spec/common_spec
5ba533b4b,/Users/neda/Documents/workspace4/DissertationProject/util/Python/numpy/common_spec/common_spec@635ec7216@Thu Feb 14 21:22:22 2002 +0000.py,file_converter,3,1,5,0.2,0.3553528060104147,True,6,7,9,/Users/neda/Documents/workspace4/DissertationProject/util/Python/numpy/common_spec/common_spec
5ba533b4b,/Users/neda/Documents/workspace4/DissertationProject/util/Python/numpy/common_spec/common_spec@635ec7216@Thu Feb 14 21:22:22 2002 +0000.py,callable_converter,3,1,5,0.2,0.3553528060104147,True,6,7,9,/Users/neda/Documents/workspace4/DissertationProject/util/Python/numpy/common_spec/common_spec
5ba533b4b,/Users/neda/Documents/workspace4/DissertationProject/util/Python/numpy/common_spec/common_spec@635ec7216@Thu Feb 14 21:22:22 2002 +0000.py,instance_converter,3,1,5,0.2,0.3553528060104147,True,6,7,9,/Users/neda/Documents/workspace4/DissertationProject/util/Python/numpy/common_spec/common_spec
5ba533b4b,/Users/neda/Documents/workspace4/DissertationProject/util/Python/numpy/common_spec/common_spec@5ba533b4b@Tue Feb 19 10:35:37 2002 +0000.py,common_base_converter,2,2,18,0.1111111111111111,0.31801005439139496,True,7,7,9,/Users/neda/Documents/workspace4/DissertationProject/util/Python/numpy/common_spec/common_spec
5ba533b4b,/Users/neda/Documents/workspace4/DissertationProject/util/Python/numpy/common_spec/common_spec@5ba533b4b@Tue Feb 19 10:35:37 2002 +0000.py,file_converter,3,1,5,0.2,0.31801005439139496,True,7,7,9,/Users/neda/Documents/workspace4/DissertationProject/util/Python/numpy/common_spec/common_spec
5ba533b4b,/Users/neda/Documents/workspace4/DissertationProject/util/Python/numpy/common_spec/common_spec@5ba533b4b@Tue Feb 19 10:35:37 2002 +0000.py,callable_converter,3,1,5,0.2,0.31801005439139496,True,7,7,9,/Users/neda/Documents/workspace4/DissertationProject/util/Python/numpy/common_spec/common_spec
5ba533b4b,/Users/neda/Documents/workspace4/DissertationProject/util/Python/numpy/common_spec/common_spec@5ba533b4b@Tue Feb 19 10:35:37 2002 +0000.py,instance_converter,3,1,5,0.2,0.31801005439139496,True,7,7,9,/Users/neda/Documents/workspace4/DissertationProject/util/Python/numpy/common_spec/common_spec
5ba533b4b,/Users/neda/Documents/workspace4/DissertationProject/util/Python/numpy/common_spec/common_spec@c117d3173@Wed Apr 3 03:41:30 2002 +0000.py,common_base_converter,2,2,18,0.1111111111111111,0.28184748818882543,True,8,7,9,/Users/neda/Documents/workspace4/DissertationProject/util/Python/numpy/common_spec/common_spec
5ba533b4b,/Users/neda/Documents/workspace4/DissertationProject/util/Python/numpy/common_spec/common_spec@c117d3173@Wed Apr 3 03:41:30 2002 +0000.py,file_converter,3,1,5,0.2,0.28184748818882543,True,8,7,9,/Users/neda/Documents/workspace4/DissertationProject/util/Python/numpy/common_spec/common_spec
5ba533b4b,/Users/neda/Documents/workspace4/DissertationProject/util/Python/numpy/common_spec/common_spec@c117d3173@Wed Apr 3 03:41:30 2002 +0000.py,callable_converter,3,1,5,0.2,0.28184748818882543,True,8,7,9,/Users/neda/Documents/workspace4/DissertationProject/util/Python/numpy/common_spec/common_spec
5ba533b4b,/Users/neda/Documents/workspace4/DissertationProject/util/Python/numpy/common_spec/common_spec@c117d3173@Wed Apr 3 03:41:30 2002 +0000.py,instance_converter,3,1,5,0.2,0.28184748818882543,True,8,7,9,/Users/neda/Documents/workspace4/DissertationProject/util/Python/numpy/common_spec/common_spec
d7c77aae2,/Users/neda/Documents/workspace4/DissertationProject/util/Python/numpy/mrecords/mrecords@462f65aab@Sun Apr 20 22:58:22 2008 +0000.py,MaskedRecords,2,0,18,0,0.14409187864726394,True,6,8,58,/Users/neda/Documents/workspace4/DissertationProject/util/Python/numpy/mrecords/mrecords
d7c77aae2,/Users/neda/Documents/workspace4/DissertationProject/util/Python/numpy/mrecords/mrecords@3682f7622@Thu May 1 23:56:07 2008 +0000.py,MaskedRecords,2,0,18,0,0.14409187864726394,True,7,8,58,/Users/neda/Documents/workspace4/DissertationProject/util/Python/numpy/mrecords/mrecords
d7c77aae2,/Users/neda/Documents/workspace4/DissertationProject/util/Python/numpy/mrecords/mrecords@d7c77aae2@Wed May 14 22:08:33 2008 +0000.py,MaskedRecords,2,0,18,0,0.14409187864726394,True,8,8,58,/Users/neda/Documents/workspace4/DissertationProject/util/Python/numpy/mrecords/mrecords
d7c77aae2,/Users/neda/Documents/workspace4/DissertationProject/util/Python/numpy/mrecords/mrecords@cd650e681@Fri May 16 15:45:01 2008 +0000.py,MaskedRecords,2,0,18,0,0.14409187864726394,True,9,8,58,/Users/neda/Documents/workspace4/DissertationProject/util/Python/numpy/mrecords/mrecords
5ede7c7bc,/Users/neda/Documents/workspace4/DissertationProject/util/Python/numpy/setup_common/setup_common@4872caccb@Sun Jul 17 18:14:27 2011 +0200.py,MismatchCAPIWarning,2,0,0,0,0.358471552283903,True,25,27,112,/Users/neda/Documents/workspace4/DissertationProject/util/Python/numpy/setup_common/setup_common
5ede7c7bc,/Users/neda/Documents/workspace4/DissertationProject/util/Python/numpy/setup_common/setup_common@7bd1f1303@Wed Jan 11 14:47:58 2012 +0100.py,MismatchCAPIWarning,2,0,0,0,0.36859084761030314,True,26,27,112,/Users/neda/Documents/workspace4/DissertationProject/util/Python/numpy/setup_common/setup_common
5ede7c7bc,/Users/neda/Documents/workspace4/DissertationProject/util/Python/numpy/setup_common/setup_common@5ede7c7bc@Sat Feb 4 16:23:39 2012 -0800.py,MismatchCAPIWarning,2,0,0,0,0.358471552283903,True,27,27,112,/Users/neda/Documents/workspace4/DissertationProject/util/Python/numpy/setup_common/setup_common
5ede7c7bc,/Users/neda/Documents/workspace4/DissertationProject/util/Python/numpy/setup_common/setup_common@471dde998@Mon Aug 6 18:11:02 2012 -0700.py,MismatchCAPIWarning,2,0,0,0,0.36480829138262105,True,28,27,112,/Users/neda/Documents/workspace4/DissertationProject/util/Python/numpy/setup_common/setup_common
dc560bd3f,/Users/neda/Documents/workspace4/DissertationProject/util/Python/numpy/_dtype_ctypes/_dtype_ctypes@9ca7cb17c@Tue Nov 6 12:17:23 2018 +0100.py,DummyStruct,3,0,0,0,0.25681293380916254,True,0,2,11,/Users/neda/Documents/workspace4/DissertationProject/util/Python/numpy/_dtype_ctypes/_dtype_ctypes
dc560bd3f,/Users/neda/Documents/workspace4/DissertationProject/util/Python/numpy/_dtype_ctypes/_dtype_ctypes@3ce73b79d@Thu Nov 8 21:52:32 2018 +0100.py,DummyStruct,3,0,0,0,0.25681293380916254,True,1,2,11,/Users/neda/Documents/workspace4/DissertationProject/util/Python/numpy/_dtype_ctypes/_dtype_ctypes
dc560bd3f,/Users/neda/Documents/workspace4/DissertationProject/util/Python/numpy/_dtype_ctypes/_dtype_ctypes@dc560bd3f@Fri Nov 9 10:30:21 2018 +0100.py,DummyStruct,3,0,0,0,0.25681293380916254,True,2,2,11,/Users/neda/Documents/workspace4/DissertationProject/util/Python/numpy/_dtype_ctypes/_dtype_ctypes
dc560bd3f,/Users/neda/Documents/workspace4/DissertationProject/util/Python/numpy/_dtype_ctypes/_dtype_ctypes@b64e418cc@Tue Nov 13 06:11:23 2018 -0700.py,DummyStruct,3,0,0,0,0.25681293380916254,True,3,2,11,/Users/neda/Documents/workspace4/DissertationProject/util/Python/numpy/_dtype_ctypes/_dtype_ctypes
0739b6b03,/Users/neda/Documents/workspace4/DissertationProject/util/Python/numpy/polytemplate/polytemplate@d4b88c1db@Wed Mar 27 21:49:08 2013 -0600.py,$name,3,0,0,0,0.363529235547394,True,27,29,35,/Users/neda/Documents/workspace4/DissertationProject/util/Python/numpy/polytemplate/polytemplate
0739b6b03,/Users/neda/Documents/workspace4/DissertationProject/util/Python/numpy/polytemplate/polytemplate@bb726ca19@Sat Apr 6 13:25:26 2013 -0600.py,$name,3,0,0,0,0.363529235547394,True,28,29,35,/Users/neda/Documents/workspace4/DissertationProject/util/Python/numpy/polytemplate/polytemplate
0739b6b03,/Users/neda/Documents/workspace4/DissertationProject/util/Python/numpy/polytemplate/polytemplate@0739b6b03@Tue Jul 2 18:30:06 2013 -0600.py,$name,3,0,0,0,0.3654282254463839,True,29,29,35,/Users/neda/Documents/workspace4/DissertationProject/util/Python/numpy/polytemplate/polytemplate
0739b6b03,/Users/neda/Documents/workspace4/DissertationProject/util/Python/numpy/polytemplate/polytemplate@9b8f6c72c@Thu Jul 25 16:10:54 2013 +0200.py,$name,3,0,0,0,0.3679839180810459,True,30,29,35,/Users/neda/Documents/workspace4/DissertationProject/util/Python/numpy/polytemplate/polytemplate
70350f4e2,/Users/neda/Documents/workspace4/DissertationProject/util/Python/numpy/setup_common/setup_common@1350b4671@Mon Nov 16 23:09:57 2015 +0100.py,MismatchCAPIWarning,2,0,0,0,0.2965587520866314,True,68,70,112,/Users/neda/Documents/workspace4/DissertationProject/util/Python/numpy/setup_common/setup_common
70350f4e2,/Users/neda/Documents/workspace4/DissertationProject/util/Python/numpy/setup_common/setup_common@f54ed5d5e@Fri Jan 8 22:49:00 2016 -0500.py,MismatchCAPIWarning,2,0,0,0,0.2990710069885922,True,69,70,112,/Users/neda/Documents/workspace4/DissertationProject/util/Python/numpy/setup_common/setup_common
70350f4e2,/Users/neda/Documents/workspace4/DissertationProject/util/Python/numpy/setup_common/setup_common@70350f4e2@Tue Jan 19 18:42:23 2016 -0700.py,MismatchCAPIWarning,2,0,0,0,0.2955934371398876,True,70,70,112,/Users/neda/Documents/workspace4/DissertationProject/util/Python/numpy/setup_common/setup_common
70350f4e2,/Users/neda/Documents/workspace4/DissertationProject/util/Python/numpy/setup_common/setup_common@7884a8c9f@Sat Jan 23 15:58:58 2016 +0100.py,MismatchCAPIWarning,2,0,0,0,0.3012412615805611,True,71,70,112,/Users/neda/Documents/workspace4/DissertationProject/util/Python/numpy/setup_common/setup_common
9bd836ac8,/Users/neda/Documents/workspace4/DissertationProject/util/Python/numpy/chebyshev/chebyshev@ec0e04694@Tue Dec 13 15:53:56 2016 -0700.py,Chebyshev,2,3,72,0.041666666666666664,0.3002454304729756,True,50,52,89,/Users/neda/Documents/workspace4/DissertationProject/util/Python/numpy/chebyshev/chebyshev
9bd836ac8,/Users/neda/Documents/workspace4/DissertationProject/util/Python/numpy/chebyshev/chebyshev@e316832b5@Thu Jan 19 11:36:27 2017 -0800.py,Chebyshev,2,3,72,0.041666666666666664,0.3002454304729756,True,51,52,89,/Users/neda/Documents/workspace4/DissertationProject/util/Python/numpy/chebyshev/chebyshev
9bd836ac8,/Users/neda/Documents/workspace4/DissertationProject/util/Python/numpy/chebyshev/chebyshev@9bd836ac8@Wed Feb 1 16:11:03 2017 -0500.py,Chebyshev,2,3,72,0.041666666666666664,0.2970740081446953,True,52,52,89,/Users/neda/Documents/workspace4/DissertationProject/util/Python/numpy/chebyshev/chebyshev
9bd836ac8,/Users/neda/Documents/workspace4/DissertationProject/util/Python/numpy/chebyshev/chebyshev@370b6506f@Wed Feb 8 22:05:11 2017 +0000.py,Chebyshev,2,3,72,0.041666666666666664,0.2961251026215975,True,53,52,89,/Users/neda/Documents/workspace4/DissertationProject/util/Python/numpy/chebyshev/chebyshev
524abf2f4,/Users/neda/Documents/workspace4/DissertationProject/util/Python/numpy/laguerre/laguerre@ddbc31c2d@Sat Mar 16 20:38:50 2019 -0700.py,Laguerre,4,4,64,0.0625,0.26407695687031096,True,59,61,69,/Users/neda/Documents/workspace4/DissertationProject/util/Python/numpy/laguerre/laguerre
524abf2f4,/Users/neda/Documents/workspace4/DissertationProject/util/Python/numpy/laguerre/laguerre@732d52a4c@Mon Apr 8 17:00:10 2019 -0600.py,Laguerre,4,4,64,0.0625,0.26407695687031096,True,60,61,69,/Users/neda/Documents/workspace4/DissertationProject/util/Python/numpy/laguerre/laguerre
524abf2f4,/Users/neda/Documents/workspace4/DissertationProject/util/Python/numpy/laguerre/laguerre@524abf2f4@Sun Apr 14 21:59:26 2019 +0200.py,Laguerre,4,4,64,0.0625,0.2640835859037095,True,61,61,69,/Users/neda/Documents/workspace4/DissertationProject/util/Python/numpy/laguerre/laguerre
524abf2f4,/Users/neda/Documents/workspace4/DissertationProject/util/Python/numpy/laguerre/laguerre@5343bc84b@Sun Apr 14 22:11:15 2019 +0200.py,Laguerre,4,4,64,0.0625,0.2640835859037095,True,62,61,69,/Users/neda/Documents/workspace4/DissertationProject/util/Python/numpy/laguerre/laguerre
b06dbc15d,/Users/neda/Documents/workspace4/DissertationProject/util/Python/numpy/setup/setup@b06dbc15d@Sun Aug 2 19:55:14 2015 -0600.py,sdist_checked,3,0,3,0,0.34691562016063526,True,616,616,872,/Users/neda/Documents/workspace4/DissertationProject/util/Python/numpy/setup/setup
63d9a9b46,/Users/neda/Documents/workspace4/DissertationProject/util/Python/numpy/build_ext/build_ext@bb726ca19@Sat Apr 6 13:25:26 2013 -0600.py,build_ext,1,31,28,1.1071428571428572,0.363529235547394,False,111,113,135,/Users/neda/Documents/workspace4/DissertationProject/util/Python/numpy/build_ext/build_ext
63d9a9b46,/Users/neda/Documents/workspace4/DissertationProject/util/Python/numpy/build_ext/build_ext@9016aa47a@Thu Apr 18 09:40:17 2013 -0600.py,build_ext,1,31,28,1.1071428571428572,0.363529235547394,False,112,113,135,/Users/neda/Documents/workspace4/DissertationProject/util/Python/numpy/build_ext/build_ext
63d9a9b46,/Users/neda/Documents/workspace4/DissertationProject/util/Python/numpy/build_ext/build_ext@63d9a9b46@Sun Apr 21 12:04:28 2013 -0600.py,build_ext,1,31,28,1.1071428571428572,0.363529235547394,False,113,113,135,/Users/neda/Documents/workspace4/DissertationProject/util/Python/numpy/build_ext/build_ext
63d9a9b46,/Users/neda/Documents/workspace4/DissertationProject/util/Python/numpy/build_ext/build_ext@fbd6510d5@Sun Aug 18 11:51:25 2013 -0600.py,build_ext,1,31,28,1.1071428571428572,0.36859084761030314,False,114,113,135,/Users/neda/Documents/workspace4/DissertationProject/util/Python/numpy/build_ext/build_ext
5a7abd79c,/Users/neda/Documents/workspace4/DissertationProject/util/Python/numpy/numerictypes/numerictypes@abfceef3e@Mon Oct 31 17:58:54 2005 +0000.py,_castdict,2,0,0,0,0.3435478710382952,True,11,13,167,/Users/neda/Documents/workspace4/DissertationProject/util/Python/numpy/numerictypes/numerictypes
5a7abd79c,/Users/neda/Documents/workspace4/DissertationProject/util/Python/numpy/numerictypes/numerictypes@76f82877c@Tue Nov 1 23:14:09 2005 +0000.py,_typedict,2,0,0,0,0.3435478710382952,True,12,13,167,/Users/neda/Documents/workspace4/DissertationProject/util/Python/numpy/numerictypes/numerictypes
5a7abd79c,/Users/neda/Documents/workspace4/DissertationProject/util/Python/numpy/numerictypes/numerictypes@5a7abd79c@Wed Nov 2 16:38:13 2005 +0000.py,_typedict,2,0,0,0,0.3435478710382952,True,13,13,167,/Users/neda/Documents/workspace4/DissertationProject/util/Python/numpy/numerictypes/numerictypes
5a7abd79c,/Users/neda/Documents/workspace4/DissertationProject/util/Python/numpy/numerictypes/numerictypes@cf2c7c970@Wed Nov 2 16:40:17 2005 +0000.py,_typedict,2,0,0,0,0.3435478710382952,True,14,13,167,/Users/neda/Documents/workspace4/DissertationProject/util/Python/numpy/numerictypes/numerictypes
79ba2891e,/Users/neda/Documents/workspace4/DissertationProject/util/Python/numpy/setup/setup@79ba2891e@Tue Jun 12 15:51:58 2018 -0600.py,sdist_checked,3,0,3,0,0.27583446465499406,True,738,738,872,/Users/neda/Documents/workspace4/DissertationProject/util/Python/numpy/setup/setup
79ba2891e,/Users/neda/Documents/workspace4/DissertationProject/util/Python/numpy/setup/setup@83828f52b@Sat Jun 16 18:18:19 2018 +1200.py,sdist_checked,3,0,3,0,0.27583446465499406,True,739,738,872,/Users/neda/Documents/workspace4/DissertationProject/util/Python/numpy/setup/setup
ba11cf468,/Users/neda/Documents/workspace4/DissertationProject/util/Python/numpy/msvc9compiler/msvc9compiler@4743f3b44@Sat Dec 5 19:16:00 2015 -0700.py,MSVCCompiler,3,6,4,1.5,0.2965587520866314,False,2,4,7,/Users/neda/Documents/workspace4/DissertationProject/util/Python/numpy/msvc9compiler/msvc9compiler
ba11cf468,/Users/neda/Documents/workspace4/DissertationProject/util/Python/numpy/msvc9compiler/msvc9compiler@c7602711a@Mon Aug 22 18:00:24 2016 -0600.py,MSVCCompiler,2,6,4,1.5,0.29299810483475175,False,3,4,7,/Users/neda/Documents/workspace4/DissertationProject/util/Python/numpy/msvc9compiler/msvc9compiler
ba11cf468,/Users/neda/Documents/workspace4/DissertationProject/util/Python/numpy/msvc9compiler/msvc9compiler@ba11cf468@Thu Oct 6 17:02:51 2016 -0500.py,MSVCCompiler,2,6,4,1.5,0.3002454304729756,False,4,4,7,/Users/neda/Documents/workspace4/DissertationProject/util/Python/numpy/msvc9compiler/msvc9compiler
ba11cf468,/Users/neda/Documents/workspace4/DissertationProject/util/Python/numpy/msvc9compiler/msvc9compiler@abd97ce72@Sat May 13 07:56:34 2017 -0400.py,MSVCCompiler,2,6,4,1.5,0.28867116574005297,False,5,4,7,/Users/neda/Documents/workspace4/DissertationProject/util/Python/numpy/msvc9compiler/msvc9compiler
8d24b14a7,/Users/neda/Documents/workspace4/DissertationProject/util/Python/numpy/gnu/gnu@8a0ae9f45@Thu Dec 3 16:02:23 2009 +0000.py,GnuFCompiler,3,12,71,0.16901408450704225,0.3590031690947733,True,60,62,116,/Users/neda/Documents/workspace4/DissertationProject/util/Python/numpy/gnu/gnu
8d24b14a7,/Users/neda/Documents/workspace4/DissertationProject/util/Python/numpy/gnu/gnu@8a0ae9f45@Thu Dec 3 16:02:23 2009 +0000.py,Gnu95FCompiler,4,5,16,0.3125,0.3590031690947733,True,60,62,116,/Users/neda/Documents/workspace4/DissertationProject/util/Python/numpy/gnu/gnu
8d24b14a7,/Users/neda/Documents/workspace4/DissertationProject/util/Python/numpy/gnu/gnu@90e79bd64@Thu Dec 3 16:03:01 2009 +0000.py,GnuFCompiler,3,12,71,0.16901408450704225,0.3590031690947733,True,61,62,116,/Users/neda/Documents/workspace4/DissertationProject/util/Python/numpy/gnu/gnu
8d24b14a7,/Users/neda/Documents/workspace4/DissertationProject/util/Python/numpy/gnu/gnu@90e79bd64@Thu Dec 3 16:03:01 2009 +0000.py,Gnu95FCompiler,4,5,16,0.3125,0.3590031690947733,True,61,62,116,/Users/neda/Documents/workspace4/DissertationProject/util/Python/numpy/gnu/gnu
8d24b14a7,/Users/neda/Documents/workspace4/DissertationProject/util/Python/numpy/gnu/gnu@8d24b14a7@Thu Dec 10 10:57:50 2009 +0000.py,GnuFCompiler,3,12,72,0.16666666666666666,0.35978339106792473,True,62,62,116,/Users/neda/Documents/workspace4/DissertationProject/util/Python/numpy/gnu/gnu
8d24b14a7,/Users/neda/Documents/workspace4/DissertationProject/util/Python/numpy/gnu/gnu@8d24b14a7@Thu Dec 10 10:57:50 2009 +0000.py,Gnu95FCompiler,4,5,16,0.3125,0.35978339106792473,True,62,62,116,/Users/neda/Documents/workspace4/DissertationProject/util/Python/numpy/gnu/gnu
8d24b14a7,/Users/neda/Documents/workspace4/DissertationProject/util/Python/numpy/gnu/gnu@49c5dc14a@Thu Feb 4 15:07:51 2010 +0000.py,GnuFCompiler,3,12,72,0.16666666666666666,0.3592065258933385,True,63,62,116,/Users/neda/Documents/workspace4/DissertationProject/util/Python/numpy/gnu/gnu
8d24b14a7,/Users/neda/Documents/workspace4/DissertationProject/util/Python/numpy/gnu/gnu@49c5dc14a@Thu Feb 4 15:07:51 2010 +0000.py,Gnu95FCompiler,4,5,16,0.3125,0.3592065258933385,True,63,62,116,/Users/neda/Documents/workspace4/DissertationProject/util/Python/numpy/gnu/gnu
f97d5ca77,/Users/neda/Documents/workspace4/DissertationProject/util/Python/numpy/intel/intel@a09fc3341@Tue Apr 23 19:48:00 2013 +0100.py,BaseIntelFCompiler,3,1,74,0.013513513513513514,0.3641959022140607,True,37,39,57,/Users/neda/Documents/workspace4/DissertationProject/util/Python/numpy/intel/intel
f97d5ca77,/Users/neda/Documents/workspace4/DissertationProject/util/Python/numpy/intel/intel@a09fc3341@Tue Apr 23 19:48:00 2013 +0100.py,IntelFCompiler,4,1,2,0.5,0.3641959022140607,False,37,39,57,/Users/neda/Documents/workspace4/DissertationProject/util/Python/numpy/intel/intel
f97d5ca77,/Users/neda/Documents/workspace4/DissertationProject/util/Python/numpy/intel/intel@a09fc3341@Tue Apr 23 19:48:00 2013 +0100.py,IntelItaniumFCompiler,5,6,14,0.42857142857142855,0.3641959022140607,False,37,39,57,/Users/neda/Documents/workspace4/DissertationProject/util/Python/numpy/intel/intel
f97d5ca77,/Users/neda/Documents/workspace4/DissertationProject/util/Python/numpy/intel/intel@a09fc3341@Tue Apr 23 19:48:00 2013 +0100.py,IntelEM64TFCompiler,5,9,14,0.6428571428571429,0.3641959022140607,False,37,39,57,/Users/neda/Documents/workspace4/DissertationProject/util/Python/numpy/intel/intel
f97d5ca77,/Users/neda/Documents/workspace4/DissertationProject/util/Python/numpy/intel/intel@a09fc3341@Tue Apr 23 19:48:00 2013 +0100.py,IntelVisualFCompiler,4,2,2,1.0,0.3641959022140607,False,37,39,57,/Users/neda/Documents/workspace4/DissertationProject/util/Python/numpy/intel/intel
f97d5ca77,/Users/neda/Documents/workspace4/DissertationProject/util/Python/numpy/intel/intel@a09fc3341@Tue Apr 23 19:48:00 2013 +0100.py,IntelItaniumVisualFCompiler,5,4,10,0.4,0.3641959022140607,False,37,39,57,/Users/neda/Documents/workspace4/DissertationProject/util/Python/numpy/intel/intel
f97d5ca77,/Users/neda/Documents/workspace4/DissertationProject/util/Python/numpy/intel/intel@a09fc3341@Tue Apr 23 19:48:00 2013 +0100.py,IntelEM64VisualFCompiler,5,4,10,0.4,0.3641959022140607,False,37,39,57,/Users/neda/Documents/workspace4/DissertationProject/util/Python/numpy/intel/intel
f97d5ca77,/Users/neda/Documents/workspace4/DissertationProject/util/Python/numpy/intel/intel@fbd6510d5@Sun Aug 18 11:51:25 2013 -0600.py,BaseIntelFCompiler,3,1,74,0.013513513513513514,0.36859084761030314,True,38,39,57,/Users/neda/Documents/workspace4/DissertationProject/util/Python/numpy/intel/intel
f97d5ca77,/Users/neda/Documents/workspace4/DissertationProject/util/Python/numpy/intel/intel@fbd6510d5@Sun Aug 18 11:51:25 2013 -0600.py,IntelFCompiler,4,1,2,0.5,0.36859084761030314,False,38,39,57,/Users/neda/Documents/workspace4/DissertationProject/util/Python/numpy/intel/intel
f97d5ca77,/Users/neda/Documents/workspace4/DissertationProject/util/Python/numpy/intel/intel@fbd6510d5@Sun Aug 18 11:51:25 2013 -0600.py,IntelItaniumFCompiler,5,6,14,0.42857142857142855,0.36859084761030314,False,38,39,57,/Users/neda/Documents/workspace4/DissertationProject/util/Python/numpy/intel/intel
f97d5ca77,/Users/neda/Documents/workspace4/DissertationProject/util/Python/numpy/intel/intel@fbd6510d5@Sun Aug 18 11:51:25 2013 -0600.py,IntelEM64TFCompiler,5,9,14,0.6428571428571429,0.36859084761030314,False,38,39,57,/Users/neda/Documents/workspace4/DissertationProject/util/Python/numpy/intel/intel
f97d5ca77,/Users/neda/Documents/workspace4/DissertationProject/util/Python/numpy/intel/intel@fbd6510d5@Sun Aug 18 11:51:25 2013 -0600.py,IntelVisualFCompiler,4,2,2,1.0,0.36859084761030314,False,38,39,57,/Users/neda/Documents/workspace4/DissertationProject/util/Python/numpy/intel/intel
f97d5ca77,/Users/neda/Documents/workspace4/DissertationProject/util/Python/numpy/intel/intel@fbd6510d5@Sun Aug 18 11:51:25 2013 -0600.py,IntelItaniumVisualFCompiler,5,4,10,0.4,0.36859084761030314,False,38,39,57,/Users/neda/Documents/workspace4/DissertationProject/util/Python/numpy/intel/intel
f97d5ca77,/Users/neda/Documents/workspace4/DissertationProject/util/Python/numpy/intel/intel@fbd6510d5@Sun Aug 18 11:51:25 2013 -0600.py,IntelEM64VisualFCompiler,5,4,10,0.4,0.36859084761030314,False,38,39,57,/Users/neda/Documents/workspace4/DissertationProject/util/Python/numpy/intel/intel
f97d5ca77,/Users/neda/Documents/workspace4/DissertationProject/util/Python/numpy/intel/intel@f97d5ca77@Tue Apr 8 20:19:15 2014 -0700.py,BaseIntelFCompiler,3,1,74,0.013513513513513514,0.3679839180810459,True,39,39,57,/Users/neda/Documents/workspace4/DissertationProject/util/Python/numpy/intel/intel
f97d5ca77,/Users/neda/Documents/workspace4/DissertationProject/util/Python/numpy/intel/intel@f97d5ca77@Tue Apr 8 20:19:15 2014 -0700.py,IntelFCompiler,4,1,2,0.5,0.3679839180810459,False,39,39,57,/Users/neda/Documents/workspace4/DissertationProject/util/Python/numpy/intel/intel
f97d5ca77,/Users/neda/Documents/workspace4/DissertationProject/util/Python/numpy/intel/intel@f97d5ca77@Tue Apr 8 20:19:15 2014 -0700.py,IntelItaniumFCompiler,5,6,14,0.42857142857142855,0.3679839180810459,False,39,39,57,/Users/neda/Documents/workspace4/DissertationProject/util/Python/numpy/intel/intel
f97d5ca77,/Users/neda/Documents/workspace4/DissertationProject/util/Python/numpy/intel/intel@f97d5ca77@Tue Apr 8 20:19:15 2014 -0700.py,IntelEM64TFCompiler,5,9,14,0.6428571428571429,0.3679839180810459,False,39,39,57,/Users/neda/Documents/workspace4/DissertationProject/util/Python/numpy/intel/intel
f97d5ca77,/Users/neda/Documents/workspace4/DissertationProject/util/Python/numpy/intel/intel@f97d5ca77@Tue Apr 8 20:19:15 2014 -0700.py,IntelVisualFCompiler,4,2,2,1.0,0.3679839180810459,False,39,39,57,/Users/neda/Documents/workspace4/DissertationProject/util/Python/numpy/intel/intel
f97d5ca77,/Users/neda/Documents/workspace4/DissertationProject/util/Python/numpy/intel/intel@f97d5ca77@Tue Apr 8 20:19:15 2014 -0700.py,IntelItaniumVisualFCompiler,5,4,10,0.4,0.3679839180810459,False,39,39,57,/Users/neda/Documents/workspace4/DissertationProject/util/Python/numpy/intel/intel
f97d5ca77,/Users/neda/Documents/workspace4/DissertationProject/util/Python/numpy/intel/intel@f97d5ca77@Tue Apr 8 20:19:15 2014 -0700.py,IntelEM64VisualFCompiler,5,4,10,0.4,0.3679839180810459,False,39,39,57,/Users/neda/Documents/workspace4/DissertationProject/util/Python/numpy/intel/intel
f97d5ca77,/Users/neda/Documents/workspace4/DissertationProject/util/Python/numpy/intel/intel@f4a7cf902@Mon Apr 21 11:46:57 2014 +0200.py,BaseIntelFCompiler,3,1,74,0.013513513513513514,0.3679839180810459,True,40,39,57,/Users/neda/Documents/workspace4/DissertationProject/util/Python/numpy/intel/intel
f97d5ca77,/Users/neda/Documents/workspace4/DissertationProject/util/Python/numpy/intel/intel@f4a7cf902@Mon Apr 21 11:46:57 2014 +0200.py,IntelFCompiler,4,1,2,0.5,0.3679839180810459,False,40,39,57,/Users/neda/Documents/workspace4/DissertationProject/util/Python/numpy/intel/intel
f97d5ca77,/Users/neda/Documents/workspace4/DissertationProject/util/Python/numpy/intel/intel@f4a7cf902@Mon Apr 21 11:46:57 2014 +0200.py,IntelItaniumFCompiler,5,6,14,0.42857142857142855,0.3679839180810459,False,40,39,57,/Users/neda/Documents/workspace4/DissertationProject/util/Python/numpy/intel/intel
f97d5ca77,/Users/neda/Documents/workspace4/DissertationProject/util/Python/numpy/intel/intel@f4a7cf902@Mon Apr 21 11:46:57 2014 +0200.py,IntelEM64TFCompiler,5,9,14,0.6428571428571429,0.3679839180810459,False,40,39,57,/Users/neda/Documents/workspace4/DissertationProject/util/Python/numpy/intel/intel
f97d5ca77,/Users/neda/Documents/workspace4/DissertationProject/util/Python/numpy/intel/intel@f4a7cf902@Mon Apr 21 11:46:57 2014 +0200.py,IntelVisualFCompiler,4,2,2,1.0,0.3679839180810459,False,40,39,57,/Users/neda/Documents/workspace4/DissertationProject/util/Python/numpy/intel/intel
f97d5ca77,/Users/neda/Documents/workspace4/DissertationProject/util/Python/numpy/intel/intel@f4a7cf902@Mon Apr 21 11:46:57 2014 +0200.py,IntelItaniumVisualFCompiler,5,4,10,0.4,0.3679839180810459,False,40,39,57,/Users/neda/Documents/workspace4/DissertationProject/util/Python/numpy/intel/intel
f97d5ca77,/Users/neda/Documents/workspace4/DissertationProject/util/Python/numpy/intel/intel@f4a7cf902@Mon Apr 21 11:46:57 2014 +0200.py,IntelEM64VisualFCompiler,5,4,10,0.4,0.3679839180810459,False,40,39,57,/Users/neda/Documents/workspace4/DissertationProject/util/Python/numpy/intel/intel
a2ad5f1c8,/Users/neda/Documents/workspace4/DissertationProject/util/Python/numpy/setup/setup@f46e71650@Tue Jan 23 00:02:04 2018 -0800.py,sdist_checked,3,0,3,0,0.2782123606381617,True,693,695,872,/Users/neda/Documents/workspace4/DissertationProject/util/Python/numpy/setup/setup
a2ad5f1c8,/Users/neda/Documents/workspace4/DissertationProject/util/Python/numpy/setup/setup@bb7b12672@Tue Jan 30 17:25:12 2018 -0600.py,sdist_checked,3,0,3,0,0.2782123606381617,True,694,695,872,/Users/neda/Documents/workspace4/DissertationProject/util/Python/numpy/setup/setup
a2ad5f1c8,/Users/neda/Documents/workspace4/DissertationProject/util/Python/numpy/setup/setup@a2ad5f1c8@Wed Feb 14 17:50:57 2018 -0600.py,sdist_checked,3,0,3,0,0.2782123606381617,True,695,695,872,/Users/neda/Documents/workspace4/DissertationProject/util/Python/numpy/setup/setup
bb2123275,/Users/neda/Documents/workspace4/DissertationProject/util/Python/numpy/intel/intel@ec0e04694@Tue Dec 13 15:53:56 2016 -0700.py,BaseIntelFCompiler,3,1,74,0.013513513513513514,0.3002454304729756,True,49,51,57,/Users/neda/Documents/workspace4/DissertationProject/util/Python/numpy/intel/intel
bb2123275,/Users/neda/Documents/workspace4/DissertationProject/util/Python/numpy/intel/intel@ec0e04694@Tue Dec 13 15:53:56 2016 -0700.py,IntelFCompiler,4,1,3,0.3333333333333333,0.3002454304729756,False,49,51,57,/Users/neda/Documents/workspace4/DissertationProject/util/Python/numpy/intel/intel
bb2123275,/Users/neda/Documents/workspace4/DissertationProject/util/Python/numpy/intel/intel@ec0e04694@Tue Dec 13 15:53:56 2016 -0700.py,IntelItaniumFCompiler,5,6,14,0.42857142857142855,0.3002454304729756,False,49,51,57,/Users/neda/Documents/workspace4/DissertationProject/util/Python/numpy/intel/intel
bb2123275,/Users/neda/Documents/workspace4/DissertationProject/util/Python/numpy/intel/intel@ec0e04694@Tue Dec 13 15:53:56 2016 -0700.py,IntelEM64TFCompiler,5,9,14,0.6428571428571429,0.3002454304729756,False,49,51,57,/Users/neda/Documents/workspace4/DissertationProject/util/Python/numpy/intel/intel
bb2123275,/Users/neda/Documents/workspace4/DissertationProject/util/Python/numpy/intel/intel@ec0e04694@Tue Dec 13 15:53:56 2016 -0700.py,IntelVisualFCompiler,4,3,3,1.0,0.3002454304729756,False,49,51,57,/Users/neda/Documents/workspace4/DissertationProject/util/Python/numpy/intel/intel
bb2123275,/Users/neda/Documents/workspace4/DissertationProject/util/Python/numpy/intel/intel@ec0e04694@Tue Dec 13 15:53:56 2016 -0700.py,IntelItaniumVisualFCompiler,5,4,11,0.36363636363636365,0.3002454304729756,False,49,51,57,/Users/neda/Documents/workspace4/DissertationProject/util/Python/numpy/intel/intel
bb2123275,/Users/neda/Documents/workspace4/DissertationProject/util/Python/numpy/intel/intel@ec0e04694@Tue Dec 13 15:53:56 2016 -0700.py,IntelEM64VisualFCompiler,5,4,11,0.36363636363636365,0.3002454304729756,False,49,51,57,/Users/neda/Documents/workspace4/DissertationProject/util/Python/numpy/intel/intel
bb2123275,/Users/neda/Documents/workspace4/DissertationProject/util/Python/numpy/intel/intel@3a429d103@Wed Apr 19 14:18:54 2017 -0600.py,BaseIntelFCompiler,3,1,74,0.013513513513513514,0.2923859366897496,True,50,51,57,/Users/neda/Documents/workspace4/DissertationProject/util/Python/numpy/intel/intel
bb2123275,/Users/neda/Documents/workspace4/DissertationProject/util/Python/numpy/intel/intel@3a429d103@Wed Apr 19 14:18:54 2017 -0600.py,IntelFCompiler,4,1,3,0.3333333333333333,0.2923859366897496,False,50,51,57,/Users/neda/Documents/workspace4/DissertationProject/util/Python/numpy/intel/intel
bb2123275,/Users/neda/Documents/workspace4/DissertationProject/util/Python/numpy/intel/intel@3a429d103@Wed Apr 19 14:18:54 2017 -0600.py,IntelItaniumFCompiler,5,6,14,0.42857142857142855,0.2923859366897496,False,50,51,57,/Users/neda/Documents/workspace4/DissertationProject/util/Python/numpy/intel/intel
bb2123275,/Users/neda/Documents/workspace4/DissertationProject/util/Python/numpy/intel/intel@3a429d103@Wed Apr 19 14:18:54 2017 -0600.py,IntelEM64TFCompiler,5,9,14,0.6428571428571429,0.2923859366897496,False,50,51,57,/Users/neda/Documents/workspace4/DissertationProject/util/Python/numpy/intel/intel
bb2123275,/Users/neda/Documents/workspace4/DissertationProject/util/Python/numpy/intel/intel@3a429d103@Wed Apr 19 14:18:54 2017 -0600.py,IntelVisualFCompiler,4,3,3,1.0,0.2923859366897496,False,50,51,57,/Users/neda/Documents/workspace4/DissertationProject/util/Python/numpy/intel/intel
bb2123275,/Users/neda/Documents/workspace4/DissertationProject/util/Python/numpy/intel/intel@3a429d103@Wed Apr 19 14:18:54 2017 -0600.py,IntelItaniumVisualFCompiler,5,4,11,0.36363636363636365,0.2923859366897496,False,50,51,57,/Users/neda/Documents/workspace4/DissertationProject/util/Python/numpy/intel/intel
bb2123275,/Users/neda/Documents/workspace4/DissertationProject/util/Python/numpy/intel/intel@3a429d103@Wed Apr 19 14:18:54 2017 -0600.py,IntelEM64VisualFCompiler,5,4,11,0.36363636363636365,0.2923859366897496,False,50,51,57,/Users/neda/Documents/workspace4/DissertationProject/util/Python/numpy/intel/intel
bb2123275,/Users/neda/Documents/workspace4/DissertationProject/util/Python/numpy/intel/intel@bb2123275@Wed Jun 21 09:55:26 2017 -0600.py,BaseIntelFCompiler,3,1,74,0.013513513513513514,0.288691841041338,True,51,51,57,/Users/neda/Documents/workspace4/DissertationProject/util/Python/numpy/intel/intel
bb2123275,/Users/neda/Documents/workspace4/DissertationProject/util/Python/numpy/intel/intel@bb2123275@Wed Jun 21 09:55:26 2017 -0600.py,IntelFCompiler,4,1,3,0.3333333333333333,0.288691841041338,False,51,51,57,/Users/neda/Documents/workspace4/DissertationProject/util/Python/numpy/intel/intel
bb2123275,/Users/neda/Documents/workspace4/DissertationProject/util/Python/numpy/intel/intel@bb2123275@Wed Jun 21 09:55:26 2017 -0600.py,IntelItaniumFCompiler,5,6,14,0.42857142857142855,0.288691841041338,False,51,51,57,/Users/neda/Documents/workspace4/DissertationProject/util/Python/numpy/intel/intel
bb2123275,/Users/neda/Documents/workspace4/DissertationProject/util/Python/numpy/intel/intel@bb2123275@Wed Jun 21 09:55:26 2017 -0600.py,IntelEM64TFCompiler,5,9,14,0.6428571428571429,0.288691841041338,False,51,51,57,/Users/neda/Documents/workspace4/DissertationProject/util/Python/numpy/intel/intel
bb2123275,/Users/neda/Documents/workspace4/DissertationProject/util/Python/numpy/intel/intel@bb2123275@Wed Jun 21 09:55:26 2017 -0600.py,IntelVisualFCompiler,4,3,3,1.0,0.288691841041338,False,51,51,57,/Users/neda/Documents/workspace4/DissertationProject/util/Python/numpy/intel/intel
bb2123275,/Users/neda/Documents/workspace4/DissertationProject/util/Python/numpy/intel/intel@bb2123275@Wed Jun 21 09:55:26 2017 -0600.py,IntelItaniumVisualFCompiler,5,4,11,0.36363636363636365,0.288691841041338,False,51,51,57,/Users/neda/Documents/workspace4/DissertationProject/util/Python/numpy/intel/intel
bb2123275,/Users/neda/Documents/workspace4/DissertationProject/util/Python/numpy/intel/intel@bb2123275@Wed Jun 21 09:55:26 2017 -0600.py,IntelEM64VisualFCompiler,5,4,11,0.36363636363636365,0.288691841041338,False,51,51,57,/Users/neda/Documents/workspace4/DissertationProject/util/Python/numpy/intel/intel
bb2123275,/Users/neda/Documents/workspace4/DissertationProject/util/Python/numpy/intel/intel@8a511c68f@Thu Jul 27 19:25:59 2017 +1200.py,BaseIntelFCompiler,3,1,74,0.013513513513513514,0.2834955807226425,True,52,51,57,/Users/neda/Documents/workspace4/DissertationProject/util/Python/numpy/intel/intel
bb2123275,/Users/neda/Documents/workspace4/DissertationProject/util/Python/numpy/intel/intel@8a511c68f@Thu Jul 27 19:25:59 2017 +1200.py,IntelFCompiler,4,1,3,0.3333333333333333,0.2834955807226425,False,52,51,57,/Users/neda/Documents/workspace4/DissertationProject/util/Python/numpy/intel/intel
bb2123275,/Users/neda/Documents/workspace4/DissertationProject/util/Python/numpy/intel/intel@8a511c68f@Thu Jul 27 19:25:59 2017 +1200.py,IntelItaniumFCompiler,5,6,14,0.42857142857142855,0.2834955807226425,False,52,51,57,/Users/neda/Documents/workspace4/DissertationProject/util/Python/numpy/intel/intel
bb2123275,/Users/neda/Documents/workspace4/DissertationProject/util/Python/numpy/intel/intel@8a511c68f@Thu Jul 27 19:25:59 2017 +1200.py,IntelEM64TFCompiler,5,9,14,0.6428571428571429,0.2834955807226425,False,52,51,57,/Users/neda/Documents/workspace4/DissertationProject/util/Python/numpy/intel/intel
bb2123275,/Users/neda/Documents/workspace4/DissertationProject/util/Python/numpy/intel/intel@8a511c68f@Thu Jul 27 19:25:59 2017 +1200.py,IntelVisualFCompiler,4,3,3,1.0,0.2834955807226425,False,52,51,57,/Users/neda/Documents/workspace4/DissertationProject/util/Python/numpy/intel/intel
bb2123275,/Users/neda/Documents/workspace4/DissertationProject/util/Python/numpy/intel/intel@8a511c68f@Thu Jul 27 19:25:59 2017 +1200.py,IntelItaniumVisualFCompiler,5,4,11,0.36363636363636365,0.2834955807226425,False,52,51,57,/Users/neda/Documents/workspace4/DissertationProject/util/Python/numpy/intel/intel
bb2123275,/Users/neda/Documents/workspace4/DissertationProject/util/Python/numpy/intel/intel@8a511c68f@Thu Jul 27 19:25:59 2017 +1200.py,IntelEM64VisualFCompiler,5,4,11,0.36363636363636365,0.2834955807226425,False,52,51,57,/Users/neda/Documents/workspace4/DissertationProject/util/Python/numpy/intel/intel
8b8f6903e,/Users/neda/Documents/workspace4/DissertationProject/util/Python/numpy/build_clib/build_clib@1bd2d49ef@Mon Jan 8 21:56:54 2007 +0000.py,build_clib,2,24,19,1.263157894736842,0.13851438808757197,False,27,29,63,/Users/neda/Documents/workspace4/DissertationProject/util/Python/numpy/build_clib/build_clib
8b8f6903e,/Users/neda/Documents/workspace4/DissertationProject/util/Python/numpy/build_clib/build_clib@03b278bc0@Sun Apr 22 21:12:57 2007 +0000.py,build_clib,2,24,19,1.263157894736842,0.1378876013002616,False,28,29,63,/Users/neda/Documents/workspace4/DissertationProject/util/Python/numpy/build_clib/build_clib
8b8f6903e,/Users/neda/Documents/workspace4/DissertationProject/util/Python/numpy/build_clib/build_clib@8b8f6903e@Mon May 14 12:17:49 2007 +0000.py,build_clib,2,24,19,1.263157894736842,0.13798389403016048,False,29,29,63,/Users/neda/Documents/workspace4/DissertationProject/util/Python/numpy/build_clib/build_clib
8b8f6903e,/Users/neda/Documents/workspace4/DissertationProject/util/Python/numpy/build_clib/build_clib@4c657edb7@Wed May 16 15:27:12 2007 +0000.py,build_clib,2,29,21,1.380952380952381,0.3544162052382454,False,30,29,63,/Users/neda/Documents/workspace4/DissertationProject/util/Python/numpy/build_clib/build_clib
c683a43a2,/Users/neda/Documents/workspace4/DissertationProject/util/Python/numpy/setup/setup@c683a43a2@Mon Dec 22 19:52:14 2014 -0500.py,sdist_checked,3,0,3,0,0.3707660611934617,True,602,602,872,/Users/neda/Documents/workspace4/DissertationProject/util/Python/numpy/setup/setup
5ba533b4b,/Users/neda/Documents/workspace4/DissertationProject/util/Python/numpy/sequence_spec/sequence_spec@280b6f215@Thu Feb 14 22:29:01 2002 +0000.py,base_cxx_converter,2,2,18,0.1111111111111111,0.35056375316925187,True,5,6,8,/Users/neda/Documents/workspace4/DissertationProject/util/Python/numpy/sequence_spec/sequence_spec
5ba533b4b,/Users/neda/Documents/workspace4/DissertationProject/util/Python/numpy/sequence_spec/sequence_spec@280b6f215@Thu Feb 14 22:29:01 2002 +0000.py,string_converter,3,2,6,0.3333333333333333,0.35056375316925187,True,5,6,8,/Users/neda/Documents/workspace4/DissertationProject/util/Python/numpy/sequence_spec/sequence_spec
5ba533b4b,/Users/neda/Documents/workspace4/DissertationProject/util/Python/numpy/sequence_spec/sequence_spec@280b6f215@Thu Feb 14 22:29:01 2002 +0000.py,list_converter,3,2,6,0.3333333333333333,0.35056375316925187,True,5,6,8,/Users/neda/Documents/workspace4/DissertationProject/util/Python/numpy/sequence_spec/sequence_spec
5ba533b4b,/Users/neda/Documents/workspace4/DissertationProject/util/Python/numpy/sequence_spec/sequence_spec@280b6f215@Thu Feb 14 22:29:01 2002 +0000.py,dict_converter,3,2,6,0.3333333333333333,0.35056375316925187,True,5,6,8,/Users/neda/Documents/workspace4/DissertationProject/util/Python/numpy/sequence_spec/sequence_spec
5ba533b4b,/Users/neda/Documents/workspace4/DissertationProject/util/Python/numpy/sequence_spec/sequence_spec@280b6f215@Thu Feb 14 22:29:01 2002 +0000.py,tuple_converter,3,2,6,0.3333333333333333,0.35056375316925187,True,5,6,8,/Users/neda/Documents/workspace4/DissertationProject/util/Python/numpy/sequence_spec/sequence_spec
5ba533b4b,/Users/neda/Documents/workspace4/DissertationProject/util/Python/numpy/sequence_spec/sequence_spec@5ba533b4b@Tue Feb 19 10:35:37 2002 +0000.py,base_cxx_converter,2,2,18,0.1111111111111111,0.31801005439139496,True,6,6,8,/Users/neda/Documents/workspace4/DissertationProject/util/Python/numpy/sequence_spec/sequence_spec
5ba533b4b,/Users/neda/Documents/workspace4/DissertationProject/util/Python/numpy/sequence_spec/sequence_spec@5ba533b4b@Tue Feb 19 10:35:37 2002 +0000.py,string_converter,3,2,6,0.3333333333333333,0.31801005439139496,False,6,6,8,/Users/neda/Documents/workspace4/DissertationProject/util/Python/numpy/sequence_spec/sequence_spec
5ba533b4b,/Users/neda/Documents/workspace4/DissertationProject/util/Python/numpy/sequence_spec/sequence_spec@5ba533b4b@Tue Feb 19 10:35:37 2002 +0000.py,list_converter,3,2,6,0.3333333333333333,0.31801005439139496,False,6,6,8,/Users/neda/Documents/workspace4/DissertationProject/util/Python/numpy/sequence_spec/sequence_spec
5ba533b4b,/Users/neda/Documents/workspace4/DissertationProject/util/Python/numpy/sequence_spec/sequence_spec@5ba533b4b@Tue Feb 19 10:35:37 2002 +0000.py,dict_converter,3,2,6,0.3333333333333333,0.31801005439139496,False,6,6,8,/Users/neda/Documents/workspace4/DissertationProject/util/Python/numpy/sequence_spec/sequence_spec
5ba533b4b,/Users/neda/Documents/workspace4/DissertationProject/util/Python/numpy/sequence_spec/sequence_spec@5ba533b4b@Tue Feb 19 10:35:37 2002 +0000.py,tuple_converter,3,2,6,0.3333333333333333,0.31801005439139496,False,6,6,8,/Users/neda/Documents/workspace4/DissertationProject/util/Python/numpy/sequence_spec/sequence_spec
5ba533b4b,/Users/neda/Documents/workspace4/DissertationProject/util/Python/numpy/sequence_spec/sequence_spec@c117d3173@Wed Apr 3 03:41:30 2002 +0000.py,base_cxx_converter,2,2,18,0.1111111111111111,0.28184748818882543,True,7,6,8,/Users/neda/Documents/workspace4/DissertationProject/util/Python/numpy/sequence_spec/sequence_spec
5ba533b4b,/Users/neda/Documents/workspace4/DissertationProject/util/Python/numpy/sequence_spec/sequence_spec@c117d3173@Wed Apr 3 03:41:30 2002 +0000.py,string_converter,3,2,6,0.3333333333333333,0.28184748818882543,False,7,6,8,/Users/neda/Documents/workspace4/DissertationProject/util/Python/numpy/sequence_spec/sequence_spec
5ba533b4b,/Users/neda/Documents/workspace4/DissertationProject/util/Python/numpy/sequence_spec/sequence_spec@c117d3173@Wed Apr 3 03:41:30 2002 +0000.py,list_converter,3,2,6,0.3333333333333333,0.28184748818882543,False,7,6,8,/Users/neda/Documents/workspace4/DissertationProject/util/Python/numpy/sequence_spec/sequence_spec
5ba533b4b,/Users/neda/Documents/workspace4/DissertationProject/util/Python/numpy/sequence_spec/sequence_spec@c117d3173@Wed Apr 3 03:41:30 2002 +0000.py,dict_converter,3,2,6,0.3333333333333333,0.28184748818882543,False,7,6,8,/Users/neda/Documents/workspace4/DissertationProject/util/Python/numpy/sequence_spec/sequence_spec
5ba533b4b,/Users/neda/Documents/workspace4/DissertationProject/util/Python/numpy/sequence_spec/sequence_spec@c117d3173@Wed Apr 3 03:41:30 2002 +0000.py,tuple_converter,3,2,6,0.3333333333333333,0.28184748818882543,False,7,6,8,/Users/neda/Documents/workspace4/DissertationProject/util/Python/numpy/sequence_spec/sequence_spec
f569120ab,/Users/neda/Documents/workspace4/DissertationProject/util/Python/numpy/pg/pg@3ff922786@Tue Nov 7 14:16:18 2017 -0600.py,PGroupFCompiler,3,9,76,0.11842105263157894,0.2759338781839373,True,13,15,20,/Users/neda/Documents/workspace4/DissertationProject/util/Python/numpy/pg/pg
f569120ab,/Users/neda/Documents/workspace4/DissertationProject/util/Python/numpy/pg/pg@3ff922786@Tue Nov 7 14:16:18 2017 -0600.py,PGroupFlangCompiler,3,1,76,0.013157894736842105,0.2759338781839373,True,13,15,20,/Users/neda/Documents/workspace4/DissertationProject/util/Python/numpy/pg/pg
f569120ab,/Users/neda/Documents/workspace4/DissertationProject/util/Python/numpy/pg/pg@e07b0fce7@Sun Sep 30 19:22:49 2018 +0200.py,PGroupFCompiler,3,9,76,0.11842105263157894,0.2610663821359362,True,14,15,20,/Users/neda/Documents/workspace4/DissertationProject/util/Python/numpy/pg/pg
f569120ab,/Users/neda/Documents/workspace4/DissertationProject/util/Python/numpy/pg/pg@e07b0fce7@Sun Sep 30 19:22:49 2018 +0200.py,PGroupFlangCompiler,3,1,76,0.013157894736842105,0.2610663821359362,True,14,15,20,/Users/neda/Documents/workspace4/DissertationProject/util/Python/numpy/pg/pg
f569120ab,/Users/neda/Documents/workspace4/DissertationProject/util/Python/numpy/pg/pg@f569120ab@Sun Dec 30 17:58:43 2018 +0100.py,PGroupFCompiler,3,10,76,0.13157894736842105,0.2578100266742451,True,15,15,20,/Users/neda/Documents/workspace4/DissertationProject/util/Python/numpy/pg/pg
f569120ab,/Users/neda/Documents/workspace4/DissertationProject/util/Python/numpy/pg/pg@f569120ab@Sun Dec 30 17:58:43 2018 +0100.py,PGroupFlangCompiler,3,1,76,0.013157894736842105,0.2578100266742451,True,15,15,20,/Users/neda/Documents/workspace4/DissertationProject/util/Python/numpy/pg/pg
f569120ab,/Users/neda/Documents/workspace4/DissertationProject/util/Python/numpy/pg/pg@37ba40b7f@Wed Jan 30 19:34:58 2019 -0800.py,PGroupFCompiler,3,9,76,0.11842105263157894,0.25681293380916254,True,16,15,20,/Users/neda/Documents/workspace4/DissertationProject/util/Python/numpy/pg/pg
f569120ab,/Users/neda/Documents/workspace4/DissertationProject/util/Python/numpy/pg/pg@37ba40b7f@Wed Jan 30 19:34:58 2019 -0800.py,PGroupFlangCompiler,3,1,76,0.013157894736842105,0.25681293380916254,True,16,15,20,/Users/neda/Documents/workspace4/DissertationProject/util/Python/numpy/pg/pg
f1d0b834c,/Users/neda/Documents/workspace4/DissertationProject/util/Python/numpy/extension/extension@c550d1353@Thu Oct 23 08:26:03 2003 +0000.py,Extension,2,8,7,1.1428571428571428,0.36488316534199905,False,2,4,25,/Users/neda/Documents/workspace4/DissertationProject/util/Python/numpy/extension/extension
f1d0b834c,/Users/neda/Documents/workspace4/DissertationProject/util/Python/numpy/extension/extension@772b74eec@Mon Oct 27 12:03:38 2003 +0000.py,Extension,2,8,7,1.1428571428571428,0.36488316534199905,False,3,4,25,/Users/neda/Documents/workspace4/DissertationProject/util/Python/numpy/extension/extension
f1d0b834c,/Users/neda/Documents/workspace4/DissertationProject/util/Python/numpy/extension/extension@f1d0b834c@Thu Jan 29 16:29:23 2004 +0000.py,Extension,2,10,9,1.1111111111111112,0.3467730297792937,False,4,4,25,/Users/neda/Documents/workspace4/DissertationProject/util/Python/numpy/extension/extension
f1d0b834c,/Users/neda/Documents/workspace4/DissertationProject/util/Python/numpy/extension/extension@68569c20c@Fri Feb 13 23:25:43 2004 +0000.py,Extension,2,10,9,1.1111111111111112,0.35888000247324114,False,5,4,25,/Users/neda/Documents/workspace4/DissertationProject/util/Python/numpy/extension/extension
14bdbe98a,/Users/neda/Documents/workspace4/DissertationProject/util/Python/numpy/matrix/matrix@41053b020@Tue Oct 18 00:15:01 2005 +0000.py,matrix,3,0,15,0,0.3435478710382952,True,17,19,47,/Users/neda/Documents/workspace4/DissertationProject/util/Python/numpy/matrix/matrix
14bdbe98a,/Users/neda/Documents/workspace4/DissertationProject/util/Python/numpy/matrix/matrix@cd201fd9b@Wed Oct 19 21:59:30 2005 +0000.py,matrix,3,0,15,0,0.3435478710382952,True,18,19,47,/Users/neda/Documents/workspace4/DissertationProject/util/Python/numpy/matrix/matrix
14bdbe98a,/Users/neda/Documents/workspace4/DissertationProject/util/Python/numpy/matrix/matrix@14bdbe98a@Sat Oct 22 11:21:21 2005 +0000.py,matrix,3,0,15,0,0.3435478710382952,True,19,19,47,/Users/neda/Documents/workspace4/DissertationProject/util/Python/numpy/matrix/matrix
14bdbe98a,/Users/neda/Documents/workspace4/DissertationProject/util/Python/numpy/matrix/matrix@8b7ccd9fe@Sat Oct 29 21:30:16 2005 +0000.py,matrix,3,0,15,0,0.3435478710382952,True,20,19,47,/Users/neda/Documents/workspace4/DissertationProject/util/Python/numpy/matrix/matrix
8c663313d,/Users/neda/Documents/workspace4/DissertationProject/util/Python/numpy/mrecords/mrecords@5cb370e92@Sat Mar 22 20:03:03 2008 +0000.py,MaskedRecords,4,0,13,0,0.14247101201957604,True,3,5,58,/Users/neda/Documents/workspace4/DissertationProject/util/Python/numpy/mrecords/mrecords
8c663313d,/Users/neda/Documents/workspace4/DissertationProject/util/Python/numpy/mrecords/mrecords@8bf74cc2b@Mon Apr 14 16:07:22 2008 +0000.py,MaskedRecords,2,0,18,0,0.14417633261984888,True,4,5,58,/Users/neda/Documents/workspace4/DissertationProject/util/Python/numpy/mrecords/mrecords
8c663313d,/Users/neda/Documents/workspace4/DissertationProject/util/Python/numpy/mrecords/mrecords@8c663313d@Sun Apr 20 11:49:35 2008 +0000.py,MaskedRecords,2,0,18,0,0.14409187864726394,True,5,5,58,/Users/neda/Documents/workspace4/DissertationProject/util/Python/numpy/mrecords/mrecords
8c663313d,/Users/neda/Documents/workspace4/DissertationProject/util/Python/numpy/mrecords/mrecords@462f65aab@Sun Apr 20 22:58:22 2008 +0000.py,MaskedRecords,2,0,18,0,0.14409187864726394,True,6,5,58,/Users/neda/Documents/workspace4/DissertationProject/util/Python/numpy/mrecords/mrecords
f29ca7fe5,/Users/neda/Documents/workspace4/DissertationProject/util/Python/numpy/gnu/gnu@8c448a317@Wed Dec 31 23:25:03 2008 +0000.py,GnuFCompiler,3,12,71,0.16901408450704225,0.37027459142869046,True,48,50,116,/Users/neda/Documents/workspace4/DissertationProject/util/Python/numpy/gnu/gnu
f29ca7fe5,/Users/neda/Documents/workspace4/DissertationProject/util/Python/numpy/gnu/gnu@8c448a317@Wed Dec 31 23:25:03 2008 +0000.py,Gnu95FCompiler,4,14,16,0.875,0.37027459142869046,False,48,50,116,/Users/neda/Documents/workspace4/DissertationProject/util/Python/numpy/gnu/gnu
f29ca7fe5,/Users/neda/Documents/workspace4/DissertationProject/util/Python/numpy/gnu/gnu@cebdbb3cf@Thu Feb 12 05:44:07 2009 +0000.py,GnuFCompiler,3,12,71,0.16901408450704225,0.37027459142869046,True,49,50,116,/Users/neda/Documents/workspace4/DissertationProject/util/Python/numpy/gnu/gnu
f29ca7fe5,/Users/neda/Documents/workspace4/DissertationProject/util/Python/numpy/gnu/gnu@cebdbb3cf@Thu Feb 12 05:44:07 2009 +0000.py,Gnu95FCompiler,4,14,16,0.875,0.37027459142869046,False,49,50,116,/Users/neda/Documents/workspace4/DissertationProject/util/Python/numpy/gnu/gnu
f29ca7fe5,/Users/neda/Documents/workspace4/DissertationProject/util/Python/numpy/gnu/gnu@f29ca7fe5@Sat Mar 28 07:55:40 2009 +0000.py,GnuFCompiler,3,12,71,0.16901408450704225,0.37046466013089585,True,50,50,116,/Users/neda/Documents/workspace4/DissertationProject/util/Python/numpy/gnu/gnu
f29ca7fe5,/Users/neda/Documents/workspace4/DissertationProject/util/Python/numpy/gnu/gnu@f29ca7fe5@Sat Mar 28 07:55:40 2009 +0000.py,Gnu95FCompiler,4,14,16,0.875,0.37046466013089585,False,50,50,116,/Users/neda/Documents/workspace4/DissertationProject/util/Python/numpy/gnu/gnu
f29ca7fe5,/Users/neda/Documents/workspace4/DissertationProject/util/Python/numpy/gnu/gnu@93dc1331b@Sat Mar 28 11:10:48 2009 +0000.py,GnuFCompiler,3,12,71,0.16901408450704225,0.37046466013089585,True,51,50,116,/Users/neda/Documents/workspace4/DissertationProject/util/Python/numpy/gnu/gnu
f29ca7fe5,/Users/neda/Documents/workspace4/DissertationProject/util/Python/numpy/gnu/gnu@93dc1331b@Sat Mar 28 11:10:48 2009 +0000.py,Gnu95FCompiler,4,14,16,0.875,0.37046466013089585,False,51,50,116,/Users/neda/Documents/workspace4/DissertationProject/util/Python/numpy/gnu/gnu
644c97aba,/Users/neda/Documents/workspace4/DissertationProject/util/Python/numpy/log/log@7712b8989@Fri Mar 26 16:18:51 2004 +0000.py,Log,1,1,5,0.2,0.35050479501459864,False,2,4,25,/Users/neda/Documents/workspace4/DissertationProject/util/Python/numpy/log/log
644c97aba,/Users/neda/Documents/workspace4/DissertationProject/util/Python/numpy/log/log@5f5c7744d@Sun Mar 28 19:53:07 2004 +0000.py,Log,1,1,5,0.2,0.35066464156191324,False,3,4,25,/Users/neda/Documents/workspace4/DissertationProject/util/Python/numpy/log/log
644c97aba,/Users/neda/Documents/workspace4/DissertationProject/util/Python/numpy/log/log@644c97aba@Wed Sep 29 19:00:45 2004 +0000.py,Log,1,1,5,0.2,0.34288008215517296,False,4,4,25,/Users/neda/Documents/workspace4/DissertationProject/util/Python/numpy/log/log
644c97aba,/Users/neda/Documents/workspace4/DissertationProject/util/Python/numpy/log/log@f5cbab15d@Sat Nov 6 18:44:44 2004 +0000.py,Log,1,1,5,0.2,0.34265088409259303,False,5,4,25,/Users/neda/Documents/workspace4/DissertationProject/util/Python/numpy/log/log
5ba533b4b,/Users/neda/Documents/workspace4/DissertationProject/util/Python/numpy/wx_spec/wx_spec@3d616a2b4@Mon Jan 14 06:35:59 2002 +0000.py,wx_specification,2,6,18,0.3333333333333333,0.36067746645053655,True,1,3,13,/Users/neda/Documents/workspace4/DissertationProject/util/Python/numpy/wx_spec/wx_spec
5ba533b4b,/Users/neda/Documents/workspace4/DissertationProject/util/Python/numpy/wx_spec/wx_spec@635ec7216@Thu Feb 14 21:22:22 2002 +0000.py,wx_converter,2,6,18,0.3333333333333333,0.3553528060104147,True,2,3,13,/Users/neda/Documents/workspace4/DissertationProject/util/Python/numpy/wx_spec/wx_spec
5ba533b4b,/Users/neda/Documents/workspace4/DissertationProject/util/Python/numpy/wx_spec/wx_spec@5ba533b4b@Tue Feb 19 10:35:37 2002 +0000.py,wx_converter,2,6,18,0.3333333333333333,0.31801005439139496,False,3,3,13,/Users/neda/Documents/workspace4/DissertationProject/util/Python/numpy/wx_spec/wx_spec
5ba533b4b,/Users/neda/Documents/workspace4/DissertationProject/util/Python/numpy/wx_spec/wx_spec@c117d3173@Wed Apr 3 03:41:30 2002 +0000.py,wx_converter,2,6,18,0.3333333333333333,0.28184748818882543,False,4,3,13,/Users/neda/Documents/workspace4/DissertationProject/util/Python/numpy/wx_spec/wx_spec
b8783285f,/Users/neda/Documents/workspace4/DissertationProject/util/Python/numpy/build_ext/build_ext@888b883c8@Wed Feb 15 08:04:23 2006 +0000.py,build_ext,1,24,22,1.0909090909090908,0.34945504818149326,False,62,64,135,/Users/neda/Documents/workspace4/DissertationProject/util/Python/numpy/build_ext/build_ext
b8783285f,/Users/neda/Documents/workspace4/DissertationProject/util/Python/numpy/build_ext/build_ext@8d9af6987@Fri Feb 17 12:04:30 2006 +0000.py,build_ext,1,24,22,1.0909090909090908,0.34686196307511036,False,63,64,135,/Users/neda/Documents/workspace4/DissertationProject/util/Python/numpy/build_ext/build_ext
b8783285f,/Users/neda/Documents/workspace4/DissertationProject/util/Python/numpy/build_ext/build_ext@b8783285f@Fri Jul 28 20:02:07 2006 +0000.py,build_ext,1,26,23,1.1304347826086956,0.2678567450812538,False,64,64,135,/Users/neda/Documents/workspace4/DissertationProject/util/Python/numpy/build_ext/build_ext
b8783285f,/Users/neda/Documents/workspace4/DissertationProject/util/Python/numpy/build_ext/build_ext@d48ab365b@Fri Jul 28 21:19:31 2006 +0000.py,build_ext,1,26,23,1.1304347826086956,0.3649189404433611,False,65,64,135,/Users/neda/Documents/workspace4/DissertationProject/util/Python/numpy/build_ext/build_ext
d48ab365b,/Users/neda/Documents/workspace4/DissertationProject/util/Python/numpy/build_ext/build_ext@8d9af6987@Fri Feb 17 12:04:30 2006 +0000.py,build_ext,1,24,22,1.0909090909090908,0.34686196307511036,False,63,65,135,/Users/neda/Documents/workspace4/DissertationProject/util/Python/numpy/build_ext/build_ext
d48ab365b,/Users/neda/Documents/workspace4/DissertationProject/util/Python/numpy/build_ext/build_ext@b8783285f@Fri Jul 28 20:02:07 2006 +0000.py,build_ext,1,26,23,1.1304347826086956,0.2678567450812538,False,64,65,135,/Users/neda/Documents/workspace4/DissertationProject/util/Python/numpy/build_ext/build_ext
d48ab365b,/Users/neda/Documents/workspace4/DissertationProject/util/Python/numpy/build_ext/build_ext@d48ab365b@Fri Jul 28 21:19:31 2006 +0000.py,build_ext,1,26,23,1.1304347826086956,0.3649189404433611,False,65,65,135,/Users/neda/Documents/workspace4/DissertationProject/util/Python/numpy/build_ext/build_ext
d48ab365b,/Users/neda/Documents/workspace4/DissertationProject/util/Python/numpy/build_ext/build_ext@079b1d88a@Thu Aug 3 02:42:25 2006 +0000.py,build_ext,1,11,9,1.2222222222222223,0.36267685175818515,False,66,65,135,/Users/neda/Documents/workspace4/DissertationProject/util/Python/numpy/build_ext/build_ext
9439b56f8,/Users/neda/Documents/workspace4/DissertationProject/util/Python/numpy/chebyshev/chebyshev@5cfc2d3ca@Thu Mar 12 01:26:06 2020 -0700.py,Chebyshev,4,2,63,0.031746031746031744,0.24783709878258753,True,86,88,89,/Users/neda/Documents/workspace4/DissertationProject/util/Python/numpy/chebyshev/chebyshev
9439b56f8,/Users/neda/Documents/workspace4/DissertationProject/util/Python/numpy/chebyshev/chebyshev@6ee491785@Sat Apr 25 23:33:48 2020 +0800.py,Chebyshev,4,2,63,0.031746031746031744,0.24785030092482188,True,87,88,89,/Users/neda/Documents/workspace4/DissertationProject/util/Python/numpy/chebyshev/chebyshev
9439b56f8,/Users/neda/Documents/workspace4/DissertationProject/util/Python/numpy/chebyshev/chebyshev@9439b56f8@Sat Jun 6 11:02:14 2020 -0400.py,Chebyshev,4,2,69,0.028985507246376812,0.24467515708221338,True,88,88,89,/Users/neda/Documents/workspace4/DissertationProject/util/Python/numpy/chebyshev/chebyshev
44e086d21,/Users/neda/Documents/workspace4/DissertationProject/util/Python/numpy/extras/extras@ed3004805@Wed Sep 7 13:58:59 2016 +0200.py,_fromnxfunction,1,5,4,1.25,0.3012412615805611,False,98,100,132,/Users/neda/Documents/workspace4/DissertationProject/util/Python/numpy/extras/extras
44e086d21,/Users/neda/Documents/workspace4/DissertationProject/util/Python/numpy/extras/extras@ed3004805@Wed Sep 7 13:58:59 2016 +0200.py,_fromnxfunction_single,2,2,4,0.5,0.3012412615805611,False,98,100,132,/Users/neda/Documents/workspace4/DissertationProject/util/Python/numpy/extras/extras
44e086d21,/Users/neda/Documents/workspace4/DissertationProject/util/Python/numpy/extras/extras@ed3004805@Wed Sep 7 13:58:59 2016 +0200.py,_fromnxfunction_seq,2,2,4,0.5,0.3012412615805611,False,98,100,132,/Users/neda/Documents/workspace4/DissertationProject/util/Python/numpy/extras/extras
44e086d21,/Users/neda/Documents/workspace4/DissertationProject/util/Python/numpy/extras/extras@ed3004805@Wed Sep 7 13:58:59 2016 +0200.py,_fromnxfunction_args,2,2,4,0.5,0.3012412615805611,False,98,100,132,/Users/neda/Documents/workspace4/DissertationProject/util/Python/numpy/extras/extras
44e086d21,/Users/neda/Documents/workspace4/DissertationProject/util/Python/numpy/extras/extras@ed3004805@Wed Sep 7 13:58:59 2016 +0200.py,_fromnxfunction_allargs,2,2,4,0.5,0.3012412615805611,False,98,100,132,/Users/neda/Documents/workspace4/DissertationProject/util/Python/numpy/extras/extras
44e086d21,/Users/neda/Documents/workspace4/DissertationProject/util/Python/numpy/extras/extras@ed3004805@Wed Sep 7 13:58:59 2016 +0200.py,MAxisConcatenator,2,7,12,0.5833333333333334,0.3012412615805611,False,98,100,132,/Users/neda/Documents/workspace4/DissertationProject/util/Python/numpy/extras/extras
44e086d21,/Users/neda/Documents/workspace4/DissertationProject/util/Python/numpy/extras/extras@ed3004805@Wed Sep 7 13:58:59 2016 +0200.py,mr_class,3,2,5,0.4,0.3012412615805611,False,98,100,132,/Users/neda/Documents/workspace4/DissertationProject/util/Python/numpy/extras/extras
44e086d21,/Users/neda/Documents/workspace4/DissertationProject/util/Python/numpy/extras/extras@ff4758ff8@Tue Dec 6 00:37:53 2016 +0100.py,_fromnxfunction,1,5,4,1.25,0.3002454304729756,False,99,100,132,/Users/neda/Documents/workspace4/DissertationProject/util/Python/numpy/extras/extras
44e086d21,/Users/neda/Documents/workspace4/DissertationProject/util/Python/numpy/extras/extras@ff4758ff8@Tue Dec 6 00:37:53 2016 +0100.py,_fromnxfunction_single,2,2,4,0.5,0.3002454304729756,False,99,100,132,/Users/neda/Documents/workspace4/DissertationProject/util/Python/numpy/extras/extras
44e086d21,/Users/neda/Documents/workspace4/DissertationProject/util/Python/numpy/extras/extras@ff4758ff8@Tue Dec 6 00:37:53 2016 +0100.py,_fromnxfunction_seq,2,2,4,0.5,0.3002454304729756,False,99,100,132,/Users/neda/Documents/workspace4/DissertationProject/util/Python/numpy/extras/extras
44e086d21,/Users/neda/Documents/workspace4/DissertationProject/util/Python/numpy/extras/extras@ff4758ff8@Tue Dec 6 00:37:53 2016 +0100.py,_fromnxfunction_args,2,2,4,0.5,0.3002454304729756,False,99,100,132,/Users/neda/Documents/workspace4/DissertationProject/util/Python/numpy/extras/extras
44e086d21,/Users/neda/Documents/workspace4/DissertationProject/util/Python/numpy/extras/extras@ff4758ff8@Tue Dec 6 00:37:53 2016 +0100.py,_fromnxfunction_allargs,2,2,4,0.5,0.3002454304729756,False,99,100,132,/Users/neda/Documents/workspace4/DissertationProject/util/Python/numpy/extras/extras
44e086d21,/Users/neda/Documents/workspace4/DissertationProject/util/Python/numpy/extras/extras@ff4758ff8@Tue Dec 6 00:37:53 2016 +0100.py,MAxisConcatenator,2,7,12,0.5833333333333334,0.3002454304729756,False,99,100,132,/Users/neda/Documents/workspace4/DissertationProject/util/Python/numpy/extras/extras
44e086d21,/Users/neda/Documents/workspace4/DissertationProject/util/Python/numpy/extras/extras@ff4758ff8@Tue Dec 6 00:37:53 2016 +0100.py,mr_class,3,2,5,0.4,0.3002454304729756,False,99,100,132,/Users/neda/Documents/workspace4/DissertationProject/util/Python/numpy/extras/extras
44e086d21,/Users/neda/Documents/workspace4/DissertationProject/util/Python/numpy/extras/extras@44e086d21@Fri Dec 23 17:36:28 2016 -0500.py,_fromnxfunction,1,5,4,1.25,0.3002454304729756,False,100,100,132,/Users/neda/Documents/workspace4/DissertationProject/util/Python/numpy/extras/extras
44e086d21,/Users/neda/Documents/workspace4/DissertationProject/util/Python/numpy/extras/extras@44e086d21@Fri Dec 23 17:36:28 2016 -0500.py,_fromnxfunction_single,2,2,4,0.5,0.3002454304729756,False,100,100,132,/Users/neda/Documents/workspace4/DissertationProject/util/Python/numpy/extras/extras
44e086d21,/Users/neda/Documents/workspace4/DissertationProject/util/Python/numpy/extras/extras@44e086d21@Fri Dec 23 17:36:28 2016 -0500.py,_fromnxfunction_seq,2,2,4,0.5,0.3002454304729756,False,100,100,132,/Users/neda/Documents/workspace4/DissertationProject/util/Python/numpy/extras/extras
44e086d21,/Users/neda/Documents/workspace4/DissertationProject/util/Python/numpy/extras/extras@44e086d21@Fri Dec 23 17:36:28 2016 -0500.py,_fromnxfunction_args,2,2,4,0.5,0.3002454304729756,False,100,100,132,/Users/neda/Documents/workspace4/DissertationProject/util/Python/numpy/extras/extras
44e086d21,/Users/neda/Documents/workspace4/DissertationProject/util/Python/numpy/extras/extras@44e086d21@Fri Dec 23 17:36:28 2016 -0500.py,_fromnxfunction_allargs,2,2,4,0.5,0.3002454304729756,False,100,100,132,/Users/neda/Documents/workspace4/DissertationProject/util/Python/numpy/extras/extras
44e086d21,/Users/neda/Documents/workspace4/DissertationProject/util/Python/numpy/extras/extras@44e086d21@Fri Dec 23 17:36:28 2016 -0500.py,MAxisConcatenator,2,7,12,0.5833333333333334,0.3002454304729756,False,100,100,132,/Users/neda/Documents/workspace4/DissertationProject/util/Python/numpy/extras/extras
44e086d21,/Users/neda/Documents/workspace4/DissertationProject/util/Python/numpy/extras/extras@44e086d21@Fri Dec 23 17:36:28 2016 -0500.py,mr_class,3,2,5,0.4,0.3002454304729756,False,100,100,132,/Users/neda/Documents/workspace4/DissertationProject/util/Python/numpy/extras/extras
44e086d21,/Users/neda/Documents/workspace4/DissertationProject/util/Python/numpy/extras/extras@6d52633c9@Sat Dec 24 13:54:52 2016 +0100.py,_fromnxfunction,1,5,4,1.25,0.3002454304729756,False,101,100,132,/Users/neda/Documents/workspace4/DissertationProject/util/Python/numpy/extras/extras
44e086d21,/Users/neda/Documents/workspace4/DissertationProject/util/Python/numpy/extras/extras@6d52633c9@Sat Dec 24 13:54:52 2016 +0100.py,_fromnxfunction_single,2,2,4,0.5,0.3002454304729756,False,101,100,132,/Users/neda/Documents/workspace4/DissertationProject/util/Python/numpy/extras/extras
44e086d21,/Users/neda/Documents/workspace4/DissertationProject/util/Python/numpy/extras/extras@6d52633c9@Sat Dec 24 13:54:52 2016 +0100.py,_fromnxfunction_seq,2,2,4,0.5,0.3002454304729756,False,101,100,132,/Users/neda/Documents/workspace4/DissertationProject/util/Python/numpy/extras/extras
44e086d21,/Users/neda/Documents/workspace4/DissertationProject/util/Python/numpy/extras/extras@6d52633c9@Sat Dec 24 13:54:52 2016 +0100.py,_fromnxfunction_args,2,2,4,0.5,0.3002454304729756,False,101,100,132,/Users/neda/Documents/workspace4/DissertationProject/util/Python/numpy/extras/extras
44e086d21,/Users/neda/Documents/workspace4/DissertationProject/util/Python/numpy/extras/extras@6d52633c9@Sat Dec 24 13:54:52 2016 +0100.py,_fromnxfunction_allargs,2,2,4,0.5,0.3002454304729756,False,101,100,132,/Users/neda/Documents/workspace4/DissertationProject/util/Python/numpy/extras/extras
44e086d21,/Users/neda/Documents/workspace4/DissertationProject/util/Python/numpy/extras/extras@6d52633c9@Sat Dec 24 13:54:52 2016 +0100.py,MAxisConcatenator,2,7,12,0.5833333333333334,0.3002454304729756,False,101,100,132,/Users/neda/Documents/workspace4/DissertationProject/util/Python/numpy/extras/extras
44e086d21,/Users/neda/Documents/workspace4/DissertationProject/util/Python/numpy/extras/extras@6d52633c9@Sat Dec 24 13:54:52 2016 +0100.py,mr_class,3,2,5,0.4,0.3002454304729756,False,101,100,132,/Users/neda/Documents/workspace4/DissertationProject/util/Python/numpy/extras/extras
623d2ad8a,/Users/neda/Documents/workspace4/DissertationProject/util/Python/numpy/build_src/build_src@91b24babb@Sun May 9 18:08:51 2004 +0000.py,build_src,2,12,21,0.5714285714285714,0.3458296623906987,False,7,9,82,/Users/neda/Documents/workspace4/DissertationProject/util/Python/numpy/build_src/build_src
623d2ad8a,/Users/neda/Documents/workspace4/DissertationProject/util/Python/numpy/build_src/build_src@758a1c8fc@Thu May 13 13:01:00 2004 +0000.py,build_src,2,12,21,0.5714285714285714,0.3458296623906987,False,8,9,82,/Users/neda/Documents/workspace4/DissertationProject/util/Python/numpy/build_src/build_src
623d2ad8a,/Users/neda/Documents/workspace4/DissertationProject/util/Python/numpy/build_src/build_src@623d2ad8a@Tue Sep 28 10:53:30 2004 +0000.py,build_src,2,12,21,0.5714285714285714,0.34288008215517296,False,9,9,82,/Users/neda/Documents/workspace4/DissertationProject/util/Python/numpy/build_src/build_src
623d2ad8a,/Users/neda/Documents/workspace4/DissertationProject/util/Python/numpy/build_src/build_src@01ac8b980@Thu Oct 28 20:25:22 2004 +0000.py,build_src,2,12,21,0.5714285714285714,0.34138583668660594,False,10,9,82,/Users/neda/Documents/workspace4/DissertationProject/util/Python/numpy/build_src/build_src
d48ab365b,/Users/neda/Documents/workspace4/DissertationProject/util/Python/numpy/intel/intel@50e69de29@Sun Apr 9 10:11:56 2006 +0000.py,IntelFCompiler,3,12,56,0.21428571428571427,0.35878486255989117,True,3,5,57,/Users/neda/Documents/workspace4/DissertationProject/util/Python/numpy/intel/intel
d48ab365b,/Users/neda/Documents/workspace4/DissertationProject/util/Python/numpy/intel/intel@50e69de29@Sun Apr 9 10:11:56 2006 +0000.py,IntelItaniumFCompiler,4,3,11,0.2727272727272727,0.35878486255989117,True,3,5,57,/Users/neda/Documents/workspace4/DissertationProject/util/Python/numpy/intel/intel
d48ab365b,/Users/neda/Documents/workspace4/DissertationProject/util/Python/numpy/intel/intel@50e69de29@Sun Apr 9 10:11:56 2006 +0000.py,IntelEM64TFCompiler,4,3,11,0.2727272727272727,0.35878486255989117,True,3,5,57,/Users/neda/Documents/workspace4/DissertationProject/util/Python/numpy/intel/intel
d48ab365b,/Users/neda/Documents/workspace4/DissertationProject/util/Python/numpy/intel/intel@50e69de29@Sun Apr 9 10:11:56 2006 +0000.py,IntelVisualFCompiler,3,12,56,0.21428571428571427,0.35878486255989117,True,3,5,57,/Users/neda/Documents/workspace4/DissertationProject/util/Python/numpy/intel/intel
d48ab365b,/Users/neda/Documents/workspace4/DissertationProject/util/Python/numpy/intel/intel@50e69de29@Sun Apr 9 10:11:56 2006 +0000.py,IntelItaniumVisualFCompiler,4,5,16,0.3125,0.35878486255989117,True,3,5,57,/Users/neda/Documents/workspace4/DissertationProject/util/Python/numpy/intel/intel
d48ab365b,/Users/neda/Documents/workspace4/DissertationProject/util/Python/numpy/intel/intel@2acb0e779@Mon Jul 17 04:31:04 2006 +0000.py,IntelFCompiler,3,13,57,0.22807017543859648,0.2685570135212866,True,4,5,57,/Users/neda/Documents/workspace4/DissertationProject/util/Python/numpy/intel/intel
d48ab365b,/Users/neda/Documents/workspace4/DissertationProject/util/Python/numpy/intel/intel@2acb0e779@Mon Jul 17 04:31:04 2006 +0000.py,IntelItaniumFCompiler,4,3,11,0.2727272727272727,0.2685570135212866,False,4,5,57,/Users/neda/Documents/workspace4/DissertationProject/util/Python/numpy/intel/intel
d48ab365b,/Users/neda/Documents/workspace4/DissertationProject/util/Python/numpy/intel/intel@2acb0e779@Mon Jul 17 04:31:04 2006 +0000.py,IntelEM64TFCompiler,4,4,11,0.36363636363636365,0.2685570135212866,False,4,5,57,/Users/neda/Documents/workspace4/DissertationProject/util/Python/numpy/intel/intel
d48ab365b,/Users/neda/Documents/workspace4/DissertationProject/util/Python/numpy/intel/intel@2acb0e779@Mon Jul 17 04:31:04 2006 +0000.py,IntelVisualFCompiler,3,13,57,0.22807017543859648,0.2685570135212866,True,4,5,57,/Users/neda/Documents/workspace4/DissertationProject/util/Python/numpy/intel/intel
d48ab365b,/Users/neda/Documents/workspace4/DissertationProject/util/Python/numpy/intel/intel@2acb0e779@Mon Jul 17 04:31:04 2006 +0000.py,IntelItaniumVisualFCompiler,4,5,16,0.3125,0.2685570135212866,False,4,5,57,/Users/neda/Documents/workspace4/DissertationProject/util/Python/numpy/intel/intel
d48ab365b,/Users/neda/Documents/workspace4/DissertationProject/util/Python/numpy/intel/intel@d48ab365b@Fri Jul 28 21:19:31 2006 +0000.py,IntelFCompiler,3,12,40,0.3,0.3649189404433611,True,5,5,57,/Users/neda/Documents/workspace4/DissertationProject/util/Python/numpy/intel/intel
d48ab365b,/Users/neda/Documents/workspace4/DissertationProject/util/Python/numpy/intel/intel@d48ab365b@Fri Jul 28 21:19:31 2006 +0000.py,IntelItaniumFCompiler,4,3,11,0.2727272727272727,0.3649189404433611,True,5,5,57,/Users/neda/Documents/workspace4/DissertationProject/util/Python/numpy/intel/intel
d48ab365b,/Users/neda/Documents/workspace4/DissertationProject/util/Python/numpy/intel/intel@d48ab365b@Fri Jul 28 21:19:31 2006 +0000.py,IntelEM64TFCompiler,4,4,11,0.36363636363636365,0.3649189404433611,True,5,5,57,/Users/neda/Documents/workspace4/DissertationProject/util/Python/numpy/intel/intel
d48ab365b,/Users/neda/Documents/workspace4/DissertationProject/util/Python/numpy/intel/intel@d48ab365b@Fri Jul 28 21:19:31 2006 +0000.py,IntelVisualFCompiler,3,12,40,0.3,0.3649189404433611,True,5,5,57,/Users/neda/Documents/workspace4/DissertationProject/util/Python/numpy/intel/intel
d48ab365b,/Users/neda/Documents/workspace4/DissertationProject/util/Python/numpy/intel/intel@d48ab365b@Fri Jul 28 21:19:31 2006 +0000.py,IntelItaniumVisualFCompiler,4,5,16,0.3125,0.3649189404433611,True,5,5,57,/Users/neda/Documents/workspace4/DissertationProject/util/Python/numpy/intel/intel
d48ab365b,/Users/neda/Documents/workspace4/DissertationProject/util/Python/numpy/intel/intel@079b1d88a@Thu Aug 3 02:42:25 2006 +0000.py,IntelFCompiler,3,14,63,0.2222222222222222,0.36267685175818515,True,6,5,57,/Users/neda/Documents/workspace4/DissertationProject/util/Python/numpy/intel/intel
d48ab365b,/Users/neda/Documents/workspace4/DissertationProject/util/Python/numpy/intel/intel@079b1d88a@Thu Aug 3 02:42:25 2006 +0000.py,IntelItaniumFCompiler,4,5,13,0.38461538461538464,0.36267685175818515,False,6,5,57,/Users/neda/Documents/workspace4/DissertationProject/util/Python/numpy/intel/intel
d48ab365b,/Users/neda/Documents/workspace4/DissertationProject/util/Python/numpy/intel/intel@079b1d88a@Thu Aug 3 02:42:25 2006 +0000.py,IntelEM64TFCompiler,4,6,13,0.46153846153846156,0.36267685175818515,False,6,5,57,/Users/neda/Documents/workspace4/DissertationProject/util/Python/numpy/intel/intel
d48ab365b,/Users/neda/Documents/workspace4/DissertationProject/util/Python/numpy/intel/intel@079b1d88a@Thu Aug 3 02:42:25 2006 +0000.py,IntelVisualFCompiler,3,13,63,0.20634920634920634,0.36267685175818515,True,6,5,57,/Users/neda/Documents/workspace4/DissertationProject/util/Python/numpy/intel/intel
d48ab365b,/Users/neda/Documents/workspace4/DissertationProject/util/Python/numpy/intel/intel@079b1d88a@Thu Aug 3 02:42:25 2006 +0000.py,IntelItaniumVisualFCompiler,4,6,17,0.35294117647058826,0.36267685175818515,True,6,5,57,/Users/neda/Documents/workspace4/DissertationProject/util/Python/numpy/intel/intel
524abf2f4,/Users/neda/Documents/workspace4/DissertationProject/util/Python/numpy/chebyshev/chebyshev@ddbc31c2d@Sat Mar 16 20:38:50 2019 -0700.py,Chebyshev,4,2,64,0.03125,0.26407695687031096,True,78,80,89,/Users/neda/Documents/workspace4/DissertationProject/util/Python/numpy/chebyshev/chebyshev
524abf2f4,/Users/neda/Documents/workspace4/DissertationProject/util/Python/numpy/chebyshev/chebyshev@732d52a4c@Mon Apr 8 17:00:10 2019 -0600.py,Chebyshev,4,2,64,0.03125,0.26407695687031096,True,79,80,89,/Users/neda/Documents/workspace4/DissertationProject/util/Python/numpy/chebyshev/chebyshev
524abf2f4,/Users/neda/Documents/workspace4/DissertationProject/util/Python/numpy/chebyshev/chebyshev@524abf2f4@Sun Apr 14 21:59:26 2019 +0200.py,Chebyshev,4,2,64,0.03125,0.2640835859037095,True,80,80,89,/Users/neda/Documents/workspace4/DissertationProject/util/Python/numpy/chebyshev/chebyshev
524abf2f4,/Users/neda/Documents/workspace4/DissertationProject/util/Python/numpy/chebyshev/chebyshev@5343bc84b@Sun Apr 14 22:11:15 2019 +0200.py,Chebyshev,4,2,64,0.03125,0.2640835859037095,True,81,80,89,/Users/neda/Documents/workspace4/DissertationProject/util/Python/numpy/chebyshev/chebyshev
375cbca1d,/Users/neda/Documents/workspace4/DissertationProject/util/Python/numpy/setup/setup@4adf52ebd@Thu Dec 27 01:22:20 2018 +0100.py,sdist_checked,3,0,3,0,0.25775075687813315,True,765,766,872,/Users/neda/Documents/workspace4/DissertationProject/util/Python/numpy/setup/setup
aa0f7f7a1,/Users/neda/Documents/workspace4/DissertationProject/util/Python/numpy/build_src/build_src@985234060@Sun Sep 15 10:20:38 2019 +0300.py,build_src,2,13,31,0.41935483870967744,0.2654989461603507,False,78,80,82,/Users/neda/Documents/workspace4/DissertationProject/util/Python/numpy/build_src/build_src
aa0f7f7a1,/Users/neda/Documents/workspace4/DissertationProject/util/Python/numpy/build_src/build_src@cdf67fa06@Mon Sep 16 18:06:28 2019 +0300.py,build_src,2,14,31,0.45161290322580644,0.26577925127936547,False,79,80,82,/Users/neda/Documents/workspace4/DissertationProject/util/Python/numpy/build_src/build_src
aa0f7f7a1,/Users/neda/Documents/workspace4/DissertationProject/util/Python/numpy/build_src/build_src@aa0f7f7a1@Sat Sep 21 19:57:35 2019 +0300.py,build_src,2,15,33,0.45454545454545453,0.26557317897651905,False,80,80,82,/Users/neda/Documents/workspace4/DissertationProject/util/Python/numpy/build_src/build_src
aa0f7f7a1,/Users/neda/Documents/workspace4/DissertationProject/util/Python/numpy/build_src/build_src@9fc355b54@Wed Oct 2 22:38:58 2019 +0300.py,build_src,2,14,33,0.42424242424242425,0.2654436788470189,False,81,80,82,/Users/neda/Documents/workspace4/DissertationProject/util/Python/numpy/build_src/build_src
20c3c2a11,/Users/neda/Documents/workspace4/DissertationProject/util/Python/numpy/setup/setup@20c3c2a11@Tue Jun 20 22:09:40 2017 +1200.py,sdist_checked,3,0,3,0,0.288691841041338,True,679,679,872,/Users/neda/Documents/workspace4/DissertationProject/util/Python/numpy/setup/setup
7ea8b7349,/Users/neda/Documents/workspace4/DissertationProject/util/Python/numpy/build_src/build_src@840bd64e6@Fri May 25 19:38:39 2007 +0000.py,build_src,2,13,27,0.48148148148148145,0.1374560676591906,False,41,43,82,/Users/neda/Documents/workspace4/DissertationProject/util/Python/numpy/build_src/build_src
7ea8b7349,/Users/neda/Documents/workspace4/DissertationProject/util/Python/numpy/build_src/build_src@0f7dfd7f7@Mon May 28 17:47:47 2007 +0000.py,build_src,2,13,27,0.48148148148148145,0.1374560676591906,False,42,43,82,/Users/neda/Documents/workspace4/DissertationProject/util/Python/numpy/build_src/build_src
7ea8b7349,/Users/neda/Documents/workspace4/DissertationProject/util/Python/numpy/build_src/build_src@7ea8b7349@Mon Jul 2 19:32:02 2007 +0000.py,build_src,2,13,27,0.48148148148148145,0.1387587022942868,False,43,43,82,/Users/neda/Documents/workspace4/DissertationProject/util/Python/numpy/build_src/build_src
7ea8b7349,/Users/neda/Documents/workspace4/DissertationProject/util/Python/numpy/build_src/build_src@0b77f0e5f@Mon Oct 29 14:58:18 2007 +0000.py,build_src,2,13,27,0.48148148148148145,0.13858404956072962,False,44,43,82,/Users/neda/Documents/workspace4/DissertationProject/util/Python/numpy/build_src/build_src
4cd1f2cde,/Users/neda/Documents/workspace4/DissertationProject/util/Python/numpy/swig2_spec/swig2_spec@f36a4af7c@Thu Sep 30 21:15:12 2004 +0000.py,swig2_converter,3,20,34,0.5882352941176471,0.34288008215517296,False,0,2,3,/Users/neda/Documents/workspace4/DissertationProject/util/Python/numpy/swig2_spec/swig2_spec
4cd1f2cde,/Users/neda/Documents/workspace4/DissertationProject/util/Python/numpy/swig2_spec/swig2_spec@ed2479c29@Mon Nov 22 09:42:56 2004 +0000.py,swig2_converter,3,20,34,0.5882352941176471,0.3409023176599257,False,1,2,3,/Users/neda/Documents/workspace4/DissertationProject/util/Python/numpy/swig2_spec/swig2_spec
4cd1f2cde,/Users/neda/Documents/workspace4/DissertationProject/util/Python/numpy/swig2_spec/swig2_spec@4cd1f2cde@Wed Apr 13 02:34:31 2005 +0000.py,swig2_converter,3,20,34,0.5882352941176471,0.33980479135564656,False,2,2,3,/Users/neda/Documents/workspace4/DissertationProject/util/Python/numpy/swig2_spec/swig2_spec
524abf2f4,/Users/neda/Documents/workspace4/DissertationProject/util/Python/numpy/legendre/legendre@ddbc31c2d@Sat Mar 16 20:38:50 2019 -0700.py,Legendre,4,4,64,0.0625,0.26407695687031096,True,66,68,76,/Users/neda/Documents/workspace4/DissertationProject/util/Python/numpy/legendre/legendre
524abf2f4,/Users/neda/Documents/workspace4/DissertationProject/util/Python/numpy/legendre/legendre@732d52a4c@Mon Apr 8 17:00:10 2019 -0600.py,Legendre,4,4,64,0.0625,0.26407695687031096,True,67,68,76,/Users/neda/Documents/workspace4/DissertationProject/util/Python/numpy/legendre/legendre
524abf2f4,/Users/neda/Documents/workspace4/DissertationProject/util/Python/numpy/legendre/legendre@524abf2f4@Sun Apr 14 21:59:26 2019 +0200.py,Legendre,4,4,64,0.0625,0.2640835859037095,True,68,68,76,/Users/neda/Documents/workspace4/DissertationProject/util/Python/numpy/legendre/legendre
524abf2f4,/Users/neda/Documents/workspace4/DissertationProject/util/Python/numpy/legendre/legendre@5343bc84b@Sun Apr 14 22:11:15 2019 +0200.py,Legendre,4,4,64,0.0625,0.2640835859037095,True,69,68,76,/Users/neda/Documents/workspace4/DissertationProject/util/Python/numpy/legendre/legendre
bce84bb6f,/Users/neda/Documents/workspace4/DissertationProject/util/Python/numpy/gnu/gnu@b354c005c@Thu Sep 24 23:46:23 2015 +0200.py,GnuFCompiler,3,12,74,0.16216216216216217,0.30530289918347353,True,86,88,116,/Users/neda/Documents/workspace4/DissertationProject/util/Python/numpy/gnu/gnu
bce84bb6f,/Users/neda/Documents/workspace4/DissertationProject/util/Python/numpy/gnu/gnu@b354c005c@Thu Sep 24 23:46:23 2015 +0200.py,Gnu95FCompiler,4,17,18,0.9444444444444444,0.30530289918347353,False,86,88,116,/Users/neda/Documents/workspace4/DissertationProject/util/Python/numpy/gnu/gnu
bce84bb6f,/Users/neda/Documents/workspace4/DissertationProject/util/Python/numpy/gnu/gnu@7884a8c9f@Sat Jan 23 15:58:58 2016 +0100.py,GnuFCompiler,3,12,74,0.16216216216216217,0.3012412615805611,True,87,88,116,/Users/neda/Documents/workspace4/DissertationProject/util/Python/numpy/gnu/gnu
bce84bb6f,/Users/neda/Documents/workspace4/DissertationProject/util/Python/numpy/gnu/gnu@7884a8c9f@Sat Jan 23 15:58:58 2016 +0100.py,Gnu95FCompiler,4,17,18,0.9444444444444444,0.3012412615805611,False,87,88,116,/Users/neda/Documents/workspace4/DissertationProject/util/Python/numpy/gnu/gnu
bce84bb6f,/Users/neda/Documents/workspace4/DissertationProject/util/Python/numpy/gnu/gnu@bce84bb6f@Mon Jan 25 22:05:04 2016 +0000.py,GnuFCompiler,3,12,74,0.16216216216216217,0.2955934371398876,True,88,88,116,/Users/neda/Documents/workspace4/DissertationProject/util/Python/numpy/gnu/gnu
bce84bb6f,/Users/neda/Documents/workspace4/DissertationProject/util/Python/numpy/gnu/gnu@bce84bb6f@Mon Jan 25 22:05:04 2016 +0000.py,Gnu95FCompiler,4,17,18,0.9444444444444444,0.2955934371398876,False,88,88,116,/Users/neda/Documents/workspace4/DissertationProject/util/Python/numpy/gnu/gnu
bce84bb6f,/Users/neda/Documents/workspace4/DissertationProject/util/Python/numpy/gnu/gnu@ab4f82840@Fri Jul 15 08:20:21 2016 -0500.py,GnuFCompiler,3,12,74,0.16216216216216217,0.29695146384895355,True,89,88,116,/Users/neda/Documents/workspace4/DissertationProject/util/Python/numpy/gnu/gnu
bce84bb6f,/Users/neda/Documents/workspace4/DissertationProject/util/Python/numpy/gnu/gnu@ab4f82840@Fri Jul 15 08:20:21 2016 -0500.py,Gnu95FCompiler,4,17,18,0.9444444444444444,0.29695146384895355,False,89,88,116,/Users/neda/Documents/workspace4/DissertationProject/util/Python/numpy/gnu/gnu
e988535a0,/Users/neda/Documents/workspace4/DissertationProject/util/Python/numpy/polynomial/polynomial@8f3ee77dd@Thu Oct 26 12:45:29 2017 -0600.py,Polynomial,2,3,72,0.041666666666666664,0.2809859993664183,True,176,178,217,/Users/neda/Documents/workspace4/DissertationProject/util/Python/numpy/polynomial/polynomial
e988535a0,/Users/neda/Documents/workspace4/DissertationProject/util/Python/numpy/polynomial/polynomial@7cb22f954@Thu Jan 4 20:48:10 2018 -0500.py,Polynomial,2,3,72,0.041666666666666664,0.2782123606381617,True,177,178,217,/Users/neda/Documents/workspace4/DissertationProject/util/Python/numpy/polynomial/polynomial
9bd836ac8,/Users/neda/Documents/workspace4/DissertationProject/util/Python/numpy/laguerre/laguerre@db0b231f1@Wed Sep 7 09:48:40 2016 +0200.py,Laguerre,2,3,72,0.041666666666666664,0.3012412615805611,True,38,40,69,/Users/neda/Documents/workspace4/DissertationProject/util/Python/numpy/laguerre/laguerre
9bd836ac8,/Users/neda/Documents/workspace4/DissertationProject/util/Python/numpy/laguerre/laguerre@ec0e04694@Tue Dec 13 15:53:56 2016 -0700.py,Laguerre,2,3,72,0.041666666666666664,0.3002454304729756,True,39,40,69,/Users/neda/Documents/workspace4/DissertationProject/util/Python/numpy/laguerre/laguerre
9bd836ac8,/Users/neda/Documents/workspace4/DissertationProject/util/Python/numpy/laguerre/laguerre@9bd836ac8@Wed Feb 1 16:11:03 2017 -0500.py,Laguerre,2,3,72,0.041666666666666664,0.2970740081446953,True,40,40,69,/Users/neda/Documents/workspace4/DissertationProject/util/Python/numpy/laguerre/laguerre
9bd836ac8,/Users/neda/Documents/workspace4/DissertationProject/util/Python/numpy/laguerre/laguerre@370b6506f@Wed Feb 8 22:05:11 2017 +0000.py,Laguerre,2,3,72,0.041666666666666664,0.2961251026215975,True,41,40,69,/Users/neda/Documents/workspace4/DissertationProject/util/Python/numpy/laguerre/laguerre
