CommitID,File Name,Class Name,DIT,IUR,Total IR,AUIR,AvgAUIR,isRefusedBequest,Index of File In Folder,Index of Bug Fixed Commit In File,Number of Files In Folder,Folder
e124837cdc,/Users/neda/Documents/workspace2/DissertationProject/util/Python/zulip/soft_deactivate_users/soft_deactivate_users@d05578817e@Fri Aug 9 15:30:34 2019 -0700.py,Command,2,5,4,1.25,0.21470750712365608,False,13,14,24,/Users/neda/Documents/workspace2/DissertationProject/util/Python/zulip/soft_deactivate_users/soft_deactivate_users
e124837cdc,/Users/neda/Documents/workspace2/DissertationProject/util/Python/zulip/soft_deactivate_users/soft_deactivate_users@e124837cdc@Fri Nov 15 16:42:36 2019 -0800.py,Command,2,5,4,1.25,0.22491902141525646,False,14,14,24,/Users/neda/Documents/workspace2/DissertationProject/util/Python/zulip/soft_deactivate_users/soft_deactivate_users
e124837cdc,/Users/neda/Documents/workspace2/DissertationProject/util/Python/zulip/soft_deactivate_users/soft_deactivate_users@8e7ce7cc79@Tue Jan 14 12:59:46 2020 -0800.py,Command,2,5,4,1.25,0.22035038297719467,False,15,14,24,/Users/neda/Documents/workspace2/DissertationProject/util/Python/zulip/soft_deactivate_users/soft_deactivate_users
654a03c897,/Users/neda/Documents/workspace2/DissertationProject/util/Python/zulip/view/view@6d6d43188d@Sat Jun 27 13:19:32 2020 +0200.py,UnknownEventType,2,0,0,0,0.22123355963457514,True,413,414,461,/Users/neda/Documents/workspace2/DissertationProject/util/Python/zulip/view/view
1565ee8453,/Users/neda/Documents/workspace2/DissertationProject/util/Python/zulip/backends/backends@daf3d51d4b@Mon May 23 18:44:07 2016 +0500.py,Jinja2,2,5,5,1.0,0.2099570046369829,False,40,39,378,/Users/neda/Documents/workspace2/DissertationProject/util/Python/zulip/backends/backends
1565ee8453,/Users/neda/Documents/workspace2/DissertationProject/util/Python/zulip/backends/backends@daf3d51d4b@Mon May 23 18:44:07 2016 +0500.py,Template,2,5,5,1.0,0.2099570046369829,False,40,39,378,/Users/neda/Documents/workspace2/DissertationProject/util/Python/zulip/backends/backends
250781e843,/Users/neda/Documents/workspace2/DissertationProject/util/Python/zulip/response/response@44b738ab75@Fri Dec 13 15:52:20 2013 -0500.py,HttpResponseUnauthorized,2,0,0,0,0.149592428847748,True,10,12,34,/Users/neda/Documents/workspace2/DissertationProject/util/Python/zulip/response/response
250781e843,/Users/neda/Documents/workspace2/DissertationProject/util/Python/zulip/response/response@9ded218950@Tue Aug 18 18:41:11 2015 -0700.py,HttpResponseUnauthorized,2,0,0,0,0.1601315416918254,True,11,12,34,/Users/neda/Documents/workspace2/DissertationProject/util/Python/zulip/response/response
250781e843,/Users/neda/Documents/workspace2/DissertationProject/util/Python/zulip/response/response@250781e843@Tue May 17 18:42:07 2016 -0700.py,HttpResponseUnauthorized,2,0,0,0,0.2349298489053345,True,12,12,34,/Users/neda/Documents/workspace2/DissertationProject/util/Python/zulip/response/response
250781e843,/Users/neda/Documents/workspace2/DissertationProject/util/Python/zulip/response/response@5fe9076631@Thu Jun 2 16:04:39 2016 -0700.py,HttpResponseUnauthorized,2,0,0,0,0.2099570046369829,True,13,12,34,/Users/neda/Documents/workspace2/DissertationProject/util/Python/zulip/response/response
643bd18b9f,/Users/neda/Documents/workspace2/DissertationProject/util/Python/zulip/runtornado/runtornado@ea6934c26d@Mon Jul 22 16:43:40 2019 -0700.py,Command,2,5,4,1.25,0.21728850927067836,False,107,106,120,/Users/neda/Documents/workspace2/DissertationProject/util/Python/zulip/runtornado/runtornado
18b86a9499,/Users/neda/Documents/workspace2/DissertationProject/util/Python/zulip/stripe/stripe@d229948a43@Wed Aug 22 22:47:05 2018 -0700.py,BillingError,2,0,0,0,0.22155907803846808,True,52,54,139,/Users/neda/Documents/workspace2/DissertationProject/util/Python/zulip/stripe/stripe
18b86a9499,/Users/neda/Documents/workspace2/DissertationProject/util/Python/zulip/stripe/stripe@d229948a43@Wed Aug 22 22:47:05 2018 -0700.py,StripeCardError,3,0,5,0,0.22155907803846808,True,52,54,139,/Users/neda/Documents/workspace2/DissertationProject/util/Python/zulip/stripe/stripe
18b86a9499,/Users/neda/Documents/workspace2/DissertationProject/util/Python/zulip/stripe/stripe@d229948a43@Wed Aug 22 22:47:05 2018 -0700.py,StripeConnectionError,3,0,5,0,0.22155907803846808,True,52,54,139,/Users/neda/Documents/workspace2/DissertationProject/util/Python/zulip/stripe/stripe
18b86a9499,/Users/neda/Documents/workspace2/DissertationProject/util/Python/zulip/stripe/stripe@31ed4492ce@Fri Aug 31 11:09:36 2018 -0700.py,BillingError,2,0,0,0,0.22155907803846808,True,53,54,139,/Users/neda/Documents/workspace2/DissertationProject/util/Python/zulip/stripe/stripe
18b86a9499,/Users/neda/Documents/workspace2/DissertationProject/util/Python/zulip/stripe/stripe@31ed4492ce@Fri Aug 31 11:09:36 2018 -0700.py,StripeCardError,3,0,5,0,0.22155907803846808,True,53,54,139,/Users/neda/Documents/workspace2/DissertationProject/util/Python/zulip/stripe/stripe
18b86a9499,/Users/neda/Documents/workspace2/DissertationProject/util/Python/zulip/stripe/stripe@31ed4492ce@Fri Aug 31 11:09:36 2018 -0700.py,StripeConnectionError,3,0,5,0,0.22155907803846808,True,53,54,139,/Users/neda/Documents/workspace2/DissertationProject/util/Python/zulip/stripe/stripe
18b86a9499,/Users/neda/Documents/workspace2/DissertationProject/util/Python/zulip/stripe/stripe@18b86a9499@Fri Aug 31 21:41:58 2018 -0700.py,BillingError,2,0,0,0,0.22155907803846808,True,54,54,139,/Users/neda/Documents/workspace2/DissertationProject/util/Python/zulip/stripe/stripe
18b86a9499,/Users/neda/Documents/workspace2/DissertationProject/util/Python/zulip/stripe/stripe@18b86a9499@Fri Aug 31 21:41:58 2018 -0700.py,StripeCardError,3,0,5,0,0.22155907803846808,True,54,54,139,/Users/neda/Documents/workspace2/DissertationProject/util/Python/zulip/stripe/stripe
18b86a9499,/Users/neda/Documents/workspace2/DissertationProject/util/Python/zulip/stripe/stripe@18b86a9499@Fri Aug 31 21:41:58 2018 -0700.py,StripeConnectionError,3,0,5,0,0.22155907803846808,True,54,54,139,/Users/neda/Documents/workspace2/DissertationProject/util/Python/zulip/stripe/stripe
18b86a9499,/Users/neda/Documents/workspace2/DissertationProject/util/Python/zulip/stripe/stripe@3e86fa84ea@Wed Sep 5 13:10:29 2018 +0530.py,BillingError,2,0,0,0,0.22155907803846808,True,55,54,139,/Users/neda/Documents/workspace2/DissertationProject/util/Python/zulip/stripe/stripe
18b86a9499,/Users/neda/Documents/workspace2/DissertationProject/util/Python/zulip/stripe/stripe@3e86fa84ea@Wed Sep 5 13:10:29 2018 +0530.py,StripeCardError,3,0,5,0,0.22155907803846808,True,55,54,139,/Users/neda/Documents/workspace2/DissertationProject/util/Python/zulip/stripe/stripe
18b86a9499,/Users/neda/Documents/workspace2/DissertationProject/util/Python/zulip/stripe/stripe@3e86fa84ea@Wed Sep 5 13:10:29 2018 +0530.py,StripeConnectionError,3,0,5,0,0.22155907803846808,True,55,54,139,/Users/neda/Documents/workspace2/DissertationProject/util/Python/zulip/stripe/stripe
a8c735e1d2,/Users/neda/Documents/workspace2/DissertationProject/util/Python/zulip/integrations/integrations@e311842a1b@Sun Nov 5 11:37:41 2017 +0100.py,Integration,1,0,2,0,0.18956423396673325,False,162,164,291,/Users/neda/Documents/workspace2/DissertationProject/util/Python/zulip/integrations/integrations
a8c735e1d2,/Users/neda/Documents/workspace2/DissertationProject/util/Python/zulip/integrations/integrations@e311842a1b@Sun Nov 5 11:37:41 2017 +0100.py,BotIntegration,2,8,16,0.5,0.18956423396673325,False,162,164,291,/Users/neda/Documents/workspace2/DissertationProject/util/Python/zulip/integrations/integrations
a8c735e1d2,/Users/neda/Documents/workspace2/DissertationProject/util/Python/zulip/integrations/integrations@e311842a1b@Sun Nov 5 11:37:41 2017 +0100.py,EmailIntegration,2,1,16,0.0625,0.18956423396673325,True,162,164,291,/Users/neda/Documents/workspace2/DissertationProject/util/Python/zulip/integrations/integrations
a8c735e1d2,/Users/neda/Documents/workspace2/DissertationProject/util/Python/zulip/integrations/integrations@e311842a1b@Sun Nov 5 11:37:41 2017 +0100.py,WebhookIntegration,2,3,16,0.1875,0.18956423396673325,True,162,164,291,/Users/neda/Documents/workspace2/DissertationProject/util/Python/zulip/integrations/integrations
a8c735e1d2,/Users/neda/Documents/workspace2/DissertationProject/util/Python/zulip/integrations/integrations@e311842a1b@Sun Nov 5 11:37:41 2017 +0100.py,HubotLozenge,2,2,16,0.125,0.18956423396673325,True,162,164,291,/Users/neda/Documents/workspace2/DissertationProject/util/Python/zulip/integrations/integrations
a8c735e1d2,/Users/neda/Documents/workspace2/DissertationProject/util/Python/zulip/integrations/integrations@e311842a1b@Sun Nov 5 11:37:41 2017 +0100.py,GithubIntegration,3,4,9,0.4444444444444444,0.18956423396673325,False,162,164,291,/Users/neda/Documents/workspace2/DissertationProject/util/Python/zulip/integrations/integrations
a8c735e1d2,/Users/neda/Documents/workspace2/DissertationProject/util/Python/zulip/integrations/integrations@e311842a1b@Sun Nov 5 11:37:41 2017 +0100.py,EmbeddedBotIntegration,2,2,16,0.125,0.18956423396673325,True,162,164,291,/Users/neda/Documents/workspace2/DissertationProject/util/Python/zulip/integrations/integrations
a8c735e1d2,/Users/neda/Documents/workspace2/DissertationProject/util/Python/zulip/integrations/integrations@09af29b051@Fri Nov 10 03:34:13 2017 +0100.py,Integration,1,0,2,0,0.19577165233175456,False,165,164,291,/Users/neda/Documents/workspace2/DissertationProject/util/Python/zulip/integrations/integrations
a8c735e1d2,/Users/neda/Documents/workspace2/DissertationProject/util/Python/zulip/integrations/integrations@09af29b051@Fri Nov 10 03:34:13 2017 +0100.py,BotIntegration,2,8,16,0.5,0.19577165233175456,False,165,164,291,/Users/neda/Documents/workspace2/DissertationProject/util/Python/zulip/integrations/integrations
a8c735e1d2,/Users/neda/Documents/workspace2/DissertationProject/util/Python/zulip/integrations/integrations@09af29b051@Fri Nov 10 03:34:13 2017 +0100.py,EmailIntegration,2,1,16,0.0625,0.19577165233175456,True,165,164,291,/Users/neda/Documents/workspace2/DissertationProject/util/Python/zulip/integrations/integrations
a8c735e1d2,/Users/neda/Documents/workspace2/DissertationProject/util/Python/zulip/integrations/integrations@09af29b051@Fri Nov 10 03:34:13 2017 +0100.py,WebhookIntegration,2,3,16,0.1875,0.19577165233175456,True,165,164,291,/Users/neda/Documents/workspace2/DissertationProject/util/Python/zulip/integrations/integrations
a8c735e1d2,/Users/neda/Documents/workspace2/DissertationProject/util/Python/zulip/integrations/integrations@09af29b051@Fri Nov 10 03:34:13 2017 +0100.py,HubotLozenge,2,2,16,0.125,0.19577165233175456,True,165,164,291,/Users/neda/Documents/workspace2/DissertationProject/util/Python/zulip/integrations/integrations
a8c735e1d2,/Users/neda/Documents/workspace2/DissertationProject/util/Python/zulip/integrations/integrations@09af29b051@Fri Nov 10 03:34:13 2017 +0100.py,GithubIntegration,3,4,9,0.4444444444444444,0.19577165233175456,False,165,164,291,/Users/neda/Documents/workspace2/DissertationProject/util/Python/zulip/integrations/integrations
a8c735e1d2,/Users/neda/Documents/workspace2/DissertationProject/util/Python/zulip/integrations/integrations@09af29b051@Fri Nov 10 03:34:13 2017 +0100.py,EmbeddedBotIntegration,2,2,16,0.125,0.19577165233175456,True,165,164,291,/Users/neda/Documents/workspace2/DissertationProject/util/Python/zulip/integrations/integrations
f2c9ee8000,/Users/neda/Documents/workspace2/DissertationProject/util/Python/zulip/0284_convert_realm_admins_to_realm_owners/0284_convert_realm_admins_to_realm_owners@365fe0b3d5@Wed Jun 10 15:54:34 2020 -0700.py,Migration,2,2,2,1.0,0.20335332663537803,False,0,2,3,/Users/neda/Documents/workspace2/DissertationProject/util/Python/zulip/0284_convert_realm_admins_to_realm_owners/0284_convert_realm_admins_to_realm_owners
f2c9ee8000,/Users/neda/Documents/workspace2/DissertationProject/util/Python/zulip/0284_convert_realm_admins_to_realm_owners/0284_convert_realm_admins_to_realm_owners@61d0417e75@Thu Aug 6 16:09:47 2020 -0700.py,Migration,2,2,2,1.0,0.22041684372492445,False,1,2,3,/Users/neda/Documents/workspace2/DissertationProject/util/Python/zulip/0284_convert_realm_admins_to_realm_owners/0284_convert_realm_admins_to_realm_owners
f2c9ee8000,/Users/neda/Documents/workspace2/DissertationProject/util/Python/zulip/0284_convert_realm_admins_to_realm_owners/0284_convert_realm_admins_to_realm_owners@f2c9ee8000@Fri Aug 14 11:21:15 2020 -0700.py,Migration,2,2,2,1.0,0.21930922139464845,False,2,2,3,/Users/neda/Documents/workspace2/DissertationProject/util/Python/zulip/0284_convert_realm_admins_to_realm_owners/0284_convert_realm_admins_to_realm_owners
b2cb443d24,/Users/neda/Documents/workspace2/DissertationProject/util/Python/zulip/streams/streams@d1cda29fb4@Mon Nov 20 19:35:26 2017 -0800.py,PrincipalError,3,0,0,0,0.2254141786893502,True,130,132,259,/Users/neda/Documents/workspace2/DissertationProject/util/Python/zulip/streams/streams
b2cb443d24,/Users/neda/Documents/workspace2/DissertationProject/util/Python/zulip/streams/streams@620b2cd6e2@Mon Nov 27 08:28:57 2017 +0000.py,PrincipalError,3,0,0,0,0.1908037759342106,True,131,132,259,/Users/neda/Documents/workspace2/DissertationProject/util/Python/zulip/streams/streams
b2cb443d24,/Users/neda/Documents/workspace2/DissertationProject/util/Python/zulip/streams/streams@00178d114b@Fri Dec 8 16:42:11 2017 +0000.py,PrincipalError,3,0,0,0,0.1908037759342106,True,133,132,259,/Users/neda/Documents/workspace2/DissertationProject/util/Python/zulip/streams/streams
fa227d79af,/Users/neda/Documents/workspace2/DissertationProject/util/Python/zulip/client_activity/client_activity@fa227d79af@Sun Jul 28 12:38:14 2019 -1000.py,Command,2,5,4,1.25,0.21060484090843895,False,19,19,22,/Users/neda/Documents/workspace2/DissertationProject/util/Python/zulip/client_activity/client_activity
fa227d79af,/Users/neda/Documents/workspace2/DissertationProject/util/Python/zulip/client_activity/client_activity@8e7ce7cc79@Tue Jan 14 12:59:46 2020 -0800.py,Command,2,5,4,1.25,0.22035038297719467,False,20,19,22,/Users/neda/Documents/workspace2/DissertationProject/util/Python/zulip/client_activity/client_activity
e87fcd0789,/Users/neda/Documents/workspace2/DissertationProject/util/Python/zulip/knight/knight@9e9ddf464e@Mon Jul 8 13:42:05 2019 -0700.py,Command,2,5,4,1.25,0.20820949316802534,False,17,18,30,/Users/neda/Documents/workspace2/DissertationProject/util/Python/zulip/knight/knight
e87fcd0789,/Users/neda/Documents/workspace2/DissertationProject/util/Python/zulip/knight/knight@e87fcd0789@Mon Jul 8 13:43:54 2019 -0700.py,Command,2,5,4,1.25,0.20820949316802534,False,18,18,30,/Users/neda/Documents/workspace2/DissertationProject/util/Python/zulip/knight/knight
e87fcd0789,/Users/neda/Documents/workspace2/DissertationProject/util/Python/zulip/knight/knight@becef760bf@Tue Aug 6 15:30:17 2019 -0700.py,Command,2,5,4,1.25,0.21594145831402192,False,19,18,30,/Users/neda/Documents/workspace2/DissertationProject/util/Python/zulip/knight/knight
fbcf6a7d72,/Users/neda/Documents/workspace2/DissertationProject/util/Python/zulip/streams/streams@bd9b74436c@Thu May 7 16:49:54 2020 +0530.py,PrincipalError,3,0,0,0,0.19783967535958966,True,217,219,259,/Users/neda/Documents/workspace2/DissertationProject/util/Python/zulip/streams/streams
fbcf6a7d72,/Users/neda/Documents/workspace2/DissertationProject/util/Python/zulip/streams/streams@fbcf6a7d72@Mon Jun 1 16:12:13 2020 -0700.py,PrincipalError,3,0,0,0,0.19399542932784367,True,219,219,259,/Users/neda/Documents/workspace2/DissertationProject/util/Python/zulip/streams/streams
fbcf6a7d72,/Users/neda/Documents/workspace2/DissertationProject/util/Python/zulip/streams/streams@0b432e26b6@Tue Jun 2 19:15:45 2020 +0530.py,PrincipalError,3,0,0,0,0.19624094558990404,True,220,219,259,/Users/neda/Documents/workspace2/DissertationProject/util/Python/zulip/streams/streams
643bd18b9f,/Users/neda/Documents/workspace2/DissertationProject/util/Python/zulip/view/view@ab8aae6d0c@Fri Apr 19 17:32:41 2019 -0230.py,UnknownEventType,2,0,0,0,0.20306024892981403,True,301,302,461,/Users/neda/Documents/workspace2/DissertationProject/util/Python/zulip/view/view
69a7069ac4,/Users/neda/Documents/workspace2/DissertationProject/util/Python/zulip/0097_reactions_emoji_code/0097_reactions_emoji_code@c2a5b5f160@Thu Oct 26 11:36:30 2017 +0200.py,Migration,2,2,2,1.0,0.18080964634517122,False,1,3,10,/Users/neda/Documents/workspace2/DissertationProject/util/Python/zulip/0097_reactions_emoji_code/0097_reactions_emoji_code
69a7069ac4,/Users/neda/Documents/workspace2/DissertationProject/util/Python/zulip/0097_reactions_emoji_code/0097_reactions_emoji_code@38e97089fc@Wed Nov 15 15:44:00 2017 -0800.py,Migration,2,2,2,1.0,0.19577165233175456,False,2,3,10,/Users/neda/Documents/workspace2/DissertationProject/util/Python/zulip/0097_reactions_emoji_code/0097_reactions_emoji_code
69a7069ac4,/Users/neda/Documents/workspace2/DissertationProject/util/Python/zulip/0097_reactions_emoji_code/0097_reactions_emoji_code@69a7069ac4@Fri Mar 16 17:16:18 2018 -0700.py,Migration,2,2,2,1.0,0.18095338420243895,False,3,3,10,/Users/neda/Documents/workspace2/DissertationProject/util/Python/zulip/0097_reactions_emoji_code/0097_reactions_emoji_code
69a7069ac4,/Users/neda/Documents/workspace2/DissertationProject/util/Python/zulip/0097_reactions_emoji_code/0097_reactions_emoji_code@4bd28f7ae6@Sat Feb 2 14:53:20 2019 -0800.py,Migration,2,2,2,1.0,0.19998828459080573,False,4,3,10,/Users/neda/Documents/workspace2/DissertationProject/util/Python/zulip/0097_reactions_emoji_code/0097_reactions_emoji_code
9bea1f46c7,/Users/neda/Documents/workspace2/DissertationProject/util/Python/zulip/bitbucket2/bitbucket2@e6502710b6@Wed Jul 13 20:39:49 2016 +0530.py,UnknownTriggerType,2,0,0,0,0.2279142540628818,True,0,1,22,/Users/neda/Documents/workspace2/DissertationProject/util/Python/zulip/bitbucket2/bitbucket2
9bea1f46c7,/Users/neda/Documents/workspace2/DissertationProject/util/Python/zulip/bitbucket2/bitbucket2@9bea1f46c7@Sun Jul 24 00:40:58 2016 +0530.py,UnknownTriggerType,2,0,0,0,0.2171888774010991,True,1,1,22,/Users/neda/Documents/workspace2/DissertationProject/util/Python/zulip/bitbucket2/bitbucket2
9bea1f46c7,/Users/neda/Documents/workspace2/DissertationProject/util/Python/zulip/bitbucket2/bitbucket2@eef1d78e68@Sat Aug 13 20:31:13 2016 +0530.py,UnknownTriggerType,2,0,0,0,0.22171652930787988,True,2,1,22,/Users/neda/Documents/workspace2/DissertationProject/util/Python/zulip/bitbucket2/bitbucket2
16cdc3c66b,/Users/neda/Documents/workspace2/DissertationProject/util/Python/zulip/0290_remove_night_mode_add_color_scheme/0290_remove_night_mode_add_color_scheme@16cdc3c66b@Mon Jun 22 17:08:30 2020 -0700.py,Migration,2,2,2,1.0,0.21215822065311868,False,0,0,1,/Users/neda/Documents/workspace2/DissertationProject/util/Python/zulip/0290_remove_night_mode_add_color_scheme/0290_remove_night_mode_add_color_scheme
e7746809d2,/Users/neda/Documents/workspace2/DissertationProject/util/Python/zulip/view/view@82ee496efc@Thu Dec 6 11:10:27 2018 -0800.py,NotImplementedEventType,2,0,0,0,0.20732507397806813,True,224,226,461,/Users/neda/Documents/workspace2/DissertationProject/util/Python/zulip/view/view
e7746809d2,/Users/neda/Documents/workspace2/DissertationProject/util/Python/zulip/view/view@82ee496efc@Thu Dec 6 11:10:27 2018 -0800.py,SuppressedEvent,2,0,0,0,0.20732507397806813,True,224,226,461,/Users/neda/Documents/workspace2/DissertationProject/util/Python/zulip/view/view
e7746809d2,/Users/neda/Documents/workspace2/DissertationProject/util/Python/zulip/view/view@e7746809d2@Thu Dec 13 10:22:19 2018 -0800.py,NotImplementedEventType,2,0,0,0,0.2060292922657052,True,226,226,461,/Users/neda/Documents/workspace2/DissertationProject/util/Python/zulip/view/view
e7746809d2,/Users/neda/Documents/workspace2/DissertationProject/util/Python/zulip/view/view@e7746809d2@Thu Dec 13 10:22:19 2018 -0800.py,SuppressedEvent,2,0,0,0,0.2060292922657052,True,226,226,461,/Users/neda/Documents/workspace2/DissertationProject/util/Python/zulip/view/view
e7746809d2,/Users/neda/Documents/workspace2/DissertationProject/util/Python/zulip/view/view@32f24bff8d@Sat Dec 15 14:14:09 2018 -0800.py,SuppressedEvent,2,0,0,0,0.2060292922657052,True,227,226,461,/Users/neda/Documents/workspace2/DissertationProject/util/Python/zulip/view/view
e7746809d2,/Users/neda/Documents/workspace2/DissertationProject/util/Python/zulip/view/view@32f24bff8d@Sat Dec 15 14:14:09 2018 -0800.py,NotImplementedEventType,3,0,0,0,0.2060292922657052,True,227,226,461,/Users/neda/Documents/workspace2/DissertationProject/util/Python/zulip/view/view
489d73f63a,/Users/neda/Documents/workspace2/DissertationProject/util/Python/zulip/purge_queue/purge_queue@8e7ce7cc79@Tue Jan 14 12:59:46 2020 -0800.py,Command,2,5,4,1.25,0.22035038297719467,False,15,17,22,/Users/neda/Documents/workspace2/DissertationProject/util/Python/zulip/purge_queue/purge_queue
489d73f63a,/Users/neda/Documents/workspace2/DissertationProject/util/Python/zulip/purge_queue/purge_queue@67e7a3631d@Tue Jun 9 21:41:04 2020 -0700.py,Command,2,5,4,1.25,0.20440153965927174,False,16,17,22,/Users/neda/Documents/workspace2/DissertationProject/util/Python/zulip/purge_queue/purge_queue
489d73f63a,/Users/neda/Documents/workspace2/DissertationProject/util/Python/zulip/purge_queue/purge_queue@489d73f63a@Sat Jul 4 18:18:11 2020 -0700.py,Command,2,5,4,1.25,0.22123355963457514,False,17,17,22,/Users/neda/Documents/workspace2/DissertationProject/util/Python/zulip/purge_queue/purge_queue
489d73f63a,/Users/neda/Documents/workspace2/DissertationProject/util/Python/zulip/purge_queue/purge_queue@a5dbab8fb0@Tue Sep 1 19:49:02 2020 -0700.py,Command,2,5,4,1.25,0.2182126752876752,False,18,17,22,/Users/neda/Documents/workspace2/DissertationProject/util/Python/zulip/purge_queue/purge_queue
fa227d79af,/Users/neda/Documents/workspace2/DissertationProject/util/Python/zulip/fill_memcached_caches/fill_memcached_caches@fa227d79af@Sun Jul 28 12:38:14 2019 -1000.py,Command,2,5,4,1.25,0.21060484090843895,False,14,14,19,/Users/neda/Documents/workspace2/DissertationProject/util/Python/zulip/fill_memcached_caches/fill_memcached_caches
fa227d79af,/Users/neda/Documents/workspace2/DissertationProject/util/Python/zulip/fill_memcached_caches/fill_memcached_caches@becef760bf@Tue Aug 6 15:30:17 2019 -0700.py,Command,2,5,4,1.25,0.21594145831402192,False,15,14,19,/Users/neda/Documents/workspace2/DissertationProject/util/Python/zulip/fill_memcached_caches/fill_memcached_caches
643bd18b9f,/Users/neda/Documents/workspace2/DissertationProject/util/Python/zulip/email_mirror/email_mirror@a0efd76f4e@Fri Mar 22 16:33:57 2019 +0100.py,ZulipEmailForwardUserError,3,0,0,0,0.20306024892981403,True,113,115,166,/Users/neda/Documents/workspace2/DissertationProject/util/Python/zulip/email_mirror/email_mirror
643bd18b9f,/Users/neda/Documents/workspace2/DissertationProject/util/Python/zulip/email_mirror/email_mirror@a0efd76f4e@Fri Mar 22 16:33:57 2019 +0100.py,RateLimitedRealmMirror,2,3,4,0.75,0.20306024892981403,False,113,115,166,/Users/neda/Documents/workspace2/DissertationProject/util/Python/zulip/email_mirror/email_mirror
643bd18b9f,/Users/neda/Documents/workspace2/DissertationProject/util/Python/zulip/email_mirror/email_mirror@c1ceba9037@Sat Mar 23 18:50:05 2019 +0100.py,ZulipEmailForwardUserError,3,0,0,0,0.20306024892981403,True,114,115,166,/Users/neda/Documents/workspace2/DissertationProject/util/Python/zulip/email_mirror/email_mirror
643bd18b9f,/Users/neda/Documents/workspace2/DissertationProject/util/Python/zulip/email_mirror/email_mirror@c1ceba9037@Sat Mar 23 18:50:05 2019 +0100.py,RateLimitedRealmMirror,2,3,4,0.75,0.20306024892981403,False,114,115,166,/Users/neda/Documents/workspace2/DissertationProject/util/Python/zulip/email_mirror/email_mirror
643bd18b9f,/Users/neda/Documents/workspace2/DissertationProject/util/Python/zulip/email_mirror/email_mirror@643bd18b9f@Fri Apr 19 16:00:46 2019 -0700.py,ZulipEmailForwardUserError,3,0,0,0,0.20469423585791857,True,115,115,166,/Users/neda/Documents/workspace2/DissertationProject/util/Python/zulip/email_mirror/email_mirror
643bd18b9f,/Users/neda/Documents/workspace2/DissertationProject/util/Python/zulip/email_mirror/email_mirror@643bd18b9f@Fri Apr 19 16:00:46 2019 -0700.py,RateLimitedRealmMirror,2,2,3,0.6666666666666666,0.20469423585791857,False,115,115,166,/Users/neda/Documents/workspace2/DissertationProject/util/Python/zulip/email_mirror/email_mirror
5462341cb4,/Users/neda/Documents/workspace2/DissertationProject/util/Python/zulip/github/github@a32f83b182@Sun Jun 26 13:53:21 2016 +0530.py,UnknownEventType,2,0,0,0,0.2349298489053345,True,9,11,29,/Users/neda/Documents/workspace2/DissertationProject/util/Python/zulip/github/github
5462341cb4,/Users/neda/Documents/workspace2/DissertationProject/util/Python/zulip/github/github@85cb3e6103@Sun Jun 26 14:04:24 2016 +0530.py,UnknownEventType,2,0,0,0,0.2349298489053345,True,10,11,29,/Users/neda/Documents/workspace2/DissertationProject/util/Python/zulip/github/github
5462341cb4,/Users/neda/Documents/workspace2/DissertationProject/util/Python/zulip/github/github@5462341cb4@Sun Jul 17 23:19:53 2016 +0530.py,UnknownEventType,2,0,0,0,0.2171888774010991,True,11,11,29,/Users/neda/Documents/workspace2/DissertationProject/util/Python/zulip/github/github
5462341cb4,/Users/neda/Documents/workspace2/DissertationProject/util/Python/zulip/github/github@1c1a003ba1@Mon Sep 26 17:28:14 2016 +0200.py,UnknownEventType,2,0,0,0,0.22592531805476807,True,12,11,29,/Users/neda/Documents/workspace2/DissertationProject/util/Python/zulip/github/github
5ce6a3c8f9,/Users/neda/Documents/workspace2/DissertationProject/util/Python/zulip/__init__/__init__@85809e6140@Mon Oct 26 12:11:44 2015 -0400.py,PrincipalError,3,2,4,0.5,0.15665042122026396,False,598,599,1278,/Users/neda/Documents/workspace2/DissertationProject/util/Python/zulip/__init__/__init__
5ce6a3c8f9,/Users/neda/Documents/workspace2/DissertationProject/util/Python/zulip/__init__/__init__@43abd83d1c@Sun Nov 1 08:10:46 2015 -0800.py,PrincipalError,3,2,4,0.5,0.15665042122026396,False,600,599,1278,/Users/neda/Documents/workspace2/DissertationProject/util/Python/zulip/__init__/__init__
982bd9c38d,/Users/neda/Documents/workspace2/DissertationProject/util/Python/zulip/push_notifications/push_notifications@64b4d83038@Thu Nov 9 15:17:10 2017 -0800.py,PushNotificationBouncerException,2,0,0,0,0.19141206590740747,True,110,112,226,/Users/neda/Documents/workspace2/DissertationProject/util/Python/zulip/push_notifications/push_notifications
982bd9c38d,/Users/neda/Documents/workspace2/DissertationProject/util/Python/zulip/push_notifications/push_notifications@c99d20db63@Thu Nov 9 15:29:52 2017 -0800.py,PushNotificationBouncerException,2,0,0,0,0.19553914770019729,True,111,112,226,/Users/neda/Documents/workspace2/DissertationProject/util/Python/zulip/push_notifications/push_notifications
982bd9c38d,/Users/neda/Documents/workspace2/DissertationProject/util/Python/zulip/push_notifications/push_notifications@982bd9c38d@Thu Nov 9 15:51:06 2017 -0800.py,PushNotificationBouncerException,2,0,0,0,0.19553914770019729,True,112,112,226,/Users/neda/Documents/workspace2/DissertationProject/util/Python/zulip/push_notifications/push_notifications
982bd9c38d,/Users/neda/Documents/workspace2/DissertationProject/util/Python/zulip/push_notifications/push_notifications@229a8b38c0@Mon Nov 27 04:27:04 2017 +0000.py,PushNotificationBouncerException,2,0,0,0,0.19105222313917958,True,113,112,226,/Users/neda/Documents/workspace2/DissertationProject/util/Python/zulip/push_notifications/push_notifications
0fddf9a610,/Users/neda/Documents/workspace2/DissertationProject/util/Python/zulip/integrations/integrations@bd6a5ed7af@Wed Sep 12 23:45:22 2018 +0100.py,Integration,1,0,2,0,0.22155907803846808,False,216,218,291,/Users/neda/Documents/workspace2/DissertationProject/util/Python/zulip/integrations/integrations
0fddf9a610,/Users/neda/Documents/workspace2/DissertationProject/util/Python/zulip/integrations/integrations@bd6a5ed7af@Wed Sep 12 23:45:22 2018 +0100.py,BotIntegration,2,8,14,0.5714285714285714,0.22155907803846808,False,216,218,291,/Users/neda/Documents/workspace2/DissertationProject/util/Python/zulip/integrations/integrations
0fddf9a610,/Users/neda/Documents/workspace2/DissertationProject/util/Python/zulip/integrations/integrations@bd6a5ed7af@Wed Sep 12 23:45:22 2018 +0100.py,EmailIntegration,2,1,14,0.07142857142857142,0.22155907803846808,True,216,218,291,/Users/neda/Documents/workspace2/DissertationProject/util/Python/zulip/integrations/integrations
0fddf9a610,/Users/neda/Documents/workspace2/DissertationProject/util/Python/zulip/integrations/integrations@bd6a5ed7af@Wed Sep 12 23:45:22 2018 +0100.py,WebhookIntegration,2,3,14,0.21428571428571427,0.22155907803846808,True,216,218,291,/Users/neda/Documents/workspace2/DissertationProject/util/Python/zulip/integrations/integrations
0fddf9a610,/Users/neda/Documents/workspace2/DissertationProject/util/Python/zulip/integrations/integrations@bd6a5ed7af@Wed Sep 12 23:45:22 2018 +0100.py,HubotIntegration,2,2,14,0.14285714285714285,0.22155907803846808,True,216,218,291,/Users/neda/Documents/workspace2/DissertationProject/util/Python/zulip/integrations/integrations
0fddf9a610,/Users/neda/Documents/workspace2/DissertationProject/util/Python/zulip/integrations/integrations@bd6a5ed7af@Wed Sep 12 23:45:22 2018 +0100.py,GithubIntegration,3,4,9,0.4444444444444444,0.22155907803846808,False,216,218,291,/Users/neda/Documents/workspace2/DissertationProject/util/Python/zulip/integrations/integrations
0fddf9a610,/Users/neda/Documents/workspace2/DissertationProject/util/Python/zulip/integrations/integrations@bd6a5ed7af@Wed Sep 12 23:45:22 2018 +0100.py,EmbeddedBotIntegration,2,2,14,0.14285714285714285,0.22155907803846808,True,216,218,291,/Users/neda/Documents/workspace2/DissertationProject/util/Python/zulip/integrations/integrations
0fddf9a610,/Users/neda/Documents/workspace2/DissertationProject/util/Python/zulip/integrations/integrations@41c0e9ba47@Thu Nov 1 17:26:22 2018 -0230.py,Integration,1,0,2,0,0.21158383769884462,False,217,218,291,/Users/neda/Documents/workspace2/DissertationProject/util/Python/zulip/integrations/integrations
0fddf9a610,/Users/neda/Documents/workspace2/DissertationProject/util/Python/zulip/integrations/integrations@41c0e9ba47@Thu Nov 1 17:26:22 2018 -0230.py,BotIntegration,2,8,14,0.5714285714285714,0.21158383769884462,False,217,218,291,/Users/neda/Documents/workspace2/DissertationProject/util/Python/zulip/integrations/integrations
0fddf9a610,/Users/neda/Documents/workspace2/DissertationProject/util/Python/zulip/integrations/integrations@41c0e9ba47@Thu Nov 1 17:26:22 2018 -0230.py,EmailIntegration,2,1,14,0.07142857142857142,0.21158383769884462,True,217,218,291,/Users/neda/Documents/workspace2/DissertationProject/util/Python/zulip/integrations/integrations
0fddf9a610,/Users/neda/Documents/workspace2/DissertationProject/util/Python/zulip/integrations/integrations@41c0e9ba47@Thu Nov 1 17:26:22 2018 -0230.py,WebhookIntegration,2,3,14,0.21428571428571427,0.21158383769884462,False,217,218,291,/Users/neda/Documents/workspace2/DissertationProject/util/Python/zulip/integrations/integrations
0fddf9a610,/Users/neda/Documents/workspace2/DissertationProject/util/Python/zulip/integrations/integrations@41c0e9ba47@Thu Nov 1 17:26:22 2018 -0230.py,HubotIntegration,2,2,14,0.14285714285714285,0.21158383769884462,True,217,218,291,/Users/neda/Documents/workspace2/DissertationProject/util/Python/zulip/integrations/integrations
0fddf9a610,/Users/neda/Documents/workspace2/DissertationProject/util/Python/zulip/integrations/integrations@41c0e9ba47@Thu Nov 1 17:26:22 2018 -0230.py,GithubIntegration,3,4,9,0.4444444444444444,0.21158383769884462,False,217,218,291,/Users/neda/Documents/workspace2/DissertationProject/util/Python/zulip/integrations/integrations
0fddf9a610,/Users/neda/Documents/workspace2/DissertationProject/util/Python/zulip/integrations/integrations@41c0e9ba47@Thu Nov 1 17:26:22 2018 -0230.py,EmbeddedBotIntegration,2,2,14,0.14285714285714285,0.21158383769884462,True,217,218,291,/Users/neda/Documents/workspace2/DissertationProject/util/Python/zulip/integrations/integrations
68ab71eb8b,/Users/neda/Documents/workspace2/DissertationProject/util/Python/zulip/push_notifications/push_notifications@92a100798c@Thu Oct 4 20:08:54 2018 -0700.py,PushNotificationBouncerException,2,0,0,0,0.2194512652163696,True,143,145,226,/Users/neda/Documents/workspace2/DissertationProject/util/Python/zulip/push_notifications/push_notifications
68ab71eb8b,/Users/neda/Documents/workspace2/DissertationProject/util/Python/zulip/push_notifications/push_notifications@c57c4cf703@Wed Oct 10 15:53:13 2018 -0700.py,PushNotificationBouncerException,2,0,0,0,0.22155907803846808,True,144,145,226,/Users/neda/Documents/workspace2/DissertationProject/util/Python/zulip/push_notifications/push_notifications
68ab71eb8b,/Users/neda/Documents/workspace2/DissertationProject/util/Python/zulip/push_notifications/push_notifications@68ab71eb8b@Fri Oct 12 11:18:07 2018 -0700.py,PushNotificationBouncerException,2,0,0,0,0.22132716709227143,True,145,145,226,/Users/neda/Documents/workspace2/DissertationProject/util/Python/zulip/push_notifications/push_notifications
68ab71eb8b,/Users/neda/Documents/workspace2/DissertationProject/util/Python/zulip/push_notifications/push_notifications@695d8d0bd1@Thu Oct 18 15:09:18 2018 -0700.py,PushNotificationBouncerException,2,0,0,0,0.22132716709227143,True,146,145,226,/Users/neda/Documents/workspace2/DissertationProject/util/Python/zulip/push_notifications/push_notifications
a32f83b182,/Users/neda/Documents/workspace2/DissertationProject/util/Python/zulip/github/github@960144a49e@Tue May 31 07:29:39 2016 -0700.py,UnknownEventType,2,0,0,0,0.2099570046369829,True,7,9,29,/Users/neda/Documents/workspace2/DissertationProject/util/Python/zulip/github/github
a32f83b182,/Users/neda/Documents/workspace2/DissertationProject/util/Python/zulip/github/github@1169329a71@Tue Jun 7 03:52:33 2016 +0000.py,UnknownEventType,2,0,0,0,0.2349298489053345,True,8,9,29,/Users/neda/Documents/workspace2/DissertationProject/util/Python/zulip/github/github
a32f83b182,/Users/neda/Documents/workspace2/DissertationProject/util/Python/zulip/github/github@a32f83b182@Sun Jun 26 13:53:21 2016 +0530.py,UnknownEventType,2,0,0,0,0.2349298489053345,True,9,9,29,/Users/neda/Documents/workspace2/DissertationProject/util/Python/zulip/github/github
a32f83b182,/Users/neda/Documents/workspace2/DissertationProject/util/Python/zulip/github/github@85cb3e6103@Sun Jun 26 14:04:24 2016 +0530.py,UnknownEventType,2,0,0,0,0.2349298489053345,True,10,9,29,/Users/neda/Documents/workspace2/DissertationProject/util/Python/zulip/github/github
f91d287447,/Users/neda/Documents/workspace2/DissertationProject/util/Python/zulip/video_calls/video_calls@a3a39494e3@Mon Jun 22 21:46:44 2020 -0700.py,InvalidZoomTokenError,3,0,0,0,0.21215822065311868,True,8,10,12,/Users/neda/Documents/workspace2/DissertationProject/util/Python/zulip/video_calls/video_calls
f91d287447,/Users/neda/Documents/workspace2/DissertationProject/util/Python/zulip/video_calls/video_calls@60a25b2721@Mon Aug 10 16:47:44 2020 -0700.py,InvalidZoomTokenError,3,0,0,0,0.22041684372492445,True,9,10,12,/Users/neda/Documents/workspace2/DissertationProject/util/Python/zulip/video_calls/video_calls
f91d287447,/Users/neda/Documents/workspace2/DissertationProject/util/Python/zulip/video_calls/video_calls@f91d287447@Tue Sep 1 17:50:08 2020 -0700.py,InvalidZoomTokenError,3,0,0,0,0.21745435090158857,True,10,10,12,/Users/neda/Documents/workspace2/DissertationProject/util/Python/zulip/video_calls/video_calls
f91d287447,/Users/neda/Documents/workspace2/DissertationProject/util/Python/zulip/video_calls/video_calls@b7b7475672@Fri Sep 4 19:02:13 2020 -0700.py,InvalidZoomTokenError,3,0,0,0,0.21745435090158857,True,11,10,12,/Users/neda/Documents/workspace2/DissertationProject/util/Python/zulip/video_calls/video_calls
dd49bec93c,/Users/neda/Documents/workspace2/DissertationProject/util/Python/zulip/actions/actions@541156792e@Fri Aug 4 14:26:38 2017 -0400.py,InvitationError,3,0,0,0,0.1882215313217203,True,900,902,1753,/Users/neda/Documents/workspace2/DissertationProject/util/Python/zulip/actions/actions
dd49bec93c,/Users/neda/Documents/workspace2/DissertationProject/util/Python/zulip/actions/actions@63f7b9a579@Fri Aug 4 15:02:59 2017 -0400.py,InvitationError,3,0,0,0,0.1882215313217203,True,901,902,1753,/Users/neda/Documents/workspace2/DissertationProject/util/Python/zulip/actions/actions
dd49bec93c,/Users/neda/Documents/workspace2/DissertationProject/util/Python/zulip/actions/actions@dd49bec93c@Sat Aug 5 10:42:59 2017 -0700.py,InvitationError,3,0,0,0,0.1882215313217203,True,902,902,1753,/Users/neda/Documents/workspace2/DissertationProject/util/Python/zulip/actions/actions
dd49bec93c,/Users/neda/Documents/workspace2/DissertationProject/util/Python/zulip/actions/actions@60cc8fd58a@Sun Aug 6 09:00:08 2017 -0400.py,InvitationError,3,0,0,0,0.18804899854049184,True,903,902,1753,/Users/neda/Documents/workspace2/DissertationProject/util/Python/zulip/actions/actions
e1772b3b8f,/Users/neda/Documents/workspace2/DissertationProject/util/Python/zulip/view/view@65489b0391@Sat Jan 26 16:14:46 2019 +0530.py,SuppressedEvent,2,0,0,0,0.20238335386734232,True,245,247,461,/Users/neda/Documents/workspace2/DissertationProject/util/Python/zulip/view/view
e1772b3b8f,/Users/neda/Documents/workspace2/DissertationProject/util/Python/zulip/view/view@65489b0391@Sat Jan 26 16:14:46 2019 +0530.py,NotImplementedEventType,3,0,0,0,0.20238335386734232,True,245,247,461,/Users/neda/Documents/workspace2/DissertationProject/util/Python/zulip/view/view
c679920c01,/Users/neda/Documents/workspace2/DissertationProject/util/Python/zulip/0044_reaction/0044_reaction@38e97089fc@Wed Nov 15 15:44:00 2017 -0800.py,Migration,2,2,2,1.0,0.19577165233175456,False,2,4,7,/Users/neda/Documents/workspace2/DissertationProject/util/Python/zulip/0044_reaction/0044_reaction
c679920c01,/Users/neda/Documents/workspace2/DissertationProject/util/Python/zulip/0044_reaction/0044_reaction@f0ef335412@Tue May 15 19:11:22 2018 -0700.py,Migration,2,2,2,1.0,0.22589044817305676,False,3,4,7,/Users/neda/Documents/workspace2/DissertationProject/util/Python/zulip/0044_reaction/0044_reaction
c679920c01,/Users/neda/Documents/workspace2/DissertationProject/util/Python/zulip/0044_reaction/0044_reaction@c679920c01@Tue Nov 27 11:17:45 2018 -0800.py,Migration,2,2,2,1.0,0.21165203247143038,False,4,4,7,/Users/neda/Documents/workspace2/DissertationProject/util/Python/zulip/0044_reaction/0044_reaction
c679920c01,/Users/neda/Documents/workspace2/DissertationProject/util/Python/zulip/0044_reaction/0044_reaction@8e7ce7cc79@Tue Jan 14 12:59:46 2020 -0800.py,Migration,2,2,2,1.0,0.22035038297719467,False,5,4,7,/Users/neda/Documents/workspace2/DissertationProject/util/Python/zulip/0044_reaction/0044_reaction
b9393387e1,/Users/neda/Documents/workspace2/DissertationProject/util/Python/zulip/view/view@04ed123214@Sun Jul 1 14:59:45 2018 -0230.py,UnknownEventType,2,0,0,0,0.22841970107187487,True,184,183,461,/Users/neda/Documents/workspace2/DissertationProject/util/Python/zulip/view/view
d2fa058cc1,/Users/neda/Documents/workspace2/DissertationProject/util/Python/zulip/generate_realm_creation_link/generate_realm_creation_link@becef760bf@Tue Aug 6 15:30:17 2019 -0700.py,Command,2,5,4,1.25,0.21594145831402192,False,16,18,20,/Users/neda/Documents/workspace2/DissertationProject/util/Python/zulip/generate_realm_creation_link/generate_realm_creation_link
d2fa058cc1,/Users/neda/Documents/workspace2/DissertationProject/util/Python/zulip/generate_realm_creation_link/generate_realm_creation_link@8e7ce7cc79@Tue Jan 14 12:59:46 2020 -0800.py,Command,2,5,4,1.25,0.22035038297719467,False,17,18,20,/Users/neda/Documents/workspace2/DissertationProject/util/Python/zulip/generate_realm_creation_link/generate_realm_creation_link
d2fa058cc1,/Users/neda/Documents/workspace2/DissertationProject/util/Python/zulip/generate_realm_creation_link/generate_realm_creation_link@d2fa058cc1@Sat Mar 28 01:25:56 2020 +0100.py,Command,2,5,4,1.25,0.21894198133448006,False,18,18,20,/Users/neda/Documents/workspace2/DissertationProject/util/Python/zulip/generate_realm_creation_link/generate_realm_creation_link
d2fa058cc1,/Users/neda/Documents/workspace2/DissertationProject/util/Python/zulip/generate_realm_creation_link/generate_realm_creation_link@67e7a3631d@Tue Jun 9 21:41:04 2020 -0700.py,Command,2,5,4,1.25,0.20440153965927174,False,19,18,20,/Users/neda/Documents/workspace2/DissertationProject/util/Python/zulip/generate_realm_creation_link/generate_realm_creation_link
14d2d4e506,/Users/neda/Documents/workspace2/DissertationProject/util/Python/zulip/cache/cache@b94c062368@Sat Oct 21 09:20:49 2017 -0700.py,NotFoundInCache,2,0,0,0,0.18191890797919066,True,135,137,211,/Users/neda/Documents/workspace2/DissertationProject/util/Python/zulip/cache/cache
14d2d4e506,/Users/neda/Documents/workspace2/DissertationProject/util/Python/zulip/cache/cache@c8875693c8@Sat Oct 21 18:14:20 2017 -0700.py,NotFoundInCache,2,0,0,0,0.18191890797919066,True,136,137,211,/Users/neda/Documents/workspace2/DissertationProject/util/Python/zulip/cache/cache
14d2d4e506,/Users/neda/Documents/workspace2/DissertationProject/util/Python/zulip/cache/cache@14d2d4e506@Sat Oct 21 18:14:44 2017 -0700.py,NotFoundInCache,2,0,0,0,0.18191890797919066,True,137,137,211,/Users/neda/Documents/workspace2/DissertationProject/util/Python/zulip/cache/cache
14d2d4e506,/Users/neda/Documents/workspace2/DissertationProject/util/Python/zulip/cache/cache@c063ba72a2@Mon Oct 23 19:52:04 2017 -0700.py,NotFoundInCache,2,0,0,0,0.18080964634517122,True,138,137,211,/Users/neda/Documents/workspace2/DissertationProject/util/Python/zulip/cache/cache
21b9ee2047,/Users/neda/Documents/workspace2/DissertationProject/util/Python/zulip/decorator/decorator@3916ea23a9@Thu Jun 18 15:32:55 2020 -0700.py,InvalidZulipServerError,3,0,0,0,0.21215822065311868,True,344,346,382,/Users/neda/Documents/workspace2/DissertationProject/util/Python/zulip/decorator/decorator
21b9ee2047,/Users/neda/Documents/workspace2/DissertationProject/util/Python/zulip/decorator/decorator@3916ea23a9@Thu Jun 18 15:32:55 2020 -0700.py,InvalidZulipServerKeyError,4,0,4,0,0.21215822065311868,True,344,346,382,/Users/neda/Documents/workspace2/DissertationProject/util/Python/zulip/decorator/decorator
21b9ee2047,/Users/neda/Documents/workspace2/DissertationProject/util/Python/zulip/decorator/decorator@ca1d9603cb@Mon Jun 22 19:30:55 2020 -0700.py,InvalidZulipServerError,3,0,0,0,0.21215822065311868,True,345,346,382,/Users/neda/Documents/workspace2/DissertationProject/util/Python/zulip/decorator/decorator
21b9ee2047,/Users/neda/Documents/workspace2/DissertationProject/util/Python/zulip/decorator/decorator@ca1d9603cb@Mon Jun 22 19:30:55 2020 -0700.py,InvalidZulipServerKeyError,4,0,4,0,0.21215822065311868,True,345,346,382,/Users/neda/Documents/workspace2/DissertationProject/util/Python/zulip/decorator/decorator
21b9ee2047,/Users/neda/Documents/workspace2/DissertationProject/util/Python/zulip/decorator/decorator@21b9ee2047@Tue Jun 23 16:52:07 2020 -0700.py,InvalidZulipServerError,3,0,0,0,0.22123355963457514,True,346,346,382,/Users/neda/Documents/workspace2/DissertationProject/util/Python/zulip/decorator/decorator
21b9ee2047,/Users/neda/Documents/workspace2/DissertationProject/util/Python/zulip/decorator/decorator@21b9ee2047@Tue Jun 23 16:52:07 2020 -0700.py,InvalidZulipServerKeyError,4,0,4,0,0.22123355963457514,True,346,346,382,/Users/neda/Documents/workspace2/DissertationProject/util/Python/zulip/decorator/decorator
21b9ee2047,/Users/neda/Documents/workspace2/DissertationProject/util/Python/zulip/decorator/decorator@e582bbea4a@Tue Jun 23 16:52:37 2020 -0700.py,InvalidZulipServerError,3,0,0,0,0.22123355963457514,True,347,346,382,/Users/neda/Documents/workspace2/DissertationProject/util/Python/zulip/decorator/decorator
21b9ee2047,/Users/neda/Documents/workspace2/DissertationProject/util/Python/zulip/decorator/decorator@e582bbea4a@Tue Jun 23 16:52:37 2020 -0700.py,InvalidZulipServerKeyError,4,0,4,0,0.22123355963457514,True,347,346,382,/Users/neda/Documents/workspace2/DissertationProject/util/Python/zulip/decorator/decorator
0536aeba4d,/Users/neda/Documents/workspace2/DissertationProject/util/Python/zulip/cache/cache@c93f1d4eda@Thu Oct 27 15:06:44 2016 +0500.py,NotFoundInCache,2,0,0,0,0.23071908401753444,True,100,101,211,/Users/neda/Documents/workspace2/DissertationProject/util/Python/zulip/cache/cache
e8f835d852,/Users/neda/Documents/workspace2/DissertationProject/util/Python/zulip/0041_create_attachments_for_old_messages/0041_create_attachments_for_old_messages@3645bb9225@Mon Mar 13 11:14:09 2017 -0700.py,Migration,2,2,2,1.0,0.2009106588549696,False,0,1,12,/Users/neda/Documents/workspace2/DissertationProject/util/Python/zulip/0041_create_attachments_for_old_messages/0041_create_attachments_for_old_messages
e8f835d852,/Users/neda/Documents/workspace2/DissertationProject/util/Python/zulip/0041_create_attachments_for_old_messages/0041_create_attachments_for_old_messages@e8f835d852@Thu Sep 14 07:00:07 2017 -0700.py,Migration,2,2,2,1.0,0.18669612804739477,False,1,1,12,/Users/neda/Documents/workspace2/DissertationProject/util/Python/zulip/0041_create_attachments_for_old_messages/0041_create_attachments_for_old_messages
e8f835d852,/Users/neda/Documents/workspace2/DissertationProject/util/Python/zulip/0041_create_attachments_for_old_messages/0041_create_attachments_for_old_messages@4975122338@Thu Sep 28 06:48:34 2017 +0200.py,Migration,2,2,2,1.0,0.1962129244116821,False,2,1,12,/Users/neda/Documents/workspace2/DissertationProject/util/Python/zulip/0041_create_attachments_for_old_messages/0041_create_attachments_for_old_messages
2bbfdeeb7b,/Users/neda/Documents/workspace2/DissertationProject/util/Python/zulip/view/view@a1813e004e@Sun Feb 26 00:10:14 2017 -0800.py,UnsupportedUpdownEventType,3,0,5,0,0.20812452889985258,True,7,9,461,/Users/neda/Documents/workspace2/DissertationProject/util/Python/zulip/view/view
2bbfdeeb7b,/Users/neda/Documents/workspace2/DissertationProject/util/Python/zulip/view/view@a3a03bd6a5@Fri Mar 3 23:31:52 2017 +0530.py,UnsupportedUpdownEventType,3,0,5,0,0.20812452889985258,True,8,9,461,/Users/neda/Documents/workspace2/DissertationProject/util/Python/zulip/view/view
2bbfdeeb7b,/Users/neda/Documents/workspace2/DissertationProject/util/Python/zulip/view/view@2bbfdeeb7b@Fri Mar 3 14:15:18 2017 -0800.py,UnknownEventType,2,0,0,0,0.20812452889985258,True,9,9,461,/Users/neda/Documents/workspace2/DissertationProject/util/Python/zulip/view/view
ca1d9603cb,/Users/neda/Documents/workspace2/DissertationProject/util/Python/zulip/decorator/decorator@69c0959f34@Fri Jun 12 16:57:21 2020 -0700.py,InvalidZulipServerError,3,0,0,0,0.20335332663537803,True,343,345,382,/Users/neda/Documents/workspace2/DissertationProject/util/Python/zulip/decorator/decorator
ca1d9603cb,/Users/neda/Documents/workspace2/DissertationProject/util/Python/zulip/decorator/decorator@69c0959f34@Fri Jun 12 16:57:21 2020 -0700.py,InvalidZulipServerKeyError,4,0,4,0,0.20335332663537803,True,343,345,382,/Users/neda/Documents/workspace2/DissertationProject/util/Python/zulip/decorator/decorator
ca1d9603cb,/Users/neda/Documents/workspace2/DissertationProject/util/Python/zulip/decorator/decorator@3916ea23a9@Thu Jun 18 15:32:55 2020 -0700.py,InvalidZulipServerError,3,0,0,0,0.21215822065311868,True,344,345,382,/Users/neda/Documents/workspace2/DissertationProject/util/Python/zulip/decorator/decorator
ca1d9603cb,/Users/neda/Documents/workspace2/DissertationProject/util/Python/zulip/decorator/decorator@3916ea23a9@Thu Jun 18 15:32:55 2020 -0700.py,InvalidZulipServerKeyError,4,0,4,0,0.21215822065311868,True,344,345,382,/Users/neda/Documents/workspace2/DissertationProject/util/Python/zulip/decorator/decorator
ca1d9603cb,/Users/neda/Documents/workspace2/DissertationProject/util/Python/zulip/decorator/decorator@ca1d9603cb@Mon Jun 22 19:30:55 2020 -0700.py,InvalidZulipServerError,3,0,0,0,0.21215822065311868,True,345,345,382,/Users/neda/Documents/workspace2/DissertationProject/util/Python/zulip/decorator/decorator
ca1d9603cb,/Users/neda/Documents/workspace2/DissertationProject/util/Python/zulip/decorator/decorator@ca1d9603cb@Mon Jun 22 19:30:55 2020 -0700.py,InvalidZulipServerKeyError,4,0,4,0,0.21215822065311868,True,345,345,382,/Users/neda/Documents/workspace2/DissertationProject/util/Python/zulip/decorator/decorator
ca1d9603cb,/Users/neda/Documents/workspace2/DissertationProject/util/Python/zulip/decorator/decorator@21b9ee2047@Tue Jun 23 16:52:07 2020 -0700.py,InvalidZulipServerError,3,0,0,0,0.22123355963457514,True,346,345,382,/Users/neda/Documents/workspace2/DissertationProject/util/Python/zulip/decorator/decorator
ca1d9603cb,/Users/neda/Documents/workspace2/DissertationProject/util/Python/zulip/decorator/decorator@21b9ee2047@Tue Jun 23 16:52:07 2020 -0700.py,InvalidZulipServerKeyError,4,0,4,0,0.22123355963457514,True,346,345,382,/Users/neda/Documents/workspace2/DissertationProject/util/Python/zulip/decorator/decorator
fa227d79af,/Users/neda/Documents/workspace2/DissertationProject/util/Python/zulip/send_to_email_mirror/send_to_email_mirror@fa227d79af@Sun Jul 28 12:38:14 2019 -1000.py,Command,2,5,4,1.25,0.21060484090843895,False,4,4,18,/Users/neda/Documents/workspace2/DissertationProject/util/Python/zulip/send_to_email_mirror/send_to_email_mirror
fa227d79af,/Users/neda/Documents/workspace2/DissertationProject/util/Python/zulip/send_to_email_mirror/send_to_email_mirror@becef760bf@Tue Aug 6 15:30:17 2019 -0700.py,Command,2,5,4,1.25,0.21594145831402192,False,5,4,18,/Users/neda/Documents/workspace2/DissertationProject/util/Python/zulip/send_to_email_mirror/send_to_email_mirror
c5316b4002,/Users/neda/Documents/workspace2/DissertationProject/util/Python/zulip/streams/streams@8461cc411e@Sun Nov 20 15:55:50 2016 -0500.py,PrincipalError,3,3,5,0.6,0.2277812150846378,False,36,38,259,/Users/neda/Documents/workspace2/DissertationProject/util/Python/zulip/streams/streams
c5316b4002,/Users/neda/Documents/workspace2/DissertationProject/util/Python/zulip/streams/streams@b8d7f8008a@Sun Nov 20 18:16:52 2016 -0500.py,PrincipalError,3,3,5,0.6,0.2277812150846378,False,37,38,259,/Users/neda/Documents/workspace2/DissertationProject/util/Python/zulip/streams/streams
c5316b4002,/Users/neda/Documents/workspace2/DissertationProject/util/Python/zulip/streams/streams@c5316b4002@Wed Nov 30 20:17:35 2016 +0700.py,PrincipalError,3,3,5,0.6,0.22550340293379142,False,38,38,259,/Users/neda/Documents/workspace2/DissertationProject/util/Python/zulip/streams/streams
c5316b4002,/Users/neda/Documents/workspace2/DissertationProject/util/Python/zulip/streams/streams@f7582f0050@Wed Nov 30 22:16:45 2016 -0700.py,PrincipalError,3,3,5,0.6,0.22550340293379142,False,39,38,259,/Users/neda/Documents/workspace2/DissertationProject/util/Python/zulip/streams/streams
60a25b2721,/Users/neda/Documents/workspace2/DissertationProject/util/Python/zulip/send_custom_email/send_custom_email@2732c477bc@Tue Apr 14 10:55:04 2020 -0700.py,Command,2,5,4,1.25,0.21166843263525195,False,7,9,15,/Users/neda/Documents/workspace2/DissertationProject/util/Python/zulip/send_custom_email/send_custom_email
60a25b2721,/Users/neda/Documents/workspace2/DissertationProject/util/Python/zulip/send_custom_email/send_custom_email@507f889901@Sat Apr 18 15:51:29 2020 +0200.py,Command,2,5,4,1.25,0.2153059837270364,False,8,9,15,/Users/neda/Documents/workspace2/DissertationProject/util/Python/zulip/send_custom_email/send_custom_email
60a25b2721,/Users/neda/Documents/workspace2/DissertationProject/util/Python/zulip/send_custom_email/send_custom_email@60a25b2721@Mon Aug 10 16:47:44 2020 -0700.py,Command,2,5,4,1.25,0.22041684372492445,False,9,9,15,/Users/neda/Documents/workspace2/DissertationProject/util/Python/zulip/send_custom_email/send_custom_email
60a25b2721,/Users/neda/Documents/workspace2/DissertationProject/util/Python/zulip/send_custom_email/send_custom_email@768f9f93cd@Mon Aug 10 16:47:49 2020 -0700.py,Command,2,5,4,1.25,0.22041684372492445,False,10,9,15,/Users/neda/Documents/workspace2/DissertationProject/util/Python/zulip/send_custom_email/send_custom_email
c679920c01,/Users/neda/Documents/workspace2/DissertationProject/util/Python/zulip/0067_archived_models/0067_archived_models@38e97089fc@Wed Nov 15 15:44:00 2017 -0800.py,Migration,2,2,2,1.0,0.19577165233175456,False,1,3,6,/Users/neda/Documents/workspace2/DissertationProject/util/Python/zulip/0067_archived_models/0067_archived_models
c679920c01,/Users/neda/Documents/workspace2/DissertationProject/util/Python/zulip/0067_archived_models/0067_archived_models@f0ef335412@Tue May 15 19:11:22 2018 -0700.py,Migration,2,2,2,1.0,0.22589044817305676,False,2,3,6,/Users/neda/Documents/workspace2/DissertationProject/util/Python/zulip/0067_archived_models/0067_archived_models
c679920c01,/Users/neda/Documents/workspace2/DissertationProject/util/Python/zulip/0067_archived_models/0067_archived_models@c679920c01@Tue Nov 27 11:17:45 2018 -0800.py,Migration,2,2,2,1.0,0.21165203247143038,False,3,3,6,/Users/neda/Documents/workspace2/DissertationProject/util/Python/zulip/0067_archived_models/0067_archived_models
c679920c01,/Users/neda/Documents/workspace2/DissertationProject/util/Python/zulip/0067_archived_models/0067_archived_models@8e7ce7cc79@Tue Jan 14 12:59:46 2020 -0800.py,Migration,2,2,2,1.0,0.22035038297719467,False,4,3,6,/Users/neda/Documents/workspace2/DissertationProject/util/Python/zulip/0067_archived_models/0067_archived_models
1b96af2987,/Users/neda/Documents/workspace2/DissertationProject/util/Python/zulip/cache/cache@74c17bf94a@Fri Jun 12 23:59:37 2020 -0700.py,NotFoundInCache,2,0,0,0,0.2049128781949295,True,204,206,211,/Users/neda/Documents/workspace2/DissertationProject/util/Python/zulip/cache/cache
1b96af2987,/Users/neda/Documents/workspace2/DissertationProject/util/Python/zulip/cache/cache@74c17bf94a@Fri Jun 12 23:59:37 2020 -0700.py,InvalidCacheKeyException,2,0,0,0,0.2049128781949295,True,204,206,211,/Users/neda/Documents/workspace2/DissertationProject/util/Python/zulip/cache/cache
1b96af2987,/Users/neda/Documents/workspace2/DissertationProject/util/Python/zulip/cache/cache@e582bbea4a@Tue Jun 23 16:52:37 2020 -0700.py,NotFoundInCache,2,0,0,0,0.22123355963457514,True,205,206,211,/Users/neda/Documents/workspace2/DissertationProject/util/Python/zulip/cache/cache
1b96af2987,/Users/neda/Documents/workspace2/DissertationProject/util/Python/zulip/cache/cache@e582bbea4a@Tue Jun 23 16:52:37 2020 -0700.py,InvalidCacheKeyException,2,0,0,0,0.22123355963457514,True,205,206,211,/Users/neda/Documents/workspace2/DissertationProject/util/Python/zulip/cache/cache
1b96af2987,/Users/neda/Documents/workspace2/DissertationProject/util/Python/zulip/cache/cache@1b96af2987@Tue Jun 30 18:29:31 2020 -0700.py,NotFoundInCache,2,0,0,0,0.22123355963457514,True,206,206,211,/Users/neda/Documents/workspace2/DissertationProject/util/Python/zulip/cache/cache
1b96af2987,/Users/neda/Documents/workspace2/DissertationProject/util/Python/zulip/cache/cache@1b96af2987@Tue Jun 30 18:29:31 2020 -0700.py,InvalidCacheKeyException,2,0,0,0,0.22123355963457514,True,206,206,211,/Users/neda/Documents/workspace2/DissertationProject/util/Python/zulip/cache/cache
1b96af2987,/Users/neda/Documents/workspace2/DissertationProject/util/Python/zulip/cache/cache@c44500175d@Thu Jul 16 12:10:43 2020 +0000.py,NotFoundInCache,2,0,0,0,0.22153571095195454,True,207,206,211,/Users/neda/Documents/workspace2/DissertationProject/util/Python/zulip/cache/cache
1b96af2987,/Users/neda/Documents/workspace2/DissertationProject/util/Python/zulip/cache/cache@c44500175d@Thu Jul 16 12:10:43 2020 +0000.py,InvalidCacheKeyException,2,0,0,0,0.22153571095195454,True,207,206,211,/Users/neda/Documents/workspace2/DissertationProject/util/Python/zulip/cache/cache
69c0959f34,/Users/neda/Documents/workspace2/DissertationProject/util/Python/zulip/stripe/stripe@67e7a3631d@Tue Jun 9 21:41:04 2020 -0700.py,BillingError,2,0,0,0,0.20440153965927174,True,120,122,139,/Users/neda/Documents/workspace2/DissertationProject/util/Python/zulip/stripe/stripe
69c0959f34,/Users/neda/Documents/workspace2/DissertationProject/util/Python/zulip/stripe/stripe@67e7a3631d@Tue Jun 9 21:41:04 2020 -0700.py,StripeCardError,3,0,5,0,0.20440153965927174,True,120,122,139,/Users/neda/Documents/workspace2/DissertationProject/util/Python/zulip/stripe/stripe
69c0959f34,/Users/neda/Documents/workspace2/DissertationProject/util/Python/zulip/stripe/stripe@67e7a3631d@Tue Jun 9 21:41:04 2020 -0700.py,StripeConnectionError,3,0,5,0,0.20440153965927174,True,120,122,139,/Users/neda/Documents/workspace2/DissertationProject/util/Python/zulip/stripe/stripe
69c0959f34,/Users/neda/Documents/workspace2/DissertationProject/util/Python/zulip/stripe/stripe@365fe0b3d5@Wed Jun 10 15:54:34 2020 -0700.py,BillingError,2,0,0,0,0.20335332663537803,True,121,122,139,/Users/neda/Documents/workspace2/DissertationProject/util/Python/zulip/stripe/stripe
69c0959f34,/Users/neda/Documents/workspace2/DissertationProject/util/Python/zulip/stripe/stripe@365fe0b3d5@Wed Jun 10 15:54:34 2020 -0700.py,StripeCardError,3,0,5,0,0.20335332663537803,True,121,122,139,/Users/neda/Documents/workspace2/DissertationProject/util/Python/zulip/stripe/stripe
69c0959f34,/Users/neda/Documents/workspace2/DissertationProject/util/Python/zulip/stripe/stripe@365fe0b3d5@Wed Jun 10 15:54:34 2020 -0700.py,StripeConnectionError,3,0,5,0,0.20335332663537803,True,121,122,139,/Users/neda/Documents/workspace2/DissertationProject/util/Python/zulip/stripe/stripe
69c0959f34,/Users/neda/Documents/workspace2/DissertationProject/util/Python/zulip/stripe/stripe@69c0959f34@Fri Jun 12 16:57:21 2020 -0700.py,BillingError,2,0,0,0,0.20335332663537803,True,122,122,139,/Users/neda/Documents/workspace2/DissertationProject/util/Python/zulip/stripe/stripe
69c0959f34,/Users/neda/Documents/workspace2/DissertationProject/util/Python/zulip/stripe/stripe@69c0959f34@Fri Jun 12 16:57:21 2020 -0700.py,StripeCardError,3,0,5,0,0.20335332663537803,True,122,122,139,/Users/neda/Documents/workspace2/DissertationProject/util/Python/zulip/stripe/stripe
69c0959f34,/Users/neda/Documents/workspace2/DissertationProject/util/Python/zulip/stripe/stripe@69c0959f34@Fri Jun 12 16:57:21 2020 -0700.py,StripeConnectionError,3,0,5,0,0.20335332663537803,True,122,122,139,/Users/neda/Documents/workspace2/DissertationProject/util/Python/zulip/stripe/stripe
69c0959f34,/Users/neda/Documents/workspace2/DissertationProject/util/Python/zulip/stripe/stripe@5dc9b55c43@Sat Jun 13 17:57:50 2020 -0700.py,BillingError,2,0,0,0,0.2049128781949295,True,123,122,139,/Users/neda/Documents/workspace2/DissertationProject/util/Python/zulip/stripe/stripe
69c0959f34,/Users/neda/Documents/workspace2/DissertationProject/util/Python/zulip/stripe/stripe@5dc9b55c43@Sat Jun 13 17:57:50 2020 -0700.py,StripeCardError,3,0,5,0,0.2049128781949295,True,123,122,139,/Users/neda/Documents/workspace2/DissertationProject/util/Python/zulip/stripe/stripe
69c0959f34,/Users/neda/Documents/workspace2/DissertationProject/util/Python/zulip/stripe/stripe@5dc9b55c43@Sat Jun 13 17:57:50 2020 -0700.py,StripeConnectionError,3,0,5,0,0.2049128781949295,True,123,122,139,/Users/neda/Documents/workspace2/DissertationProject/util/Python/zulip/stripe/stripe
2311e169ec,/Users/neda/Documents/workspace2/DissertationProject/util/Python/zulip/timeout/timeout@b7635db1e4@Tue Jan 31 15:15:32 2017 +0530.py,TimeoutExpired,2,0,0,0,0.21319737800805771,True,11,13,24,/Users/neda/Documents/workspace2/DissertationProject/util/Python/zulip/timeout/timeout
2311e169ec,/Users/neda/Documents/workspace2/DissertationProject/util/Python/zulip/timeout/timeout@b7635db1e4@Tue Jan 31 15:15:32 2017 +0530.py,TimeoutThread,3,0,0,0,0.21319737800805771,True,11,13,24,/Users/neda/Documents/workspace2/DissertationProject/util/Python/zulip/timeout/timeout
2311e169ec,/Users/neda/Documents/workspace2/DissertationProject/util/Python/zulip/timeout/timeout@76d28a7cc7@Sun May 7 20:42:41 2017 +0530.py,TimeoutExpired,2,0,0,0,0.20292364256027787,True,12,13,24,/Users/neda/Documents/workspace2/DissertationProject/util/Python/zulip/timeout/timeout
2311e169ec,/Users/neda/Documents/workspace2/DissertationProject/util/Python/zulip/timeout/timeout@76d28a7cc7@Sun May 7 20:42:41 2017 +0530.py,TimeoutThread,3,0,0,0,0.20292364256027787,True,12,13,24,/Users/neda/Documents/workspace2/DissertationProject/util/Python/zulip/timeout/timeout
2311e169ec,/Users/neda/Documents/workspace2/DissertationProject/util/Python/zulip/timeout/timeout@2311e169ec@Thu May 25 17:08:16 2017 -0700.py,TimeoutExpired,2,0,0,0,0.19935476614670258,True,13,13,24,/Users/neda/Documents/workspace2/DissertationProject/util/Python/zulip/timeout/timeout
2311e169ec,/Users/neda/Documents/workspace2/DissertationProject/util/Python/zulip/timeout/timeout@2311e169ec@Thu May 25 17:08:16 2017 -0700.py,TimeoutThread,3,0,0,0,0.19935476614670258,True,13,13,24,/Users/neda/Documents/workspace2/DissertationProject/util/Python/zulip/timeout/timeout
2311e169ec,/Users/neda/Documents/workspace2/DissertationProject/util/Python/zulip/timeout/timeout@b99d62d337@Sun Jun 4 15:06:29 2017 +0530.py,TimeoutExpired,2,0,0,0,0.19935476614670258,True,14,13,24,/Users/neda/Documents/workspace2/DissertationProject/util/Python/zulip/timeout/timeout
2311e169ec,/Users/neda/Documents/workspace2/DissertationProject/util/Python/zulip/timeout/timeout@b99d62d337@Sun Jun 4 15:06:29 2017 +0530.py,TimeoutThread,3,0,0,0,0.19935476614670258,True,14,13,24,/Users/neda/Documents/workspace2/DissertationProject/util/Python/zulip/timeout/timeout
ff6921b438,/Users/neda/Documents/workspace2/DissertationProject/util/Python/zulip/decorator/decorator@699c4e8549@Fri Aug 21 13:32:42 2020 +0200.py,InvalidZulipServerError,3,0,0,0,0.21930922139464845,True,363,365,382,/Users/neda/Documents/workspace2/DissertationProject/util/Python/zulip/decorator/decorator
ff6921b438,/Users/neda/Documents/workspace2/DissertationProject/util/Python/zulip/decorator/decorator@699c4e8549@Fri Aug 21 13:32:42 2020 +0200.py,InvalidZulipServerKeyError,4,0,4,0,0.21930922139464845,True,363,365,382,/Users/neda/Documents/workspace2/DissertationProject/util/Python/zulip/decorator/decorator
ff6921b438,/Users/neda/Documents/workspace2/DissertationProject/util/Python/zulip/decorator/decorator@934bdb9651@Fri Aug 21 16:40:40 2020 +0200.py,InvalidZulipServerError,3,0,0,0,0.21930922139464845,True,364,365,382,/Users/neda/Documents/workspace2/DissertationProject/util/Python/zulip/decorator/decorator
ff6921b438,/Users/neda/Documents/workspace2/DissertationProject/util/Python/zulip/decorator/decorator@934bdb9651@Fri Aug 21 16:40:40 2020 +0200.py,InvalidZulipServerKeyError,4,0,4,0,0.21930922139464845,True,364,365,382,/Users/neda/Documents/workspace2/DissertationProject/util/Python/zulip/decorator/decorator
ff6921b438,/Users/neda/Documents/workspace2/DissertationProject/util/Python/zulip/decorator/decorator@ff6921b438@Sat Aug 22 17:22:39 2020 +0530.py,InvalidZulipServerError,3,0,0,0,0.2182126752876752,True,365,365,382,/Users/neda/Documents/workspace2/DissertationProject/util/Python/zulip/decorator/decorator
ff6921b438,/Users/neda/Documents/workspace2/DissertationProject/util/Python/zulip/decorator/decorator@ff6921b438@Sat Aug 22 17:22:39 2020 +0530.py,InvalidZulipServerKeyError,4,0,4,0,0.2182126752876752,True,365,365,382,/Users/neda/Documents/workspace2/DissertationProject/util/Python/zulip/decorator/decorator
ff6921b438,/Users/neda/Documents/workspace2/DissertationProject/util/Python/zulip/decorator/decorator@d247db37a5@Thu Aug 27 17:20:54 2020 +0200.py,InvalidZulipServerError,3,0,0,0,0.21930922139464845,True,366,365,382,/Users/neda/Documents/workspace2/DissertationProject/util/Python/zulip/decorator/decorator
ff6921b438,/Users/neda/Documents/workspace2/DissertationProject/util/Python/zulip/decorator/decorator@d247db37a5@Thu Aug 27 17:20:54 2020 +0200.py,InvalidZulipServerKeyError,4,0,4,0,0.21930922139464845,True,366,365,382,/Users/neda/Documents/workspace2/DissertationProject/util/Python/zulip/decorator/decorator
d3c7579730,/Users/neda/Documents/workspace2/DissertationProject/util/Python/zulip/view/view@297185cc12@Mon May 11 20:39:57 2020 -0400.py,UnknownEventType,2,0,0,0,0.19560753250244678,True,382,381,461,/Users/neda/Documents/workspace2/DissertationProject/util/Python/zulip/view/view
e037c2f93e,/Users/neda/Documents/workspace2/DissertationProject/util/Python/zulip/export/export@2baa9bc16e@Fri Apr 6 05:51:16 2018 +0530.py,Config,1,0,0,0,0.17974024017502271,False,138,140,268,/Users/neda/Documents/workspace2/DissertationProject/util/Python/zulip/export/export
e037c2f93e,/Users/neda/Documents/workspace2/DissertationProject/util/Python/zulip/export/export@b3f951d2cf@Fri Apr 6 19:51:37 2018 +0530.py,Config,1,0,0,0,0.17974024017502271,False,139,140,268,/Users/neda/Documents/workspace2/DissertationProject/util/Python/zulip/export/export
e037c2f93e,/Users/neda/Documents/workspace2/DissertationProject/util/Python/zulip/export/export@e037c2f93e@Sat Apr 7 13:54:22 2018 +0530.py,Config,1,0,0,0,0.17974024017502271,False,140,140,268,/Users/neda/Documents/workspace2/DissertationProject/util/Python/zulip/export/export
e037c2f93e,/Users/neda/Documents/workspace2/DissertationProject/util/Python/zulip/export/export@ed7127c8b4@Sat Apr 7 19:46:51 2018 +0530.py,Config,1,0,0,0,0.17974024017502271,False,141,140,268,/Users/neda/Documents/workspace2/DissertationProject/util/Python/zulip/export/export
58ad61a4ac,/Users/neda/Documents/workspace2/DissertationProject/util/Python/zulip/actions/actions@81e3f489f2@Fri Aug 18 06:26:43 2017 -0400.py,InvitationError,3,0,0,0,0.18804899854049184,True,914,916,1753,/Users/neda/Documents/workspace2/DissertationProject/util/Python/zulip/actions/actions
58ad61a4ac,/Users/neda/Documents/workspace2/DissertationProject/util/Python/zulip/actions/actions@73c30774cb@Tue Aug 22 10:18:35 2017 -0400.py,InvitationError,3,0,0,0,0.18804899854049184,True,915,916,1753,/Users/neda/Documents/workspace2/DissertationProject/util/Python/zulip/actions/actions
58ad61a4ac,/Users/neda/Documents/workspace2/DissertationProject/util/Python/zulip/actions/actions@58ad61a4ac@Thu Aug 24 06:05:10 2017 +0530.py,InvitationError,3,0,0,0,0.18804899854049184,True,916,916,1753,/Users/neda/Documents/workspace2/DissertationProject/util/Python/zulip/actions/actions
58ad61a4ac,/Users/neda/Documents/workspace2/DissertationProject/util/Python/zulip/actions/actions@d3e3c704d4@Wed Aug 23 19:52:34 2017 -0700.py,InvitationError,3,0,0,0,0.18804899854049184,True,917,916,1753,/Users/neda/Documents/workspace2/DissertationProject/util/Python/zulip/actions/actions
8be2dfa81c,/Users/neda/Documents/workspace2/DissertationProject/util/Python/zulip/push_notifications/push_notifications@8a8b0dd87d@Wed Jan 17 12:10:45 2018 +0500.py,PushNotificationBouncerException,2,0,0,0,0.18194220050955612,True,121,123,226,/Users/neda/Documents/workspace2/DissertationProject/util/Python/zulip/push_notifications/push_notifications
8be2dfa81c,/Users/neda/Documents/workspace2/DissertationProject/util/Python/zulip/push_notifications/push_notifications@7f6a1714aa@Fri Feb 9 14:19:00 2018 -0800.py,PushNotificationBouncerException,2,0,0,0,0.18395261156491033,True,122,123,226,/Users/neda/Documents/workspace2/DissertationProject/util/Python/zulip/push_notifications/push_notifications
8be2dfa81c,/Users/neda/Documents/workspace2/DissertationProject/util/Python/zulip/push_notifications/push_notifications@8be2dfa81c@Fri Feb 9 18:22:26 2018 -0800.py,PushNotificationBouncerException,2,0,0,0,0.18395261156491033,True,123,123,226,/Users/neda/Documents/workspace2/DissertationProject/util/Python/zulip/push_notifications/push_notifications
8be2dfa81c,/Users/neda/Documents/workspace2/DissertationProject/util/Python/zulip/push_notifications/push_notifications@ecbc72b857@Mon Feb 12 14:34:59 2018 -0800.py,PushNotificationBouncerException,2,0,0,0,0.18395261156491033,True,124,123,226,/Users/neda/Documents/workspace2/DissertationProject/util/Python/zulip/push_notifications/push_notifications
f4ad464d82,/Users/neda/Documents/workspace2/DissertationProject/util/Python/zulip/export/export@ed36314042@Tue Apr 3 15:34:31 2018 +0530.py,Config,1,0,0,0,0.17974024017502271,False,135,137,268,/Users/neda/Documents/workspace2/DissertationProject/util/Python/zulip/export/export
f4ad464d82,/Users/neda/Documents/workspace2/DissertationProject/util/Python/zulip/export/export@5a9cea4134@Tue Apr 3 19:55:13 2018 +0530.py,Config,1,0,0,0,0.17974024017502271,False,136,137,268,/Users/neda/Documents/workspace2/DissertationProject/util/Python/zulip/export/export
f4ad464d82,/Users/neda/Documents/workspace2/DissertationProject/util/Python/zulip/export/export@f4ad464d82@Wed Apr 4 00:22:16 2018 +0530.py,Config,1,0,0,0,0.17974024017502271,False,137,137,268,/Users/neda/Documents/workspace2/DissertationProject/util/Python/zulip/export/export
f4ad464d82,/Users/neda/Documents/workspace2/DissertationProject/util/Python/zulip/export/export@2baa9bc16e@Fri Apr 6 05:51:16 2018 +0530.py,Config,1,0,0,0,0.17974024017502271,False,138,137,268,/Users/neda/Documents/workspace2/DissertationProject/util/Python/zulip/export/export
dcb14ec58e,/Users/neda/Documents/workspace2/DissertationProject/util/Python/zulip/backends/backends@75e81253f2@Sat Mar 4 15:18:18 2017 -0800.py,Jinja2,2,5,5,1.0,0.20812452889985258,False,77,78,378,/Users/neda/Documents/workspace2/DissertationProject/util/Python/zulip/backends/backends
dcb14ec58e,/Users/neda/Documents/workspace2/DissertationProject/util/Python/zulip/backends/backends@75e81253f2@Sat Mar 4 15:18:18 2017 -0800.py,Template,2,5,5,1.0,0.20812452889985258,False,77,78,378,/Users/neda/Documents/workspace2/DissertationProject/util/Python/zulip/backends/backends
dcb14ec58e,/Users/neda/Documents/workspace2/DissertationProject/util/Python/zulip/backends/backends@dcb14ec58e@Mon Mar 6 22:24:01 2017 -0800.py,Jinja2,2,5,5,1.0,0.2032741564695942,False,78,78,378,/Users/neda/Documents/workspace2/DissertationProject/util/Python/zulip/backends/backends
dcb14ec58e,/Users/neda/Documents/workspace2/DissertationProject/util/Python/zulip/backends/backends@dcb14ec58e@Mon Mar 6 22:24:01 2017 -0800.py,Template,2,5,5,1.0,0.2032741564695942,False,78,78,378,/Users/neda/Documents/workspace2/DissertationProject/util/Python/zulip/backends/backends
b94a24ffe3,/Users/neda/Documents/workspace2/DissertationProject/util/Python/zulip/0145_reactions_realm_emoji_name_to_id/0145_reactions_realm_emoji_name_to_id@4139e6c763@Thu Mar 15 18:50:05 2018 -0700.py,Migration,2,2,2,1.0,0.18095338420243895,False,0,1,9,/Users/neda/Documents/workspace2/DissertationProject/util/Python/zulip/0145_reactions_realm_emoji_name_to_id/0145_reactions_realm_emoji_name_to_id
b94a24ffe3,/Users/neda/Documents/workspace2/DissertationProject/util/Python/zulip/0145_reactions_realm_emoji_name_to_id/0145_reactions_realm_emoji_name_to_id@b94a24ffe3@Tue Mar 20 21:31:47 2018 -0700.py,Migration,2,2,2,1.0,0.18071708930640873,False,1,1,9,/Users/neda/Documents/workspace2/DissertationProject/util/Python/zulip/0145_reactions_realm_emoji_name_to_id/0145_reactions_realm_emoji_name_to_id
b94a24ffe3,/Users/neda/Documents/workspace2/DissertationProject/util/Python/zulip/0145_reactions_realm_emoji_name_to_id/0145_reactions_realm_emoji_name_to_id@4bd28f7ae6@Sat Feb 2 14:53:20 2019 -0800.py,Migration,2,2,2,1.0,0.19998828459080573,False,2,1,9,/Users/neda/Documents/workspace2/DissertationProject/util/Python/zulip/0145_reactions_realm_emoji_name_to_id/0145_reactions_realm_emoji_name_to_id
87f7874a79,/Users/neda/Documents/workspace2/DissertationProject/util/Python/zulip/view/view@cd69da26dc@Tue May 12 19:03:32 2020 +0530.py,UnknownEventType,2,0,0,0,0.19560753250244678,True,384,386,461,/Users/neda/Documents/workspace2/DissertationProject/util/Python/zulip/view/view
87f7874a79,/Users/neda/Documents/workspace2/DissertationProject/util/Python/zulip/view/view@ab03659095@Tue May 12 22:27:30 2020 +0530.py,UnknownEventType,2,0,0,0,0.19560753250244678,True,385,386,461,/Users/neda/Documents/workspace2/DissertationProject/util/Python/zulip/view/view
87f7874a79,/Users/neda/Documents/workspace2/DissertationProject/util/Python/zulip/view/view@20b39bd54e@Thu May 14 13:12:22 2020 +0530.py,SuppressedEvent,2,0,0,0,0.19560753250244678,True,387,386,461,/Users/neda/Documents/workspace2/DissertationProject/util/Python/zulip/view/view
87f7874a79,/Users/neda/Documents/workspace2/DissertationProject/util/Python/zulip/view/view@20b39bd54e@Thu May 14 13:12:22 2020 +0530.py,NotImplementedEventType,3,0,0,0,0.19560753250244678,True,387,386,461,/Users/neda/Documents/workspace2/DissertationProject/util/Python/zulip/view/view
87981a2bf1,/Users/neda/Documents/workspace2/DissertationProject/util/Python/zulip/0009_remove_messages_to_stream_stat/0009_remove_messages_to_stream_stat@87981a2bf1@Sat Mar 11 23:02:10 2017 -0800.py,Migration,2,2,2,1.0,0.2009106588549696,False,0,0,6,/Users/neda/Documents/workspace2/DissertationProject/util/Python/zulip/0009_remove_messages_to_stream_stat/0009_remove_messages_to_stream_stat
87981a2bf1,/Users/neda/Documents/workspace2/DissertationProject/util/Python/zulip/0009_remove_messages_to_stream_stat/0009_remove_messages_to_stream_stat@d1689b5884@Sun Nov 5 06:54:00 2017 +0100.py,Migration,2,2,2,1.0,0.1917928947710299,False,1,0,6,/Users/neda/Documents/workspace2/DissertationProject/util/Python/zulip/0009_remove_messages_to_stream_stat/0009_remove_messages_to_stream_stat
ccc70445d6,/Users/neda/Documents/workspace2/DissertationProject/util/Python/zulip/backends/backends@baff121115@Wed May 17 22:59:31 2017 -0230.py,Jinja2,2,6,6,1.0,0.19997185464345496,False,93,95,378,/Users/neda/Documents/workspace2/DissertationProject/util/Python/zulip/backends/backends
ccc70445d6,/Users/neda/Documents/workspace2/DissertationProject/util/Python/zulip/backends/backends@baff121115@Wed May 17 22:59:31 2017 -0230.py,Template,2,5,5,1.0,0.19997185464345496,False,93,95,378,/Users/neda/Documents/workspace2/DissertationProject/util/Python/zulip/backends/backends
6837fc5d56,/Users/neda/Documents/workspace2/DissertationProject/util/Python/zulip/0165_add_date_to_profile_field/0165_add_date_to_profile_field@6837fc5d56@Sun May 6 11:40:31 2018 +0200.py,Migration,2,2,2,1.0,0.1785471019718868,False,0,0,2,/Users/neda/Documents/workspace2/DissertationProject/util/Python/zulip/0165_add_date_to_profile_field/0165_add_date_to_profile_field
6837fc5d56,/Users/neda/Documents/workspace2/DissertationProject/util/Python/zulip/0165_add_date_to_profile_field/0165_add_date_to_profile_field@c734bbd95d@Thu Apr 9 12:51:58 2020 -0700.py,Migration,2,2,2,1.0,0.21399445936750747,False,1,0,2,/Users/neda/Documents/workspace2/DissertationProject/util/Python/zulip/0165_add_date_to_profile_field/0165_add_date_to_profile_field
49faad7bb1,/Users/neda/Documents/workspace2/DissertationProject/util/Python/zulip/gitlab/gitlab@95825973c7@Thu Sep 22 20:15:06 2016 +0200.py,UnknownEventType,2,0,0,0,0.22592531805476807,True,1,3,18,/Users/neda/Documents/workspace2/DissertationProject/util/Python/zulip/gitlab/gitlab
49faad7bb1,/Users/neda/Documents/workspace2/DissertationProject/util/Python/zulip/gitlab/gitlab@a3eb0be52a@Sun Sep 25 23:12:24 2016 -0700.py,UnknownEventType,2,0,0,0,0.22592531805476807,True,2,3,18,/Users/neda/Documents/workspace2/DissertationProject/util/Python/zulip/gitlab/gitlab
49faad7bb1,/Users/neda/Documents/workspace2/DissertationProject/util/Python/zulip/gitlab/gitlab@49faad7bb1@Sun Sep 25 23:29:36 2016 -0700.py,UnknownEventType,2,0,0,0,0.22592531805476807,True,3,3,18,/Users/neda/Documents/workspace2/DissertationProject/util/Python/zulip/gitlab/gitlab
49faad7bb1,/Users/neda/Documents/workspace2/DissertationProject/util/Python/zulip/gitlab/gitlab@36745a68cf@Wed Sep 28 22:02:41 2016 +0200.py,UnknownEventType,2,0,0,0,0.22592531805476807,True,4,3,18,/Users/neda/Documents/workspace2/DissertationProject/util/Python/zulip/gitlab/gitlab
f91d287447,/Users/neda/Documents/workspace2/DissertationProject/util/Python/zulip/send_to_email_mirror/send_to_email_mirror@8dd83228e7@Mon Jun 8 15:25:09 2020 -0700.py,Command,2,5,4,1.25,0.20024142428287514,False,13,15,18,/Users/neda/Documents/workspace2/DissertationProject/util/Python/zulip/send_to_email_mirror/send_to_email_mirror
f91d287447,/Users/neda/Documents/workspace2/DissertationProject/util/Python/zulip/send_to_email_mirror/send_to_email_mirror@61d0417e75@Thu Aug 6 16:09:47 2020 -0700.py,Command,2,5,4,1.25,0.22041684372492445,False,14,15,18,/Users/neda/Documents/workspace2/DissertationProject/util/Python/zulip/send_to_email_mirror/send_to_email_mirror
f91d287447,/Users/neda/Documents/workspace2/DissertationProject/util/Python/zulip/send_to_email_mirror/send_to_email_mirror@f91d287447@Tue Sep 1 17:50:08 2020 -0700.py,Command,2,5,4,1.25,0.21745435090158857,False,15,15,18,/Users/neda/Documents/workspace2/DissertationProject/util/Python/zulip/send_to_email_mirror/send_to_email_mirror
f91d287447,/Users/neda/Documents/workspace2/DissertationProject/util/Python/zulip/send_to_email_mirror/send_to_email_mirror@a5dbab8fb0@Tue Sep 1 19:49:02 2020 -0700.py,Command,2,5,4,1.25,0.2182126752876752,False,16,15,18,/Users/neda/Documents/workspace2/DissertationProject/util/Python/zulip/send_to_email_mirror/send_to_email_mirror
6c9c12ee2d,/Users/neda/Documents/workspace2/DissertationProject/util/Python/zulip/add_new_realm/add_new_realm@74c17bf94a@Fri Jun 12 23:59:37 2020 -0700.py,Command,2,5,4,1.25,0.2049128781949295,False,11,13,15,/Users/neda/Documents/workspace2/DissertationProject/util/Python/zulip/add_new_realm/add_new_realm
6c9c12ee2d,/Users/neda/Documents/workspace2/DissertationProject/util/Python/zulip/add_new_realm/add_new_realm@01f12b9fc2@Mon Jun 29 16:42:17 2020 +0530.py,Command,2,5,4,1.25,0.22153571095195454,False,12,13,15,/Users/neda/Documents/workspace2/DissertationProject/util/Python/zulip/add_new_realm/add_new_realm
6c9c12ee2d,/Users/neda/Documents/workspace2/DissertationProject/util/Python/zulip/add_new_realm/add_new_realm@6c9c12ee2d@Sat Jul 4 15:35:06 2020 -0700.py,Command,2,5,4,1.25,0.22123355963457514,False,13,13,15,/Users/neda/Documents/workspace2/DissertationProject/util/Python/zulip/add_new_realm/add_new_realm
6c9c12ee2d,/Users/neda/Documents/workspace2/DissertationProject/util/Python/zulip/add_new_realm/add_new_realm@c44500175d@Thu Jul 16 12:10:43 2020 +0000.py,Command,2,5,4,1.25,0.22153571095195454,False,14,13,15,/Users/neda/Documents/workspace2/DissertationProject/util/Python/zulip/add_new_realm/add_new_realm
571ce2f5cb,/Users/neda/Documents/workspace2/DissertationProject/util/Python/zulip/populate_db/populate_db@6a9eaebff2@Tue Dec 24 11:25:25 2019 +0000.py,Command,2,5,4,1.25,0.2179289501972255,False,359,361,398,/Users/neda/Documents/workspace2/DissertationProject/util/Python/zulip/populate_db/populate_db
571ce2f5cb,/Users/neda/Documents/workspace2/DissertationProject/util/Python/zulip/populate_db/populate_db@cdda983e90@Thu Jan 2 14:19:27 2020 -0800.py,Command,2,5,4,1.25,0.21728850927067836,False,360,361,398,/Users/neda/Documents/workspace2/DissertationProject/util/Python/zulip/populate_db/populate_db
571ce2f5cb,/Users/neda/Documents/workspace2/DissertationProject/util/Python/zulip/populate_db/populate_db@571ce2f5cb@Mon Jan 13 18:03:14 2020 -0800.py,Command,2,5,4,1.25,0.22035038297719467,False,361,361,398,/Users/neda/Documents/workspace2/DissertationProject/util/Python/zulip/populate_db/populate_db
571ce2f5cb,/Users/neda/Documents/workspace2/DissertationProject/util/Python/zulip/populate_db/populate_db@0dc7542363@Mon Jan 13 18:22:34 2020 -0800.py,Command,2,5,4,1.25,0.22035038297719467,False,362,361,398,/Users/neda/Documents/workspace2/DissertationProject/util/Python/zulip/populate_db/populate_db
a8a159c5d2,/Users/neda/Documents/workspace2/DissertationProject/util/Python/zulip/streams/streams@19bd335cbb@Sun Nov 5 05:30:31 2017 +0100.py,PrincipalError,3,0,0,0,0.18843587543121698,True,122,124,259,/Users/neda/Documents/workspace2/DissertationProject/util/Python/zulip/streams/streams
a8a159c5d2,/Users/neda/Documents/workspace2/DissertationProject/util/Python/zulip/streams/streams@a8a159c5d2@Tue Nov 7 17:48:14 2017 -0800.py,PrincipalError,3,0,0,0,0.18843587543121698,True,124,124,259,/Users/neda/Documents/workspace2/DissertationProject/util/Python/zulip/streams/streams
a8a159c5d2,/Users/neda/Documents/workspace2/DissertationProject/util/Python/zulip/streams/streams@bafba95eb7@Fri Nov 10 04:33:28 2017 +0100.py,PrincipalError,3,0,0,0,0.19577165233175456,True,125,124,259,/Users/neda/Documents/workspace2/DissertationProject/util/Python/zulip/streams/streams
828577c3b2,/Users/neda/Documents/workspace2/DissertationProject/util/Python/zulip/email_mirror/email_mirror@87c95c6f41@Fri Jan 4 10:46:35 2019 +0100.py,ZulipEmailForwardError,2,0,0,0,0.20405296806410264,True,95,97,166,/Users/neda/Documents/workspace2/DissertationProject/util/Python/zulip/email_mirror/email_mirror
828577c3b2,/Users/neda/Documents/workspace2/DissertationProject/util/Python/zulip/email_mirror/email_mirror@14b2ed649b@Sat Jan 5 10:29:08 2019 -0800.py,ZulipEmailForwardError,2,0,0,0,0.2015944985693544,True,96,97,166,/Users/neda/Documents/workspace2/DissertationProject/util/Python/zulip/email_mirror/email_mirror
828577c3b2,/Users/neda/Documents/workspace2/DissertationProject/util/Python/zulip/email_mirror/email_mirror@14b2ed649b@Sat Jan 5 10:29:08 2019 -0800.py,ZulipEmailForwardUserError,3,0,0,0,0.2015944985693544,True,96,97,166,/Users/neda/Documents/workspace2/DissertationProject/util/Python/zulip/email_mirror/email_mirror
828577c3b2,/Users/neda/Documents/workspace2/DissertationProject/util/Python/zulip/email_mirror/email_mirror@828577c3b2@Mon Jan 7 10:17:21 2019 -0800.py,ZulipEmailForwardError,2,0,0,0,0.20405296806410264,True,97,97,166,/Users/neda/Documents/workspace2/DissertationProject/util/Python/zulip/email_mirror/email_mirror
828577c3b2,/Users/neda/Documents/workspace2/DissertationProject/util/Python/zulip/email_mirror/email_mirror@a92a5f19f0@Tue Jan 15 11:19:49 2019 -0800.py,ZulipEmailForwardError,2,0,0,0,0.2015944985693544,True,98,97,166,/Users/neda/Documents/workspace2/DissertationProject/util/Python/zulip/email_mirror/email_mirror
828577c3b2,/Users/neda/Documents/workspace2/DissertationProject/util/Python/zulip/email_mirror/email_mirror@a92a5f19f0@Tue Jan 15 11:19:49 2019 -0800.py,ZulipEmailForwardUserError,3,0,0,0,0.2015944985693544,True,98,97,166,/Users/neda/Documents/workspace2/DissertationProject/util/Python/zulip/email_mirror/email_mirror
c679920c01,/Users/neda/Documents/workspace2/DissertationProject/util/Python/zulip/0001_initial/0001_initial@2b43a0302a@Wed Nov 15 15:55:49 2017 -0800.py,Migration,2,2,2,1.0,0.19577165233175456,False,18,20,30,/Users/neda/Documents/workspace2/DissertationProject/util/Python/zulip/0001_initial/0001_initial
c679920c01,/Users/neda/Documents/workspace2/DissertationProject/util/Python/zulip/0001_initial/0001_initial@f0ef335412@Tue May 15 19:11:22 2018 -0700.py,Migration,2,2,2,1.0,0.22589044817305676,False,19,20,30,/Users/neda/Documents/workspace2/DissertationProject/util/Python/zulip/0001_initial/0001_initial
c679920c01,/Users/neda/Documents/workspace2/DissertationProject/util/Python/zulip/0001_initial/0001_initial@c679920c01@Tue Nov 27 11:17:45 2018 -0800.py,Migration,2,2,2,1.0,0.21165203247143038,False,20,20,30,/Users/neda/Documents/workspace2/DissertationProject/util/Python/zulip/0001_initial/0001_initial
c679920c01,/Users/neda/Documents/workspace2/DissertationProject/util/Python/zulip/0001_initial/0001_initial@5aeb562700@Fri Aug 9 21:32:10 2019 -0700.py,Migration,2,2,2,1.0,0.21429934385834992,False,21,20,30,/Users/neda/Documents/workspace2/DissertationProject/util/Python/zulip/0001_initial/0001_initial
7b3f4755ff,/Users/neda/Documents/workspace2/DissertationProject/util/Python/zulip/streams/streams@cc3d87b078@Sat Jun 20 08:37:43 2020 +0000.py,PrincipalError,3,0,0,0,0.21215822065311868,True,228,230,259,/Users/neda/Documents/workspace2/DissertationProject/util/Python/zulip/streams/streams
7b3f4755ff,/Users/neda/Documents/workspace2/DissertationProject/util/Python/zulip/streams/streams@7e9db327b3@Sat Jun 20 17:36:20 2020 -0700.py,PrincipalError,3,0,0,0,0.21215822065311868,True,229,230,259,/Users/neda/Documents/workspace2/DissertationProject/util/Python/zulip/streams/streams
7b3f4755ff,/Users/neda/Documents/workspace2/DissertationProject/util/Python/zulip/streams/streams@7b3f4755ff@Sun Jun 21 14:20:01 2020 +0530.py,PrincipalError,3,0,0,0,0.21215822065311868,True,230,230,259,/Users/neda/Documents/workspace2/DissertationProject/util/Python/zulip/streams/streams
7b3f4755ff,/Users/neda/Documents/workspace2/DissertationProject/util/Python/zulip/streams/streams@1562ec758e@Sun Jun 21 14:44:35 2020 +0530.py,PrincipalError,3,0,0,0,0.21215822065311868,True,231,230,259,/Users/neda/Documents/workspace2/DissertationProject/util/Python/zulip/streams/streams
2bacaf2213,/Users/neda/Documents/workspace2/DissertationProject/util/Python/zulip/response/response@80702ccaa0@Mon Jun 17 12:01:22 2013 -0400.py,HttpResponseUnauthorized,2,0,0,0,0.30036630036630035,True,4,6,34,/Users/neda/Documents/workspace2/DissertationProject/util/Python/zulip/response/response
2bacaf2213,/Users/neda/Documents/workspace2/DissertationProject/util/Python/zulip/response/response@222ef672b5@Tue Jun 18 17:55:55 2013 -0400.py,HttpResponseUnauthorized,2,0,0,0,0.30036630036630035,True,5,6,34,/Users/neda/Documents/workspace2/DissertationProject/util/Python/zulip/response/response
2bacaf2213,/Users/neda/Documents/workspace2/DissertationProject/util/Python/zulip/response/response@2bacaf2213@Thu Jun 27 14:15:19 2013 -0400.py,HttpResponseUnauthorized,2,0,0,0,0.30036630036630035,True,6,6,34,/Users/neda/Documents/workspace2/DissertationProject/util/Python/zulip/response/response
2bacaf2213,/Users/neda/Documents/workspace2/DissertationProject/util/Python/zulip/response/response@365db42a6e@Tue Jul 30 17:20:16 2013 -0400.py,HttpResponseUnauthorized,2,0,0,0,0.4217687074829932,True,7,6,34,/Users/neda/Documents/workspace2/DissertationProject/util/Python/zulip/response/response
55b4a3792d,/Users/neda/Documents/workspace2/DissertationProject/util/Python/zulip/view/view@7227f488c8@Tue May 16 00:08:25 2017 -0230.py,UnknownEventType,2,0,0,0,0.2023028569744573,True,40,42,461,/Users/neda/Documents/workspace2/DissertationProject/util/Python/zulip/view/view
55b4a3792d,/Users/neda/Documents/workspace2/DissertationProject/util/Python/zulip/view/view@55b4a3792d@Wed May 24 21:48:44 2017 -0700.py,UnknownEventType,2,0,0,0,0.19997185464345496,True,42,42,461,/Users/neda/Documents/workspace2/DissertationProject/util/Python/zulip/view/view
55b4a3792d,/Users/neda/Documents/workspace2/DissertationProject/util/Python/zulip/view/view@b309c403e0@Wed May 31 02:00:04 2017 -0230.py,UnknownEventType,2,0,0,0,0.19935476614670258,True,43,42,461,/Users/neda/Documents/workspace2/DissertationProject/util/Python/zulip/view/view
4139e6c763,/Users/neda/Documents/workspace2/DissertationProject/util/Python/zulip/0145_reactions_realm_emoji_name_to_id/0145_reactions_realm_emoji_name_to_id@4139e6c763@Thu Mar 15 18:50:05 2018 -0700.py,Migration,2,2,2,1.0,0.18095338420243895,False,0,0,9,/Users/neda/Documents/workspace2/DissertationProject/util/Python/zulip/0145_reactions_realm_emoji_name_to_id/0145_reactions_realm_emoji_name_to_id
4139e6c763,/Users/neda/Documents/workspace2/DissertationProject/util/Python/zulip/0145_reactions_realm_emoji_name_to_id/0145_reactions_realm_emoji_name_to_id@b94a24ffe3@Tue Mar 20 21:31:47 2018 -0700.py,Migration,2,2,2,1.0,0.18071708930640873,False,1,0,9,/Users/neda/Documents/workspace2/DissertationProject/util/Python/zulip/0145_reactions_realm_emoji_name_to_id/0145_reactions_realm_emoji_name_to_id
f7878a61e1,/Users/neda/Documents/workspace2/DissertationProject/util/Python/zulip/__init__/__init__@cd6f8e9191@Sun Nov 1 08:14:53 2015 -0800.py,PrincipalError,3,2,4,0.5,0.15665042122026396,False,604,605,1278,/Users/neda/Documents/workspace2/DissertationProject/util/Python/zulip/__init__/__init__
8398dac025,/Users/neda/Documents/workspace2/DissertationProject/util/Python/zulip/streams/streams@f8bb7503e6@Thu Jun 30 22:26:09 2016 -0700.py,PrincipalError,3,3,5,0.6,0.2279142540628818,False,24,26,259,/Users/neda/Documents/workspace2/DissertationProject/util/Python/zulip/streams/streams
8398dac025,/Users/neda/Documents/workspace2/DissertationProject/util/Python/zulip/streams/streams@4b7d94564a@Fri Jul 22 21:33:37 2016 +0530.py,PrincipalError,3,3,5,0.6,0.2171888774010991,False,25,26,259,/Users/neda/Documents/workspace2/DissertationProject/util/Python/zulip/streams/streams
8398dac025,/Users/neda/Documents/workspace2/DissertationProject/util/Python/zulip/streams/streams@8398dac025@Sun Jul 24 20:15:20 2016 +0530.py,PrincipalError,3,3,5,0.6,0.2171888774010991,False,26,26,259,/Users/neda/Documents/workspace2/DissertationProject/util/Python/zulip/streams/streams
8398dac025,/Users/neda/Documents/workspace2/DissertationProject/util/Python/zulip/streams/streams@375551aaa6@Tue Jul 26 16:45:29 2016 -0700.py,PrincipalError,3,3,5,0.6,0.2171888774010991,False,27,26,259,/Users/neda/Documents/workspace2/DissertationProject/util/Python/zulip/streams/streams
2ada0a9bad,/Users/neda/Documents/workspace2/DissertationProject/util/Python/zulip/sync_ldap_user_data/sync_ldap_user_data@becef760bf@Tue Aug 6 15:30:17 2019 -0700.py,Command,2,5,4,1.25,0.21594145831402192,False,15,16,26,/Users/neda/Documents/workspace2/DissertationProject/util/Python/zulip/sync_ldap_user_data/sync_ldap_user_data
2ada0a9bad,/Users/neda/Documents/workspace2/DissertationProject/util/Python/zulip/sync_ldap_user_data/sync_ldap_user_data@2ada0a9bad@Wed Aug 14 10:48:54 2019 -0700.py,Command,2,5,4,1.25,0.21470750712365608,False,16,16,26,/Users/neda/Documents/workspace2/DissertationProject/util/Python/zulip/sync_ldap_user_data/sync_ldap_user_data
2ada0a9bad,/Users/neda/Documents/workspace2/DissertationProject/util/Python/zulip/sync_ldap_user_data/sync_ldap_user_data@7e75f987df@Mon Aug 26 12:13:23 2019 -0700.py,Command,2,5,4,1.25,0.22129407820270017,False,17,16,26,/Users/neda/Documents/workspace2/DissertationProject/util/Python/zulip/sync_ldap_user_data/sync_ldap_user_data
db8700513b,/Users/neda/Documents/workspace2/DissertationProject/util/Python/zulip/stripe/stripe@d75054fb15@Fri Jul 13 21:04:39 2018 +0530.py,StripeError,3,0,0,0,0.22447432906529005,True,16,18,139,/Users/neda/Documents/workspace2/DissertationProject/util/Python/zulip/stripe/stripe
db8700513b,/Users/neda/Documents/workspace2/DissertationProject/util/Python/zulip/stripe/stripe@0bcc0ca0d8@Thu Jul 19 18:56:22 2018 +0530.py,StripeError,3,0,0,0,0.22447432906529005,True,17,18,139,/Users/neda/Documents/workspace2/DissertationProject/util/Python/zulip/stripe/stripe
db8700513b,/Users/neda/Documents/workspace2/DissertationProject/util/Python/zulip/stripe/stripe@db8700513b@Fri Jul 20 20:49:19 2018 +0530.py,StripeError,3,0,0,0,0.22447432906529005,True,18,18,139,/Users/neda/Documents/workspace2/DissertationProject/util/Python/zulip/stripe/stripe
db8700513b,/Users/neda/Documents/workspace2/DissertationProject/util/Python/zulip/stripe/stripe@975969aa89@Sun Jul 22 21:28:40 2018 +0530.py,StripeError,3,0,0,0,0.22447432906529005,True,19,18,139,/Users/neda/Documents/workspace2/DissertationProject/util/Python/zulip/stripe/stripe
0718eb5220,/Users/neda/Documents/workspace2/DissertationProject/util/Python/zulip/actions/actions@9c5765bcde@Sun Jul 16 21:44:59 2017 -0700.py,InvitationError,3,0,0,0,0.184729231063728,True,888,890,1753,/Users/neda/Documents/workspace2/DissertationProject/util/Python/zulip/actions/actions
0718eb5220,/Users/neda/Documents/workspace2/DissertationProject/util/Python/zulip/actions/actions@658a14d0bb@Tue Jul 18 19:33:47 2017 +0530.py,InvitationError,3,0,0,0,0.18804899854049184,True,889,890,1753,/Users/neda/Documents/workspace2/DissertationProject/util/Python/zulip/actions/actions
fa31ad35c9,/Users/neda/Documents/workspace2/DissertationProject/util/Python/zulip/cache/cache@9d5be410af@Mon Feb 6 19:45:26 2017 +0000.py,NotFoundInCache,2,0,0,0,0.21062377464090778,True,111,113,211,/Users/neda/Documents/workspace2/DissertationProject/util/Python/zulip/cache/cache
fa31ad35c9,/Users/neda/Documents/workspace2/DissertationProject/util/Python/zulip/cache/cache@3a04831793@Thu Feb 16 13:42:25 2017 -0800.py,NotFoundInCache,2,0,0,0,0.21319737800805771,True,112,113,211,/Users/neda/Documents/workspace2/DissertationProject/util/Python/zulip/cache/cache
fa31ad35c9,/Users/neda/Documents/workspace2/DissertationProject/util/Python/zulip/cache/cache@fa31ad35c9@Tue Feb 21 08:55:32 2017 -0800.py,NotFoundInCache,2,0,0,0,0.21319737800805771,True,113,113,211,/Users/neda/Documents/workspace2/DissertationProject/util/Python/zulip/cache/cache
fa31ad35c9,/Users/neda/Documents/workspace2/DissertationProject/util/Python/zulip/cache/cache@a3a03bd6a5@Fri Mar 3 23:31:52 2017 +0530.py,NotFoundInCache,2,0,0,0,0.20812452889985258,True,114,113,211,/Users/neda/Documents/workspace2/DissertationProject/util/Python/zulip/cache/cache
a6f91064a2,/Users/neda/Documents/workspace2/DissertationProject/util/Python/zulip/email_mirror/email_mirror@4a4664d268@Sun Oct 16 23:22:00 2016 -0700.py,ZulipEmailForwardError,2,0,0,0,0.2341601550967386,True,33,35,166,/Users/neda/Documents/workspace2/DissertationProject/util/Python/zulip/email_mirror/email_mirror
a6f91064a2,/Users/neda/Documents/workspace2/DissertationProject/util/Python/zulip/email_mirror/email_mirror@0917493588@Wed Dec 21 12:17:53 2016 +0000.py,ZulipEmailForwardError,2,0,0,0,0.22988230362553075,True,36,35,166,/Users/neda/Documents/workspace2/DissertationProject/util/Python/zulip/email_mirror/email_mirror
298c59f7fd,/Users/neda/Documents/workspace2/DissertationProject/util/Python/zulip/push_notifications/push_notifications@841f02934d@Tue Oct 10 11:14:10 2017 +0200.py,PushNotificationBouncerException,2,0,0,0,0.1832822344958914,True,99,100,226,/Users/neda/Documents/workspace2/DissertationProject/util/Python/zulip/push_notifications/push_notifications
298c59f7fd,/Users/neda/Documents/workspace2/DissertationProject/util/Python/zulip/push_notifications/push_notifications@298c59f7fd@Wed Oct 11 18:02:35 2017 -0700.py,PushNotificationBouncerException,2,0,0,0,0.19076256540024647,True,100,100,226,/Users/neda/Documents/workspace2/DissertationProject/util/Python/zulip/push_notifications/push_notifications
298c59f7fd,/Users/neda/Documents/workspace2/DissertationProject/util/Python/zulip/push_notifications/push_notifications@27a450b58d@Fri Oct 13 17:21:38 2017 -0700.py,PushNotificationBouncerException,2,0,0,0,0.18661460972602267,True,101,100,226,/Users/neda/Documents/workspace2/DissertationProject/util/Python/zulip/push_notifications/push_notifications
e8290ccd6d,/Users/neda/Documents/workspace2/DissertationProject/util/Python/zulip/add_new_user/add_new_user@8e7ce7cc79@Tue Jan 14 12:59:46 2020 -0800.py,Command,2,5,4,1.25,0.22035038297719467,False,6,5,11,/Users/neda/Documents/workspace2/DissertationProject/util/Python/zulip/add_new_user/add_new_user
643bd18b9f,/Users/neda/Documents/workspace2/DissertationProject/util/Python/zulip/cache/cache@51eeb0a3ee@Mon Mar 18 10:56:50 2019 -0700.py,NotFoundInCache,2,0,0,0,0.2019606711785769,True,173,175,211,/Users/neda/Documents/workspace2/DissertationProject/util/Python/zulip/cache/cache
643bd18b9f,/Users/neda/Documents/workspace2/DissertationProject/util/Python/zulip/cache/cache@184c0b9870@Thu Apr 18 08:05:14 2019 +0530.py,NotFoundInCache,2,0,0,0,0.20469423585791857,True,174,175,211,/Users/neda/Documents/workspace2/DissertationProject/util/Python/zulip/cache/cache
643bd18b9f,/Users/neda/Documents/workspace2/DissertationProject/util/Python/zulip/cache/cache@643bd18b9f@Fri Apr 19 16:00:46 2019 -0700.py,NotFoundInCache,2,0,0,0,0.20469423585791857,True,175,175,211,/Users/neda/Documents/workspace2/DissertationProject/util/Python/zulip/cache/cache
643bd18b9f,/Users/neda/Documents/workspace2/DissertationProject/util/Python/zulip/cache/cache@2d9c5b3575@Wed Apr 24 08:00:15 2019 +0530.py,NotFoundInCache,2,0,0,0,0.20469423585791857,True,176,175,211,/Users/neda/Documents/workspace2/DissertationProject/util/Python/zulip/cache/cache
8e5b0351b3,/Users/neda/Documents/workspace2/DissertationProject/util/Python/zulip/0277_migrate_alert_word/0277_migrate_alert_word@69730a78cc@Thu Apr 9 20:23:40 2020 -0700.py,Migration,2,2,2,1.0,0.20335332663537803,False,0,1,9,/Users/neda/Documents/workspace2/DissertationProject/util/Python/zulip/0277_migrate_alert_word/0277_migrate_alert_word
8e5b0351b3,/Users/neda/Documents/workspace2/DissertationProject/util/Python/zulip/0277_migrate_alert_word/0277_migrate_alert_word@8e5b0351b3@Mon Apr 27 11:04:38 2020 -0700.py,Migration,2,2,2,1.0,0.19992219825811164,False,1,1,9,/Users/neda/Documents/workspace2/DissertationProject/util/Python/zulip/0277_migrate_alert_word/0277_migrate_alert_word
8e5b0351b3,/Users/neda/Documents/workspace2/DissertationProject/util/Python/zulip/0277_migrate_alert_word/0277_migrate_alert_word@47bf111de8@Wed Apr 29 12:13:25 2020 +0530.py,Migration,2,2,2,1.0,0.19887548517822623,False,2,1,9,/Users/neda/Documents/workspace2/DissertationProject/util/Python/zulip/0277_migrate_alert_word/0277_migrate_alert_word
16e0f21687,/Users/neda/Documents/workspace2/DissertationProject/util/Python/zulip/__init__/__init__@3f7cb34b00@Fri Aug 21 02:48:43 2015 -0700.py,PrincipalError,3,2,4,0.5,0.16377089491209415,False,579,581,1278,/Users/neda/Documents/workspace2/DissertationProject/util/Python/zulip/__init__/__init__
16e0f21687,/Users/neda/Documents/workspace2/DissertationProject/util/Python/zulip/__init__/__init__@9f0a6272fa@Sat Sep 19 14:33:45 2015 -0700.py,PrincipalError,3,2,4,0.5,0.16377089491209415,False,582,581,1278,/Users/neda/Documents/workspace2/DissertationProject/util/Python/zulip/__init__/__init__
643bd18b9f,/Users/neda/Documents/workspace2/DissertationProject/util/Python/zulip/makemessages/makemessages@bbb56df6b0@Tue Jul 2 13:38:09 2019 -0700.py,Command,2,5,4,1.25,0.20844966849464588,False,44,43,60,/Users/neda/Documents/workspace2/DissertationProject/util/Python/zulip/makemessages/makemessages
fef7d6ba09,/Users/neda/Documents/workspace2/DissertationProject/util/Python/zulip/cache/cache@73c27e1277@Sat Oct 28 10:01:44 2017 -0700.py,NotFoundInCache,2,0,0,0,0.18080964634517122,True,141,143,211,/Users/neda/Documents/workspace2/DissertationProject/util/Python/zulip/cache/cache
fef7d6ba09,/Users/neda/Documents/workspace2/DissertationProject/util/Python/zulip/cache/cache@304e411944@Sun Oct 29 16:16:12 2017 -0700.py,NotFoundInCache,2,0,0,0,0.20522699434417352,True,142,143,211,/Users/neda/Documents/workspace2/DissertationProject/util/Python/zulip/cache/cache
fef7d6ba09,/Users/neda/Documents/workspace2/DissertationProject/util/Python/zulip/cache/cache@fef7d6ba09@Fri Nov 3 03:12:25 2017 +0100.py,NotFoundInCache,2,0,0,0,0.1918619822572391,True,143,143,211,/Users/neda/Documents/workspace2/DissertationProject/util/Python/zulip/cache/cache
fef7d6ba09,/Users/neda/Documents/workspace2/DissertationProject/util/Python/zulip/cache/cache@9161f8c39b@Sat Nov 4 05:34:38 2017 +0100.py,NotFoundInCache,2,0,0,0,0.18497457051804872,True,144,143,211,/Users/neda/Documents/workspace2/DissertationProject/util/Python/zulip/cache/cache
a36cf3b492,/Users/neda/Documents/workspace2/DissertationProject/util/Python/zulip/0093_subscription_event_log_backfill/0093_subscription_event_log_backfill@a36cf3b492@Tue Jul 18 11:31:02 2017 -0700.py,Migration,2,2,2,1.0,0.20605815985835893,False,0,0,11,/Users/neda/Documents/workspace2/DissertationProject/util/Python/zulip/0093_subscription_event_log_backfill/0093_subscription_event_log_backfill
a36cf3b492,/Users/neda/Documents/workspace2/DissertationProject/util/Python/zulip/0093_subscription_event_log_backfill/0093_subscription_event_log_backfill@9e81fc39e0@Tue Jul 18 11:36:18 2017 -0700.py,Migration,2,2,2,1.0,0.20605815985835893,False,1,0,11,/Users/neda/Documents/workspace2/DissertationProject/util/Python/zulip/0093_subscription_event_log_backfill/0093_subscription_event_log_backfill
bec3c0943a,/Users/neda/Documents/workspace2/DissertationProject/util/Python/zulip/__init__/__init__@b59b5cac35@Fri Sep 25 20:25:06 2015 -0700.py,PrincipalError,3,2,4,0.5,0.16377089491209415,False,588,590,1278,/Users/neda/Documents/workspace2/DissertationProject/util/Python/zulip/__init__/__init__
bec3c0943a,/Users/neda/Documents/workspace2/DissertationProject/util/Python/zulip/__init__/__init__@bda9d78092@Tue Sep 29 17:58:50 2015 -0700.py,PrincipalError,3,2,4,0.5,0.16377089491209415,False,589,590,1278,/Users/neda/Documents/workspace2/DissertationProject/util/Python/zulip/__init__/__init__
7e75f987df,/Users/neda/Documents/workspace2/DissertationProject/util/Python/zulip/sync_ldap_user_data/sync_ldap_user_data@becef760bf@Tue Aug 6 15:30:17 2019 -0700.py,Command,2,5,4,1.25,0.21594145831402192,False,15,17,26,/Users/neda/Documents/workspace2/DissertationProject/util/Python/zulip/sync_ldap_user_data/sync_ldap_user_data
7e75f987df,/Users/neda/Documents/workspace2/DissertationProject/util/Python/zulip/sync_ldap_user_data/sync_ldap_user_data@2ada0a9bad@Wed Aug 14 10:48:54 2019 -0700.py,Command,2,5,4,1.25,0.21470750712365608,False,16,17,26,/Users/neda/Documents/workspace2/DissertationProject/util/Python/zulip/sync_ldap_user_data/sync_ldap_user_data
7e75f987df,/Users/neda/Documents/workspace2/DissertationProject/util/Python/zulip/sync_ldap_user_data/sync_ldap_user_data@7e75f987df@Mon Aug 26 12:13:23 2019 -0700.py,Command,2,5,4,1.25,0.22129407820270017,False,17,17,26,/Users/neda/Documents/workspace2/DissertationProject/util/Python/zulip/sync_ldap_user_data/sync_ldap_user_data
7e75f987df,/Users/neda/Documents/workspace2/DissertationProject/util/Python/zulip/sync_ldap_user_data/sync_ldap_user_data@e124837cdc@Fri Nov 15 16:42:36 2019 -0800.py,Command,2,5,4,1.25,0.22491902141525646,False,18,17,26,/Users/neda/Documents/workspace2/DissertationProject/util/Python/zulip/sync_ldap_user_data/sync_ldap_user_data
42d038f09b,/Users/neda/Documents/workspace2/DissertationProject/util/Python/zulip/0301_fix_unread_messages_in_deactivated_streams/0301_fix_unread_messages_in_deactivated_streams@42d038f09b@Sat Sep 12 20:08:25 2020 -0700.py,Migration,2,2,2,1.0,0.2224877973145299,False,0,0,1,/Users/neda/Documents/workspace2/DissertationProject/util/Python/zulip/0301_fix_unread_messages_in_deactivated_streams/0301_fix_unread_messages_in_deactivated_streams
dbbc64dbfe,/Users/neda/Documents/workspace2/DissertationProject/util/Python/zulip/email_mirror/email_mirror@4423222d92@Fri Aug 26 22:47:09 2016 -0700.py,ZulipEmailForwardError,2,0,0,0,0.22171652930787988,True,28,30,166,/Users/neda/Documents/workspace2/DissertationProject/util/Python/zulip/email_mirror/email_mirror
dbbc64dbfe,/Users/neda/Documents/workspace2/DissertationProject/util/Python/zulip/email_mirror/email_mirror@0b7cac04d4@Thu Sep 22 09:11:09 2016 -0700.py,ZulipEmailForwardError,2,0,0,0,0.22592531805476807,True,29,30,166,/Users/neda/Documents/workspace2/DissertationProject/util/Python/zulip/email_mirror/email_mirror
dbbc64dbfe,/Users/neda/Documents/workspace2/DissertationProject/util/Python/zulip/email_mirror/email_mirror@dbbc64dbfe@Thu Sep 22 09:41:10 2016 -0700.py,ZulipEmailForwardError,2,0,0,0,0.22592531805476807,True,30,30,166,/Users/neda/Documents/workspace2/DissertationProject/util/Python/zulip/email_mirror/email_mirror
dbbc64dbfe,/Users/neda/Documents/workspace2/DissertationProject/util/Python/zulip/email_mirror/email_mirror@f0eaee68e4@Thu Sep 22 09:55:18 2016 -0700.py,ZulipEmailForwardError,2,0,0,0,0.22592531805476807,True,31,30,166,/Users/neda/Documents/workspace2/DissertationProject/util/Python/zulip/email_mirror/email_mirror
770a899239,/Users/neda/Documents/workspace2/DissertationProject/util/Python/zulip/cache/cache@770a899239@Thu Dec 15 11:02:42 2016 +0500.py,NotFoundInCache,2,0,0,0,0.23071908401753444,True,103,103,211,/Users/neda/Documents/workspace2/DissertationProject/util/Python/zulip/cache/cache
770a899239,/Users/neda/Documents/workspace2/DissertationProject/util/Python/zulip/cache/cache@c0326d1938@Mon Dec 19 03:41:24 2016 +0530.py,NotFoundInCache,2,0,0,0,0.22988230362553075,True,104,103,211,/Users/neda/Documents/workspace2/DissertationProject/util/Python/zulip/cache/cache
2ada0a9bad,/Users/neda/Documents/workspace2/DissertationProject/util/Python/zulip/send_password_reset_email/send_password_reset_email@2ada0a9bad@Wed Aug 14 10:48:54 2019 -0700.py,Command,2,5,4,1.25,0.21470750712365608,False,29,29,34,/Users/neda/Documents/workspace2/DissertationProject/util/Python/zulip/send_password_reset_email/send_password_reset_email
2ada0a9bad,/Users/neda/Documents/workspace2/DissertationProject/util/Python/zulip/send_password_reset_email/send_password_reset_email@e124837cdc@Fri Nov 15 16:42:36 2019 -0800.py,Command,2,5,4,1.25,0.22491902141525646,False,30,29,34,/Users/neda/Documents/workspace2/DissertationProject/util/Python/zulip/send_password_reset_email/send_password_reset_email
6837fc5d56,/Users/neda/Documents/workspace2/DissertationProject/util/Python/zulip/0166_add_url_to_profile_field/0166_add_url_to_profile_field@6837fc5d56@Sun May 6 11:40:31 2018 +0200.py,Migration,2,2,2,1.0,0.1785471019718868,False,0,0,2,/Users/neda/Documents/workspace2/DissertationProject/util/Python/zulip/0166_add_url_to_profile_field/0166_add_url_to_profile_field
6837fc5d56,/Users/neda/Documents/workspace2/DissertationProject/util/Python/zulip/0166_add_url_to_profile_field/0166_add_url_to_profile_field@c734bbd95d@Thu Apr 9 12:51:58 2020 -0700.py,Migration,2,2,2,1.0,0.21399445936750747,False,1,0,2,/Users/neda/Documents/workspace2/DissertationProject/util/Python/zulip/0166_add_url_to_profile_field/0166_add_url_to_profile_field
d88efef74b,/Users/neda/Documents/workspace2/DissertationProject/util/Python/zulip/__init__/__init__@32783ebbfb@Tue Aug 18 20:35:29 2015 -0700.py,PrincipalError,3,2,4,0.5,0.14104362218482142,False,559,561,1278,/Users/neda/Documents/workspace2/DissertationProject/util/Python/zulip/__init__/__init__
d88efef74b,/Users/neda/Documents/workspace2/DissertationProject/util/Python/zulip/__init__/__init__@0aab583bb1@Wed Aug 19 12:04:49 2015 -0700.py,PrincipalError,3,2,4,0.5,0.1601315416918254,False,560,561,1278,/Users/neda/Documents/workspace2/DissertationProject/util/Python/zulip/__init__/__init__
d88efef74b,/Users/neda/Documents/workspace2/DissertationProject/util/Python/zulip/__init__/__init__@d88efef74b@Wed Aug 19 12:05:56 2015 -0700.py,PrincipalError,3,2,4,0.5,0.1601315416918254,False,561,561,1278,/Users/neda/Documents/workspace2/DissertationProject/util/Python/zulip/__init__/__init__
d88efef74b,/Users/neda/Documents/workspace2/DissertationProject/util/Python/zulip/__init__/__init__@4d0f7c7ea4@Wed Aug 19 13:35:46 2015 -0700.py,PrincipalError,3,2,4,0.5,0.14104362218482142,False,562,561,1278,/Users/neda/Documents/workspace2/DissertationProject/util/Python/zulip/__init__/__init__
7cd621bc9d,/Users/neda/Documents/workspace2/DissertationProject/util/Python/zulip/view/view@c16e4c7d32@Sun Jul 16 23:33:54 2017 -0230.py,UnknownEventType,2,0,0,0,0.20758487741561085,True,53,55,461,/Users/neda/Documents/workspace2/DissertationProject/util/Python/zulip/view/view
7cd621bc9d,/Users/neda/Documents/workspace2/DissertationProject/util/Python/zulip/view/view@fc947d92e2@Mon Aug 7 16:48:17 2017 -0700.py,UnknownTriggerType,2,0,0,0,0.19482134338748575,True,56,55,461,/Users/neda/Documents/workspace2/DissertationProject/util/Python/zulip/view/view
2eb6c49a89,/Users/neda/Documents/workspace2/DissertationProject/util/Python/zulip/view/view@2eb6c49a89@Thu Jun 29 14:28:37 2017 +0900.py,UnknownEventType,2,0,0,0,0.20326894615197266,True,47,47,461,/Users/neda/Documents/workspace2/DissertationProject/util/Python/zulip/view/view
2eb6c49a89,/Users/neda/Documents/workspace2/DissertationProject/util/Python/zulip/view/view@92fefa0e7e@Thu Jun 29 17:09:18 2017 -0700.py,UnknownEventType,2,0,0,0,0.20326894615197266,True,48,47,461,/Users/neda/Documents/workspace2/DissertationProject/util/Python/zulip/view/view
ed5b374ffa,/Users/neda/Documents/workspace2/DissertationProject/util/Python/zulip/check_help_documentation/check_help_documentation@9c7d5812ce@Mon Nov 6 03:14:57 2017 +0100.py,HelpDocumentationSpider,4,10,22,0.45454545454545453,0.18843587543121698,False,9,11,21,/Users/neda/Documents/workspace2/DissertationProject/util/Python/zulip/check_help_documentation/check_help_documentation
ed5b374ffa,/Users/neda/Documents/workspace2/DissertationProject/util/Python/zulip/check_help_documentation/check_help_documentation@e85d0747d4@Sat Nov 11 22:12:34 2017 -0330.py,UnusedImagesLinterSpider,4,7,22,0.3181818181818182,0.19694812291998987,False,10,11,21,/Users/neda/Documents/workspace2/DissertationProject/util/Python/zulip/check_help_documentation/check_help_documentation
ed5b374ffa,/Users/neda/Documents/workspace2/DissertationProject/util/Python/zulip/check_help_documentation/check_help_documentation@e85d0747d4@Sat Nov 11 22:12:34 2017 -0330.py,HelpDocumentationSpider,5,2,7,0.2857142857142857,0.19694812291998987,False,10,11,21,/Users/neda/Documents/workspace2/DissertationProject/util/Python/zulip/check_help_documentation/check_help_documentation
ed5b374ffa,/Users/neda/Documents/workspace2/DissertationProject/util/Python/zulip/check_help_documentation/check_help_documentation@e85d0747d4@Sat Nov 11 22:12:34 2017 -0330.py,APIDocumentationSpider,5,2,7,0.2857142857142857,0.19694812291998987,False,10,11,21,/Users/neda/Documents/workspace2/DissertationProject/util/Python/zulip/check_help_documentation/check_help_documentation
ed5b374ffa,/Users/neda/Documents/workspace2/DissertationProject/util/Python/zulip/check_help_documentation/check_help_documentation@ed5b374ffa@Thu Apr 5 13:01:51 2018 -0700.py,UnusedImagesLinterSpider,4,7,22,0.3181818181818182,0.17974024017502271,False,11,11,21,/Users/neda/Documents/workspace2/DissertationProject/util/Python/zulip/check_help_documentation/check_help_documentation
ed5b374ffa,/Users/neda/Documents/workspace2/DissertationProject/util/Python/zulip/check_help_documentation/check_help_documentation@ed5b374ffa@Thu Apr 5 13:01:51 2018 -0700.py,HelpDocumentationSpider,5,2,7,0.2857142857142857,0.17974024017502271,False,11,11,21,/Users/neda/Documents/workspace2/DissertationProject/util/Python/zulip/check_help_documentation/check_help_documentation
ed5b374ffa,/Users/neda/Documents/workspace2/DissertationProject/util/Python/zulip/check_help_documentation/check_help_documentation@ed5b374ffa@Thu Apr 5 13:01:51 2018 -0700.py,APIDocumentationSpider,5,2,7,0.2857142857142857,0.17974024017502271,False,11,11,21,/Users/neda/Documents/workspace2/DissertationProject/util/Python/zulip/check_help_documentation/check_help_documentation
ed5b374ffa,/Users/neda/Documents/workspace2/DissertationProject/util/Python/zulip/check_help_documentation/check_help_documentation@b0b134cb4c@Thu Apr 5 14:39:35 2018 -0700.py,UnusedImagesLinterSpider,4,7,22,0.3181818181818182,0.17974024017502271,False,12,11,21,/Users/neda/Documents/workspace2/DissertationProject/util/Python/zulip/check_help_documentation/check_help_documentation
ed5b374ffa,/Users/neda/Documents/workspace2/DissertationProject/util/Python/zulip/check_help_documentation/check_help_documentation@b0b134cb4c@Thu Apr 5 14:39:35 2018 -0700.py,HelpDocumentationSpider,5,2,7,0.2857142857142857,0.17974024017502271,False,12,11,21,/Users/neda/Documents/workspace2/DissertationProject/util/Python/zulip/check_help_documentation/check_help_documentation
ed5b374ffa,/Users/neda/Documents/workspace2/DissertationProject/util/Python/zulip/check_help_documentation/check_help_documentation@b0b134cb4c@Thu Apr 5 14:39:35 2018 -0700.py,APIDocumentationSpider,5,2,7,0.2857142857142857,0.17974024017502271,False,12,11,21,/Users/neda/Documents/workspace2/DissertationProject/util/Python/zulip/check_help_documentation/check_help_documentation
524d347c39,/Users/neda/Documents/workspace2/DissertationProject/util/Python/zulip/makemessages/makemessages@2825e6ad48@Thu Apr 16 12:35:56 2020 +0530.py,Command,2,5,4,1.25,0.20822725704596493,False,50,52,60,/Users/neda/Documents/workspace2/DissertationProject/util/Python/zulip/makemessages/makemessages
524d347c39,/Users/neda/Documents/workspace2/DissertationProject/util/Python/zulip/makemessages/makemessages@fead14951c@Tue Apr 21 16:09:50 2020 -0700.py,Command,2,5,4,1.25,0.20887013714882569,False,51,52,60,/Users/neda/Documents/workspace2/DissertationProject/util/Python/zulip/makemessages/makemessages
524d347c39,/Users/neda/Documents/workspace2/DissertationProject/util/Python/zulip/makemessages/makemessages@524d347c39@Fri May 8 17:01:05 2020 -0700.py,Command,2,5,4,1.25,0.19783967535958966,False,52,52,60,/Users/neda/Documents/workspace2/DissertationProject/util/Python/zulip/makemessages/makemessages
524d347c39,/Users/neda/Documents/workspace2/DissertationProject/util/Python/zulip/makemessages/makemessages@8dd83228e7@Mon Jun 8 15:25:09 2020 -0700.py,Command,2,5,4,1.25,0.20024142428287514,False,53,52,60,/Users/neda/Documents/workspace2/DissertationProject/util/Python/zulip/makemessages/makemessages
8f6b39a1c0,/Users/neda/Documents/workspace2/DissertationProject/util/Python/zulip/json_encoder_for_html/json_encoder_for_html@8f6b39a1c0@Wed Nov 22 01:32:18 2017 -0800.py,JSONEncoderForHTML,3,0,0,0,0.19105222313917958,True,0,0,2,/Users/neda/Documents/workspace2/DissertationProject/util/Python/zulip/json_encoder_for_html/json_encoder_for_html
8f6b39a1c0,/Users/neda/Documents/workspace2/DissertationProject/util/Python/zulip/json_encoder_for_html/json_encoder_for_html@f0ecb93515@Sat Feb 2 14:53:55 2019 -0800.py,JSONEncoderForHTML,3,0,0,0,0.19998828459080573,True,1,0,2,/Users/neda/Documents/workspace2/DissertationProject/util/Python/zulip/json_encoder_for_html/json_encoder_for_html
b3ac668779,/Users/neda/Documents/workspace2/DissertationProject/util/Python/zulip/email_mirror/email_mirror@8c34c40924@Sun Nov 1 08:08:33 2015 -0800.py,ZulipEmailForwardError,2,0,0,0,0.15665042122026396,True,12,14,166,/Users/neda/Documents/workspace2/DissertationProject/util/Python/zulip/email_mirror/email_mirror
b3ac668779,/Users/neda/Documents/workspace2/DissertationProject/util/Python/zulip/email_mirror/email_mirror@651b011514@Sun Nov 1 08:14:25 2015 -0800.py,ZulipEmailForwardError,2,0,0,0,0.15665042122026396,True,13,14,166,/Users/neda/Documents/workspace2/DissertationProject/util/Python/zulip/email_mirror/email_mirror
b3ac668779,/Users/neda/Documents/workspace2/DissertationProject/util/Python/zulip/email_mirror/email_mirror@b3ac668779@Sun Nov 1 08:14:31 2015 -0800.py,ZulipEmailForwardError,2,0,0,0,0.15665042122026396,True,14,14,166,/Users/neda/Documents/workspace2/DissertationProject/util/Python/zulip/email_mirror/email_mirror
b3ac668779,/Users/neda/Documents/workspace2/DissertationProject/util/Python/zulip/email_mirror/email_mirror@2059f650ab@Mon Jan 25 14:42:16 2016 -0800.py,ZulipEmailForwardError,2,0,0,0,0.16779168146949294,True,15,14,166,/Users/neda/Documents/workspace2/DissertationProject/util/Python/zulip/email_mirror/email_mirror
d2fa058cc1,/Users/neda/Documents/workspace2/DissertationProject/util/Python/zulip/stripe/stripe@83da23c0d4@Tue Mar 24 18:44:03 2020 +0530.py,BillingError,2,0,0,0,0.21894198133448006,True,108,110,139,/Users/neda/Documents/workspace2/DissertationProject/util/Python/zulip/stripe/stripe
d2fa058cc1,/Users/neda/Documents/workspace2/DissertationProject/util/Python/zulip/stripe/stripe@83da23c0d4@Tue Mar 24 18:44:03 2020 +0530.py,StripeCardError,3,0,5,0,0.21894198133448006,True,108,110,139,/Users/neda/Documents/workspace2/DissertationProject/util/Python/zulip/stripe/stripe
d2fa058cc1,/Users/neda/Documents/workspace2/DissertationProject/util/Python/zulip/stripe/stripe@83da23c0d4@Tue Mar 24 18:44:03 2020 +0530.py,StripeConnectionError,3,0,5,0,0.21894198133448006,True,108,110,139,/Users/neda/Documents/workspace2/DissertationProject/util/Python/zulip/stripe/stripe
d2fa058cc1,/Users/neda/Documents/workspace2/DissertationProject/util/Python/zulip/stripe/stripe@8b24d40585@Tue Mar 24 18:52:27 2020 +0530.py,BillingError,2,0,0,0,0.21894198133448006,True,109,110,139,/Users/neda/Documents/workspace2/DissertationProject/util/Python/zulip/stripe/stripe
d2fa058cc1,/Users/neda/Documents/workspace2/DissertationProject/util/Python/zulip/stripe/stripe@8b24d40585@Tue Mar 24 18:52:27 2020 +0530.py,StripeCardError,3,0,5,0,0.21894198133448006,True,109,110,139,/Users/neda/Documents/workspace2/DissertationProject/util/Python/zulip/stripe/stripe
d2fa058cc1,/Users/neda/Documents/workspace2/DissertationProject/util/Python/zulip/stripe/stripe@8b24d40585@Tue Mar 24 18:52:27 2020 +0530.py,StripeConnectionError,3,0,5,0,0.21894198133448006,True,109,110,139,/Users/neda/Documents/workspace2/DissertationProject/util/Python/zulip/stripe/stripe
d2fa058cc1,/Users/neda/Documents/workspace2/DissertationProject/util/Python/zulip/stripe/stripe@d2fa058cc1@Sat Mar 28 01:25:56 2020 +0100.py,BillingError,2,0,0,0,0.21894198133448006,True,110,110,139,/Users/neda/Documents/workspace2/DissertationProject/util/Python/zulip/stripe/stripe
d2fa058cc1,/Users/neda/Documents/workspace2/DissertationProject/util/Python/zulip/stripe/stripe@d2fa058cc1@Sat Mar 28 01:25:56 2020 +0100.py,StripeCardError,3,0,5,0,0.21894198133448006,True,110,110,139,/Users/neda/Documents/workspace2/DissertationProject/util/Python/zulip/stripe/stripe
d2fa058cc1,/Users/neda/Documents/workspace2/DissertationProject/util/Python/zulip/stripe/stripe@d2fa058cc1@Sat Mar 28 01:25:56 2020 +0100.py,StripeConnectionError,3,0,5,0,0.21894198133448006,True,110,110,139,/Users/neda/Documents/workspace2/DissertationProject/util/Python/zulip/stripe/stripe
d2fa058cc1,/Users/neda/Documents/workspace2/DissertationProject/util/Python/zulip/stripe/stripe@fead14951c@Tue Apr 21 16:09:50 2020 -0700.py,BillingError,2,0,0,0,0.20887013714882569,True,111,110,139,/Users/neda/Documents/workspace2/DissertationProject/util/Python/zulip/stripe/stripe
d2fa058cc1,/Users/neda/Documents/workspace2/DissertationProject/util/Python/zulip/stripe/stripe@fead14951c@Tue Apr 21 16:09:50 2020 -0700.py,StripeCardError,3,0,5,0,0.20887013714882569,True,111,110,139,/Users/neda/Documents/workspace2/DissertationProject/util/Python/zulip/stripe/stripe
d2fa058cc1,/Users/neda/Documents/workspace2/DissertationProject/util/Python/zulip/stripe/stripe@fead14951c@Tue Apr 21 16:09:50 2020 -0700.py,StripeConnectionError,3,0,5,0,0.20887013714882569,True,111,110,139,/Users/neda/Documents/workspace2/DissertationProject/util/Python/zulip/stripe/stripe
6837fc5d56,/Users/neda/Documents/workspace2/DissertationProject/util/Python/zulip/0073_custom_profile_fields/0073_custom_profile_fields@4975122338@Thu Sep 28 06:48:34 2017 +0200.py,Migration,2,2,2,1.0,0.1962129244116821,False,0,2,5,/Users/neda/Documents/workspace2/DissertationProject/util/Python/zulip/0073_custom_profile_fields/0073_custom_profile_fields
6837fc5d56,/Users/neda/Documents/workspace2/DissertationProject/util/Python/zulip/0073_custom_profile_fields/0073_custom_profile_fields@38e97089fc@Wed Nov 15 15:44:00 2017 -0800.py,Migration,2,2,2,1.0,0.19577165233175456,False,1,2,5,/Users/neda/Documents/workspace2/DissertationProject/util/Python/zulip/0073_custom_profile_fields/0073_custom_profile_fields
6837fc5d56,/Users/neda/Documents/workspace2/DissertationProject/util/Python/zulip/0073_custom_profile_fields/0073_custom_profile_fields@6837fc5d56@Sun May 6 11:40:31 2018 +0200.py,Migration,2,2,2,1.0,0.1785471019718868,False,2,2,5,/Users/neda/Documents/workspace2/DissertationProject/util/Python/zulip/0073_custom_profile_fields/0073_custom_profile_fields
6837fc5d56,/Users/neda/Documents/workspace2/DissertationProject/util/Python/zulip/0073_custom_profile_fields/0073_custom_profile_fields@8e7ce7cc79@Tue Jan 14 12:59:46 2020 -0800.py,Migration,2,2,2,1.0,0.22035038297719467,False,3,2,5,/Users/neda/Documents/workspace2/DissertationProject/util/Python/zulip/0073_custom_profile_fields/0073_custom_profile_fields
dc37e3f72c,/Users/neda/Documents/workspace2/DissertationProject/util/Python/zulip/0109_mark_tutorial_status_finished/0109_mark_tutorial_status_finished@c2a5b5f160@Thu Oct 26 11:36:30 2017 +0200.py,Migration,2,2,2,1.0,0.18080964634517122,False,0,1,9,/Users/neda/Documents/workspace2/DissertationProject/util/Python/zulip/0109_mark_tutorial_status_finished/0109_mark_tutorial_status_finished
dc37e3f72c,/Users/neda/Documents/workspace2/DissertationProject/util/Python/zulip/0109_mark_tutorial_status_finished/0109_mark_tutorial_status_finished@dc37e3f72c@Thu Nov 2 09:17:27 2017 +0100.py,Migration,2,2,2,1.0,0.1918619822572391,False,1,1,9,/Users/neda/Documents/workspace2/DissertationProject/util/Python/zulip/0109_mark_tutorial_status_finished/0109_mark_tutorial_status_finished
dc37e3f72c,/Users/neda/Documents/workspace2/DissertationProject/util/Python/zulip/0109_mark_tutorial_status_finished/0109_mark_tutorial_status_finished@38e97089fc@Wed Nov 15 15:44:00 2017 -0800.py,Migration,2,2,2,1.0,0.19577165233175456,False,2,1,9,/Users/neda/Documents/workspace2/DissertationProject/util/Python/zulip/0109_mark_tutorial_status_finished/0109_mark_tutorial_status_finished
427629ca4c,/Users/neda/Documents/workspace2/DissertationProject/util/Python/zulip/0076_userprofile_emojiset/0076_userprofile_emojiset@427629ca4c@Mon Apr 24 22:50:09 2017 -0700.py,Migration,2,2,2,1.0,0.203852814414245,False,0,0,6,/Users/neda/Documents/workspace2/DissertationProject/util/Python/zulip/0076_userprofile_emojiset/0076_userprofile_emojiset
427629ca4c,/Users/neda/Documents/workspace2/DissertationProject/util/Python/zulip/0076_userprofile_emojiset/0076_userprofile_emojiset@4975122338@Thu Sep 28 06:48:34 2017 +0200.py,Migration,2,2,2,1.0,0.1962129244116821,False,1,0,6,/Users/neda/Documents/workspace2/DissertationProject/util/Python/zulip/0076_userprofile_emojiset/0076_userprofile_emojiset
d2fa058cc1,/Users/neda/Documents/workspace2/DissertationProject/util/Python/zulip/send_to_email_mirror/send_to_email_mirror@8e7ce7cc79@Tue Jan 14 12:59:46 2020 -0800.py,Command,2,5,4,1.25,0.22035038297719467,False,7,9,18,/Users/neda/Documents/workspace2/DissertationProject/util/Python/zulip/send_to_email_mirror/send_to_email_mirror
d2fa058cc1,/Users/neda/Documents/workspace2/DissertationProject/util/Python/zulip/send_to_email_mirror/send_to_email_mirror@d3c841d587@Fri Mar 20 00:15:24 2020 -0300.py,Command,2,5,4,1.25,0.21894198133448006,False,8,9,18,/Users/neda/Documents/workspace2/DissertationProject/util/Python/zulip/send_to_email_mirror/send_to_email_mirror
d2fa058cc1,/Users/neda/Documents/workspace2/DissertationProject/util/Python/zulip/send_to_email_mirror/send_to_email_mirror@d2fa058cc1@Sat Mar 28 01:25:56 2020 +0100.py,Command,2,5,4,1.25,0.21894198133448006,False,9,9,18,/Users/neda/Documents/workspace2/DissertationProject/util/Python/zulip/send_to_email_mirror/send_to_email_mirror
d2fa058cc1,/Users/neda/Documents/workspace2/DissertationProject/util/Python/zulip/send_to_email_mirror/send_to_email_mirror@fead14951c@Tue Apr 21 16:09:50 2020 -0700.py,Command,2,5,4,1.25,0.20887013714882569,False,10,9,18,/Users/neda/Documents/workspace2/DissertationProject/util/Python/zulip/send_to_email_mirror/send_to_email_mirror
6ba5271824,/Users/neda/Documents/workspace2/DissertationProject/util/Python/zulip/__init__/__init__@439b86fe3b@Wed Jan 28 23:59:41 2015 -0800.py,PrincipalError,3,2,4,0.5,0.14432370642167772,False,546,548,1278,/Users/neda/Documents/workspace2/DissertationProject/util/Python/zulip/__init__/__init__
6ba5271824,/Users/neda/Documents/workspace2/DissertationProject/util/Python/zulip/__init__/__init__@7e9c121ad3@Thu Jan 29 00:00:23 2015 -0800.py,PrincipalError,3,2,4,0.5,0.14432370642167772,False,547,548,1278,/Users/neda/Documents/workspace2/DissertationProject/util/Python/zulip/__init__/__init__
6ba5271824,/Users/neda/Documents/workspace2/DissertationProject/util/Python/zulip/__init__/__init__@6ba5271824@Fri Jan 30 19:46:48 2015 -0800.py,PrincipalError,3,2,4,0.5,0.14432370642167772,False,548,548,1278,/Users/neda/Documents/workspace2/DissertationProject/util/Python/zulip/__init__/__init__
6ba5271824,/Users/neda/Documents/workspace2/DissertationProject/util/Python/zulip/__init__/__init__@693857a1f8@Thu Feb 5 17:19:14 2015 -0500.py,PrincipalError,3,2,4,0.5,0.14432370642167772,False,549,548,1278,/Users/neda/Documents/workspace2/DissertationProject/util/Python/zulip/__init__/__init__
f792b67098,/Users/neda/Documents/workspace2/DissertationProject/util/Python/zulip/__init__/__init__@d865732e0d@Mon Feb 9 23:08:47 2015 -0800.py,PrincipalError,3,2,4,0.5,0.14432370642167772,False,555,557,1278,/Users/neda/Documents/workspace2/DissertationProject/util/Python/zulip/__init__/__init__
f792b67098,/Users/neda/Documents/workspace2/DissertationProject/util/Python/zulip/__init__/__init__@6f77e68622@Tue Aug 18 11:32:56 2015 -0700.py,PrincipalError,3,2,4,0.5,0.14104362218482142,False,556,557,1278,/Users/neda/Documents/workspace2/DissertationProject/util/Python/zulip/__init__/__init__
f792b67098,/Users/neda/Documents/workspace2/DissertationProject/util/Python/zulip/__init__/__init__@f792b67098@Tue Aug 18 17:33:25 2015 -0700.py,PrincipalError,3,2,4,0.5,0.14104362218482142,False,557,557,1278,/Users/neda/Documents/workspace2/DissertationProject/util/Python/zulip/__init__/__init__
f792b67098,/Users/neda/Documents/workspace2/DissertationProject/util/Python/zulip/__init__/__init__@46e224997e@Tue Aug 18 17:58:20 2015 -0700.py,PrincipalError,3,2,4,0.5,0.14104362218482142,False,558,557,1278,/Users/neda/Documents/workspace2/DissertationProject/util/Python/zulip/__init__/__init__
0726ec5931,/Users/neda/Documents/workspace2/DissertationProject/util/Python/zulip/email_mirror/email_mirror@0a1d142d69@Tue Mar 18 19:01:25 2014 -0400.py,ZulipEmailForwardError,2,0,0,0,0.14246897985499812,True,6,8,166,/Users/neda/Documents/workspace2/DissertationProject/util/Python/zulip/email_mirror/email_mirror
0726ec5931,/Users/neda/Documents/workspace2/DissertationProject/util/Python/zulip/email_mirror/email_mirror@2a5ec20295@Fri Jul 25 01:40:40 2014 -0700.py,ZulipEmailForwardError,2,0,0,0,0.14432370642167772,True,7,8,166,/Users/neda/Documents/workspace2/DissertationProject/util/Python/zulip/email_mirror/email_mirror
0726ec5931,/Users/neda/Documents/workspace2/DissertationProject/util/Python/zulip/email_mirror/email_mirror@0726ec5931@Sun Aug 10 23:06:07 2014 -0700.py,ZulipEmailForwardError,2,0,0,0,0.14432370642167772,True,8,8,166,/Users/neda/Documents/workspace2/DissertationProject/util/Python/zulip/email_mirror/email_mirror
0726ec5931,/Users/neda/Documents/workspace2/DissertationProject/util/Python/zulip/email_mirror/email_mirror@23ef278d29@Mon Aug 11 05:15:16 2014 -0700.py,ZulipEmailForwardError,2,0,0,0,0.14432370642167772,True,9,8,166,/Users/neda/Documents/workspace2/DissertationProject/util/Python/zulip/email_mirror/email_mirror
8c34c40924,/Users/neda/Documents/workspace2/DissertationProject/util/Python/zulip/email_mirror/email_mirror@d72f75a7e1@Wed Oct 14 11:11:50 2015 -0400.py,ZulipEmailForwardError,2,0,0,0,0.16377089491209415,True,10,12,166,/Users/neda/Documents/workspace2/DissertationProject/util/Python/zulip/email_mirror/email_mirror
8c34c40924,/Users/neda/Documents/workspace2/DissertationProject/util/Python/zulip/email_mirror/email_mirror@a8e5755c7b@Thu Oct 29 11:09:09 2015 -0400.py,ZulipEmailForwardError,2,0,0,0,0.15665042122026396,True,11,12,166,/Users/neda/Documents/workspace2/DissertationProject/util/Python/zulip/email_mirror/email_mirror
8c34c40924,/Users/neda/Documents/workspace2/DissertationProject/util/Python/zulip/email_mirror/email_mirror@8c34c40924@Sun Nov 1 08:08:33 2015 -0800.py,ZulipEmailForwardError,2,0,0,0,0.15665042122026396,True,12,12,166,/Users/neda/Documents/workspace2/DissertationProject/util/Python/zulip/email_mirror/email_mirror
8c34c40924,/Users/neda/Documents/workspace2/DissertationProject/util/Python/zulip/email_mirror/email_mirror@651b011514@Sun Nov 1 08:14:25 2015 -0800.py,ZulipEmailForwardError,2,0,0,0,0.15665042122026396,True,13,12,166,/Users/neda/Documents/workspace2/DissertationProject/util/Python/zulip/email_mirror/email_mirror
646ba5b9e5,/Users/neda/Documents/workspace2/DissertationProject/util/Python/zulip/cache/cache@ee546a33a3@Sun Nov 5 11:15:10 2017 +0100.py,NotFoundInCache,2,0,0,0,0.19105222313917958,True,145,147,211,/Users/neda/Documents/workspace2/DissertationProject/util/Python/zulip/cache/cache
646ba5b9e5,/Users/neda/Documents/workspace2/DissertationProject/util/Python/zulip/cache/cache@229a8b38c0@Mon Nov 27 04:27:04 2017 +0000.py,NotFoundInCache,2,0,0,0,0.19105222313917958,True,146,147,211,/Users/neda/Documents/workspace2/DissertationProject/util/Python/zulip/cache/cache
646ba5b9e5,/Users/neda/Documents/workspace2/DissertationProject/util/Python/zulip/cache/cache@646ba5b9e5@Mon Nov 27 14:33:13 2017 -0800.py,NotFoundInCache,2,0,0,0,0.19105222313917958,True,147,147,211,/Users/neda/Documents/workspace2/DissertationProject/util/Python/zulip/cache/cache
646ba5b9e5,/Users/neda/Documents/workspace2/DissertationProject/util/Python/zulip/cache/cache@e6d3f8895f@Thu Jan 4 18:19:39 2018 +0530.py,NotFoundInCache,2,0,0,0,0.1887726938739784,True,148,147,211,/Users/neda/Documents/workspace2/DissertationProject/util/Python/zulip/cache/cache
69c0959f34,/Users/neda/Documents/workspace2/DissertationProject/util/Python/zulip/decorator/decorator@81c28c1d3e@Thu Jun 11 03:56:49 2020 +0530.py,InvalidZulipServerError,3,0,0,0,0.20335332663537803,True,341,343,382,/Users/neda/Documents/workspace2/DissertationProject/util/Python/zulip/decorator/decorator
69c0959f34,/Users/neda/Documents/workspace2/DissertationProject/util/Python/zulip/decorator/decorator@81c28c1d3e@Thu Jun 11 03:56:49 2020 +0530.py,InvalidZulipServerKeyError,4,0,4,0,0.20335332663537803,True,341,343,382,/Users/neda/Documents/workspace2/DissertationProject/util/Python/zulip/decorator/decorator
69c0959f34,/Users/neda/Documents/workspace2/DissertationProject/util/Python/zulip/decorator/decorator@365fe0b3d5@Wed Jun 10 15:54:34 2020 -0700.py,InvalidZulipServerError,3,0,0,0,0.20335332663537803,True,342,343,382,/Users/neda/Documents/workspace2/DissertationProject/util/Python/zulip/decorator/decorator
69c0959f34,/Users/neda/Documents/workspace2/DissertationProject/util/Python/zulip/decorator/decorator@365fe0b3d5@Wed Jun 10 15:54:34 2020 -0700.py,InvalidZulipServerKeyError,4,0,4,0,0.20335332663537803,True,342,343,382,/Users/neda/Documents/workspace2/DissertationProject/util/Python/zulip/decorator/decorator
69c0959f34,/Users/neda/Documents/workspace2/DissertationProject/util/Python/zulip/decorator/decorator@69c0959f34@Fri Jun 12 16:57:21 2020 -0700.py,InvalidZulipServerError,3,0,0,0,0.20335332663537803,True,343,343,382,/Users/neda/Documents/workspace2/DissertationProject/util/Python/zulip/decorator/decorator
69c0959f34,/Users/neda/Documents/workspace2/DissertationProject/util/Python/zulip/decorator/decorator@69c0959f34@Fri Jun 12 16:57:21 2020 -0700.py,InvalidZulipServerKeyError,4,0,4,0,0.20335332663537803,True,343,343,382,/Users/neda/Documents/workspace2/DissertationProject/util/Python/zulip/decorator/decorator
69c0959f34,/Users/neda/Documents/workspace2/DissertationProject/util/Python/zulip/decorator/decorator@3916ea23a9@Thu Jun 18 15:32:55 2020 -0700.py,InvalidZulipServerError,3,0,0,0,0.21215822065311868,True,344,343,382,/Users/neda/Documents/workspace2/DissertationProject/util/Python/zulip/decorator/decorator
69c0959f34,/Users/neda/Documents/workspace2/DissertationProject/util/Python/zulip/decorator/decorator@3916ea23a9@Thu Jun 18 15:32:55 2020 -0700.py,InvalidZulipServerKeyError,4,0,4,0,0.21215822065311868,True,344,343,382,/Users/neda/Documents/workspace2/DissertationProject/util/Python/zulip/decorator/decorator
9866124b78,/Users/neda/Documents/workspace2/DissertationProject/util/Python/zulip/email_mirror/email_mirror@75e81253f2@Sat Mar 4 15:18:18 2017 -0800.py,ZulipEmailForwardError,2,0,0,0,0.20812452889985258,True,41,43,166,/Users/neda/Documents/workspace2/DissertationProject/util/Python/zulip/email_mirror/email_mirror
9866124b78,/Users/neda/Documents/workspace2/DissertationProject/util/Python/zulip/email_mirror/email_mirror@5dc683ba8d@Mon Mar 13 09:42:14 2017 -0700.py,ZulipEmailForwardError,2,0,0,0,0.2009106588549696,True,42,43,166,/Users/neda/Documents/workspace2/DissertationProject/util/Python/zulip/email_mirror/email_mirror
9866124b78,/Users/neda/Documents/workspace2/DissertationProject/util/Python/zulip/email_mirror/email_mirror@9866124b78@Sun Mar 19 21:02:30 2017 -0700.py,ZulipEmailForwardError,2,0,0,0,0.2009106588549696,True,43,43,166,/Users/neda/Documents/workspace2/DissertationProject/util/Python/zulip/email_mirror/email_mirror
96726c00ce,/Users/neda/Documents/workspace2/DissertationProject/util/Python/zulip/export/export@dbe508bb91@Wed Aug 28 02:43:19 2019 +0200.py,Config,1,0,0,0,0.2209025184615246,False,219,221,268,/Users/neda/Documents/workspace2/DissertationProject/util/Python/zulip/export/export
96726c00ce,/Users/neda/Documents/workspace2/DissertationProject/util/Python/zulip/export/export@78b018989e@Thu Sep 12 14:36:45 2019 -0700.py,Command,2,5,4,1.25,0.21497567334400325,False,220,221,268,/Users/neda/Documents/workspace2/DissertationProject/util/Python/zulip/export/export
96726c00ce,/Users/neda/Documents/workspace2/DissertationProject/util/Python/zulip/export/export@96726c00ce@Tue Sep 24 13:46:53 2019 -0700.py,Config,1,0,0,0,0.2209025184615246,False,221,221,268,/Users/neda/Documents/workspace2/DissertationProject/util/Python/zulip/export/export
96726c00ce,/Users/neda/Documents/workspace2/DissertationProject/util/Python/zulip/export/export@461d5b1a3e@Thu Dec 19 18:00:45 2019 -0500.py,Config,1,0,0,0,0.20335332663537803,False,222,221,268,/Users/neda/Documents/workspace2/DissertationProject/util/Python/zulip/export/export
07fa63e0c8,/Users/neda/Documents/workspace2/DissertationProject/util/Python/zulip/streams/streams@7b3f4755ff@Sun Jun 21 14:20:01 2020 +0530.py,PrincipalError,3,0,0,0,0.21215822065311868,True,230,232,259,/Users/neda/Documents/workspace2/DissertationProject/util/Python/zulip/streams/streams
07fa63e0c8,/Users/neda/Documents/workspace2/DissertationProject/util/Python/zulip/streams/streams@1562ec758e@Sun Jun 21 14:44:35 2020 +0530.py,PrincipalError,3,0,0,0,0.21215822065311868,True,231,232,259,/Users/neda/Documents/workspace2/DissertationProject/util/Python/zulip/streams/streams
07fa63e0c8,/Users/neda/Documents/workspace2/DissertationProject/util/Python/zulip/streams/streams@07fa63e0c8@Mon Jun 22 13:37:00 2020 -0700.py,PrincipalError,3,0,0,0,0.21215822065311868,True,232,232,259,/Users/neda/Documents/workspace2/DissertationProject/util/Python/zulip/streams/streams
07fa63e0c8,/Users/neda/Documents/workspace2/DissertationProject/util/Python/zulip/streams/streams@dcbc8e66fb@Tue Jun 23 18:22:41 2020 -0700.py,PrincipalError,3,0,0,0,0.22123355963457514,True,233,232,259,/Users/neda/Documents/workspace2/DissertationProject/util/Python/zulip/streams/streams
6b0df43463,/Users/neda/Documents/workspace2/DissertationProject/util/Python/zulip/cache/cache@c93f1d4eda@Thu Oct 27 15:06:44 2016 +0500.py,NotFoundInCache,2,0,0,0,0.23071908401753444,True,100,102,211,/Users/neda/Documents/workspace2/DissertationProject/util/Python/zulip/cache/cache
6b0df43463,/Users/neda/Documents/workspace2/DissertationProject/util/Python/zulip/cache/cache@770a899239@Thu Dec 15 11:02:42 2016 +0500.py,NotFoundInCache,2,0,0,0,0.23071908401753444,True,103,102,211,/Users/neda/Documents/workspace2/DissertationProject/util/Python/zulip/cache/cache
aae610f65c,/Users/neda/Documents/workspace2/DissertationProject/util/Python/zulip/populate_analytics_db/populate_analytics_db@becef760bf@Tue Aug 6 15:30:17 2019 -0700.py,Command,2,5,4,1.25,0.21594145831402192,False,39,40,53,/Users/neda/Documents/workspace2/DissertationProject/util/Python/zulip/populate_analytics_db/populate_analytics_db
aae610f65c,/Users/neda/Documents/workspace2/DissertationProject/util/Python/zulip/populate_analytics_db/populate_analytics_db@aae610f65c@Thu Sep 19 14:14:25 2019 -0700.py,Command,2,5,4,1.25,0.21620410576311186,False,40,40,53,/Users/neda/Documents/workspace2/DissertationProject/util/Python/zulip/populate_analytics_db/populate_analytics_db
aae610f65c,/Users/neda/Documents/workspace2/DissertationProject/util/Python/zulip/populate_analytics_db/populate_analytics_db@8acfa17fe6@Thu Nov 28 16:56:04 2019 +0100.py,Command,2,5,4,1.25,0.22304306684980352,False,41,40,53,/Users/neda/Documents/workspace2/DissertationProject/util/Python/zulip/populate_analytics_db/populate_analytics_db
6f0564e9f4,/Users/neda/Documents/workspace2/DissertationProject/util/Python/zulip/view/view@a3a03bd6a5@Fri Mar 3 23:31:52 2017 +0530.py,UnsupportedUpdownEventType,3,0,5,0,0.20812452889985258,True,8,10,461,/Users/neda/Documents/workspace2/DissertationProject/util/Python/zulip/view/view
6f0564e9f4,/Users/neda/Documents/workspace2/DissertationProject/util/Python/zulip/view/view@2bbfdeeb7b@Fri Mar 3 14:15:18 2017 -0800.py,UnknownEventType,2,0,0,0,0.20812452889985258,True,9,10,461,/Users/neda/Documents/workspace2/DissertationProject/util/Python/zulip/view/view
41bd88d5ed,/Users/neda/Documents/workspace2/DissertationProject/util/Python/zulip/backends/backends@41bd88d5ed@Tue Nov 29 13:22:02 2016 +0700.py,Jinja2,2,5,5,1.0,0.22550340293379142,False,62,62,378,/Users/neda/Documents/workspace2/DissertationProject/util/Python/zulip/backends/backends
41bd88d5ed,/Users/neda/Documents/workspace2/DissertationProject/util/Python/zulip/backends/backends@41bd88d5ed@Tue Nov 29 13:22:02 2016 +0700.py,Template,2,5,5,1.0,0.22550340293379142,False,62,62,378,/Users/neda/Documents/workspace2/DissertationProject/util/Python/zulip/backends/backends
f3783fb4a1,/Users/neda/Documents/workspace2/DissertationProject/util/Python/zulip/__init__/__init__@43abd83d1c@Sun Nov 1 08:10:46 2015 -0800.py,PrincipalError,3,2,4,0.5,0.15665042122026396,False,600,601,1278,/Users/neda/Documents/workspace2/DissertationProject/util/Python/zulip/__init__/__init__
50fe1f7d9c,/Users/neda/Documents/workspace2/DissertationProject/util/Python/zulip/streams/streams@54edecd510@Thu Aug 17 23:02:02 2017 -0400.py,PrincipalError,3,0,0,0,0.18804899854049184,True,106,108,259,/Users/neda/Documents/workspace2/DissertationProject/util/Python/zulip/streams/streams
50fe1f7d9c,/Users/neda/Documents/workspace2/DissertationProject/util/Python/zulip/streams/streams@313f73258d@Tue Aug 22 15:41:08 2017 -0400.py,PrincipalError,3,0,0,0,0.18804899854049184,True,107,108,259,/Users/neda/Documents/workspace2/DissertationProject/util/Python/zulip/streams/streams
50fe1f7d9c,/Users/neda/Documents/workspace2/DissertationProject/util/Python/zulip/streams/streams@50fe1f7d9c@Thu Aug 24 06:05:16 2017 +0530.py,PrincipalError,3,0,0,0,0.18804899854049184,True,108,108,259,/Users/neda/Documents/workspace2/DissertationProject/util/Python/zulip/streams/streams
33295180a9,/Users/neda/Documents/workspace2/DissertationProject/util/Python/zulip/__init__/__init__@cd6f8e9191@Sun Nov 1 08:14:53 2015 -0800.py,PrincipalError,3,2,4,0.5,0.15665042122026396,False,604,606,1278,/Users/neda/Documents/workspace2/DissertationProject/util/Python/zulip/__init__/__init__
328136344a,/Users/neda/Documents/workspace2/DissertationProject/util/Python/zulip/export/export@468afe4840@Sun May 27 00:48:54 2018 +0530.py,Config,1,0,0,0,0.2330033598344073,False,149,151,268,/Users/neda/Documents/workspace2/DissertationProject/util/Python/zulip/export/export
328136344a,/Users/neda/Documents/workspace2/DissertationProject/util/Python/zulip/export/export@42aea68df3@Thu May 31 10:13:56 2018 -0700.py,Config,1,0,0,0,0.2314500041021779,False,150,151,268,/Users/neda/Documents/workspace2/DissertationProject/util/Python/zulip/export/export
328136344a,/Users/neda/Documents/workspace2/DissertationProject/util/Python/zulip/export/export@328136344a@Thu May 31 10:17:55 2018 -0700.py,Config,1,0,0,0,0.2314500041021779,False,151,151,268,/Users/neda/Documents/workspace2/DissertationProject/util/Python/zulip/export/export
328136344a,/Users/neda/Documents/workspace2/DissertationProject/util/Python/zulip/export/export@b9b81cf658@Thu May 31 10:34:54 2018 -0700.py,Config,1,0,0,0,0.2314500041021779,False,152,151,268,/Users/neda/Documents/workspace2/DissertationProject/util/Python/zulip/export/export
651b011514,/Users/neda/Documents/workspace2/DissertationProject/util/Python/zulip/__init__/__init__@43abd83d1c@Sun Nov 1 08:10:46 2015 -0800.py,PrincipalError,3,2,4,0.5,0.15665042122026396,False,600,602,1278,/Users/neda/Documents/workspace2/DissertationProject/util/Python/zulip/__init__/__init__
3f55bfc53b,/Users/neda/Documents/workspace2/DissertationProject/util/Python/zulip/0198_preregistrationuser_invited_as/0198_preregistrationuser_invited_as@69ae4931c3@Sun Apr 26 22:19:08 2020 -0700.py,Migration,2,2,2,1.0,0.19992219825811164,False,4,6,7,/Users/neda/Documents/workspace2/DissertationProject/util/Python/zulip/0198_preregistrationuser_invited_as/0198_preregistrationuser_invited_as
3f55bfc53b,/Users/neda/Documents/workspace2/DissertationProject/util/Python/zulip/0198_preregistrationuser_invited_as/0198_preregistrationuser_invited_as@47bf111de8@Wed Apr 29 12:13:25 2020 +0530.py,Migration,2,2,2,1.0,0.19887548517822623,False,5,6,7,/Users/neda/Documents/workspace2/DissertationProject/util/Python/zulip/0198_preregistrationuser_invited_as/0198_preregistrationuser_invited_as
3f55bfc53b,/Users/neda/Documents/workspace2/DissertationProject/util/Python/zulip/0198_preregistrationuser_invited_as/0198_preregistrationuser_invited_as@3f55bfc53b@Tue Jun 16 15:13:18 2020 -0700.py,Migration,2,2,2,1.0,0.21152046555107787,False,6,6,7,/Users/neda/Documents/workspace2/DissertationProject/util/Python/zulip/0198_preregistrationuser_invited_as/0198_preregistrationuser_invited_as
70c513a640,/Users/neda/Documents/workspace2/DissertationProject/util/Python/zulip/remote_server/remote_server@216d2ec1bf@Mon Feb 11 20:54:17 2019 -0800.py,PushNotificationBouncerException,2,0,0,0,0.19998828459080573,True,4,6,18,/Users/neda/Documents/workspace2/DissertationProject/util/Python/zulip/remote_server/remote_server
70c513a640,/Users/neda/Documents/workspace2/DissertationProject/util/Python/zulip/remote_server/remote_server@d6140b684f@Mon Feb 11 21:16:10 2019 -0800.py,PushNotificationBouncerException,2,0,0,0,0.19998828459080573,True,5,6,18,/Users/neda/Documents/workspace2/DissertationProject/util/Python/zulip/remote_server/remote_server
70c513a640,/Users/neda/Documents/workspace2/DissertationProject/util/Python/zulip/remote_server/remote_server@70c513a640@Mon Sep 2 18:47:10 2019 -0700.py,PushNotificationBouncerException,2,0,0,0,0.22255143091976096,True,6,6,18,/Users/neda/Documents/workspace2/DissertationProject/util/Python/zulip/remote_server/remote_server
70c513a640,/Users/neda/Documents/workspace2/DissertationProject/util/Python/zulip/remote_server/remote_server@360cd7f147@Wed Oct 2 17:01:36 2019 -0700.py,PushNotificationBouncerException,2,0,0,0,0.21869617390988053,True,7,6,18,/Users/neda/Documents/workspace2/DissertationProject/util/Python/zulip/remote_server/remote_server
13bac1cc2a,/Users/neda/Documents/workspace2/DissertationProject/util/Python/zulip/upload/upload@23ff717bee@Wed Jun 8 14:05:16 2016 +0530.py,BadImageError,3,0,5,0,0.2099570046369829,True,26,28,189,/Users/neda/Documents/workspace2/DissertationProject/util/Python/zulip/upload/upload
edf1b1e5e8,/Users/neda/Documents/workspace2/DissertationProject/util/Python/zulip/integrations/integrations@41fc7b2ae1@Sat Mar 14 17:42:03 2020 +0530.py,Integration,1,0,2,0,0.21399445936750747,False,256,257,291,/Users/neda/Documents/workspace2/DissertationProject/util/Python/zulip/integrations/integrations
edf1b1e5e8,/Users/neda/Documents/workspace2/DissertationProject/util/Python/zulip/integrations/integrations@41fc7b2ae1@Sat Mar 14 17:42:03 2020 +0530.py,BotIntegration,2,8,15,0.5333333333333333,0.21399445936750747,False,256,257,291,/Users/neda/Documents/workspace2/DissertationProject/util/Python/zulip/integrations/integrations
edf1b1e5e8,/Users/neda/Documents/workspace2/DissertationProject/util/Python/zulip/integrations/integrations@41fc7b2ae1@Sat Mar 14 17:42:03 2020 +0530.py,WebhookIntegration,2,3,15,0.2,0.21399445936750747,True,256,257,291,/Users/neda/Documents/workspace2/DissertationProject/util/Python/zulip/integrations/integrations
edf1b1e5e8,/Users/neda/Documents/workspace2/DissertationProject/util/Python/zulip/integrations/integrations@41fc7b2ae1@Sat Mar 14 17:42:03 2020 +0530.py,HubotIntegration,2,2,15,0.13333333333333333,0.21399445936750747,True,256,257,291,/Users/neda/Documents/workspace2/DissertationProject/util/Python/zulip/integrations/integrations
edf1b1e5e8,/Users/neda/Documents/workspace2/DissertationProject/util/Python/zulip/integrations/integrations@41fc7b2ae1@Sat Mar 14 17:42:03 2020 +0530.py,EmbeddedBotIntegration,2,2,15,0.13333333333333333,0.21399445936750747,True,256,257,291,/Users/neda/Documents/workspace2/DissertationProject/util/Python/zulip/integrations/integrations
edf1b1e5e8,/Users/neda/Documents/workspace2/DissertationProject/util/Python/zulip/integrations/integrations@4d2ce607c9@Thu Apr 9 23:03:49 2020 +0530.py,Integration,1,0,2,0,0.2153059837270364,False,258,257,291,/Users/neda/Documents/workspace2/DissertationProject/util/Python/zulip/integrations/integrations
edf1b1e5e8,/Users/neda/Documents/workspace2/DissertationProject/util/Python/zulip/integrations/integrations@4d2ce607c9@Thu Apr 9 23:03:49 2020 +0530.py,BotIntegration,2,8,15,0.5333333333333333,0.2153059837270364,False,258,257,291,/Users/neda/Documents/workspace2/DissertationProject/util/Python/zulip/integrations/integrations
edf1b1e5e8,/Users/neda/Documents/workspace2/DissertationProject/util/Python/zulip/integrations/integrations@4d2ce607c9@Thu Apr 9 23:03:49 2020 +0530.py,WebhookIntegration,2,3,15,0.2,0.2153059837270364,True,258,257,291,/Users/neda/Documents/workspace2/DissertationProject/util/Python/zulip/integrations/integrations
edf1b1e5e8,/Users/neda/Documents/workspace2/DissertationProject/util/Python/zulip/integrations/integrations@4d2ce607c9@Thu Apr 9 23:03:49 2020 +0530.py,HubotIntegration,2,2,15,0.13333333333333333,0.2153059837270364,True,258,257,291,/Users/neda/Documents/workspace2/DissertationProject/util/Python/zulip/integrations/integrations
edf1b1e5e8,/Users/neda/Documents/workspace2/DissertationProject/util/Python/zulip/integrations/integrations@4d2ce607c9@Thu Apr 9 23:03:49 2020 +0530.py,EmbeddedBotIntegration,2,2,15,0.13333333333333333,0.2153059837270364,True,258,257,291,/Users/neda/Documents/workspace2/DissertationProject/util/Python/zulip/integrations/integrations
bc9663d57f,/Users/neda/Documents/workspace2/DissertationProject/util/Python/zulip/common/common@365fe0b3d5@Wed Jun 10 15:54:34 2020 -0700.py,MissingHTTPEventHeader,3,0,0,0,0.20335332663537803,True,63,65,67,/Users/neda/Documents/workspace2/DissertationProject/util/Python/zulip/common/common
bc9663d57f,/Users/neda/Documents/workspace2/DissertationProject/util/Python/zulip/common/common@69c0959f34@Fri Jun 12 16:57:21 2020 -0700.py,MissingHTTPEventHeader,3,0,0,0,0.20335332663537803,True,64,65,67,/Users/neda/Documents/workspace2/DissertationProject/util/Python/zulip/common/common
bc9663d57f,/Users/neda/Documents/workspace2/DissertationProject/util/Python/zulip/common/common@bc9663d57f@Tue Jun 30 14:54:27 2020 -0700.py,MissingHTTPEventHeader,3,0,0,0,0.22123355963457514,True,65,65,67,/Users/neda/Documents/workspace2/DissertationProject/util/Python/zulip/common/common
bc9663d57f,/Users/neda/Documents/workspace2/DissertationProject/util/Python/zulip/common/common@8016769613@Wed Aug 19 13:14:40 2020 -0700.py,MissingHTTPEventHeader,3,0,0,0,0.21745435090158857,True,66,65,67,/Users/neda/Documents/workspace2/DissertationProject/util/Python/zulip/common/common
32f24bff8d,/Users/neda/Documents/workspace2/DissertationProject/util/Python/zulip/view/view@e7746809d2@Thu Dec 13 10:22:19 2018 -0800.py,NotImplementedEventType,2,0,0,0,0.2060292922657052,True,226,227,461,/Users/neda/Documents/workspace2/DissertationProject/util/Python/zulip/view/view
32f24bff8d,/Users/neda/Documents/workspace2/DissertationProject/util/Python/zulip/view/view@e7746809d2@Thu Dec 13 10:22:19 2018 -0800.py,SuppressedEvent,2,0,0,0,0.2060292922657052,True,226,227,461,/Users/neda/Documents/workspace2/DissertationProject/util/Python/zulip/view/view
32f24bff8d,/Users/neda/Documents/workspace2/DissertationProject/util/Python/zulip/view/view@32f24bff8d@Sat Dec 15 14:14:09 2018 -0800.py,SuppressedEvent,2,0,0,0,0.2060292922657052,True,227,227,461,/Users/neda/Documents/workspace2/DissertationProject/util/Python/zulip/view/view
32f24bff8d,/Users/neda/Documents/workspace2/DissertationProject/util/Python/zulip/view/view@32f24bff8d@Sat Dec 15 14:14:09 2018 -0800.py,NotImplementedEventType,3,0,0,0,0.2060292922657052,True,227,227,461,/Users/neda/Documents/workspace2/DissertationProject/util/Python/zulip/view/view
7b35234c7b,/Users/neda/Documents/workspace2/DissertationProject/util/Python/zulip/email_mirror/email_mirror@1ed2d9b4a0@Thu Jun 11 16:35:37 2020 -0700.py,ZulipEmailForwardUserError,3,0,0,0,0.2049128781949295,True,161,162,166,/Users/neda/Documents/workspace2/DissertationProject/util/Python/zulip/email_mirror/email_mirror
7b35234c7b,/Users/neda/Documents/workspace2/DissertationProject/util/Python/zulip/email_mirror/email_mirror@1ed2d9b4a0@Thu Jun 11 16:35:37 2020 -0700.py,RateLimitedRealmMirror,3,4,13,0.3076923076923077,0.2049128781949295,False,161,162,166,/Users/neda/Documents/workspace2/DissertationProject/util/Python/zulip/email_mirror/email_mirror
7b35234c7b,/Users/neda/Documents/workspace2/DissertationProject/util/Python/zulip/email_mirror/email_mirror@7b35234c7b@Wed Jul 22 16:11:25 2020 -0300.py,ZulipEmailForwardUserError,3,0,0,0,0.22153571095195454,True,162,162,166,/Users/neda/Documents/workspace2/DissertationProject/util/Python/zulip/email_mirror/email_mirror
7b35234c7b,/Users/neda/Documents/workspace2/DissertationProject/util/Python/zulip/email_mirror/email_mirror@7b35234c7b@Wed Jul 22 16:11:25 2020 -0300.py,RateLimitedRealmMirror,3,4,13,0.3076923076923077,0.22153571095195454,False,162,162,166,/Users/neda/Documents/workspace2/DissertationProject/util/Python/zulip/email_mirror/email_mirror
7b35234c7b,/Users/neda/Documents/workspace2/DissertationProject/util/Python/zulip/email_mirror/email_mirror@34003fc7f6@Sat Aug 1 22:06:08 2020 +0530.py,ZulipEmailForwardUserError,3,0,0,0,0.2224877973145299,True,163,162,166,/Users/neda/Documents/workspace2/DissertationProject/util/Python/zulip/email_mirror/email_mirror
7b35234c7b,/Users/neda/Documents/workspace2/DissertationProject/util/Python/zulip/email_mirror/email_mirror@34003fc7f6@Sat Aug 1 22:06:08 2020 +0530.py,RateLimitedRealmMirror,3,4,13,0.3076923076923077,0.2224877973145299,False,163,162,166,/Users/neda/Documents/workspace2/DissertationProject/util/Python/zulip/email_mirror/email_mirror
e124837cdc,/Users/neda/Documents/workspace2/DissertationProject/util/Python/zulip/export_single_user/export_single_user@becef760bf@Tue Aug 6 15:30:17 2019 -0700.py,Command,2,5,4,1.25,0.21594145831402192,False,10,11,17,/Users/neda/Documents/workspace2/DissertationProject/util/Python/zulip/export_single_user/export_single_user
e124837cdc,/Users/neda/Documents/workspace2/DissertationProject/util/Python/zulip/export_single_user/export_single_user@e124837cdc@Fri Nov 15 16:42:36 2019 -0800.py,Command,2,5,4,1.25,0.22491902141525646,False,11,11,17,/Users/neda/Documents/workspace2/DissertationProject/util/Python/zulip/export_single_user/export_single_user
e124837cdc,/Users/neda/Documents/workspace2/DissertationProject/util/Python/zulip/export_single_user/export_single_user@8e7ce7cc79@Tue Jan 14 12:59:46 2020 -0800.py,Command,2,5,4,1.25,0.22035038297719467,False,12,11,17,/Users/neda/Documents/workspace2/DissertationProject/util/Python/zulip/export_single_user/export_single_user
c155403884,/Users/neda/Documents/workspace2/DissertationProject/util/Python/zulip/send_custom_email/send_custom_email@60a25b2721@Mon Aug 10 16:47:44 2020 -0700.py,Command,2,5,4,1.25,0.22041684372492445,False,9,11,15,/Users/neda/Documents/workspace2/DissertationProject/util/Python/zulip/send_custom_email/send_custom_email
c155403884,/Users/neda/Documents/workspace2/DissertationProject/util/Python/zulip/send_custom_email/send_custom_email@768f9f93cd@Mon Aug 10 16:47:49 2020 -0700.py,Command,2,5,4,1.25,0.22041684372492445,False,10,11,15,/Users/neda/Documents/workspace2/DissertationProject/util/Python/zulip/send_custom_email/send_custom_email
c155403884,/Users/neda/Documents/workspace2/DissertationProject/util/Python/zulip/send_custom_email/send_custom_email@c155403884@Mon Aug 10 16:47:54 2020 -0700.py,Command,2,5,4,1.25,0.22041684372492445,False,11,11,15,/Users/neda/Documents/workspace2/DissertationProject/util/Python/zulip/send_custom_email/send_custom_email
c155403884,/Users/neda/Documents/workspace2/DissertationProject/util/Python/zulip/send_custom_email/send_custom_email@a5dbab8fb0@Tue Sep 1 19:49:02 2020 -0700.py,Command,2,5,4,1.25,0.2182126752876752,False,12,11,15,/Users/neda/Documents/workspace2/DissertationProject/util/Python/zulip/send_custom_email/send_custom_email
0cabacb8ab,/Users/neda/Documents/workspace2/DissertationProject/util/Python/zulip/export/export@461d5b1a3e@Thu Dec 19 18:00:45 2019 -0500.py,Config,1,0,0,0,0.20335332663537803,False,222,224,268,/Users/neda/Documents/workspace2/DissertationProject/util/Python/zulip/export/export
0cabacb8ab,/Users/neda/Documents/workspace2/DissertationProject/util/Python/zulip/export/export@9077bbfefd@Wed Dec 25 22:28:05 2019 +0100.py,Config,1,0,0,0,0.21556015726029915,False,223,224,268,/Users/neda/Documents/workspace2/DissertationProject/util/Python/zulip/export/export
0cabacb8ab,/Users/neda/Documents/workspace2/DissertationProject/util/Python/zulip/export/export@0cabacb8ab@Mon Dec 30 00:19:50 2019 +0500.py,Config,1,0,0,0,0.21556015726029915,False,224,224,268,/Users/neda/Documents/workspace2/DissertationProject/util/Python/zulip/export/export
0cabacb8ab,/Users/neda/Documents/workspace2/DissertationProject/util/Python/zulip/export/export@5dfd4ea38d@Sat Jan 11 18:53:14 2020 +0000.py,Config,1,0,0,0,0.22264959598012687,False,225,224,268,/Users/neda/Documents/workspace2/DissertationProject/util/Python/zulip/export/export
f7582f0050,/Users/neda/Documents/workspace2/DissertationProject/util/Python/zulip/streams/streams@b8d7f8008a@Sun Nov 20 18:16:52 2016 -0500.py,PrincipalError,3,3,5,0.6,0.2277812150846378,False,37,39,259,/Users/neda/Documents/workspace2/DissertationProject/util/Python/zulip/streams/streams
f7582f0050,/Users/neda/Documents/workspace2/DissertationProject/util/Python/zulip/streams/streams@c5316b4002@Wed Nov 30 20:17:35 2016 +0700.py,PrincipalError,3,3,5,0.6,0.22550340293379142,False,38,39,259,/Users/neda/Documents/workspace2/DissertationProject/util/Python/zulip/streams/streams
f7582f0050,/Users/neda/Documents/workspace2/DissertationProject/util/Python/zulip/streams/streams@f7582f0050@Wed Nov 30 22:16:45 2016 -0700.py,PrincipalError,3,3,5,0.6,0.22550340293379142,False,39,39,259,/Users/neda/Documents/workspace2/DissertationProject/util/Python/zulip/streams/streams
f7582f0050,/Users/neda/Documents/workspace2/DissertationProject/util/Python/zulip/streams/streams@8c0c12c1d9@Fri Dec 2 16:18:11 2016 +0000.py,PrincipalError,3,3,5,0.6,0.22550340293379142,False,40,39,259,/Users/neda/Documents/workspace2/DissertationProject/util/Python/zulip/streams/streams
d2fa058cc1,/Users/neda/Documents/workspace2/DissertationProject/util/Python/zulip/cache/cache@4f2897fafc@Mon Dec 16 05:53:54 2019 +0100.py,NotFoundInCache,2,0,0,0,0.2167380816169128,True,188,190,211,/Users/neda/Documents/workspace2/DissertationProject/util/Python/zulip/cache/cache
d2fa058cc1,/Users/neda/Documents/workspace2/DissertationProject/util/Python/zulip/cache/cache@4f2897fafc@Mon Dec 16 05:53:54 2019 +0100.py,InvalidCacheKeyException,2,0,0,0,0.2167380816169128,True,188,190,211,/Users/neda/Documents/workspace2/DissertationProject/util/Python/zulip/cache/cache
d2fa058cc1,/Users/neda/Documents/workspace2/DissertationProject/util/Python/zulip/cache/cache@a9794ec001@Fri Feb 21 14:54:51 2020 +0100.py,NotFoundInCache,2,0,0,0,0.2251718155333337,True,189,190,211,/Users/neda/Documents/workspace2/DissertationProject/util/Python/zulip/cache/cache
d2fa058cc1,/Users/neda/Documents/workspace2/DissertationProject/util/Python/zulip/cache/cache@a9794ec001@Fri Feb 21 14:54:51 2020 +0100.py,InvalidCacheKeyException,2,0,0,0,0.2251718155333337,True,189,190,211,/Users/neda/Documents/workspace2/DissertationProject/util/Python/zulip/cache/cache
d2fa058cc1,/Users/neda/Documents/workspace2/DissertationProject/util/Python/zulip/cache/cache@d2fa058cc1@Sat Mar 28 01:25:56 2020 +0100.py,NotFoundInCache,2,0,0,0,0.21894198133448006,True,190,190,211,/Users/neda/Documents/workspace2/DissertationProject/util/Python/zulip/cache/cache
d2fa058cc1,/Users/neda/Documents/workspace2/DissertationProject/util/Python/zulip/cache/cache@d2fa058cc1@Sat Mar 28 01:25:56 2020 +0100.py,InvalidCacheKeyException,2,0,0,0,0.21894198133448006,True,190,190,211,/Users/neda/Documents/workspace2/DissertationProject/util/Python/zulip/cache/cache
d2fa058cc1,/Users/neda/Documents/workspace2/DissertationProject/util/Python/zulip/cache/cache@c734bbd95d@Thu Apr 9 12:51:58 2020 -0700.py,NotFoundInCache,2,0,0,0,0.21399445936750747,True,191,190,211,/Users/neda/Documents/workspace2/DissertationProject/util/Python/zulip/cache/cache
d2fa058cc1,/Users/neda/Documents/workspace2/DissertationProject/util/Python/zulip/cache/cache@c734bbd95d@Thu Apr 9 12:51:58 2020 -0700.py,InvalidCacheKeyException,2,0,0,0,0.21399445936750747,True,191,190,211,/Users/neda/Documents/workspace2/DissertationProject/util/Python/zulip/cache/cache
5aa6751e7a,/Users/neda/Documents/workspace2/DissertationProject/util/Python/zulip/streams/streams@2af249dd5d@Tue Nov 14 19:51:34 2017 +0000.py,PrincipalError,3,0,0,0,0.19670307119841274,True,127,129,259,/Users/neda/Documents/workspace2/DissertationProject/util/Python/zulip/streams/streams
5aa6751e7a,/Users/neda/Documents/workspace2/DissertationProject/util/Python/zulip/streams/streams@d2555e8769@Tue Nov 14 20:06:02 2017 +0000.py,PrincipalError,3,0,0,0,0.19670307119841274,True,128,129,259,/Users/neda/Documents/workspace2/DissertationProject/util/Python/zulip/streams/streams
5aa6751e7a,/Users/neda/Documents/workspace2/DissertationProject/util/Python/zulip/streams/streams@5aa6751e7a@Wed Nov 15 10:57:52 2017 -0800.py,PrincipalError,3,0,0,0,0.19577165233175456,True,129,129,259,/Users/neda/Documents/workspace2/DissertationProject/util/Python/zulip/streams/streams
5aa6751e7a,/Users/neda/Documents/workspace2/DissertationProject/util/Python/zulip/streams/streams@d1cda29fb4@Mon Nov 20 19:35:26 2017 -0800.py,PrincipalError,3,0,0,0,0.2254141786893502,True,130,129,259,/Users/neda/Documents/workspace2/DissertationProject/util/Python/zulip/streams/streams
eef1d78e68,/Users/neda/Documents/workspace2/DissertationProject/util/Python/zulip/bitbucket2/bitbucket2@e6502710b6@Wed Jul 13 20:39:49 2016 +0530.py,UnknownTriggerType,2,0,0,0,0.2279142540628818,True,0,2,22,/Users/neda/Documents/workspace2/DissertationProject/util/Python/zulip/bitbucket2/bitbucket2
eef1d78e68,/Users/neda/Documents/workspace2/DissertationProject/util/Python/zulip/bitbucket2/bitbucket2@9bea1f46c7@Sun Jul 24 00:40:58 2016 +0530.py,UnknownTriggerType,2,0,0,0,0.2171888774010991,True,1,2,22,/Users/neda/Documents/workspace2/DissertationProject/util/Python/zulip/bitbucket2/bitbucket2
eef1d78e68,/Users/neda/Documents/workspace2/DissertationProject/util/Python/zulip/bitbucket2/bitbucket2@eef1d78e68@Sat Aug 13 20:31:13 2016 +0530.py,UnknownTriggerType,2,0,0,0,0.22171652930787988,True,2,2,22,/Users/neda/Documents/workspace2/DissertationProject/util/Python/zulip/bitbucket2/bitbucket2
eef1d78e68,/Users/neda/Documents/workspace2/DissertationProject/util/Python/zulip/bitbucket2/bitbucket2@6a727bc476@Sun Oct 2 09:44:33 2016 +0200.py,UnknownTriggerType,2,0,0,0,0.22592531805476807,True,3,2,22,/Users/neda/Documents/workspace2/DissertationProject/util/Python/zulip/bitbucket2/bitbucket2
2cdd367d49,/Users/neda/Documents/workspace2/DissertationProject/util/Python/zulip/email_mirror/email_mirror@4ce8f2aaa2@Wed Mar 28 21:44:17 2018 +0530.py,ZulipEmailForwardError,2,0,0,0,0.17974024017502271,True,84,86,166,/Users/neda/Documents/workspace2/DissertationProject/util/Python/zulip/email_mirror/email_mirror
2cdd367d49,/Users/neda/Documents/workspace2/DissertationProject/util/Python/zulip/email_mirror/email_mirror@2cdd367d49@Thu Apr 26 10:17:29 2018 -0700.py,ZulipEmailForwardError,2,0,0,0,0.17950703262764964,True,86,86,166,/Users/neda/Documents/workspace2/DissertationProject/util/Python/zulip/email_mirror/email_mirror
2cdd367d49,/Users/neda/Documents/workspace2/DissertationProject/util/Python/zulip/email_mirror/email_mirror@1f9244e060@Thu May 10 22:43:36 2018 +0530.py,ZulipEmailForwardError,2,0,0,0,0.1785471019718868,True,87,86,166,/Users/neda/Documents/workspace2/DissertationProject/util/Python/zulip/email_mirror/email_mirror
6837fc5d56,/Users/neda/Documents/workspace2/DissertationProject/util/Python/zulip/0160_add_choice_field/0160_add_choice_field@6837fc5d56@Sun May 6 11:40:31 2018 +0200.py,Migration,2,2,2,1.0,0.1785471019718868,False,0,0,2,/Users/neda/Documents/workspace2/DissertationProject/util/Python/zulip/0160_add_choice_field/0160_add_choice_field
6837fc5d56,/Users/neda/Documents/workspace2/DissertationProject/util/Python/zulip/0160_add_choice_field/0160_add_choice_field@c734bbd95d@Thu Apr 9 12:51:58 2020 -0700.py,Migration,2,2,2,1.0,0.21399445936750747,False,1,0,2,/Users/neda/Documents/workspace2/DissertationProject/util/Python/zulip/0160_add_choice_field/0160_add_choice_field
d9887759b4,/Users/neda/Documents/workspace2/DissertationProject/util/Python/zulip/check_help_documentation/check_help_documentation@b0b134cb4c@Thu Apr 5 14:39:35 2018 -0700.py,UnusedImagesLinterSpider,4,7,22,0.3181818181818182,0.17974024017502271,False,12,14,21,/Users/neda/Documents/workspace2/DissertationProject/util/Python/zulip/check_help_documentation/check_help_documentation
d9887759b4,/Users/neda/Documents/workspace2/DissertationProject/util/Python/zulip/check_help_documentation/check_help_documentation@b0b134cb4c@Thu Apr 5 14:39:35 2018 -0700.py,HelpDocumentationSpider,5,2,7,0.2857142857142857,0.17974024017502271,False,12,14,21,/Users/neda/Documents/workspace2/DissertationProject/util/Python/zulip/check_help_documentation/check_help_documentation
d9887759b4,/Users/neda/Documents/workspace2/DissertationProject/util/Python/zulip/check_help_documentation/check_help_documentation@b0b134cb4c@Thu Apr 5 14:39:35 2018 -0700.py,APIDocumentationSpider,5,2,7,0.2857142857142857,0.17974024017502271,False,12,14,21,/Users/neda/Documents/workspace2/DissertationProject/util/Python/zulip/check_help_documentation/check_help_documentation
d9887759b4,/Users/neda/Documents/workspace2/DissertationProject/util/Python/zulip/check_help_documentation/check_help_documentation@ca5ea20ab7@Sat Apr 21 15:42:23 2018 -0230.py,UnusedImagesLinterSpider,4,7,22,0.3181818181818182,0.17950703262764964,False,13,14,21,/Users/neda/Documents/workspace2/DissertationProject/util/Python/zulip/check_help_documentation/check_help_documentation
d9887759b4,/Users/neda/Documents/workspace2/DissertationProject/util/Python/zulip/check_help_documentation/check_help_documentation@ca5ea20ab7@Sat Apr 21 15:42:23 2018 -0230.py,HelpDocumentationSpider,5,2,7,0.2857142857142857,0.17950703262764964,False,13,14,21,/Users/neda/Documents/workspace2/DissertationProject/util/Python/zulip/check_help_documentation/check_help_documentation
d9887759b4,/Users/neda/Documents/workspace2/DissertationProject/util/Python/zulip/check_help_documentation/check_help_documentation@ca5ea20ab7@Sat Apr 21 15:42:23 2018 -0230.py,APIDocumentationSpider,5,2,7,0.2857142857142857,0.17950703262764964,False,13,14,21,/Users/neda/Documents/workspace2/DissertationProject/util/Python/zulip/check_help_documentation/check_help_documentation
d9887759b4,/Users/neda/Documents/workspace2/DissertationProject/util/Python/zulip/check_help_documentation/check_help_documentation@ca5ea20ab7@Sat Apr 21 15:42:23 2018 -0230.py,PorticoDocumentationSpider,4,3,22,0.13636363636363635,0.17950703262764964,True,13,14,21,/Users/neda/Documents/workspace2/DissertationProject/util/Python/zulip/check_help_documentation/check_help_documentation
d9887759b4,/Users/neda/Documents/workspace2/DissertationProject/util/Python/zulip/check_help_documentation/check_help_documentation@d9887759b4@Wed Oct 31 11:41:54 2018 -0700.py,UnusedImagesLinterSpider,4,7,22,0.3181818181818182,0.2194512652163696,False,14,14,21,/Users/neda/Documents/workspace2/DissertationProject/util/Python/zulip/check_help_documentation/check_help_documentation
d9887759b4,/Users/neda/Documents/workspace2/DissertationProject/util/Python/zulip/check_help_documentation/check_help_documentation@d9887759b4@Wed Oct 31 11:41:54 2018 -0700.py,HelpDocumentationSpider,5,2,7,0.2857142857142857,0.2194512652163696,False,14,14,21,/Users/neda/Documents/workspace2/DissertationProject/util/Python/zulip/check_help_documentation/check_help_documentation
d9887759b4,/Users/neda/Documents/workspace2/DissertationProject/util/Python/zulip/check_help_documentation/check_help_documentation@d9887759b4@Wed Oct 31 11:41:54 2018 -0700.py,APIDocumentationSpider,5,2,7,0.2857142857142857,0.2194512652163696,False,14,14,21,/Users/neda/Documents/workspace2/DissertationProject/util/Python/zulip/check_help_documentation/check_help_documentation
d9887759b4,/Users/neda/Documents/workspace2/DissertationProject/util/Python/zulip/check_help_documentation/check_help_documentation@d9887759b4@Wed Oct 31 11:41:54 2018 -0700.py,PorticoDocumentationSpider,4,3,22,0.13636363636363635,0.2194512652163696,True,14,14,21,/Users/neda/Documents/workspace2/DissertationProject/util/Python/zulip/check_help_documentation/check_help_documentation
d9887759b4,/Users/neda/Documents/workspace2/DissertationProject/util/Python/zulip/check_help_documentation/check_help_documentation@69e9a8f196@Wed Oct 31 23:52:11 2018 -0700.py,UnusedImagesLinterSpider,4,7,22,0.3181818181818182,0.2194512652163696,False,15,14,21,/Users/neda/Documents/workspace2/DissertationProject/util/Python/zulip/check_help_documentation/check_help_documentation
d9887759b4,/Users/neda/Documents/workspace2/DissertationProject/util/Python/zulip/check_help_documentation/check_help_documentation@69e9a8f196@Wed Oct 31 23:52:11 2018 -0700.py,HelpDocumentationSpider,5,2,7,0.2857142857142857,0.2194512652163696,False,15,14,21,/Users/neda/Documents/workspace2/DissertationProject/util/Python/zulip/check_help_documentation/check_help_documentation
d9887759b4,/Users/neda/Documents/workspace2/DissertationProject/util/Python/zulip/check_help_documentation/check_help_documentation@69e9a8f196@Wed Oct 31 23:52:11 2018 -0700.py,APIDocumentationSpider,5,2,7,0.2857142857142857,0.2194512652163696,False,15,14,21,/Users/neda/Documents/workspace2/DissertationProject/util/Python/zulip/check_help_documentation/check_help_documentation
d9887759b4,/Users/neda/Documents/workspace2/DissertationProject/util/Python/zulip/check_help_documentation/check_help_documentation@69e9a8f196@Wed Oct 31 23:52:11 2018 -0700.py,PorticoDocumentationSpider,4,3,22,0.13636363636363635,0.2194512652163696,True,15,14,21,/Users/neda/Documents/workspace2/DissertationProject/util/Python/zulip/check_help_documentation/check_help_documentation
400e355a2f,/Users/neda/Documents/workspace2/DissertationProject/util/Python/zulip/email_mirror/email_mirror@fe55127eee@Thu Feb 6 23:37:23 2014 -0500.py,ZulipEmailForwardError,2,0,0,0,0.14246897985499812,True,3,5,166,/Users/neda/Documents/workspace2/DissertationProject/util/Python/zulip/email_mirror/email_mirror
400e355a2f,/Users/neda/Documents/workspace2/DissertationProject/util/Python/zulip/email_mirror/email_mirror@7658886b02@Wed Feb 26 10:37:23 2014 -0500.py,ZulipEmailForwardError,2,0,0,0,0.14246897985499812,True,4,5,166,/Users/neda/Documents/workspace2/DissertationProject/util/Python/zulip/email_mirror/email_mirror
400e355a2f,/Users/neda/Documents/workspace2/DissertationProject/util/Python/zulip/email_mirror/email_mirror@400e355a2f@Thu Mar 13 14:21:21 2014 -0400.py,ZulipEmailForwardError,2,0,0,0,0.14246897985499812,True,5,5,166,/Users/neda/Documents/workspace2/DissertationProject/util/Python/zulip/email_mirror/email_mirror
400e355a2f,/Users/neda/Documents/workspace2/DissertationProject/util/Python/zulip/email_mirror/email_mirror@0a1d142d69@Tue Mar 18 19:01:25 2014 -0400.py,ZulipEmailForwardError,2,0,0,0,0.14246897985499812,True,6,5,166,/Users/neda/Documents/workspace2/DissertationProject/util/Python/zulip/email_mirror/email_mirror
f05d817fb4,/Users/neda/Documents/workspace2/DissertationProject/util/Python/zulip/__init__/__init__@c30a411c10@Fri Jan 17 14:00:04 2014 -0500.py,PrincipalError,3,2,4,0.5,0.14246897985499812,False,463,465,1278,/Users/neda/Documents/workspace2/DissertationProject/util/Python/zulip/__init__/__init__
f05d817fb4,/Users/neda/Documents/workspace2/DissertationProject/util/Python/zulip/__init__/__init__@3b12e63d8d@Tue Jan 21 13:27:22 2014 -0500.py,PrincipalError,3,2,4,0.5,0.14246897985499812,False,464,465,1278,/Users/neda/Documents/workspace2/DissertationProject/util/Python/zulip/__init__/__init__
f05d817fb4,/Users/neda/Documents/workspace2/DissertationProject/util/Python/zulip/__init__/__init__@f05d817fb4@Wed Jan 22 12:38:51 2014 -0500.py,PrincipalError,3,2,4,0.5,0.14246897985499812,False,465,465,1278,/Users/neda/Documents/workspace2/DissertationProject/util/Python/zulip/__init__/__init__
f05d817fb4,/Users/neda/Documents/workspace2/DissertationProject/util/Python/zulip/__init__/__init__@551e7513b3@Wed Jan 22 14:04:34 2014 -0500.py,PrincipalError,3,2,4,0.5,0.14246897985499812,False,466,465,1278,/Users/neda/Documents/workspace2/DissertationProject/util/Python/zulip/__init__/__init__
690b6025fb,/Users/neda/Documents/workspace2/DissertationProject/util/Python/zulip/cache/cache@bdf7c6c02f@Mon May 22 10:45:54 2017 -0700.py,NotFoundInCache,2,0,0,0,0.19997185464345496,True,121,123,211,/Users/neda/Documents/workspace2/DissertationProject/util/Python/zulip/cache/cache
690b6025fb,/Users/neda/Documents/workspace2/DissertationProject/util/Python/zulip/cache/cache@dd76222a3f@Mon May 22 14:37:15 2017 -0700.py,NotFoundInCache,2,0,0,0,0.19997185464345496,True,122,123,211,/Users/neda/Documents/workspace2/DissertationProject/util/Python/zulip/cache/cache
690b6025fb,/Users/neda/Documents/workspace2/DissertationProject/util/Python/zulip/cache/cache@690b6025fb@Wed May 24 12:15:54 2017 -0700.py,NotFoundInCache,2,0,0,0,0.19997185464345496,True,123,123,211,/Users/neda/Documents/workspace2/DissertationProject/util/Python/zulip/cache/cache
690b6025fb,/Users/neda/Documents/workspace2/DissertationProject/util/Python/zulip/cache/cache@af7e08acb0@Mon Jun 12 23:20:03 2017 +0530.py,NotFoundInCache,2,0,0,0,0.2012083138335836,True,124,123,211,/Users/neda/Documents/workspace2/DissertationProject/util/Python/zulip/cache/cache
d52a891858,/Users/neda/Documents/workspace2/DissertationProject/util/Python/zulip/view/view@1b3cfecf2a@Wed Mar 11 04:59:59 2020 +0530.py,UnknownEventType,2,0,0,0,0.22271092137449947,True,355,357,461,/Users/neda/Documents/workspace2/DissertationProject/util/Python/zulip/view/view
fef7d6ba09,/Users/neda/Documents/workspace2/DissertationProject/util/Python/zulip/email_mirror/email_mirror@8b012c6210@Sat Oct 28 12:31:21 2017 -0700.py,ZulipEmailForwardError,2,0,0,0,0.18080964634517122,True,71,73,166,/Users/neda/Documents/workspace2/DissertationProject/util/Python/zulip/email_mirror/email_mirror
fef7d6ba09,/Users/neda/Documents/workspace2/DissertationProject/util/Python/zulip/email_mirror/email_mirror@fef7d6ba09@Fri Nov 3 03:12:25 2017 +0100.py,ZulipEmailForwardError,2,0,0,0,0.1918619822572391,True,73,73,166,/Users/neda/Documents/workspace2/DissertationProject/util/Python/zulip/email_mirror/email_mirror
fef7d6ba09,/Users/neda/Documents/workspace2/DissertationProject/util/Python/zulip/email_mirror/email_mirror@65838bb825@Fri Nov 3 11:13:17 2017 +0000.py,ZulipEmailForwardError,2,0,0,0,0.19141206590740747,True,74,73,166,/Users/neda/Documents/workspace2/DissertationProject/util/Python/zulip/email_mirror/email_mirror
3738d8215d,/Users/neda/Documents/workspace2/DissertationProject/util/Python/zulip/run-dev/run-dev@ae45217671@Mon Mar 25 18:21:39 2013 -0400.py,Resource,2,1,1,1.0,0.48026315789473684,False,7,9,137,/Users/neda/Documents/workspace2/DissertationProject/util/Python/zulip/run-dev/run-dev
3738d8215d,/Users/neda/Documents/workspace2/DissertationProject/util/Python/zulip/run-dev/run-dev@401fa6063e@Tue Mar 26 13:06:52 2013 -0400.py,Resource,2,1,1,1.0,0.38421052631578945,False,8,9,137,/Users/neda/Documents/workspace2/DissertationProject/util/Python/zulip/run-dev/run-dev
3738d8215d,/Users/neda/Documents/workspace2/DissertationProject/util/Python/zulip/run-dev/run-dev@3738d8215d@Thu Mar 28 12:46:09 2013 -0700.py,Resource,2,1,1,1.0,0.38421052631578945,False,9,9,137,/Users/neda/Documents/workspace2/DissertationProject/util/Python/zulip/run-dev/run-dev
3738d8215d,/Users/neda/Documents/workspace2/DissertationProject/util/Python/zulip/run-dev/run-dev@7b9305b06f@Tue Aug 6 16:51:47 2013 -0400.py,Resource,2,1,1,1.0,0.4217687074829932,False,10,9,137,/Users/neda/Documents/workspace2/DissertationProject/util/Python/zulip/run-dev/run-dev
e781136132,/Users/neda/Documents/workspace2/DissertationProject/util/Python/zulip/streams/streams@3cde06ea33@Thu Apr 21 12:47:01 2016 -0700.py,PrincipalError,3,3,5,0.6,0.17885867435304226,False,9,11,259,/Users/neda/Documents/workspace2/DissertationProject/util/Python/zulip/streams/streams
e781136132,/Users/neda/Documents/workspace2/DissertationProject/util/Python/zulip/streams/streams@620debc5fd@Wed Apr 27 16:23:45 2016 -0700.py,PrincipalError,3,3,5,0.6,0.17885867435304226,False,10,11,259,/Users/neda/Documents/workspace2/DissertationProject/util/Python/zulip/streams/streams
e781136132,/Users/neda/Documents/workspace2/DissertationProject/util/Python/zulip/streams/streams@e781136132@Wed May 18 18:46:33 2016 -0700.py,PrincipalError,3,3,5,0.6,0.2099570046369829,False,11,11,259,/Users/neda/Documents/workspace2/DissertationProject/util/Python/zulip/streams/streams
e781136132,/Users/neda/Documents/workspace2/DissertationProject/util/Python/zulip/streams/streams@f9f31b79d0@Sat May 21 01:38:42 2016 +0530.py,PrincipalError,3,3,5,0.6,0.2099570046369829,False,12,11,259,/Users/neda/Documents/workspace2/DissertationProject/util/Python/zulip/streams/streams
7151af5119,/Users/neda/Documents/workspace2/DissertationProject/util/Python/zulip/__init__/__init__@4562e43aee@Tue Jan 28 17:57:02 2014 -0500.py,PrincipalError,3,2,4,0.5,0.14246897985499812,False,479,481,1278,/Users/neda/Documents/workspace2/DissertationProject/util/Python/zulip/__init__/__init__
7151af5119,/Users/neda/Documents/workspace2/DissertationProject/util/Python/zulip/__init__/__init__@233ce4360f@Wed Jan 29 13:08:09 2014 -0500.py,PrincipalError,3,2,4,0.5,0.14246897985499812,False,480,481,1278,/Users/neda/Documents/workspace2/DissertationProject/util/Python/zulip/__init__/__init__
7151af5119,/Users/neda/Documents/workspace2/DissertationProject/util/Python/zulip/__init__/__init__@82fc7a0a39@Thu Jan 30 11:12:13 2014 -0500.py,PrincipalError,3,2,4,0.5,0.14246897985499812,False,482,481,1278,/Users/neda/Documents/workspace2/DissertationProject/util/Python/zulip/__init__/__init__
60a25b2721,/Users/neda/Documents/workspace2/DissertationProject/util/Python/zulip/stripe/stripe@5b0b1efb15@Fri Jul 17 16:26:06 2020 +0530.py,BillingError,2,0,0,0,0.22041684372492445,True,130,132,139,/Users/neda/Documents/workspace2/DissertationProject/util/Python/zulip/stripe/stripe
60a25b2721,/Users/neda/Documents/workspace2/DissertationProject/util/Python/zulip/stripe/stripe@5b0b1efb15@Fri Jul 17 16:26:06 2020 +0530.py,StripeCardError,3,0,5,0,0.22041684372492445,True,130,132,139,/Users/neda/Documents/workspace2/DissertationProject/util/Python/zulip/stripe/stripe
60a25b2721,/Users/neda/Documents/workspace2/DissertationProject/util/Python/zulip/stripe/stripe@5b0b1efb15@Fri Jul 17 16:26:06 2020 +0530.py,StripeConnectionError,3,0,5,0,0.22041684372492445,True,130,132,139,/Users/neda/Documents/workspace2/DissertationProject/util/Python/zulip/stripe/stripe
60a25b2721,/Users/neda/Documents/workspace2/DissertationProject/util/Python/zulip/stripe/stripe@61d0417e75@Thu Aug 6 16:09:47 2020 -0700.py,BillingError,2,0,0,0,0.22041684372492445,True,131,132,139,/Users/neda/Documents/workspace2/DissertationProject/util/Python/zulip/stripe/stripe
60a25b2721,/Users/neda/Documents/workspace2/DissertationProject/util/Python/zulip/stripe/stripe@61d0417e75@Thu Aug 6 16:09:47 2020 -0700.py,StripeCardError,3,0,5,0,0.22041684372492445,True,131,132,139,/Users/neda/Documents/workspace2/DissertationProject/util/Python/zulip/stripe/stripe
60a25b2721,/Users/neda/Documents/workspace2/DissertationProject/util/Python/zulip/stripe/stripe@61d0417e75@Thu Aug 6 16:09:47 2020 -0700.py,StripeConnectionError,3,0,5,0,0.22041684372492445,True,131,132,139,/Users/neda/Documents/workspace2/DissertationProject/util/Python/zulip/stripe/stripe
60a25b2721,/Users/neda/Documents/workspace2/DissertationProject/util/Python/zulip/stripe/stripe@60a25b2721@Mon Aug 10 16:47:44 2020 -0700.py,BillingError,2,0,0,0,0.22041684372492445,True,132,132,139,/Users/neda/Documents/workspace2/DissertationProject/util/Python/zulip/stripe/stripe
60a25b2721,/Users/neda/Documents/workspace2/DissertationProject/util/Python/zulip/stripe/stripe@60a25b2721@Mon Aug 10 16:47:44 2020 -0700.py,StripeCardError,3,0,5,0,0.22041684372492445,True,132,132,139,/Users/neda/Documents/workspace2/DissertationProject/util/Python/zulip/stripe/stripe
60a25b2721,/Users/neda/Documents/workspace2/DissertationProject/util/Python/zulip/stripe/stripe@60a25b2721@Mon Aug 10 16:47:44 2020 -0700.py,StripeConnectionError,3,0,5,0,0.22041684372492445,True,132,132,139,/Users/neda/Documents/workspace2/DissertationProject/util/Python/zulip/stripe/stripe
60a25b2721,/Users/neda/Documents/workspace2/DissertationProject/util/Python/zulip/stripe/stripe@0d30f59c97@Thu Aug 13 13:52:58 2020 +0530.py,BillingError,2,0,0,0,0.22328277970801824,True,133,132,139,/Users/neda/Documents/workspace2/DissertationProject/util/Python/zulip/stripe/stripe
60a25b2721,/Users/neda/Documents/workspace2/DissertationProject/util/Python/zulip/stripe/stripe@0d30f59c97@Thu Aug 13 13:52:58 2020 +0530.py,StripeCardError,3,0,5,0,0.22328277970801824,True,133,132,139,/Users/neda/Documents/workspace2/DissertationProject/util/Python/zulip/stripe/stripe
60a25b2721,/Users/neda/Documents/workspace2/DissertationProject/util/Python/zulip/stripe/stripe@0d30f59c97@Thu Aug 13 13:52:58 2020 +0530.py,StripeConnectionError,3,0,5,0,0.22328277970801824,True,133,132,139,/Users/neda/Documents/workspace2/DissertationProject/util/Python/zulip/stripe/stripe
3a9568b4d4,/Users/neda/Documents/workspace2/DissertationProject/util/Python/zulip/0237_rename_zulip_realm_to_zulipinternal/0237_rename_zulip_realm_to_zulipinternal@8e7ce7cc79@Tue Jan 14 12:59:46 2020 -0800.py,Migration,2,2,2,1.0,0.22035038297719467,False,0,1,6,/Users/neda/Documents/workspace2/DissertationProject/util/Python/zulip/0237_rename_zulip_realm_to_zulipinternal/0237_rename_zulip_realm_to_zulipinternal
3a9568b4d4,/Users/neda/Documents/workspace2/DissertationProject/util/Python/zulip/0237_rename_zulip_realm_to_zulipinternal/0237_rename_zulip_realm_to_zulipinternal@3a9568b4d4@Wed Jan 15 13:59:31 2020 -0800.py,Migration,2,2,2,1.0,0.21728850927067836,False,1,1,6,/Users/neda/Documents/workspace2/DissertationProject/util/Python/zulip/0237_rename_zulip_realm_to_zulipinternal/0237_rename_zulip_realm_to_zulipinternal
3a9568b4d4,/Users/neda/Documents/workspace2/DissertationProject/util/Python/zulip/0237_rename_zulip_realm_to_zulipinternal/0237_rename_zulip_realm_to_zulipinternal@c734bbd95d@Thu Apr 9 12:51:58 2020 -0700.py,Migration,2,2,2,1.0,0.21399445936750747,False,2,1,6,/Users/neda/Documents/workspace2/DissertationProject/util/Python/zulip/0237_rename_zulip_realm_to_zulipinternal/0237_rename_zulip_realm_to_zulipinternal
1f0c4e5fb3,/Users/neda/Documents/workspace2/DissertationProject/util/Python/zulip/email_mirror/email_mirror@9866124b78@Sun Mar 19 21:02:30 2017 -0700.py,ZulipEmailForwardError,2,0,0,0,0.2009106588549696,True,43,45,166,/Users/neda/Documents/workspace2/DissertationProject/util/Python/zulip/email_mirror/email_mirror
1f0c4e5fb3,/Users/neda/Documents/workspace2/DissertationProject/util/Python/zulip/email_mirror/email_mirror@cbaace87cd@Sun May 7 20:37:30 2017 +0530.py,ZulipEmailForwardError,2,0,0,0,0.20292364256027787,True,46,45,166,/Users/neda/Documents/workspace2/DissertationProject/util/Python/zulip/email_mirror/email_mirror
98db1d996f,/Users/neda/Documents/workspace2/DissertationProject/util/Python/zulip/email_mirror/email_mirror@4f221c21a0@Mon Jul 4 20:41:00 2016 +0530.py,ZulipEmailForwardError,2,0,0,0,0.2279142540628818,True,20,22,166,/Users/neda/Documents/workspace2/DissertationProject/util/Python/zulip/email_mirror/email_mirror
98db1d996f,/Users/neda/Documents/workspace2/DissertationProject/util/Python/zulip/email_mirror/email_mirror@5e81a4d93f@Mon Jul 4 20:43:24 2016 +0530.py,ZulipEmailForwardError,2,0,0,0,0.2279142540628818,True,21,22,166,/Users/neda/Documents/workspace2/DissertationProject/util/Python/zulip/email_mirror/email_mirror
98db1d996f,/Users/neda/Documents/workspace2/DissertationProject/util/Python/zulip/email_mirror/email_mirror@98db1d996f@Thu Jul 7 10:02:03 2016 -0700.py,ZulipEmailForwardError,2,0,0,0,0.2279142540628818,True,22,22,166,/Users/neda/Documents/workspace2/DissertationProject/util/Python/zulip/email_mirror/email_mirror
98db1d996f,/Users/neda/Documents/workspace2/DissertationProject/util/Python/zulip/email_mirror/email_mirror@f1ba3ded42@Sun Jul 10 02:09:02 2016 +0530.py,ZulipEmailForwardError,2,0,0,0,0.23076318223866782,True,23,22,166,/Users/neda/Documents/workspace2/DissertationProject/util/Python/zulip/email_mirror/email_mirror
c05315ace2,/Users/neda/Documents/workspace2/DissertationProject/util/Python/zulip/update_analytics_counts/update_analytics_counts@5dc9b55c43@Sat Jun 13 17:57:50 2020 -0700.py,Command,2,5,4,1.25,0.2049128781949295,False,25,27,30,/Users/neda/Documents/workspace2/DissertationProject/util/Python/zulip/update_analytics_counts/update_analytics_counts
c05315ace2,/Users/neda/Documents/workspace2/DissertationProject/util/Python/zulip/update_analytics_counts/update_analytics_counts@4b6d2cf25f@Sat Jun 13 19:27:02 2020 -0700.py,Command,2,5,4,1.25,0.20463537791742933,False,26,27,30,/Users/neda/Documents/workspace2/DissertationProject/util/Python/zulip/update_analytics_counts/update_analytics_counts
c05315ace2,/Users/neda/Documents/workspace2/DissertationProject/util/Python/zulip/update_analytics_counts/update_analytics_counts@c05315ace2@Fri Aug 28 14:24:39 2020 -0700.py,Command,2,5,4,1.25,0.21930922139464845,False,27,27,30,/Users/neda/Documents/workspace2/DissertationProject/util/Python/zulip/update_analytics_counts/update_analytics_counts
c05315ace2,/Users/neda/Documents/workspace2/DissertationProject/util/Python/zulip/update_analytics_counts/update_analytics_counts@b4597a8ca8@Wed Sep 2 11:45:48 2020 -0700.py,Command,2,5,4,1.25,0.21745435090158857,False,28,27,30,/Users/neda/Documents/workspace2/DissertationProject/util/Python/zulip/update_analytics_counts/update_analytics_counts
52f1c57c2a,/Users/neda/Documents/workspace2/DissertationProject/util/Python/zulip/0127_disallow_chars_in_stream_and_user_name/0127_disallow_chars_in_stream_and_user_name@0b3a414be1@Tue Dec 19 16:06:09 2017 -0800.py,Migration,2,2,2,1.0,0.18395261156491033,False,0,1,5,/Users/neda/Documents/workspace2/DissertationProject/util/Python/zulip/0127_disallow_chars_in_stream_and_user_name/0127_disallow_chars_in_stream_and_user_name
52f1c57c2a,/Users/neda/Documents/workspace2/DissertationProject/util/Python/zulip/0127_disallow_chars_in_stream_and_user_name/0127_disallow_chars_in_stream_and_user_name@52f1c57c2a@Mon Feb 5 18:02:36 2018 -0800.py,Migration,2,2,2,1.0,0.18395261156491033,False,1,1,5,/Users/neda/Documents/workspace2/DissertationProject/util/Python/zulip/0127_disallow_chars_in_stream_and_user_name/0127_disallow_chars_in_stream_and_user_name
52f1c57c2a,/Users/neda/Documents/workspace2/DissertationProject/util/Python/zulip/0127_disallow_chars_in_stream_and_user_name/0127_disallow_chars_in_stream_and_user_name@8e7ce7cc79@Tue Jan 14 12:59:46 2020 -0800.py,Migration,2,2,2,1.0,0.22035038297719467,False,2,1,5,/Users/neda/Documents/workspace2/DissertationProject/util/Python/zulip/0127_disallow_chars_in_stream_and_user_name/0127_disallow_chars_in_stream_and_user_name
0c0aec3cc9,/Users/neda/Documents/workspace2/DissertationProject/util/Python/zulip/export/export@56a675d5ec@Sat Feb 2 14:53:34 2019 -0800.py,Config,1,0,0,0,0.19998828459080573,False,188,190,268,/Users/neda/Documents/workspace2/DissertationProject/util/Python/zulip/export/export
0c0aec3cc9,/Users/neda/Documents/workspace2/DissertationProject/util/Python/zulip/export/export@4ac2db56f8@Mon Feb 11 12:26:57 2019 +0000.py,Config,1,0,0,0,0.19998828459080573,False,189,190,268,/Users/neda/Documents/workspace2/DissertationProject/util/Python/zulip/export/export
0c0aec3cc9,/Users/neda/Documents/workspace2/DissertationProject/util/Python/zulip/export/export@0c0aec3cc9@Fri Feb 15 11:23:54 2019 -0800.py,Config,1,0,0,0,0.19998828459080573,False,190,190,268,/Users/neda/Documents/workspace2/DissertationProject/util/Python/zulip/export/export
0c0aec3cc9,/Users/neda/Documents/workspace2/DissertationProject/util/Python/zulip/export/export@649235cfec@Fri Feb 22 15:47:38 2019 -0800.py,Config,1,0,0,0,0.19998828459080573,False,191,190,268,/Users/neda/Documents/workspace2/DissertationProject/util/Python/zulip/export/export
69c0959f34,/Users/neda/Documents/workspace2/DissertationProject/util/Python/zulip/common/common@6480deaf27@Tue Jun 9 21:40:53 2020 -0700.py,MissingHTTPEventHeader,3,0,0,0,0.20521638918546142,True,62,64,67,/Users/neda/Documents/workspace2/DissertationProject/util/Python/zulip/common/common
69c0959f34,/Users/neda/Documents/workspace2/DissertationProject/util/Python/zulip/common/common@365fe0b3d5@Wed Jun 10 15:54:34 2020 -0700.py,MissingHTTPEventHeader,3,0,0,0,0.20335332663537803,True,63,64,67,/Users/neda/Documents/workspace2/DissertationProject/util/Python/zulip/common/common
69c0959f34,/Users/neda/Documents/workspace2/DissertationProject/util/Python/zulip/common/common@69c0959f34@Fri Jun 12 16:57:21 2020 -0700.py,MissingHTTPEventHeader,3,0,0,0,0.20335332663537803,True,64,64,67,/Users/neda/Documents/workspace2/DissertationProject/util/Python/zulip/common/common
69c0959f34,/Users/neda/Documents/workspace2/DissertationProject/util/Python/zulip/common/common@bc9663d57f@Tue Jun 30 14:54:27 2020 -0700.py,MissingHTTPEventHeader,3,0,0,0,0.22123355963457514,True,65,64,67,/Users/neda/Documents/workspace2/DissertationProject/util/Python/zulip/common/common
44db59bbe0,/Users/neda/Documents/workspace2/DissertationProject/util/Python/zulip/streams/streams@44db59bbe0@Fri Aug 16 16:21:08 2019 -0700.py,PrincipalError,3,0,0,0,0.21470750712365608,True,197,197,259,/Users/neda/Documents/workspace2/DissertationProject/util/Python/zulip/streams/streams
44db59bbe0,/Users/neda/Documents/workspace2/DissertationProject/util/Python/zulip/streams/streams@718b70ec8b@Sun Oct 13 10:30:34 2019 +0700.py,PrincipalError,3,0,0,0,0.22308552124746547,True,198,197,259,/Users/neda/Documents/workspace2/DissertationProject/util/Python/zulip/streams/streams
41bd88d5ed,/Users/neda/Documents/workspace2/DissertationProject/util/Python/zulip/timeout/timeout@def8cd8e78@Wed Jun 29 03:44:07 2016 +0530.py,TimeoutExpired,2,0,0,0,0.2349298489053345,True,8,10,24,/Users/neda/Documents/workspace2/DissertationProject/util/Python/zulip/timeout/timeout
41bd88d5ed,/Users/neda/Documents/workspace2/DissertationProject/util/Python/zulip/timeout/timeout@def8cd8e78@Wed Jun 29 03:44:07 2016 +0530.py,TimeoutThread,3,0,0,0,0.2349298489053345,True,8,10,24,/Users/neda/Documents/workspace2/DissertationProject/util/Python/zulip/timeout/timeout
41bd88d5ed,/Users/neda/Documents/workspace2/DissertationProject/util/Python/zulip/timeout/timeout@6505cbf2bf@Sun Jul 3 18:07:59 2016 +0530.py,TimeoutExpired,2,0,0,0,0.2279142540628818,True,9,10,24,/Users/neda/Documents/workspace2/DissertationProject/util/Python/zulip/timeout/timeout
41bd88d5ed,/Users/neda/Documents/workspace2/DissertationProject/util/Python/zulip/timeout/timeout@6505cbf2bf@Sun Jul 3 18:07:59 2016 +0530.py,TimeoutThread,3,0,0,0,0.2279142540628818,True,9,10,24,/Users/neda/Documents/workspace2/DissertationProject/util/Python/zulip/timeout/timeout
41bd88d5ed,/Users/neda/Documents/workspace2/DissertationProject/util/Python/zulip/timeout/timeout@41bd88d5ed@Tue Nov 29 13:22:02 2016 +0700.py,TimeoutExpired,2,0,0,0,0.22550340293379142,True,10,10,24,/Users/neda/Documents/workspace2/DissertationProject/util/Python/zulip/timeout/timeout
41bd88d5ed,/Users/neda/Documents/workspace2/DissertationProject/util/Python/zulip/timeout/timeout@41bd88d5ed@Tue Nov 29 13:22:02 2016 +0700.py,TimeoutThread,3,0,0,0,0.22550340293379142,True,10,10,24,/Users/neda/Documents/workspace2/DissertationProject/util/Python/zulip/timeout/timeout
41bd88d5ed,/Users/neda/Documents/workspace2/DissertationProject/util/Python/zulip/timeout/timeout@b7635db1e4@Tue Jan 31 15:15:32 2017 +0530.py,TimeoutExpired,2,0,0,0,0.21319737800805771,True,11,10,24,/Users/neda/Documents/workspace2/DissertationProject/util/Python/zulip/timeout/timeout
41bd88d5ed,/Users/neda/Documents/workspace2/DissertationProject/util/Python/zulip/timeout/timeout@b7635db1e4@Tue Jan 31 15:15:32 2017 +0530.py,TimeoutThread,3,0,0,0,0.21319737800805771,True,11,10,24,/Users/neda/Documents/workspace2/DissertationProject/util/Python/zulip/timeout/timeout
7e9ccead2e,/Users/neda/Documents/workspace2/DissertationProject/util/Python/zulip/streams/streams@057ff9c91e@Thu Apr 26 20:30:26 2018 -0230.py,PrincipalError,3,0,0,0,0.17950703262764964,True,147,149,259,/Users/neda/Documents/workspace2/DissertationProject/util/Python/zulip/streams/streams
7e9ccead2e,/Users/neda/Documents/workspace2/DissertationProject/util/Python/zulip/streams/streams@7e9ccead2e@Mon Apr 30 12:29:51 2018 +0530.py,PrincipalError,3,0,0,0,0.17950703262764964,True,149,149,259,/Users/neda/Documents/workspace2/DissertationProject/util/Python/zulip/streams/streams
ee901ac8b1,/Users/neda/Documents/workspace2/DissertationProject/util/Python/zulip/initialize_voyager_db/initialize_voyager_db@111139b44e@Fri Jul 12 15:09:11 2019 -0700.py,Command,2,5,4,1.25,0.20701288688545047,False,26,25,37,/Users/neda/Documents/workspace2/DissertationProject/util/Python/zulip/initialize_voyager_db/initialize_voyager_db
8cdc5b7a02,/Users/neda/Documents/workspace2/DissertationProject/util/Python/zulip/gitlab/gitlab@8cdc5b7a02@Thu Sep 22 18:48:56 2016 +0200.py,UnknownEventType,2,0,0,0,0.22592531805476807,True,0,0,18,/Users/neda/Documents/workspace2/DissertationProject/util/Python/zulip/gitlab/gitlab
8cdc5b7a02,/Users/neda/Documents/workspace2/DissertationProject/util/Python/zulip/gitlab/gitlab@95825973c7@Thu Sep 22 20:15:06 2016 +0200.py,UnknownEventType,2,0,0,0,0.22592531805476807,True,1,0,18,/Users/neda/Documents/workspace2/DissertationProject/util/Python/zulip/gitlab/gitlab
ed381763f0,/Users/neda/Documents/workspace2/DissertationProject/util/Python/zulip/0093_subscription_event_log_backfill/0093_subscription_event_log_backfill@a36cf3b492@Tue Jul 18 11:31:02 2017 -0700.py,Migration,2,2,2,1.0,0.20605815985835893,False,0,2,11,/Users/neda/Documents/workspace2/DissertationProject/util/Python/zulip/0093_subscription_event_log_backfill/0093_subscription_event_log_backfill
ed381763f0,/Users/neda/Documents/workspace2/DissertationProject/util/Python/zulip/0093_subscription_event_log_backfill/0093_subscription_event_log_backfill@9e81fc39e0@Tue Jul 18 11:36:18 2017 -0700.py,Migration,2,2,2,1.0,0.20605815985835893,False,1,2,11,/Users/neda/Documents/workspace2/DissertationProject/util/Python/zulip/0093_subscription_event_log_backfill/0093_subscription_event_log_backfill
ed381763f0,/Users/neda/Documents/workspace2/DissertationProject/util/Python/zulip/0093_subscription_event_log_backfill/0093_subscription_event_log_backfill@ed381763f0@Tue Jul 18 12:56:23 2017 -0700.py,Migration,2,2,2,1.0,0.20605815985835893,False,2,2,11,/Users/neda/Documents/workspace2/DissertationProject/util/Python/zulip/0093_subscription_event_log_backfill/0093_subscription_event_log_backfill
ed381763f0,/Users/neda/Documents/workspace2/DissertationProject/util/Python/zulip/0093_subscription_event_log_backfill/0093_subscription_event_log_backfill@4975122338@Thu Sep 28 06:48:34 2017 +0200.py,Migration,2,2,2,1.0,0.1962129244116821,False,3,2,11,/Users/neda/Documents/workspace2/DissertationProject/util/Python/zulip/0093_subscription_event_log_backfill/0093_subscription_event_log_backfill
abc2ff4a06,/Users/neda/Documents/workspace2/DissertationProject/util/Python/zulip/streams/streams@f7582f0050@Wed Nov 30 22:16:45 2016 -0700.py,PrincipalError,3,3,5,0.6,0.22550340293379142,False,39,41,259,/Users/neda/Documents/workspace2/DissertationProject/util/Python/zulip/streams/streams
abc2ff4a06,/Users/neda/Documents/workspace2/DissertationProject/util/Python/zulip/streams/streams@8c0c12c1d9@Fri Dec 2 16:18:11 2016 +0000.py,PrincipalError,3,3,5,0.6,0.22550340293379142,False,40,41,259,/Users/neda/Documents/workspace2/DissertationProject/util/Python/zulip/streams/streams
abc2ff4a06,/Users/neda/Documents/workspace2/DissertationProject/util/Python/zulip/streams/streams@abc2ff4a06@Sat Dec 3 01:04:17 2016 +0200.py,PrincipalError,3,3,5,0.6,0.22550340293379142,False,41,41,259,/Users/neda/Documents/workspace2/DissertationProject/util/Python/zulip/streams/streams
abc2ff4a06,/Users/neda/Documents/workspace2/DissertationProject/util/Python/zulip/streams/streams@a6f91064a2@Sat Dec 3 17:19:09 2016 +0000.py,PrincipalError,3,3,5,0.6,0.22550340293379142,False,42,41,259,/Users/neda/Documents/workspace2/DissertationProject/util/Python/zulip/streams/streams
b630a6456d,/Users/neda/Documents/workspace2/DissertationProject/util/Python/zulip/query_ldap/query_ldap@becef760bf@Tue Aug 6 15:30:17 2019 -0700.py,Command,2,5,4,1.25,0.21594145831402192,False,15,14,18,/Users/neda/Documents/workspace2/DissertationProject/util/Python/zulip/query_ldap/query_ldap
df730ec163,/Users/neda/Documents/workspace2/DissertationProject/util/Python/zulip/response/response@2bacaf2213@Thu Jun 27 14:15:19 2013 -0400.py,HttpResponseUnauthorized,2,0,0,0,0.30036630036630035,True,6,8,34,/Users/neda/Documents/workspace2/DissertationProject/util/Python/zulip/response/response
df730ec163,/Users/neda/Documents/workspace2/DissertationProject/util/Python/zulip/response/response@365db42a6e@Tue Jul 30 17:20:16 2013 -0400.py,HttpResponseUnauthorized,2,0,0,0,0.4217687074829932,True,7,8,34,/Users/neda/Documents/workspace2/DissertationProject/util/Python/zulip/response/response
df730ec163,/Users/neda/Documents/workspace2/DissertationProject/util/Python/zulip/response/response@df730ec163@Wed Dec 4 13:42:57 2013 -0500.py,HttpResponseUnauthorized,2,0,0,0,0.149592428847748,True,8,8,34,/Users/neda/Documents/workspace2/DissertationProject/util/Python/zulip/response/response
df730ec163,/Users/neda/Documents/workspace2/DissertationProject/util/Python/zulip/response/response@55047280c9@Wed Dec 4 13:42:57 2013 -0500.py,HttpResponseUnauthorized,2,0,0,0,0.1810064935064935,True,9,8,34,/Users/neda/Documents/workspace2/DissertationProject/util/Python/zulip/response/response
9516699c73,/Users/neda/Documents/workspace2/DissertationProject/util/Python/zulip/view/view@ef070ef019@Wed May 8 22:21:28 2019 -0230.py,UnknownEventType,2,0,0,0,0.20306024892981403,True,310,309,461,/Users/neda/Documents/workspace2/DissertationProject/util/Python/zulip/view/view
643bd18b9f,/Users/neda/Documents/workspace2/DissertationProject/util/Python/zulip/export/export@643bd18b9f@Fri Apr 19 16:00:46 2019 -0700.py,Config,1,0,0,0,0.20469423585791857,False,195,195,268,/Users/neda/Documents/workspace2/DissertationProject/util/Python/zulip/export/export
643bd18b9f,/Users/neda/Documents/workspace2/DissertationProject/util/Python/zulip/export/export@cb6c1e7a92@Tue Apr 23 13:50:30 2019 -0700.py,Config,1,0,0,0,0.20469423585791857,False,196,195,268,/Users/neda/Documents/workspace2/DissertationProject/util/Python/zulip/export/export
f0eaee68e4,/Users/neda/Documents/workspace2/DissertationProject/util/Python/zulip/email_mirror/email_mirror@0b7cac04d4@Thu Sep 22 09:11:09 2016 -0700.py,ZulipEmailForwardError,2,0,0,0,0.22592531805476807,True,29,31,166,/Users/neda/Documents/workspace2/DissertationProject/util/Python/zulip/email_mirror/email_mirror
f0eaee68e4,/Users/neda/Documents/workspace2/DissertationProject/util/Python/zulip/email_mirror/email_mirror@dbbc64dbfe@Thu Sep 22 09:41:10 2016 -0700.py,ZulipEmailForwardError,2,0,0,0,0.22592531805476807,True,30,31,166,/Users/neda/Documents/workspace2/DissertationProject/util/Python/zulip/email_mirror/email_mirror
f0eaee68e4,/Users/neda/Documents/workspace2/DissertationProject/util/Python/zulip/email_mirror/email_mirror@f0eaee68e4@Thu Sep 22 09:55:18 2016 -0700.py,ZulipEmailForwardError,2,0,0,0,0.22592531805476807,True,31,31,166,/Users/neda/Documents/workspace2/DissertationProject/util/Python/zulip/email_mirror/email_mirror
e124837cdc,/Users/neda/Documents/workspace2/DissertationProject/util/Python/zulip/remove_users_from_stream/remove_users_from_stream@becef760bf@Tue Aug 6 15:30:17 2019 -0700.py,Command,2,5,4,1.25,0.21594145831402192,False,24,25,31,/Users/neda/Documents/workspace2/DissertationProject/util/Python/zulip/remove_users_from_stream/remove_users_from_stream
e124837cdc,/Users/neda/Documents/workspace2/DissertationProject/util/Python/zulip/remove_users_from_stream/remove_users_from_stream@e124837cdc@Fri Nov 15 16:42:36 2019 -0800.py,Command,2,5,4,1.25,0.22491902141525646,False,25,25,31,/Users/neda/Documents/workspace2/DissertationProject/util/Python/zulip/remove_users_from_stream/remove_users_from_stream
e124837cdc,/Users/neda/Documents/workspace2/DissertationProject/util/Python/zulip/remove_users_from_stream/remove_users_from_stream@8e7ce7cc79@Tue Jan 14 12:59:46 2020 -0800.py,Command,2,5,4,1.25,0.22035038297719467,False,26,25,31,/Users/neda/Documents/workspace2/DissertationProject/util/Python/zulip/remove_users_from_stream/remove_users_from_stream
4e70c9402a,/Users/neda/Documents/workspace2/DissertationProject/util/Python/zulip/export/export@a68376e2ba@Fri May 11 05:10:23 2018 +0530.py,Config,1,0,0,0,0.1785471019718868,False,145,147,268,/Users/neda/Documents/workspace2/DissertationProject/util/Python/zulip/export/export
4e70c9402a,/Users/neda/Documents/workspace2/DissertationProject/util/Python/zulip/export/export@c24c249b8c@Wed May 23 12:20:11 2018 +0530.py,Config,1,0,0,0,0.22589044817305676,False,146,147,268,/Users/neda/Documents/workspace2/DissertationProject/util/Python/zulip/export/export
4e70c9402a,/Users/neda/Documents/workspace2/DissertationProject/util/Python/zulip/export/export@4e70c9402a@Fri May 25 12:03:57 2018 -0700.py,Config,1,0,0,0,0.2330033598344073,False,147,147,268,/Users/neda/Documents/workspace2/DissertationProject/util/Python/zulip/export/export
4e70c9402a,/Users/neda/Documents/workspace2/DissertationProject/util/Python/zulip/export/export@7a8b853708@Sat May 26 21:55:50 2018 +0530.py,Config,1,0,0,0,0.2330033598344073,False,148,147,268,/Users/neda/Documents/workspace2/DissertationProject/util/Python/zulip/export/export
80a331385e,/Users/neda/Documents/workspace2/DissertationProject/util/Python/zulip/push_notifications/push_notifications@a68376e2ba@Fri May 11 05:10:23 2018 +0530.py,PushNotificationBouncerException,2,0,0,0,0.1785471019718868,True,132,134,226,/Users/neda/Documents/workspace2/DissertationProject/util/Python/zulip/push_notifications/push_notifications
80a331385e,/Users/neda/Documents/workspace2/DissertationProject/util/Python/zulip/push_notifications/push_notifications@cec7686f3d@Mon May 21 11:20:23 2018 -0700.py,PushNotificationBouncerException,2,0,0,0,0.22589044817305676,True,133,134,226,/Users/neda/Documents/workspace2/DissertationProject/util/Python/zulip/push_notifications/push_notifications
80a331385e,/Users/neda/Documents/workspace2/DissertationProject/util/Python/zulip/push_notifications/push_notifications@80a331385e@Mon May 21 11:39:58 2018 -0700.py,PushNotificationBouncerException,2,0,0,0,0.22589044817305676,True,134,134,226,/Users/neda/Documents/workspace2/DissertationProject/util/Python/zulip/push_notifications/push_notifications
80a331385e,/Users/neda/Documents/workspace2/DissertationProject/util/Python/zulip/push_notifications/push_notifications@037f696d26@Sun Jul 1 18:05:24 2018 -0400.py,PushNotificationBouncerException,2,0,0,0,0.22841970107187487,True,135,134,226,/Users/neda/Documents/workspace2/DissertationProject/util/Python/zulip/push_notifications/push_notifications
beb80219a8,/Users/neda/Documents/workspace2/DissertationProject/util/Python/zulip/push_notifications/push_notifications@cd4d447d90@Thu Nov 8 16:33:44 2018 +0000.py,PushNotificationBouncerException,2,0,0,0,0.2129577587228631,True,149,151,226,/Users/neda/Documents/workspace2/DissertationProject/util/Python/zulip/push_notifications/push_notifications
beb80219a8,/Users/neda/Documents/workspace2/DissertationProject/util/Python/zulip/push_notifications/push_notifications@38a6003472@Tue Nov 27 09:12:11 2018 -0800.py,PushNotificationBouncerException,2,0,0,0,0.21165203247143038,True,150,151,226,/Users/neda/Documents/workspace2/DissertationProject/util/Python/zulip/push_notifications/push_notifications
beb80219a8,/Users/neda/Documents/workspace2/DissertationProject/util/Python/zulip/push_notifications/push_notifications@beb80219a8@Tue Nov 27 09:17:07 2018 -0800.py,PushNotificationBouncerException,2,0,0,0,0.21022753104692896,True,151,151,226,/Users/neda/Documents/workspace2/DissertationProject/util/Python/zulip/push_notifications/push_notifications
beb80219a8,/Users/neda/Documents/workspace2/DissertationProject/util/Python/zulip/push_notifications/push_notifications@7b930124d9@Tue Nov 27 09:45:45 2018 -0800.py,PushNotificationBouncerException,2,0,0,0,0.21165203247143038,True,152,151,226,/Users/neda/Documents/workspace2/DissertationProject/util/Python/zulip/push_notifications/push_notifications
0990246289,/Users/neda/Documents/workspace2/DissertationProject/util/Python/zulip/cache/cache@821be4519c@Sun May 7 20:32:58 2017 +0530.py,NotFoundInCache,2,0,0,0,0.20292364256027787,True,118,120,211,/Users/neda/Documents/workspace2/DissertationProject/util/Python/zulip/cache/cache
0990246289,/Users/neda/Documents/workspace2/DissertationProject/util/Python/zulip/cache/cache@8e47dc73bd@Tue May 9 21:54:49 2017 -0700.py,NotFoundInCache,2,0,0,0,0.20292364256027787,True,119,120,211,/Users/neda/Documents/workspace2/DissertationProject/util/Python/zulip/cache/cache
0990246289,/Users/neda/Documents/workspace2/DissertationProject/util/Python/zulip/cache/cache@0990246289@Tue May 9 22:09:28 2017 -0700.py,NotFoundInCache,2,0,0,0,0.20292364256027787,True,120,120,211,/Users/neda/Documents/workspace2/DissertationProject/util/Python/zulip/cache/cache
0990246289,/Users/neda/Documents/workspace2/DissertationProject/util/Python/zulip/cache/cache@bdf7c6c02f@Mon May 22 10:45:54 2017 -0700.py,NotFoundInCache,2,0,0,0,0.19997185464345496,True,121,120,211,/Users/neda/Documents/workspace2/DissertationProject/util/Python/zulip/cache/cache
92fefa0e7e,/Users/neda/Documents/workspace2/DissertationProject/util/Python/zulip/view/view@2eb6c49a89@Thu Jun 29 14:28:37 2017 +0900.py,UnknownEventType,2,0,0,0,0.20326894615197266,True,47,48,461,/Users/neda/Documents/workspace2/DissertationProject/util/Python/zulip/view/view
92fefa0e7e,/Users/neda/Documents/workspace2/DissertationProject/util/Python/zulip/view/view@92fefa0e7e@Thu Jun 29 17:09:18 2017 -0700.py,UnknownEventType,2,0,0,0,0.20326894615197266,True,48,48,461,/Users/neda/Documents/workspace2/DissertationProject/util/Python/zulip/view/view
7099d01641,/Users/neda/Documents/workspace2/DissertationProject/util/Python/zulip/email_mirror/email_mirror@dbff533e09@Fri Feb 8 14:13:33 2019 +0100.py,ZulipEmailForwardError,2,0,0,0,0.2019606711785769,True,102,104,166,/Users/neda/Documents/workspace2/DissertationProject/util/Python/zulip/email_mirror/email_mirror
7099d01641,/Users/neda/Documents/workspace2/DissertationProject/util/Python/zulip/email_mirror/email_mirror@dbff533e09@Fri Feb 8 14:13:33 2019 +0100.py,ZulipEmailForwardUserError,3,0,0,0,0.2019606711785769,True,102,104,166,/Users/neda/Documents/workspace2/DissertationProject/util/Python/zulip/email_mirror/email_mirror
7099d01641,/Users/neda/Documents/workspace2/DissertationProject/util/Python/zulip/email_mirror/email_mirror@179b747769@Fri Feb 8 22:31:35 2019 -0330.py,ZulipEmailForwardError,2,0,0,0,0.19998828459080573,True,103,104,166,/Users/neda/Documents/workspace2/DissertationProject/util/Python/zulip/email_mirror/email_mirror
7099d01641,/Users/neda/Documents/workspace2/DissertationProject/util/Python/zulip/email_mirror/email_mirror@179b747769@Fri Feb 8 22:31:35 2019 -0330.py,ZulipEmailForwardUserError,3,0,0,0,0.19998828459080573,True,103,104,166,/Users/neda/Documents/workspace2/DissertationProject/util/Python/zulip/email_mirror/email_mirror
7099d01641,/Users/neda/Documents/workspace2/DissertationProject/util/Python/zulip/email_mirror/email_mirror@7099d01641@Wed Feb 13 13:16:55 2019 -0800.py,ZulipEmailForwardError,2,0,0,0,0.19998828459080573,True,104,104,166,/Users/neda/Documents/workspace2/DissertationProject/util/Python/zulip/email_mirror/email_mirror
7099d01641,/Users/neda/Documents/workspace2/DissertationProject/util/Python/zulip/email_mirror/email_mirror@7099d01641@Wed Feb 13 13:16:55 2019 -0800.py,ZulipEmailForwardUserError,3,0,0,0,0.19998828459080573,True,104,104,166,/Users/neda/Documents/workspace2/DissertationProject/util/Python/zulip/email_mirror/email_mirror
7099d01641,/Users/neda/Documents/workspace2/DissertationProject/util/Python/zulip/email_mirror/email_mirror@0633f268fb@Sat Mar 9 16:52:54 2019 +0100.py,ZulipEmailForwardError,2,0,0,0,0.2019606711785769,True,105,104,166,/Users/neda/Documents/workspace2/DissertationProject/util/Python/zulip/email_mirror/email_mirror
7099d01641,/Users/neda/Documents/workspace2/DissertationProject/util/Python/zulip/email_mirror/email_mirror@0633f268fb@Sat Mar 9 16:52:54 2019 +0100.py,ZulipEmailForwardUserError,3,0,0,0,0.2019606711785769,True,105,104,166,/Users/neda/Documents/workspace2/DissertationProject/util/Python/zulip/email_mirror/email_mirror
60c4896c3a,/Users/neda/Documents/workspace2/DissertationProject/util/Python/zulip/export/export@74c17bf94a@Fri Jun 12 23:59:37 2020 -0700.py,Config,1,0,0,0,0.2049128781949295,False,242,244,268,/Users/neda/Documents/workspace2/DissertationProject/util/Python/zulip/export/export
60c4896c3a,/Users/neda/Documents/workspace2/DissertationProject/util/Python/zulip/export/export@5dc9b55c43@Sat Jun 13 17:57:50 2020 -0700.py,Command,2,5,4,1.25,0.2049128781949295,False,243,244,268,/Users/neda/Documents/workspace2/DissertationProject/util/Python/zulip/export/export
60c4896c3a,/Users/neda/Documents/workspace2/DissertationProject/util/Python/zulip/export/export@60c4896c3a@Sun Jun 21 13:18:08 2020 +0200.py,Command,2,5,4,1.25,0.21215822065311868,False,244,244,268,/Users/neda/Documents/workspace2/DissertationProject/util/Python/zulip/export/export
60c4896c3a,/Users/neda/Documents/workspace2/DissertationProject/util/Python/zulip/export/export@54c596cfc4@Thu Jul 9 11:59:05 2020 +0000.py,Config,1,0,0,0,0.22153571095195454,False,245,244,268,/Users/neda/Documents/workspace2/DissertationProject/util/Python/zulip/export/export
298c59f7fd,/Users/neda/Documents/workspace2/DissertationProject/util/Python/zulip/exceptions/exceptions@74fd3d9f31@Wed Sep 27 10:40:25 2017 +0200.py,BadEventQueueIdError,3,0,0,0,0.1962129244116821,True,13,14,63,/Users/neda/Documents/workspace2/DissertationProject/util/Python/zulip/exceptions/exceptions
298c59f7fd,/Users/neda/Documents/workspace2/DissertationProject/util/Python/zulip/exceptions/exceptions@1047733486@Thu Oct 26 11:38:28 2017 +0200.py,BadEventQueueIdError,3,0,0,0,0.18080964634517122,True,15,14,63,/Users/neda/Documents/workspace2/DissertationProject/util/Python/zulip/exceptions/exceptions
9d7a2fdf9d,/Users/neda/Documents/workspace2/DissertationProject/util/Python/zulip/streams/streams@9e8ea93d3d@Fri Jun 3 14:21:57 2016 -0400.py,PrincipalError,3,3,5,0.6,0.2099570046369829,False,18,20,259,/Users/neda/Documents/workspace2/DissertationProject/util/Python/zulip/streams/streams
9d7a2fdf9d,/Users/neda/Documents/workspace2/DissertationProject/util/Python/zulip/streams/streams@b926826ea1@Sat Jun 11 02:45:40 2016 +0530.py,PrincipalError,3,3,5,0.6,0.2386858408320017,False,19,20,259,/Users/neda/Documents/workspace2/DissertationProject/util/Python/zulip/streams/streams
9d7a2fdf9d,/Users/neda/Documents/workspace2/DissertationProject/util/Python/zulip/streams/streams@9d7a2fdf9d@Mon Jun 13 12:45:43 2016 +0530.py,PrincipalError,3,3,5,0.6,0.1946629988477205,False,20,20,259,/Users/neda/Documents/workspace2/DissertationProject/util/Python/zulip/streams/streams
9d7a2fdf9d,/Users/neda/Documents/workspace2/DissertationProject/util/Python/zulip/streams/streams@80d92c1651@Tue Jun 21 11:45:35 2016 -0700.py,PrincipalError,3,3,5,0.6,0.2349298489053345,False,21,20,259,/Users/neda/Documents/workspace2/DissertationProject/util/Python/zulip/streams/streams
e9f4d9db2b,/Users/neda/Documents/workspace2/DissertationProject/util/Python/zulip/push_notifications/push_notifications@bc43eefbfb@Sat Jul 28 18:01:45 2018 +0530.py,PushNotificationBouncerException,2,0,0,0,0.22447432906529005,True,136,138,226,/Users/neda/Documents/workspace2/DissertationProject/util/Python/zulip/push_notifications/push_notifications
e9f4d9db2b,/Users/neda/Documents/workspace2/DissertationProject/util/Python/zulip/push_notifications/push_notifications@5f8d193bb7@Wed Aug 1 15:44:40 2018 -0700.py,PushNotificationBouncerException,2,0,0,0,0.22447432906529005,True,137,138,226,/Users/neda/Documents/workspace2/DissertationProject/util/Python/zulip/push_notifications/push_notifications
e9f4d9db2b,/Users/neda/Documents/workspace2/DissertationProject/util/Python/zulip/push_notifications/push_notifications@e9f4d9db2b@Wed Aug 1 16:28:28 2018 -0700.py,PushNotificationBouncerException,2,0,0,0,0.22447432906529005,True,138,138,226,/Users/neda/Documents/workspace2/DissertationProject/util/Python/zulip/push_notifications/push_notifications
e9f4d9db2b,/Users/neda/Documents/workspace2/DissertationProject/util/Python/zulip/push_notifications/push_notifications@da8f4bc0e9@Wed Aug 1 16:29:06 2018 -0700.py,PushNotificationBouncerException,2,0,0,0,0.22447432906529005,True,139,138,226,/Users/neda/Documents/workspace2/DissertationProject/util/Python/zulip/push_notifications/push_notifications
e04156eef3,/Users/neda/Documents/workspace2/DissertationProject/util/Python/zulip/export/export@c42d6b6983@Fri Jul 20 17:13:25 2018 +0530.py,Config,1,0,0,0,0.22447432906529005,False,165,167,268,/Users/neda/Documents/workspace2/DissertationProject/util/Python/zulip/export/export
e04156eef3,/Users/neda/Documents/workspace2/DissertationProject/util/Python/zulip/export/export@db1260fb93@Mon Jul 23 08:28:20 2018 -0700.py,Config,1,0,0,0,0.22447432906529005,False,166,167,268,/Users/neda/Documents/workspace2/DissertationProject/util/Python/zulip/export/export
e04156eef3,/Users/neda/Documents/workspace2/DissertationProject/util/Python/zulip/export/export@e04156eef3@Mon Jul 30 22:30:19 2018 -0700.py,Config,1,0,0,0,0.22447432906529005,False,167,167,268,/Users/neda/Documents/workspace2/DissertationProject/util/Python/zulip/export/export
1660856bf5,/Users/neda/Documents/workspace2/DissertationProject/util/Python/zulip/video_calls/video_calls@4d04fa3118@Sat Nov 16 00:26:28 2019 -0800.py,InvalidZoomTokenError,3,0,0,0,0.19522415312570765,True,1,0,12,/Users/neda/Documents/workspace2/DissertationProject/util/Python/zulip/video_calls/video_calls
085cdb7028,/Users/neda/Documents/workspace2/DissertationProject/util/Python/zulip/bitbucket2/bitbucket2@9026f56713@Thu Nov 3 17:37:20 2016 +0100.py,UnknownTriggerType,2,0,0,0,0.2292818185322232,True,15,17,22,/Users/neda/Documents/workspace2/DissertationProject/util/Python/zulip/bitbucket2/bitbucket2
085cdb7028,/Users/neda/Documents/workspace2/DissertationProject/util/Python/zulip/bitbucket2/bitbucket2@81f18b829d@Wed Nov 9 16:05:45 2016 +0100.py,UnknownTriggerType,2,0,0,0,0.22883000299366474,True,16,17,22,/Users/neda/Documents/workspace2/DissertationProject/util/Python/zulip/bitbucket2/bitbucket2
085cdb7028,/Users/neda/Documents/workspace2/DissertationProject/util/Python/zulip/bitbucket2/bitbucket2@085cdb7028@Fri Nov 11 12:45:58 2016 +0100.py,UnknownTriggerType,2,0,0,0,0.22883000299366474,True,17,17,22,/Users/neda/Documents/workspace2/DissertationProject/util/Python/zulip/bitbucket2/bitbucket2
085cdb7028,/Users/neda/Documents/workspace2/DissertationProject/util/Python/zulip/bitbucket2/bitbucket2@f05b71b9ca@Fri Nov 11 13:32:41 2016 +0100.py,UnknownTriggerType,2,0,0,0,0.22883000299366474,True,18,17,22,/Users/neda/Documents/workspace2/DissertationProject/util/Python/zulip/bitbucket2/bitbucket2
03c71dad17,/Users/neda/Documents/workspace2/DissertationProject/util/Python/zulip/stripe/stripe@112eb01728@Wed Dec 26 17:52:49 2018 -0800.py,BillingError,2,0,0,0,0.20962662708341065,True,79,81,139,/Users/neda/Documents/workspace2/DissertationProject/util/Python/zulip/stripe/stripe
03c71dad17,/Users/neda/Documents/workspace2/DissertationProject/util/Python/zulip/stripe/stripe@112eb01728@Wed Dec 26 17:52:49 2018 -0800.py,StripeCardError,3,0,5,0,0.20962662708341065,True,79,81,139,/Users/neda/Documents/workspace2/DissertationProject/util/Python/zulip/stripe/stripe
03c71dad17,/Users/neda/Documents/workspace2/DissertationProject/util/Python/zulip/stripe/stripe@112eb01728@Wed Dec 26 17:52:49 2018 -0800.py,StripeConnectionError,3,0,5,0,0.20962662708341065,True,79,81,139,/Users/neda/Documents/workspace2/DissertationProject/util/Python/zulip/stripe/stripe
03c71dad17,/Users/neda/Documents/workspace2/DissertationProject/util/Python/zulip/stripe/stripe@ad7a7b246e@Thu Dec 27 22:20:30 2018 -0800.py,BillingError,2,0,0,0,0.20962662708341065,True,80,81,139,/Users/neda/Documents/workspace2/DissertationProject/util/Python/zulip/stripe/stripe
03c71dad17,/Users/neda/Documents/workspace2/DissertationProject/util/Python/zulip/stripe/stripe@ad7a7b246e@Thu Dec 27 22:20:30 2018 -0800.py,StripeCardError,3,0,5,0,0.20962662708341065,True,80,81,139,/Users/neda/Documents/workspace2/DissertationProject/util/Python/zulip/stripe/stripe
03c71dad17,/Users/neda/Documents/workspace2/DissertationProject/util/Python/zulip/stripe/stripe@ad7a7b246e@Thu Dec 27 22:20:30 2018 -0800.py,StripeConnectionError,3,0,5,0,0.20962662708341065,True,80,81,139,/Users/neda/Documents/workspace2/DissertationProject/util/Python/zulip/stripe/stripe
03c71dad17,/Users/neda/Documents/workspace2/DissertationProject/util/Python/zulip/stripe/stripe@03c71dad17@Thu Jan 24 17:14:07 2019 -0800.py,BillingError,2,0,0,0,0.2036025306978685,True,81,81,139,/Users/neda/Documents/workspace2/DissertationProject/util/Python/zulip/stripe/stripe
03c71dad17,/Users/neda/Documents/workspace2/DissertationProject/util/Python/zulip/stripe/stripe@03c71dad17@Thu Jan 24 17:14:07 2019 -0800.py,StripeCardError,3,0,5,0,0.2036025306978685,True,81,81,139,/Users/neda/Documents/workspace2/DissertationProject/util/Python/zulip/stripe/stripe
03c71dad17,/Users/neda/Documents/workspace2/DissertationProject/util/Python/zulip/stripe/stripe@03c71dad17@Thu Jan 24 17:14:07 2019 -0800.py,StripeConnectionError,3,0,5,0,0.2036025306978685,True,81,81,139,/Users/neda/Documents/workspace2/DissertationProject/util/Python/zulip/stripe/stripe
03c71dad17,/Users/neda/Documents/workspace2/DissertationProject/util/Python/zulip/stripe/stripe@7c11fe819a@Fri Jan 25 17:36:37 2019 -0800.py,BillingError,2,0,0,0,0.2036025306978685,True,82,81,139,/Users/neda/Documents/workspace2/DissertationProject/util/Python/zulip/stripe/stripe
03c71dad17,/Users/neda/Documents/workspace2/DissertationProject/util/Python/zulip/stripe/stripe@7c11fe819a@Fri Jan 25 17:36:37 2019 -0800.py,StripeCardError,3,0,5,0,0.2036025306978685,True,82,81,139,/Users/neda/Documents/workspace2/DissertationProject/util/Python/zulip/stripe/stripe
03c71dad17,/Users/neda/Documents/workspace2/DissertationProject/util/Python/zulip/stripe/stripe@7c11fe819a@Fri Jan 25 17:36:37 2019 -0800.py,StripeConnectionError,3,0,5,0,0.2036025306978685,True,82,81,139,/Users/neda/Documents/workspace2/DissertationProject/util/Python/zulip/stripe/stripe
e40731574a,/Users/neda/Documents/workspace2/DissertationProject/util/Python/zulip/integrations/integrations@1595162496@Sat Feb 16 21:52:08 2019 -0800.py,Integration,1,0,2,0,0.19998828459080573,False,230,232,291,/Users/neda/Documents/workspace2/DissertationProject/util/Python/zulip/integrations/integrations
e40731574a,/Users/neda/Documents/workspace2/DissertationProject/util/Python/zulip/integrations/integrations@1595162496@Sat Feb 16 21:52:08 2019 -0800.py,BotIntegration,2,8,14,0.5714285714285714,0.19998828459080573,False,230,232,291,/Users/neda/Documents/workspace2/DissertationProject/util/Python/zulip/integrations/integrations
e40731574a,/Users/neda/Documents/workspace2/DissertationProject/util/Python/zulip/integrations/integrations@1595162496@Sat Feb 16 21:52:08 2019 -0800.py,EmailIntegration,2,1,14,0.07142857142857142,0.19998828459080573,True,230,232,291,/Users/neda/Documents/workspace2/DissertationProject/util/Python/zulip/integrations/integrations
e40731574a,/Users/neda/Documents/workspace2/DissertationProject/util/Python/zulip/integrations/integrations@1595162496@Sat Feb 16 21:52:08 2019 -0800.py,WebhookIntegration,2,3,14,0.21428571428571427,0.19998828459080573,False,230,232,291,/Users/neda/Documents/workspace2/DissertationProject/util/Python/zulip/integrations/integrations
e40731574a,/Users/neda/Documents/workspace2/DissertationProject/util/Python/zulip/integrations/integrations@1595162496@Sat Feb 16 21:52:08 2019 -0800.py,HubotIntegration,2,2,14,0.14285714285714285,0.19998828459080573,True,230,232,291,/Users/neda/Documents/workspace2/DissertationProject/util/Python/zulip/integrations/integrations
e40731574a,/Users/neda/Documents/workspace2/DissertationProject/util/Python/zulip/integrations/integrations@1595162496@Sat Feb 16 21:52:08 2019 -0800.py,GithubIntegration,3,4,9,0.4444444444444444,0.19998828459080573,False,230,232,291,/Users/neda/Documents/workspace2/DissertationProject/util/Python/zulip/integrations/integrations
e40731574a,/Users/neda/Documents/workspace2/DissertationProject/util/Python/zulip/integrations/integrations@1595162496@Sat Feb 16 21:52:08 2019 -0800.py,EmbeddedBotIntegration,2,2,14,0.14285714285714285,0.19998828459080573,True,230,232,291,/Users/neda/Documents/workspace2/DissertationProject/util/Python/zulip/integrations/integrations
e40731574a,/Users/neda/Documents/workspace2/DissertationProject/util/Python/zulip/integrations/integrations@2a5fe09d16@Sun Feb 17 11:29:33 2019 -0800.py,Integration,1,0,2,0,0.19998828459080573,False,231,232,291,/Users/neda/Documents/workspace2/DissertationProject/util/Python/zulip/integrations/integrations
e40731574a,/Users/neda/Documents/workspace2/DissertationProject/util/Python/zulip/integrations/integrations@2a5fe09d16@Sun Feb 17 11:29:33 2019 -0800.py,BotIntegration,2,8,14,0.5714285714285714,0.19998828459080573,False,231,232,291,/Users/neda/Documents/workspace2/DissertationProject/util/Python/zulip/integrations/integrations
e40731574a,/Users/neda/Documents/workspace2/DissertationProject/util/Python/zulip/integrations/integrations@2a5fe09d16@Sun Feb 17 11:29:33 2019 -0800.py,EmailIntegration,2,1,14,0.07142857142857142,0.19998828459080573,True,231,232,291,/Users/neda/Documents/workspace2/DissertationProject/util/Python/zulip/integrations/integrations
e40731574a,/Users/neda/Documents/workspace2/DissertationProject/util/Python/zulip/integrations/integrations@2a5fe09d16@Sun Feb 17 11:29:33 2019 -0800.py,WebhookIntegration,2,3,14,0.21428571428571427,0.19998828459080573,False,231,232,291,/Users/neda/Documents/workspace2/DissertationProject/util/Python/zulip/integrations/integrations
e40731574a,/Users/neda/Documents/workspace2/DissertationProject/util/Python/zulip/integrations/integrations@2a5fe09d16@Sun Feb 17 11:29:33 2019 -0800.py,HubotIntegration,2,2,14,0.14285714285714285,0.19998828459080573,True,231,232,291,/Users/neda/Documents/workspace2/DissertationProject/util/Python/zulip/integrations/integrations
e40731574a,/Users/neda/Documents/workspace2/DissertationProject/util/Python/zulip/integrations/integrations@2a5fe09d16@Sun Feb 17 11:29:33 2019 -0800.py,GithubIntegration,3,4,9,0.4444444444444444,0.19998828459080573,False,231,232,291,/Users/neda/Documents/workspace2/DissertationProject/util/Python/zulip/integrations/integrations
e40731574a,/Users/neda/Documents/workspace2/DissertationProject/util/Python/zulip/integrations/integrations@2a5fe09d16@Sun Feb 17 11:29:33 2019 -0800.py,EmbeddedBotIntegration,2,2,14,0.14285714285714285,0.19998828459080573,True,231,232,291,/Users/neda/Documents/workspace2/DissertationProject/util/Python/zulip/integrations/integrations
e40731574a,/Users/neda/Documents/workspace2/DissertationProject/util/Python/zulip/integrations/integrations@e40731574a@Tue Feb 19 15:39:02 2019 -0800.py,Integration,1,0,2,0,0.19998828459080573,False,232,232,291,/Users/neda/Documents/workspace2/DissertationProject/util/Python/zulip/integrations/integrations
e40731574a,/Users/neda/Documents/workspace2/DissertationProject/util/Python/zulip/integrations/integrations@e40731574a@Tue Feb 19 15:39:02 2019 -0800.py,BotIntegration,2,8,14,0.5714285714285714,0.19998828459080573,False,232,232,291,/Users/neda/Documents/workspace2/DissertationProject/util/Python/zulip/integrations/integrations
e40731574a,/Users/neda/Documents/workspace2/DissertationProject/util/Python/zulip/integrations/integrations@e40731574a@Tue Feb 19 15:39:02 2019 -0800.py,EmailIntegration,2,1,14,0.07142857142857142,0.19998828459080573,True,232,232,291,/Users/neda/Documents/workspace2/DissertationProject/util/Python/zulip/integrations/integrations
e40731574a,/Users/neda/Documents/workspace2/DissertationProject/util/Python/zulip/integrations/integrations@e40731574a@Tue Feb 19 15:39:02 2019 -0800.py,WebhookIntegration,2,3,14,0.21428571428571427,0.19998828459080573,False,232,232,291,/Users/neda/Documents/workspace2/DissertationProject/util/Python/zulip/integrations/integrations
e40731574a,/Users/neda/Documents/workspace2/DissertationProject/util/Python/zulip/integrations/integrations@e40731574a@Tue Feb 19 15:39:02 2019 -0800.py,HubotIntegration,2,2,14,0.14285714285714285,0.19998828459080573,True,232,232,291,/Users/neda/Documents/workspace2/DissertationProject/util/Python/zulip/integrations/integrations
e40731574a,/Users/neda/Documents/workspace2/DissertationProject/util/Python/zulip/integrations/integrations@e40731574a@Tue Feb 19 15:39:02 2019 -0800.py,GithubIntegration,3,4,9,0.4444444444444444,0.19998828459080573,False,232,232,291,/Users/neda/Documents/workspace2/DissertationProject/util/Python/zulip/integrations/integrations
e40731574a,/Users/neda/Documents/workspace2/DissertationProject/util/Python/zulip/integrations/integrations@e40731574a@Tue Feb 19 15:39:02 2019 -0800.py,EmbeddedBotIntegration,2,2,14,0.14285714285714285,0.19998828459080573,True,232,232,291,/Users/neda/Documents/workspace2/DissertationProject/util/Python/zulip/integrations/integrations
e40731574a,/Users/neda/Documents/workspace2/DissertationProject/util/Python/zulip/integrations/integrations@33bd52388a@Thu Feb 21 20:07:06 2019 -0800.py,Integration,1,0,2,0,0.19998828459080573,False,233,232,291,/Users/neda/Documents/workspace2/DissertationProject/util/Python/zulip/integrations/integrations
e40731574a,/Users/neda/Documents/workspace2/DissertationProject/util/Python/zulip/integrations/integrations@33bd52388a@Thu Feb 21 20:07:06 2019 -0800.py,BotIntegration,2,8,14,0.5714285714285714,0.19998828459080573,False,233,232,291,/Users/neda/Documents/workspace2/DissertationProject/util/Python/zulip/integrations/integrations
e40731574a,/Users/neda/Documents/workspace2/DissertationProject/util/Python/zulip/integrations/integrations@33bd52388a@Thu Feb 21 20:07:06 2019 -0800.py,EmailIntegration,2,1,14,0.07142857142857142,0.19998828459080573,True,233,232,291,/Users/neda/Documents/workspace2/DissertationProject/util/Python/zulip/integrations/integrations
e40731574a,/Users/neda/Documents/workspace2/DissertationProject/util/Python/zulip/integrations/integrations@33bd52388a@Thu Feb 21 20:07:06 2019 -0800.py,WebhookIntegration,2,3,14,0.21428571428571427,0.19998828459080573,False,233,232,291,/Users/neda/Documents/workspace2/DissertationProject/util/Python/zulip/integrations/integrations
e40731574a,/Users/neda/Documents/workspace2/DissertationProject/util/Python/zulip/integrations/integrations@33bd52388a@Thu Feb 21 20:07:06 2019 -0800.py,HubotIntegration,2,2,14,0.14285714285714285,0.19998828459080573,True,233,232,291,/Users/neda/Documents/workspace2/DissertationProject/util/Python/zulip/integrations/integrations
e40731574a,/Users/neda/Documents/workspace2/DissertationProject/util/Python/zulip/integrations/integrations@33bd52388a@Thu Feb 21 20:07:06 2019 -0800.py,GithubIntegration,3,4,9,0.4444444444444444,0.19998828459080573,False,233,232,291,/Users/neda/Documents/workspace2/DissertationProject/util/Python/zulip/integrations/integrations
e40731574a,/Users/neda/Documents/workspace2/DissertationProject/util/Python/zulip/integrations/integrations@33bd52388a@Thu Feb 21 20:07:06 2019 -0800.py,EmbeddedBotIntegration,2,2,14,0.14285714285714285,0.19998828459080573,True,233,232,291,/Users/neda/Documents/workspace2/DissertationProject/util/Python/zulip/integrations/integrations
643bd18b9f,/Users/neda/Documents/workspace2/DissertationProject/util/Python/zulip/streams/streams@9252c43225@Thu Feb 28 17:50:24 2019 -0330.py,PrincipalError,3,0,0,0,0.19998828459080573,True,179,181,259,/Users/neda/Documents/workspace2/DissertationProject/util/Python/zulip/streams/streams
643bd18b9f,/Users/neda/Documents/workspace2/DissertationProject/util/Python/zulip/streams/streams@272ed90685@Mon Apr 8 18:23:00 2019 +0100.py,PrincipalError,3,0,0,0,0.20327559557042432,True,180,181,259,/Users/neda/Documents/workspace2/DissertationProject/util/Python/zulip/streams/streams
643bd18b9f,/Users/neda/Documents/workspace2/DissertationProject/util/Python/zulip/streams/streams@643bd18b9f@Fri Apr 19 16:00:46 2019 -0700.py,PrincipalError,3,0,0,0,0.20469423585791857,True,181,181,259,/Users/neda/Documents/workspace2/DissertationProject/util/Python/zulip/streams/streams
643bd18b9f,/Users/neda/Documents/workspace2/DissertationProject/util/Python/zulip/streams/streams@9a9de156c3@Fri Apr 19 18:49:03 2019 -0700.py,PrincipalError,3,0,0,0,0.20469423585791857,True,182,181,259,/Users/neda/Documents/workspace2/DissertationProject/util/Python/zulip/streams/streams
3e885e52b2,/Users/neda/Documents/workspace2/DissertationProject/util/Python/zulip/streams/streams@a50824e031@Fri Aug 3 00:46:05 2018 +0300.py,PrincipalError,3,0,0,0,0.20306024892981403,True,161,163,259,/Users/neda/Documents/workspace2/DissertationProject/util/Python/zulip/streams/streams
3e885e52b2,/Users/neda/Documents/workspace2/DissertationProject/util/Python/zulip/streams/streams@6e136be975@Tue Aug 7 17:43:58 2018 +0530.py,PrincipalError,3,0,0,0,0.22447432906529005,True,162,163,259,/Users/neda/Documents/workspace2/DissertationProject/util/Python/zulip/streams/streams
3e885e52b2,/Users/neda/Documents/workspace2/DissertationProject/util/Python/zulip/streams/streams@3e885e52b2@Thu Aug 9 08:30:31 2018 -0700.py,PrincipalError,3,0,0,0,0.22447432906529005,True,163,163,259,/Users/neda/Documents/workspace2/DissertationProject/util/Python/zulip/streams/streams
3e885e52b2,/Users/neda/Documents/workspace2/DissertationProject/util/Python/zulip/streams/streams@50e3f85557@Thu Nov 1 14:16:26 2018 +0000.py,PrincipalError,3,0,0,0,0.2194512652163696,True,164,163,259,/Users/neda/Documents/workspace2/DissertationProject/util/Python/zulip/streams/streams
9a9de156c3,/Users/neda/Documents/workspace2/DissertationProject/util/Python/zulip/streams/streams@272ed90685@Mon Apr 8 18:23:00 2019 +0100.py,PrincipalError,3,0,0,0,0.20327559557042432,True,180,182,259,/Users/neda/Documents/workspace2/DissertationProject/util/Python/zulip/streams/streams
9a9de156c3,/Users/neda/Documents/workspace2/DissertationProject/util/Python/zulip/streams/streams@643bd18b9f@Fri Apr 19 16:00:46 2019 -0700.py,PrincipalError,3,0,0,0,0.20469423585791857,True,181,182,259,/Users/neda/Documents/workspace2/DissertationProject/util/Python/zulip/streams/streams
9a9de156c3,/Users/neda/Documents/workspace2/DissertationProject/util/Python/zulip/streams/streams@9a9de156c3@Fri Apr 19 18:49:03 2019 -0700.py,PrincipalError,3,0,0,0,0.20469423585791857,True,182,182,259,/Users/neda/Documents/workspace2/DissertationProject/util/Python/zulip/streams/streams
9a9de156c3,/Users/neda/Documents/workspace2/DissertationProject/util/Python/zulip/streams/streams@5cf304f8f9@Wed Jul 10 16:52:48 2019 -0700.py,PrincipalError,3,0,0,0,0.20701288688545047,True,183,182,259,/Users/neda/Documents/workspace2/DissertationProject/util/Python/zulip/streams/streams
6837fc5d56,/Users/neda/Documents/workspace2/DissertationProject/util/Python/zulip/0153_remove_int_float_custom_fields/0153_remove_int_float_custom_fields@6837fc5d56@Sun May 6 11:40:31 2018 +0200.py,Migration,2,2,2,1.0,0.1785471019718868,False,0,0,2,/Users/neda/Documents/workspace2/DissertationProject/util/Python/zulip/0153_remove_int_float_custom_fields/0153_remove_int_float_custom_fields
6837fc5d56,/Users/neda/Documents/workspace2/DissertationProject/util/Python/zulip/0153_remove_int_float_custom_fields/0153_remove_int_float_custom_fields@c734bbd95d@Thu Apr 9 12:51:58 2020 -0700.py,Migration,2,2,2,1.0,0.21399445936750747,False,1,0,2,/Users/neda/Documents/workspace2/DissertationProject/util/Python/zulip/0153_remove_int_float_custom_fields/0153_remove_int_float_custom_fields
60c4896c3a,/Users/neda/Documents/workspace2/DissertationProject/util/Python/zulip/import/import@67e7a3631d@Tue Jun 9 21:41:04 2020 -0700.py,Command,2,5,4,1.25,0.20440153965927174,False,30,32,37,/Users/neda/Documents/workspace2/DissertationProject/util/Python/zulip/import/import
60c4896c3a,/Users/neda/Documents/workspace2/DissertationProject/util/Python/zulip/import/import@365fe0b3d5@Wed Jun 10 15:54:34 2020 -0700.py,Command,2,5,4,1.25,0.20335332663537803,False,31,32,37,/Users/neda/Documents/workspace2/DissertationProject/util/Python/zulip/import/import
60c4896c3a,/Users/neda/Documents/workspace2/DissertationProject/util/Python/zulip/import/import@60c4896c3a@Sun Jun 21 13:18:08 2020 +0200.py,Command,2,5,4,1.25,0.21215822065311868,False,32,32,37,/Users/neda/Documents/workspace2/DissertationProject/util/Python/zulip/import/import
60c4896c3a,/Users/neda/Documents/workspace2/DissertationProject/util/Python/zulip/import/import@a5dbab8fb0@Tue Sep 1 19:49:02 2020 -0700.py,Command,2,5,4,1.25,0.2182126752876752,False,33,32,37,/Users/neda/Documents/workspace2/DissertationProject/util/Python/zulip/import/import
9161f8c39b,/Users/neda/Documents/workspace2/DissertationProject/util/Python/zulip/email_mirror/email_mirror@fef7d6ba09@Fri Nov 3 03:12:25 2017 +0100.py,ZulipEmailForwardError,2,0,0,0,0.1918619822572391,True,73,75,166,/Users/neda/Documents/workspace2/DissertationProject/util/Python/zulip/email_mirror/email_mirror
9161f8c39b,/Users/neda/Documents/workspace2/DissertationProject/util/Python/zulip/email_mirror/email_mirror@65838bb825@Fri Nov 3 11:13:17 2017 +0000.py,ZulipEmailForwardError,2,0,0,0,0.19141206590740747,True,74,75,166,/Users/neda/Documents/workspace2/DissertationProject/util/Python/zulip/email_mirror/email_mirror
9161f8c39b,/Users/neda/Documents/workspace2/DissertationProject/util/Python/zulip/email_mirror/email_mirror@9161f8c39b@Sat Nov 4 05:34:38 2017 +0100.py,ZulipEmailForwardError,2,0,0,0,0.18497457051804872,True,75,75,166,/Users/neda/Documents/workspace2/DissertationProject/util/Python/zulip/email_mirror/email_mirror
9161f8c39b,/Users/neda/Documents/workspace2/DissertationProject/util/Python/zulip/email_mirror/email_mirror@561ba33f69@Sun Nov 5 11:15:10 2017 +0100.py,ZulipEmailForwardError,2,0,0,0,0.19215022442158866,True,76,75,166,/Users/neda/Documents/workspace2/DissertationProject/util/Python/zulip/email_mirror/email_mirror
0383ff1dfd,/Users/neda/Documents/workspace2/DissertationProject/util/Python/zulip/view/view@349835e619@Wed Feb 8 20:41:43 2017 +0100.py,UnknownEventType,2,0,0,0,0.21062377464090778,True,4,6,461,/Users/neda/Documents/workspace2/DissertationProject/util/Python/zulip/view/view
0383ff1dfd,/Users/neda/Documents/workspace2/DissertationProject/util/Python/zulip/view/view@e1d73ea36f@Wed Feb 8 21:30:25 2017 +0100.py,UnknownEventType,2,0,0,0,0.21062377464090778,True,5,6,461,/Users/neda/Documents/workspace2/DissertationProject/util/Python/zulip/view/view
0383ff1dfd,/Users/neda/Documents/workspace2/DissertationProject/util/Python/zulip/view/view@a1813e004e@Sun Feb 26 00:10:14 2017 -0800.py,UnsupportedUpdownEventType,3,0,5,0,0.20812452889985258,True,7,6,461,/Users/neda/Documents/workspace2/DissertationProject/util/Python/zulip/view/view
4c5eb3d06e,/Users/neda/Documents/workspace2/DissertationProject/util/Python/zulip/streams/streams@375551aaa6@Tue Jul 26 16:45:29 2016 -0700.py,PrincipalError,3,3,5,0.6,0.2171888774010991,False,27,29,259,/Users/neda/Documents/workspace2/DissertationProject/util/Python/zulip/streams/streams
4c5eb3d06e,/Users/neda/Documents/workspace2/DissertationProject/util/Python/zulip/streams/streams@ef5b5bb45b@Fri Jul 29 15:53:51 2016 -0700.py,PrincipalError,3,3,5,0.6,0.22171652930787988,False,28,29,259,/Users/neda/Documents/workspace2/DissertationProject/util/Python/zulip/streams/streams
4c5eb3d06e,/Users/neda/Documents/workspace2/DissertationProject/util/Python/zulip/streams/streams@4c5eb3d06e@Mon Sep 12 08:21:49 2016 -0700.py,PrincipalError,3,3,5,0.6,0.22171652930787988,False,29,29,259,/Users/neda/Documents/workspace2/DissertationProject/util/Python/zulip/streams/streams
4c5eb3d06e,/Users/neda/Documents/workspace2/DissertationProject/util/Python/zulip/streams/streams@6ecee2ac4f@Thu Sep 15 07:42:48 2016 -0700.py,PrincipalError,3,3,5,0.6,0.23089070966036734,False,30,29,259,/Users/neda/Documents/workspace2/DissertationProject/util/Python/zulip/streams/streams
786b339b96,/Users/neda/Documents/workspace2/DissertationProject/util/Python/zulip/email_mirror/email_mirror@a8af0b6d91@Sat Jul 1 19:49:34 2017 -0700.py,ZulipEmailForwardError,2,0,0,0,0.20326894615197266,True,51,53,166,/Users/neda/Documents/workspace2/DissertationProject/util/Python/zulip/email_mirror/email_mirror
786b339b96,/Users/neda/Documents/workspace2/DissertationProject/util/Python/zulip/email_mirror/email_mirror@3bc74113ad@Fri Jul 7 17:46:51 2017 -0700.py,ZulipEmailForwardError,2,0,0,0,0.2060122647079168,True,52,53,166,/Users/neda/Documents/workspace2/DissertationProject/util/Python/zulip/email_mirror/email_mirror
786b339b96,/Users/neda/Documents/workspace2/DissertationProject/util/Python/zulip/email_mirror/email_mirror@786b339b96@Thu Jul 13 22:19:49 2017 -0700.py,ZulipEmailForwardError,2,0,0,0,0.2091816841649617,True,53,53,166,/Users/neda/Documents/workspace2/DissertationProject/util/Python/zulip/email_mirror/email_mirror
2ea0663a4a,/Users/neda/Documents/workspace2/DissertationProject/util/Python/zulip/__init__/__init__@cd6f8e9191@Sun Nov 1 08:14:53 2015 -0800.py,PrincipalError,3,2,4,0.5,0.15665042122026396,False,604,603,1278,/Users/neda/Documents/workspace2/DissertationProject/util/Python/zulip/__init__/__init__
ef92fcbe2b,/Users/neda/Documents/workspace2/DissertationProject/util/Python/zulip/streams/streams@93ee0aace7@Tue Feb 20 23:26:01 2018 +0530.py,PrincipalError,3,0,0,0,0.18194220050955612,True,139,141,259,/Users/neda/Documents/workspace2/DissertationProject/util/Python/zulip/streams/streams
ef92fcbe2b,/Users/neda/Documents/workspace2/DissertationProject/util/Python/zulip/streams/streams@6bda59f3d7@Sun Mar 11 23:29:21 2018 +0000.py,PrincipalError,3,0,0,0,0.18194220050955612,True,140,141,259,/Users/neda/Documents/workspace2/DissertationProject/util/Python/zulip/streams/streams
ef92fcbe2b,/Users/neda/Documents/workspace2/DissertationProject/util/Python/zulip/streams/streams@ef92fcbe2b@Sun Mar 11 20:59:20 2018 -0700.py,PrincipalError,3,0,0,0,0.18194220050955612,True,141,141,259,/Users/neda/Documents/workspace2/DissertationProject/util/Python/zulip/streams/streams
ef92fcbe2b,/Users/neda/Documents/workspace2/DissertationProject/util/Python/zulip/streams/streams@6e55342e21@Tue Mar 13 16:13:21 2018 -0700.py,PrincipalError,3,0,0,0,0.22447432906529005,True,142,141,259,/Users/neda/Documents/workspace2/DissertationProject/util/Python/zulip/streams/streams
cd6f8e9191,/Users/neda/Documents/workspace2/DissertationProject/util/Python/zulip/__init__/__init__@cd6f8e9191@Sun Nov 1 08:14:53 2015 -0800.py,PrincipalError,3,2,4,0.5,0.15665042122026396,False,604,604,1278,/Users/neda/Documents/workspace2/DissertationProject/util/Python/zulip/__init__/__init__
5b080bd0cf,/Users/neda/Documents/workspace2/DissertationProject/util/Python/zulip/__init__/__init__@bd3f1c6a9e@Thu Mar 27 19:49:20 2014 -0400.py,PrincipalError,3,2,4,0.5,0.14246897985499812,False,530,532,1278,/Users/neda/Documents/workspace2/DissertationProject/util/Python/zulip/__init__/__init__
5b080bd0cf,/Users/neda/Documents/workspace2/DissertationProject/util/Python/zulip/__init__/__init__@2f7af69091@Thu Mar 27 19:53:29 2014 -0400.py,PrincipalError,3,2,4,0.5,0.14246897985499812,False,531,532,1278,/Users/neda/Documents/workspace2/DissertationProject/util/Python/zulip/__init__/__init__
5b080bd0cf,/Users/neda/Documents/workspace2/DissertationProject/util/Python/zulip/__init__/__init__@5b080bd0cf@Sun Apr 6 17:00:28 2014 -0700.py,PrincipalError,3,2,4,0.5,0.14246897985499812,False,532,532,1278,/Users/neda/Documents/workspace2/DissertationProject/util/Python/zulip/__init__/__init__
5b080bd0cf,/Users/neda/Documents/workspace2/DissertationProject/util/Python/zulip/__init__/__init__@3498a04613@Mon Apr 7 11:01:38 2014 -0700.py,PrincipalError,3,2,4,0.5,0.14246897985499812,False,533,532,1278,/Users/neda/Documents/workspace2/DissertationProject/util/Python/zulip/__init__/__init__
219c519186,/Users/neda/Documents/workspace2/DissertationProject/util/Python/zulip/0057_realmauditlog/0057_realmauditlog@219c519186@Sat Mar 4 17:23:10 2017 -0800.py,Migration,2,2,2,1.0,0.20676183170477302,False,0,0,9,/Users/neda/Documents/workspace2/DissertationProject/util/Python/zulip/0057_realmauditlog/0057_realmauditlog
219c519186,/Users/neda/Documents/workspace2/DissertationProject/util/Python/zulip/0057_realmauditlog/0057_realmauditlog@b2504084ab@Sat Apr 15 07:33:56 2017 +0530.py,Migration,2,2,2,1.0,0.20834956767338275,False,1,0,9,/Users/neda/Documents/workspace2/DissertationProject/util/Python/zulip/0057_realmauditlog/0057_realmauditlog
cad4083987,/Users/neda/Documents/workspace2/DissertationProject/util/Python/zulip/export/export@ed4054d110@Fri Dec 15 18:04:48 2017 +0530.py,Config,1,0,0,0,0.1887726938739784,False,115,117,268,/Users/neda/Documents/workspace2/DissertationProject/util/Python/zulip/export/export
cad4083987,/Users/neda/Documents/workspace2/DissertationProject/util/Python/zulip/export/export@3cb12230b2@Sun Dec 24 20:05:31 2017 +0000.py,Config,1,0,0,0,0.1829418829299383,False,116,117,268,/Users/neda/Documents/workspace2/DissertationProject/util/Python/zulip/export/export
cad4083987,/Users/neda/Documents/workspace2/DissertationProject/util/Python/zulip/export/export@cad4083987@Tue Jan 30 15:34:47 2018 -0800.py,Config,1,0,0,0,0.18497457051804872,False,117,117,268,/Users/neda/Documents/workspace2/DissertationProject/util/Python/zulip/export/export
cad4083987,/Users/neda/Documents/workspace2/DissertationProject/util/Python/zulip/export/export@0f183981e6@Sat Feb 17 04:12:29 2018 +0530.py,Config,1,0,0,0,0.18194220050955612,False,118,117,268,/Users/neda/Documents/workspace2/DissertationProject/util/Python/zulip/export/export
e124837cdc,/Users/neda/Documents/workspace2/DissertationProject/util/Python/zulip/add_users_to_streams/add_users_to_streams@becef760bf@Tue Aug 6 15:30:17 2019 -0700.py,Command,2,5,4,1.25,0.21594145831402192,False,25,26,34,/Users/neda/Documents/workspace2/DissertationProject/util/Python/zulip/add_users_to_streams/add_users_to_streams
e124837cdc,/Users/neda/Documents/workspace2/DissertationProject/util/Python/zulip/add_users_to_streams/add_users_to_streams@e124837cdc@Fri Nov 15 16:42:36 2019 -0800.py,Command,2,5,4,1.25,0.22491902141525646,False,26,26,34,/Users/neda/Documents/workspace2/DissertationProject/util/Python/zulip/add_users_to_streams/add_users_to_streams
e124837cdc,/Users/neda/Documents/workspace2/DissertationProject/util/Python/zulip/add_users_to_streams/add_users_to_streams@8e7ce7cc79@Tue Jan 14 12:59:46 2020 -0800.py,Command,2,5,4,1.25,0.22035038297719467,False,27,26,34,/Users/neda/Documents/workspace2/DissertationProject/util/Python/zulip/add_users_to_streams/add_users_to_streams
4027adb6cc,/Users/neda/Documents/workspace2/DissertationProject/util/Python/zulip/actions/actions@30d37d1270@Thu Apr 27 13:48:06 2017 -0700.py,InvitationError,3,0,0,0,0.18804899854049184,True,821,822,1753,/Users/neda/Documents/workspace2/DissertationProject/util/Python/zulip/actions/actions
a65656dd9d,/Users/neda/Documents/workspace2/DissertationProject/util/Python/zulip/__init__/__init__@a65656dd9d@Thu Oct 1 18:53:54 2015 -0700.py,PrincipalError,3,2,4,0.5,0.16377089491209415,False,592,592,1278,/Users/neda/Documents/workspace2/DissertationProject/util/Python/zulip/__init__/__init__
a65656dd9d,/Users/neda/Documents/workspace2/DissertationProject/util/Python/zulip/__init__/__init__@77fad7a16e@Fri Oct 2 12:23:26 2015 +0100.py,PrincipalError,3,2,4,0.5,0.16377089491209415,False,593,592,1278,/Users/neda/Documents/workspace2/DissertationProject/util/Python/zulip/__init__/__init__
a6f91064a2,/Users/neda/Documents/workspace2/DissertationProject/util/Python/zulip/streams/streams@8c0c12c1d9@Fri Dec 2 16:18:11 2016 +0000.py,PrincipalError,3,3,5,0.6,0.22550340293379142,False,40,42,259,/Users/neda/Documents/workspace2/DissertationProject/util/Python/zulip/streams/streams
a6f91064a2,/Users/neda/Documents/workspace2/DissertationProject/util/Python/zulip/streams/streams@abc2ff4a06@Sat Dec 3 01:04:17 2016 +0200.py,PrincipalError,3,3,5,0.6,0.22550340293379142,False,41,42,259,/Users/neda/Documents/workspace2/DissertationProject/util/Python/zulip/streams/streams
a6f91064a2,/Users/neda/Documents/workspace2/DissertationProject/util/Python/zulip/streams/streams@a6f91064a2@Sat Dec 3 17:19:09 2016 +0000.py,PrincipalError,3,3,5,0.6,0.22550340293379142,False,42,42,259,/Users/neda/Documents/workspace2/DissertationProject/util/Python/zulip/streams/streams
a6f91064a2,/Users/neda/Documents/workspace2/DissertationProject/util/Python/zulip/streams/streams@1e0de94293@Thu Dec 22 10:37:32 2016 +0000.py,PrincipalError,3,3,5,0.6,0.22988230362553075,False,43,42,259,/Users/neda/Documents/workspace2/DissertationProject/util/Python/zulip/streams/streams
cb6c1e7a92,/Users/neda/Documents/workspace2/DissertationProject/util/Python/zulip/export/export@643bd18b9f@Fri Apr 19 16:00:46 2019 -0700.py,Config,1,0,0,0,0.20469423585791857,False,195,196,268,/Users/neda/Documents/workspace2/DissertationProject/util/Python/zulip/export/export
cb6c1e7a92,/Users/neda/Documents/workspace2/DissertationProject/util/Python/zulip/export/export@cb6c1e7a92@Tue Apr 23 13:50:30 2019 -0700.py,Config,1,0,0,0,0.20469423585791857,False,196,196,268,/Users/neda/Documents/workspace2/DissertationProject/util/Python/zulip/export/export
cb6c1e7a92,/Users/neda/Documents/workspace2/DissertationProject/util/Python/zulip/export/export@8b5d2e9631@Fri Apr 26 16:32:29 2019 -0700.py,Config,1,0,0,0,0.20469423585791857,False,197,196,268,/Users/neda/Documents/workspace2/DissertationProject/util/Python/zulip/export/export
23ff717bee,/Users/neda/Documents/workspace2/DissertationProject/util/Python/zulip/upload/upload@572c69f3c2@Sun May 29 07:52:55 2016 -0700.py,BadImageError,3,0,5,0,0.2099570046369829,True,24,26,189,/Users/neda/Documents/workspace2/DissertationProject/util/Python/zulip/upload/upload
23ff717bee,/Users/neda/Documents/workspace2/DissertationProject/util/Python/zulip/upload/upload@47c3ec1283@Sat Jun 4 18:54:32 2016 -0700.py,BadImageError,3,0,5,0,0.2099570046369829,True,25,26,189,/Users/neda/Documents/workspace2/DissertationProject/util/Python/zulip/upload/upload
23ff717bee,/Users/neda/Documents/workspace2/DissertationProject/util/Python/zulip/upload/upload@23ff717bee@Wed Jun 8 14:05:16 2016 +0530.py,BadImageError,3,0,5,0,0.2099570046369829,True,26,26,189,/Users/neda/Documents/workspace2/DissertationProject/util/Python/zulip/upload/upload
60a25b2721,/Users/neda/Documents/workspace2/DissertationProject/util/Python/zulip/view/view@60a25b2721@Mon Aug 10 16:47:44 2020 -0700.py,SuppressedEvent,2,0,0,0,0.22041684372492445,True,420,420,461,/Users/neda/Documents/workspace2/DissertationProject/util/Python/zulip/view/view
60a25b2721,/Users/neda/Documents/workspace2/DissertationProject/util/Python/zulip/view/view@60a25b2721@Mon Aug 10 16:47:44 2020 -0700.py,NotImplementedEventType,3,0,0,0,0.22041684372492445,True,420,420,461,/Users/neda/Documents/workspace2/DissertationProject/util/Python/zulip/view/view
dbd1b56362,/Users/neda/Documents/workspace2/DissertationProject/util/Python/zulip/remote_server/remote_server@91a86c24f5@Fri Jun 12 18:34:01 2020 -0700.py,PushNotificationBouncerException,2,0,0,0,0.20335332663537803,True,14,16,18,/Users/neda/Documents/workspace2/DissertationProject/util/Python/zulip/remote_server/remote_server
dbd1b56362,/Users/neda/Documents/workspace2/DissertationProject/util/Python/zulip/remote_server/remote_server@91a86c24f5@Fri Jun 12 18:34:01 2020 -0700.py,PushNotificationBouncerRetryLaterError,3,0,0,0,0.20335332663537803,True,14,16,18,/Users/neda/Documents/workspace2/DissertationProject/util/Python/zulip/remote_server/remote_server
dbd1b56362,/Users/neda/Documents/workspace2/DissertationProject/util/Python/zulip/remote_server/remote_server@f364d06fb5@Mon Jun 15 14:22:24 2020 -0700.py,PushNotificationBouncerException,2,0,0,0,0.2049128781949295,True,15,16,18,/Users/neda/Documents/workspace2/DissertationProject/util/Python/zulip/remote_server/remote_server
dbd1b56362,/Users/neda/Documents/workspace2/DissertationProject/util/Python/zulip/remote_server/remote_server@f364d06fb5@Mon Jun 15 14:22:24 2020 -0700.py,PushNotificationBouncerRetryLaterError,3,0,0,0,0.2049128781949295,True,15,16,18,/Users/neda/Documents/workspace2/DissertationProject/util/Python/zulip/remote_server/remote_server
dbd1b56362,/Users/neda/Documents/workspace2/DissertationProject/util/Python/zulip/remote_server/remote_server@dbd1b56362@Sun Jul 5 11:46:41 2020 -0700.py,PushNotificationBouncerException,2,0,0,0,0.22123355963457514,True,16,16,18,/Users/neda/Documents/workspace2/DissertationProject/util/Python/zulip/remote_server/remote_server
dbd1b56362,/Users/neda/Documents/workspace2/DissertationProject/util/Python/zulip/remote_server/remote_server@dbd1b56362@Sun Jul 5 11:46:41 2020 -0700.py,PushNotificationBouncerRetryLaterError,3,0,0,0,0.22123355963457514,True,16,16,18,/Users/neda/Documents/workspace2/DissertationProject/util/Python/zulip/remote_server/remote_server
dbd1b56362,/Users/neda/Documents/workspace2/DissertationProject/util/Python/zulip/remote_server/remote_server@61d0417e75@Thu Aug 6 16:09:47 2020 -0700.py,PushNotificationBouncerException,2,0,0,0,0.22041684372492445,True,17,16,18,/Users/neda/Documents/workspace2/DissertationProject/util/Python/zulip/remote_server/remote_server
dbd1b56362,/Users/neda/Documents/workspace2/DissertationProject/util/Python/zulip/remote_server/remote_server@61d0417e75@Thu Aug 6 16:09:47 2020 -0700.py,PushNotificationBouncerRetryLaterError,3,0,0,0,0.22041684372492445,True,17,16,18,/Users/neda/Documents/workspace2/DissertationProject/util/Python/zulip/remote_server/remote_server
c57c4cf703,/Users/neda/Documents/workspace2/DissertationProject/util/Python/zulip/push_notifications/push_notifications@f116aba490@Thu Oct 4 14:31:04 2018 -0700.py,PushNotificationBouncerException,2,0,0,0,0.2194512652163696,True,142,144,226,/Users/neda/Documents/workspace2/DissertationProject/util/Python/zulip/push_notifications/push_notifications
c57c4cf703,/Users/neda/Documents/workspace2/DissertationProject/util/Python/zulip/push_notifications/push_notifications@92a100798c@Thu Oct 4 20:08:54 2018 -0700.py,PushNotificationBouncerException,2,0,0,0,0.2194512652163696,True,143,144,226,/Users/neda/Documents/workspace2/DissertationProject/util/Python/zulip/push_notifications/push_notifications
c57c4cf703,/Users/neda/Documents/workspace2/DissertationProject/util/Python/zulip/push_notifications/push_notifications@c57c4cf703@Wed Oct 10 15:53:13 2018 -0700.py,PushNotificationBouncerException,2,0,0,0,0.22155907803846808,True,144,144,226,/Users/neda/Documents/workspace2/DissertationProject/util/Python/zulip/push_notifications/push_notifications
c57c4cf703,/Users/neda/Documents/workspace2/DissertationProject/util/Python/zulip/push_notifications/push_notifications@68ab71eb8b@Fri Oct 12 11:18:07 2018 -0700.py,PushNotificationBouncerException,2,0,0,0,0.22132716709227143,True,145,144,226,/Users/neda/Documents/workspace2/DissertationProject/util/Python/zulip/push_notifications/push_notifications
64b85415f5,/Users/neda/Documents/workspace2/DissertationProject/util/Python/zulip/0015_clear_duplicate_counts/0015_clear_duplicate_counts@64b85415f5@Fri Mar 6 21:08:14 2020 +0100.py,Migration,2,2,2,1.0,0.22271092137449947,False,0,0,5,/Users/neda/Documents/workspace2/DissertationProject/util/Python/zulip/0015_clear_duplicate_counts/0015_clear_duplicate_counts
64b85415f5,/Users/neda/Documents/workspace2/DissertationProject/util/Python/zulip/0015_clear_duplicate_counts/0015_clear_duplicate_counts@c734bbd95d@Thu Apr 9 12:51:58 2020 -0700.py,Migration,2,2,2,1.0,0.21399445936750747,False,1,0,5,/Users/neda/Documents/workspace2/DissertationProject/util/Python/zulip/0015_clear_duplicate_counts/0015_clear_duplicate_counts
a803e68528,/Users/neda/Documents/workspace2/DissertationProject/util/Python/zulip/email_mirror/email_mirror@0bcd4a6281@Fri Jun 5 00:30:26 2020 -0700.py,ZulipEmailForwardUserError,3,0,0,0,0.20040550027596668,True,155,157,166,/Users/neda/Documents/workspace2/DissertationProject/util/Python/zulip/email_mirror/email_mirror
a803e68528,/Users/neda/Documents/workspace2/DissertationProject/util/Python/zulip/email_mirror/email_mirror@0bcd4a6281@Fri Jun 5 00:30:26 2020 -0700.py,RateLimitedRealmMirror,3,4,13,0.3076923076923077,0.20040550027596668,False,155,157,166,/Users/neda/Documents/workspace2/DissertationProject/util/Python/zulip/email_mirror/email_mirror
a803e68528,/Users/neda/Documents/workspace2/DissertationProject/util/Python/zulip/email_mirror/email_mirror@bff3dcadc8@Fri Jun 5 14:26:35 2020 -0700.py,Command,2,5,4,1.25,0.20463537791742933,False,156,157,166,/Users/neda/Documents/workspace2/DissertationProject/util/Python/zulip/email_mirror/email_mirror
a803e68528,/Users/neda/Documents/workspace2/DissertationProject/util/Python/zulip/email_mirror/email_mirror@8dd83228e7@Mon Jun 8 15:25:09 2020 -0700.py,ZulipEmailForwardUserError,3,0,0,0,0.20024142428287514,True,158,157,166,/Users/neda/Documents/workspace2/DissertationProject/util/Python/zulip/email_mirror/email_mirror
a803e68528,/Users/neda/Documents/workspace2/DissertationProject/util/Python/zulip/email_mirror/email_mirror@8dd83228e7@Mon Jun 8 15:25:09 2020 -0700.py,RateLimitedRealmMirror,3,4,13,0.3076923076923077,0.20024142428287514,False,158,157,166,/Users/neda/Documents/workspace2/DissertationProject/util/Python/zulip/email_mirror/email_mirror
d2fa058cc1,/Users/neda/Documents/workspace2/DissertationProject/util/Python/zulip/restore_messages/restore_messages@8e7ce7cc79@Tue Jan 14 12:59:46 2020 -0800.py,Command,2,5,4,1.25,0.22035038297719467,False,0,1,4,/Users/neda/Documents/workspace2/DissertationProject/util/Python/zulip/restore_messages/restore_messages
d2fa058cc1,/Users/neda/Documents/workspace2/DissertationProject/util/Python/zulip/restore_messages/restore_messages@d2fa058cc1@Sat Mar 28 01:25:56 2020 +0100.py,Command,2,5,4,1.25,0.21894198133448006,False,1,1,4,/Users/neda/Documents/workspace2/DissertationProject/util/Python/zulip/restore_messages/restore_messages
d2fa058cc1,/Users/neda/Documents/workspace2/DissertationProject/util/Python/zulip/restore_messages/restore_messages@365fe0b3d5@Wed Jun 10 15:54:34 2020 -0700.py,Command,2,5,4,1.25,0.20335332663537803,False,2,1,4,/Users/neda/Documents/workspace2/DissertationProject/util/Python/zulip/restore_messages/restore_messages
c155403884,/Users/neda/Documents/workspace2/DissertationProject/util/Python/zulip/0285_remove_realm_google_hangouts_domain/0285_remove_realm_google_hangouts_domain@60a25b2721@Mon Aug 10 16:47:44 2020 -0700.py,Migration,2,2,2,1.0,0.22041684372492445,False,0,1,2,/Users/neda/Documents/workspace2/DissertationProject/util/Python/zulip/0285_remove_realm_google_hangouts_domain/0285_remove_realm_google_hangouts_domain
c155403884,/Users/neda/Documents/workspace2/DissertationProject/util/Python/zulip/0285_remove_realm_google_hangouts_domain/0285_remove_realm_google_hangouts_domain@c155403884@Mon Aug 10 16:47:54 2020 -0700.py,Migration,2,2,2,1.0,0.22041684372492445,False,1,1,2,/Users/neda/Documents/workspace2/DissertationProject/util/Python/zulip/0285_remove_realm_google_hangouts_domain/0285_remove_realm_google_hangouts_domain
0e401c4f18,/Users/neda/Documents/workspace2/DissertationProject/util/Python/zulip/populate_analytics_db/populate_analytics_db@becef760bf@Tue Aug 6 15:30:17 2019 -0700.py,Command,2,5,4,1.25,0.21594145831402192,False,39,38,53,/Users/neda/Documents/workspace2/DissertationProject/util/Python/zulip/populate_analytics_db/populate_analytics_db
60a25b2721,/Users/neda/Documents/workspace2/DissertationProject/util/Python/zulip/export/export@03d2540899@Thu Aug 6 20:36:32 2020 -0700.py,Config,1,0,0,0,0.22041684372492445,False,251,253,268,/Users/neda/Documents/workspace2/DissertationProject/util/Python/zulip/export/export
60a25b2721,/Users/neda/Documents/workspace2/DissertationProject/util/Python/zulip/export/export@2cf2547b27@Thu Aug 6 21:34:46 2020 -0700.py,Config,1,0,0,0,0.22041684372492445,False,252,253,268,/Users/neda/Documents/workspace2/DissertationProject/util/Python/zulip/export/export
60a25b2721,/Users/neda/Documents/workspace2/DissertationProject/util/Python/zulip/export/export@60a25b2721@Mon Aug 10 16:47:44 2020 -0700.py,Config,1,0,0,0,0.22041684372492445,False,253,253,268,/Users/neda/Documents/workspace2/DissertationProject/util/Python/zulip/export/export
60a25b2721,/Users/neda/Documents/workspace2/DissertationProject/util/Python/zulip/export/export@6dea085187@Mon Aug 10 17:20:10 2020 -0700.py,Command,2,5,4,1.25,0.22041684372492445,False,254,253,268,/Users/neda/Documents/workspace2/DissertationProject/util/Python/zulip/export/export
9da4b58c8e,/Users/neda/Documents/workspace2/DissertationProject/util/Python/zulip/integrations/integrations@41c0e9ba47@Thu Nov 1 17:26:22 2018 -0230.py,Integration,1,0,2,0,0.21158383769884462,False,217,219,291,/Users/neda/Documents/workspace2/DissertationProject/util/Python/zulip/integrations/integrations
9da4b58c8e,/Users/neda/Documents/workspace2/DissertationProject/util/Python/zulip/integrations/integrations@41c0e9ba47@Thu Nov 1 17:26:22 2018 -0230.py,BotIntegration,2,8,14,0.5714285714285714,0.21158383769884462,False,217,219,291,/Users/neda/Documents/workspace2/DissertationProject/util/Python/zulip/integrations/integrations
9da4b58c8e,/Users/neda/Documents/workspace2/DissertationProject/util/Python/zulip/integrations/integrations@41c0e9ba47@Thu Nov 1 17:26:22 2018 -0230.py,EmailIntegration,2,1,14,0.07142857142857142,0.21158383769884462,True,217,219,291,/Users/neda/Documents/workspace2/DissertationProject/util/Python/zulip/integrations/integrations
9da4b58c8e,/Users/neda/Documents/workspace2/DissertationProject/util/Python/zulip/integrations/integrations@41c0e9ba47@Thu Nov 1 17:26:22 2018 -0230.py,WebhookIntegration,2,3,14,0.21428571428571427,0.21158383769884462,False,217,219,291,/Users/neda/Documents/workspace2/DissertationProject/util/Python/zulip/integrations/integrations
9da4b58c8e,/Users/neda/Documents/workspace2/DissertationProject/util/Python/zulip/integrations/integrations@41c0e9ba47@Thu Nov 1 17:26:22 2018 -0230.py,HubotIntegration,2,2,14,0.14285714285714285,0.21158383769884462,True,217,219,291,/Users/neda/Documents/workspace2/DissertationProject/util/Python/zulip/integrations/integrations
9da4b58c8e,/Users/neda/Documents/workspace2/DissertationProject/util/Python/zulip/integrations/integrations@41c0e9ba47@Thu Nov 1 17:26:22 2018 -0230.py,GithubIntegration,3,4,9,0.4444444444444444,0.21158383769884462,False,217,219,291,/Users/neda/Documents/workspace2/DissertationProject/util/Python/zulip/integrations/integrations
9da4b58c8e,/Users/neda/Documents/workspace2/DissertationProject/util/Python/zulip/integrations/integrations@41c0e9ba47@Thu Nov 1 17:26:22 2018 -0230.py,EmbeddedBotIntegration,2,2,14,0.14285714285714285,0.21158383769884462,True,217,219,291,/Users/neda/Documents/workspace2/DissertationProject/util/Python/zulip/integrations/integrations
1c5e9ae7f6,/Users/neda/Documents/workspace2/DissertationProject/util/Python/zulip/view/view@edfb9c21bc@Thu Mar 16 19:18:25 2017 -0400.py,UnknownEventType,2,0,0,0,0.2009106588549696,True,15,14,461,/Users/neda/Documents/workspace2/DissertationProject/util/Python/zulip/view/view
e124837cdc,/Users/neda/Documents/workspace2/DissertationProject/util/Python/zulip/deactivate_user/deactivate_user@becef760bf@Tue Aug 6 15:30:17 2019 -0700.py,Command,2,5,4,1.25,0.21594145831402192,False,20,21,28,/Users/neda/Documents/workspace2/DissertationProject/util/Python/zulip/deactivate_user/deactivate_user
e124837cdc,/Users/neda/Documents/workspace2/DissertationProject/util/Python/zulip/deactivate_user/deactivate_user@e124837cdc@Fri Nov 15 16:42:36 2019 -0800.py,Command,2,5,4,1.25,0.22491902141525646,False,21,21,28,/Users/neda/Documents/workspace2/DissertationProject/util/Python/zulip/deactivate_user/deactivate_user
e124837cdc,/Users/neda/Documents/workspace2/DissertationProject/util/Python/zulip/deactivate_user/deactivate_user@8e7ce7cc79@Tue Jan 14 12:59:46 2020 -0800.py,Command,2,5,4,1.25,0.22035038297719467,False,22,21,28,/Users/neda/Documents/workspace2/DissertationProject/util/Python/zulip/deactivate_user/deactivate_user
b8839302c0,/Users/neda/Documents/workspace2/DissertationProject/util/Python/zulip/0232_make_archive_transaction_field_not_nullable/0232_make_archive_transaction_field_not_nullable@b8839302c0@Fri Jul 5 00:50:38 2019 +0200.py,Migration,2,2,2,1.0,0.20820949316802534,False,0,0,4,/Users/neda/Documents/workspace2/DissertationProject/util/Python/zulip/0232_make_archive_transaction_field_not_nullable/0232_make_archive_transaction_field_not_nullable
b8839302c0,/Users/neda/Documents/workspace2/DissertationProject/util/Python/zulip/0232_make_archive_transaction_field_not_nullable/0232_make_archive_transaction_field_not_nullable@8e7ce7cc79@Tue Jan 14 12:59:46 2020 -0800.py,Migration,2,2,2,1.0,0.22035038297719467,False,1,0,4,/Users/neda/Documents/workspace2/DissertationProject/util/Python/zulip/0232_make_archive_transaction_field_not_nullable/0232_make_archive_transaction_field_not_nullable
465947d1bb,/Users/neda/Documents/workspace2/DissertationProject/util/Python/zulip/view/view@c8f4177872@Thu May 14 17:50:05 2020 +0530.py,UnknownEventType,2,0,0,0,0.19560753250244678,True,389,391,461,/Users/neda/Documents/workspace2/DissertationProject/util/Python/zulip/view/view
465947d1bb,/Users/neda/Documents/workspace2/DissertationProject/util/Python/zulip/view/view@9a9c1e0794@Wed Jun 3 08:59:16 2020 +0530.py,SuppressedEvent,2,0,0,0,0.19522415312570765,True,392,391,461,/Users/neda/Documents/workspace2/DissertationProject/util/Python/zulip/view/view
465947d1bb,/Users/neda/Documents/workspace2/DissertationProject/util/Python/zulip/view/view@9a9c1e0794@Wed Jun 3 08:59:16 2020 +0530.py,NotImplementedEventType,3,0,0,0,0.19522415312570765,True,392,391,461,/Users/neda/Documents/workspace2/DissertationProject/util/Python/zulip/view/view
98889608a2,/Users/neda/Documents/workspace2/DissertationProject/util/Python/zulip/integrations/integrations@9e52a9f879@Thu Mar 1 16:43:15 2018 +0530.py,Integration,1,0,2,0,0.18194220050955612,False,196,198,291,/Users/neda/Documents/workspace2/DissertationProject/util/Python/zulip/integrations/integrations
98889608a2,/Users/neda/Documents/workspace2/DissertationProject/util/Python/zulip/integrations/integrations@9e52a9f879@Thu Mar 1 16:43:15 2018 +0530.py,BotIntegration,2,8,14,0.5714285714285714,0.18194220050955612,False,196,198,291,/Users/neda/Documents/workspace2/DissertationProject/util/Python/zulip/integrations/integrations
98889608a2,/Users/neda/Documents/workspace2/DissertationProject/util/Python/zulip/integrations/integrations@9e52a9f879@Thu Mar 1 16:43:15 2018 +0530.py,EmailIntegration,2,1,14,0.07142857142857142,0.18194220050955612,True,196,198,291,/Users/neda/Documents/workspace2/DissertationProject/util/Python/zulip/integrations/integrations
98889608a2,/Users/neda/Documents/workspace2/DissertationProject/util/Python/zulip/integrations/integrations@9e52a9f879@Thu Mar 1 16:43:15 2018 +0530.py,WebhookIntegration,2,3,14,0.21428571428571427,0.18194220050955612,False,196,198,291,/Users/neda/Documents/workspace2/DissertationProject/util/Python/zulip/integrations/integrations
98889608a2,/Users/neda/Documents/workspace2/DissertationProject/util/Python/zulip/integrations/integrations@9e52a9f879@Thu Mar 1 16:43:15 2018 +0530.py,HubotIntegration,2,2,14,0.14285714285714285,0.18194220050955612,True,196,198,291,/Users/neda/Documents/workspace2/DissertationProject/util/Python/zulip/integrations/integrations
98889608a2,/Users/neda/Documents/workspace2/DissertationProject/util/Python/zulip/integrations/integrations@9e52a9f879@Thu Mar 1 16:43:15 2018 +0530.py,GithubIntegration,3,4,9,0.4444444444444444,0.18194220050955612,False,196,198,291,/Users/neda/Documents/workspace2/DissertationProject/util/Python/zulip/integrations/integrations
98889608a2,/Users/neda/Documents/workspace2/DissertationProject/util/Python/zulip/integrations/integrations@9e52a9f879@Thu Mar 1 16:43:15 2018 +0530.py,EmbeddedBotIntegration,2,2,14,0.14285714285714285,0.18194220050955612,True,196,198,291,/Users/neda/Documents/workspace2/DissertationProject/util/Python/zulip/integrations/integrations
98889608a2,/Users/neda/Documents/workspace2/DissertationProject/util/Python/zulip/integrations/integrations@12396dd39b@Wed Mar 7 17:56:10 2018 -0330.py,Integration,1,0,2,0,0.18194220050955612,False,197,198,291,/Users/neda/Documents/workspace2/DissertationProject/util/Python/zulip/integrations/integrations
98889608a2,/Users/neda/Documents/workspace2/DissertationProject/util/Python/zulip/integrations/integrations@12396dd39b@Wed Mar 7 17:56:10 2018 -0330.py,BotIntegration,2,8,14,0.5714285714285714,0.18194220050955612,False,197,198,291,/Users/neda/Documents/workspace2/DissertationProject/util/Python/zulip/integrations/integrations
98889608a2,/Users/neda/Documents/workspace2/DissertationProject/util/Python/zulip/integrations/integrations@12396dd39b@Wed Mar 7 17:56:10 2018 -0330.py,EmailIntegration,2,1,14,0.07142857142857142,0.18194220050955612,True,197,198,291,/Users/neda/Documents/workspace2/DissertationProject/util/Python/zulip/integrations/integrations
98889608a2,/Users/neda/Documents/workspace2/DissertationProject/util/Python/zulip/integrations/integrations@12396dd39b@Wed Mar 7 17:56:10 2018 -0330.py,WebhookIntegration,2,3,14,0.21428571428571427,0.18194220050955612,False,197,198,291,/Users/neda/Documents/workspace2/DissertationProject/util/Python/zulip/integrations/integrations
98889608a2,/Users/neda/Documents/workspace2/DissertationProject/util/Python/zulip/integrations/integrations@12396dd39b@Wed Mar 7 17:56:10 2018 -0330.py,HubotIntegration,2,2,14,0.14285714285714285,0.18194220050955612,True,197,198,291,/Users/neda/Documents/workspace2/DissertationProject/util/Python/zulip/integrations/integrations
98889608a2,/Users/neda/Documents/workspace2/DissertationProject/util/Python/zulip/integrations/integrations@12396dd39b@Wed Mar 7 17:56:10 2018 -0330.py,GithubIntegration,3,4,9,0.4444444444444444,0.18194220050955612,False,197,198,291,/Users/neda/Documents/workspace2/DissertationProject/util/Python/zulip/integrations/integrations
98889608a2,/Users/neda/Documents/workspace2/DissertationProject/util/Python/zulip/integrations/integrations@12396dd39b@Wed Mar 7 17:56:10 2018 -0330.py,EmbeddedBotIntegration,2,2,14,0.14285714285714285,0.18194220050955612,True,197,198,291,/Users/neda/Documents/workspace2/DissertationProject/util/Python/zulip/integrations/integrations
6827c42e02,/Users/neda/Documents/workspace2/DissertationProject/util/Python/zulip/0182_set_initial_value_is_private_flag/0182_set_initial_value_is_private_flag@6827c42e02@Mon Aug 20 16:48:13 2018 -0700.py,Migration,2,2,2,1.0,0.22155907803846808,False,0,0,8,/Users/neda/Documents/workspace2/DissertationProject/util/Python/zulip/0182_set_initial_value_is_private_flag/0182_set_initial_value_is_private_flag
6827c42e02,/Users/neda/Documents/workspace2/DissertationProject/util/Python/zulip/0182_set_initial_value_is_private_flag/0182_set_initial_value_is_private_flag@4bd28f7ae6@Sat Feb 2 14:53:20 2019 -0800.py,Migration,2,2,2,1.0,0.19998828459080573,False,1,0,8,/Users/neda/Documents/workspace2/DissertationProject/util/Python/zulip/0182_set_initial_value_is_private_flag/0182_set_initial_value_is_private_flag
1477a9102d,/Users/neda/Documents/workspace2/DissertationProject/util/Python/zulip/response/response@0917493588@Wed Dec 21 12:17:53 2016 +0000.py,HttpResponseUnauthorized,2,0,0,0,0.22988230362553075,True,18,20,34,/Users/neda/Documents/workspace2/DissertationProject/util/Python/zulip/response/response
1477a9102d,/Users/neda/Documents/workspace2/DissertationProject/util/Python/zulip/response/response@e95f139308@Sun Mar 5 00:26:07 2017 -0800.py,HttpResponseUnauthorized,2,0,0,0,0.2050808412031082,True,19,20,34,/Users/neda/Documents/workspace2/DissertationProject/util/Python/zulip/response/response
1477a9102d,/Users/neda/Documents/workspace2/DissertationProject/util/Python/zulip/response/response@1477a9102d@Tue May 23 18:04:36 2017 -0700.py,HttpResponseUnauthorized,2,0,0,0,0.19935476614670258,True,20,20,34,/Users/neda/Documents/workspace2/DissertationProject/util/Python/zulip/response/response
1477a9102d,/Users/neda/Documents/workspace2/DissertationProject/util/Python/zulip/response/response@ff5013c619@Wed Jul 19 15:19:42 2017 -0700.py,HttpResponseUnauthorized,2,0,0,0,0.20936724306289517,True,21,20,34,/Users/neda/Documents/workspace2/DissertationProject/util/Python/zulip/response/response
651b011514,/Users/neda/Documents/workspace2/DissertationProject/util/Python/zulip/email_mirror/email_mirror@a8e5755c7b@Thu Oct 29 11:09:09 2015 -0400.py,ZulipEmailForwardError,2,0,0,0,0.15665042122026396,True,11,13,166,/Users/neda/Documents/workspace2/DissertationProject/util/Python/zulip/email_mirror/email_mirror
651b011514,/Users/neda/Documents/workspace2/DissertationProject/util/Python/zulip/email_mirror/email_mirror@8c34c40924@Sun Nov 1 08:08:33 2015 -0800.py,ZulipEmailForwardError,2,0,0,0,0.15665042122026396,True,12,13,166,/Users/neda/Documents/workspace2/DissertationProject/util/Python/zulip/email_mirror/email_mirror
651b011514,/Users/neda/Documents/workspace2/DissertationProject/util/Python/zulip/email_mirror/email_mirror@651b011514@Sun Nov 1 08:14:25 2015 -0800.py,ZulipEmailForwardError,2,0,0,0,0.15665042122026396,True,13,13,166,/Users/neda/Documents/workspace2/DissertationProject/util/Python/zulip/email_mirror/email_mirror
651b011514,/Users/neda/Documents/workspace2/DissertationProject/util/Python/zulip/email_mirror/email_mirror@b3ac668779@Sun Nov 1 08:14:31 2015 -0800.py,ZulipEmailForwardError,2,0,0,0,0.15665042122026396,True,14,13,166,/Users/neda/Documents/workspace2/DissertationProject/util/Python/zulip/email_mirror/email_mirror
9161f8c39b,/Users/neda/Documents/workspace2/DissertationProject/util/Python/zulip/cache/cache@304e411944@Sun Oct 29 16:16:12 2017 -0700.py,NotFoundInCache,2,0,0,0,0.20522699434417352,True,142,144,211,/Users/neda/Documents/workspace2/DissertationProject/util/Python/zulip/cache/cache
9161f8c39b,/Users/neda/Documents/workspace2/DissertationProject/util/Python/zulip/cache/cache@fef7d6ba09@Fri Nov 3 03:12:25 2017 +0100.py,NotFoundInCache,2,0,0,0,0.1918619822572391,True,143,144,211,/Users/neda/Documents/workspace2/DissertationProject/util/Python/zulip/cache/cache
9161f8c39b,/Users/neda/Documents/workspace2/DissertationProject/util/Python/zulip/cache/cache@9161f8c39b@Sat Nov 4 05:34:38 2017 +0100.py,NotFoundInCache,2,0,0,0,0.18497457051804872,True,144,144,211,/Users/neda/Documents/workspace2/DissertationProject/util/Python/zulip/cache/cache
9161f8c39b,/Users/neda/Documents/workspace2/DissertationProject/util/Python/zulip/cache/cache@ee546a33a3@Sun Nov 5 11:15:10 2017 +0100.py,NotFoundInCache,2,0,0,0,0.19105222313917958,True,145,144,211,/Users/neda/Documents/workspace2/DissertationProject/util/Python/zulip/cache/cache
d2fa058cc1,/Users/neda/Documents/workspace2/DissertationProject/util/Python/zulip/streams/streams@697b00dd6e@Sun Mar 22 19:29:49 2020 +0000.py,PrincipalError,3,0,0,0,0.21894198133448006,True,206,208,259,/Users/neda/Documents/workspace2/DissertationProject/util/Python/zulip/streams/streams
d2fa058cc1,/Users/neda/Documents/workspace2/DissertationProject/util/Python/zulip/streams/streams@386215614c@Thu Apr 2 02:24:16 2020 +0530.py,PrincipalError,3,0,0,0,0.21399445936750747,True,209,208,259,/Users/neda/Documents/workspace2/DissertationProject/util/Python/zulip/streams/streams
4c1e80032a,/Users/neda/Documents/workspace2/DissertationProject/util/Python/zulip/push_notifications/push_notifications@10e8e2acac@Tue Nov 27 09:51:35 2018 -0800.py,PushNotificationBouncerException,2,0,0,0,0.21165203247143038,True,153,155,226,/Users/neda/Documents/workspace2/DissertationProject/util/Python/zulip/push_notifications/push_notifications
4c1e80032a,/Users/neda/Documents/workspace2/DissertationProject/util/Python/zulip/push_notifications/push_notifications@4c1e80032a@Mon Dec 3 12:03:56 2018 -0800.py,PushNotificationBouncerException,2,0,0,0,0.21030393035377795,True,155,155,226,/Users/neda/Documents/workspace2/DissertationProject/util/Python/zulip/push_notifications/push_notifications
4c1e80032a,/Users/neda/Documents/workspace2/DissertationProject/util/Python/zulip/push_notifications/push_notifications@d723dbfef7@Wed Dec 5 10:02:18 2018 -0800.py,PushNotificationBouncerException,2,0,0,0,0.21030393035377795,True,156,155,226,/Users/neda/Documents/workspace2/DissertationProject/util/Python/zulip/push_notifications/push_notifications
fa227d79af,/Users/neda/Documents/workspace2/DissertationProject/util/Python/zulip/send_webhook_fixture_message/send_webhook_fixture_message@fa227d79af@Sun Jul 28 12:38:14 2019 -1000.py,Command,2,5,4,1.25,0.21060484090843895,False,18,18,26,/Users/neda/Documents/workspace2/DissertationProject/util/Python/zulip/send_webhook_fixture_message/send_webhook_fixture_message
fa227d79af,/Users/neda/Documents/workspace2/DissertationProject/util/Python/zulip/send_webhook_fixture_message/send_webhook_fixture_message@8e7ce7cc79@Tue Jan 14 12:59:46 2020 -0800.py,Command,2,5,4,1.25,0.22035038297719467,False,19,18,26,/Users/neda/Documents/workspace2/DissertationProject/util/Python/zulip/send_webhook_fixture_message/send_webhook_fixture_message
620411c0ea,/Users/neda/Documents/workspace2/DissertationProject/util/Python/zulip/streams/streams@5bacda3662@Sun Jan 24 16:27:18 2016 -0800.py,PrincipalError,3,2,4,0.5,0.15665042122026396,False,2,4,259,/Users/neda/Documents/workspace2/DissertationProject/util/Python/zulip/streams/streams
620411c0ea,/Users/neda/Documents/workspace2/DissertationProject/util/Python/zulip/streams/streams@ec7bb0b011@Mon Jan 25 16:54:56 2016 -0800.py,PrincipalError,3,2,4,0.5,0.16779168146949294,False,3,4,259,/Users/neda/Documents/workspace2/DissertationProject/util/Python/zulip/streams/streams
620411c0ea,/Users/neda/Documents/workspace2/DissertationProject/util/Python/zulip/streams/streams@620411c0ea@Mon Jan 25 17:00:00 2016 -0800.py,PrincipalError,3,2,4,0.5,0.15665042122026396,False,4,4,259,/Users/neda/Documents/workspace2/DissertationProject/util/Python/zulip/streams/streams
620411c0ea,/Users/neda/Documents/workspace2/DissertationProject/util/Python/zulip/streams/streams@49799440a4@Sun Feb 7 18:59:38 2016 -0800.py,PrincipalError,3,2,4,0.5,0.1644358478401031,False,5,4,259,/Users/neda/Documents/workspace2/DissertationProject/util/Python/zulip/streams/streams
60c4896c3a,/Users/neda/Documents/workspace2/DissertationProject/util/Python/zulip/convert_gitter_data/convert_gitter_data@67e7a3631d@Tue Jun 9 21:41:04 2020 -0700.py,Command,2,5,4,1.25,0.20440153965927174,False,6,8,12,/Users/neda/Documents/workspace2/DissertationProject/util/Python/zulip/convert_gitter_data/convert_gitter_data
60c4896c3a,/Users/neda/Documents/workspace2/DissertationProject/util/Python/zulip/convert_gitter_data/convert_gitter_data@365fe0b3d5@Wed Jun 10 15:54:34 2020 -0700.py,Command,2,5,4,1.25,0.20335332663537803,False,7,8,12,/Users/neda/Documents/workspace2/DissertationProject/util/Python/zulip/convert_gitter_data/convert_gitter_data
60c4896c3a,/Users/neda/Documents/workspace2/DissertationProject/util/Python/zulip/convert_gitter_data/convert_gitter_data@60c4896c3a@Sun Jun 21 13:18:08 2020 +0200.py,Command,2,5,4,1.25,0.21215822065311868,False,8,8,12,/Users/neda/Documents/workspace2/DissertationProject/util/Python/zulip/convert_gitter_data/convert_gitter_data
60c4896c3a,/Users/neda/Documents/workspace2/DissertationProject/util/Python/zulip/convert_gitter_data/convert_gitter_data@a5dbab8fb0@Tue Sep 1 19:49:02 2020 -0700.py,Command,2,5,4,1.25,0.2182126752876752,False,9,8,12,/Users/neda/Documents/workspace2/DissertationProject/util/Python/zulip/convert_gitter_data/convert_gitter_data
28d3af0965,/Users/neda/Documents/workspace2/DissertationProject/util/Python/zulip/backends/backends@a3a03bd6a5@Fri Mar 3 23:31:52 2017 +0530.py,Jinja2,2,5,5,1.0,0.20812452889985258,False,75,76,378,/Users/neda/Documents/workspace2/DissertationProject/util/Python/zulip/backends/backends
28d3af0965,/Users/neda/Documents/workspace2/DissertationProject/util/Python/zulip/backends/backends@a3a03bd6a5@Fri Mar 3 23:31:52 2017 +0530.py,Template,2,5,5,1.0,0.20812452889985258,False,75,76,378,/Users/neda/Documents/workspace2/DissertationProject/util/Python/zulip/backends/backends
28d3af0965,/Users/neda/Documents/workspace2/DissertationProject/util/Python/zulip/backends/backends@75e81253f2@Sat Mar 4 15:18:18 2017 -0800.py,Jinja2,2,5,5,1.0,0.20812452889985258,False,77,76,378,/Users/neda/Documents/workspace2/DissertationProject/util/Python/zulip/backends/backends
28d3af0965,/Users/neda/Documents/workspace2/DissertationProject/util/Python/zulip/backends/backends@75e81253f2@Sat Mar 4 15:18:18 2017 -0800.py,Template,2,5,5,1.0,0.20812452889985258,False,77,76,378,/Users/neda/Documents/workspace2/DissertationProject/util/Python/zulip/backends/backends
a0e8a37e7f,/Users/neda/Documents/workspace2/DissertationProject/util/Python/zulip/streams/streams@7e9ccead2e@Mon Apr 30 12:29:51 2018 +0530.py,PrincipalError,3,0,0,0,0.17950703262764964,True,149,151,259,/Users/neda/Documents/workspace2/DissertationProject/util/Python/zulip/streams/streams
a0e8a37e7f,/Users/neda/Documents/workspace2/DissertationProject/util/Python/zulip/streams/streams@a0e8a37e7f@Wed May 2 08:52:54 2018 -0700.py,PrincipalError,3,0,0,0,0.17950703262764964,True,151,151,259,/Users/neda/Documents/workspace2/DissertationProject/util/Python/zulip/streams/streams
a0e8a37e7f,/Users/neda/Documents/workspace2/DissertationProject/util/Python/zulip/streams/streams@508dc5b6ed@Fri May 4 10:14:29 2018 -0700.py,PrincipalError,3,0,0,0,0.17950703262764964,True,152,151,259,/Users/neda/Documents/workspace2/DissertationProject/util/Python/zulip/streams/streams
e2bd03365e,/Users/neda/Documents/workspace2/DissertationProject/util/Python/zulip/export/export@e04156eef3@Mon Jul 30 22:30:19 2018 -0700.py,Config,1,0,0,0,0.22447432906529005,False,167,169,268,/Users/neda/Documents/workspace2/DissertationProject/util/Python/zulip/export/export
e2bd03365e,/Users/neda/Documents/workspace2/DissertationProject/util/Python/zulip/export/export@e2bd03365e@Thu Sep 20 17:55:17 2018 -0700.py,Config,1,0,0,0,0.22155907803846808,False,169,169,268,/Users/neda/Documents/workspace2/DissertationProject/util/Python/zulip/export/export
e2bd03365e,/Users/neda/Documents/workspace2/DissertationProject/util/Python/zulip/export/export@feee76eb23@Thu Sep 20 19:57:24 2018 -0700.py,Config,1,0,0,0,0.22155907803846808,False,170,169,268,/Users/neda/Documents/workspace2/DissertationProject/util/Python/zulip/export/export
60a25b2721,/Users/neda/Documents/workspace2/DissertationProject/util/Python/zulip/video_calls/video_calls@30ab0524b5@Mon Jun 22 16:18:21 2020 -0700.py,InvalidZoomTokenError,3,0,0,0,0.21215822065311868,True,7,9,12,/Users/neda/Documents/workspace2/DissertationProject/util/Python/zulip/video_calls/video_calls
60a25b2721,/Users/neda/Documents/workspace2/DissertationProject/util/Python/zulip/video_calls/video_calls@a3a39494e3@Mon Jun 22 21:46:44 2020 -0700.py,InvalidZoomTokenError,3,0,0,0,0.21215822065311868,True,8,9,12,/Users/neda/Documents/workspace2/DissertationProject/util/Python/zulip/video_calls/video_calls
60a25b2721,/Users/neda/Documents/workspace2/DissertationProject/util/Python/zulip/video_calls/video_calls@60a25b2721@Mon Aug 10 16:47:44 2020 -0700.py,InvalidZoomTokenError,3,0,0,0,0.22041684372492445,True,9,9,12,/Users/neda/Documents/workspace2/DissertationProject/util/Python/zulip/video_calls/video_calls
60a25b2721,/Users/neda/Documents/workspace2/DissertationProject/util/Python/zulip/video_calls/video_calls@f91d287447@Tue Sep 1 17:50:08 2020 -0700.py,InvalidZoomTokenError,3,0,0,0,0.21745435090158857,True,10,9,12,/Users/neda/Documents/workspace2/DissertationProject/util/Python/zulip/video_calls/video_calls
e124837cdc,/Users/neda/Documents/workspace2/DissertationProject/util/Python/zulip/sync_ldap_user_data/sync_ldap_user_data@2ada0a9bad@Wed Aug 14 10:48:54 2019 -0700.py,Command,2,5,4,1.25,0.21470750712365608,False,16,18,26,/Users/neda/Documents/workspace2/DissertationProject/util/Python/zulip/sync_ldap_user_data/sync_ldap_user_data
e124837cdc,/Users/neda/Documents/workspace2/DissertationProject/util/Python/zulip/sync_ldap_user_data/sync_ldap_user_data@7e75f987df@Mon Aug 26 12:13:23 2019 -0700.py,Command,2,5,4,1.25,0.22129407820270017,False,17,18,26,/Users/neda/Documents/workspace2/DissertationProject/util/Python/zulip/sync_ldap_user_data/sync_ldap_user_data
e124837cdc,/Users/neda/Documents/workspace2/DissertationProject/util/Python/zulip/sync_ldap_user_data/sync_ldap_user_data@e124837cdc@Fri Nov 15 16:42:36 2019 -0800.py,Command,2,5,4,1.25,0.22491902141525646,False,18,18,26,/Users/neda/Documents/workspace2/DissertationProject/util/Python/zulip/sync_ldap_user_data/sync_ldap_user_data
e124837cdc,/Users/neda/Documents/workspace2/DissertationProject/util/Python/zulip/sync_ldap_user_data/sync_ldap_user_data@e81aa740bc@Fri Jan 3 05:45:05 2020 +0100.py,Command,2,5,4,1.25,0.2179289501972255,False,19,18,26,/Users/neda/Documents/workspace2/DissertationProject/util/Python/zulip/sync_ldap_user_data/sync_ldap_user_data
ed36314042,/Users/neda/Documents/workspace2/DissertationProject/util/Python/zulip/export/export@00c1f25b58@Fri Mar 30 03:39:04 2018 +0530.py,Config,1,0,0,0,0.17974024017502271,False,133,135,268,/Users/neda/Documents/workspace2/DissertationProject/util/Python/zulip/export/export
ed36314042,/Users/neda/Documents/workspace2/DissertationProject/util/Python/zulip/export/export@1bba6cc4ce@Fri Mar 30 16:08:03 2018 +0530.py,Config,1,0,0,0,0.17974024017502271,False,134,135,268,/Users/neda/Documents/workspace2/DissertationProject/util/Python/zulip/export/export
ed36314042,/Users/neda/Documents/workspace2/DissertationProject/util/Python/zulip/export/export@ed36314042@Tue Apr 3 15:34:31 2018 +0530.py,Config,1,0,0,0,0.17974024017502271,False,135,135,268,/Users/neda/Documents/workspace2/DissertationProject/util/Python/zulip/export/export
ed36314042,/Users/neda/Documents/workspace2/DissertationProject/util/Python/zulip/export/export@5a9cea4134@Tue Apr 3 19:55:13 2018 +0530.py,Config,1,0,0,0,0.17974024017502271,False,136,135,268,/Users/neda/Documents/workspace2/DissertationProject/util/Python/zulip/export/export
4891da83ad,/Users/neda/Documents/workspace2/DissertationProject/util/Python/zulip/__init__/__init__@f3180b774b@Thu Feb 6 19:22:19 2014 -0500.py,PrincipalError,3,2,4,0.5,0.14246897985499812,False,493,494,1278,/Users/neda/Documents/workspace2/DissertationProject/util/Python/zulip/__init__/__init__
4891da83ad,/Users/neda/Documents/workspace2/DissertationProject/util/Python/zulip/__init__/__init__@9d973ff106@Tue Feb 11 10:31:22 2014 -0500.py,PrincipalError,3,2,4,0.5,0.14246897985499812,False,495,494,1278,/Users/neda/Documents/workspace2/DissertationProject/util/Python/zulip/__init__/__init__
8b419c93e4,/Users/neda/Documents/workspace2/DissertationProject/util/Python/zulip/streams/streams@a276eefcfe@Tue Sep 1 23:14:51 2020 -0700.py,PrincipalError,3,0,0,0,0.21854162265609653,True,256,258,259,/Users/neda/Documents/workspace2/DissertationProject/util/Python/zulip/streams/streams
8b419c93e4,/Users/neda/Documents/workspace2/DissertationProject/util/Python/zulip/streams/streams@c199571112@Tue Sep 29 16:06:50 2020 +0000.py,PrincipalError,3,0,0,0,0.22328277970801824,True,257,258,259,/Users/neda/Documents/workspace2/DissertationProject/util/Python/zulip/streams/streams
8c0c12c1d9,/Users/neda/Documents/workspace2/DissertationProject/util/Python/zulip/streams/streams@c5316b4002@Wed Nov 30 20:17:35 2016 +0700.py,PrincipalError,3,3,5,0.6,0.22550340293379142,False,38,40,259,/Users/neda/Documents/workspace2/DissertationProject/util/Python/zulip/streams/streams
8c0c12c1d9,/Users/neda/Documents/workspace2/DissertationProject/util/Python/zulip/streams/streams@f7582f0050@Wed Nov 30 22:16:45 2016 -0700.py,PrincipalError,3,3,5,0.6,0.22550340293379142,False,39,40,259,/Users/neda/Documents/workspace2/DissertationProject/util/Python/zulip/streams/streams
8c0c12c1d9,/Users/neda/Documents/workspace2/DissertationProject/util/Python/zulip/streams/streams@8c0c12c1d9@Fri Dec 2 16:18:11 2016 +0000.py,PrincipalError,3,3,5,0.6,0.22550340293379142,False,40,40,259,/Users/neda/Documents/workspace2/DissertationProject/util/Python/zulip/streams/streams
8c0c12c1d9,/Users/neda/Documents/workspace2/DissertationProject/util/Python/zulip/streams/streams@abc2ff4a06@Sat Dec 3 01:04:17 2016 +0200.py,PrincipalError,3,3,5,0.6,0.22550340293379142,False,41,40,259,/Users/neda/Documents/workspace2/DissertationProject/util/Python/zulip/streams/streams
42f1cb3444,/Users/neda/Documents/workspace2/DissertationProject/util/Python/zulip/delete_old_unclaimed_attachments/delete_old_unclaimed_attachments@becef760bf@Tue Aug 6 15:30:17 2019 -0700.py,Command,2,5,4,1.25,0.21594145831402192,False,7,9,13,/Users/neda/Documents/workspace2/DissertationProject/util/Python/zulip/delete_old_unclaimed_attachments/delete_old_unclaimed_attachments
42f1cb3444,/Users/neda/Documents/workspace2/DissertationProject/util/Python/zulip/delete_old_unclaimed_attachments/delete_old_unclaimed_attachments@8e7ce7cc79@Tue Jan 14 12:59:46 2020 -0800.py,Command,2,5,4,1.25,0.22035038297719467,False,8,9,13,/Users/neda/Documents/workspace2/DissertationProject/util/Python/zulip/delete_old_unclaimed_attachments/delete_old_unclaimed_attachments
42f1cb3444,/Users/neda/Documents/workspace2/DissertationProject/util/Python/zulip/delete_old_unclaimed_attachments/delete_old_unclaimed_attachments@42f1cb3444@Fri Jun 5 17:06:19 2020 -0700.py,Command,2,5,4,1.25,0.20040550027596668,False,9,9,13,/Users/neda/Documents/workspace2/DissertationProject/util/Python/zulip/delete_old_unclaimed_attachments/delete_old_unclaimed_attachments
42f1cb3444,/Users/neda/Documents/workspace2/DissertationProject/util/Python/zulip/delete_old_unclaimed_attachments/delete_old_unclaimed_attachments@67e7a3631d@Tue Jun 9 21:41:04 2020 -0700.py,Command,2,5,4,1.25,0.20440153965927174,False,10,9,13,/Users/neda/Documents/workspace2/DissertationProject/util/Python/zulip/delete_old_unclaimed_attachments/delete_old_unclaimed_attachments
28a123f00e,/Users/neda/Documents/workspace2/DissertationProject/util/Python/zulip/view/view@3f1b21fe61@Wed Feb 1 00:37:13 2017 +0100.py,UnknownEventType,2,0,0,0,0.22077274479144982,True,1,3,461,/Users/neda/Documents/workspace2/DissertationProject/util/Python/zulip/view/view
28a123f00e,/Users/neda/Documents/workspace2/DissertationProject/util/Python/zulip/view/view@7bcba19e99@Thu Feb 2 20:09:57 2017 +0100.py,UnknownEventType,2,0,0,0,0.22077274479144982,True,2,3,461,/Users/neda/Documents/workspace2/DissertationProject/util/Python/zulip/view/view
28a123f00e,/Users/neda/Documents/workspace2/DissertationProject/util/Python/zulip/view/view@28a123f00e@Sun Feb 5 16:22:01 2017 -0800.py,UnknownEventType,2,0,0,0,0.21319737800805771,True,3,3,461,/Users/neda/Documents/workspace2/DissertationProject/util/Python/zulip/view/view
28a123f00e,/Users/neda/Documents/workspace2/DissertationProject/util/Python/zulip/view/view@349835e619@Wed Feb 8 20:41:43 2017 +0100.py,UnknownEventType,2,0,0,0,0.21062377464090778,True,4,3,461,/Users/neda/Documents/workspace2/DissertationProject/util/Python/zulip/view/view
588a24b661,/Users/neda/Documents/workspace2/DissertationProject/util/Python/zulip/cache/cache@5f50c4d799@Thu May 16 18:18:42 2019 +0530.py,NotFoundInCache,2,0,0,0,0.20306024892981403,True,178,180,211,/Users/neda/Documents/workspace2/DissertationProject/util/Python/zulip/cache/cache
588a24b661,/Users/neda/Documents/workspace2/DissertationProject/util/Python/zulip/cache/cache@61371cbe9a@Tue May 21 22:17:30 2019 +0530.py,NotFoundInCache,2,0,0,0,0.20306024892981403,True,179,180,211,/Users/neda/Documents/workspace2/DissertationProject/util/Python/zulip/cache/cache
588a24b661,/Users/neda/Documents/workspace2/DissertationProject/util/Python/zulip/cache/cache@588a24b661@Fri Jul 12 15:11:58 2019 -0700.py,NotFoundInCache,2,0,0,0,0.20701288688545047,True,180,180,211,/Users/neda/Documents/workspace2/DissertationProject/util/Python/zulip/cache/cache
588a24b661,/Users/neda/Documents/workspace2/DissertationProject/util/Python/zulip/cache/cache@4beec5c6b9@Tue Jul 30 08:58:48 2019 -1000.py,NotFoundInCache,2,0,0,0,0.21060484090843895,True,181,180,211,/Users/neda/Documents/workspace2/DissertationProject/util/Python/zulip/cache/cache
4d543217ba,/Users/neda/Documents/workspace2/DissertationProject/util/Python/zulip/cache/cache@128c431f14@Mon Mar 13 11:00:41 2017 -0700.py,NotFoundInCache,2,0,0,0,0.2009106588549696,True,115,117,211,/Users/neda/Documents/workspace2/DissertationProject/util/Python/zulip/cache/cache
4d543217ba,/Users/neda/Documents/workspace2/DissertationProject/util/Python/zulip/cache/cache@bf3b2ac673@Mon Apr 3 00:27:27 2017 +0530.py,NotFoundInCache,2,0,0,0,0.2084525685861897,True,116,117,211,/Users/neda/Documents/workspace2/DissertationProject/util/Python/zulip/cache/cache
4d543217ba,/Users/neda/Documents/workspace2/DissertationProject/util/Python/zulip/cache/cache@4d543217ba@Fri May 5 18:19:11 2017 +0500.py,NotFoundInCache,2,0,0,0,0.20292364256027787,True,117,117,211,/Users/neda/Documents/workspace2/DissertationProject/util/Python/zulip/cache/cache
4d543217ba,/Users/neda/Documents/workspace2/DissertationProject/util/Python/zulip/cache/cache@821be4519c@Sun May 7 20:32:58 2017 +0530.py,NotFoundInCache,2,0,0,0,0.20292364256027787,True,118,117,211,/Users/neda/Documents/workspace2/DissertationProject/util/Python/zulip/cache/cache
69c0959f34,/Users/neda/Documents/workspace2/DissertationProject/util/Python/zulip/view/view@0d6c771baf@Fri Jun 12 20:24:42 2020 -0700.py,SuppressedEvent,2,0,0,0,0.20335332663537803,True,403,402,461,/Users/neda/Documents/workspace2/DissertationProject/util/Python/zulip/view/view
69c0959f34,/Users/neda/Documents/workspace2/DissertationProject/util/Python/zulip/view/view@0d6c771baf@Fri Jun 12 20:24:42 2020 -0700.py,NotImplementedEventType,3,0,0,0,0.20335332663537803,True,403,402,461,/Users/neda/Documents/workspace2/DissertationProject/util/Python/zulip/view/view
60a25b2721,/Users/neda/Documents/workspace2/DissertationProject/util/Python/zulip/0285_remove_realm_google_hangouts_domain/0285_remove_realm_google_hangouts_domain@60a25b2721@Mon Aug 10 16:47:44 2020 -0700.py,Migration,2,2,2,1.0,0.22041684372492445,False,0,0,2,/Users/neda/Documents/workspace2/DissertationProject/util/Python/zulip/0285_remove_realm_google_hangouts_domain/0285_remove_realm_google_hangouts_domain
60a25b2721,/Users/neda/Documents/workspace2/DissertationProject/util/Python/zulip/0285_remove_realm_google_hangouts_domain/0285_remove_realm_google_hangouts_domain@c155403884@Mon Aug 10 16:47:54 2020 -0700.py,Migration,2,2,2,1.0,0.22041684372492445,False,1,0,2,/Users/neda/Documents/workspace2/DissertationProject/util/Python/zulip/0285_remove_realm_google_hangouts_domain/0285_remove_realm_google_hangouts_domain
4901dc3795,/Users/neda/Documents/workspace2/DissertationProject/util/Python/zulip/open_graph/open_graph@1f9244e060@Thu May 10 22:43:36 2018 +0530.py,OpenGraphParser,2,2,3,0.6666666666666666,0.1785471019718868,False,3,5,7,/Users/neda/Documents/workspace2/DissertationProject/util/Python/zulip/open_graph/open_graph
4901dc3795,/Users/neda/Documents/workspace2/DissertationProject/util/Python/zulip/open_graph/open_graph@d56b16b275@Sun May 5 23:58:15 2019 +0530.py,OpenGraphParser,2,2,3,0.6666666666666666,0.20306024892981403,False,4,5,7,/Users/neda/Documents/workspace2/DissertationProject/util/Python/zulip/open_graph/open_graph
4901dc3795,/Users/neda/Documents/workspace2/DissertationProject/util/Python/zulip/open_graph/open_graph@4901dc3795@Wed Dec 11 17:10:50 2019 -0800.py,OpenGraphParser,2,2,3,0.6666666666666666,0.21902785129612645,False,5,5,7,/Users/neda/Documents/workspace2/DissertationProject/util/Python/zulip/open_graph/open_graph
4901dc3795,/Users/neda/Documents/workspace2/DissertationProject/util/Python/zulip/open_graph/open_graph@365fe0b3d5@Wed Jun 10 15:54:34 2020 -0700.py,OpenGraphParser,2,2,3,0.6666666666666666,0.20335332663537803,False,6,5,7,/Users/neda/Documents/workspace2/DissertationProject/util/Python/zulip/open_graph/open_graph
5bacda3662,/Users/neda/Documents/workspace2/DissertationProject/util/Python/zulip/streams/streams@9cec758854@Sat Dec 12 17:13:15 2015 -0800.py,PrincipalError,3,2,4,0.5,0.15665042122026396,False,0,2,259,/Users/neda/Documents/workspace2/DissertationProject/util/Python/zulip/streams/streams
5bacda3662,/Users/neda/Documents/workspace2/DissertationProject/util/Python/zulip/streams/streams@6528b18ad3@Sat Jan 23 18:39:44 2016 -0800.py,PrincipalError,3,2,4,0.5,0.15665042122026396,False,1,2,259,/Users/neda/Documents/workspace2/DissertationProject/util/Python/zulip/streams/streams
5bacda3662,/Users/neda/Documents/workspace2/DissertationProject/util/Python/zulip/streams/streams@5bacda3662@Sun Jan 24 16:27:18 2016 -0800.py,PrincipalError,3,2,4,0.5,0.15665042122026396,False,2,2,259,/Users/neda/Documents/workspace2/DissertationProject/util/Python/zulip/streams/streams
5bacda3662,/Users/neda/Documents/workspace2/DissertationProject/util/Python/zulip/streams/streams@ec7bb0b011@Mon Jan 25 16:54:56 2016 -0800.py,PrincipalError,3,2,4,0.5,0.16779168146949294,False,3,2,259,/Users/neda/Documents/workspace2/DissertationProject/util/Python/zulip/streams/streams
54022ac204,/Users/neda/Documents/workspace2/DissertationProject/util/Python/zulip/email_mirror/email_mirror@b3ac668779@Sun Nov 1 08:14:31 2015 -0800.py,ZulipEmailForwardError,2,0,0,0,0.15665042122026396,True,14,16,166,/Users/neda/Documents/workspace2/DissertationProject/util/Python/zulip/email_mirror/email_mirror
54022ac204,/Users/neda/Documents/workspace2/DissertationProject/util/Python/zulip/email_mirror/email_mirror@2059f650ab@Mon Jan 25 14:42:16 2016 -0800.py,ZulipEmailForwardError,2,0,0,0,0.16779168146949294,True,15,16,166,/Users/neda/Documents/workspace2/DissertationProject/util/Python/zulip/email_mirror/email_mirror
54022ac204,/Users/neda/Documents/workspace2/DissertationProject/util/Python/zulip/email_mirror/email_mirror@54022ac204@Wed May 4 14:16:27 2016 -0700.py,ZulipEmailForwardError,2,0,0,0,0.16121161552951283,True,16,16,166,/Users/neda/Documents/workspace2/DissertationProject/util/Python/zulip/email_mirror/email_mirror
54022ac204,/Users/neda/Documents/workspace2/DissertationProject/util/Python/zulip/email_mirror/email_mirror@e2eb4e0b7e@Sun Jun 5 12:16:54 2016 -0700.py,ZulipEmailForwardError,2,0,0,0,0.2349298489053345,True,17,16,166,/Users/neda/Documents/workspace2/DissertationProject/util/Python/zulip/email_mirror/email_mirror
e124837cdc,/Users/neda/Documents/workspace2/DissertationProject/util/Python/zulip/turn_off_digests/turn_off_digests@becef760bf@Tue Aug 6 15:30:17 2019 -0700.py,Command,2,5,4,1.25,0.21594145831402192,False,16,17,21,/Users/neda/Documents/workspace2/DissertationProject/util/Python/zulip/turn_off_digests/turn_off_digests
e124837cdc,/Users/neda/Documents/workspace2/DissertationProject/util/Python/zulip/turn_off_digests/turn_off_digests@e124837cdc@Fri Nov 15 16:42:36 2019 -0800.py,Command,2,5,4,1.25,0.22491902141525646,False,17,17,21,/Users/neda/Documents/workspace2/DissertationProject/util/Python/zulip/turn_off_digests/turn_off_digests
e124837cdc,/Users/neda/Documents/workspace2/DissertationProject/util/Python/zulip/turn_off_digests/turn_off_digests@8e7ce7cc79@Tue Jan 14 12:59:46 2020 -0800.py,Command,2,5,4,1.25,0.22035038297719467,False,18,17,21,/Users/neda/Documents/workspace2/DissertationProject/util/Python/zulip/turn_off_digests/turn_off_digests
2e9f689add,/Users/neda/Documents/workspace2/DissertationProject/util/Python/zulip/streams/streams@c488a35f10@Sun Jun 14 22:27:02 2020 +0530.py,PrincipalError,3,0,0,0,0.21215822065311868,True,225,227,259,/Users/neda/Documents/workspace2/DissertationProject/util/Python/zulip/streams/streams
2e9f689add,/Users/neda/Documents/workspace2/DissertationProject/util/Python/zulip/streams/streams@f364d06fb5@Mon Jun 15 14:22:24 2020 -0700.py,PrincipalError,3,0,0,0,0.2049128781949295,True,226,227,259,/Users/neda/Documents/workspace2/DissertationProject/util/Python/zulip/streams/streams
2e9f689add,/Users/neda/Documents/workspace2/DissertationProject/util/Python/zulip/streams/streams@2e9f689add@Fri Jun 19 20:28:53 2020 +0000.py,PrincipalError,3,0,0,0,0.21215822065311868,True,227,227,259,/Users/neda/Documents/workspace2/DissertationProject/util/Python/zulip/streams/streams
2e9f689add,/Users/neda/Documents/workspace2/DissertationProject/util/Python/zulip/streams/streams@cc3d87b078@Sat Jun 20 08:37:43 2020 +0000.py,PrincipalError,3,0,0,0,0.21215822065311868,True,228,227,259,/Users/neda/Documents/workspace2/DissertationProject/util/Python/zulip/streams/streams
9a9de156c3,/Users/neda/Documents/workspace2/DissertationProject/util/Python/zulip/stripe/stripe@03d21c6317@Wed Apr 10 14:08:47 2019 -0700.py,BillingError,2,0,0,0,0.20469423585791857,True,99,101,139,/Users/neda/Documents/workspace2/DissertationProject/util/Python/zulip/stripe/stripe
9a9de156c3,/Users/neda/Documents/workspace2/DissertationProject/util/Python/zulip/stripe/stripe@03d21c6317@Wed Apr 10 14:08:47 2019 -0700.py,StripeCardError,3,0,5,0,0.20469423585791857,True,99,101,139,/Users/neda/Documents/workspace2/DissertationProject/util/Python/zulip/stripe/stripe
9a9de156c3,/Users/neda/Documents/workspace2/DissertationProject/util/Python/zulip/stripe/stripe@03d21c6317@Wed Apr 10 14:08:47 2019 -0700.py,StripeConnectionError,3,0,5,0,0.20469423585791857,True,99,101,139,/Users/neda/Documents/workspace2/DissertationProject/util/Python/zulip/stripe/stripe
9a9de156c3,/Users/neda/Documents/workspace2/DissertationProject/util/Python/zulip/stripe/stripe@a529080f01@Wed Apr 10 15:24:45 2019 -0700.py,BillingError,2,0,0,0,0.20469423585791857,True,100,101,139,/Users/neda/Documents/workspace2/DissertationProject/util/Python/zulip/stripe/stripe
9a9de156c3,/Users/neda/Documents/workspace2/DissertationProject/util/Python/zulip/stripe/stripe@a529080f01@Wed Apr 10 15:24:45 2019 -0700.py,StripeCardError,3,0,5,0,0.20469423585791857,True,100,101,139,/Users/neda/Documents/workspace2/DissertationProject/util/Python/zulip/stripe/stripe
9a9de156c3,/Users/neda/Documents/workspace2/DissertationProject/util/Python/zulip/stripe/stripe@a529080f01@Wed Apr 10 15:24:45 2019 -0700.py,StripeConnectionError,3,0,5,0,0.20469423585791857,True,100,101,139,/Users/neda/Documents/workspace2/DissertationProject/util/Python/zulip/stripe/stripe
9a9de156c3,/Users/neda/Documents/workspace2/DissertationProject/util/Python/zulip/stripe/stripe@9a9de156c3@Fri Apr 19 18:49:03 2019 -0700.py,BillingError,2,0,0,0,0.20469423585791857,True,101,101,139,/Users/neda/Documents/workspace2/DissertationProject/util/Python/zulip/stripe/stripe
9a9de156c3,/Users/neda/Documents/workspace2/DissertationProject/util/Python/zulip/stripe/stripe@9a9de156c3@Fri Apr 19 18:49:03 2019 -0700.py,StripeCardError,3,0,5,0,0.20469423585791857,True,101,101,139,/Users/neda/Documents/workspace2/DissertationProject/util/Python/zulip/stripe/stripe
9a9de156c3,/Users/neda/Documents/workspace2/DissertationProject/util/Python/zulip/stripe/stripe@9a9de156c3@Fri Apr 19 18:49:03 2019 -0700.py,StripeConnectionError,3,0,5,0,0.20469423585791857,True,101,101,139,/Users/neda/Documents/workspace2/DissertationProject/util/Python/zulip/stripe/stripe
9a9de156c3,/Users/neda/Documents/workspace2/DissertationProject/util/Python/zulip/stripe/stripe@e10361a832@Fri Oct 4 17:35:07 2019 -0700.py,BillingError,2,0,0,0,0.2209025184615246,True,102,101,139,/Users/neda/Documents/workspace2/DissertationProject/util/Python/zulip/stripe/stripe
9a9de156c3,/Users/neda/Documents/workspace2/DissertationProject/util/Python/zulip/stripe/stripe@e10361a832@Fri Oct 4 17:35:07 2019 -0700.py,StripeCardError,3,0,5,0,0.2209025184615246,True,102,101,139,/Users/neda/Documents/workspace2/DissertationProject/util/Python/zulip/stripe/stripe
9a9de156c3,/Users/neda/Documents/workspace2/DissertationProject/util/Python/zulip/stripe/stripe@e10361a832@Fri Oct 4 17:35:07 2019 -0700.py,StripeConnectionError,3,0,5,0,0.2209025184615246,True,102,101,139,/Users/neda/Documents/workspace2/DissertationProject/util/Python/zulip/stripe/stripe
e124837cdc,/Users/neda/Documents/workspace2/DissertationProject/util/Python/zulip/show_admins/show_admins@e124837cdc@Fri Nov 15 16:42:36 2019 -0800.py,Command,2,5,4,1.25,0.22491902141525646,False,16,16,22,/Users/neda/Documents/workspace2/DissertationProject/util/Python/zulip/show_admins/show_admins
e124837cdc,/Users/neda/Documents/workspace2/DissertationProject/util/Python/zulip/show_admins/show_admins@8e7ce7cc79@Tue Jan 14 12:59:46 2020 -0800.py,Command,2,5,4,1.25,0.22035038297719467,False,17,16,22,/Users/neda/Documents/workspace2/DissertationProject/util/Python/zulip/show_admins/show_admins
708b416ca1,/Users/neda/Documents/workspace2/DissertationProject/util/Python/zulip/0028_userprofile_tos_version/0028_userprofile_tos_version@708b416ca1@Tue Aug 9 18:05:26 2016 -0700.py,Migration,2,2,2,1.0,0.22171652930787988,False,0,0,1,/Users/neda/Documents/workspace2/DissertationProject/util/Python/zulip/0028_userprofile_tos_version/0028_userprofile_tos_version
5c544da843,/Users/neda/Documents/workspace2/DissertationProject/util/Python/zulip/populate_db/populate_db@87aaa84b42@Mon Jun 29 18:37:10 2020 +0530.py,Command,2,5,4,1.25,0.22153571095195454,False,386,388,398,/Users/neda/Documents/workspace2/DissertationProject/util/Python/zulip/populate_db/populate_db
5c544da843,/Users/neda/Documents/workspace2/DissertationProject/util/Python/zulip/populate_db/populate_db@7c0fa3aefc@Thu Jul 9 13:48:10 2020 +0000.py,Command,2,5,4,1.25,0.22153571095195454,False,387,388,398,/Users/neda/Documents/workspace2/DissertationProject/util/Python/zulip/populate_db/populate_db
5c544da843,/Users/neda/Documents/workspace2/DissertationProject/util/Python/zulip/populate_db/populate_db@5c544da843@Thu Jul 9 14:43:29 2020 +0000.py,Command,2,5,4,1.25,0.22153571095195454,False,388,388,398,/Users/neda/Documents/workspace2/DissertationProject/util/Python/zulip/populate_db/populate_db
5c544da843,/Users/neda/Documents/workspace2/DissertationProject/util/Python/zulip/populate_db/populate_db@61d0417e75@Thu Aug 6 16:09:47 2020 -0700.py,Command,2,5,4,1.25,0.22041684372492445,False,389,388,398,/Users/neda/Documents/workspace2/DissertationProject/util/Python/zulip/populate_db/populate_db
27a0e307b6,/Users/neda/Documents/workspace2/DissertationProject/util/Python/zulip/cache/cache@4beec5c6b9@Tue Jul 30 08:58:48 2019 -1000.py,NotFoundInCache,2,0,0,0,0.21060484090843895,True,181,183,211,/Users/neda/Documents/workspace2/DissertationProject/util/Python/zulip/cache/cache
27a0e307b6,/Users/neda/Documents/workspace2/DissertationProject/util/Python/zulip/cache/cache@c779bb1959@Wed Aug 7 00:18:13 2019 +0200.py,NotFoundInCache,2,0,0,0,0.21470750712365608,True,182,183,211,/Users/neda/Documents/workspace2/DissertationProject/util/Python/zulip/cache/cache
27a0e307b6,/Users/neda/Documents/workspace2/DissertationProject/util/Python/zulip/cache/cache@27a0e307b6@Thu Aug 8 12:34:06 2019 -0700.py,NotFoundInCache,2,0,0,0,0.21470750712365608,True,183,183,211,/Users/neda/Documents/workspace2/DissertationProject/util/Python/zulip/cache/cache
27a0e307b6,/Users/neda/Documents/workspace2/DissertationProject/util/Python/zulip/cache/cache@cb2c9b04b3@Sat Aug 10 23:31:14 2019 +0200.py,NotFoundInCache,2,0,0,0,0.21470750712365608,True,184,183,211,/Users/neda/Documents/workspace2/DissertationProject/util/Python/zulip/cache/cache
3006b3f52f,/Users/neda/Documents/workspace2/DissertationProject/util/Python/zulip/generic/generic@3f4bf2d22f@Sun Nov 5 11:15:10 2017 +0100.py,GenericParser,2,2,3,0.6666666666666666,0.19215022442158866,False,6,8,12,/Users/neda/Documents/workspace2/DissertationProject/util/Python/zulip/generic/generic
3006b3f52f,/Users/neda/Documents/workspace2/DissertationProject/util/Python/zulip/generic/generic@1f9244e060@Thu May 10 22:43:36 2018 +0530.py,GenericParser,2,2,3,0.6666666666666666,0.1785471019718868,False,7,8,12,/Users/neda/Documents/workspace2/DissertationProject/util/Python/zulip/generic/generic
3006b3f52f,/Users/neda/Documents/workspace2/DissertationProject/util/Python/zulip/generic/generic@3006b3f52f@Thu May 17 12:40:43 2018 -0700.py,GenericParser,2,2,3,0.6666666666666666,0.22589044817305676,False,8,8,12,/Users/neda/Documents/workspace2/DissertationProject/util/Python/zulip/generic/generic
3006b3f52f,/Users/neda/Documents/workspace2/DissertationProject/util/Python/zulip/generic/generic@d02eb99831@Sun May 5 23:45:00 2019 +0530.py,GenericParser,2,2,3,0.6666666666666666,0.20306024892981403,False,9,8,12,/Users/neda/Documents/workspace2/DissertationProject/util/Python/zulip/generic/generic
9a9c1e0794,/Users/neda/Documents/workspace2/DissertationProject/util/Python/zulip/view/view@9a9c1e0794@Wed Jun 3 08:59:16 2020 +0530.py,SuppressedEvent,2,0,0,0,0.19522415312570765,True,392,392,461,/Users/neda/Documents/workspace2/DissertationProject/util/Python/zulip/view/view
9a9c1e0794,/Users/neda/Documents/workspace2/DissertationProject/util/Python/zulip/view/view@9a9c1e0794@Wed Jun 3 08:59:16 2020 +0530.py,NotImplementedEventType,3,0,0,0,0.19522415312570765,True,392,392,461,/Users/neda/Documents/workspace2/DissertationProject/util/Python/zulip/view/view
34e165c100,/Users/neda/Documents/workspace2/DissertationProject/util/Python/zulip/view/view@31dce7c87c@Wed Mar 14 16:46:23 2018 +0000.py,UnknownEventType,2,0,0,0,0.18194220050955612,True,158,160,461,/Users/neda/Documents/workspace2/DissertationProject/util/Python/zulip/view/view
60c4896c3a,/Users/neda/Documents/workspace2/DissertationProject/util/Python/zulip/convert_slack_data/convert_slack_data@67e7a3631d@Tue Jun 9 21:41:04 2020 -0700.py,Command,2,5,4,1.25,0.20440153965927174,False,10,12,17,/Users/neda/Documents/workspace2/DissertationProject/util/Python/zulip/convert_slack_data/convert_slack_data
60c4896c3a,/Users/neda/Documents/workspace2/DissertationProject/util/Python/zulip/convert_slack_data/convert_slack_data@365fe0b3d5@Wed Jun 10 15:54:34 2020 -0700.py,Command,2,5,4,1.25,0.20335332663537803,False,11,12,17,/Users/neda/Documents/workspace2/DissertationProject/util/Python/zulip/convert_slack_data/convert_slack_data
60c4896c3a,/Users/neda/Documents/workspace2/DissertationProject/util/Python/zulip/convert_slack_data/convert_slack_data@60c4896c3a@Sun Jun 21 13:18:08 2020 +0200.py,Command,2,5,4,1.25,0.21215822065311868,False,12,12,17,/Users/neda/Documents/workspace2/DissertationProject/util/Python/zulip/convert_slack_data/convert_slack_data
60c4896c3a,/Users/neda/Documents/workspace2/DissertationProject/util/Python/zulip/convert_slack_data/convert_slack_data@a5dbab8fb0@Tue Sep 1 19:49:02 2020 -0700.py,Command,2,5,4,1.25,0.2182126752876752,False,13,12,17,/Users/neda/Documents/workspace2/DissertationProject/util/Python/zulip/convert_slack_data/convert_slack_data
fa227d79af,/Users/neda/Documents/workspace2/DissertationProject/util/Python/zulip/add_users_to_mailing_list/add_users_to_mailing_list@fa227d79af@Sun Jul 28 12:38:14 2019 -1000.py,Command,2,5,4,1.25,0.21060484090843895,False,6,6,15,/Users/neda/Documents/workspace2/DissertationProject/util/Python/zulip/add_users_to_mailing_list/add_users_to_mailing_list
fa227d79af,/Users/neda/Documents/workspace2/DissertationProject/util/Python/zulip/add_users_to_mailing_list/add_users_to_mailing_list@457842ccd6@Tue Jul 30 10:26:47 2019 -1000.py,Command,2,5,4,1.25,0.21060484090843895,False,7,6,15,/Users/neda/Documents/workspace2/DissertationProject/util/Python/zulip/add_users_to_mailing_list/add_users_to_mailing_list
a803e68528,/Users/neda/Documents/workspace2/DissertationProject/util/Python/zulip/send_to_email_mirror/send_to_email_mirror@fead14951c@Tue Apr 21 16:09:50 2020 -0700.py,Command,2,5,4,1.25,0.20887013714882569,False,10,12,18,/Users/neda/Documents/workspace2/DissertationProject/util/Python/zulip/send_to_email_mirror/send_to_email_mirror
a803e68528,/Users/neda/Documents/workspace2/DissertationProject/util/Python/zulip/send_to_email_mirror/send_to_email_mirror@bff3dcadc8@Fri Jun 5 14:26:35 2020 -0700.py,Command,2,5,4,1.25,0.20463537791742933,False,11,12,18,/Users/neda/Documents/workspace2/DissertationProject/util/Python/zulip/send_to_email_mirror/send_to_email_mirror
a803e68528,/Users/neda/Documents/workspace2/DissertationProject/util/Python/zulip/send_to_email_mirror/send_to_email_mirror@a803e68528@Fri Jun 5 14:35:52 2020 -0700.py,Command,2,5,4,1.25,0.20463537791742933,False,12,12,18,/Users/neda/Documents/workspace2/DissertationProject/util/Python/zulip/send_to_email_mirror/send_to_email_mirror
a803e68528,/Users/neda/Documents/workspace2/DissertationProject/util/Python/zulip/send_to_email_mirror/send_to_email_mirror@8dd83228e7@Mon Jun 8 15:25:09 2020 -0700.py,Command,2,5,4,1.25,0.20024142428287514,False,13,12,18,/Users/neda/Documents/workspace2/DissertationProject/util/Python/zulip/send_to_email_mirror/send_to_email_mirror
feee76eb23,/Users/neda/Documents/workspace2/DissertationProject/util/Python/zulip/export/export@e2bd03365e@Thu Sep 20 17:55:17 2018 -0700.py,Config,1,0,0,0,0.22155907803846808,False,169,170,268,/Users/neda/Documents/workspace2/DissertationProject/util/Python/zulip/export/export
feee76eb23,/Users/neda/Documents/workspace2/DissertationProject/util/Python/zulip/export/export@feee76eb23@Thu Sep 20 19:57:24 2018 -0700.py,Config,1,0,0,0,0.22155907803846808,False,170,170,268,/Users/neda/Documents/workspace2/DissertationProject/util/Python/zulip/export/export
feee76eb23,/Users/neda/Documents/workspace2/DissertationProject/util/Python/zulip/export/export@fc1c146d31@Thu Dec 6 11:02:00 2018 -0800.py,Config,1,0,0,0,0.2099661577230117,False,171,170,268,/Users/neda/Documents/workspace2/DissertationProject/util/Python/zulip/export/export
c579b6858e,/Users/neda/Documents/workspace2/DissertationProject/util/Python/zulip/send_to_email_mirror/send_to_email_mirror@fa227d79af@Sun Jul 28 12:38:14 2019 -1000.py,Command,2,5,4,1.25,0.21060484090843895,False,4,6,18,/Users/neda/Documents/workspace2/DissertationProject/util/Python/zulip/send_to_email_mirror/send_to_email_mirror
c579b6858e,/Users/neda/Documents/workspace2/DissertationProject/util/Python/zulip/send_to_email_mirror/send_to_email_mirror@becef760bf@Tue Aug 6 15:30:17 2019 -0700.py,Command,2,5,4,1.25,0.21594145831402192,False,5,6,18,/Users/neda/Documents/workspace2/DissertationProject/util/Python/zulip/send_to_email_mirror/send_to_email_mirror
c579b6858e,/Users/neda/Documents/workspace2/DissertationProject/util/Python/zulip/send_to_email_mirror/send_to_email_mirror@c579b6858e@Tue Jan 14 15:31:53 2020 +0100.py,Command,2,5,4,1.25,0.22035038297719467,False,6,6,18,/Users/neda/Documents/workspace2/DissertationProject/util/Python/zulip/send_to_email_mirror/send_to_email_mirror
c579b6858e,/Users/neda/Documents/workspace2/DissertationProject/util/Python/zulip/send_to_email_mirror/send_to_email_mirror@8e7ce7cc79@Tue Jan 14 12:59:46 2020 -0800.py,Command,2,5,4,1.25,0.22035038297719467,False,7,6,18,/Users/neda/Documents/workspace2/DissertationProject/util/Python/zulip/send_to_email_mirror/send_to_email_mirror
9e3c3e14f5,/Users/neda/Documents/workspace2/DissertationProject/util/Python/zulip/streams/streams@620411c0ea@Mon Jan 25 17:00:00 2016 -0800.py,PrincipalError,3,2,4,0.5,0.15665042122026396,False,4,6,259,/Users/neda/Documents/workspace2/DissertationProject/util/Python/zulip/streams/streams
9e3c3e14f5,/Users/neda/Documents/workspace2/DissertationProject/util/Python/zulip/streams/streams@49799440a4@Sun Feb 7 18:59:38 2016 -0800.py,PrincipalError,3,2,4,0.5,0.1644358478401031,False,5,6,259,/Users/neda/Documents/workspace2/DissertationProject/util/Python/zulip/streams/streams
9e3c3e14f5,/Users/neda/Documents/workspace2/DissertationProject/util/Python/zulip/streams/streams@9e3c3e14f5@Fri Mar 11 15:27:29 2016 +0530.py,PrincipalError,3,2,4,0.5,0.18143293505448327,False,6,6,259,/Users/neda/Documents/workspace2/DissertationProject/util/Python/zulip/streams/streams
9e3c3e14f5,/Users/neda/Documents/workspace2/DissertationProject/util/Python/zulip/streams/streams@4e1060076d@Fri Apr 8 01:21:29 2016 +0530.py,PrincipalError,3,2,4,0.5,0.16779168146949294,False,7,6,259,/Users/neda/Documents/workspace2/DissertationProject/util/Python/zulip/streams/streams
f91d287447,/Users/neda/Documents/workspace2/DissertationProject/util/Python/zulip/email_mirror/email_mirror@7b35234c7b@Wed Jul 22 16:11:25 2020 -0300.py,ZulipEmailForwardUserError,3,0,0,0,0.22153571095195454,True,162,164,166,/Users/neda/Documents/workspace2/DissertationProject/util/Python/zulip/email_mirror/email_mirror
f91d287447,/Users/neda/Documents/workspace2/DissertationProject/util/Python/zulip/email_mirror/email_mirror@7b35234c7b@Wed Jul 22 16:11:25 2020 -0300.py,RateLimitedRealmMirror,3,4,13,0.3076923076923077,0.22153571095195454,False,162,164,166,/Users/neda/Documents/workspace2/DissertationProject/util/Python/zulip/email_mirror/email_mirror
f91d287447,/Users/neda/Documents/workspace2/DissertationProject/util/Python/zulip/email_mirror/email_mirror@34003fc7f6@Sat Aug 1 22:06:08 2020 +0530.py,ZulipEmailForwardUserError,3,0,0,0,0.2224877973145299,True,163,164,166,/Users/neda/Documents/workspace2/DissertationProject/util/Python/zulip/email_mirror/email_mirror
f91d287447,/Users/neda/Documents/workspace2/DissertationProject/util/Python/zulip/email_mirror/email_mirror@34003fc7f6@Sat Aug 1 22:06:08 2020 +0530.py,RateLimitedRealmMirror,3,4,13,0.3076923076923077,0.2224877973145299,False,163,164,166,/Users/neda/Documents/workspace2/DissertationProject/util/Python/zulip/email_mirror/email_mirror
f91d287447,/Users/neda/Documents/workspace2/DissertationProject/util/Python/zulip/email_mirror/email_mirror@f91d287447@Tue Sep 1 17:50:08 2020 -0700.py,Command,2,5,4,1.25,0.21745435090158857,False,164,164,166,/Users/neda/Documents/workspace2/DissertationProject/util/Python/zulip/email_mirror/email_mirror
f91d287447,/Users/neda/Documents/workspace2/DissertationProject/util/Python/zulip/email_mirror/email_mirror@b7b7475672@Fri Sep 4 19:02:13 2020 -0700.py,ZulipEmailForwardUserError,3,0,0,0,0.21745435090158857,True,165,164,166,/Users/neda/Documents/workspace2/DissertationProject/util/Python/zulip/email_mirror/email_mirror
f91d287447,/Users/neda/Documents/workspace2/DissertationProject/util/Python/zulip/email_mirror/email_mirror@b7b7475672@Fri Sep 4 19:02:13 2020 -0700.py,RateLimitedRealmMirror,3,4,13,0.3076923076923077,0.21745435090158857,False,165,164,166,/Users/neda/Documents/workspace2/DissertationProject/util/Python/zulip/email_mirror/email_mirror
0dc7542363,/Users/neda/Documents/workspace2/DissertationProject/util/Python/zulip/populate_db/populate_db@cdda983e90@Thu Jan 2 14:19:27 2020 -0800.py,Command,2,5,4,1.25,0.21728850927067836,False,360,362,398,/Users/neda/Documents/workspace2/DissertationProject/util/Python/zulip/populate_db/populate_db
0dc7542363,/Users/neda/Documents/workspace2/DissertationProject/util/Python/zulip/populate_db/populate_db@571ce2f5cb@Mon Jan 13 18:03:14 2020 -0800.py,Command,2,5,4,1.25,0.22035038297719467,False,361,362,398,/Users/neda/Documents/workspace2/DissertationProject/util/Python/zulip/populate_db/populate_db
0dc7542363,/Users/neda/Documents/workspace2/DissertationProject/util/Python/zulip/populate_db/populate_db@0dc7542363@Mon Jan 13 18:22:34 2020 -0800.py,Command,2,5,4,1.25,0.22035038297719467,False,362,362,398,/Users/neda/Documents/workspace2/DissertationProject/util/Python/zulip/populate_db/populate_db
0dc7542363,/Users/neda/Documents/workspace2/DissertationProject/util/Python/zulip/populate_db/populate_db@05b4610381@Sat Jan 18 13:26:19 2020 +0530.py,Command,2,5,4,1.25,0.21795115621571043,False,363,362,398,/Users/neda/Documents/workspace2/DissertationProject/util/Python/zulip/populate_db/populate_db
d0e377428a,/Users/neda/Documents/workspace2/DissertationProject/util/Python/zulip/stripe/stripe@abc044e869@Fri Aug 10 15:48:10 2018 -0700.py,BillingError,2,0,0,0,0.22447432906529005,True,40,42,139,/Users/neda/Documents/workspace2/DissertationProject/util/Python/zulip/stripe/stripe
d0e377428a,/Users/neda/Documents/workspace2/DissertationProject/util/Python/zulip/stripe/stripe@2855864f54@Fri Aug 10 15:51:18 2018 -0700.py,BillingError,2,0,0,0,0.22447432906529005,True,41,42,139,/Users/neda/Documents/workspace2/DissertationProject/util/Python/zulip/stripe/stripe
d0e377428a,/Users/neda/Documents/workspace2/DissertationProject/util/Python/zulip/stripe/stripe@d0e377428a@Fri Aug 10 16:23:42 2018 -0700.py,BillingError,2,0,0,0,0.22447432906529005,True,42,42,139,/Users/neda/Documents/workspace2/DissertationProject/util/Python/zulip/stripe/stripe
d0e377428a,/Users/neda/Documents/workspace2/DissertationProject/util/Python/zulip/stripe/stripe@56d4034db4@Mon Aug 13 18:33:31 2018 -0700.py,BillingError,2,0,0,0,0.22155907803846808,True,43,42,139,/Users/neda/Documents/workspace2/DissertationProject/util/Python/zulip/stripe/stripe
d0e377428a,/Users/neda/Documents/workspace2/DissertationProject/util/Python/zulip/stripe/stripe@56d4034db4@Mon Aug 13 18:33:31 2018 -0700.py,StripeCardError,3,0,5,0,0.22155907803846808,True,43,42,139,/Users/neda/Documents/workspace2/DissertationProject/util/Python/zulip/stripe/stripe
d0e377428a,/Users/neda/Documents/workspace2/DissertationProject/util/Python/zulip/stripe/stripe@56d4034db4@Mon Aug 13 18:33:31 2018 -0700.py,StripeConnectionError,3,0,5,0,0.22155907803846808,True,43,42,139,/Users/neda/Documents/workspace2/DissertationProject/util/Python/zulip/stripe/stripe
73c27e1277,/Users/neda/Documents/workspace2/DissertationProject/util/Python/zulip/cache/cache@f2e3e779eb@Sat Oct 28 09:57:57 2017 -0700.py,NotFoundInCache,2,0,0,0,0.18080964634517122,True,139,141,211,/Users/neda/Documents/workspace2/DissertationProject/util/Python/zulip/cache/cache
73c27e1277,/Users/neda/Documents/workspace2/DissertationProject/util/Python/zulip/cache/cache@94c1da7025@Sat Oct 28 10:00:43 2017 -0700.py,NotFoundInCache,2,0,0,0,0.18080964634517122,True,140,141,211,/Users/neda/Documents/workspace2/DissertationProject/util/Python/zulip/cache/cache
73c27e1277,/Users/neda/Documents/workspace2/DissertationProject/util/Python/zulip/cache/cache@73c27e1277@Sat Oct 28 10:01:44 2017 -0700.py,NotFoundInCache,2,0,0,0,0.18080964634517122,True,141,141,211,/Users/neda/Documents/workspace2/DissertationProject/util/Python/zulip/cache/cache
73c27e1277,/Users/neda/Documents/workspace2/DissertationProject/util/Python/zulip/cache/cache@304e411944@Sun Oct 29 16:16:12 2017 -0700.py,NotFoundInCache,2,0,0,0,0.20522699434417352,True,142,141,211,/Users/neda/Documents/workspace2/DissertationProject/util/Python/zulip/cache/cache
f25968f0ff,/Users/neda/Documents/workspace2/DissertationProject/util/Python/zulip/exceptions/exceptions@becef760bf@Tue Aug 6 15:30:17 2019 -0700.py,BadEventQueueIdError,3,0,0,0,0.21594145831402192,True,40,41,63,/Users/neda/Documents/workspace2/DissertationProject/util/Python/zulip/exceptions/exceptions
c1a8fb615c,/Users/neda/Documents/workspace2/DissertationProject/util/Python/zulip/view/view@7227f488c8@Tue May 16 00:08:25 2017 -0230.py,UnknownEventType,2,0,0,0,0.2023028569744573,True,40,41,461,/Users/neda/Documents/workspace2/DissertationProject/util/Python/zulip/view/view
c1a8fb615c,/Users/neda/Documents/workspace2/DissertationProject/util/Python/zulip/view/view@55b4a3792d@Wed May 24 21:48:44 2017 -0700.py,UnknownEventType,2,0,0,0,0.19997185464345496,True,42,41,461,/Users/neda/Documents/workspace2/DissertationProject/util/Python/zulip/view/view
12bd3c04c0,/Users/neda/Documents/workspace2/DissertationProject/util/Python/zulip/view/view@a386e3aebb@Sat Aug 17 16:34:42 2019 +0200.py,UnknownEventType,2,0,0,0,0.21470750712365608,True,344,346,461,/Users/neda/Documents/workspace2/DissertationProject/util/Python/zulip/view/view
fef7d6ba09,/Users/neda/Documents/workspace2/DissertationProject/util/Python/zulip/export/export@3f4bf2d22f@Sun Nov 5 11:15:10 2017 +0100.py,Config,1,0,0,0,0.19215022442158866,False,109,108,268,/Users/neda/Documents/workspace2/DissertationProject/util/Python/zulip/export/export
88245d2cd6,/Users/neda/Documents/workspace2/DissertationProject/util/Python/zulip/0108_fix_default_string_id/0108_fix_default_string_id@632180274a@Mon Sep 25 06:45:52 2017 -0700.py,Migration,2,2,2,1.0,0.19482134338748575,False,0,2,8,/Users/neda/Documents/workspace2/DissertationProject/util/Python/zulip/0108_fix_default_string_id/0108_fix_default_string_id
88245d2cd6,/Users/neda/Documents/workspace2/DissertationProject/util/Python/zulip/0108_fix_default_string_id/0108_fix_default_string_id@4975122338@Thu Sep 28 06:48:34 2017 +0200.py,Migration,2,2,2,1.0,0.1962129244116821,False,1,2,8,/Users/neda/Documents/workspace2/DissertationProject/util/Python/zulip/0108_fix_default_string_id/0108_fix_default_string_id
88245d2cd6,/Users/neda/Documents/workspace2/DissertationProject/util/Python/zulip/0108_fix_default_string_id/0108_fix_default_string_id@88245d2cd6@Fri Oct 20 09:22:35 2017 -0700.py,Migration,2,2,2,1.0,0.1832822344958914,False,2,2,8,/Users/neda/Documents/workspace2/DissertationProject/util/Python/zulip/0108_fix_default_string_id/0108_fix_default_string_id
88245d2cd6,/Users/neda/Documents/workspace2/DissertationProject/util/Python/zulip/0108_fix_default_string_id/0108_fix_default_string_id@c2a5b5f160@Thu Oct 26 11:36:30 2017 +0200.py,Migration,2,2,2,1.0,0.18080964634517122,False,3,2,8,/Users/neda/Documents/workspace2/DissertationProject/util/Python/zulip/0108_fix_default_string_id/0108_fix_default_string_id
c679920c01,/Users/neda/Documents/workspace2/DissertationProject/util/Python/zulip/0003_fillstate/0003_fillstate@2b43a0302a@Wed Nov 15 15:55:49 2017 -0800.py,Migration,2,2,2,1.0,0.19577165233175456,False,1,3,6,/Users/neda/Documents/workspace2/DissertationProject/util/Python/zulip/0003_fillstate/0003_fillstate
c679920c01,/Users/neda/Documents/workspace2/DissertationProject/util/Python/zulip/0003_fillstate/0003_fillstate@f0ef335412@Tue May 15 19:11:22 2018 -0700.py,Migration,2,2,2,1.0,0.22589044817305676,False,2,3,6,/Users/neda/Documents/workspace2/DissertationProject/util/Python/zulip/0003_fillstate/0003_fillstate
c679920c01,/Users/neda/Documents/workspace2/DissertationProject/util/Python/zulip/0003_fillstate/0003_fillstate@c679920c01@Tue Nov 27 11:17:45 2018 -0800.py,Migration,2,2,2,1.0,0.21165203247143038,False,3,3,6,/Users/neda/Documents/workspace2/DissertationProject/util/Python/zulip/0003_fillstate/0003_fillstate
c679920c01,/Users/neda/Documents/workspace2/DissertationProject/util/Python/zulip/0003_fillstate/0003_fillstate@8e7ce7cc79@Tue Jan 14 12:59:46 2020 -0800.py,Migration,2,2,2,1.0,0.22035038297719467,False,4,3,6,/Users/neda/Documents/workspace2/DissertationProject/util/Python/zulip/0003_fillstate/0003_fillstate
0bcc0ca0d8,/Users/neda/Documents/workspace2/DissertationProject/util/Python/zulip/stripe/stripe@377fac2864@Tue Jul 10 15:41:34 2018 +0530.py,StripeError,3,0,0,0,0.2254141786893502,True,15,17,139,/Users/neda/Documents/workspace2/DissertationProject/util/Python/zulip/stripe/stripe
0bcc0ca0d8,/Users/neda/Documents/workspace2/DissertationProject/util/Python/zulip/stripe/stripe@d75054fb15@Fri Jul 13 21:04:39 2018 +0530.py,StripeError,3,0,0,0,0.22447432906529005,True,16,17,139,/Users/neda/Documents/workspace2/DissertationProject/util/Python/zulip/stripe/stripe
0bcc0ca0d8,/Users/neda/Documents/workspace2/DissertationProject/util/Python/zulip/stripe/stripe@0bcc0ca0d8@Thu Jul 19 18:56:22 2018 +0530.py,StripeError,3,0,0,0,0.22447432906529005,True,17,17,139,/Users/neda/Documents/workspace2/DissertationProject/util/Python/zulip/stripe/stripe
0bcc0ca0d8,/Users/neda/Documents/workspace2/DissertationProject/util/Python/zulip/stripe/stripe@db8700513b@Fri Jul 20 20:49:19 2018 +0530.py,StripeError,3,0,0,0,0.22447432906529005,True,18,17,139,/Users/neda/Documents/workspace2/DissertationProject/util/Python/zulip/stripe/stripe
ec70aab138,/Users/neda/Documents/workspace2/DissertationProject/util/Python/zulip/bot_storage/bot_storage@8dd83228e7@Mon Jun 8 15:25:09 2020 -0700.py,StateError,2,0,0,0,0.20024142428287514,True,15,17,18,/Users/neda/Documents/workspace2/DissertationProject/util/Python/zulip/bot_storage/bot_storage
ec70aab138,/Users/neda/Documents/workspace2/DissertationProject/util/Python/zulip/bot_storage/bot_storage@365fe0b3d5@Wed Jun 10 15:54:34 2020 -0700.py,StateError,2,0,0,0,0.20335332663537803,True,16,17,18,/Users/neda/Documents/workspace2/DissertationProject/util/Python/zulip/bot_storage/bot_storage
ec70aab138,/Users/neda/Documents/workspace2/DissertationProject/util/Python/zulip/bot_storage/bot_storage@ec70aab138@Tue Jun 30 16:50:08 2020 -0700.py,StateError,2,0,0,0,0.22123355963457514,True,17,17,18,/Users/neda/Documents/workspace2/DissertationProject/util/Python/zulip/bot_storage/bot_storage
e3e52e7284,/Users/neda/Documents/workspace2/DissertationProject/util/Python/zulip/email_mirror/email_mirror@5dc683ba8d@Mon Mar 13 09:42:14 2017 -0700.py,ZulipEmailForwardError,2,0,0,0,0.2009106588549696,True,42,44,166,/Users/neda/Documents/workspace2/DissertationProject/util/Python/zulip/email_mirror/email_mirror
e3e52e7284,/Users/neda/Documents/workspace2/DissertationProject/util/Python/zulip/email_mirror/email_mirror@9866124b78@Sun Mar 19 21:02:30 2017 -0700.py,ZulipEmailForwardError,2,0,0,0,0.2009106588549696,True,43,44,166,/Users/neda/Documents/workspace2/DissertationProject/util/Python/zulip/email_mirror/email_mirror
abc2ff4a06,/Users/neda/Documents/workspace2/DissertationProject/util/Python/zulip/response/response@2080ff6c2a@Tue Jul 12 18:40:01 2016 +0530.py,HttpResponseUnauthorized,2,0,0,0,0.23076318223866782,True,15,17,34,/Users/neda/Documents/workspace2/DissertationProject/util/Python/zulip/response/response
abc2ff4a06,/Users/neda/Documents/workspace2/DissertationProject/util/Python/zulip/response/response@0689485666@Fri Jul 29 15:42:48 2016 -0700.py,HttpResponseUnauthorized,2,0,0,0,0.22171652930787988,True,16,17,34,/Users/neda/Documents/workspace2/DissertationProject/util/Python/zulip/response/response
abc2ff4a06,/Users/neda/Documents/workspace2/DissertationProject/util/Python/zulip/response/response@abc2ff4a06@Sat Dec 3 01:04:17 2016 +0200.py,HttpResponseUnauthorized,2,0,0,0,0.22550340293379142,True,17,17,34,/Users/neda/Documents/workspace2/DissertationProject/util/Python/zulip/response/response
abc2ff4a06,/Users/neda/Documents/workspace2/DissertationProject/util/Python/zulip/response/response@0917493588@Wed Dec 21 12:17:53 2016 +0000.py,HttpResponseUnauthorized,2,0,0,0,0.22988230362553075,True,18,17,34,/Users/neda/Documents/workspace2/DissertationProject/util/Python/zulip/response/response
e6ab93a4c4,/Users/neda/Documents/workspace2/DissertationProject/util/Python/zulip/bitbucket2/bitbucket2@07a74a8d9c@Sun Dec 4 11:45:46 2016 -0600.py,UnknownTriggerType,2,0,0,0,0.22550340293379142,True,19,21,22,/Users/neda/Documents/workspace2/DissertationProject/util/Python/zulip/bitbucket2/bitbucket2
e6ab93a4c4,/Users/neda/Documents/workspace2/DissertationProject/util/Python/zulip/bitbucket2/bitbucket2@6d1cb44bd4@Thu Dec 29 16:56:16 2016 +0100.py,UnknownTriggerType,2,0,0,0,0.222467877496015,True,20,21,22,/Users/neda/Documents/workspace2/DissertationProject/util/Python/zulip/bitbucket2/bitbucket2
e6ab93a4c4,/Users/neda/Documents/workspace2/DissertationProject/util/Python/zulip/bitbucket2/bitbucket2@e6ab93a4c4@Wed Jan 11 14:17:41 2017 +0100.py,UnknownTriggerType,2,0,0,0,0.22042688779421668,True,21,21,22,/Users/neda/Documents/workspace2/DissertationProject/util/Python/zulip/bitbucket2/bitbucket2
9a9de156c3,/Users/neda/Documents/workspace2/DissertationProject/util/Python/zulip/view/view@ab8aae6d0c@Fri Apr 19 17:32:41 2019 -0230.py,UnknownEventType,2,0,0,0,0.20306024892981403,True,301,303,461,/Users/neda/Documents/workspace2/DissertationProject/util/Python/zulip/view/view
8e47dc73bd,/Users/neda/Documents/workspace2/DissertationProject/util/Python/zulip/cache/cache@4d543217ba@Fri May 5 18:19:11 2017 +0500.py,NotFoundInCache,2,0,0,0,0.20292364256027787,True,117,119,211,/Users/neda/Documents/workspace2/DissertationProject/util/Python/zulip/cache/cache
8e47dc73bd,/Users/neda/Documents/workspace2/DissertationProject/util/Python/zulip/cache/cache@821be4519c@Sun May 7 20:32:58 2017 +0530.py,NotFoundInCache,2,0,0,0,0.20292364256027787,True,118,119,211,/Users/neda/Documents/workspace2/DissertationProject/util/Python/zulip/cache/cache
8e47dc73bd,/Users/neda/Documents/workspace2/DissertationProject/util/Python/zulip/cache/cache@8e47dc73bd@Tue May 9 21:54:49 2017 -0700.py,NotFoundInCache,2,0,0,0,0.20292364256027787,True,119,119,211,/Users/neda/Documents/workspace2/DissertationProject/util/Python/zulip/cache/cache
8e47dc73bd,/Users/neda/Documents/workspace2/DissertationProject/util/Python/zulip/cache/cache@0990246289@Tue May 9 22:09:28 2017 -0700.py,NotFoundInCache,2,0,0,0,0.20292364256027787,True,120,119,211,/Users/neda/Documents/workspace2/DissertationProject/util/Python/zulip/cache/cache
dc37e3f72c,/Users/neda/Documents/workspace2/DissertationProject/util/Python/zulip/0060_move_avatars_to_be_uid_based/0060_move_avatars_to_be_uid_based@4975122338@Thu Sep 28 06:48:34 2017 +0200.py,MissingAvatarException,2,0,0,0,0.1962129244116821,True,4,6,14,/Users/neda/Documents/workspace2/DissertationProject/util/Python/zulip/0060_move_avatars_to_be_uid_based/0060_move_avatars_to_be_uid_based
dc37e3f72c,/Users/neda/Documents/workspace2/DissertationProject/util/Python/zulip/0060_move_avatars_to_be_uid_based/0060_move_avatars_to_be_uid_based@4975122338@Thu Sep 28 06:48:34 2017 +0200.py,Migration,2,2,2,1.0,0.1962129244116821,False,4,6,14,/Users/neda/Documents/workspace2/DissertationProject/util/Python/zulip/0060_move_avatars_to_be_uid_based/0060_move_avatars_to_be_uid_based
dc37e3f72c,/Users/neda/Documents/workspace2/DissertationProject/util/Python/zulip/0060_move_avatars_to_be_uid_based/0060_move_avatars_to_be_uid_based@c2a5b5f160@Thu Oct 26 11:36:30 2017 +0200.py,MissingAvatarException,2,0,0,0,0.18080964634517122,True,5,6,14,/Users/neda/Documents/workspace2/DissertationProject/util/Python/zulip/0060_move_avatars_to_be_uid_based/0060_move_avatars_to_be_uid_based
dc37e3f72c,/Users/neda/Documents/workspace2/DissertationProject/util/Python/zulip/0060_move_avatars_to_be_uid_based/0060_move_avatars_to_be_uid_based@c2a5b5f160@Thu Oct 26 11:36:30 2017 +0200.py,Migration,2,2,2,1.0,0.18080964634517122,False,5,6,14,/Users/neda/Documents/workspace2/DissertationProject/util/Python/zulip/0060_move_avatars_to_be_uid_based/0060_move_avatars_to_be_uid_based
dc37e3f72c,/Users/neda/Documents/workspace2/DissertationProject/util/Python/zulip/0060_move_avatars_to_be_uid_based/0060_move_avatars_to_be_uid_based@dc37e3f72c@Thu Nov 2 09:17:27 2017 +0100.py,MissingAvatarException,2,0,0,0,0.1918619822572391,True,6,6,14,/Users/neda/Documents/workspace2/DissertationProject/util/Python/zulip/0060_move_avatars_to_be_uid_based/0060_move_avatars_to_be_uid_based
dc37e3f72c,/Users/neda/Documents/workspace2/DissertationProject/util/Python/zulip/0060_move_avatars_to_be_uid_based/0060_move_avatars_to_be_uid_based@dc37e3f72c@Thu Nov 2 09:17:27 2017 +0100.py,Migration,2,2,2,1.0,0.1918619822572391,False,6,6,14,/Users/neda/Documents/workspace2/DissertationProject/util/Python/zulip/0060_move_avatars_to_be_uid_based/0060_move_avatars_to_be_uid_based
dc37e3f72c,/Users/neda/Documents/workspace2/DissertationProject/util/Python/zulip/0060_move_avatars_to_be_uid_based/0060_move_avatars_to_be_uid_based@38e97089fc@Wed Nov 15 15:44:00 2017 -0800.py,MissingAvatarException,2,0,0,0,0.19577165233175456,True,7,6,14,/Users/neda/Documents/workspace2/DissertationProject/util/Python/zulip/0060_move_avatars_to_be_uid_based/0060_move_avatars_to_be_uid_based
dc37e3f72c,/Users/neda/Documents/workspace2/DissertationProject/util/Python/zulip/0060_move_avatars_to_be_uid_based/0060_move_avatars_to_be_uid_based@38e97089fc@Wed Nov 15 15:44:00 2017 -0800.py,Migration,2,2,2,1.0,0.19577165233175456,False,7,6,14,/Users/neda/Documents/workspace2/DissertationProject/util/Python/zulip/0060_move_avatars_to_be_uid_based/0060_move_avatars_to_be_uid_based
dc37e3f72c,/Users/neda/Documents/workspace2/DissertationProject/util/Python/zulip/0032_verify_all_medium_avatar_images/0032_verify_all_medium_avatar_images@4975122338@Thu Sep 28 06:48:34 2017 +0200.py,Migration,2,2,2,1.0,0.1962129244116821,False,2,4,13,/Users/neda/Documents/workspace2/DissertationProject/util/Python/zulip/0032_verify_all_medium_avatar_images/0032_verify_all_medium_avatar_images
dc37e3f72c,/Users/neda/Documents/workspace2/DissertationProject/util/Python/zulip/0032_verify_all_medium_avatar_images/0032_verify_all_medium_avatar_images@c2a5b5f160@Thu Oct 26 11:36:30 2017 +0200.py,Migration,2,2,2,1.0,0.18080964634517122,False,3,4,13,/Users/neda/Documents/workspace2/DissertationProject/util/Python/zulip/0032_verify_all_medium_avatar_images/0032_verify_all_medium_avatar_images
dc37e3f72c,/Users/neda/Documents/workspace2/DissertationProject/util/Python/zulip/0032_verify_all_medium_avatar_images/0032_verify_all_medium_avatar_images@dc37e3f72c@Thu Nov 2 09:17:27 2017 +0100.py,Migration,2,2,2,1.0,0.1918619822572391,False,4,4,13,/Users/neda/Documents/workspace2/DissertationProject/util/Python/zulip/0032_verify_all_medium_avatar_images/0032_verify_all_medium_avatar_images
dc37e3f72c,/Users/neda/Documents/workspace2/DissertationProject/util/Python/zulip/0032_verify_all_medium_avatar_images/0032_verify_all_medium_avatar_images@38e97089fc@Wed Nov 15 15:44:00 2017 -0800.py,Migration,2,2,2,1.0,0.19577165233175456,False,5,4,13,/Users/neda/Documents/workspace2/DissertationProject/util/Python/zulip/0032_verify_all_medium_avatar_images/0032_verify_all_medium_avatar_images
f63ee86730,/Users/neda/Documents/workspace2/DissertationProject/util/Python/zulip/__init__/__init__@748fb9afe5@Fri Jul 18 00:16:14 2014 -0400.py,PrincipalError,3,2,4,0.5,0.14432370642167772,False,543,545,1278,/Users/neda/Documents/workspace2/DissertationProject/util/Python/zulip/__init__/__init__
f63ee86730,/Users/neda/Documents/workspace2/DissertationProject/util/Python/zulip/__init__/__init__@f63ee86730@Wed Oct 29 17:01:15 2014 -0700.py,PrincipalError,3,2,4,0.5,0.14432370642167772,False,545,545,1278,/Users/neda/Documents/workspace2/DissertationProject/util/Python/zulip/__init__/__init__
f63ee86730,/Users/neda/Documents/workspace2/DissertationProject/util/Python/zulip/__init__/__init__@439b86fe3b@Wed Jan 28 23:59:41 2015 -0800.py,PrincipalError,3,2,4,0.5,0.14432370642167772,False,546,545,1278,/Users/neda/Documents/workspace2/DissertationProject/util/Python/zulip/__init__/__init__
f7878a61e1,/Users/neda/Documents/workspace2/DissertationProject/util/Python/zulip/timeout/timeout@2059f650ab@Mon Jan 25 14:42:16 2016 -0800.py,TimeoutExpired,2,0,0,0,0.16779168146949294,True,6,5,24,/Users/neda/Documents/workspace2/DissertationProject/util/Python/zulip/timeout/timeout
f7878a61e1,/Users/neda/Documents/workspace2/DissertationProject/util/Python/zulip/timeout/timeout@2059f650ab@Mon Jan 25 14:42:16 2016 -0800.py,TimeoutThread,3,0,0,0,0.16779168146949294,True,6,5,24,/Users/neda/Documents/workspace2/DissertationProject/util/Python/zulip/timeout/timeout
b59b5cac35,/Users/neda/Documents/workspace2/DissertationProject/util/Python/zulip/__init__/__init__@da5fe944e1@Wed Sep 23 09:18:33 2015 -0700.py,PrincipalError,3,2,4,0.5,0.16377089491209415,False,586,588,1278,/Users/neda/Documents/workspace2/DissertationProject/util/Python/zulip/__init__/__init__
b59b5cac35,/Users/neda/Documents/workspace2/DissertationProject/util/Python/zulip/__init__/__init__@b59b5cac35@Fri Sep 25 20:25:06 2015 -0700.py,PrincipalError,3,2,4,0.5,0.16377089491209415,False,588,588,1278,/Users/neda/Documents/workspace2/DissertationProject/util/Python/zulip/__init__/__init__
b59b5cac35,/Users/neda/Documents/workspace2/DissertationProject/util/Python/zulip/__init__/__init__@bda9d78092@Tue Sep 29 17:58:50 2015 -0700.py,PrincipalError,3,2,4,0.5,0.16377089491209415,False,589,588,1278,/Users/neda/Documents/workspace2/DissertationProject/util/Python/zulip/__init__/__init__
60c4896c3a,/Users/neda/Documents/workspace2/DissertationProject/util/Python/zulip/transfer_uploads_to_s3/transfer_uploads_to_s3@8e7ce7cc79@Tue Jan 14 12:59:46 2020 -0800.py,Command,2,5,4,1.25,0.22035038297719467,False,1,3,6,/Users/neda/Documents/workspace2/DissertationProject/util/Python/zulip/transfer_uploads_to_s3/transfer_uploads_to_s3
60c4896c3a,/Users/neda/Documents/workspace2/DissertationProject/util/Python/zulip/transfer_uploads_to_s3/transfer_uploads_to_s3@365fe0b3d5@Wed Jun 10 15:54:34 2020 -0700.py,Command,2,5,4,1.25,0.20335332663537803,False,2,3,6,/Users/neda/Documents/workspace2/DissertationProject/util/Python/zulip/transfer_uploads_to_s3/transfer_uploads_to_s3
60c4896c3a,/Users/neda/Documents/workspace2/DissertationProject/util/Python/zulip/transfer_uploads_to_s3/transfer_uploads_to_s3@60c4896c3a@Sun Jun 21 13:18:08 2020 +0200.py,Command,2,5,4,1.25,0.21215822065311868,False,3,3,6,/Users/neda/Documents/workspace2/DissertationProject/util/Python/zulip/transfer_uploads_to_s3/transfer_uploads_to_s3
60c4896c3a,/Users/neda/Documents/workspace2/DissertationProject/util/Python/zulip/transfer_uploads_to_s3/transfer_uploads_to_s3@a5dbab8fb0@Tue Sep 1 19:49:02 2020 -0700.py,Command,2,5,4,1.25,0.2182126752876752,False,4,3,6,/Users/neda/Documents/workspace2/DissertationProject/util/Python/zulip/transfer_uploads_to_s3/transfer_uploads_to_s3
c679920c01,/Users/neda/Documents/workspace2/DissertationProject/util/Python/zulip/0101_muted_topic/0101_muted_topic@38e97089fc@Wed Nov 15 15:44:00 2017 -0800.py,Migration,2,2,2,1.0,0.19577165233175456,False,1,3,6,/Users/neda/Documents/workspace2/DissertationProject/util/Python/zulip/0101_muted_topic/0101_muted_topic
c679920c01,/Users/neda/Documents/workspace2/DissertationProject/util/Python/zulip/0101_muted_topic/0101_muted_topic@f0ef335412@Tue May 15 19:11:22 2018 -0700.py,Migration,2,2,2,1.0,0.22589044817305676,False,2,3,6,/Users/neda/Documents/workspace2/DissertationProject/util/Python/zulip/0101_muted_topic/0101_muted_topic
c679920c01,/Users/neda/Documents/workspace2/DissertationProject/util/Python/zulip/0101_muted_topic/0101_muted_topic@c679920c01@Tue Nov 27 11:17:45 2018 -0800.py,Migration,2,2,2,1.0,0.21165203247143038,False,3,3,6,/Users/neda/Documents/workspace2/DissertationProject/util/Python/zulip/0101_muted_topic/0101_muted_topic
c679920c01,/Users/neda/Documents/workspace2/DissertationProject/util/Python/zulip/0101_muted_topic/0101_muted_topic@8e7ce7cc79@Tue Jan 14 12:59:46 2020 -0800.py,Migration,2,2,2,1.0,0.22035038297719467,False,4,3,6,/Users/neda/Documents/workspace2/DissertationProject/util/Python/zulip/0101_muted_topic/0101_muted_topic
d5bb45db60,/Users/neda/Documents/workspace2/DissertationProject/util/Python/zulip/view/view@5b8f38f4e3@Sun Nov 26 20:33:52 2017 -0330.py,UnknownTriggerType,2,0,0,0,0.19105222313917958,True,91,93,461,/Users/neda/Documents/workspace2/DissertationProject/util/Python/zulip/view/view
d5bb45db60,/Users/neda/Documents/workspace2/DissertationProject/util/Python/zulip/view/view@bea653fabc@Wed Nov 29 03:08:11 2017 +0530.py,UnknownEventType,2,0,0,0,0.19105222313917958,True,92,93,461,/Users/neda/Documents/workspace2/DissertationProject/util/Python/zulip/view/view
d5bb45db60,/Users/neda/Documents/workspace2/DissertationProject/util/Python/zulip/view/view@d5bb45db60@Tue Nov 28 14:08:44 2017 -0800.py,UnknownEventType,2,0,0,0,0.19105222313917958,True,93,93,461,/Users/neda/Documents/workspace2/DissertationProject/util/Python/zulip/view/view
a75abe096b,/Users/neda/Documents/workspace2/DissertationProject/util/Python/zulip/0064_sync_uploads_filesize_with_db/0064_sync_uploads_filesize_with_db@4bd28f7ae6@Sat Feb 2 14:53:20 2019 -0800.py,MissingUploadFileException,2,0,0,0,0.19998828459080573,True,3,5,11,/Users/neda/Documents/workspace2/DissertationProject/util/Python/zulip/0064_sync_uploads_filesize_with_db/0064_sync_uploads_filesize_with_db
a75abe096b,/Users/neda/Documents/workspace2/DissertationProject/util/Python/zulip/0064_sync_uploads_filesize_with_db/0064_sync_uploads_filesize_with_db@4bd28f7ae6@Sat Feb 2 14:53:20 2019 -0800.py,Migration,2,2,2,1.0,0.19998828459080573,False,3,5,11,/Users/neda/Documents/workspace2/DissertationProject/util/Python/zulip/0064_sync_uploads_filesize_with_db/0064_sync_uploads_filesize_with_db
a75abe096b,/Users/neda/Documents/workspace2/DissertationProject/util/Python/zulip/0064_sync_uploads_filesize_with_db/0064_sync_uploads_filesize_with_db@e106f95c8b@Thu Jul 25 14:10:40 2019 -1000.py,MissingUploadFileException,2,0,0,0,0.21060484090843895,True,4,5,11,/Users/neda/Documents/workspace2/DissertationProject/util/Python/zulip/0064_sync_uploads_filesize_with_db/0064_sync_uploads_filesize_with_db
a75abe096b,/Users/neda/Documents/workspace2/DissertationProject/util/Python/zulip/0064_sync_uploads_filesize_with_db/0064_sync_uploads_filesize_with_db@e106f95c8b@Thu Jul 25 14:10:40 2019 -1000.py,Migration,2,2,2,1.0,0.21060484090843895,False,4,5,11,/Users/neda/Documents/workspace2/DissertationProject/util/Python/zulip/0064_sync_uploads_filesize_with_db/0064_sync_uploads_filesize_with_db
a75abe096b,/Users/neda/Documents/workspace2/DissertationProject/util/Python/zulip/0064_sync_uploads_filesize_with_db/0064_sync_uploads_filesize_with_db@a75abe096b@Thu Jul 25 21:21:24 2019 -1000.py,MissingUploadFileException,2,0,0,0,0.21060484090843895,True,5,5,11,/Users/neda/Documents/workspace2/DissertationProject/util/Python/zulip/0064_sync_uploads_filesize_with_db/0064_sync_uploads_filesize_with_db
a75abe096b,/Users/neda/Documents/workspace2/DissertationProject/util/Python/zulip/0064_sync_uploads_filesize_with_db/0064_sync_uploads_filesize_with_db@a75abe096b@Thu Jul 25 21:21:24 2019 -1000.py,Migration,2,2,2,1.0,0.21060484090843895,False,5,5,11,/Users/neda/Documents/workspace2/DissertationProject/util/Python/zulip/0064_sync_uploads_filesize_with_db/0064_sync_uploads_filesize_with_db
a75abe096b,/Users/neda/Documents/workspace2/DissertationProject/util/Python/zulip/0064_sync_uploads_filesize_with_db/0064_sync_uploads_filesize_with_db@8e7ce7cc79@Tue Jan 14 12:59:46 2020 -0800.py,MissingUploadFileException,2,0,0,0,0.22035038297719467,True,6,5,11,/Users/neda/Documents/workspace2/DissertationProject/util/Python/zulip/0064_sync_uploads_filesize_with_db/0064_sync_uploads_filesize_with_db
a75abe096b,/Users/neda/Documents/workspace2/DissertationProject/util/Python/zulip/0064_sync_uploads_filesize_with_db/0064_sync_uploads_filesize_with_db@8e7ce7cc79@Tue Jan 14 12:59:46 2020 -0800.py,Migration,2,2,2,1.0,0.22035038297719467,False,6,5,11,/Users/neda/Documents/workspace2/DissertationProject/util/Python/zulip/0064_sync_uploads_filesize_with_db/0064_sync_uploads_filesize_with_db
12756b48a0,/Users/neda/Documents/workspace2/DissertationProject/util/Python/zulip/populate_db/populate_db@d7ee2aced1@Mon May 27 14:29:55 2019 +0530.py,Command,2,5,4,1.25,0.20820949316802534,False,342,341,398,/Users/neda/Documents/workspace2/DissertationProject/util/Python/zulip/populate_db/populate_db
1df6c22df0,/Users/neda/Documents/workspace2/DissertationProject/util/Python/zulip/integrations/integrations@25e3515d9b@Tue May 22 13:14:53 2018 +0530.py,Integration,1,0,2,0,0.2314500041021779,False,205,207,291,/Users/neda/Documents/workspace2/DissertationProject/util/Python/zulip/integrations/integrations
1df6c22df0,/Users/neda/Documents/workspace2/DissertationProject/util/Python/zulip/integrations/integrations@25e3515d9b@Tue May 22 13:14:53 2018 +0530.py,BotIntegration,2,8,14,0.5714285714285714,0.2314500041021779,False,205,207,291,/Users/neda/Documents/workspace2/DissertationProject/util/Python/zulip/integrations/integrations
1df6c22df0,/Users/neda/Documents/workspace2/DissertationProject/util/Python/zulip/integrations/integrations@25e3515d9b@Tue May 22 13:14:53 2018 +0530.py,EmailIntegration,2,1,14,0.07142857142857142,0.2314500041021779,True,205,207,291,/Users/neda/Documents/workspace2/DissertationProject/util/Python/zulip/integrations/integrations
1df6c22df0,/Users/neda/Documents/workspace2/DissertationProject/util/Python/zulip/integrations/integrations@25e3515d9b@Tue May 22 13:14:53 2018 +0530.py,WebhookIntegration,2,3,14,0.21428571428571427,0.2314500041021779,True,205,207,291,/Users/neda/Documents/workspace2/DissertationProject/util/Python/zulip/integrations/integrations
1df6c22df0,/Users/neda/Documents/workspace2/DissertationProject/util/Python/zulip/integrations/integrations@25e3515d9b@Tue May 22 13:14:53 2018 +0530.py,HubotIntegration,2,2,14,0.14285714285714285,0.2314500041021779,True,205,207,291,/Users/neda/Documents/workspace2/DissertationProject/util/Python/zulip/integrations/integrations
1df6c22df0,/Users/neda/Documents/workspace2/DissertationProject/util/Python/zulip/integrations/integrations@25e3515d9b@Tue May 22 13:14:53 2018 +0530.py,GithubIntegration,3,4,9,0.4444444444444444,0.2314500041021779,False,205,207,291,/Users/neda/Documents/workspace2/DissertationProject/util/Python/zulip/integrations/integrations
1df6c22df0,/Users/neda/Documents/workspace2/DissertationProject/util/Python/zulip/integrations/integrations@25e3515d9b@Tue May 22 13:14:53 2018 +0530.py,EmbeddedBotIntegration,2,2,14,0.14285714285714285,0.2314500041021779,True,205,207,291,/Users/neda/Documents/workspace2/DissertationProject/util/Python/zulip/integrations/integrations
1df6c22df0,/Users/neda/Documents/workspace2/DissertationProject/util/Python/zulip/integrations/integrations@1db442acd4@Sun May 27 03:17:38 2018 +0530.py,Integration,1,0,2,0,0.2314500041021779,False,206,207,291,/Users/neda/Documents/workspace2/DissertationProject/util/Python/zulip/integrations/integrations
1df6c22df0,/Users/neda/Documents/workspace2/DissertationProject/util/Python/zulip/integrations/integrations@1db442acd4@Sun May 27 03:17:38 2018 +0530.py,BotIntegration,2,8,14,0.5714285714285714,0.2314500041021779,False,206,207,291,/Users/neda/Documents/workspace2/DissertationProject/util/Python/zulip/integrations/integrations
1df6c22df0,/Users/neda/Documents/workspace2/DissertationProject/util/Python/zulip/integrations/integrations@1db442acd4@Sun May 27 03:17:38 2018 +0530.py,EmailIntegration,2,1,14,0.07142857142857142,0.2314500041021779,True,206,207,291,/Users/neda/Documents/workspace2/DissertationProject/util/Python/zulip/integrations/integrations
1df6c22df0,/Users/neda/Documents/workspace2/DissertationProject/util/Python/zulip/integrations/integrations@1db442acd4@Sun May 27 03:17:38 2018 +0530.py,WebhookIntegration,2,3,14,0.21428571428571427,0.2314500041021779,True,206,207,291,/Users/neda/Documents/workspace2/DissertationProject/util/Python/zulip/integrations/integrations
1df6c22df0,/Users/neda/Documents/workspace2/DissertationProject/util/Python/zulip/integrations/integrations@1db442acd4@Sun May 27 03:17:38 2018 +0530.py,HubotIntegration,2,2,14,0.14285714285714285,0.2314500041021779,True,206,207,291,/Users/neda/Documents/workspace2/DissertationProject/util/Python/zulip/integrations/integrations
1df6c22df0,/Users/neda/Documents/workspace2/DissertationProject/util/Python/zulip/integrations/integrations@1db442acd4@Sun May 27 03:17:38 2018 +0530.py,GithubIntegration,3,4,9,0.4444444444444444,0.2314500041021779,False,206,207,291,/Users/neda/Documents/workspace2/DissertationProject/util/Python/zulip/integrations/integrations
1df6c22df0,/Users/neda/Documents/workspace2/DissertationProject/util/Python/zulip/integrations/integrations@1db442acd4@Sun May 27 03:17:38 2018 +0530.py,EmbeddedBotIntegration,2,2,14,0.14285714285714285,0.2314500041021779,True,206,207,291,/Users/neda/Documents/workspace2/DissertationProject/util/Python/zulip/integrations/integrations
1df6c22df0,/Users/neda/Documents/workspace2/DissertationProject/util/Python/zulip/integrations/integrations@1df6c22df0@Tue May 29 22:10:28 2018 -0230.py,Integration,1,0,2,0,0.2314500041021779,False,207,207,291,/Users/neda/Documents/workspace2/DissertationProject/util/Python/zulip/integrations/integrations
1df6c22df0,/Users/neda/Documents/workspace2/DissertationProject/util/Python/zulip/integrations/integrations@1df6c22df0@Tue May 29 22:10:28 2018 -0230.py,BotIntegration,2,8,14,0.5714285714285714,0.2314500041021779,False,207,207,291,/Users/neda/Documents/workspace2/DissertationProject/util/Python/zulip/integrations/integrations
1df6c22df0,/Users/neda/Documents/workspace2/DissertationProject/util/Python/zulip/integrations/integrations@1df6c22df0@Tue May 29 22:10:28 2018 -0230.py,EmailIntegration,2,1,14,0.07142857142857142,0.2314500041021779,True,207,207,291,/Users/neda/Documents/workspace2/DissertationProject/util/Python/zulip/integrations/integrations
1df6c22df0,/Users/neda/Documents/workspace2/DissertationProject/util/Python/zulip/integrations/integrations@1df6c22df0@Tue May 29 22:10:28 2018 -0230.py,WebhookIntegration,2,3,14,0.21428571428571427,0.2314500041021779,True,207,207,291,/Users/neda/Documents/workspace2/DissertationProject/util/Python/zulip/integrations/integrations
1df6c22df0,/Users/neda/Documents/workspace2/DissertationProject/util/Python/zulip/integrations/integrations@1df6c22df0@Tue May 29 22:10:28 2018 -0230.py,HubotIntegration,2,2,14,0.14285714285714285,0.2314500041021779,True,207,207,291,/Users/neda/Documents/workspace2/DissertationProject/util/Python/zulip/integrations/integrations
1df6c22df0,/Users/neda/Documents/workspace2/DissertationProject/util/Python/zulip/integrations/integrations@1df6c22df0@Tue May 29 22:10:28 2018 -0230.py,GithubIntegration,3,4,9,0.4444444444444444,0.2314500041021779,False,207,207,291,/Users/neda/Documents/workspace2/DissertationProject/util/Python/zulip/integrations/integrations
1df6c22df0,/Users/neda/Documents/workspace2/DissertationProject/util/Python/zulip/integrations/integrations@1df6c22df0@Tue May 29 22:10:28 2018 -0230.py,EmbeddedBotIntegration,2,2,14,0.14285714285714285,0.2314500041021779,True,207,207,291,/Users/neda/Documents/workspace2/DissertationProject/util/Python/zulip/integrations/integrations
b47535d8bb,/Users/neda/Documents/workspace2/DissertationProject/util/Python/zulip/push_notifications/push_notifications@4c1e80032a@Mon Dec 3 12:03:56 2018 -0800.py,PushNotificationBouncerException,2,0,0,0,0.21030393035377795,True,155,157,226,/Users/neda/Documents/workspace2/DissertationProject/util/Python/zulip/push_notifications/push_notifications
b47535d8bb,/Users/neda/Documents/workspace2/DissertationProject/util/Python/zulip/push_notifications/push_notifications@d723dbfef7@Wed Dec 5 10:02:18 2018 -0800.py,PushNotificationBouncerException,2,0,0,0,0.21030393035377795,True,156,157,226,/Users/neda/Documents/workspace2/DissertationProject/util/Python/zulip/push_notifications/push_notifications
b47535d8bb,/Users/neda/Documents/workspace2/DissertationProject/util/Python/zulip/push_notifications/push_notifications@b47535d8bb@Wed Dec 5 10:36:58 2018 -0800.py,PushNotificationBouncerException,2,0,0,0,0.21030393035377795,True,157,157,226,/Users/neda/Documents/workspace2/DissertationProject/util/Python/zulip/push_notifications/push_notifications
b47535d8bb,/Users/neda/Documents/workspace2/DissertationProject/util/Python/zulip/push_notifications/push_notifications@380231af9d@Wed Dec 5 10:44:25 2018 -0800.py,PushNotificationBouncerException,2,0,0,0,0.21030393035377795,True,158,157,226,/Users/neda/Documents/workspace2/DissertationProject/util/Python/zulip/push_notifications/push_notifications
10805abd6e,/Users/neda/Documents/workspace2/DissertationProject/util/Python/zulip/common/common@69730a78cc@Thu Apr 9 20:23:40 2020 -0700.py,MissingHTTPEventHeader,3,0,0,0,0.20335332663537803,True,59,61,67,/Users/neda/Documents/workspace2/DissertationProject/util/Python/zulip/common/common
10805abd6e,/Users/neda/Documents/workspace2/DissertationProject/util/Python/zulip/common/common@f8c95cda51@Tue Apr 21 19:13:37 2020 -0700.py,MissingHTTPEventHeader,3,0,0,0,0.21765905458744117,True,60,61,67,/Users/neda/Documents/workspace2/DissertationProject/util/Python/zulip/common/common
10805abd6e,/Users/neda/Documents/workspace2/DissertationProject/util/Python/zulip/common/common@10805abd6e@Tue Jun 2 21:02:53 2020 -0700.py,MissingHTTPEventHeader,3,0,0,0,0.19522415312570765,True,61,61,67,/Users/neda/Documents/workspace2/DissertationProject/util/Python/zulip/common/common
10805abd6e,/Users/neda/Documents/workspace2/DissertationProject/util/Python/zulip/common/common@6480deaf27@Tue Jun 9 21:40:53 2020 -0700.py,MissingHTTPEventHeader,3,0,0,0,0.20521638918546142,True,62,61,67,/Users/neda/Documents/workspace2/DissertationProject/util/Python/zulip/common/common
28befc78f2,/Users/neda/Documents/workspace2/DissertationProject/util/Python/zulip/actions/actions@69fd967c5d@Thu Jul 20 15:40:11 2017 -0400.py,InvitationError,3,0,0,0,0.184729231063728,True,894,895,1753,/Users/neda/Documents/workspace2/DissertationProject/util/Python/zulip/actions/actions
28befc78f2,/Users/neda/Documents/workspace2/DissertationProject/util/Python/zulip/actions/actions@28befc78f2@Sat Jul 22 17:12:54 2017 +0530.py,InvitationError,3,0,0,0,0.184729231063728,True,895,895,1753,/Users/neda/Documents/workspace2/DissertationProject/util/Python/zulip/actions/actions
28befc78f2,/Users/neda/Documents/workspace2/DissertationProject/util/Python/zulip/actions/actions@b1fba81490@Tue Jul 25 03:25:33 2017 +0530.py,InvitationError,3,0,0,0,0.184729231063728,True,896,895,1753,/Users/neda/Documents/workspace2/DissertationProject/util/Python/zulip/actions/actions
7ecda1ac8e,/Users/neda/Documents/workspace2/DissertationProject/util/Python/zulip/streams/streams@bb86bba20d@Wed Jan 11 16:41:16 2017 -0800.py,PrincipalError,3,3,5,0.6,0.22077274479144982,False,48,50,259,/Users/neda/Documents/workspace2/DissertationProject/util/Python/zulip/streams/streams
7ecda1ac8e,/Users/neda/Documents/workspace2/DissertationProject/util/Python/zulip/streams/streams@8ba7d2080c@Sat Jan 21 20:11:53 2017 -0800.py,PrincipalError,3,3,5,0.6,0.22042688779421668,False,49,50,259,/Users/neda/Documents/workspace2/DissertationProject/util/Python/zulip/streams/streams
7ecda1ac8e,/Users/neda/Documents/workspace2/DissertationProject/util/Python/zulip/streams/streams@7ecda1ac8e@Sun Jan 22 20:22:40 2017 -0800.py,PrincipalError,3,3,5,0.6,0.22077274479144982,False,50,50,259,/Users/neda/Documents/workspace2/DissertationProject/util/Python/zulip/streams/streams
7ecda1ac8e,/Users/neda/Documents/workspace2/DissertationProject/util/Python/zulip/streams/streams@22d1aa396b@Mon Jan 23 20:50:04 2017 -0800.py,PrincipalError,3,3,5,0.6,0.22042688779421668,False,51,50,259,/Users/neda/Documents/workspace2/DissertationProject/util/Python/zulip/streams/streams
e124837cdc,/Users/neda/Documents/workspace2/DissertationProject/util/Python/zulip/send_password_reset_email/send_password_reset_email@2ada0a9bad@Wed Aug 14 10:48:54 2019 -0700.py,Command,2,5,4,1.25,0.21470750712365608,False,29,30,34,/Users/neda/Documents/workspace2/DissertationProject/util/Python/zulip/send_password_reset_email/send_password_reset_email
e124837cdc,/Users/neda/Documents/workspace2/DissertationProject/util/Python/zulip/send_password_reset_email/send_password_reset_email@e124837cdc@Fri Nov 15 16:42:36 2019 -0800.py,Command,2,5,4,1.25,0.22491902141525646,False,30,30,34,/Users/neda/Documents/workspace2/DissertationProject/util/Python/zulip/send_password_reset_email/send_password_reset_email
e124837cdc,/Users/neda/Documents/workspace2/DissertationProject/util/Python/zulip/send_password_reset_email/send_password_reset_email@8e7ce7cc79@Tue Jan 14 12:59:46 2020 -0800.py,Command,2,5,4,1.25,0.22035038297719467,False,31,30,34,/Users/neda/Documents/workspace2/DissertationProject/util/Python/zulip/send_password_reset_email/send_password_reset_email
43abd83d1c,/Users/neda/Documents/workspace2/DissertationProject/util/Python/zulip/__init__/__init__@85809e6140@Mon Oct 26 12:11:44 2015 -0400.py,PrincipalError,3,2,4,0.5,0.15665042122026396,False,598,600,1278,/Users/neda/Documents/workspace2/DissertationProject/util/Python/zulip/__init__/__init__
43abd83d1c,/Users/neda/Documents/workspace2/DissertationProject/util/Python/zulip/__init__/__init__@43abd83d1c@Sun Nov 1 08:10:46 2015 -0800.py,PrincipalError,3,2,4,0.5,0.15665042122026396,False,600,600,1278,/Users/neda/Documents/workspace2/DissertationProject/util/Python/zulip/__init__/__init__
